2016-04-18T12:00:23.220315Z   1/3076007:19773          0          0          0          0          0          0          0          0          0          0          0          0          0          0          0          0          0          0          0          0          0          0          0          0          0          0          0          0          0          0          0          0          0          0          0          0          0          0          0          0          0          0          0          0          0          0          0          0          0          0          0          0          0          0          0          0          0          0          0          0          0          0          0          0          0          0          0          0          0          0          0          0          0          0          0          0          0          0          0          0          0          0          0          0          0          0          0                    0          0          0          0          0          0          0          0          0          0          0          0          0          0          0          0          0          0          0 0          0          0          0          0          0          0          0          0          0          0          0          0          0          0          0          0          0          0          0          0          0          0          0          0          0 0          0         11         53    3075984     605858        239 -14.8285999999999940 -14.6924000000000200 -16.2347999999999930 -19.5634477767811750 -17.5224332564316700 -16.9906789227744920 0.000000000000000000 3.368742368739000000 -0.02150000000000001 -0.03190000000000001 -0.01100000000000001 0.009999999999999995 0.020299999999999990 0.009540000000000002 0.047236000000000000 3.382173382170000000 1 1 0 1 1 1 1 1 1 1 1 1 1 1 1 1 1 0 0 0 0 0 1 1 1 0 0       3209         12         39    3075984     613496        239         87          0          0          0        255         14    3075434      82917          4       1986         13         54    3075984     614214        239      36622      10190          5          0          0          0          0          0          0         12          3          0          0          0          0          0          0          0       1331 
2016-04-18T12:00:53.219866Z   1/3076037:19773          0          0          0          0          0          0          0          0          0          0          0          0          0          0          0          0          0          0          0          0          0          0          0          0          0          0          0          0          0          0          0          0          0          0          0          0          0          0          0          0          0          0          0          0          0          0          0          0          0          0          0          0          0          0          0          0          0          0          0          0          0          0          0          0          0          0          0          0          0          0          0          0          0          0          0          0          0          0          0          0          0          0          0          0          0          0          0                    0          0          0          0          0          0          0          0          0          0          0          0          0          0          0          0          0          0          0 0          0          0          0          0          0          0          0          0          0          0          0          0          0          0          0          0          0          0          0          0          0          0          0          0          0 0          0         11         53    3076014     605858        240 -14.6924000000000200 -14.6924000000000200 -16.2347999999999930 -19.5634477767811750 -17.5669812904389180 -16.9906789227744920 0.000000000000000000 3.368742368739000000 -0.02150000000000001 -0.02120000000000001 -0.02160000000000001 0.010899999999999993 0.020299999999999990 0.007940000000000001 0.047236000000000000 3.382173382170000000 1 1 0 1 1 1 1 1 1 1 1 1 1 1 1 1 1 0 0 0 0 0 1 1 1 0 0       3460         12         39    3076014     613579        240         87          0          0          0        255         14    3075434      82917          4       2100         13         54    3076014     614297        240      36774      10190          5          0          0          0          0          0          0         12          0          0          0          0          0          0          0          0       1594 
2016-04-18T12:01:23.219416Z   1/3076067:19773          0          0          0          0          0          0          0          0          0          0          0          0          0          0          0          0          0          0          0          0          0          0          0          0          0          0          0          0          0          0          0          0          0          0          0          0          0          0          0          0          0          0          0          0          0          0          0          0          0          0          0          0          0          0          0          0          0          0          0          0          0          0          0          0          0          0          0          0          0          0          0          0          0          0          0          0          0          0          0          0          0          0          0          0          0          0          0                    0          0          0          0          0         10         21    3076034     134995         15          4          0          0          0          0          0          0          0          0 0          0          0          0          0          0          0          0          0          0          0          0          0          0          0          0          0          0          0          0          0          0          0          0          0          0 0        629         11         53    3076044     605858        241 -14.8285999999999940 -14.6924000000000200 -16.1627000000000000 -19.6096580201592300 -17.6115656374578860 -17.0347934164591380 0.000000000000000000 3.367521367518000000 -0.02150000000000001 -0.04260000000000001 -0.03220000000000001 0.010299999999999990 0.019699999999999990 0.008420000000000002 0.046821250000000000 3.380952380949000000 1 1 0 1 1 1 1 1 1 1 1 1 1 1 1 1 1 0 0 0 0 0 1 1 1 0 0       3492         12         39    3076044     613808        241         87          0          0          0        255         15    3076034     134995          4       1999         13         54    3076044     614532        241      36947      11044          5          0          0          0          0          0          0         13          1          0          0          0          0          0          0          0       1359 
2016-04-18T12:01:53.218967Z   1/3076097:19773          0          0          0          0          0          0          0          0          0          0          0          0          0          0          0          0          0          0          0          0          0          0          0          0          0          0          0          0          0          0          0          0          0          0          0          0          0          0          0          0          0          0          0          0          0          0          0          0          0          0          0          0          0          0          0          0          0          0          0          0          0          0          0          0          0          0          0          0          0          0          0          0          0          0          0          0          0          0          0          0          0          0          0          0          0          0          0                    0          0          0          0          0          0          0          0          0          0          0          0          0          0          0          0          0          0          0 0          0          0          0          0          0          0          0          0          0          0          0          0          0          0          0          0          0          0          0          0          0          0          0          0          0 0          0         11         53    3076074     605858        242 -14.8285999999999940 -14.6924000000000200 -16.2347999999999930 -19.6096580201592300 -17.6115656374578860 -17.0347934164591380 0.000000000000000000 3.367521367518000000 -0.02150000000000001 -0.03190000000000001 -0.01100000000000001 0.009099999999999990 0.021199999999999990 0.008220000000000000 0.048203750000000000 3.382173382170000000 1 1 0 1 1 1 1 1 1 1 1 1 1 1 1 1 1 0 0 0 0 0 1 1 1 0 0       3534         12         39    3076074     613743        242         87          0          0          0        255         15    3076034     134995          4       1965         13         54    3076074     614461        242      37099      11044          5          0          0          0          0          0          0         13          1          0          0          0          0          0          0          0       1471 
2016-04-18T12:02:23.218518Z   1/3076127:19773          0          0          0          0          0          0          0          0          0          0          0          0          0          0          0          0          0          0          0          0          0          0          0          0          0          0          0          0          0          0          0          0          0          0          0          0          0          0          0          0          0          0          0          0          0          0          0          0          0          0          0          0          0          0          0          0          0          0          0          0          0          0          0          0          0          0          0          0          0          0          0          0          0          0          0          0          0          0          0          0          0          0          0          0          0          0          0                    0          0          0          0          0          0          0          0          0          0          0          0          0          0          0          0          0          0          0 0          0          0          0          0          0          0          0          0          0          0          0          0          0          0          0          0          0          0          0          0          0          0          0          0          0 0          0         11         53    3076104     605858        243 -14.8285999999999940 -14.6924000000000200 -16.2347999999999930 -19.6096580201592300 -17.6115656374578860 -17.0347934164591380 0.000000000000000000 3.368742368739000000 -0.02150000000000001 -0.03190000000000001 -0.02160000000000001 0.009999999999999995 0.019399999999999994 0.008580000000000003 0.046821250000000000 3.382173382170000000 1 1 0 1 1 1 1 1 1 1 1 1 1 1 1 1 1 0 0 0 0 0 1 1 1 0 0       3306         12         39    3076104     613826        243         87          0          0          0        255         15    3076034     134995          4       1824         13         54    3076104     614544        243      37251      11044          5          0          0          0          0          0          0         13          3          0          0          0          0          0          0          0       1229 
2016-04-18T12:02:53.218069Z   1/3076157:19773          0          0          0          0          0          0          0          0          0          0          0          0          0          0          0          0          0          0          0          0          0          0          0          0          0          0          0          0          0          0          0          0          0          0          0          0          0          0          0          0          0          0          0          0          0          0          0          0          0          0          0          0          0          0          0          0          0          0          0          0          0          0          0          0          0          0          0          0          0          0          0          0          0          0          0          0          0          0          0          0          0          0          0          0          0          0          0                    0          0          0          0          0          0          0          0          0          0          0          0          0          0          0          0          0          0          0 0          0          0          0          0          0          0          0          0          0          0          0          0          0          0          0          0          0          0          0          0          0          0          0          0          0 0          0         11         53    3076134     605858        244 -14.9648000000000250 -14.6924000000000200 -16.2347999999999930 -19.6559058549054840 -17.6115656374578860 -17.0789438822604600 0.000000000000000000 3.367521367518000000 -0.02150000000000001 -0.02120000000000001 -0.03220000000000001 0.011199999999999995 0.021500000000000000 0.008540000000000000 0.048065500000000004 3.380952380949000000 1 1 0 1 1 1 1 1 1 1 1 1 1 1 1 1 1 0 0 0 0 0 1 1 1 0 0       3355         12         39    3076134     613910        244         87          0          0          0        255         15    3076034     134995          4       1684         13         54    3076134     614628        244      37403      11044          5          0          0          0          0          0          0         13          1          0          0          0          0          0          0          0       1239 
2016-04-18T12:03:23.217620Z   1/3076187:19773          0          0          0          0          0          0          0          0          0          0          0          0          0          0          0          0          0          0          0          0          0          0          0          0          0          0          0          0          0          0          0          0          0          0          0          0          0          0          0          0          0          0          0          0          0          0          0          0          0          0          0          0          0          0          0          0          0          0          0          0          0          0          0          0          0          0          0          0          0          0          0          0          0          0          0          0          0          0          0          0          0          0          0          0          0          0          0                    0          0          0          0          0          0          0          0          0          0          0          0          0          0          0          0          0          0          0 0          0          0          0          0          0          0          0          0          0          0          0          0          0          0          0          0          0          0          0          0          0          0          0          0          0 0          0         11         53    3076164     605858        245 -14.9648000000000250 -14.6924000000000200 -16.2347999999999930 -19.6559058549054840 -17.6561863258965000 -17.1231303485862720 0.000000000000000000 3.367521367518000000 -0.02150000000000001 -0.02120000000000001 -0.03220000000000001 0.009999999999999995 0.019699999999999990 0.008140000000000000 0.047789000000000005 3.380952380949000000 1 1 0 1 1 1 1 1 1 1 1 1 1 1 1 1 1 0 0 0 0 0 1 1 1 0 0       3366         12         39    3076164     613993        245         87          0          0          0        255         15    3076034     134995          4       1798         13         54    3076164     614711        245      37555      11044          5          0          0          0          0          0          0         13          0          0          0          0          0          0          0          0       1249 
2016-04-18T12:03:53.217171Z   1/3076217:19773          0          0          0          0          0          0          0          0          0          0          0          0          0          0          0          0          0          0          0          0          0          0          0          0          0          0          0          0          0          0          0          0          0          0          0          0          0          0          0          0          0          0          0          0          0          0          0          0          0          0          0          0          0          0          0          0          0          0          0          0          0          0          0          0          0          0          0          0          0          0          0          0          0          0          0          0          0          0          0          0          0          0          0          0          0          0          0                    0          0          0          0          0          0          0          0          0          0          0          0          0          0          0          0          0          0          0 0          0          0          0          0          0          0          0          0          0          0          0          0          0          0          0          0          0          0          0          0          0          0          0          0          0 0          0         11         53    3076194     605858        246 -14.8285999999999940 -14.6924000000000200 -16.3069000000000000 -19.6559058549054840 -17.6561863258965000 -17.1231303485862720 0.000000000000000000 3.368742368739000000 -0.01100000000000000 -0.02120000000000001 -0.02160000000000001 0.010599999999999991 0.020299999999999990 0.008860000000000002 0.047650750000000000 3.382173382170000000 1 1 0 1 1 1 1 1 1 1 1 1 1 1 1 1 1 0 0 0 0 0 1 1 1 0 0       3424         12         39    3076194     614075        246         87          0          0          0        255         15    3076034     134995          4       1911         13         54    3076194     614793        246      37707      11044          5          0          0          0          0          0          0         13          3          0          0          0          0          0          0          0       1262 
2016-04-18T12:04:23.216722Z   1/3076247:19773          0          0          0          0          0          0          0          0          0          0          0          0          0          0          0          0          0          0          0          0          0          0          0          0          0          0          0          0          0          0          0          0          0          0          0          0          0          0          0          0          0          0          0          0          0          0          0          0          0          0          0          0          0          0          0          0          0          0          0          0          0          0          0          0          0          0          0          0          0          0          0          0          0          0          0          0          0          0          0          0          0          0          0          0          0          0          0                    0          0          0          0          0          0          0          0          0          0          0          0          0          0          0          0          0          0          0 0          0          0          0          0          0          0          0          0          0          0          0          0          0          0          0          0          0          0          0          0          0          0          0          0          0 0          0         11         53    3076224     605893        247 -14.8285999999999940 -14.8285999999999940 -16.3789999999999900 -19.7021913094278900 -17.7008433841626800 -17.1231303485862720 0.000000000000000000 3.368742368739000000 -0.01100000000000000 -0.02120000000000001 -0.02160000000000001 0.010299999999999990 0.021199999999999990 0.007900000000000003 0.046959500000000000 3.382173382170000000 1 1 0 1 1 1 1 1 1 1 1 1 1 1 1 1 1 0 0 0 0 0 1 1 1 0 0       3465         12         39    3076224     614159        247         87          0          0          0        255         15    3076034     134995          4       1771         13         54    3076224     614877        247      37859      11044          5          0          0          0          0          0          0         13          1          0          0          0          0          0          0          0       1527 
2016-04-18T12:04:53.216273Z   1/3076277:19773          0          0          0          0          0          0          0          0          0          0          0          0          0          0          0          0          0          0          0          0          0          0          0          0          0          0          0          0          0          0          0          0          0          0          0          0          0          0          0          0          0          0          0          0          0          0          0          0          0          0          0          0          0          0          0          0          0          0          0          0          0          0          0          0          0          0          0          0          0          0          0          0          0          0          0          0          0          0          0          0          0          0          0          0          0          0          0                    0          0          0          0          0          0          0          0          0          0          0          0          0          0          0          0          0          0          0 0          0          0          0          0          0          0          0          0          0          0          0          0          0          0          0          0          0          0          0          0          0          0          0          0          0 0          0         11         53    3076254     605893        248 -14.9648000000000250 -14.8285999999999940 -16.3069000000000000 -19.7485144121344260 -17.7008433841626800 -17.1673528438446680 0.000000000000000000 3.368742368739000000 -0.02150000000000001 -0.02120000000000001 -0.03220000000000001 0.010599999999999991 0.019999999999999997 0.008540000000000000 0.047236000000000000 3.382173382170000000 1 1 0 1 1 1 1 1 1 1 1 1 1 1 1 1 1 0 0 0 0 0 1 1 1 0 0       3509         12         39    3076254     614241        248         87          0          0          0        255         15    3076034     134995          4       1884         13         54    3076254     614959        248      38011      11044          5          0          0          0          0          0          0         13          3          0          0          0          0          0          0          0       1284 
2016-04-18T12:05:19.215884Z   1/3076303:19773          0          0          0          0          0          0          0          0          0          0          0          0          0          0          0          0          0          0          0          0          0          0          0          0          0          0          0          0          0          0          0          0          0          0          0          0          0          0          0          0          0          0          0          0          0          0          0          0          0          0          0          0          0          0          0          0          0          0          0          0          0          0          0          0          0          0          0          0          0          0          0          0          0          0          0          0          0          0          0          0          0          0          0          0          0          0          0                    0          0          0          0          0          0          0          0          0          0          0          0          0          0          0          0          0          0          0 0          0          0          0          0          0          0          0          0          0          0          0          0          0          0          0          0          0          0          0          0          0          0          0          0          0 0          0         11         53    3076284     605900        249 -14.9648000000000250 -14.9648000000000250 -16.3789999999999900 -19.7485144121344260 -17.7008433841626800 -17.1673528438446680 0.000000000000000000 3.367521367518000000 -0.02150000000000001 -0.04260000000000001 -0.03220000000000001 0.009399999999999992 0.021500000000000000 0.008700000000000001 0.047650750000000000 3.380952380949000000 1 1 0 1 1 1 1 1 1 1 1 1 1 1 1 1 1 0 0 0 0 0 1 1 1 0 0       3551         12         39    3076284     614324        249         87          0          0          0        255         15    3076034     134995          4       1998         13         54    3076284     615042        249      38163      11044          5          0          0          0          0          0          0         13          1          0          0          0          0          0          0          0       1293 
2016-04-18T12:05:49.215435Z   1/3076333:19773          0          0          0          0          0          0          0          0          0          0          0          0          0          0          0          0          0          0          0          0          0          0          0          0          0          0          0          0          0          0          0          0          0          0          0          0          0          0          0          0          0          0          0          0          0          0          0          0          0          0          0          0          0          0          0          0          0          0          0          0          0          0          0          0          0          0          0          0          0          0          0          0          0          0          0          0          0          0          0          0          0          0          0          0          0          0          0                    0          0          0          0          0          0          0          0          0          0          0          0          0          0          0          0          0          0          0 0          0          0          0          0          0          0          0          0          0          0          0          0          0          0          0          0          0          0          0          0          0          0          0          0          0 0          0         11         53    3076314     605859        250 -14.9648000000000250 -14.9648000000000250 -16.4510999999999970 -19.7485144121344260 -17.7455368406643570 -17.1673528438446680 0.000000000000000000 3.367521367518000000 -0.02150000000000001 -0.03190000000000001 -0.02160000000000001 0.010899999999999993 0.020299999999999990 0.008660000000000003 0.047789000000000005 3.382173382170000000 1 1 0 1 1 1 1 1 1 1 1 1 1 1 1 1 1 0 0 0 0 0 1 1 1 0 0       3547         12         39    3076314     614401        250         87          0          0          0        255         15    3076034     134995          4       1851         13         54    3076314     615119        250      38315      11044          5          0          0          0          0          0          0         13          0          0          0          0          0          0          0          0       1552 
2016-04-18T12:06:19.214986Z   1/3076363:19773          0          0          0          0          0          0          0          0          0          0          0          0          0          0          0          0          0          0          0          0          0          0          0          0          0          0          0          0          0          0          0          0          0          0          0          0          0          0          0          0          0          0          0          0          0          0          0          0          0          0          0          0          0          0          0          0          0          0          0          0          0          0          0          0          0          0          0          0          0          0          0          0          0          0          0          0          0          0          0          0          0          0          0          0          0          0          0                    0          0          0          0          0          0          0          0          0          0          0          0          0          0          0          0          0          0          0 0          0          0          0          0          0          0          0          0          0          0          0          0          0          0          0          0          0          0          0          0          0          0          0          0          0 0          0         11         53    3076344     605858        251 -14.9648000000000250 -14.8285999999999940 -16.5232000000000030 -19.7948751914329650 -17.7455368406643570 -17.2116113964434020 0.000000000000000000 3.367521367518000000 -0.03200000000000000 -0.02120000000000001 -0.02160000000000001 0.010599999999999991 0.019999999999999997 0.008780000000000001 0.047512500000000000 3.382173382170000000 1 1 0 1 1 1 1 1 1 1 1 1 1 1 1 1 1 0 0 0 0 0 1 1 1 0 0       3580         12         39    3076344     613488        251         87          0          0          0        255         15    3076034     134995          4       1989         13         54    3076344     614206        251      38467      11044          5          0          0          0          0          0          0         13          1          0          0          0          0          0          0          0       1333 
2016-04-18T12:06:49.214537Z   1/3076393:19773          0          0          0          0          0          0          0          0          0          0          0          0          0          0          0          0          0          0          0          0          0          0          0          0          0          0          0          0          0          0          0          0          0          0          0          0          0          0          0          0          0          0          0          0          0          0          0          0          0          0          0          0          0          0          0          0          0          0          0          0          0          0          0          0          0          0          0          0          0          0          0          0          0          0          0          0          0          0          0          0          0          0          0          0          0          0          0                    0          0          0          0          0          0          0          0          0          0          0          0          0          0          0          0          0          0          0 0          0          0          0          0          0          0          0          0          0          0          0          0          0          0          0          0          0          0          0          0          0          0          0          0          0 0          0         11         53    3076374     605859        252 -14.9648000000000250 -14.8285999999999940 -16.3789999999999900 -19.7485144121344260 -17.7902667238093950 -17.2116113964434020 0.000000000000000000 3.367521367518000000 -0.01100000000000000 -0.02120000000000001 -0.02160000000000001 0.010599999999999991 0.020899999999999995 0.009140000000000000 0.047374250000000000 3.382173382170000000 1 1 0 1 1 1 1 1 1 1 1 1 1 1 1 1 1 0 0 0 0 0 1 1 1 0 0       3368         12         39    3076374     613572        252         87          0          0          0        255         15    3076034     134995          4       1849         13         54    3076374     614290        252      38619      11044          5          0          0          0          0          0          0         13          0          0          0          0          0          0          0          0       1344 
2016-04-18T12:07:19.214088Z   1/3076423:19773          0          0          0          0          0          0          0          0          0          0          0          0          0          0          0          0          0          0          0          0          0          0          0          0          0          0          0          0          0          0          0          0          0          0          0          0          0          0          0          0          0          0          0          0          0          0          0          0          0          0          0          0          0          0          0          0          0          0          0          0          0          0          0          0          0          0          0          0          0          0          0          0          0          0          0          0          0          0          0          0          0          0          0          0          0          0          0                    0          0          0          0          0          0          0          0          0          0          0          0          0          0          0          0          0          0          0 0          0          0          0          0          0          0          0          0          0          0          0          0          0          0          0          0          0          0          0          0          0          0          0          0          0 0          0         11         53    3076404     605858        253 -14.9648000000000250 -14.8285999999999940 -16.3789999999999900 -19.7948751914329650 -17.7902667238093950 -17.2559060347904850 0.000000000000000000 3.368742368739000000 -0.02150000000000001 -0.03190000000000001 -0.03220000000000001 0.010599999999999991 0.020600000000000000 0.008340000000000002 0.047236000000000000 3.382173382170000000 1 1 0 1 1 1 1 1 1 1 1 1 1 1 1 1 1 0 0 0 0 0 1 1 1 0 0       3376         12         39    3076404     613655        253         87          0          0          0        255         15    3076034     134995          4       1708         13         54    3076404     614373        253      38771      11044          5          0          0          0          0          0          0         13          3          0          0          0          0          0          0          0       1358 
2016-04-18T12:07:49.213638Z   1/3076453:19773          0          0          0          0          0          0          0          0          0          0          0          0          0          0          0          0          0          0          0          0          0          0          0          0          0          0          0          0          0          0          0          0          0          0          0          0          0          0          0          0          0          0          0          0          0          0          0          0          0          0          0          0          0          0          0          0          0          0          0          0          0          0          0          0          0          0          0          0          0          0          0          0          0          0          0          0          0          0          0          0          0          0          0          0          0          0          0                    0          0          0          0          0          0          0          0          0          0          0          0          0          0          0          0          0          0          0 0          0          0          0          0          0          0          0          0          0          0          0          0          0          0          0          0          0          0          0          0          0          0          0          0          0 0          0         11         53    3076434     605858        254 -15.1009999999999990 -14.8285999999999940 -16.4510999999999970 -19.7948751914329650 -17.7902667238093950 -17.2559060347904850 0.000000000000000000 3.367521367518000000 -0.02150000000000001 -0.02120000000000001 -0.01100000000000001 0.010899999999999993 0.020899999999999995 0.008980000000000000 0.047097750000000000 3.380952380949000000 1 1 0 1 1 1 1 1 1 1 1 1 1 1 1 1 1 0 0 0 0 0 1 1 1 0 0       3425         12         39    3076434     613738        254         87          0          0          0        255         15    3076034     134995          4       1822         13         54    3076434     614456        254      38923      11044          5          0          0          0          0          0          0         13          1          0          0          0          0          0          0          0       1112 
2016-04-18T12:08:10.213324Z   1/3076474:19773          0          0          0          0          0          0          0          0          0          0          0          0          0          0          0          0          0          0          0          0          0          0          0          0          0          0          0          0          0          0          0          0          0          0          0          0          0          0          0          0          0          0          0          0          0          0          0          0          0          0          0          0          0          0          0          0          0          0          0          0          0          0          0          0          0          0          0          0          0          0          0          0          0          0          0          0          0          0          0          0          0          0          0          0          0          0          0                    0          0          0          0          0          0          0          0          0          0          0          0          0          0          0          0          0          0          0 0          0          0          0          0          0          0          0          0          0          0          0          0          0          0          0          0          0          0          0          0          0          0          0          0          0 0          0         11         53    3076464     605859        255 -14.9648000000000250 -14.8285999999999940 -16.5232000000000030 -19.8412736757314580 -17.8350330620058060 -17.2559060347904850 0.000000000000000000 3.367521367518000000 -0.02150000000000001 -0.02120000000000001 -0.02160000000000001 0.010899999999999993 0.019699999999999990 0.008820000000000000 0.047650750000000000 3.380952380949000000 1 1 0 1 1 1 1 1 1 1 1 1 1 1 1 1 1 0 0 0 0 0 1 1 1 0 0       3456         12         39    3076464     613820        255         87          0          0          0        255         15    3076034     134995          4       1935         13         54    3076464     614538        255      39075      11044          5          0          0          0          0          0          0         13          3          0          0          0          0          0          0          0       1379 
2016-04-18T12:08:40.212875Z   1/3076504:19773          0          0          0          0          0          0          0          0          0          0          0          0          0          0          0          0          0          0          0          0          0          0          0          0          0          0          0          0          0          0          0          0          0          0          0          0          0          0          0          0          0          0          0          0          0          0          0          0          0          0          0          0          0          0          0          0          0          0          0          0          0          0          0          0          0          0          0          0          0          0          0          0          0          0          0          0          0          0          0          0          0          0          0          0          0          0          0                    0          0          0          0          0          0          0          0          0          0          0          0          0          0          0          0          0          0          0 0          0          0          0          0          0          0          0          0          0          0          0          0          0          0          0          0          0          0          0          0          0          0          0          0          0 0          0         11         53    3076494     605859        256 -14.9648000000000250 -14.9648000000000250 -16.3789999999999900 -19.8412736757314580 -17.8350330620058060 -17.2559060347904850 0.000000000000000000 3.367521367518000000 -0.01100000000000000 -0.02120000000000001 -0.03220000000000001 0.011499999999999990 0.021199999999999990 0.008980000000000000 0.047374250000000000 3.382173382170000000 1 1 0 1 1 1 1 1 1 1 1 1 1 1 1 1 1 0 0 0 0 0 1 1 1 0 0       3239         12         39    3076494     613904        256         87          0          0          0        255         15    3076034     134995          4       1540         13         54    3076494     614622        256      39227      11044          5          0          0          0          0          0          0         13          1          0          0          0          0          0          0          0       1134 
2016-04-18T12:09:10.212426Z   1/3076534:19773          0          0          0          0          0          0          0          0          0          0          0          0          0          0          0          0          0          0          0          0          0          0          0          0          0          0          0          0          0          0          0          0          0          0          0          0          0          0          0          0          0          0          0          0          0          0          0          0          0          0          0          0          0          0          0          0          0          0          0          0          0          0          0          0          0          0          0          0          0          0          0          0          0          0          0          0          0          0          0          0          0          0          0          0          0          0          0                    0          0          0          0          0          0          0          0          0          0          0          0          0          0          0          0          0          0          0 0          0          0          0          0          0          0          0          0          0          0          0          0          0          0          0          0          0          0          0          0          0          0          0          0          0 0          0         11         53    3076524     605858        257 -14.9648000000000250 -14.9648000000000250 -16.3789999999999900 -19.8412736757314580 -17.8350330620058060 -17.3002367872938120 0.000000000000000000 3.367521367518000000 -0.01100000000000000 -0.03190000000000001 -0.03220000000000001 0.010599999999999991 0.019999999999999997 0.009220000000000000 0.048065500000000004 3.382173382170000000 1 1 0 1 1 1 1 1 1 1 1 1 1 1 1 1 1 0 0 0 0 0 1 1 1 0 0       3273         12         39    3076524     613988        257         87          0          0          0        255         15    3076034     134995          4       1655         13         54    3076524     614706        257      39379      11044          5          0          0          0          0          0          0         13          3          0          0          0          0          0          0          0       1148 
2016-04-18T12:09:40.211977Z   1/3076564:19773          0          0          0          0          0          0          0          0          0          0          0          0          0          0          0          0          0          0          0          0          0          0          0          0          0          0          0          0          0          0          0          0          0          0          0          0          0          0          0          0          0          0          0          0          0          0          0          0          0          0          0          0          0          0          0          0          0          0          0          0          0          0          0          0          0          0          0          0          0          0          0          0          0          0          0          0          0          0          0          0          0          0          0          0          0          0          0                    0          0          0          0          0          0          0          0          0          0          0          0          0          0          0          0          0          0          0 0          0          0          0          0          0          0          0          0          0          0          0          0          0          0          0          0          0          0          0          0          0          0          0          0          0 0          0         11         53    3076554     605859        258 -15.1009999999999990 -14.9648000000000250 -16.5952999999999950 -19.8877098934377440 -17.8350330620058060 -17.3002367872938120 0.000000000000000000 3.368742368739000000 -0.02150000000000001 -0.03190000000000001 -0.02160000000000001 0.009699999999999993 0.020899999999999995 0.008700000000000001 0.047512500000000000 3.382173382170000000 1 1 0 1 1 1 1 1 1 1 1 1 1 1 1 1 1 0 0 0 0 0 1 1 1 0 0       3292         12         39    3076554     614068        258         87          0          0          0        255         15    3076034     134995          4       1766         13         54    3076554     614786        258      39531      11044          5          0          0          0          0          0          0         13          1          0          0          0          0          0          0          0       1154 
2016-04-18T12:10:10.211528Z   1/3076594:19773          0          0          0          0          0          0          0          0          0          0          0          0          0          0          0          0          0          0          0          0          0          0          0          0          0          0          0          0          0          0          0          0          0          0          0          0          0          0          0          0          0          0          0          0          0          0          0          0          0          0          0          0          0          0          0          0          0          0          0          0          0          0          0          0          0          0          0          0          0          0          0          0          0          0          0          0          0          0          0          0          0          0          0          0          0          0          0                    0          0          0          0          0          0          0          0          0          0          0          0          0          0          0          0          0          0          0 0          0          0          0          0          0          0          0          0          0          0          0          0          0          0          0          0          0          0          0          0          0          0          0          0          0 0          0         11         53    3076584     605892        259 -15.2372000000000300 -14.9648000000000250 -16.5952999999999950 -19.8877098934377440 -17.8798358836614300 -17.3446036823613100 0.000000000000000000 3.367521367518000000 -0.02150000000000001 -0.03190000000000001 -0.02160000000000001 0.011499999999999990 0.019699999999999990 0.008380000000000000 0.048065500000000004 3.380952380949000000 1 1 0 1 1 1 1 1 1 1 1 1 1 1 1 1 1 0 0 0 0 0 1 1 1 0 0       3353         12         39    3076584     614153        259         87          0          0          0        255         15    3076034     134995          4       1627         13         54    3076584     614871        259      39683      11044          5          0          0          0          0          0          0         13          0          0          0          0          0          0          0          0       1166 
2016-04-18T12:10:40.211079Z   1/3076624:19773          0          0          0          0          0          0          0          0          0          0          0          0          0          0          0          0          0          0          0          0          0          0          0          0          0          0          0          0          0          0          0          0          0          0          0          0          0          0          0          0          0          0          0          0          0          0          0          0          0          0          0          0          0          0          0          0          0          0          0          0          0          0          0          0          0          0          0          0          0          0          0          0          0          0          0          0          0          0          0          0          0          0          0          0          0          0          0                    0          0          0          0          0          0          0          0          0          0          0          0          0          0          0          0          0          0          0 0          0          0          0          0          0          0          0          0          0          0          0          0          0          0          0          0          0          0          0          0          0          0          0          0          0 0          0         11         53    3076614     605893        260 -15.1009999999999990 -14.9648000000000250 -16.5952999999999950 -19.9341838729598630 -17.8798358836614300 -17.3446036823613100 0.001221001221000000 3.367521367518000000 -0.02150000000000001 -0.02120000000000001 -0.02160000000000001 0.010599999999999991 0.020899999999999995 0.008260000000000002 0.047650750000000000 3.382173382170000000 1 1 0 1 1 1 1 1 1 1 1 1 1 1 1 1 1 0 0 0 0 0 1 1 1 0 0       3130         12         39    3076614     614237        260         87          0          0          0        255         15    3076034     134995          4       1487         13         54    3076614     614955        260      39835      11044          5          0          0          0          0          0          0         13          3          0          0          0          0          0          0          0        926 
2016-04-18T12:11:10.210630Z   1/3076654:19773          0          0          0          0          0          0          0          0          0          0          0          0          0          0          0          0          0          0          0          0          0          0          0          0          0          0          0          0          0          0          0          0          0          0          0          0          0          0          0          0          0          0          0          0          0          0          0          0          0          0          0          0          0          0          0          0          0          0          0          0          0          0          0          0          0          0          0          0          0          0          0          0          0          0          0          0          0          0          0          0          0          0          0          0          0          0          0                    0          0          0          0          0         10         21    3076634     186502         16          4          0          0          0          0          0          0          0          0 0          0          0          0          0          0          0          0          0          0          0          0          0          0          0          0          0          0          0          0          0          0          0          0          0          0 0        717         11         53    3076644     605899        261 -15.2372000000000300 -14.9648000000000250 -16.4510999999999970 -19.9806956427056550 -17.9246752171842450 -17.3890067484009600 0.000000000000000000 3.367521367518000000 -0.01100000000000000 -0.02120000000000001 -0.02160000000000001 0.010599999999999991 0.020600000000000000 0.008820000000000000 0.047512500000000000 3.380952380949000000 1 1 0 1 1 1 1 1 1 1 1 1 1 1 1 1 1 0 0 0 0 0 1 1 1 0 0       3178         12         39    3076644     614464        261         87          0          0          0        255         16    3076634     186502          4       1578         13         54    3076644     615188        261      40008      11910          5          0          0          0          0          0          0         14          0          0          0          0          0          0          0          0        952 
2016-04-18T12:11:40.210181Z   1/3076684:19773          0          0          0          0          0          0          0          0          0          0          0          0          0          0          0          0          0          0          0          0          0          0          0          0          0          0          0          0          0          0          0          0          0          0          0          0          0          0          0          0          0          0          0          0          0          0          0          0          0          0          0          0          0          0          0          0          0          0          0          0          0          0          0          0          0          0          0          0          0          0          0          0          0          0          0          0          0          0          0          0          0          0          0          0          0          0          0                    0          0          0          0          0          0          0          0          0          0          0          0          0          0          0          0          0          0          0 0          0          0          0          0          0          0          0          0          0          0          0          0          0          0          0          0          0          0          0          0          0          0          0          0          0 0          0         11         53    3076674     605859        262 -15.2372000000000300 -14.9648000000000250 -16.5952999999999950 -19.9341838729598630 -17.9246752171842450 -17.3890067484009600 0.001221001221000000 3.368742368739000000 -0.01100000000000000 -0.02120000000000001 -0.02160000000000001 0.010599999999999991 0.019399999999999994 0.008220000000000000 0.047512500000000000 3.382173382170000000 1 1 0 1 1 1 1 1 1 1 1 1 1 1 1 1 1 0 0 0 0 0 1 1 1 0 0       3154         12         39    3076674     614402        262         87          0          0          0        255         16    3076634     186502          4       1547         13         54    3076674     615120        262      40160      11910          5          0          0          0          0          0          0         14          3          0          0          0          0          0          0          0       1325 
2016-04-18T12:12:10.209732Z   1/3076714:19773          0          0          0          0          0          0          0          0          0          0          0          0          0          0          0          0          0          0          0          0          0          0          0          0          0          0          0          0          0          0          0          0          0          0          0          0          0          0          0          0          0          0          0          0          0          0          0          0          0          0          0          0          0          0          0          0          0          0          0          0          0          0          0          0          0          0          0          0          0          0          0          0          0          0          0          0          0          0          0          0          0          0          0          0          0          0          0                    0          0          0          0          0          0          0          0          0          0          0          0          0          0          0          0          0          0          0 0          0          0          0          0          0          0          0          0          0          0          0          0          0          0          0          0          0          0          0          0          0          0          0          0          0 0          0         11         53    3076704     605858        263 -15.2372000000000300 -15.1009999999999990 -16.5952999999999950 -19.9806956427056550 -17.9246752171842450 -17.3890067484009600 0.000000000000000000 3.368742368739000000 -0.01100000000000000 -0.03190000000000001 -0.02160000000000001 0.010299999999999990 0.020299999999999990 0.008860000000000002 0.048342000000000000 3.382173382170000000 1 1 0 1 1 1 1 1 1 1 1 1 1 1 1 1 1 0 0 0 0 0 1 1 1 0 0       3206         12         39    3076704     613484        263         87          0          0          0        255         16    3076634     186502          4       1680         13         54    3076704     614202        263      40312      11910          5          0          0          0          0          0          0         14          1          0          0          0          0          0          0          0       1098 
2016-04-18T12:12:40.209282Z   1/3076744:19773          0          0          0          0          0          0          0          0          0          0          0          0          0          0          0          0          0          0          0          0          0          0          0          0          0          0          0          0          0          0          0          0          0          0          0          0          0          0          0          0          0          0          0          0          0          0          0          0          0          0          0          0          0          0          0          0          0          0          0          0          0          0          0          0          0          0          0          0          0          0          0          0          0          0          0          0          0          0          0          0          0          0          0          0          0          0          0                    0          0          0          0          0          0          0          0          0          0          0          0          0          0          0          0          0          0          0 0          0          0          0          0          0          0          0          0          0          0          0          0          0          0          0          0          0          0          0          0          0          0          0          0          0 0          0         11         53    3076734     605858        264 -15.2372000000000300 -15.1009999999999990 -16.5952999999999950 -19.9806956427056550 -17.9695510909821800 -17.4334460138206000 0.000000000000000000 3.368742368739000000 -0.01100000000000000 -0.02120000000000001 -0.02160000000000001 0.010599999999999991 0.020299999999999990 0.008900000000000000 0.047789000000000005 3.382173382170000000 1 1 0 1 1 1 1 1 1 1 1 1 1 1 1 1 1 0 0 0 0 0 1 1 1 0 0       3238         12         39    3076734     613569        264         87          0          0          0        255         16    3076634     186502          4       1796         13         54    3076734     614287        264      40464      11910          5          0          0          0          0          0          0         14          3          0          0          0          0          0          0          0       1113 
2016-04-18T12:13:10.208833Z   1/3076774:19773          0          0          0          0          0          0          0          0          0          0          0          0          0          0          0          0          0          0          0          0          0          0          0          0          0          0          0          0          0          0          0          0          0          0          0          0          0          0          0          0          0          0          0          0          0          0          0          0          0          0          0          0          0          0          0          0          0          0          0          0          0          0          0          0          0          0          0          0          0          0          0          0          0          0          0          0          0          0          0          0          0          0          0          0          0          0          0                    0          0          0          0          0          0          0          0          0          0          0          0          0          0          0          0          0          0          0 0          0          0          0          0          0          0          0          0          0          0          0          0          0          0          0          0          0          0          0          0          0          0          0          0          0 0          0         11         53    3076764     605858        265 -15.2372000000000300 -15.1009999999999990 -16.5952999999999950 -20.0272452310831000 -17.9695510909821800 -17.3890067484009600 0.000000000000000000 3.366300366297000000 -0.02150000000000001 -0.02120000000000001 -0.02160000000000001 0.011799999999999991 0.019999999999999997 0.009100000000000002 0.438760000000000000 3.379731379727999800 1 1 0 1 1 1 1 1 1 1 1 1 1 1 1 1 1 1 0 0 0 0 1 1 1 0 0       3327         12         39    3076764     613652        265         87          0          0          0        255         16    3076634     186502          4       1655         13         54    3076764     614370        265      40616      11910          5          0          0          0          0          0          0         14          1          0          0          0          0          0          0          0       1377 
2016-04-18T12:13:40.208384Z   1/3076804:19773          0          0          0          0          0          0          0          0          0          0          0          0          0          0          0          0          0          0          0          0          0          0          0          0          0          0          0          0          0          0          0          0          0          0          0          0          0          0          0          0          0          0          0          0          0          0          0          0          0          0          0          0          0          0          0          0          0          0          0          0          0          0          0          0          0          0          0          0          0          0          0          0          0          0          0          0          0          0          0          0          0          0          0          0          0          0          0                    0          0          0          0          0          0          0          0          0          0          0          0          0          0          0          0          0          0          0 0          0          0          0          0          0          0          0          0          0          0          0          0          0          0          0          0          0          0          0          0          0          0          0          0          0 0          0         11         53    3076794     605858        266 -15.2372000000000300 -15.1009999999999990 -16.6674000000000000 -19.9806956427056550 -17.9246752171842450 -17.2559060347904850 0.000000000000000000 3.366300366297000000 -0.02150000000000001 -0.02120000000000001 -0.01100000000000001 0.010299999999999990 0.020299999999999990 0.008700000000000001 0.439313000000000000 3.379731379727999800 1 1 0 1 1 1 1 1 1 1 1 1 1 1 1 1 1 1 0 0 0 0 1 1 1 0 0       3345         12         39    3076794     613731        266         87          0          0          0        255         16    3076634     186502          4       1765         13         54    3076794     614449        266      40768      11910          5          0          0          0          0          0          0         14          0          0          0          0          0          0          0          0       1128 
2016-04-18T12:14:10.207935Z   1/3076834:19773          0          0          0          0          0          0          0          0          0          0          0          0          0          0          0          0          0          0          0          0          0          0          0          0          0          0          0          0          0          0          0          0          0          0          0          0          0          0          0          0          0          0          0          0          0          0          0          0          0          0          0          0          0          0          0          0          0          0          0          0          0          0          0          0          0          0          0          0          0          0          0          0          0          0          0          0          0          0          0          0          0          0          0          0          0          0          0                    0          0          0          0          0          0          0          0          0          0          0          0          0          0          0          0          0          0          0 0          0          0          0          0          0          0          0          0          0          0          0          0          0          0          0          0          0          0          0          0          0          0          0          0          0 0          0         11         53    3076824     605874        267 -15.1009999999999990 -15.1009999999999990 -16.7394999999999920 -19.9806956427056550 -17.7902667238093950 -17.0789438822604600 0.000000000000000000 3.365079365076000000 -0.01100000000000000 -0.02120000000000001 -0.02160000000000001 0.009999999999999995 0.021199999999999990 0.008900000000000000 0.439727750000000030 3.378510378507000000 1 1 0 1 1 1 1 1 1 1 1 1 1 1 1 1 1 1 0 0 0 0 1 1 1 0 0       3395         12         39    3076824     613833        267         87          0          0          0        255         16    3076634     186502          4       1898         13         54    3076824     614551        267      40920      11910          5          0          0          0          0          0          0         14          3          0          0          0          0          0          0          0       1416 
2016-04-18T12:14:40.207486Z   1/3076864:19773          0          0          0          0          0          0          0          0          0          0          0          0          0          0          0          0          0          0          0          0          0          0          0          0          0          0          0          0          0          0          0          0          0          0          0          0          0          0          0          0          0          0          0          0          0          0          0          0          0          0          0          0          0          0          0          0          0          0          0          0          0          0          0          0          0          0          0          0          0          0          0          0          0          0          0          0          0          0          0          0          0          0          0          0          0          0          0                    0          0          0          0          0          0          0          0          0          0          0          0          0          0          0          0          0          0          0 0          0          0          0          0          0          0          0          0          0          0          0          0          0          0          0          0          0          0          0          0          0          0          0          0          0 0          0         11         53    3076854     605875        268 -14.9648000000000250 -15.1009999999999990 -16.7394999999999920 -19.9806956427056550 -17.6115656374578860 -16.9466003727985420 0.000000000000000000 3.366300366297000000 -0.02150000000000001 -0.03190000000000001 -0.02160000000000001 0.010599999999999991 0.019999999999999997 0.009060000000000000 0.439174750000000000 3.379731379727999800 1 1 0 1 1 1 1 1 1 1 1 1 1 1 1 1 1 1 0 0 0 0 1 1 1 0 0       3419         12         39    3076854     613918        268         87          0          0          0        255         16    3076634     186502          4       1759         13         54    3076854     614636        268      41072      11910          5          0          0          0          0          0          0         14          1          0          0          0          0          0          0          0       1427 
2016-04-18T12:15:10.207037Z   1/3076894:19773          0          0          0          0          0          0          0          0          0          0          0          0          0          0          0          0          0          0          0          0          0          0          0          0          0          0          0          0          0          0          0          0          0          0          0          0          0          0          0          0          0          0          0          0          0          0          0          0          0          0          0          0          0          0          0          0          0          0          0          0          0          0          0          0          0          0          0          0          0          0          0          0          0          0          0          0          0          0          0          0          0          0          0          0          0          0          0                    0          0          0          0          0          0          0          0          0          0          0          0          0          0          0          0          0          0          0 0          0          0          0          0          0          0          0          0          0          0          0          0          0          0          0          0          0          0          0          0          0          0          0          0          0 0          0         11         53    3076884     605874        269 -14.9648000000000250 -15.1009999999999990 -16.6674000000000000 -19.9341838729598630 -17.3890067484009600 -16.8145801010438730 0.000000000000000000 3.366300366297000000 -0.02150000000000001 -0.03190000000000001 -0.02160000000000001 0.009699999999999993 0.019999999999999997 0.009020000000000002 0.439727750000000030 3.379731379727999800 1 1 0 1 1 1 1 1 1 1 1 1 1 1 1 1 1 1 0 0 0 0 1 1 1 0 0       3184         12         39    3076884     614001        269         87          0          0          0        255         16    3076634     186502          4       1618         13         54    3076884     614719        269      41224      11910          5          0          0          0          0          0          0         14          3          0          0          0          0          0          0          0        930 
2016-04-18T12:15:40.206588Z   1/3076924:19773          0          0          0          0          0          0          0          0          0          0          0          0          0          0          0          0          0          0          0          0          0          0          0          0          0          0          0          0          0          0          0          0          0          0          0          0          0          0          0          0          0          0          0          0          0          0          0          0          0          0          0          0          0          0          0          0          0          0          0          0          0          0          0          0          0          0          0          0          0          0          0          0          0          0          0          0          0          0          0          0          0          0          0          0          0          0          0                    0          0          0          0          0          0          0          0          0          0          0          0          0          0          0          0          0          0          0 0          0          0          0          0          0          0          0          0          0          0          0          0          0          0          0          0          0          0          0          0          0          0          0          0          0 0          0         11         53    3076914     605874        270 -14.9648000000000250 -15.1009999999999990 -16.7394999999999920 -19.9341838729598630 -17.2116113964434020 -16.6828822999824520 0.000000000000000000 3.365079365076000000 -0.02150000000000001 -0.03190000000000001 -0.02160000000000001 0.011499999999999990 0.018799999999999990 0.009060000000000000 0.439451250000000000 3.378510378507000000 1 1 0 1 1 1 1 1 1 1 1 1 1 1 1 1 1 1 0 0 0 0 1 1 1 0 0       3208         12         39    3076914     614083        270         87          0          0          0        255         16    3076634     186502          4       1731         13         54    3076914     614801        270      41376      11910          5          0          0          0          0          0          0         14          1          0          0          0          0          0          0          0       1193 
2016-04-18T12:16:10.206139Z   1/3076954:19773          0          0          0          0          0          0          0          0          0          0          0          0          0          0          0          0          0          0          0          0          0          0          0          0          0          0          0          0          0          0          0          0          0          0          0          0          0          0          0          0          0          0          0          0          0          0          0          0          0          0          0          0          0          0          0          0          0          0          0          0          0          0          0          0          0          0          0          0          0          0          0          0          0          0          0          0          0          0          0          0          0          0          0          0          0          0          0                    0          0          0          0          0          0          0          0          0          0          0          0          0          0          0          0          0          0          0 0          0          0          0          0          0          0          0          0          0          0          0          0          0          0          0          0          0          0          0          0          0          0          0          0          0 0          0         11         53    3076944     605909        271 -14.9648000000000250 -15.1009999999999990 -16.6674000000000000 -19.9341838729598630 -17.0347934164591380 -16.6390545605457020 0.000000000000000000 3.366300366297000000 -0.01100000000000000 -0.03190000000000001 -0.02160000000000001 0.008799999999999995 0.019699999999999990 0.009060000000000000 0.438621750000000030 3.379731379727999800 1 1 0 1 1 1 1 1 1 1 1 1 1 1 1 1 1 1 0 0 0 0 1 1 1 0 0       3259         12         39    3076944     614166        271         87          0          0          0        255         16    3076634     186502          4       1590         13         54    3076944     614884        271      41528      11910          5          0          0          0          0          0          0         14          0          0          0          0          0          0          0          0       1203 
2016-04-18T12:16:40.205690Z   1/3076984:19773          0          0          0          0          0          0          0          0          0          0          0          0          0          0          0          0          0          0          0          0          0          0          0          0          0          0          0          0          0          0          0          0          0          0          0          0          0          0          0          0          0          0          0          0          0          0          0          0          0          0          0          0          0          0          0          0          0          0          0          0          0          0          0          0          0          0          0          0          0          0          0          0          0          0          0          0          0          0          0          0          0          0          0          0          0          0          0                    0          0          0          0          0          0          0          0          0          0          0          0          0          0          0          0          0          0          0 0          0          0          0          0          0          0          0          0          0          0          0          0          0          0          0          0          0          0          0          0          0          0          0          0          0 0          0         11         53    3076974     605908        272 -14.9648000000000250 -15.2372000000000300 -16.6674000000000000 -19.9341838729598630 -16.9025577381234500 -16.5515062026003080 0.000000000000000000 3.366300366297000000 -0.01100000000000000 -0.03190000000000001 -0.03220000000000001 0.009999999999999995 0.019699999999999990 0.008260000000000002 0.439451250000000000 3.379731379727999800 1 1 0 1 1 1 1 1 1 1 1 1 1 1 1 1 1 1 0 0 0 0 1 1 1 0 0       3272         12         39    3076974     614250        272         87          0          0          0        255         16    3076634     186502          4       1705         13         54    3076974     614968        272      41680      11910          5          0          0          0          0          0          0         14          3          0          0          0          0          0          0          0       1218 
2016-04-18T12:17:10.205241Z   1/3077014:19773          0          0          0          0          0          0          0          0          0          0          0          0          0          0          0          0          0          0          0          0          0          0          0          0          0          0          0          0          0          0          0          0          0          0          0          0          0          0          0          0          0          0          0          0          0          0          0          0          0          0          0          0          0          0          0          0          0          0          0          0          0          0          0          0          0          0          0          0          0          0          0          0          0          0          0          0          0          0          0          0          0          0          0          0          0          0          0                    0          0          0          0          0          0          0          0          0          0          0          0          0          0          0          0          0          0          0 0          0          0          0          0          0          0          0          0          0          0          0          0          0          0          0          0          0          0          0          0          0          0          0          0          0 0          0         11         53    3077004     605915        273 -14.8285999999999940 -15.1009999999999990 -16.6674000000000000 -19.9341838729598630 -16.7267457842724240 -16.5515062026003080 0.000000000000000000 3.366300366297000000 -0.02150000000000001 -0.02120000000000001 -0.02160000000000001 0.009999999999999995 0.020299999999999990 0.008860000000000002 0.438483500000000000 3.379731379727999800 1 1 0 1 1 1 1 1 1 1 1 1 1 1 1 1 1 1 0 0 0 0 1 1 1 0 0       3319         12         39    3077004     614331        273         87          0          0          0        255         16    3076634     186502          4       1817         13         54    3077004     615049        273      41832      11910          5          0          0          0          0          0          0         14          1          0          0          0          0          0          0          0       1225 
2016-04-18T12:17:40.204792Z   1/3077044:19773          0          0          0          0          0          0          0          0          0          0          0          0          0          0          0          0          0          0          0          0          0          0          0          0          0          0          0          0          0          0          0          0          0          0          0          0          0          0          0          0          0          0          0          0          0          0          0          0          0          0          0          0          0          0          0          0          0          0          0          0          0          0          0          0          0          0          0          0          0          0          0          0          0          0          0          0          0          0          0          0          0          0          0          0          0          0          0                    0          0          0          0          0         10         21    3077034     612150         17        131         12          0          0          0          0          0          0          0 0          0         12          0          0          0          0          0          0          0         12         12         12         12         12         12         12         12         12         12         12         12         12         12         12         12 0        800         11         53    3077034     605874        274 -14.8285999999999940 -15.1009999999999990 -16.5952999999999950 -19.8877098934377440 -16.4641004831729000 -16.5077855272758430 0.000000000000000000 3.369963369960000000 -0.01100000000000000 -0.02120000000000001 -0.03220000000000001 0.009999999999999995 0.102199999999999990 0.008340000000000002 0.438760000000000000 3.383394383391000000 1 1 0 1 1 1 1 1 1 1 1 1 1 1 1 1 1 1 0 0 0 0 1 1 1 0 0       3313         12         39    3077034     616548        274         87          0          0          0        255         17    3077034     612150        131       1841         13         54    3077034     617283        274      42005      11910          5          0          0          0          0          0          0         14          3          0          0          0          0          0          0          0       1115 
2016-04-18T12:18:10.204343Z   1/3077074:19773          0          0          0          0          0          0          0          0          0          0          0          0          0          0          0          0          0          0          0          0          0          0          0          0          0          0          0          0          0          0          0          0          0          0          0          0          0          0          0          0          0          0          0          0          0          0          0          0          0          0          0          0          0          0          0          0          0          0          0          0          0          0          0          0          0          0          0          0          0          0          0          0          0          0          0          0          0          0          0          0          0          0          0          0          0          0          0                    0          0          0          0          0          0          0          0          0          0          0          0          0          0          0          0          0          0          0 0          0          0          0          0          0          0          0          0          0          0          0          0          0          0          0          0          0          0          0          0          0          0          0          0          0 0          0         11         53    3077064     605874        275 -14.8285999999999940 -15.1009999999999990 -16.6674000000000000 -19.9341838729598630 -16.4641004831729000 -16.4204510418836380 0.001221001221000000 3.366300366297000000 -0.01100000000000000 -0.03190000000000001 -0.03220000000000001 0.010899999999999993 0.019399999999999994 0.010100000000000000 0.439036500000000000 3.379731379727999800 1 1 0 1 1 1 1 1 1 1 1 1 1 1 1 1 1 1 0 0 0 0 1 1 1 0 0       3111         12         39    3077064     613498        275         87          0          0          0        255         17    3077034     612150        131       1882         13         54    3077064     614217        275      42157      11910          5          0          0          0          0          0          0         14          1          0          0          0          0          0          0          0       1290 
2016-04-18T12:18:40.203894Z   1/3077104:19773          0          0          0          0          0          0          0          0          0          0          0          0          0          0          0          0          0          0          0          0          0          0          0          0          0          0          0          0          0          0          0          0          0          0          0          0          0          0          0          0          0          0          0          0          0          0          0          0          0          0          0          0          0          0          0          0          0          0          0          0          0          0          0          0          0          0          0          0          0          0          0          0          0          0          0          0          0          0          0          0          0          0          0          0          0          0          0                    0          0          0          0          0          0          0          0          0          0          0          0          0          0          0          0          0          0          0 0          0          0          0          0          0          0          0          0          0          0          0          0          0          0          0          0          0          0          0          0          0          0          0          0          0 0          0         11         53    3077094     605875        276 -14.8285999999999940 -15.1009999999999990 -16.7394999999999920 -19.9341838729598630 -16.3332588541143200 -16.4204510418836380 0.000000000000000000 3.366300366297000000 -0.02150000000000001 -0.03190000000000001 -0.02160000000000001 0.009399999999999992 0.019399999999999994 0.009420000000000000 0.439451250000000000 3.379731379727999800 1 1 0 1 1 1 1 1 1 1 1 1 1 1 1 1 1 1 0 0 0 0 1 1 1 0 0       3121         12         39    3077094     613581        276         87          0          0          0        255         17    3077034     612150        131       1996         13         54    3077094     614299        276      42309      11910          5          0          0          0          0          0          0         14          3          0          0          0          0          0          0          0       1302 
2016-04-18T12:19:10.203445Z   1/3077134:19773          0          0          0          0          0          0          0          0          0          0          0          0          0          0          0          0          0          0          0          0          0          0          0          0          0          0          0          0          0          0          0          0          0          0          0          0          0          0          0          0          0          0          0          0          0          0          0          0          0          0          0          0          0          0          0          0          0          0          0          0          0          0          0          0          0          0          0          0          0          0          0          0          0          0          0          0          0          0          0          0          0          0          0          0          0          0          0                    0          0          0          0          0          0          0          0          0          0          0          0          0          0          0          0          0          0          0 0          0          0          0          0          0          0          0          0          0          0          0          0          0          0          0          0          0          0          0          0          0          0          0          0          0 0          0         11         53    3077124     605874        277 -14.8285999999999940 -15.1009999999999990 -16.6674000000000000 -19.8877098934377440 -16.2027368833646220 -16.3768371750000500 0.000000000000000000 3.366300366297000000 -0.02150000000000001 -0.03190000000000001 -0.02160000000000001 0.011499999999999990 0.019100000000000000 0.009140000000000000 0.438068750000000000 3.379731379727999800 1 1 0 1 1 1 1 1 1 1 1 1 1 1 1 1 1 1 0 0 0 0 1 1 1 0 0       3134         12         39    3077124     613663        277         87          0          0          0        255         17    3077034     612150        131       1599         13         54    3077124     614381        277      42461      11910          5          0          0          0          0          0          0         14          1          0          0          0          0          0          0          0       1310 
2016-04-18T12:19:40.202995Z   1/3077164:19773          0          0          0          0          0          0          0          0          0          0          0          0          0          0          0          0          0          0          0          0          0          0          0          0          0          0          0          0          0          0          0          0          0          0          0          0          0          0          0          0          0          0          0          0          0          0          0          0          0          0          0          0          0          0          0          0          0          0          0          0          0          0          0          0          0          0          0          0          0          0          0          0          0          0          0          0          0          0          0          0          0          0          0          0          0          0          0                    0          0          0          0          0          0          0          0          0          0          0          0          0          0          0          0          0          0          0 0          0          0          0          0          0          0          0          0          0          0          0          0          0          0          0          0          0          0          0          0          0          0          0          0          0 0          0         11         53    3077154     605874        278 -14.6924000000000200 -15.1009999999999990 -16.6674000000000000 -19.8877098934377440 -16.0725338039098900 -16.3768371750000500 0.000000000000000000 3.366300366297000000 -0.02150000000000001 -0.02120000000000001 -0.02160000000000001 0.009699999999999993 0.019399999999999994 0.008580000000000003 0.439036500000000000 3.379731379727999800 1 1 0 1 1 1 1 1 1 1 1 1 1 1 1 1 1 1 0 0 0 0 1 1 1 0 0       3152         12         39    3077154     613747        278         87          0          0          0        255         17    3077034     612150        131       1714         13         54    3077154     614465        278      42613      11910          5          0          0          0          0          0          0         14          3          0          0          0          0          0          0          0       1069 
2016-04-18T12:20:10.202546Z   1/3077194:19773          0          0          0          0          0          0          0          0          0          0          0          0          0          0          0          0          0          0          0          0          0          0          0          0          0          0          0          0          0          0          0          0          0          0          0          0          0          0          0          0          0          0          0          0          0          0          0          0          0          0          0          0          0          0          0          0          0          0          0          0          0          0          0          0          0          0          0          0          0          0          0          0          0          0          0          0          0          0          0          0          0          0          0          0          0          0          0                    0          0          0          0          0          0          0          0          0          0          0          0          0          0          0          0          0          0          0 0          0          0          0          0          0          0          0          0          0          0          0          0          0          0          0          0          0          0          0          0          0          0          0          0          0 0          0         11         53    3077184     605874        279 -14.6924000000000200 -15.1009999999999990 -16.6674000000000000 -19.9341838729598630 -15.9426488487362970 -16.3332588541143200 0.000000000000000000 3.366300366297000000 -0.01100000000000000 -0.02120000000000001 -0.01100000000000001 0.009699999999999993 0.020600000000000000 0.009660000000000000 0.437654000000000000 3.379731379727999800 1 1 0 1 1 1 1 1 1 1 1 1 1 1 1 1 1 1 0 0 0 0 1 1 1 0 0       2948         12         39    3077184     613828        279         87          0          0          0        255         17    3077034     612150        131       1826         13         54    3077184     614546        279      42765      11910          5          0          0          0          0          0          0         14          1          0          0          0          0          0          0          0       1076 
2016-04-18T12:20:40.202097Z   1/3077224:19773          0          0          0          0          0          0          0          0          0          0          0          0          0          0          0          0          0          0          0          0          0          0          0          0          0          0          0          0          0          0          0          0          0          0          0          0          0          0          0          0          0          0          0          0          0          0          0          0          0          0          0          0          0          0          0          0          0          0          0          0          0          0          0          0          0          0          0          0          0          0          0          0          0          0          0          0          0          0          0          0          0          0          0          0          0          0          0                    0          0          0          0          0          0          0          0          0          0          0          0          0          0          0          0          0          0          0 0          0          0          0          0          0          0          0          0          0          0          0          0          0          0          0          0          0          0          0          0          0          0          0          0          0 0          0         11         53    3077214     605874        280 -14.5561999999999900 -15.2372000000000300 -16.6674000000000000 -19.9341838729598630 -15.8994244253927380 -16.3332588541143200 0.000000000000000000 3.365079365076000000 -0.01100000000000000 -0.04260000000000001 -0.02160000000000001 0.010599999999999991 0.020899999999999995 0.009780000000000002 0.438898250000000000 3.379731379727999800 1 1 0 1 1 1 1 1 1 1 1 1 1 1 1 1 1 1 0 0 0 0 1 1 1 0 0       2990         12         39    3077214     613913        280         87          0          0          0        255         17    3077034     612150        131       1687         13         54    3077214     614631        280      42917      11910          5          0          0          0          0          0          0         14          0          0          0          0          0          0          0          0       1343 
2016-04-18T12:21:10.201648Z   1/3077254:19773          0          0          0          0          0          0          0          0          0          0          0          0          0          0          0          0          0          0          0          0          0          0          0          0          0          0          0          0          0          0          0          0          0          0          0          0          0          0          0          0          0          0          0          0          0          0          0          0          0          0          0          0          0          0          0          0          0          0          0          0          0          0          0          0          0          0          0          0          0          0          0          0          0          0          0          0          0          0          0          0          0          0          0          0          0          0          0                    0          0          0          0          0         10         21    3077234     248759         18          4          0          0          0          0          0          0          0          0 0          0          0          0          0          0          0          0          0          0          0          0          0          0          0          0          0          0          0          0          0          0          0          0          0          0 0        846         11         53    3077244     605874        281 -14.6924000000000200 -15.1009999999999990 -16.6674000000000000 -19.8877098934377440 -15.8130812508297540 -16.2897160508184130 0.000000000000000000 3.366300366297000000 -0.01100000000000000 -0.03190000000000001 -0.02160000000000001 0.010599999999999991 0.020299999999999990 0.008580000000000003 0.438068750000000000 3.379731379727999800 1 1 0 1 1 1 1 1 1 1 1 1 1 1 1 1 1 1 0 0 0 0 1 1 1 0 0       3236         12         39    3077244     614142        281         87          0          0          0        255         18    3077234     248759          4       2005         13         54    3077244     614866        281      43090      13062          5          0          0          0          0          0          0         15          1          0          0          0          0          0          0          0       1151 
2016-04-18T12:21:40.201199Z   1/3077284:19773          0          0          0          0          0          0          0          0          0          0          0          0          0          0          0          0          0          0          0          0          0          0          0          0          0          0          0          0          0          0          0          0          0          0          0          0          0          0          0          0          0          0          0          0          0          0          0          0          0          0          0          0          0          0          0          0          0          0          0          0          0          0          0          0          0          0          0          0          0          0          0          0          0          0          0          0          0          0          0          0          0          0          0          0          0          0          0                    0          0          0          0          0          0          0          0          0          0          0          0          0          0          0          0          0          0          0 0          0          0          0          0          0          0          0          0          0          0          0          0          0          0          0          0          0          0          0          0          0          0          0          0          0 0          0         11         53    3077274     605874        282 -14.5561999999999900 -15.1009999999999990 -16.6674000000000000 -19.8877098934377440 -15.7268787830459760 -16.2897160508184130 0.000000000000000000 3.366300366297000000 -0.03200000000000000 -0.02120000000000001 -0.02160000000000001 0.009399999999999992 0.019399999999999994 0.009140000000000000 0.439174750000000000 3.379731379727999800 1 1 0 1 1 1 1 1 1 1 1 1 1 1 1 1 1 1 0 0 0 0 1 1 1 0 0       3280         12         39    3077274     614077        282         87          0          0          0        255         18    3077234     248759          4       1971         13         54    3077274     614795        282      43242      13062          5          0          0          0          0          0          0         15          1          0          0          0          0          0          0          0       1263 
2016-04-18T12:22:10.200750Z   1/3077314:19773          0          0          0          0          0          0          0          0          0          0          0          0          0          0          0          0          0          0          0          0          0          0          0          0          0          0          0          0          0          0          0          0          0          0          0          0          0          0          0          0          0          0          0          0          0          0          0          0          0          0          0          0          0          0          0          0          0          0          0          0          0          0          0          0          0          0          0          0          0          0          0          0          0          0          0          0          0          0          0          0          0          0          0          0          0          0          0                    0          0          0          0          0          0          0          0          0          0          0          0          0          0          0          0          0          0          0 0          0          0          0          0          0          0          0          0          0          0          0          0          0          0          0          0          0          0          0          0          0          0          0          0          0 0          0         11         53    3077304     605908        283 -14.5561999999999900 -15.1009999999999990 -16.7394999999999920 -19.8877098934377440 -15.6408167947780330 -16.2897160508184130 0.000000000000000000 3.366300366297000000 -0.01100000000000000 -0.02120000000000001 -0.02160000000000001 0.010599999999999991 0.020299999999999990 0.009020000000000002 0.439174750000000000 3.379731379727999800 1 1 0 1 1 1 1 1 1 1 1 1 1 1 1 1 1 1 0 0 0 0 1 1 1 0 0       3350         12         39    3077304     614161        283         87          0          0          0        255         18    3077234     248759          4       1831         13         54    3077304     614879        283      43394      13062          5          0          0          0          0          0          0         15          3          0          0          0          0          0          0          0       1277 
2016-04-18T12:22:40.200301Z   1/3077344:19773          0          0          0          0          0          0          0          0          0          0          0          0          0          0          0          0          0          0          0          0          0          0          0          0          0          0          0          0          0          0          0          0          0          0          0          0          0          0          0          0          0          0          0          0          0          0          0          0          0          0          0          0          0          0          0          0          0          0          0          0          0          0          0          0          0          0          0          0          0          0          0          0          0          0          0          0          0          0          0          0          0          0          0          0          0          0          0                    0          0          0          0          0          0          0          0          0          0          0          0          0          0          0          0          0          0          0 0          0          0          0          0          0          0          0          0          0          0          0          0          0          0          0          0          0          0          0          0          0          0          0          0          0 0          0         11         53    3077334     605909        284 -14.5561999999999900 -15.1009999999999990 -16.6674000000000000 -19.9341838729598630 -15.5548950587625260 -16.2462087367045170 0.000000000000000000 3.366300366297000000 -0.01100000000000000 -0.03190000000000001 -0.02160000000000001 0.011199999999999995 0.019699999999999990 0.009740000000000000 0.439036500000000000 3.379731379727999800 1 1 0 1 1 1 1 1 1 1 1 1 1 1 1 1 1 1 0 0 0 0 1 1 1 0 0       3140         12         39    3077334     614242        284         87          0          0          0        255         18    3077234     248759          4       1943         13         54    3077334     614960        284      43546      13062          5          0          0          0          0          0          0         15          1          0          0          0          0          0          0          0       1029 
2016-04-18T12:23:10.199852Z   1/3077374:19773          0          0          0          0          0          0          0          0          0          0          0          0          0          0          0          0          0          0          0          0          0          0          0          0          0          0          0          0          0          0          0          0          0          0          0          0          0          0          0          0          0          0          0          0          0          0          0          0          0          0          0          0          0          0          0          0          0          0          0          0          0          0          0          0          0          0          0          0          0          0          0          0          0          0          0          0          0          0          0          0          0          0          0          0          0          0          0                    0          0          0          0          0          0          0          0          0          0          0          0          0          0          0          0          0          0          0 0          0          0          0          0          0          0          0          0          0          0          0          0          0          0          0          0          0          0          0          0          0          0          0          0          0 0          0         11         53    3077364     605915        285 -14.4200000000000160 -14.9648000000000250 -16.6674000000000000 -19.8877098934377440 -15.5119867143296800 -16.2027368833646220 0.000000000000000000 3.365079365076000000 -0.02150000000000001 -0.02120000000000001 -0.03220000000000001 0.009099999999999990 0.020899999999999995 0.009460000000000001 0.438345250000000000 3.379731379727999800 1 1 0 1 1 1 1 1 1 1 1 1 1 1 1 1 1 1 0 0 0 0 1 1 1 0 0       3159         12         39    3077364     614327        285         87          0          0          0        255         18    3077234     248759          4       2059         13         54    3077364     615045        285      43698      13062          5          0          0          0          0          0          0         15          0          0          0          0          0          0          0          0       1296 
2016-04-18T12:23:43.199358Z   1/3077407:19773          0          0          0          0          0          0          0          0          0          0          0          0          0          0          0          0          0          0          0          0          0          0          0          0          0          0          0          0          0          0          0          0          0          0          0          0          0          0          0          0          0          0          0          0          0          0          0          0          0          0          0          0          0          0          0          0          0          0          0          0          0          0          0          0          0          0          0          0          0          0          0          0          0          0          0          0          0          0          0          0          0          0          0          0          0          0          0                    0          0          0          0          0          0          0          0          0          0          0          0          0          0          0          0          0          0          0 0          0          0          0          0          0          0          0          0          0          0          0          0          0          0          0          0          0          0          0          0          0          0          0          0          0 0          0         11         53    3077394     605874        286 -14.5561999999999900 -15.1009999999999990 -16.6674000000000000 -19.8877098934377440 -15.4262749305740100 -16.2027368833646220 0.000000000000000000 3.365079365076000000 -0.02150000000000001 -0.02120000000000001 -0.02160000000000001 0.009999999999999995 0.019399999999999994 0.009140000000000000 0.438898250000000000 3.379731379727999800 1 1 0 1 1 1 1 1 1 1 1 1 1 1 1 1 1 1 0 0 0 0 1 1 1 0 0       3140         12         39    3077394     614410        286         87          0          0          0        255         18    3077234     248759          4       1663         13         54    3077394     615128        286      43850      13062          5          0          0          0          0          0          0         15          3          0          0          0          0          0          0          0       1055 
2016-04-18T12:24:30.198654Z   1/3077454:19773          0          0          0          0          0          0          0          0          0          0          0          0          0          0          0          0          0          0          0          0          0          0          0          0          0          0          0          0          0          0          0          0          0          0          0          0          0          0          0          0          0          0          0          0          0          0          0          0          0          0          0          0          0          0          0          0          0          0          0          0          0          0          0          0          0          0          0          0          0          0          0          0          0          0          0          0          0          0          0          0          0          0          0          0          0          0          0                    0          0          0          0          0          0          0          0          0          0          0          0          0          0          0          0          0          0          0 0          0          0          0          0          0          0          0          0          0          0          0          0          0          0          0          0          0          0          0          0          0          0          0          0          0 0          0         11         53    3077424     605874        287 -14.6924000000000200 -15.1009999999999990 -16.6674000000000000 -19.8877098934377440 -15.3407028309123350 -16.2027368833646220 0.000000000000000000 3.365079365076000000 -0.02150000000000001 -0.03190000000000001 -0.01100000000000001 0.010899999999999993 0.021500000000000000 0.009380000000000001 0.439036500000000000 3.379731379727999800 1 1 0 1 1 1 1 1 1 1 1 1 1 1 1 1 1 1 0 0 0 0 1 1 1 0 0       2930         12         39    3077424     614492        287         87          0          0          0        255         18    3077234     248759          4       1776         13         54    3077424     615210        287      44002      13062          5          0          0          0          0          0          0         15          1          0          0          0          0          0          0          0       1063 
2016-04-18T12:25:00.198205Z   1/3077484:19773          0          0          0          0          0          0          0          0          0          0          0          0          0          0          0          0          0          0          0          0          0          0          0          0          0          0          0          0          0          0          0          0          0          0          0          0          0          0          0          0          0          0          0          0          0          0          0          0          0          0          0          0          0          0          0          0          0          0          0          0          0          0          0          0          0          0          0          0          0          0          0          0          0          0          0          0          0          0          0          0          0          0          0          0          0          0          0                    0          0          0          0          0          0          0          0          0          0          0          0          0          0          0          0          0          0          0 0          0          0          0          0          0          0          0          0          0          0          0          0          0          0          0          0          0          0          0          0          0          0          0          0          0 0          0         11         53    3077454     605875        288 -14.5561999999999900 -15.1009999999999990 -16.6674000000000000 -19.8877098934377440 -15.2552701880812830 -16.1593004623908300 0.000000000000000000 3.366300366297000000 -0.02150000000000001 -0.03190000000000001 -0.03220000000000001 0.009699999999999993 0.019399999999999994 0.008900000000000000 0.438760000000000000 3.379731379727999800 1 1 0 1 1 1 1 1 1 1 1 1 1 1 1 1 1 1 0 0 0 0 1 1 1 0 0       3189         12         39    3077454     613577        288         87          0          0          0        255         18    3077234     248759          4       1912         13         54    3077454     614295        288      44154      13062          5          0          0          0          0          0          0         15          3          0          0          0          0          0          0          0       1098 
2016-04-18T12:25:30.197756Z   1/3077514:19773          0          0          0          0          0          0          0          0          0          0          0          0          0          0          0          0          0          0          0          0          0          0          0          0          0          0          0          0          0          0          0          0          0          0          0          0          0          0          0          0          0          0          0          0          0          0          0          0          0          0          0          0          0          0          0          0          0          0          0          0          0          0          0          0          0          0          0          0          0          0          0          0          0          0          0          0          0          0          0          0          0          0          0          0          0          0          0                    0          0          0          0          0          0          0          0          0          0          0          0          0          0          0          0          0          0          0 0          0          0          0          0          0          0          0          0          0          0          0          0          0          0          0          0          0          0          0          0          0          0          0          0          0 0          0         11         53    3077484     605875        289 -14.5561999999999900 -15.1009999999999990 -16.5952999999999950 -19.9341838729598630 -15.2126060919574120 -16.2027368833646220 0.000000000000000000 3.366300366297000000 -0.02150000000000001 -0.04260000000000001 -0.02160000000000001 0.010299999999999990 0.019999999999999997 0.009100000000000002 0.439313000000000000 3.379731379727999800 1 1 0 1 1 1 1 1 1 1 1 1 1 1 1 1 1 1 0 0 0 0 1 1 1 0 0       3233         12         39    3077484     613658        289         87          0          0          0        255         18    3077234     248759          4       1769         13         54    3077484     614376        289      44306      13062          5          0          0          0          0          0          0         15          0          0          0          0          0          0          0          0       1104 
2016-04-18T12:26:00.197307Z   1/3077544:19773          0          0          0          0          0          0          0          0          0          0          0          0          0          0          0          0          0          0          0          0          0          0          0          0          0          0          0          0          0          0          0          0          0          0          0          0          0          0          0          0          0          0          0          0          0          0          0          0          0          0          0          0          0          0          0          0          0          0          0          0          0          0          0          0          0          0          0          0          0          0          0          0          0          0          0          0          0          0          0          0          0          0          0          0          0          0          0                    0          0          0          0          0          0          0          0          0          0          0          0          0          0          0          0          0          0          0 0          0          0          0          0          0          0          0          0          0          0          0          0          0          0          0          0          0          0          0          0          0          0          0          0          0 0          0         11         53    3077514     605874        290 -14.5561999999999900 -15.1009999999999990 -16.5952999999999950 -19.8877098934377440 -15.1699767748174280 -16.1593004623908300 0.000000000000000000 3.365079365076000000 -0.01100000000000000 -0.02120000000000001 -0.02160000000000001 0.012399999999999994 0.020899999999999995 0.008780000000000001 0.438898250000000000 3.378510378507000000 1 1 0 1 1 1 1 1 1 1 1 1 1 1 1 1 1 1 0 0 0 0 1 1 1 0 0       3260         12         39    3077514     613743        290         87          0          0          0        255         18    3077234     248759          4       1885         13         54    3077514     614461        290      44458      13062          5          0          0          0          0          0          0         15          3          0          0          0          0          0          0          0       1120 
2016-04-18T12:26:30.196858Z   1/3077574:19773          0          0          0          0          0          0          0          0          0          0          0          0          0          0          0          0          0          0          0          0          0          0          0          0          0          0          0          0          0          0          0          0          0          0          0          0          0          0          0          0          0          0          0          0          0          0          0          0          0          0          0          0          0          0          0          0          0          0          0          0          0          0          0          0          0          0          0          0          0          0          0          0          0          0          0          0          0          0          0          0          0          0          0          0          0          0          0                    0          0          0          0          0          0          0          0          0          0          0          0          0          0          0          0          0          0          0 0          0          0          0          0          0          0          0          0          0          0          0          0          0          0          0          0          0          0          0          0          0          0          0          0          0 0          0         11         53    3077544     605874        291 -14.4200000000000160 -15.1009999999999990 -16.5952999999999950 -19.8877098934377440 -15.0848223638574550 -16.1593004623908300 0.000000000000000000 3.366300366297000000 -0.02150000000000001 -0.02120000000000001 -0.02160000000000001 0.011499999999999990 0.019100000000000000 0.009260000000000003 0.438345250000000000 3.379731379727999800 1 1 0 1 1 1 1 1 1 1 1 1 1 1 1 1 1 1 0 0 0 0 1 1 1 0 0       3290         12         39    3077544     613827        291         87          0          0          0        255         18    3077234     248759          4       2000         13         54    3077544     614545        291      44610      13062          5          0          0          0          0          0          0         15          1          0          0          0          0          0          0          0       1130 
2016-04-18T12:27:00.196409Z   1/3077604:19773          0          0          0          0          0          0          0          0          0          0          0          0          0          0          0          0          0          0          0          0          0          0          0          0          0          0          0          0          0          0          0          0          0          0          0          0          0          0          0          0          0          0          0          0          0          0          0          0          0          0          0          0          0          0          0          0          0          0          0          0          0          0          0          0          0          0          0          0          0          0          0          0          0          0          0          0          0          0          0          0          0          0          0          0          0          0          0                    0          0          0          0          0          0          0          0          0          0          0          0          0          0          0          0          0          0          0 0          0          0          0          0          0          0          0          0          0          0          0          0          0          0          0          0          0          0          0          0          0          0          0          0          0 0          0         11         53    3077574     605875        292 -14.4200000000000160 -15.1009999999999990 -16.6674000000000000 -19.8877098934377440 -15.0422972132216160 -16.1158994453752200 0.000000000000000000 3.367521367518000000 -0.01100000000000000 -0.03190000000000001 -0.01100000000000001 0.010899999999999993 0.020899999999999995 0.009380000000000001 0.438898250000000000 3.380952380949000000 1 1 0 1 1 1 1 1 1 1 1 1 1 1 1 1 1 1 0 0 0 0 1 1 1 0 0       3080         12         39    3077574     613909        292         87          0          0          0        255         18    3077234     248759          4       1858         13         54    3077574     614627        292      44762      13062          5          0          0          0          0          0          0         15          3          0          0          0          0          0          0          0       1397 
2016-04-18T12:27:30.195960Z   1/3077634:19773          0          0          0          0          0          0          0          0          0          0          0          0          0          0          0          0          0          0          0          0          0          0          0          0          0          0          0          0          0          0          0          0          0          0          0          0          0          0          0          0          0          0          0          0          0          0          0          0          0          0          0          0          0          0          0          0          0          0          0          0          0          0          0          0          0          0          0          0          0          0          0          0          0          0          0          0          0          0          0          0          0          0          0          0          0          0          0                    0          0          0          0          0          0          0          0          0          0          0          0          0          0          0          0          0          0          0 0          0          0          0          0          0          0          0          0          0          0          0          0          0          0          0          0          0          0          0          0          0          0          0          0          0 0          0         11         53    3077604     605874        293 -14.4200000000000160 -15.1009999999999990 -16.6674000000000000 -19.8877098934377440 -14.9998067279379090 -16.1158994453752200 0.000000000000000000 3.366300366297000000 -0.02150000000000001 -0.02120000000000001 -0.02160000000000001 0.010599999999999991 0.019100000000000000 0.008300000000000000 0.438621750000000030 3.379731379727999800 1 1 0 1 1 1 1 1 1 1 1 1 1 1 1 1 1 1 0 0 0 0 1 1 1 0 0       3325         12         39    3077604     613992        293         87          0          0          0        255         18    3077234     248759          4       1972         13         54    3077604     614710        293      44914      13062          5          0          0          0          0          0          0         15          1          0          0          0          0          0          0          0       1151 
2016-04-18T12:28:00.195511Z   1/3077664:19773          0          0          0          0          0          0          0          0          0          0          0          0          0          0          0          0          0          0          0          0          0          0          0          0          0          0          0          0          0          0          0          0          0          0          0          0          0          0          0          0          0          0          0          0          0          0          0          0          0          0          0          0          0          0          0          0          0          0          0          0          0          0          0          0          0          0          0          0          0          0          0          0          0          0          0          0          0          0          0          0          0          0          0          0          0          0          0                    0          0          0          0          0          0          0          0          0          0          0          0          0          0          0          0          0          0          0 0          0          0          0          0          0          0          0          0          0          0          0          0          0          0          0          0          0          0          0          0          0          0          0          0          0 0          0         11         53    3077634     605875        294 -14.4200000000000160 -15.1009999999999990 -16.5952999999999950 -19.8877098934377440 -14.9573508795985500 -16.1158994453752200 0.000000000000000000 3.365079365076000000 -0.01100000000000000 -0.02120000000000001 -0.02160000000000001 0.010299999999999990 0.019100000000000000 0.009140000000000000 0.437792250000000000 3.379731379727999800 1 1 0 1 1 1 1 1 1 1 1 1 1 1 1 1 1 1 0 0 0 0 1 1 1 0 0       3114         12         39    3077634     614075        294         87          0          0          0        255         18    3077234     248759          4       1831         13         54    3077634     614793        294      45066      13062          5          0          0          0          0          0          0         15          0          0          0          0          0          0          0          0        906 
2016-04-18T12:28:30.195062Z   1/3077694:19773          0          0          0          0          0          0          0          0          0          0          0          0          0          0          0          0          0          0          0          0          0          0          0          0          0          0          0          0          0          0          0          0          0          0          0          0          0          0          0          0          0          0          0          0          0          0          0          0          0          0          0          0          0          0          0          0          0          0          0          0          0          0          0          0          0          0          0          0          0          0          0          0          0          0          0          0          0          0          0          0          0          0          0          0          0          0          0                    0          0          0          0          0          0          0          0          0          0          0          0          0          0          0          0          0          0          0 0          0          0          0          0          0          0          0          0          0          0          0          0          0          0          0          0          0          0          0          0          0          0          0          0          0 0          0         11         53    3077664     605908        295 -14.4200000000000160 -15.1009999999999990 -16.6674000000000000 -19.8412736757314580 -14.8725429801208970 -16.0725338039098900 0.000000000000000000 3.366300366297000000 -0.02150000000000001 -0.03190000000000001 -0.01100000000000001 0.010299999999999990 0.020899999999999995 0.008780000000000001 0.439451250000000000 3.379731379727999800 1 1 0 1 1 1 1 1 1 1 1 1 1 1 1 1 1 1 0 0 0 0 1 1 1 0 0       3184         12         39    3077664     614158        295         87          0          0          0        255         18    3077234     248759          4       1690         13         54    3077664     614876        295      45218      13062          5          0          0          0          0          0          0         15          3          0          0          0          0          0          0          0       1175 
2016-04-18T12:29:00.194613Z   1/3077724:19773          0          0          0          0          0          0          0          0          0          0          0          0          0          0          0          0          0          0          0          0          0          0          0          0          0          0          0          0          0          0          0          0          0          0          0          0          0          0          0          0          0          0          0          0          0          0          0          0          0          0          0          0          0          0          0          0          0          0          0          0          0          0          0          0          0          0          0          0          0          0          0          0          0          0          0          0          0          0          0          0          0          0          0          0          0          0          0                    0          0          0          0          0          0          0          0          0          0          0          0          0          0          0          0          0          0          0 0          0          0          0          0          0          0          0          0          0          0          0          0          0          0          0          0          0          0          0          0          0          0          0          0          0 0          0         11         53    3077694     605908        296 -14.2837999999999850 -15.1009999999999990 -16.6674000000000000 -19.8877098934377440 -14.8725429801208970 -16.0725338039098900 0.000000000000000000 3.367521367518000000 -0.02150000000000001 -0.03190000000000001 -0.02160000000000001 0.011199999999999995 0.018799999999999990 0.008820000000000000 0.438345250000000000 3.380952380949000000 1 1 0 1 1 1 1 1 1 1 1 1 1 1 1 1 1 1 0 0 0 0 1 1 1 0 0       3207         12         39    3077694     614241        296         87          0          0          0        255         18    3077234     248759          4       1804         13         54    3077694     614959        296      45370      13062          5          0          0          0          0          0          0         15          1          0          0          0          0          0          0          0        929 
2016-04-18T12:29:30.194164Z   1/3077754:19773          0          0          0          0          0          0          0          0          0          0          0          0          0          0          0          0          0          0          0          0          0          0          0          0          0          0          0          0          0          0          0          0          0          0          0          0          0          0          0          0          0          0          0          0          0          0          0          0          0          0          0          0          0          0          0          0          0          0          0          0          0          0          0          0          0          0          0          0          0          0          0          0          0          0          0          0          0          0          0          0          0          0          0          0          0          0          0                    0          0          0          0          0          0          0          0          0          0          0          0          0          0          0          0          0          0          0 0          0          0          0          0          0          0          0          0          0          0          0          0          0          0          0          0          0          0          0          0          0          0          0          0          0 0          0         11         53    3077724     605915        297 -14.4200000000000160 -15.1009999999999990 -16.5952999999999950 -19.8412736757314580 -14.8301908721667810 -16.0725338039098900 0.001221001221000000 3.365079365076000000 -0.02150000000000001 -0.02120000000000001 -0.02160000000000001 0.010899999999999993 0.020600000000000000 0.009380000000000001 0.438483500000000000 3.379731379727999800 1 1 0 1 1 1 1 1 1 1 1 1 1 1 1 1 1 1 0 0 0 0 1 1 1 0 0       3005         12         39    3077724     614324        297         87          0          0          0        255         18    3077234     248759          4       1918         13         54    3077724     615042        297      45522      13062          5          0          0          0          0          0          0         15          3          0          0          0          0          0          0          0       1197 
2016-04-18T12:30:00.193715Z   1/3077784:19773          0          0          0          0          0          0          0          0          0          0          0          0          0          0          0          0          0          0          0          0          0          0          0          0          0          0          0          0          0          0          0          0          0          0          0          0          0          0          0          0          0          0          0          0          0          0          0          0          0          0          0          0          0          0          0          0          0          0          0          0          0          0          0          0          0          0          0          0          0          0          0          0          0          0          0          0          0          0          0          0          0          0          0          0          0          0          0                    0          0          0          0          0          0          0          0          0          0          0          0          0          0          0          0          0          0          0 0          0          0          0          0          0          0          0          0          0          0          0          0          0          0          0          0          0          0          0          0          0          0          0          0          0 0          0         11         53    3077754     605874        298 -14.2837999999999850 -14.9648000000000250 -16.6674000000000000 -19.8877098934377440 -14.7878732875252300 -16.0725338039098900 0.000000000000000000 3.366300366297000000 -0.01100000000000000 -0.02120000000000001 -0.02160000000000001 0.011199999999999995 0.020299999999999990 0.009820000000000000 0.438207000000000000 3.379731379727999800 1 1 0 1 1 1 1 1 1 1 1 1 1 1 1 1 1 1 0 0 0 0 1 1 1 0 0       3008         12         39    3077754     614406        298         87          0          0          0        255         18    3077234     248759          4       1776         13         54    3077754     615124        298      45674      13062          5          0          0          0          0          0          0         15          1          0          0          0          0          0          0          0       1205 
2016-04-18T12:30:30.193266Z   1/3077814:19773          0          0          0          0          0          0          0          0          0          0          0          0          0          0          0          0          0          0          0          0          0          0          0          0          0          0          0          0          0          0          0          0          0          0          0          0          0          0          0          0          0          0          0          0          0          0          0          0          0          0          0          0          0          0          0          0          0          0          0          0          0          0          0          0          0          0          0          0          0          0          0          0          0          0          0          0          0          0          0          0          0          0          0          0          0          0          0                    0          0          0          0          0          0          0          0          0          0          0          0          0          0          0          0          0          0          0 0          0          0          0          0          0          0          0          0          0          0          0          0          0          0          0          0          0          0          0          0          0          0          0          0          0 0          0         11         53    3077784     605874        299 -14.2837999999999850 -14.9648000000000250 -16.5952999999999950 -19.8412736757314580 -14.7033415745482050 -16.0725338039098900 0.000000000000000000 3.365079365076000000 -0.01100000000000000 -0.02120000000000001 -0.02160000000000001 0.010899999999999993 0.020899999999999995 0.008180000000000002 0.438068750000000000 3.379731379727999800 1 1 0 1 1 1 1 1 1 1 1 1 1 1 1 1 1 1 0 0 0 0 1 1 1 0 0       3248         12         39    3077784     614491        299         87          0          0          0        255         18    3077234     248759          4       1892         13         54    3077784     615209        299      45826      13062          5          0          0          0          0          0          0         15          0          0          0          0          0          0          0          0        962 
2016-04-18T12:31:00.192816Z   1/3077844:19773          0          0          0          0          0          0          0          0          0          0          0          0          0          0          0          0          0          0          0          0          0          0          0          0          0          0          0          0          0          0          0          0          0          0          0          0          0          0          0          0          0          0          0          0          0          0          0          0          0          0          0          0          0          0          0          0          0          0          0          0          0          0          0          0          0          0          0          0          0          0          0          0          0          0          0          0          0          0          0          0          0          0          0          0          0          0          0                    0          0          0          0          0          0          0          0          0          0          0          0          0          0          0          0          0          0          0 0          0          0          0          0          0          0          0          0          0          0          0          0          0          0          0          0          0          0          0          0          0          0          0          0          0 0          0         11         53    3077814     605874        300 -14.2837999999999850 -14.9648000000000250 -16.5952999999999950 -19.8412736757314580 -14.7033415745482050 -16.0292035095869200 0.000000000000000000 3.366300366297000000 -0.03200000000000000 -0.02120000000000001 -0.02160000000000001 0.009699999999999993 0.021799999999999993 0.008740000000000000 0.438898250000000000 3.379731379727999800 1 1 0 1 1 1 1 1 1 1 1 1 1 1 1 1 1 1 0 0 0 0 1 1 1 0 0       3296         12         39    3077814     613581        300         87          0          0          0        255         18    3077234     248759          4       2033         13         54    3077814     614300        300      45978      13062          5          0          0          0          0          0          0         15          3          0          0          0          0          0          0          0       1259 
2016-04-18T12:31:30.192367Z   1/3077874:19773          0          0          0          0          0          0          0          0          0          0          0          0          0          0          0          0          0          0          0          0          0          0          0          0          0          0          0          0          0          0          0          0          0          0          0          0          0          0          0          0          0          0          0          0          0          0          0          0          0          0          0          0          0          0          0          0          0          0          0          0          0          0          0          0          0          0          0          0          0          0          0          0          0          0          0          0          0          0          0          0          0          0          0          0          0          0          0                    0          0          0          0          0         10         21    3077834     301873         19          4          0          0          0          0          0          0          0          0 0          0          0          0          0          0          0          0          0          0          0          0          0          0          0          0          0          0          0          0          0          0          0          0          0          0 0        756         11         53    3077844     605875        301 -14.2837999999999850 -15.1009999999999990 -16.5952999999999950 -19.8412736757314580 -14.6611273893968810 -16.0292035095869200 0.000000000000000000 3.365079365076000000 -0.02150000000000001 -0.02120000000000001 -0.02160000000000001 0.010299999999999990 0.021199999999999990 0.008260000000000002 0.439313000000000000 3.378510378507000000 1 1 0 1 1 1 1 1 1 1 1 1 1 1 1 1 1 1 0 0 0 0 1 1 1 0 0       3316         12         39    3077844     613811        301         87          0          0          0        255         19    3077834     301873          4       1949         13         54    3077844     614529        301      46151      14000          5          0          0          0          0          0          0         16          3          0          0          0          0          0          0          0       1356 
2016-04-18T12:32:00.191918Z   1/3077904:19773          0          0          0          0          0          0          0          0          0          0          0          0          0          0          0          0          0          0          0          0          0          0          0          0          0          0          0          0          0          0          0          0          0          0          0          0          0          0          0          0          0          0          0          0          0          0          0          0          0          0          0          0          0          0          0          0          0          0          0          0          0          0          0          0          0          0          0          0          0          0          0          0          0          0          0          0          0          0          0          0          0          0          0          0          0          0          0                    0          0          0          0          0          0          0          0          0          0          0          0          0          0          0          0          0          0          0 0          0          0          0          0          0          0          0          0          0          0          0          0          0          0          0          0          0          0          0          0          0          0          0          0          0 0          0         11         53    3077874     605874        302 -14.1476000000000110 -14.9648000000000250 -16.5952999999999950 -19.8412736757314580 -14.6189476139264230 -16.0292035095869200 0.000000000000000000 3.367521367518000000 -0.02150000000000001 -0.03190000000000001 -0.03220000000000001 0.009699999999999993 0.020299999999999990 0.008740000000000000 0.439036500000000000 3.380952380949000000 1 1 0 1 1 1 1 1 1 1 1 1 1 1 1 1 1 1 0 0 0 0 1 1 1 0 0       3354         12         39    3077874     613747        302         87          0          0          0        255         19    3077834     301873          4       1916         13         54    3077874     614466        302      46303      14000          5          0          0          0          0          0          0         16          3          0          0          0          0          0          0          0       1476 
2016-04-18T12:32:30.191469Z   1/3077934:19773          0          0          0          0          0          0          0          0          0          0          0          0          0          0          0          0          0          0          0          0          0          0          0          0          0          0          0          0          0          0          0          0          0          0          0          0          0          0          0          0          0          0          0          0          0          0          0          0          0          0          0          0          0          0          0          0          0          0          0          0          0          0          0          0          0          0          0          0          0          0          0          0          0          0          0          0          0          0          0          0          0          0          0          0          0          0          0                    0          0          0          0          0          0          0          0          0          0          0          0          0          0          0          0          0          0          0 0          0          0          0          0          0          0          0          0          0          0          0          0          0          0          0          0          0          0          0          0          0          0          0          0          0 0          0         11         53    3077904     605874        303 -14.2837999999999850 -14.9648000000000250 -16.5232000000000030 -19.8412736757314580 -14.5768022197289330 -15.9859085339983270 0.000000000000000000 3.366300366297000000 -0.02150000000000001 -0.01050000000000001 -0.02160000000000001 0.009999999999999995 0.019999999999999997 0.008660000000000003 0.439313000000000000 3.379731379727999800 1 1 0 1 1 1 1 1 1 1 1 1 1 1 1 1 1 1 0 0 0 0 1 1 1 0 0       3127         12         39    3077904     613830        303         87          0          0          0        255         19    3077834     301873          4       1775         13         54    3077904     614549        303      46455      14000          5          0          0          0          0          0          0         16          1          0          0          0          0          0          0          0       1230 
2016-04-18T12:33:00.191020Z   1/3077964:19773          0          0          0          0          0          0          0          0          0          0          0          0          0          0          0          0          0          0          0          0          0          0          0          0          0          0          0          0          0          0          0          0          0          0          0          0          0          0          0          0          0          0          0          0          0          0          0          0          0          0          0          0          0          0          0          0          0          0          0          0          0          0          0          0          0          0          0          0          0          0          0          0          0          0          0          0          0          0          0          0          0          0          0          0          0          0          0                    0          0          0          0          0          0          0          0          0          0          0          0          0          0          0          0          0          0          0 0          0          0          0          0          0          0          0          0          0          0          0          0          0          0          0          0          0          0          0          0          0          0          0          0          0 0          0         11         53    3077934     605875        304 -14.2837999999999850 -15.1009999999999990 -16.5952999999999950 -19.8412736757314580 -14.5768022197289330 -15.9859085339983270 0.000000000000000000 3.366300366297000000 -0.01100000000000000 -0.02120000000000001 -0.01100000000000001 0.012099999999999993 0.019699999999999990 0.009460000000000001 0.438898250000000000 3.379731379727999800 1 1 0 1 1 1 1 1 1 1 1 1 1 1 1 1 1 1 0 0 0 0 1 1 1 0 0       2928         12         39    3077934     613914        304         87          0          0          0        255         19    3077834     301873          4       1635         13         54    3077934     614633        304      46607      14000          5          0          0          0          0          0          0         16          0          0          0          0          0          0          0          0       1241 
2016-04-18T12:33:30.190571Z   1/3077994:19773          0          0          0          0          0          0          0          0          0          0          0          0          0          0          0          0          0          0          0          0          0          0          0          0          0          0          0          0          0          0          0          0          0          0          0          0          0          0          0          0          0          0          0          0          0          0          0          0          0          0          0          0          0          0          0          0          0          0          0          0          0          0          0          0          0          0          0          0          0          0          0          0          0          0          0          0          0          0          0          0          0          0          0          0          0          0          0                    0          0          0          0          0          0          0          0          0          0          0          0          0          0          0          0          0          0          0 0          0          0          0          0          0          0          0          0          0          0          0          0          0          0          0          0          0          0          0          0          0          0          0          0          0 0          0         11         53    3077964     605874        305 -14.4200000000000160 -14.9648000000000250 -16.5952999999999950 -19.8412736757314580 -14.4926144615211850 -15.9859085339983270 0.000000000000000000 3.366300366297000000 -0.01100000000000000 -0.03190000000000001 -0.02160000000000001 0.009399999999999992 0.019699999999999990 0.009220000000000000 0.437930500000000000 3.379731379727999800 1 1 0 1 1 1 1 1 1 1 1 1 1 1 1 1 1 1 0 0 0 0 1 1 1 0 0       3187         12         39    3077964     613995        305         87          0          0          0        255         19    3077834     301873          4       1747         13         54    3077964     614714        305      46759      14000          5          0          0          0          0          0          0         16          3          0          0          0          0          0          0          0       1253 
2016-04-18T12:34:00.190122Z   1/3078024:19773          0          0          0          0          0          0          0          0          0          0          0          0          0          0          0          0          0          0          0          0          0          0          0          0          0          0          0          0          0          0          0          0          0          0          0          0          0          0          0          0          0          0          0          0          0          0          0          0          0          0          0          0          0          0          0          0          0          0          0          0          0          0          0          0          0          0          0          0          0          0          0          0          0          0          0          0          0          0          0          0          0          0          0          0          0          0          0                    0          0          0          0          0          0          0          0          0          0          0          0          0          0          0          0          0          0          0 0          0          0          0          0          0          0          0          0          0          0          0          0          0          0          0          0          0          0          0          0          0          0          0          0          0 0          0         11         53    3077994     605874        306 -14.1476000000000110 -14.9648000000000250 -16.5952999999999950 -19.7948751914329650 -14.4505720406950220 -15.9426488487362970 0.000000000000000000 3.366300366297000000 -0.02150000000000001 -0.03190000000000001 -0.02160000000000001 0.011499999999999990 0.019999999999999997 0.009140000000000000 0.438898250000000000 3.379731379727999800 1 1 0 1 1 1 1 1 1 1 1 1 1 1 1 1 1 1 0 0 0 0 1 1 1 0 0       3229         12         39    3077994     614080        306         87          0          0          0        255         19    3077834     301873          4       1863         13         54    3077994     614799        306      46911      14000          5          0          0          0          0          0          0         16          1          0          0          0          0          0          0          0       1264 
2016-04-18T12:34:30.189673Z   1/3078054:19773          0          0          0          0          0          0          0          0          0          0          0          0          0          0          0          0          0          0          0          0          0          0          0          0          0          0          0          0          0          0          0          0          0          0          0          0          0          0          0          0          0          0          0          0          0          0          0          0          0          0          0          0          0          0          0          0          0          0          0          0          0          0          0          0          0          0          0          0          0          0          0          0          0          0          0          0          0          0          0          0          0          0          0          0          0          0          0                    0          0          0          0          0          0          0          0          0          0          0          0          0          0          0          0          0          0          0 0          0          0          0          0          0          0          0          0          0          0          0          0          0          0          0          0          0          0          0          0          0          0          0          0          0 0          0         11         53    3078024     605908        307 -14.2837999999999850 -14.9648000000000250 -16.5232000000000030 -19.7948751914329650 -14.4505720406950220 -15.9426488487362970 0.001221001221000000 3.366300366297000000 -0.02150000000000001 -0.02120000000000001 -0.02160000000000001 0.010899999999999993 0.019699999999999990 0.009180000000000002 0.438207000000000000 3.379731379727999800 1 1 0 1 1 1 1 1 1 1 1 1 1 1 1 1 1 1 0 0 0 0 1 1 1 0 0       3287         12         39    3078024     614163        307         87          0          0          0        255         19    3077834     301873          4       1722         13         54    3078024     614882        307      47063      14000          5          0          0          0          0          0          0         16          3          0          0          0          0          0          0          0       1532 
2016-04-18T12:35:00.189224Z   1/3078084:19773          0          0          0          0          0          0          0          0          0          0          0          0          0          0          0          0          0          0          0          0          0          0          0          0          0          0          0          0          0          0          0          0          0          0          0          0          0          0          0          0          0          0          0          0          0          0          0          0          0          0          0          0          0          0          0          0          0          0          0          0          0          0          0          0          0          0          0          0          0          0          0          0          0          0          0          0          0          0          0          0          0          0          0          0          0          0          0                    0          0          0          0          0          0          0          0          0          0          0          0          0          0          0          0          0          0          0 0          0          0          0          0          0          0          0          0          0          0          0          0          0          0          0          0          0          0          0          0          0          0          0          0          0 0          0         11         53    3078054     605908        308 -14.2837999999999850 -14.9648000000000250 -16.5232000000000030 -19.8412736757314580 -14.4505720406950220 -15.9859085339983270 0.000000000000000000 3.366300366297000000 -0.01100000000000000 -0.03190000000000001 -0.02160000000000001 0.010599999999999991 0.018799999999999990 0.009100000000000002 0.438207000000000000 3.379731379727999800 1 1 0 1 1 1 1 1 1 1 1 1 1 1 1 1 1 1 0 0 0 0 1 1 1 0 0       3313         12         39    3078054     614246        308         87          0          0          0        255         19    3077834     301873          4       1836         13         54    3078054     614965        308      47215      14000          5          0          0          0          0          0          0         16          1          0          0          0          0          0          0          0       1286 
2016-04-18T12:35:30.188775Z   1/3078114:19773          0          0          0          0          0          0          0          0          0          0          0          0          0          0          0          0          0          0          0          0          0          0          0          0          0          0          0          0          0          0          0          0          0          0          0          0          0          0          0          0          0          0          0          0          0          0          0          0          0          0          0          0          0          0          0          0          0          0          0          0          0          0          0          0          0          0          0          0          0          0          0          0          0          0          0          0          0          0          0          0          0          0          0          0          0          0          0                    0          0          0          0          0          0          0          0          0          0          0          0          0          0          0          0          0          0          0 0          0          0          0          0          0          0          0          0          0          0          0          0          0          0          0          0          0          0          0          0          0          0          0          0          0 0          0         11         53    3078084     605923        309 -14.1476000000000110 -15.1009999999999990 -16.5232000000000030 -19.7948751914329650 -14.4085638875101840 -15.9426488487362970 0.000000000000000000 3.365079365076000000 -0.02150000000000001 -0.03190000000000001 -0.03220000000000001 0.011499999999999990 0.021199999999999990 0.008740000000000000 0.438760000000000000 3.378510378507000000 1 1 0 1 1 1 1 1 1 1 1 1 1 1 1 1 1 1 0 0 0 0 1 1 1 0 0       3358         12         39    3078084     614329        309         87          0          0          0        255         19    3077834     301873          4       1950         13         54    3078084     615048        309      47367      14000          5          0          0          0          0          0          0         16          0          0          0          0          0          0          0          0       1296 
2016-04-18T12:36:00.188326Z   1/3078144:19773          0          0          0          0          0          0          0          0          0          0          0          0          0          0          0          0          0          0          0          0          0          0          0          0          0          0          0          0          0          0          0          0          0          0          0          0          0          0          0          0          0          0          0          0          0          0          0          0          0          0          0          0          0          0          0          0          0          0          0          0          0          0          0          0          0          0          0          0          0          0          0          0          0          0          0          0          0          0          0          0          0          0          0          0          0          0          0                    0          0          0          0          0          0          0          0          0          0          0          0          0          0          0          0          0          0          0 0          0          0          0          0          0          0          0          0          0          0          0          0          0          0          0          0          0          0          0          0          0          0          0          0          0 0          0         11         53    3078114     605875        310 -14.1476000000000110 -14.9648000000000250 -16.5232000000000030 -19.7948751914329650 -14.3665899735587170 -15.9426488487362970 0.000000000000000000 3.366300366297000000 -0.02150000000000001 -0.03190000000000001 -0.02160000000000001 0.011199999999999995 0.020299999999999990 0.009340000000000003 0.438483500000000000 3.379731379727999800 1 1 0 1 1 1 1 1 1 1 1 1 1 1 1 1 1 1 0 0 0 0 1 1 1 0 0       3353         12         39    3078114     614408        310         87          0          0          0        255         19    3077834     301873          4       1805         13         54    3078114     615128        310      47519      14000          5          0          0          0          0          0          0         16          1          0          0          0          0          0          0          0       1560 
2016-04-18T12:36:30.187877Z   1/3078174:19773          0          0          0          0          0          0          0          0          0          0          0          0          0          0          0          0          0          0          0          0          0          0          0          0          0          0          0          0          0          0          0          0          0          0          0          0          0          0          0          0          0          0          0          0          0          0          0          0          0          0          0          0          0          0          0          0          0          0          0          0          0          0          0          0          0          0          0          0          0          0          0          0          0          0          0          0          0          0          0          0          0          0          0          0          0          0          0                    0          0          0          0          0          0          0          0          0          0          0          0          0          0          0          0          0          0          0 0          0          0          0          0          0          0          0          0          0          0          0          0          0          0          0          0          0          0          0          0          0          0          0          0          0 0          0         11         53    3078144     605874        311 -14.2837999999999850 -14.9648000000000250 -16.4510999999999970 -19.7948751914329650 -14.3246502704326130 -15.9426488487362970 0.000000000000000000 3.366300366297000000 -0.02150000000000001 -0.02120000000000001 -0.01100000000000001 0.012399999999999994 0.019999999999999997 0.009220000000000000 0.437930500000000000 3.379731379727999800 1 1 0 1 1 1 1 1 1 1 1 1 1 1 1 1 1 1 0 0 0 0 1 1 1 0 0       3123         12         39    3078144     614496        311         87          0          0          0        255         19    3077834     301873          4       1669         13         54    3078144     615215        311      47671      14000          5          0          0          0          0          0          0         16          0          0          0          0          0          0          0          0       1064 
2016-04-18T12:37:00.187428Z   1/3078204:19773          0          0          0          0          0          0          0          0          0          0          0          0          0          0          0          0          0          0          0          0          0          0          0          0          0          0          0          0          0          0          0          0          0          0          0          0          0          0          0          0          0          0          0          0          0          0          0          0          0          0          0          0          0          0          0          0          0          0          0          0          0          0          0          0          0          0          0          0          0          0          0          0          0          0          0          0          0          0          0          0          0          0          0          0          0          0          0                    0          0          0          0          0          0          0          0          0          0          0          0          0          0          0          0          0          0          0 0          0          0          0          0          0          0          0          0          0          0          0          0          0          0          0          0          0          0          0          0          0          0          0          0          0 0          0         11         53    3078174     605874        312 -14.2837999999999850 -14.9648000000000250 -16.4510999999999970 -19.7485144121344260 -14.3246502704326130 -15.8994244253927380 0.000000000000000000 3.366300366297000000 -0.01100000000000000 -0.03190000000000001 -0.02160000000000001 0.010599999999999991 0.019699999999999990 0.009180000000000002 0.438760000000000000 3.379731379727999800 1 1 0 1 1 1 1 1 1 1 1 1 1 1 1 1 1 1 0 0 0 0 1 1 1 0 0       3149         12         39    3078174     613600        312         87          0          0          0        255         19    3077834     301873          4       1824         13         54    3078174     614328        312      47823      14000          5          0          0          0          0          0          0         16          1          0          0          0          0          0          0          0       1381 
2016-04-18T12:37:30.186979Z   1/3078234:19773          0          0          0          0          0          0          0          0          0          0          0          0          0          0          0          0          0          0          0          0          0          0          0          0          0          0          0          0          0          0          0          0          0          0          0          0          0          0          0          0          0          0          0          0          0          0          0          0          0          0          0          0          0          0          0          0          0          0          0          0          0          0          0          0          0          0          0          0          0          0          0          0          0          0          0          0          0          0          0          0          0          0          0          0          0          0          0                    0          0          0          0          0          0          0          0          0          0          0          0          0          0          0          0          0          0          0 0          0          0          0          0          0          0          0          0          0          0          0          0          0          0          0          0          0          0          0          0          0          0          0          0          0 0          0         11         53    3078204     605877        313 -14.1476000000000110 -14.8285999999999940 -16.5232000000000030 -19.7485144121344260 -14.2827447497240600 -15.8994244253927380 0.000000000000000000 3.366300366297000000 -0.01100000000000000 -0.03190000000000001 -0.01100000000000001 0.009999999999999995 0.020299999999999990 0.009100000000000002 0.438621750000000030 3.379731379727999800 1 1 0 1 1 1 1 1 1 1 1 1 1 1 1 1 1 1 0 0 0 0 1 1 1 0 0       3183         12         39    3078204     613651        313         87          0          0          0        255         19    3077834     301873          4       1651         13         54    3078204     614369        313      47975      14000          5          0          0          0          0          0          0         16          3          0          0          0          0          0          0          0       1352 
2016-04-18T12:38:00.186529Z   1/3078264:19773          0          0          0          0          0          0          0          0          0          0          0          0          0          0          0          0          0          0          0          0          0          0          0          0          0          0          0          0          0          0          0          0          0          0          0          0          0          0          0          0          0          0          0          0          0          0          0          0          0          0          0          0          0          0          0          0          0          0          0          0          0          0          0          0          0          0          0          0          0          0          0          0          0          0          0          0          0          0          0          0          0          0          0          0          0          0          0                    0          0          0          0          0          0          0          0          0          0          0          0          0          0          0          0          0          0          0 0          0          0          0          0          0          0          0          0          0          0          0          0          0          0          0          0          0          0          0          0          0          0          0          0          0 0          0         11         53    3078234     605877        314 -14.1476000000000110 -14.9648000000000250 -16.5232000000000030 -19.7485144121344260 -14.2408733830250470 -15.8994244253927380 0.000000000000000000 3.366300366297000000 -0.01100000000000000 -0.02120000000000001 -0.02160000000000001 0.011799999999999991 0.021199999999999990 0.008700000000000001 0.438483500000000000 3.379731379727999800 1 1 0 1 1 1 1 1 1 1 1 1 1 1 1 1 1 1 0 0 0 0 1 1 1 0 0       3210         12         39    3078234     613733        314         87          0          0          0        255         19    3077834     301873          4       1764         13         54    3078234     614451        314      48127      14000          5          0          0          0          0          0          0         16          1          0          0          0          0          0          0          0       1360 
2016-04-18T12:38:30.186080Z   1/3078294:19773          0          0          0          0          0          0          0          0          0          0          0          0          0          0          0          0          0          0          0          0          0          0          0          0          0          0          0          0          0          0          0          0          0          0          0          0          0          0          0          0          0          0          0          0          0          0          0          0          0          0          0          0          0          0          0          0          0          0          0          0          0          0          0          0          0          0          0          0          0          0          0          0          0          0          0          0          0          0          0          0          0          0          0          0          0          0          0                    0          0          0          0          0          0          0          0          0          0          0          0          0          0          0          0          0          0          0 0          0          0          0          0          0          0          0          0          0          0          0          0          0          0          0          0          0          0          0          0          0          0          0          0          0 0          0         11         53    3078264     605877        315 -14.2837999999999850 -14.9648000000000250 -16.5952999999999950 -19.7485144121344260 -14.1990361419277350 -15.8994244253927380 0.000000000000000000 3.366300366297000000 -0.01100000000000000 -0.03190000000000001 -0.02160000000000001 0.010599999999999991 0.019399999999999994 0.009700000000000002 0.438483500000000000 3.380952380949000000 1 1 0 1 1 1 1 1 1 1 1 1 1 1 1 1 1 1 0 0 0 0 1 1 1 0 0       3000         12         39    3078264     613817        315         87          0          0          0        255         19    3077834     301873          4       1879         13         54    3078264     614535        315      48279      14000          5          0          0          0          0          0          0         16          0          0          0          0          0          0          0          0       1371 
2016-04-18T12:39:00.185631Z   1/3078324:19773          0          0          0          0          0          0          0          0          0          0          0          0          0          0          0          0          0          0          0          0          0          0          0          0          0          0          0          0          0          0          0          0          0          0          0          0          0          0          0          0          0          0          0          0          0          0          0          0          0          0          0          0          0          0          0          0          0          0          0          0          0          0          0          0          0          0          0          0          0          0          0          0          0          0          0          0          0          0          0          0          0          0          0          0          0          0          0                    0          0          0          0          0          0          0          0          0          0          0          0          0          0          0          0          0          0          0 0          0          0          0          0          0          0          0          0          0          0          0          0          0          0          0          0          0          0          0          0          0          0          0          0          0 0          0         11         53    3078294     605891        316 -14.1476000000000110 -14.9648000000000250 -16.5232000000000030 -19.7485144121344260 -14.2408733830250470 -15.8994244253927380 0.000000000000000000 3.365079365076000000 -0.02150000000000001 -0.02120000000000001 -0.02160000000000001 0.009699999999999993 0.021199999999999990 0.009220000000000000 0.438345250000000000 3.379731379727999800 1 1 0 1 1 1 1 1 1 1 1 1 1 1 1 1 1 1 0 0 0 0 1 1 1 0 0       3289         12         39    3078294     613900        316         87          0          0          0        255         19    3077834     301873          4       1738         13         54    3078294     614618        316      48431      14000          5          0          0          0          0          0          0         16          3          0          0          0          0          0          0          0       1385 
2016-04-18T12:39:30.185182Z   1/3078354:19773          0          0          0          0          0          0          0          0          0          0          0          0          0          0          0          0          0          0          0          0          0          0          0          0          0          0          0          0          0          0          0          0          0          0          0          0          0          0          0          0          0          0          0          0          0          0          0          0          0          0          0          0          0          0          0          0          0          0          0          0          0          0          0          0          0          0          0          0          0          0          0          0          0          0          0          0          0          0          0          0          0          0          0          0          0          0          0                    0          0          0          0          0          0          0          0          0          0          0          0          0          0          0          0          0          0          0 0          0          0          0          0          0          0          0          0          0          0          0          0          0          0          0          0          0          0          0          0          0          0          0          0          0 0          0         11         53    3078324     605905        317 -14.2837999999999850 -14.9648000000000250 -16.5232000000000030 -19.7948751914329650 -14.1990361419277350 -15.8994244253927380 0.000000000000000000 3.366300366297000000 -0.02150000000000001 -0.02120000000000001 -0.02160000000000001 0.012099999999999993 0.019100000000000000 0.009540000000000002 0.439174750000000000 3.379731379727999800 1 1 0 1 1 1 1 1 1 1 1 1 1 1 1 1 1 1 0 0 0 0 1 1 1 0 0       3094         12         39    3078324     613970        317         87          0          0          0        255         19    3077834     301873          4       1839         13         54    3078324     614688        317      48583      14000          5          0          0          0          0          0          0         16          1          0          0          0          0          0          0          0       1381 
2016-04-18T12:40:00.184733Z   1/3078384:19773          0          0          0          0          0          0          0          0          0          0          0          0          0          0          0          0          0          0          0          0          0          0          0          0          0          0          0          0          0          0          0          0          0          0          0          0          0          0          0          0          0          0          0          0          0          0          0          0          0          0          0          0          0          0          0          0          0          0          0          0          0          0          0          0          0          0          0          0          0          0          0          0          0          0          0          0          0          0          0          0          0          0          0          0          0          0          0                    0          0          0          0          0          0          0          0          0          0          0          0          0          0          0          0          0          0          0 0          0          0          0          0          0          0          0          0          0          0          0          0          0          0          0          0          0          0          0          0          0          0          0          0          0 0          0         11         53    3078354     605896        318 -14.2837999999999850 -14.9648000000000250 -16.5952999999999950 -19.7485144121344260 -14.1572329980241420 -15.8130812508297540 0.000000000000000000 3.366300366297000000 -0.02150000000000001 -0.03190000000000001 -0.02160000000000001 0.010899999999999993 0.019699999999999990 0.009100000000000002 0.438068750000000000 3.379731379727999800 1 1 0 1 1 1 1 1 1 1 1 1 1 1 1 1 1 1 0 0 0 0 1 1 1 0 0       3346         12         39    3078354     614059        318         87          0          0          0        255         19    3077834     301873          4       1959         13         54    3078354     614777        318      48735      14000          5          0          0          0          0          0          0         16          3          0          0          0          0          0          0          0       1400 
2016-04-18T12:40:30.184284Z   1/3078414:19773          0          0          0          0          0          0          0          0          0          0          0          0          0          0          0          0          0          0          0          0          0          0          0          0          0          0          0          0          0          0          0          0          0          0          0          0          0          0          0          0          0          0          0          0          0          0          0          0          0          0          0          0          0          0          0          0          0          0          0          0          0          0          0          0          0          0          0          0          0          0          0          0          0          0          0          0          0          0          0          0          0          0          0          0          0          0          0                    0          0          0          0          0          0          0          0          0          0          0          0          0          0          0          0          0          0          0 0          0          0          0          0          0          0          0          0          0          0          0          0          0          0          0          0          0          0          0          0          0          0          0          0          0 0          0         11         53    3078384     605953        319 -14.1476000000000110 -14.9648000000000250 -16.4510999999999970 -19.7485144121344260 -14.1572329980241420 -15.8562352355599220 0.000000000000000000 3.366300366297000000 -0.02150000000000001 -0.02120000000000001 -0.02160000000000001 0.009699999999999993 0.020299999999999990 0.008940000000000002 0.438345250000000000 3.379731379727999800 1 1 0 1 1 1 1 1 1 1 1 1 1 1 1 1 1 1 0 0 0 0 1 1 1 0 0       3176         12         39    3078384     614155        319         87          0          0          0        255         19    3077834     301873          4       1831         13         54    3078384     614873        319      48887      14000          5          0          0          0          0          0          0         16          1          0          0          0          0          0          0          0       1677 
2016-04-18T12:41:00.183835Z   1/3078444:19773          0          0          0          0          0          0          0          0          0          0          0          0          0          0          0          0          0          0          0          0          0          0          0          0          0          0          0          0          0          0          0          0          0          0          0          0          0          0          0          0          0          0          0          0          0          0          0          0          0          0          0          0          0          0          0          0          0          0          0          0          0          0          0          0          0          0          0          0          0          0          0          0          0          0          0          0          0          0          0          0          0          0          0          0          0          0          0                    0          0          0          0          0          0          0          0          0          0          0          0          0          0          0          0          0          0          0 0          0          0          0          0          0          0          0          0          0          0          0          0          0          0          0          0          0          0          0          0          0          0          0          0          0 0          0         11         53    3078414     605953        320 -14.1476000000000110 -14.9648000000000250 -16.5232000000000030 -19.7485144121344260 -14.1154639229064000 -15.8562352355599220 0.000000000000000000 3.366300366297000000 -0.02150000000000001 -0.02120000000000001 -0.02160000000000001 0.010599999999999991 0.019999999999999997 0.009100000000000002 0.438760000000000000 3.379731379727999800 1 1 0 1 1 1 1 1 1 1 1 1 1 1 1 1 1 1 0 0 0 0 1 1 1 0 0       2961         12         39    3078414     614237        320         87          0          0          0        255         19    3077834     301873          4       1689         13         54    3078414     614955        320      49039      14000          5          0          0          0          0          0          0         16          0          0          0          0          0          0          0          0       1176 
2016-04-18T12:41:30.183386Z   1/3078474:19773          0          0          0          0          0          0          0          0          0          0          0          0          0          0          0          0          0          0          0          0          0          0          0          0          0          0          0          0          0          0          0          0          0          0          0          0          0          0          0          0          0          0          0          0          0          0          0          0          0          0          0          0          0          0          0          0          0          0          0          0          0          0          0          0          0          0          0          0          0          0          0          0          0          0          0          0          0          0          0          0          0          0          0          0          0          0          0                    0          0          0          0          0         10         21    3078434     353683         20          4          0          0          0          0          0          0          0          0 0          0          0          0          0          0          0          0          0          0          0          0          0          0          0          0          0          0          0          0          0          0          0          0          0          0 0        637         11         53    3078444     605963        321 -14.1476000000000110 -14.8285999999999940 -16.3789999999999900 -19.7021913094278900 -14.1154639229064000 -15.8562352355599220 0.000000000000000000 3.365079365076000000 -0.02150000000000001 -0.02120000000000001 -0.03220000000000001 0.010899999999999993 0.020600000000000000 0.009140000000000000 0.438207000000000000 3.379731379727999800 1 1 0 1 1 1 1 1 1 1 1 1 1 1 1 1 1 1 0 0 0 0 1 1 1 0 0       2998         12         39    3078444     614470        321         87          0          0          0        255         20    3078434     353683          4       1579         13         54    3078444     615194        321      49212      14856          5          0          0          0          0          0          0         17          1          0          0          0          0          0          0          0        947 
2016-04-18T12:42:00.182937Z   1/3078504:19773          0          0          0          0          0          0          0          0          0          0          0          0          0          0          0          0          0          0          0          0          0          0          0          0          0          0          0          0          0          0          0          0          0          0          0          0          0          0          0          0          0          0          0          0          0          0          0          0          0          0          0          0          0          0          0          0          0          0          0          0          0          0          0          0          0          0          0          0          0          0          0          0          0          0          0          0          0          0          0          0          0          0          0          0          0          0          0                    0          0          0          0          0          0          0          0          0          0          0          0          0          0          0          0          0          0          0 0          0          0          0          0          0          0          0          0          0          0          0          0          0          0          0          0          0          0          0          0          0          0          0          0          0 0          0         11         53    3078474     605874        322 -14.1476000000000110 -14.9648000000000250 -16.3789999999999900 -19.7485144121344260 -14.0737288881664710 -15.8562352355599220 0.000000000000000000 3.366300366297000000 -0.03200000000000000 -0.03190000000000001 -0.03220000000000001 0.009999999999999995 0.020600000000000000 0.008460000000000000 0.438345250000000000 3.379731379727999800 1 1 0 1 1 1 1 1 1 1 1 1 1 1 1 1 1 1 0 0 0 0 1 1 1 0 0       3174         12         39    3078474     614402        322         87          0          0          0        255         20    3078434     353683          4       1542         13         54    3078474     615120        322      49364      14856          5          0          0          0          0          0          0         17          0          0          0          0          0          0          0          0       1310 
2016-04-18T12:42:30.182488Z   1/3078534:19773          0          0          0          0          0          0          0          0          0          0          0          0          0          0          0          0          0          0          0          0          0          0          0          0          0          0          0          0          0          0          0          0          0          0          0          0          0          0          0          0          0          0          0          0          0          0          0          0          0          0          0          0          0          0          0          0          0          0          0          0          0          0          0          0          0          0          0          0          0          0          0          0          0          0          0          0          0          0          0          0          0          0          0          0          0          0          0                    0          0          0          0          0          0          0          0          0          0          0          0          0          0          0          0          0          0          0 0          0          0          0          0          0          0          0          0          0          0          0          0          0          0          0          0          0          0          0          0          0          0          0          0          0 0          0         11         53    3078504     605874        323 -14.1476000000000110 -14.9648000000000250 -16.3789999999999900 -19.7021913094278900 -14.0737288881664710 -15.8130812508297540 0.000000000000000000 3.365079365076000000 -0.01100000000000000 -0.02120000000000001 -0.03220000000000001 0.010299999999999990 0.020899999999999995 0.009380000000000001 0.438621750000000030 3.379731379727999800 1 1 0 1 1 1 1 1 1 1 1 1 1 1 1 1 1 1 0 0 0 0 1 1 1 0 0       2977         12         39    3078504     614489        323         87          0          0          0        255         20    3078434     353683          4       1660         13         54    3078504     615207        323      49516      14856          5          0          0          0          0          0          0         17          3          0          0          0          0          0          0          0       1073 
2016-04-18T12:43:00.182039Z   1/3078564:19773          0          0          0          0          0          0          0          0          0          0          0          0          0          0          0          0          0          0          0          0          0          0          0          0          0          0          0          0          0          0          0          0          0          0          0          0          0          0          0          0          0          0          0          0          0          0          0          0          0          0          0          0          0          0          0          0          0          0          0          0          0          0          0          0          0          0          0          0          0          0          0          0          0          0          0          0          0          0          0          0          0          0          0          0          0          0          0                    0          0          0          0          0          0          0          0          0          0          0          0          0          0          0          0          0          0          0 0          0          0          0          0          0          0          0          0          0          0          0          0          0          0          0          0          0          0          0          0          0          0          0          0          0 0          0         11         53    3078534     605874        324 -14.1476000000000110 -14.9648000000000250 -16.3789999999999900 -19.7021913094278900 -14.0320278653966000 -15.8130812508297540 0.000000000000000000 3.365079365076000000 -0.02150000000000001 -0.03190000000000001 -0.02160000000000001 0.010899999999999993 0.020600000000000000 0.009020000000000002 0.438621750000000030 3.379731379727999800 1 1 0 1 1 1 1 1 1 1 1 1 1 1 1 1 1 1 0 0 0 0 1 1 1 0 0       3253         12         39    3078534     613572        324         87          0          0          0        255         20    3078434     353683          4       1794         13         54    3078534     614291        324      49668      14856          5          0          0          0          0          0          0         17          0          0          0          0          0          0          0          0       1102 
2016-04-18T12:43:30.181590Z   1/3078594:19773          0          0          0          0          0          0          0          0          0          0          0          0          0          0          0          0          0          0          0          0          0          0          0          0          0          0          0          0          0          0          0          0          0          0          0          0          0          0          0          0          0          0          0          0          0          0          0          0          0          0          0          0          0          0          0          0          0          0          0          0          0          0          0          0          0          0          0          0          0          0          0          0          0          0          0          0          0          0          0          0          0          0          0          0          0          0          0                    0          0          0          0          0          0          0          0          0          0          0          0          0          0          0          0          0          0          0 0          0          0          0          0          0          0          0          0          0          0          0          0          0          0          0          0          0          0          0          0          0          0          0          0          0 0          0         11         53    3078564     605874        325 -14.1476000000000110 -14.9648000000000250 -16.3789999999999900 -19.7021913094278900 -13.9903608261887200 -15.8130812508297540 0.000000000000000000 3.365079365076000000 -0.02150000000000001 -0.02120000000000001 -0.01100000000000001 0.009699999999999993 0.020600000000000000 0.009020000000000002 0.437930500000000000 3.379731379727999800 1 1 0 1 1 1 1 1 1 1 1 1 1 1 1 1 1 1 0 0 0 0 1 1 1 0 0       3276         12         39    3078564     613656        325         87          0          0          0        255         20    3078434     353683          4       1654         13         54    3078564     614374        325      49820      14856          5          0          0          0          0          0          0         17          3          0          0          0          0          0          0          0       1371 
2016-04-18T12:44:00.181141Z   1/3078624:19773          0          0          0          0          0          0          0          0          0          0          0          0          0          0          0          0          0          0          0          0          0          0          0          0          0          0          0          0          0          0          0          0          0          0          0          0          0          0          0          0          0          0          0          0          0          0          0          0          0          0          0          0          0          0          0          0          0          0          0          0          0          0          0          0          0          0          0          0          0          0          0          0          0          0          0          0          0          0          0          0          0          0          0          0          0          0          0                    0          0          0          0          0          0          0          0          0          0          0          0          0          0          0          0          0          0          0 0          0          0          0          0          0          0          0          0          0          0          0          0          0          0          0          0          0          0          0          0          0          0          0          0          0 0          0         11         53    3078594     605874        326 -14.0114000000000370 -14.9648000000000250 -16.3789999999999900 -19.7021913094278900 -13.9903608261887200 -15.7699624427944510 0.000000000000000000 3.365079365076000000 -0.02150000000000001 -0.02120000000000001 -0.03220000000000001 0.011799999999999991 0.020600000000000000 0.009220000000000000 0.438898250000000000 3.379731379727999800 1 1 0 1 1 1 1 1 1 1 1 1 1 1 1 1 1 1 0 0 0 0 1 1 1 0 0       3324         12         39    3078594     613737        326         87          0          0          0        255         20    3078434     353683          4       1766         13         54    3078594     614455        326      49972      14856          5          0          0          0          0          0          0         17          1          0          0          0          0          0          0          0       1123 
2016-04-18T12:44:25.180766Z   1/3078649:19773          0          0          0          0          0          0          0          0          0          0          0          0          0          0          0          0          0          0          0          0          0          0          0          0          0          0          0          0          0          0          0          0          0          0          0          0          0          0          0          0          0          0          0          0          0          0          0          0          0          0          0          0          0          0          0          0          0          0          0          0          0          0          0          0          0          0          0          0          0          0          0          0          0          0          0          0          0          0          0          0          0          0          0          0          0          0          0                    0          0          0          0          0          0          0          0          0          0          0          0          0          0          0          0          0          0          0 0          0          0          0          0          0          0          0          0          0          0          0          0          0          0          0          0          0          0          0          0          0          0          0          0          0 0          0         11         53    3078624     605875        327 -14.0114000000000370 -14.9648000000000250 -16.5232000000000030 -19.7021913094278900 -13.9487277421349920 -15.8130812508297540 0.000000000000000000 3.366300366297000000 -0.01100000000000000 -0.03190000000000001 -0.02160000000000001 0.010599999999999991 0.018799999999999990 0.009860000000000002 0.438760000000000000 3.379731379727999800 1 1 0 1 1 1 1 1 1 1 1 1 1 1 1 1 1 1 0 0 0 0 1 1 1 0 0       3110         12         39    3078624     613823        327         87          0          0          0        255         20    3078434     353683          4       1883         13         54    3078624     614541        327      50124      14856          5          0          0          0          0          0          0         17          3          0          0          0          0          0          0          0       1394 
2016-04-18T12:45:28.179823Z   1/3078712:19773          0          0          0          0          0          0          0          0          0          0          0          0          0          0          0          0          0          0          0          0          0          0          0          0          0          0          0          0          0          0          0          0          0          0          0          0          0          0          0          0          0          0          0          0          0          0          0          0          0          0          0          0          0          0          0          0          0          0          0          0          0          0          0          0          0          0          0          0          0          0          0          0          0          0          0          0          0          0          0          0          0          0          0          0          0          0          0                    0          0          0          0          0          0          0          0          0          0          0          0          0          0          0          0          0          0          0 0          0          0          0          0          0          0          0          0          0          0          0          0          0          0          0          0          0          0          0          0          0          0          0          0          0 0          0         11         53    3078684     605874        329 -14.0114000000000370 -14.9648000000000250 -16.4510999999999970 -19.7021913094278900 -13.9071285848274330 -15.7699624427944510 0.000000000000000000 3.366300366297000000 -0.02150000000000001 -0.02120000000000001 -0.01100000000000001 0.010599999999999991 0.020299999999999990 0.009700000000000002 0.439174750000000000 3.379731379727999800 1 1 0 1 1 1 1 1 1 1 1 1 1 1 1 1 1 1 0 0 0 0 1 1 1 0 0       2918         12         39    3078684     613988        329         87          0          0          0        255         20    3078434     353683          4       1600         13         54    3078684     614706        329      50428      14856          5          0          0          0          0          0          0         17          0          0          0          0          0          0          0          0       1157 
2016-04-18T12:45:58.179374Z   1/3078742:19773          0          0          0          0          0          0          0          0          0          0          0          0          0          0          0          0          0          0          0          0          0          0          0          0          0          0          0          0          0          0          0          0          0          0          0          0          0          0          0          0          0          0          0          0          0          0          0          0          0          0          0          0          0          0          0          0          0          0          0          0          0          0          0          0          0          0          0          0          0          0          0          0          0          0          0          0          0          0          0          0          0          0          0          0          0          0          0                    0          0          0          0          0          0          0          0          0          0          0          0          0          0          0          0          0          0          0 0          0          0          0          0          0          0          0          0          0          0          0          0          0          0          0          0          0          0          0          0          0          0          0          0          0 0          0         11         53    3078714     605874        330 -14.1476000000000110 -14.9648000000000250 -16.4510999999999970 -19.6559058549054840 -13.9071285848274330 -15.7699624427944510 0.000000000000000000 3.366300366297000000 -0.01100000000000000 -0.03190000000000001 -0.02160000000000001 0.008799999999999995 0.019699999999999990 0.009020000000000002 0.437930500000000000 3.380952380949000000 1 1 0 1 1 1 1 1 1 1 1 1 1 1 1 1 1 1 0 0 0 0 1 1 1 0 0       3168         12         39    3078714     614067        330         87          0          0          0        255         20    3078434     353683          4       1710         13         54    3078714     614785        330      50580      14856          5          0          0          0          0          0          0         17          3          0          0          0          0          0          0          0       1167 
2016-04-18T12:46:28.178925Z   1/3078772:19773          0          0          0          0          0          0          0          0          0          0          0          0          0          0          0          0          0          0          0          0          0          0          0          0          0          0          0          0          0          0          0          0          0          0          0          0          0          0          0          0          0          0          0          0          0          0          0          0          0          0          0          0          0          0          0          0          0          0          0          0          0          0          0          0          0          0          0          0          0          0          0          0          0          0          0          0          0          0          0          0          0          0          0          0          0          0          0                    0          0          0          0          0          0          0          0          0          0          0          0          0          0          0          0          0          0          0 0          0          0          0          0          0          0          0          0          0          0          0          0          0          0          0          0          0          0          0          0          0          0          0          0          0 0          0         11         53    3078744     605908        331 -14.1476000000000110 -14.8285999999999940 -16.3789999999999900 -19.6559058549054840 -13.9071285848274330 -15.7699624427944510 0.000000000000000000 3.365079365076000000 -0.01100000000000000 -0.03190000000000001 -0.03220000000000001 0.010899999999999993 0.019999999999999997 0.009220000000000000 0.438621750000000030 3.379731379727999800 1 1 0 1 1 1 1 1 1 1 1 1 1 1 1 1 1 1 0 0 0 0 1 1 1 0 0       3248         12         39    3078744     614155        331         87          0          0          0        255         20    3078434     353683          4       1574         13         54    3078744     614873        331      50732      14856          5          0          0          0          0          0          0         17          1          0          0          0          0          0          0          0       1181 
2016-04-18T12:46:58.178476Z   1/3078802:19773          0          0          0          0          0          0          0          0          0          0          0          0          0          0          0          0          0          0          0          0          0          0          0          0          0          0          0          0          0          0          0          0          0          0          0          0          0          0          0          0          0          0          0          0          0          0          0          0          0          0          0          0          0          0          0          0          0          0          0          0          0          0          0          0          0          0          0          0          0          0          0          0          0          0          0          0          0          0          0          0          0          0          0          0          0          0          0                    0          0          0          0          0          0          0          0          0          0          0          0          0          0          0          0          0          0          0 0          0          0          0          0          0          0          0          0          0          0          0          0          0          0          0          0          0          0          0          0          0          0          0          0          0 0          0         11         53    3078774     605908        332 -14.0114000000000370 -14.8285999999999940 -16.3789999999999900 -19.6559058549054840 -13.9071285848274330 -15.7699624427944510 0.000000000000000000 3.366300366297000000 -0.02150000000000001 -0.02120000000000001 -0.02160000000000001 0.010899999999999993 0.019999999999999997 0.009140000000000000 0.438345250000000000 3.379731379727999800 1 1 0 1 1 1 1 1 1 1 1 1 1 1 1 1 1 1 0 0 0 0 1 1 1 0 0       3278         12         39    3078774     614238        332         87          0          0          0        255         20    3078434     353683          4       1688         13         54    3078774     614956        332      50884      14856          5          0          0          0          0          0          0         17          3          0          0          0          0          0          0          0       1194 
2016-04-18T12:47:51.177683Z   1/3078855:19773          0          0          0          0          0          0          0          0          0          0          0          0          0          0          0          0          0          0          0          0          0          0          0          0          0          0          0          0          0          0          0          0          0          0          0          0          0          0          0          0          0          0          0          0          0          0          0          0          0          0          0          0          0          0          0          0          0          0          0          0          0          0          0          0          0          0          0          0          0          0          0          0          0          0          0          0          0          0          0          0          0          0          0          0          0          0          0                    0          0          0          0          0          0          0          0          0          0          0          0          0          0          0          0          0          0          0 0          0          0          0          0          0          0          0          0          0          0          0          0          0          0          0          0          0          0          0          0          0          0          0          0          0 0          0         11         53    3078834     605874        334 -14.1476000000000110 -14.8285999999999940 -16.4510999999999970 -19.6559058549054840 -13.8240319368192960 -15.7268787830459760 0.000000000000000000 3.366300366297000000 -0.01100000000000000 -0.02120000000000001 -0.02160000000000001 0.011199999999999995 0.020299999999999990 0.008820000000000000 0.438345250000000000 3.379731379727999800 1 1 0 1 1 1 1 1 1 1 1 1 1 1 1 1 1 1 0 0 0 0 1 1 1 0 0       3298         12         39    3078834     614407        334         87          0          0          0        255         20    3078434     353683          4       1664         13         54    3078834     615125        334      51188      14856          5          0          0          0          0          0          0         17          0          0          0          0          0          0          0          0       1471 
2016-04-18T12:48:24.177189Z   1/3078888:19773          0          0          0          0          0          0          0          0          0          0          0          0          0          0          0          0          0          0          0          0          0          0          0          0          0          0          0          0          0          0          0          0          0          0          0          0          0          0          0          0          0          0          0          0          0          0          0          0          0          0          0          0          0          0          0          0          0          0          0          0          0          0          0          0          0          0          0          0          0          0          0          0          0          0          0          0          0          0          0          0          0          0          0          0          0          0          0                    0          0          0          0          0          0          0          0          0          0          0          0          0          0          0          0          0          0          0 0          0          0          0          0          0          0          0          0          0          0          0          0          0          0          0          0          0          0          0          0          0          0          0          0          0 0          0         11         53    3078864     605874        335 -14.0114000000000370 -14.8285999999999940 -16.3069000000000000 -19.6559058549054840 -13.8240319368192960 -15.7268787830459760 0.000000000000000000 3.366300366297000000 -0.01100000000000000 -0.03190000000000001 -0.02160000000000001 0.009699999999999993 0.019999999999999997 0.008860000000000002 0.438483500000000000 3.379731379727999800 1 1 0 1 1 1 1 1 1 1 1 1 1 1 1 1 1 1 0 0 0 0 1 1 1 0 0       3323         12         39    3078864     614489        335         87          0          0          0        255         20    3078434     353683          4       1777         13         54    3078864     615207        335      51340      14856          5          0          0          0          0          0          0         17          3          0          0          0          0          0          0          0       1229 
2016-04-18T12:48:54.176740Z   1/3078918:19773          0          0          0          0          0          0          0          0          0          0          0          0          0          0          0          0          0          0          0          0          0          0          0          0          0          0          0          0          0          0          0          0          0          0          0          0          0          0          0          0          0          0          0          0          0          0          0          0          0          0          0          0          0          0          0          0          0          0          0          0          0          0          0          0          0          0          0          0          0          0          0          0          0          0          0          0          0          0          0          0          0          0          0          0          0          0          0                    0          0          0          0          0          0          0          0          0          0          0          0          0          0          0          0          0          0          0 0          0          0          0          0          0          0          0          0          0          0          0          0          0          0          0          0          0          0          0          0          0          0          0          0          0 0          0         11         53    3078894     605875        336 -14.0114000000000370 -14.6924000000000200 -16.3789999999999900 -19.6559058549054840 -13.8240319368192960 -15.6838302431765160 0.000000000000000000 3.366300366297000000 -0.02150000000000001 -0.02120000000000001 -0.02160000000000001 0.011499999999999990 0.019399999999999994 0.009060000000000000 0.438621750000000030 3.379731379727999800 1 1 0 1 1 1 1 1 1 1 1 1 1 1 1 1 1 1 0 0 0 0 1 1 1 0 0       3366         12         39    3078894     613574        336         87          0          0          0        255         20    3078434     353683          4       1913         13         54    3078894     614292        336      51492      14856          5          0          0          0          0          0          0         17          3          0          0          0          0          0          0          0       1262 
2016-04-18T12:49:24.176291Z   1/3078948:19773          0          0          0          0          0          0          0          0          0          0          0          0          0          0          0          0          0          0          0          0          0          0          0          0          0          0          0          0          0          0          0          0          0          0          0          0          0          0          0          0          0          0          0          0          0          0          0          0          0          0          0          0          0          0          0          0          0          0          0          0          0          0          0          0          0          0          0          0          0          0          0          0          0          0          0          0          0          0          0          0          0          0          0          0          0          0          0                    0          0          0          0          0          0          0          0          0          0          0          0          0          0          0          0          0          0          0 0          0          0          0          0          0          0          0          0          0          0          0          0          0          0          0          0          0          0          0          0          0          0          0          0          0 0          0         11         53    3078924     605874        337 -14.0114000000000370 -14.8285999999999940 -16.4510999999999970 -19.6559058549054840 -13.7825343893027820 -15.6838302431765160 0.000000000000000000 3.366300366297000000 -0.02150000000000001 -0.02120000000000001 -0.02160000000000001 0.011799999999999991 0.019999999999999997 0.009060000000000000 0.439174750000000000 3.379731379727999800 1 1 0 1 1 1 1 1 1 1 1 1 1 1 1 1 1 1 0 0 0 0 1 1 1 0 0       3147         12         39    3078924     613657        337         87          0          0          0        255         20    3078434     353683          4       1517         13         54    3078924     614375        337      51644      14856          5          0          0          0          0          0          0         17          1          0          0          0          0          0          0          0       1271 
2016-04-18T12:49:54.175842Z   1/3078978:19773          0          0          0          0          0          0          0          0          0          0          0          0          0          0          0          0          0          0          0          0          0          0          0          0          0          0          0          0          0          0          0          0          0          0          0          0          0          0          0          0          0          0          0          0          0          0          0          0          0          0          0          0          0          0          0          0          0          0          0          0          0          0          0          0          0          0          0          0          0          0          0          0          0          0          0          0          0          0          0          0          0          0          0          0          0          0          0                    0          0          0          0          0          0          0          0          0          0          0          0          0          0          0          0          0          0          0 0          0          0          0          0          0          0          0          0          0          0          0          0          0          0          0          0          0          0          0          0          0          0          0          0          0 0          0         11         53    3078954     605874        338 -13.8752000000000070 -14.8285999999999940 -16.2347999999999930 -19.6096580201592300 -13.7825343893027820 -15.6838302431765160 0.000000000000000000 3.366300366297000000 -0.02150000000000001 -0.03190000000000001 -0.03220000000000001 0.009699999999999993 0.019699999999999990 0.009140000000000000 0.437654000000000000 3.379731379727999800 1 1 0 1 1 1 1 1 1 1 1 1 1 1 1 1 1 1 0 0 0 0 1 1 1 0 0       3156         12         39    3078954     613742        338         87          0          0          0        255         20    3078434     353683          4       1633         13         54    3078954     614460        338      51796      14856          5          0          0          0          0          0          0         17          0          0          0          0          0          0          0          0       1028 
2016-04-18T12:50:24.175393Z   1/3079008:19773          0          0          0          0          0          0          0          0          0          0          0          0          0          0          0          0          0          0          0          0          0          0          0          0          0          0          0          0          0          0          0          0          0          0          0          0          0          0          0          0          0          0          0          0          0          0          0          0          0          0          0          0          0          0          0          0          0          0          0          0          0          0          0          0          0          0          0          0          0          0          0          0          0          0          0          0          0          0          0          0          0          0          0          0          0          0          0                    0          0          0          0          0          0          0          0          0          0          0          0          0          0          0          0          0          0          0 0          0          0          0          0          0          0          0          0          0          0          0          0          0          0          0          0          0          0          0          0          0          0          0          0          0 0          0         11         53    3078984     605875        339 -14.0114000000000370 -14.8285999999999940 -16.4510999999999970 -19.6096580201592300 -13.7825343893027820 -15.6838302431765160 0.000000000000000000 3.366300366297000000 -0.02150000000000001 -0.03190000000000001 -0.02160000000000001 0.010599999999999991 0.019999999999999997 0.008980000000000000 0.439036500000000000 3.379731379727999800 1 1 0 1 1 1 1 1 1 1 1 1 1 1 1 1 1 1 0 0 0 0 1 1 1 0 0       3201         12         39    3078984     613824        339         87          0          0          0        255         20    3078434     353683          4       1746         13         54    3078984     614542        339      51948      14856          5          0          0          0          0          0          0         17          3          0          0          0          0          0          0          0       1296 
2016-04-18T12:50:58.174884Z   1/3079042:19773          0          0          0          0          0          0          0          0          0          0          0          0          0          0          0          0          0          0          0          0          0          0          0          0          0          0          0          0          0          0          0          0          0          0          0          0          0          0          0          0          0          0          0          0          0          0          0          0          0          0          0          0          0          0          0          0          0          0          0          0          0          0          0          0          0          0          0          0          0          0          0          0          0          0          0          0          0          0          0          0          0          0          0          0          0          0          0                    0          0          0          0          0          0          0          0          0          0          0          0          0          0          0          0          0          0          0 0          0          0          0          0          0          0          0          0          0          0          0          0          0          0          0          0          0          0          0          0          0          0          0          0          0 0          0         11         53    3079014     605874        340 -14.1476000000000110 -14.8285999999999940 -16.3789999999999900 -19.6096580201592300 -13.7410706549008520 -15.6838302431765160 0.000000000000000000 3.366300366297000000 -0.01100000000000000 -0.03190000000000001 -0.02160000000000001 0.012099999999999993 0.019100000000000000 0.009260000000000003 0.438483500000000000 3.379731379727999800 1 1 0 1 1 1 1 1 1 1 1 1 1 1 1 1 1 1 0 0 0 0 1 1 1 0 0       3234         12         39    3079014     613924        340         87          0          0          0        255         20    3078434     353683          4       1622         13         54    3079014     614642        340      52100      14856          5          0          0          0          0          0          0         17          1          0          0          0          0          0          0          0       1322 
2016-04-18T12:51:28.174434Z   1/3079072:19773          0          0          0          0          0          0          0          0          0          0          0          0          0          0          0          0          0          0          0          0          0          0          0          0          0          0          0          0          0          0          0          0          0          0          0          0          0          0          0          0          0          0          0          0          0          0          0          0          0          0          0          0          0          0          0          0          0          0          0          0          0          0          0          0          0          0          0          0          0          0          0          0          0          0          0          0          0          0          0          0          0          0          0          0          0          0          0                    0          0          0          0          0         10         21    3079034     405389         21          4          0          0          0          0          0          0          0          0 0          0          0          0          0          0          0          0          0          0          0          0          0          0          0          0          0          0          0          0          0          0          0          0          0          0 0        669         11         53    3079044     605874        341 -13.8752000000000070 -14.8285999999999940 -16.3069000000000000 -19.6096580201592300 -13.7410706549008520 -15.6838302431765160 0.000000000000000000 3.366300366297000000 -0.02150000000000001 -0.03190000000000001 -0.02160000000000001 0.009699999999999993 0.019699999999999990 0.008940000000000002 0.438621750000000030 3.379731379727999800 1 1 0 1 1 1 1 1 1 1 1 1 1 1 1 1 1 1 0 0 0 0 1 1 1 0 0       3252         12         39    3079044     614140        341         87          0          0          0        255         21    3079034     405389          4       1901         13         54    3079044     614864        341      52273      15714          5          0          0          0          0          0          0         18          3          0          0          0          0          0          0          0       1334 
2016-04-18T12:51:58.173985Z   1/3079102:19773          0          0          0          0          0          0          0          0          0          0          0          0          0          0          0          0          0          0          0          0          0          0          0          0          0          0          0          0          0          0          0          0          0          0          0          0          0          0          0          0          0          0          0          0          0          0          0          0          0          0          0          0          0          0          0          0          0          0          0          0          0          0          0          0          0          0          0          0          0          0          0          0          0          0          0          0          0          0          0          0          0          0          0          0          0          0          0                    0          0          0          0          0          0          0          0          0          0          0          0          0          0          0          0          0          0          0 0          0          0          0          0          0          0          0          0          0          0          0          0          0          0          0          0          0          0          0          0          0          0          0          0          0 0          0         11         53    3079074     605874        342 -14.0114000000000370 -14.8285999999999940 -16.3789999999999900 -19.6096580201592300 -13.6996407052054400 -15.6838302431765160 0.000000000000000000 3.365079365076000000 -0.01100000000000000 -0.03190000000000001 -0.02160000000000001 0.010599999999999991 0.020899999999999995 0.008220000000000000 0.439036500000000000 3.379731379727999800 1 1 0 1 1 1 1 1 1 1 1 1 1 1 1 1 1 1 0 0 0 0 1 1 1 0 0       3274         12         39    3079074     614077        342         87          0          0          0        255         21    3079034     405389          4       1869         13         54    3079074     614795        342      52425      15714          5          0          0          0          0          0          0         18          1          0          0          0          0          0          0          0       1446 
2016-04-18T12:52:28.173536Z   1/3079132:19773          0          0          0          0          0          0          0          0          0          0          0          0          0          0          0          0          0          0          0          0          0          0          0          0          0          0          0          0          0          0          0          0          0          0          0          0          0          0          0          0          0          0          0          0          0          0          0          0          0          0          0          0          0          0          0          0          0          0          0          0          0          0          0          0          0          0          0          0          0          0          0          0          0          0          0          0          0          0          0          0          0          0          0          0          0          0          0                    0          0          0          0          0          0          0          0          0          0          0          0          0          0          0          0          0          0          0 0          0          0          0          0          0          0          0          0          0          0          0          0          0          0          0          0          0          0          0          0          0          0          0          0          0 0          0         11         53    3079104     605908        343 -14.0114000000000370 -14.8285999999999940 -16.3069000000000000 -19.5634477767811750 -13.6996407052054400 -15.6838302431765160 0.000000000000000000 3.366300366297000000 -0.02150000000000001 -0.04260000000000001 -0.02160000000000001 0.010599999999999991 0.019999999999999997 0.009780000000000002 0.438760000000000000 3.379731379727999800 1 1 0 1 1 1 1 1 1 1 1 1 1 1 1 1 1 1 0 0 0 0 1 1 1 0 0       3115         12         39    3079104     614157        343         87          0          0          0        255         21    3079034     405389          4       1725         13         54    3079104     614875        343      52577      15714          5          0          0          0          0          0          0         18          0          0          0          0          0          0          0          0       1453 
2016-04-18T12:52:58.173087Z   1/3079162:19773          0          0          0          0          0          0          0          0          0          0          0          0          0          0          0          0          0          0          0          0          0          0          0          0          0          0          0          0          0          0          0          0          0          0          0          0          0          0          0          0          0          0          0          0          0          0          0          0          0          0          0          0          0          0          0          0          0          0          0          0          0          0          0          0          0          0          0          0          0          0          0          0          0          0          0          0          0          0          0          0          0          0          0          0          0          0          0                    0          0          0          0          0          0          0          0          0          0          0          0          0          0          0          0          0          0          0 0          0          0          0          0          0          0          0          0          0          0          0          0          0          0          0          0          0          0          0          0          0          0          0          0          0 0          0         11         53    3079134     605908        344 -13.8752000000000070 -14.8285999999999940 -16.4510999999999970 -19.5634477767811750 -13.6996407052054400 -15.6408167947780330 0.000000000000000000 3.365079365076000000 -0.02150000000000001 -0.03190000000000001 -0.02160000000000001 0.011199999999999995 0.019699999999999990 0.009540000000000002 0.439036500000000000 3.378510378507000000 1 1 0 1 1 1 1 1 1 1 1 1 1 1 1 1 1 1 0 0 0 0 1 1 1 0 0       3144         12         39    3079134     614243        344         87          0          0          0        255         21    3079034     405389          4       1842         13         54    3079134     614961        344      52729      15714          5          0          0          0          0          0          0         18          3          0          0          0          0          0          0          0       1470 
2016-04-18T12:53:28.172638Z   1/3079192:19773          0          0          0          0          0          0          0          0          0          0          0          0          0          0          0          0          0          0          0          0          0          0          0          0          0          0          0          0          0          0          0          0          0          0          0          0          0          0          0          0          0          0          0          0          0          0          0          0          0          0          0          0          0          0          0          0          0          0          0          0          0          0          0          0          0          0          0          0          0          0          0          0          0          0          0          0          0          0          0          0          0          0          0          0          0          0          0                    0          0          0          0          0          0          0          0          0          0          0          0          0          0          0          0          0          0          0 0          0          0          0          0          0          0          0          0          0          0          0          0          0          0          0          0          0          0          0          0          0          0          0          0          0 0          0         11         53    3079164     605916        345 -13.8752000000000070 -14.6924000000000200 -16.3069000000000000 -19.5634477767811750 -13.6996407052054400 -15.6408167947780330 0.000000000000000000 3.366300366297000000 -0.02150000000000001 -0.02120000000000001 -0.03220000000000001 0.011499999999999990 0.019100000000000000 0.008340000000000002 0.437515750000000000 3.379731379727999800 1 1 0 1 1 1 1 1 1 1 1 1 1 1 1 1 1 1 0 0 0 0 1 1 1 0 0       3397         12         39    3079164     614327        345         87          0          0          0        255         21    3079034     405389          4       1957         13         54    3079164     615045        345      52881      15714          5          0          0          0          0          0          0         18          1          0          0          0          0          0          0          0       1480 
2016-04-18T12:53:58.172189Z   1/3079222:19773          0          0          0          0          0          0          0          0          0          0          0          0          0          0          0          0          0          0          0          0          0          0          0          0          0          0          0          0          0          0          0          0          0          0          0          0          0          0          0          0          0          0          0          0          0          0          0          0          0          0          0          0          0          0          0          0          0          0          0          0          0          0          0          0          0          0          0          0          0          0          0          0          0          0          0          0          0          0          0          0          0          0          0          0          0          0          0                    0          0          0          0          0          0          0          0          0          0          0          0          0          0          0          0          0          0          0 0          0          0          0          0          0          0          0          0          0          0          0          0          0          0          0          0          0          0          0          0          0          0          0          0          0 0          0         11         53    3079194     605875        346 -14.0114000000000370 -14.8285999999999940 -16.3789999999999900 -19.5634477767811750 -13.6582445118087320 -15.6408167947780330 0.000000000000000000 3.365079365076000000 -0.01100000000000000 -0.04260000000000001 -0.02160000000000001 0.012399999999999994 0.020299999999999990 0.009260000000000003 0.438207000000000000 3.379731379727999800 1 1 0 1 1 1 1 1 1 1 1 1 1 1 1 1 1 1 0 0 0 0 1 1 1 0 0       3164         12         39    3079194     614409        346         87          0          0          0        255         21    3079034     405389          4       1560         13         54    3079194     615127        346      53033      15714          5          0          0          0          0          0          0         18          3          0          0          0          0          0          0          0       1237 
2016-04-18T12:54:28.171740Z   1/3079252:19773          0          0          0          0          0          0          0          0          0          0          0          0          0          0          0          0          0          0          0          0          0          0          0          0          0          0          0          0          0          0          0          0          0          0          0          0          0          0          0          0          0          0          0          0          0          0          0          0          0          0          0          0          0          0          0          0          0          0          0          0          0          0          0          0          0          0          0          0          0          0          0          0          0          0          0          0          0          0          0          0          0          0          0          0          0          0          0                    0          0          0          0          0          0          0          0          0          0          0          0          0          0          0          0          0          0          0 0          0          0          0          0          0          0          0          0          0          0          0          0          0          0          0          0          0          0          0          0          0          0          0          0          0 0          0         11         53    3079224     605874        347 -14.0114000000000370 -14.6924000000000200 -16.3069000000000000 -19.5634477767811750 -13.6582445118087320 -15.6408167947780330 0.001221001221000000 3.366300366297000000 -0.01100000000000000 -0.03190000000000001 -0.02160000000000001 0.010599999999999991 0.019999999999999997 0.008700000000000001 0.436962750000000000 3.379731379727999800 1 1 0 1 1 1 1 1 1 1 1 1 1 1 1 1 1 1 0 0 0 0 1 1 1 0 0       3167         12         39    3079224     614494        347         87          0          0          0        255         21    3079034     405389          4       1676         13         54    3079224     615212        347      53185      15714          5          0          0          0          0          0          0         18          1          0          0          0          0          0          0          0       1248 
2016-04-18T12:54:58.171291Z   1/3079282:19773          0          0          0          0          0          0          0          0          0          0          0          0          0          0          0          0          0          0          0          0          0          0          0          0          0          0          0          0          0          0          0          0          0          0          0          0          0          0          0          0          0          0          0          0          0          0          0          0          0          0          0          0          0          0          0          0          0          0          0          0          0          0          0          0          0          0          0          0          0          0          0          0          0          0          0          0          0          0          0          0          0          0          0          0          0          0          0                    0          0          0          0          0          0          0          0          0          0          0          0          0          0          0          0          0          0          0 0          0          0          0          0          0          0          0          0          0          0          0          0          0          0          0          0          0          0          0          0          0          0          0          0          0 0          0         11         53    3079254     605874        348 -13.8752000000000070 -14.6924000000000200 -16.3789999999999900 -19.5634477767811750 -13.6582445118087320 -15.5978384094427160 0.000000000000000000 3.366300366297000000 -0.01100000000000000 -0.03190000000000001 -0.02160000000000001 0.009399999999999992 0.019399999999999994 0.008580000000000003 0.438760000000000000 3.379731379727999800 1 1 0 1 1 1 1 1 1 1 1 1 1 1 1 1 1 1 0 0 0 0 1 1 1 0 0       3202         12         39    3079254     613575        348         87          0          0          0        255         21    3079034     405389          4       1808         13         54    3079254     614293        348      53337      15714          5          0          0          0          0          0          0         18          3          0          0          0          0          0          0          0       1279 
2016-04-18T12:55:28.170842Z   1/3079312:19773          0          0          0          0          0          0          0          0          0          0          0          0          0          0          0          0          0          0          0          0          0          0          0          0          0          0          0          0          0          0          0          0          0          0          0          0          0          0          0          0          0          0          0          0          0          0          0          0          0          0          0          0          0          0          0          0          0          0          0          0          0          0          0          0          0          0          0          0          0          0          0          0          0          0          0          0          0          0          0          0          0          0          0          0          0          0          0                    0          0          0          0          0          0          0          0          0          0          0          0          0          0          0          0          0          0          0 0          0          0          0          0          0          0          0          0          0          0          0          0          0          0          0          0          0          0          0          0          0          0          0          0          0 0          0         11         53    3079284     605874        349 -14.0114000000000370 -14.8285999999999940 -16.2347999999999930 -19.5634477767811750 -13.6168820463027200 -15.6408167947780330 0.000000000000000000 3.366300366297000000 -0.02150000000000001 -0.02120000000000001 -0.03220000000000001 0.010299999999999990 0.020299999999999990 0.009020000000000002 0.438207000000000000 3.379731379727999800 1 1 0 1 1 1 1 1 1 1 1 1 1 1 1 1 1 1 0 0 0 0 1 1 1 0 0       3241         12         39    3079284     613661        349         87          0          0          0        255         21    3079034     405389          4       1670         13         54    3079284     614379        349      53489      15714          5          0          0          0          0          0          0         18          1          0          0          0          0          0          0          0       1546 
2016-04-18T12:55:58.170393Z   1/3079342:19773          0          0          0          0          0          0          0          0          0          0          0          0          0          0          0          0          0          0          0          0          0          0          0          0          0          0          0          0          0          0          0          0          0          0          0          0          0          0          0          0          0          0          0          0          0          0          0          0          0          0          0          0          0          0          0          0          0          0          0          0          0          0          0          0          0          0          0          0          0          0          0          0          0          0          0          0          0          0          0          0          0          0          0          0          0          0          0                    0          0          0          0          0          0          0          0          0          0          0          0          0          0          0          0          0          0          0 0          0          0          0          0          0          0          0          0          0          0          0          0          0          0          0          0          0          0          0          0          0          0          0          0          0 0          0         11         53    3079314     605874        350 -13.8752000000000070 -14.6924000000000200 -16.3069000000000000 -19.5634477767811750 -13.6168820463027200 -15.5978384094427160 0.000000000000000000 3.366300366297000000 -0.02150000000000001 -0.03190000000000001 -0.01100000000000001 0.009399999999999992 0.019999999999999997 0.009180000000000002 0.439036500000000000 3.379731379727999800 1 1 0 1 1 1 1 1 1 1 1 1 1 1 1 1 1 1 0 0 0 0 1 1 1 0 0       3281         12         39    3079314     613745        350         87          0          0          0        255         21    3079034     405389          4       1785         13         54    3079314     614463        350      53641      15714          5          0          0          0          0          0          0         18          0          0          0          0          0          0          0          0       1302 
2016-04-18T12:56:28.169944Z   1/3079372:19773          0          0          0          0          0          0          0          0          0          0          0          0          0          0          0          0          0          0          0          0          0          0          0          0          0          0          0          0          0          0          0          0          0          0          0          0          0          0          0          0          0          0          0          0          0          0          0          0          0          0          0          0          0          0          0          0          0          0          0          0          0          0          0          0          0          0          0          0          0          0          0          0          0          0          0          0          0          0          0          0          0          0          0          0          0          0          0                    0          0          0          0          0          0          0          0          0          0          0          0          0          0          0          0          0          0          0 0          0          0          0          0          0          0          0          0          0          0          0          0          0          0          0          0          0          0          0          0          0          0          0          0          0 0          0         11         53    3079344     605874        351 -13.8752000000000070 -14.6924000000000200 -16.3069000000000000 -19.5634477767811750 -13.6168820463027200 -15.5978384094427160 0.000000000000000000 3.365079365076000000 -0.02150000000000001 -0.02120000000000001 -0.02160000000000001 0.012099999999999993 0.020299999999999990 0.008900000000000000 0.438345250000000000 3.379731379727999800 1 1 0 1 1 1 1 1 1 1 1 1 1 1 1 1 1 1 0 0 0 0 1 1 1 0 0       3309         12         39    3079344     613829        351         87          0          0          0        255         21    3079034     405389          4       1900         13         54    3079344     614547        351      53793      15714          5          0          0          0          0          0          0         18          1          0          0          0          0          0          0          0       1315 
2016-04-18T12:56:58.169495Z   1/3079402:19773          0          0          0          0          0          0          0          0          0          0          0          0          0          0          0          0          0          0          0          0          0          0          0          0          0          0          0          0          0          0          0          0          0          0          0          0          0          0          0          0          0          0          0          0          0          0          0          0          0          0          0          0          0          0          0          0          0          0          0          0          0          0          0          0          0          0          0          0          0          0          0          0          0          0          0          0          0          0          0          0          0          0          0          0          0          0          0                    0          0          0          0          0          0          0          0          0          0          0          0          0          0          0          0          0          0          0 0          0          0          0          0          0          0          0          0          0          0          0          0          0          0          0          0          0          0          0          0          0          0          0          0          0 0          0         11         53    3079374     605874        352 -13.8752000000000070 -14.6924000000000200 -16.3069000000000000 -19.5172750963634770 -13.6168820463027200 -15.5548950587625260 0.000000000000000000 3.366300366297000000 -0.03200000000000000 -0.03190000000000001 -0.02160000000000001 0.008799999999999995 0.020299999999999990 0.008860000000000002 0.438483500000000000 3.379731379727999800 1 1 0 1 1 1 1 1 1 1 1 1 1 1 1 1 1 1 0 0 0 0 1 1 1 0 0       3326         12         39    3079374     613914        352         87          0          0          0        255         21    3079034     405389          4       1761         13         54    3079374     614632        352      53945      15714          5          0          0          0          0          0          0         18          0          0          0          0          0          0          0          0       1582 
2016-04-18T12:57:28.169046Z   1/3079432:19773          0          0          0          0          0          0          0          0          0          0          0          0          0          0          0          0          0          0          0          0          0          0          0          0          0          0          0          0          0          0          0          0          0          0          0          0          0          0          0          0          0          0          0          0          0          0          0          0          0          0          0          0          0          0          0          0          0          0          0          0          0          0          0          0          0          0          0          0          0          0          0          0          0          0          0          0          0          0          0          0          0          0          0          0          0          0          0                    0          0          0          0          0          0          0          0          0          0          0          0          0          0          0          0          0          0          0 0          0          0          0          0          0          0          0          0          0          0          0          0          0          0          0          0          0          0          0          0          0          0          0          0          0 0          0         11         53    3079404     605874        353 -14.0114000000000370 -14.6924000000000200 -16.2347999999999930 -19.5172750963634770 -13.5755532802795930 -15.5978384094427160 0.000000000000000000 3.366300366297000000 -0.01100000000000000 -0.02120000000000001 -0.03220000000000001 0.009099999999999990 0.018799999999999990 0.008820000000000000 0.437377500000000030 3.379731379727999800 1 1 0 1 1 1 1 1 1 1 1 1 1 1 1 1 1 1 0 0 0 0 1 1 1 0 0       3344         12         39    3079404     613997        353         87          0          0          0        255         21    3079034     405389          4       1875         13         54    3079404     614715        353      54097      15714          5          0          0          0          0          0          0         18          3          0          0          0          0          0          0          0       1341 
2016-04-18T12:57:58.168597Z   1/3079462:19773          0          0          0          0          0          0          0          0          0          0          0          0          0          0          0          0          0          0          0          0          0          0          0          0          0          0          0          0          0          0          0          0          0          0          0          0          0          0          0          0          0          0          0          0          0          0          0          0          0          0          0          0          0          0          0          0          0          0          0          0          0          0          0          0          0          0          0          0          0          0          0          0          0          0          0          0          0          0          0          0          0          0          0          0          0          0          0                    0          0          0          0          0          0          0          0          0          0          0          0          0          0          0          0          0          0          0 0          0          0          0          0          0          0          0          0          0          0          0          0          0          0          0          0          0          0          0          0          0          0          0          0          0 0          0         11         53    3079434     605874        354 -13.8752000000000070 -14.6924000000000200 -16.2347999999999930 -19.5172750963634770 -13.5755532802795930 -15.5548950587625260 0.000000000000000000 3.365079365076000000 -0.01100000000000000 -0.02120000000000001 -0.01100000000000001 0.011499999999999990 0.020600000000000000 0.008740000000000000 0.438621750000000030 3.379731379727999800 1 1 0 1 1 1 1 1 1 1 1 1 1 1 1 1 1 1 0 0 0 0 1 1 1 0 0       3142         12         39    3079434     614079        354         87          0          0          0        255         21    3079034     405389          4       1733         13         54    3079434     614797        354      54249      15714          5          0          0          0          0          0          0         18          1          0          0          0          0          0          0          0       1349 
2016-04-18T12:58:28.168147Z   1/3079492:19773          0          0          0          0          0          0          0          0          0          0          0          0          0          0          0          0          0          0          0          0          0          0          0          0          0          0          0          0          0          0          0          0          0          0          0          0          0          0          0          0          0          0          0          0          0          0          0          0          0          0          0          0          0          0          0          0          0          0          0          0          0          0          0          0          0          0          0          0          0          0          0          0          0          0          0          0          0          0          0          0          0          0          0          0          0          0          0                    0          0          0          0          0          0          0          0          0          0          0          0          0          0          0          0          0          0          0 0          0          0          0          0          0          0          0          0          0          0          0          0          0          0          0          0          0          0          0          0          0          0          0          0          0 0          0         11         53    3079464     605908        355 -13.8752000000000070 -14.8285999999999940 -16.1627000000000000 -19.4711399504981270 -13.5342581853313100 -15.5978384094427160 0.000000000000000000 3.366300366297000000 -0.01100000000000000 -0.02120000000000001 -0.02160000000000001 0.010899999999999993 0.020299999999999990 0.008780000000000001 0.438345250000000000 3.379731379727999800 1 1 0 1 1 1 1 1 1 1 1 1 1 1 1 1 1 1 0 0 0 0 1 1 1 0 0       3200         12         39    3079464     614164        355         87          0          0          0        255         21    3079034     405389          4       1594         13         54    3079464     614882        355      54401      15714          5          0          0          0          0          0          0         18          3          0          0          0          0          0          0          0       1364 
2016-04-18T12:58:58.167698Z   1/3079522:19773          0          0          0          0          0          0          0          0          0          0          0          0          0          0          0          0          0          0          0          0          0          0          0          0          0          0          0          0          0          0          0          0          0          0          0          0          0          0          0          0          0          0          0          0          0          0          0          0          0          0          0          0          0          0          0          0          0          0          0          0          0          0          0          0          0          0          0          0          0          0          0          0          0          0          0          0          0          0          0          0          0          0          0          0          0          0          0                    0          0          0          0          0          0          0          0          0          0          0          0          0          0          0          0          0          0          0 0          0          0          0          0          0          0          0          0          0          0          0          0          0          0          0          0          0          0          0          0          0          0          0          0          0 0          0         11         53    3079494     605908        356 -13.8752000000000070 -14.6924000000000200 -16.2347999999999930 -19.4711399504981270 -13.5342581853313100 -15.5548950587625260 0.001221001221000000 3.366300366297000000 -0.01100000000000000 -0.03190000000000001 -0.02160000000000001 0.011199999999999995 0.018799999999999990 0.009180000000000002 0.437930500000000000 3.379731379727999800 1 1 0 1 1 1 1 1 1 1 1 1 1 1 1 1 1 1 0 0 0 0 1 1 1 0 0       3235         12         39    3079494     614248        356         87          0          0          0        255         21    3079034     405389          4       1709         13         54    3079494     614966        356      54553      15714          5          0          0          0          0          0          0         18          1          0          0          0          0          0          0          0       1119 
2016-04-18T12:59:28.167249Z   1/3079552:19773          0          0          0          0          0          0          0          0          0          0          0          0          0          0          0          0          0          0          0          0          0          0          0          0          0          0          0          0          0          0          0          0          0          0          0          0          0          0          0          0          0          0          0          0          0          0          0          0          0          0          0          0          0          0          0          0          0          0          0          0          0          0          0          0          0          0          0          0          0          0          0          0          0          0          0          0          0          0          0          0          0          0          0          0          0          0          0                    0          0          0          0          0          0          0          0          0          0          0          0          0          0          0          0          0          0          0 0          0          0          0          0          0          0          0          0          0          0          0          0          0          0          0          0          0          0          0          0          0          0          0          0          0 0          0         11         53    3079524     605916        357 -13.8752000000000070 -14.6924000000000200 -16.2347999999999930 -19.5172750963634770 -13.5342581853313100 -15.5548950587625260 0.000000000000000000 3.365079365076000000 -0.02150000000000001 -0.02120000000000001 -0.02160000000000001 0.010599999999999991 0.019100000000000000 0.009500000000000000 0.438760000000000000 3.378510378507000000 1 1 0 1 1 1 1 1 1 1 1 1 1 1 1 1 1 1 0 0 0 0 1 1 1 0 0       3030         12         39    3079524     614331        357         87          0          0          0        255         21    3079034     405389          4       1823         13         54    3079524     615049        357      54705      15714          5          0          0          0          0          0          0         18          0          0          0          0          0          0          0          0       1384 
2016-04-18T12:59:58.166800Z   1/3079582:19773          0          0          0          0          0          0          0          0          0          0          0          0          0          0          0          0          0          0          0          0          0          0          0          0          0          0          0          0          0          0          0          0          0          0          0          0          0          0          0          0          0          0          0          0          0          0          0          0          0          0          0          0          0          0          0          0          0          0          0          0          0          0          0          0          0          0          0          0          0          0          0          0          0          0          0          0          0          0          0          0          0          0          0          0          0          0          0                    0          0          0          0          0          0          0          0          0          0          0          0          0          0          0          0          0          0          0 0          0          0          0          0          0          0          0          0          0          0          0          0          0          0          0          0          0          0          0          0          0          0          0          0          0 0          0         11         53    3079554     605875        358 -13.8752000000000070 -14.6924000000000200 -16.2347999999999930 -19.4711399504981270 -13.5342581853313100 -15.5548950587625260 0.000000000000000000 3.366300366297000000 -0.02150000000000001 -0.02120000000000001 -0.02160000000000001 0.010899999999999993 0.019100000000000000 0.009340000000000003 0.438345250000000000 3.379731379727999800 1 1 0 1 1 1 1 1 1 1 1 1 1 1 1 1 1 1 0 0 0 0 1 1 1 0 0       3270         12         39    3079554     614414        358         87          0          0          0        255         21    3079034     405389          4       1682         13         54    3079554     615132        358      54857      15714          5          0          0          0          0          0          0         18          3          0          0          0          0          0          0          0       1398 
2016-04-18T13:00:46.166082Z   1/3079630:19773          0          0          0          0          0          0          0          0          0          0          0          0          0          0          0          0          0          0          0          0          0          0          0          0          0          0          0          0          0          0          0          0          0          0          0          0          0          0          0          0          0          0          0          0          0          0          0          0          0          0          0          0          0          0          0          0          0          0          0          0          0          0          0          0          0          0          0          0          0          0          0          0          0          0          0          0          0          0          0          0          0          0          0          0          0          0          0                    0          0          0          0          0          0          0          0          0          0          0          0          0          0          0          0          0          0          0 0          0          0          0          0          0          0          0          0          0          0          0          0          0          0          0          0          0          0          0          0          0          0          0          0          0 0          0         11         53    3079614     605875        360 -13.7390000000000330 -14.6924000000000200 -16.2347999999999930 -19.4711399504981270 -13.4929967330500350 -15.5119867143296800 0.000000000000000000 3.365079365076000000 -0.02150000000000001 -0.03190000000000001 -0.02160000000000001 0.011499999999999990 0.018799999999999990 0.008980000000000000 0.438621750000000030 3.378510378507000000 1 1 0 1 1 1 1 1 1 1 1 1 1 1 1 1 1 1 0 0 0 0 1 1 1 0 0       3322         12         39    3079614     613582        360         87          0          0          0        255         21    3079034     405389          4       1932         13         54    3079614     614300        360      55161      15714          5          0          0          0          0          0          0         18          3          0          0          0          0          0          0          0       1442 
2016-04-18T13:01:16.165633Z   1/3079660:19773          0          0          0          0          0          0          0          0          0          0          0          0          0          0          0          0          0          0          0          0          0          0          0          0          0          0          0          0          0          0          0          0          0          0          0          0          0          0          0          0          0          0          0          0          0          0          0          0          0          0          0          0          0          0          0          0          0          0          0          0          0          0          0          0          0          0          0          0          0          0          0          0          0          0          0          0          0          0          0          0          0          0          0          0          0          0          0                    0          0          0          0          0         10         21    3079634     456398         22          4          0          0          0          0          0          0          0          0 0          0          0          0          0          0          0          0          0          0          0          0          0          0          0          0          0          0          0          0          0          0          0          0          0          0 0       1024         11         53    3079644     605874        361 -13.8752000000000070 -14.6924000000000200 -16.3069000000000000 -19.4711399504981270 -13.4517688950277830 -15.5119867143296800 0.000000000000000000 3.366300366297000000 -0.01100000000000000 -0.02120000000000001 -0.02160000000000001 0.010299999999999990 0.019100000000000000 0.009140000000000000 0.437792250000000000 3.379731379727999800 1 1 0 1 1 1 1 1 1 1 1 1 1 1 1 1 1 1 0 0 0 0 1 1 1 0 0       3350         12         39    3079644     613812        361         87          0          0          0        255         22    3079634     456398          4       2293         13         54    3079644     614536        361      55334      16569          5          0          0          0          0          0          0         19          0          0          0          0          0          0          0          0       1460 
2016-04-18T13:01:46.165184Z   1/3079690:19773          0          0          0          0          0          0          0          0          0          0          0          0          0          0          0          0          0          0          0          0          0          0          0          0          0          0          0          0          0          0          0          0          0          0          0          0          0          0          0          0          0          0          0          0          0          0          0          0          0          0          0          0          0          0          0          0          0          0          0          0          0          0          0          0          0          0          0          0          0          0          0          0          0          0          0          0          0          0          0          0          0          0          0          0          0          0          0                    0          0          0          0          0          0          0          0          0          0          0          0          0          0          0          0          0          0          0 0          0          0          0          0          0          0          0          0          0          0          0          0          0          0          0          0          0          0          0          0          0          0          0          0          0 0          0         11         53    3079674     605875        362 -13.8752000000000070 -14.6924000000000200 -16.1627000000000000 -19.5172750963634770 -13.4517688950277830 -15.4691133477361400 0.000000000000000000 3.366300366297000000 -0.01100000000000000 -0.04260000000000001 -0.02160000000000001 0.009099999999999990 0.020899999999999995 0.008780000000000001 0.438068750000000000 3.379731379727999800 1 1 0 1 1 1 1 1 1 1 1 1 1 1 1 1 1 1 0 0 0 0 1 1 1 0 0       3373         12         39    3079674     613750        362         87          0          0          0        255         22    3079634     456398          4       2262         13         54    3079674     614468        362      55486      16569          5          0          0          0          0          0          0         19          3          0          0          0          0          0          0          0       1578 
2016-04-18T13:02:16.164735Z   1/3079720:19773          0          0          0          0          0          0          0          0          0          0          0          0          0          0          0          0          0          0          0          0          0          0          0          0          0          0          0          0          0          0          0          0          0          0          0          0          0          0          0          0          0          0          0          0          0          0          0          0          0          0          0          0          0          0          0          0          0          0          0          0          0          0          0          0          0          0          0          0          0          0          0          0          0          0          0          0          0          0          0          0          0          0          0          0          0          0          0                    0          0          0          0          0          0          0          0          0          0          0          0          0          0          0          0          0          0          0 0          0          0          0          0          0          0          0          0          0          0          0          0          0          0          0          0          0          0          0          0          0          0          0          0          0 0          0         11         53    3079704     605874        363 -13.8752000000000070 -14.6924000000000200 -16.1627000000000000 -19.4711399504981270 -13.4517688950277830 -15.5119867143296800 0.000000000000000000 3.366300366297000000 -0.01100000000000000 -0.02120000000000001 -0.02160000000000001 0.010899999999999993 0.019999999999999997 0.009020000000000002 0.438207000000000000 3.379731379727999800 1 1 0 1 1 1 1 1 1 1 1 1 1 1 1 1 1 1 0 0 0 0 1 1 1 0 0       3160         12         39    3079704     613836        363         87          0          0          0        255         22    3079634     456398          4       2124         13         54    3079704     614554        363      55638      16569          5          0          0          0          0          0          0         19          1          0          0          0          0          0          0          0       1335 
2016-04-18T13:02:46.164285Z   1/3079750:19773          0          0          0          0          0          0          0          0          0          0          0          0          0          0          0          0          0          0          0          0          0          0          0          0          0          0          0          0          0          0          0          0          0          0          0          0          0          0          0          0          0          0          0          0          0          0          0          0          0          0          0          0          0          0          0          0          0          0          0          0          0          0          0          0          0          0          0          0          0          0          0          0          0          0          0          0          0          0          0          0          0          0          0          0          0          0          0                    0          0          0          0          0          0          0          0          0          0          0          0          0          0          0          0          0          0          0 0          0          0          0          0          0          0          0          0          0          0          0          0          0          0          0          0          0          0          0          0          0          0          0          0          0 0          0         11         53    3079734     605874        364 -13.8752000000000070 -14.5561999999999900 -16.2347999999999930 -19.4250423107773430 -13.4517688950277830 -15.4691133477361400 0.000000000000000000 3.365079365076000000 -0.02150000000000001 -0.02120000000000001 -0.02160000000000001 0.009099999999999990 0.020299999999999990 0.009660000000000000 0.439036500000000000 3.379731379727999800 1 1 0 1 1 1 1 1 1 1 1 1 1 1 1 1 1 1 0 0 0 0 1 1 1 0 0       2951         12         39    3079734     613919        364         87          0          0          0        255         22    3079634     456398          4       1983         13         54    3079734     614637        364      55790      16569          5          0          0          0          0          0          0         19          0          0          0          0          0          0          0          0       1600 
2016-04-18T13:03:16.163836Z   1/3079780:19773          0          0          0          0          0          0          0          0          0          0          0          0          0          0          0          0          0          0          0          0          0          0          0          0          0          0          0          0          0          0          0          0          0          0          0          0          0          0          0          0          0          0          0          0          0          0          0          0          0          0          0          0          0          0          0          0          0          0          0          0          0          0          0          0          0          0          0          0          0          0          0          0          0          0          0          0          0          0          0          0          0          0          0          0          0          0          0                    0          0          0          0          0          0          0          0          0          0          0          0          0          0          0          0          0          0          0 0          0          0          0          0          0          0          0          0          0          0          0          0          0          0          0          0          0          0          0          0          0          0          0          0          0 0          0         11         53    3079764     605875        365 -13.8752000000000070 -14.5561999999999900 -16.1627000000000000 -19.4711399504981270 -13.4517688950277830 -15.5119867143296800 0.000000000000000000 3.366300366297000000 -0.02150000000000001 -0.02120000000000001 -0.01100000000000001 0.010299999999999990 0.019699999999999990 0.009700000000000002 0.438345250000000000 3.379731379727999800 1 1 0 1 1 1 1 1 1 1 1 1 1 1 1 1 1 1 0 0 0 0 1 1 1 0 0       2984         12         39    3079764     614003        365         87          0          0          0        255         22    3079634     456398          4       2098         13         54    3079764     614721        365      55942      16569          5          0          0          0          0          0          0         19          3          0          0          0          0          0          0          0       1360 
2016-04-18T13:03:46.163387Z   1/3079810:19773          0          0          0          0          0          0          0          0          0          0          0          0          0          0          0          0          0          0          0          0          0          0          0          0          0          0          0          0          0          0          0          0          0          0          0          0          0          0          0          0          0          0          0          0          0          0          0          0          0          0          0          0          0          0          0          0          0          0          0          0          0          0          0          0          0          0          0          0          0          0          0          0          0          0          0          0          0          0          0          0          0          0          0          0          0          0          0                    0          0          0          0          0          0          0          0          0          0          0          0          0          0          0          0          0          0          0 0          0          0          0          0          0          0          0          0          0          0          0          0          0          0          0          0          0          0          0          0          0          0          0          0          0 0          0         11         53    3079794     605874        366 -13.7390000000000330 -14.5561999999999900 -16.1627000000000000 -19.4250423107773430 -13.4105746428566590 -15.4691133477361400 0.000000000000000000 3.366300366297000000 -0.03200000000000000 -0.02120000000000001 -0.01100000000000001 0.010299999999999990 0.020899999999999995 0.008380000000000000 0.437792250000000000 3.379731379727999800 1 1 0 1 1 1 1 1 1 1 1 1 1 1 1 1 1 1 0 0 0 0 1 1 1 0 0       3233         12         39    3079794     614086        366         87          0          0          0        255         22    3079634     456398          4       2212         13         54    3079794     614804        366      56094      16569          5          0          0          0          0          0          0         19          1          0          0          0          0          0          0          0       1369 
2016-04-18T13:04:16.162938Z   1/3079840:19773          0          0          0          0          0          0          0          0          0          0          0          0          0          0          0          0          0          0          0          0          0          0          0          0          0          0          0          0          0          0          0          0          0          0          0          0          0          0          0          0          0          0          0          0          0          0          0          0          0          0          0          0          0          0          0          0          0          0          0          0          0          0          0          0          0          0          0          0          0          0          0          0          0          0          0          0          0          0          0          0          0          0          0          0          0          0          0                    0          0          0          0          0          0          0          0          0          0          0          0          0          0          0          0          0          0          0 0          0          0          0          0          0          0          0          0          0          0          0          0          0          0          0          0          0          0          0          0          0          0          0          0          0 0          0         11         53    3079824     605908        367 -13.7390000000000330 -14.6924000000000200 -16.2347999999999930 -19.4250423107773430 -13.4105746428566590 -15.4691133477361400 0.000000000000000000 3.366300366297000000 -0.02150000000000001 -0.03190000000000001 -0.02160000000000001 0.010599999999999991 0.019999999999999997 0.009660000000000000 0.438207000000000000 3.379731379727999800 1 1 0 1 1 1 1 1 1 1 1 1 1 1 1 1 1 1 0 0 0 0 1 1 1 0 0       3075         12         39    3079824     614172        367         87          0          0          0        255         22    3079634     456398          4       2074         13         54    3079824     614890        367      56246      16569          5          0          0          0          0          0          0         19          3          0          0          0          0          0          0          0       1640 
2016-04-18T13:04:46.162489Z   1/3079870:19773          0          0          0          0          0          0          0          0          0          0          0          0          0          0          0          0          0          0          0          0          0          0          0          0          0          0          0          0          0          0          0          0          0          0          0          0          0          0          0          0          0          0          0          0          0          0          0          0          0          0          0          0          0          0          0          0          0          0          0          0          0          0          0          0          0          0          0          0          0          0          0          0          0          0          0          0          0          0          0          0          0          0          0          0          0          0          0                    0          0          0          0          0          0          0          0          0          0          0          0          0          0          0          0          0          0          0 0          0          0          0          0          0          0          0          0          0          0          0          0          0          0          0          0          0          0          0          0          0          0          0          0          0 0          0         11         53    3079854     605909        368 -13.7390000000000330 -14.5561999999999900 -16.1627000000000000 -19.4250423107773430 -13.4105746428566590 -15.4691133477361400 0.000000000000000000 3.366300366297000000 -0.02150000000000001 -0.02120000000000001 -0.02160000000000001 0.009099999999999990 0.019399999999999994 0.008900000000000000 0.438207000000000000 3.379731379727999800 1 1 0 1 1 1 1 1 1 1 1 1 1 1 1 1 1 1 0 0 0 0 1 1 1 0 0       3337         12         39    3079854     614254        368         87          0          0          0        255         22    3079634     456398          4       2187         13         54    3079854     614972        368      56398      16569          5          0          0          0          0          0          0         19          1          0          0          0          0          0          0          0       1393 
2016-04-18T13:05:16.162040Z   1/3079900:19773          0          0          0          0          0          0          0          0          0          0          0          0          0          0          0          0          0          0          0          0          0          0          0          0          0          0          0          0          0          0          0          0          0          0          0          0          0          0          0          0          0          0          0          0          0          0          0          0          0          0          0          0          0          0          0          0          0          0          0          0          0          0          0          0          0          0          0          0          0          0          0          0          0          0          0          0          0          0          0          0          0          0          0          0          0          0          0                    0          0          0          0          0          0          0          0          0          0          0          0          0          0          0          0          0          0          0 0          0          0          0          0          0          0          0          0          0          0          0          0          0          0          0          0          0          0          0          0          0          0          0          0          0 0          0         11         53    3079884     605915        369 -13.7390000000000330 -14.5561999999999900 -16.1627000000000000 -19.4250423107773430 -13.3694139481287380 -15.4262749305740100 0.000000000000000000 3.366300366297000000 -0.02150000000000001 -0.03190000000000001 -0.02160000000000001 0.011199999999999995 0.019399999999999994 0.008660000000000003 0.437792250000000000 3.379731379727999800 1 1 0 1 1 1 1 1 1 1 1 1 1 1 1 1 1 1 0 0 0 0 1 1 1 0 0       3369         12         39    3079884     614338        369         87          0          0          0        255         22    3079634     456398          4       2302         13         54    3079884     615056        369      56550      16569          5          0          0          0          0          0          0         19          3          0          0          0          0          0          0          0       1662 
2016-04-18T13:05:46.161591Z   1/3079930:19773          0          0          0          0          0          0          0          0          0          0          0          0          0          0          0          0          0          0          0          0          0          0          0          0          0          0          0          0          0          0          0          0          0          0          0          0          0          0          0          0          0          0          0          0          0          0          0          0          0          0          0          0          0          0          0          0          0          0          0          0          0          0          0          0          0          0          0          0          0          0          0          0          0          0          0          0          0          0          0          0          0          0          0          0          0          0          0                    0          0          0          0          0          0          0          0          0          0          0          0          0          0          0          0          0          0          0 0          0          0          0          0          0          0          0          0          0          0          0          0          0          0          0          0          0          0          0          0          0          0          0          0          0 0          0         11         53    3079914     605875        370 -13.8752000000000070 -14.5561999999999900 -16.1627000000000000 -19.4250423107773430 -13.3694139481287380 -15.4691133477361400 0.000000000000000000 3.365079365076000000 -0.02150000000000001 -0.02120000000000001 -0.02160000000000001 0.009999999999999995 0.019699999999999990 0.008980000000000000 0.437930500000000000 3.378510378507000000 1 1 0 1 1 1 1 1 1 1 1 1 1 1 1 1 1 1 0 0 0 0 1 1 1 0 0       3365         12         39    3079914     614422        370         87          0          0          0        255         22    3079634     456398          4       2162         13         54    3079914     615140        370      56702      16569          5          0          0          0          0          0          0         19          1          0          0          0          0          0          0          0       1672 
2016-04-18T13:06:16.161142Z   1/3079960:19773          0          0          0          0          0          0          0          0          0          0          0          0          0          0          0          0          0          0          0          0          0          0          0          0          0          0          0          0          0          0          0          0          0          0          0          0          0          0          0          0          0          0          0          0          0          0          0          0          0          0          0          0          0          0          0          0          0          0          0          0          0          0          0          0          0          0          0          0          0          0          0          0          0          0          0          0          0          0          0          0          0          0          0          0          0          0          0                    0          0          0          0          0          0          0          0          0          0          0          0          0          0          0          0          0          0          0 0          0          0          0          0          0          0          0          0          0          0          0          0          0          0          0          0          0          0          0          0          0          0          0          0          0 0          0         11         53    3079944     605874        371 -13.8752000000000070 -14.5561999999999900 -16.0905999999999950 -19.4250423107773430 -13.3694139481287380 -15.4262749305740100 0.000000000000000000 3.365079365076000000 -0.02150000000000001 -0.03190000000000001 -0.02160000000000001 0.010299999999999990 0.019399999999999994 0.009060000000000000 0.437792250000000000 3.379731379727999800 1 1 0 1 1 1 1 1 1 1 1 1 1 1 1 1 1 1 0 0 0 0 1 1 1 0 0       3139         12         39    3079944     613505        371         87          0          0          0        255         22    3079634     456398          4       2041         13         54    3079944     614223        371      56854      16569          5          0          0          0          0          0          0         19          3          0          0          0          0          0          0          0       1195 
2016-04-18T13:06:46.160693Z   1/3079990:19773          0          0          0          0          0          0          0          0          0          0          0          0          0          0          0          0          0          0          0          0          0          0          0          0          0          0          0          0          0          0          0          0          0          0          0          0          0          0          0          0          0          0          0          0          0          0          0          0          0          0          0          0          0          0          0          0          0          0          0          0          0          0          0          0          0          0          0          0          0          0          0          0          0          0          0          0          0          0          0          0          0          0          0          0          0          0          0                    0          0          0          0          0          0          0          0          0          0          0          0          0          0          0          0          0          0          0 0          0          0          0          0          0          0          0          0          0          0          0          0          0          0          0          0          0          0          0          0          0          0          0          0          0 0          0         11         53    3079974     605874        372 -13.8752000000000070 -14.5561999999999900 -16.2347999999999930 -19.3789821487930300 -13.3694139481287380 -15.4262749305740100 0.000000000000000000 3.366300366297000000 -0.02150000000000001 -0.02120000000000001 -0.02160000000000001 0.010299999999999990 0.019100000000000000 0.009020000000000002 0.437515750000000000 3.379731379727999800 1 1 0 1 1 1 1 1 1 1 1 1 1 1 1 1 1 1 0 0 0 0 1 1 1 0 0       3169         12         39    3079974     613590        372         87          0          0          0        255         22    3079634     456398          4       2157         13         54    3079974     614308        372      57006      16569          5          0          0          0          0          0          0         19          1          0          0          0          0          0          0          0       1461 
2016-04-18T13:07:16.160244Z   1/3080020:19773          0          0          0          0          0          0          0          0          0          0          0          0          0          0          0          0          0          0          0          0          0          0          0          0          0          0          0          0          0          0          0          0          0          0          0          0          0          0          0          0          0          0          0          0          0          0          0          0          0          0          0          0          0          0          0          0          0          0          0          0          0          0          0          0          0          0          0          0          0          0          0          0          0          0          0          0          0          0          0          0          0          0          0          0          0          0          0                    0          0          0          0          0          0          0          0          0          0          0          0          0          0          0          0          0          0          0 0          0          0          0          0          0          0          0          0          0          0          0          0          0          0          0          0          0          0          0          0          0          0          0          0          0 0          0         11         53    3080004     605875        373 -13.7390000000000330 -14.5561999999999900 -16.0905999999999950 -19.3789821487930300 -13.3694139481287380 -15.4262749305740100 0.000000000000000000 3.367521367518000000 -0.02150000000000001 -0.02120000000000001 -0.01100000000000001 0.009699999999999993 0.019100000000000000 0.008660000000000003 0.437930500000000000 3.380952380949000000 1 1 0 1 1 1 1 1 1 1 1 1 1 1 1 1 1 1 0 0 0 0 1 1 1 0 0       3195         12         39    3080004     613676        373         87          0          0          0        255         22    3079634     456398          4       2019         13         54    3080004     614395        373      57158      16569          5          0          0          0          0          0          0         19          0          0          0          0          0          0          0          0       1475 
2016-04-18T13:07:46.159795Z   1/3080050:19773          0          0          0          0          0          0          0          0          0          0          0          0          0          0          0          0          0          0          0          0          0          0          0          0          0          0          0          0          0          0          0          0          0          0          0          0          0          0          0          0          0          0          0          0          0          0          0          0          0          0          0          0          0          0          0          0          0          0          0          0          0          0          0          0          0          0          0          0          0          0          0          0          0          0          0          0          0          0          0          0          0          0          0          0          0          0          0                    0          0          0          0          0          0          0          0          0          0          0          0          0          0          0          0          0          0          0 0          0          0          0          0          0          0          0          0          0          0          0          0          0          0          0          0          0          0          0          0          0          0          0          0          0 0          0         11         53    3080034     605874        374 -13.8752000000000070 -14.5561999999999900 -16.2347999999999930 -19.3789821487930300 -13.3694139481287380 -15.3834714344353930 0.000000000000000000 3.365079365076000000 -0.01100000000000000 -0.02120000000000001 -0.02160000000000001 0.009999999999999995 0.020299999999999990 0.008980000000000000 0.438483500000000000 3.378510378507000000 1 1 0 1 1 1 1 1 1 1 1 1 1 1 1 1 1 1 0 0 0 0 1 1 1 0 0       3238         12         39    3080034     613758        374         87          0          0          0        255         22    3079634     456398          4       2132         13         54    3080034     614476        374      57310      16569          5          0          0          0          0          0          0         19          3          0          0          0          0          0          0          0       1487 
2016-04-18T13:08:16.159346Z   1/3080080:19773          0          0          0          0          0          0          0          0          0          0          0          0          0          0          0          0          0          0          0          0          0          0          0          0          0          0          0          0          0          0          0          0          0          0          0          0          0          0          0          0          0          0          0          0          0          0          0          0          0          0          0          0          0          0          0          0          0          0          0          0          0          0          0          0          0          0          0          0          0          0          0          0          0          0          0          0          0          0          0          0          0          0          0          0          0          0          0                    0          0          0          0          0          0          0          0          0          0          0          0          0          0          0          0          0          0          0 0          0          0          0          0          0          0          0          0          0          0          0          0          0          0          0          0          0          0          0          0          0          0          0          0          0 0          0         11         53    3080064     605874        375 -13.7390000000000330 -14.5561999999999900 -16.1627000000000000 -19.3789821487930300 -13.3282867824361230 -15.4262749305740100 0.000000000000000000 3.366300366297000000 -0.01100000000000000 -0.04260000000000001 -0.02160000000000001 0.010599999999999991 0.018499999999999996 0.008540000000000000 0.437654000000000000 3.379731379727999800 1 1 0 1 1 1 1 1 1 1 1 1 1 1 1 1 1 1 0 0 0 0 1 1 1 0 0       3248         12         39    3080064     613842        375         87          0          0          0        255         22    3079634     456398          4       2247         13         54    3080064     614560        375      57462      16569          5          0          0          0          0          0          0         19          1          0          0          0          0          0          0          0       1497 
2016-04-18T13:08:46.158912Z   1/3080110:19774          0          0          0          0          0          0          0          0          0          0          0          0          0          0          0          0          0          0          0          0          0          0          0          0          0          0          0          0          0          0          0          0          0          0          0          0          0          0          0          0          0          0          0          0          0          0          0          0          0          0          0          0          0          0          0          0          0          0          0          0          0          0          0          0          0          0          0          0          0          0          0          0          0          0          0          0          0          0          0          0          0          0          0          0          0          0          0                    0          0          0          0          0          0          0          0          0          0          0          0          0          0          0          0          0          0          0 0          0          0          0          0          0          0          0          0          0          0          0          0          0          0          0          0          0          0          0          0          0          0          0          0          0 0          0         11         53    3080094     605874        376 -13.7390000000000330 -14.5561999999999900 -16.0905999999999950 -19.3329594361373720 -13.2871931173708330 -15.3834714344353930 0.000000000000000000 3.365079365076000000 -0.01100000000000000 -0.03190000000000001 -0.02160000000000001 0.009999999999999995 0.020600000000000000 0.008820000000000000 0.438207000000000000 3.379731379727999800 1 1 0 1 1 1 1 1 1 1 1 1 1 1 1 1 1 1 0 0 0 0 1 1 1 0 0       3291         12         39    3080094     613927        376         87          0          0          0        255         22    3079634     456398          4       2108         13         54    3080094     614645        376      57614      16569          5          0          0          0          0          0          0         19          3          0          0          0          0          0          0          0       1512 
2016-04-18T13:09:16.158463Z   1/3080140:19774          0          0          0          0          0          0          0          0          0          0          0          0          0          0          0          0          0          0          0          0          0          0          0          0          0          0          0          0          0          0          0          0          0          0          0          0          0          0          0          0          0          0          0          0          0          0          0          0          0          0          0          0          0          0          0          0          0          0          0          0          0          0          0          0          0          0          0          0          0          0          0          0          0          0          0          0          0          0          0          0          0          0          0          0          0          0          0                    0          0          0          0          0          0          0          0          0          0          0          0          0          0          0          0          0          0          0 0          0          0          0          0          0          0          0          0          0          0          0          0          0          0          0          0          0          0          0          0          0          0          0          0          0 0          0         11         53    3080124     605875        377 -13.8752000000000070 -14.5561999999999900 -16.1627000000000000 -19.3789821487930300 -13.2871931173708330 -15.3834714344353930 0.000000000000000000 3.366300366297000000 -0.02150000000000001 -0.02120000000000001 -0.02160000000000001 0.011199999999999995 0.018499999999999996 0.008780000000000001 0.436962750000000000 3.379731379727999800 1 1 0 1 1 1 1 1 1 1 1 1 1 1 1 1 1 1 0 0 0 0 1 1 1 0 0       3312         12         39    3080124     614010        377         87          0          0          0        255         22    3079634     456398          4       2222         13         54    3080124     614728        377      57766      16569          5          0          0          0          0          0          0         19          1          0          0          0          0          0          0          0       1521 
2016-04-18T13:09:46.158014Z   1/3080170:19774          0          0          0          0          0          0          0          0          0          0          0          0          0          0          0          0          0          0          0          0          0          0          0          0          0          0          0          0          0          0          0          0          0          0          0          0          0          0          0          0          0          0          0          0          0          0          0          0          0          0          0          0          0          0          0          0          0          0          0          0          0          0          0          0          0          0          0          0          0          0          0          0          0          0          0          0          0          0          0          0          0          0          0          0          0          0          0                    0          0          0          0          0          0          0          0          0          0          0          0          0          0          0          0          0          0          0 0          0          0          0          0          0          0          0          0          0          0          0          0          0          0          0          0          0          0          0          0          0          0          0          0          0 0          0         11         53    3080154     605875        378 -13.8752000000000070 -14.5561999999999900 -16.0905999999999950 -19.3329594361373720 -13.2871931173708330 -15.4262749305740100 0.000000000000000000 3.366300366297000000 -0.01100000000000000 -0.02120000000000001 -0.03220000000000001 0.009099999999999990 0.019399999999999994 0.008500000000000002 0.438207000000000000 3.379731379727999800 1 1 0 1 1 1 1 1 1 1 1 1 1 1 1 1 1 1 0 0 0 0 1 1 1 0 0       3340         12         39    3080154     614093        378         87          0          0          0        255         22    3079634     456398          4       2336         13         54    3080154     614811        378      57918      16569          5          0          0          0          0          0          0         19          0          0          0          0          0          0          0          0       1531 
2016-04-18T13:10:16.157565Z   1/3080200:19774          0          0          0          0          0          0          0          0          0          0          0          0          0          0          0          0          0          0          0          0          0          0          0          0          0          0          0          0          0          0          0          0          0          0          0          0          0          0          0          0          0          0          0          0          0          0          0          0          0          0          0          0          0          0          0          0          0          0          0          0          0          0          0          0          0          0          0          0          0          0          0          0          0          0          0          0          0          0          0          0          0          0          0          0          0          0          0                    0          0          0          0          0          0          0          0          0          0          0          0          0          0          0          0          0          0          0 0          0          0          0          0          0          0          0          0          0          0          0          0          0          0          0          0          0          0          0          0          0          0          0          0          0 0          0         11         53    3080184     605908        379 -13.6028000000000020 -14.6924000000000200 -16.1627000000000000 -19.3329594361373720 -13.2871931173708330 -15.3834714344353930 0.000000000000000000 3.366300366297000000 -0.02150000000000001 -0.03190000000000001 -0.02160000000000001 0.009999999999999995 0.019100000000000000 0.009660000000000000 0.438345250000000000 3.379731379727999800 1 1 0 1 1 1 1 1 1 1 1 1 1 1 1 1 1 1 0 0 0 0 1 1 1 0 0       3181         12         39    3080184     614179        379         87          0          0          0        255         22    3079634     456398          4       2198         13         54    3080184     614897        379      58070      16569          5          0          0          0          0          0          0         19          3          0          0          0          0          0          0          0       1803 
