2016-06-12T23:29:12.472065Z   1/7869408:18817          0          0          0          0          0          0          0          0          0          0          0          0          0          0          0          0          0          0          0          0          0          0          0          0          0          0          0          0          0          0          0          0          0          0          0          0          0          0          0          0          0          0          0          0          0          0          0          0          0          0          0          0          0          0          0          0          0          0          0          0          0          0          0          0          0          0          0          0          0          0          0          0          0          0          0          0          0          0          0          0          0          0          0          0          0          0          0                    0          0          0          0          0         10         21          0      13636          1          3        932          0          0          0          0          0          0          0 0          0        932          0          0          0          0          0          0          0        932        932        932        932        932        932        932        932        932        164        164        164        164        164        164        164 0        323         11         53          0      15616          1 -20.8214000000000100 -20.5490000000000070 -16.4510999999999970 -20.2138223390675200 -19.3789821487930300 -19.9341838729598630 0.000000000000000000 3.372405372402000000 -0.02150000000000001 -0.03190000000000001 -0.03220000000000001 0.014799999999999994 0.023299999999999994 0.012140000000000000 0.057190000000000000 3.384615384611999700 1 1 0 1 1 1 1 1 1 1 1 1 1 1 1 1 1 0 0 0 0 0 1 1 1 0 0       2062         12         39          0      23481          1         87          0          0          0        255          1          0      13636          3        795         13         54          0      24117          1        173          0          5          0          0          0          0          0          0          0         14          0          0          0          0          0          0          0        407 
2016-06-12T23:29:42.471616Z   1/7869438:18817          0          0          0          0          0          0          0          0          0          0          0          0          0          0          0          0          0          0          0          0          0          0          0          0          0          0          0          0          0          0          0          0          0          0          0          0          0          0          0          0          0          0          0          0          0          0          0          0          0          0          0          0          0          0          0          0          0          0          0          0          0          0          0          0          0          0          0          0          0          0          0          0          0          0          0          0          0          0          0          0          0          0          0          0          0          0          0                    0          0          0          0          0         10         21          0      15373          2          1          0          0          0          0          0          0          0          0 0          0          0          0          0          0          0          0          0          0          0          0          0          0          0          0          0          0          0          0          0          0          0          0          0          0 0        107         11         53    7869426     591176          2 -20.6852000000000100 -19.1870000000000120 -16.4510999999999970 -20.1671211920843520 -19.3789821487930300 -19.8412736757314580 0.000000000000000000 3.365079365076000000 -0.02150000000000001 -0.02120000000000001 -0.02160000000000001 0.012699999999999989 0.020899999999999995 0.011060000000000002 0.446087250000000000 3.378510378507000000 1 1 0 1 1 1 1 1 1 1 1 1 1 1 1 1 1 1 0 0 0 0 1 1 1 0 0       2466         12         39    7869426     599928          2         87          0          0          0        255          2          0      15373          1       1020         13         54    7869426     600652          2        346        594          5          0          0          0          0          0          0          1          1          0          0          0          0          0          0          0        759 
2016-06-12T23:30:12.471167Z   1/7869468:18817          0          0          0          0          0          0          0          0          0          0          0          0          0          0          0          0          0          0          0          0          0          0          0          0          0          0          0          0          0          0          0          0          0          0          0          0          0          0          0          0          0          0          0          0          0          0          0          0          0          0          0          0          0          0          0          0          0          0          0          0          0          0          0          0          0          0          0          0          0          0          0          0          0          0          0          0          0          0          0          0          0          0          0          0          0          0          0                    0          0          0          0          0         10         21          0      22403          3        131         14          0          0          0          0          0          0          0 0          0         14          0          0          0          0          0          0          0         14         14         14         14         14         14         14         14         14         14         14         14         14         14         14         14 0        397         11         53    7869456     591175          3 -20.5490000000000070 -18.7784000000000050 -16.5232000000000030 -20.1671211920843520 -19.2410262451802230 -19.6559058549054840 0.000000000000000000 3.366300366297000000 30.36550000000000000 -0.03190000000000001 -0.02160000000000001 0.426100000000000000 0.022099999999999988 0.010660000000000001 0.053457250000000005 3.379731379727999800 1 1 0 1 1 1 1 1 1 1 1 1 1 0 1 1 1 0 1 0 0 0 1 1 1 0 0       2367         12         39    7869456     599954          3        165          0          0          0        255          3          0      22403        131       1176         13         54    7869456     600697          3        569        884          5          0          0          0          0          0          0          3          0          0          0          0          0          0          0          0        584 
2016-06-12T23:30:42.470718Z   1/7869498:18817          0          0          0          0          0          0          0          0          0          0          0          0          0          0          0          0          0          0          0          0          0          0          0          0          0          0          0          0          0          0          0          0          0          0          0          0          0          0          0          0          0          0          0          0          0          0          0          0          0          0          0          0          0          0          0          0          0          0          0          0          0          0          0          0          0          0          0          0          0          0          0          0          0          0          0          0          0          0          0          0          0          0          0          0          0          0          0                    0          0          0          0          0         10         21          0      88036          4          4          0          0          0          0          0          0          0          0 0          0          0          0          0          0          0          0          0          0          0          0          0          0          0          0          0          0          0          0          0          0          0          0          0          0 0        355         11         53    7869486     591175          4 -20.1404000000000000 -18.6422000000000030 -16.4510999999999970 -20.1671211920843520 -19.1034066185111160 -19.4711399504981270 0.000000000000000000 3.365079365076000000 30.35500000000000400 -0.04260000000000001 -0.03220000000000001 0.688299999999999900 0.023000000000000000 0.010580000000000000 0.052074749999999996 3.378510378507000000 1 1 0 1 1 1 1 1 1 1 1 1 1 0 1 1 1 0 1 0 0 0 1 1 1 0 0       2489         12         39    7869486     598999          4        165          0          0          0        255          4          0      88036          4       1244         13         54    7869486     599724          4        792       8144          5          0          0          0          0          0          0         33          1          0          0          0          0          0          0          0        781 
2016-06-12T23:31:12.470269Z   1/7869528:18817          0          0          0          0          0          0          0          0          0          0          0          0          0          0          0          0          0          0          0          0          0          0          0          0          0          0          0          0          0          0          0          0          0          0          0          0          0          0          0          0          0          0          0          0          0          0          0          0          0          0          0          0          0          0          0          0          0          0          0          0          0          0          0          0          0          0          0          0          0          0          0          0          0          0          0          0          0          0          0          0          0          0          0          0          0          0          0                    0          0          0          0          0         10         21    7869445     819367          5          2          0          0          0          0          0          0          0          0 0          0          0          0          0          0          0          0          0          0          0          0          0          0          0          0          0          0          0          0          0          0          0          0          0          0 0        490         11         53    7869516     591176          5 -19.8680000000000230 -18.3697999999999980 -16.5232000000000030 -20.1671211920843520 -18.9661225017718780 -19.4711399504981270 0.000000000000000000 3.365079365076000000 30.30250000000000200 -0.03190000000000001 -0.03220000000000001 0.544299999999999900 0.020600000000000000 0.010140000000000001 0.052489500000000000 3.378510378507000000 1 1 0 1 1 1 1 1 1 1 1 1 1 0 1 1 1 0 1 0 0 0 1 1 1 0 0       2533         12         39    7869516     599033          5        165          0          0          0        255          5    7869445     819367          2       1444         13         54    7869516     599758          5       1015      17960          5          0          0          0          0          0          0         64          3          0          0          0          0          0          0          0        973 
2016-06-12T23:31:42.469820Z   1/7869558:18817          0          0          0          0          0          0          0          0          0          0          0          0          0          0          0          0          0          0          0          0          0          0          0          0          0          0          0          0          0          0          0          0          0          0          0          0          0          0          0          0          0          0          0          0          0          0          0          0          0          0          0          0          0          0          0          0          0          0          0          0          0          0          0          0          0          0          0          0          0          0          0          0          0          0          0          0          0          0          0          0          0          0          0          0          0          0          0                    0          0          0          0          0         10         21    7869456     595497          6        131         11          0          0          0          0          0          0          0 0          0         11          0          0          0          0          0          0          0         11         11         11         11         11         11         11         11         11         11         11         11         11         11         11         11 1        407         11         53    7869546     591175          6 -19.5956000000000200 -18.3697999999999980 -16.6674000000000000 -20.2138223390675200 -18.9661225017718780 -19.5634477767811750 0.000000000000000000 3.365079365076000000 30.30250000000000200 -0.02120000000000001 -0.03220000000000001 0.619599999999999900 0.020299999999999990 0.010140000000000001 0.051245250000000000 3.378510378507000000 1 1 0 1 1 1 1 1 1 1 1 1 1 0 1 1 1 0 1 0 0 0 1 1 1 0 0       2557         12         39    7869546     599068          6        165          0          0          0        255          6    7869456     595497        131       1161         13         54    7869546     599793          6       1238      25220          5          0          0          0          0          0          0         94          1          0          0          0          0          0          0          0       1155 
2016-06-12T23:32:12.469371Z   1/7869588:18817          0          0          0          0          0          0          0          0          0          0          0          0          0          0          0          0          0          0          0          0          0          0          0          0          0          0          0          0          0          0          0          0          0          0          0          0          0          0          0          0          0          0          0          0          0          0          0          0          0          0          0          0          0          0          0          0          0          0          0          0          0          0          0          0          0          0          0          0          0          0          0          0          0          0          0          0          0          0          0          0          0          0          0          0          0          0          0                    0          0          0          0          0         10         21    7869510     125237          7          4          0          0          0          0          0          0          0          0 0          0          0          0          0          0          0          0          0          0          0          0          0          0          0          0          0          0          0          0          0          0          0          0          0          0 0        539         11         53    7869576     591175          7 -19.1870000000000120 -18.3697999999999980 -16.8116000000000000 -20.2605614467218800 -18.9661225017718780 -19.6096580201592300 0.000000000000000000 3.365079365076000000 30.30250000000000200 -0.03190000000000001 -0.02160000000000001 0.558999999999999900 0.022099999999999988 0.010500000000000000 0.051798250000000000 3.378510378507000000 1 1 0 1 1 1 1 1 1 1 1 1 1 0 1 1 1 0 1 0 0 0 1 1 1 0 0       2667         12         39    7869576     599103          7        165          0          0          0        255          7    7869510     125237          4       1370         13         54    7869576     599828          7       1461      32480          5          0          0          0          0          0          0        124          0          0          0          0          0          0          0          0       1083 
2016-06-12T23:32:42.468922Z   1/7869618:18817          0          0          0          0          0          0          0          0          0          0          0          0          0          0          0          0          0          0          0          0          0          0          0          0          0          0          0          0          0          0          0          0          0          0          0          0          0          0          0          0          0          0          0          0          0          0          0          0          0          0          0          0          0          0          0          0          0          0          0          0          0          0          0          0          0          0          0          0          0          0          0          0          0          0          0          0          0          0          0          0          0          0          0          0          0          0          0                    0          0          0          0          0         10         21    7869576     795230          8          4          0          0          0          0          0          0          0          0 0          0          0          0          0          0          0          0          0          0          0          0          0          0          0          0          0          0          0          0          0          0          0          0          0          0 0        459         11         53    7869606     591174          8 -19.0508000000000100 -18.2336000000000240 -16.8837000000000050 -20.3073385434554440 -18.9661225017718780 -19.6559058549054840 0.000000000000000000 3.365079365076000000 30.32350000000000300 -0.03190000000000001 -0.02160000000000001 0.718599999999999900 0.021799999999999993 0.009740000000000000 0.053042500000000000 3.378510378507000000 1 1 0 1 1 1 1 1 1 1 1 1 1 0 1 1 1 0 1 0 0 0 1 1 1 0 0       2715         12         39    7869606     599142          8        165          0          0          0        255          8    7869576     795230          4       1360         13         54    7869606     599867          8       1684      41961          5          0          0          0          0          0          0        155          3          0          0          0          0          0          0          0       1201 
2016-06-12T23:33:12.468474Z   1/7869648:18817          0          0          0          0          0          0          0          0          0          0          0          0          0          0          0          0          0          0          0          0          0          0          0          0          0          0          0          0          0          0          0          0          0          0          0          0          0          0          0          0          0          0          0          0          0          0          0          0          0          0          0          0          0          0          0          0          0          0          0          0          0          0          0          0          0          0          0          0          0          0          0          0          0          0          0          0          0          0          0          0          0          0          0          0          0          0          0                    0          0          0          0          0          0          0          0          0          0          0          0          0          0          0          0          0          0          0 0          0          0          0          0          0          0          0          0          0          0          0          0          0          0          0          0          0          0          0          0          0          0          0          0          0 0          0         11         53    7869636     591175          9 -18.7784000000000050 -18.2336000000000240 -16.8837000000000050 -20.3541536576760800 -19.0118466424837900 -19.6559058549054840 0.000000000000000000 3.365079365076000000 30.29200000000000000 -0.03190000000000001 -0.02160000000000001 0.546400000000000000 0.021799999999999993 0.010140000000000001 0.051660000000000005 3.378510378507000000 1 1 0 1 1 1 1 1 1 1 1 1 1 0 1 1 1 0 1 0 0 0 1 1 1 0 0       2684         12         39    7869636     599032          9        165          0          0          0        255          8    7869576     795230          4       1536         13         54    7869636     599751          9       1886      49221          5          0          0          0          0          0          0        185          1          0          0          0          0          0          0          0       1211 
2016-06-12T23:33:42.468025Z   1/7869678:18817          0          0          0          0          0          0          0          0          0          0          0          0          0          0          0          0          0          0          0          0          0          0          0          0          0          0          0          0          0          0          0          0          0          0          0          0          0          0          0          0          0          0          0          0          0          0          0          0          0          0          0          0          0          0          0          0          0          0          0          0          0          0          0          0          0          0          0          0          0          0          0          0          0          0          0          0          0          0          0          0          0          0          0          0          0          0          0                    0          0          0          0          0         10         21    7869642     110328          9          4          0          0          0          0          0          0          0          0 0          0          0          0          0          0          0          0          0          0          0          0          0          0          0          0          0          0          0          0          0          0          0          0          0          0 0        809         11         53    7869666     591175         10 -18.5060000000000000 -18.0974000000000200 -16.9557999999999960 -20.3541536576760800 -19.0118466424837900 -19.6559058549054840 0.000000000000000000 3.365079365076000000 30.34450000000000400 -0.03190000000000001 -0.02160000000000001 0.803499999999999900 0.020899999999999995 0.009540000000000002 0.051798250000000000 3.378510378507000000 1 1 0 1 1 1 1 1 1 1 1 1 1 0 1 1 1 0 1 0 0 0 1 1 1 0 0       2544         12         39    7869666     599216         10        165          0          0          0        255          9    7869642     110328          4       1846         13         54    7869666     600003         10       2109      58671          5          0          0          0          0          0          0        216          3          0          0          0          0          0          0          0       1255 
2016-06-12T23:34:12.467576Z   1/7869708:18817          0          0          0          0          0          0          0          0          0          0          0          0          0          0          0          0          0          0          0          0          0          0          0          0          0          0          0          0          0          0          0          0          0          0          0          0          0          0          0          0          0          0          0          0          0          0          0          0          0          0          0          0          0          0          0          0          0          0          0          0          0          0          0          0          0          0          0          0          0          0          0          0          0          0          0          0          0          0          0          0          0          0          0          0          0          0          0                    0          0          0          0          0          0          0          0          0          0          0          0          0          0          0          0          0          0          0 0          0          0          0          0          0          0          0          0          0          0          0          0          0          0          0          0          0          0          0          0          0          0          0          0          0 0          0         11         53    7869696     591175         11 -18.2336000000000240 -18.0974000000000200 -17.0279000000000020 -20.4010068177916820 -19.0576080052608750 -19.6559058549054840 0.000000000000000000 3.365079365076000000 30.32350000000000300 -0.03190000000000001 -0.02160000000000001 0.689800000000000000 0.021799999999999993 0.010500000000000000 0.051107000000000010 3.378510378507000000 1 1 0 1 1 1 1 1 1 1 1 1 1 0 1 1 1 0 1 0 0 0 1 1 1 0 0       2476         12         39    7869696     599106         11        165          0          0          0        255          9    7869642     110328          4       1512         13         54    7869696     599825         11       2311      65931          5          0          0          0          0          0          0        246          3          0          0          0          0          0          0          0        695 
2016-06-12T23:34:42.467127Z   1/7869738:18817          0          0          0          0          0          0          0          0          0          0          0          0          0          0          0          0          0          0          0          0          0          0          0          0          0          0          0          0          0          0          0          0          0          0          0          0          0          0          0          0          0          0          0          0          0          0          0          0          0          0          0          0          0          0          0          0          0          0          0          0          0          0          0          0          0          0          0          0          0          0          0          0          0          0          0          0          0          0          0          0          0          0          0          0          0          0          0                    0          0          0          0          0         10         21    7869708     280448         10          4          0          0          0          0          0          0          0          0 0          0          0          0          0          0          0          0          0          0          0          0          0          0          0          0          0          0          0          0          0          0          0          0          0          0 0        401         11         53    7869726     591175         12 -17.8250000000000170 -17.9612000000000200 -16.9557999999999960 -20.4478980522102900 -19.1034066185111160 -19.7021913094278900 0.000000000000000000 3.363858363855000000 30.19750000000000000 -0.03190000000000001 -0.02160000000000001 0.685299999999999900 0.022399999999999996 0.010380000000000002 0.051660000000000005 3.378510378507000000 1 1 0 1 1 1 1 1 1 1 1 1 1 0 1 1 1 0 1 0 0 0 1 1 1 0 0       2488         12         39    7869726     599293         12        165          0          0          0        255         10    7869708     280448          4       1322         13         54    7869726     600018         12       2534      75381          5          0          0          0          0          0          0        277          3          0          0          0          0          0          0          0        933 
2016-06-12T23:35:12.466678Z   1/7869768:18817          0          0          0          0          0          0          0          0          0          0          0          0          0          0          0          0          0          0          0          0          0          0          0          0          0          0          0          0          0          0          0          0          0          0          0          0          0          0          0          0          0          0          0          0          0          0          0          0          0          0          0          0          0          0          0          0          0          0          0          0          0          0          0          0          0          0          0          0          0          0          0          0          0          0          0          0          0          0          0          0          0          0          0          0          0          0          0                    0          0          0          0          0         10         21    7869756     595867         11        131         11          0          0          0          0          0          0          0 0          0         11          0          0          0          0          0          0          0         11         11         11         11         11         11         11         11         11         11         11         11         11         11         11         11 1        572         11         53    7869756     591175         13 -17.6888000000000150 -17.9612000000000200 -17.0279000000000020 -20.4948273893396900 -19.1492425106425230 -19.7021913094278900 0.000000000000000000 3.366300366297000000 30.32350000000000300 -0.04260000000000001 -0.02160000000000001 0.471399999999999930 0.020899999999999995 0.010580000000000000 0.051936500000000003 3.379731379727999800 1 1 0 1 1 1 1 1 1 1 1 1 1 0 1 1 1 0 1 0 0 0 1 1 1 0 0       2591         12         39    7869756     600322         13        165          0          0          0        255         11    7869756     595867        131       1267         13         54    7869756     601065         13       2757      82641          5          0          0          0          0          0          0        307          3          0          0          0          0          0          0          0       1109 
2016-06-12T23:35:42.466229Z   1/7869798:18817          0          0          0          0          0          0          0          0          0          0          0          0          0          0          0          0          0          0          0          0          0          0          0          0          0          0          0          0          0          0          0          0          0          0          0          0          0          0          0          0          0          0          0          0          0          0          0          0          0          0          0          0          0          0          0          0          0          0          0          0          0          0          0          0          0          0          0          0          0          0          0          0          0          0          0          0          0          0          0          0          0          0          0          0          0          0          0                    0          0          0          0          0         10         21    7869774      37024         12          4          0          0          0          0          0          0          0          0 0          0          0          0          0          0          0          0          0          0          0          0          0          0          0          0          0          0          0          0          0          0          0          0          0          0 0        570         11         53    7869786     591175         14 -17.5526000000000120 -17.9612000000000200 -17.1721000000000000 -20.4948273893396900 -19.1034066185111160 -19.7021913094278900 0.000000000000000000 3.366300366297000000 30.28150000000000000 -0.02120000000000001 -0.02160000000000001 0.635200000000000000 0.021500000000000000 0.009580000000000000 0.051245250000000000 3.379731379727999800 1 1 0 1 1 1 1 1 1 1 1 1 1 0 1 1 1 0 1 0 0 0 1 1 1 0 0       2630         12         39    7869786     599373         14        165          0          0          0        255         12    7869774      37024          4       1378         13         54    7869786     600098         14       2980      92129          5          0          0          0          0          0          0        338          0          0          0          0          0          0          0          0        987 
2016-06-12T23:36:12.465780Z   1/7869828:18817          0          0          0          0          0          0          0          0          0          0          0          0          0          0          0          0          0          0          0          0          0          0          0          0          0          0          0          0          0          0          0          0          0          0          0          0          0          0          0          0          0          0          0          0          0          0          0          0          0          0          0          0          0          0          0          0          0          0          0          0          0          0          0          0          0          0          0          0          0          0          0          0          0          0          0          0          0          0          0          0          0          0          0          0          0          0          0                    0          0          0          0          0         10         21    7869816     595946         13        131         11          0          0          0          0          0          0          0 0          0         11          0          0          0          0          0          0          0         11         11         11         11         11         11         11         11         11         11         11         11         11         11         11         11 1        713         11         53    7869816     591175         15 -17.2802000000000080 -17.8250000000000170 -17.0999999999999940 -20.5417948575878880 -19.1492425106425230 -19.7021913094278900 0.000000000000000000 3.366300366297000000 30.30250000000000200 -0.03190000000000001 -0.02160000000000001 0.460299999999999930 0.021199999999999990 0.010060000000000001 0.051936500000000003 3.379731379727999800 1 1 0 1 1 1 1 1 1 1 1 1 1 0 1 1 1 0 1 0 0 0 1 1 1 0 0       2609         12         39    7869816     600400         15        165          0          0          0        255         13    7869816     595946        131       1548         13         54    7869816     601143         15       3203      99389          5          0          0          0          0          0          0        368          0          0          0          0          0          0          0          0        906 
2016-06-12T23:36:42.465331Z   1/7869858:18817          0          0          0          0          0          0          0          0          0          0          0          0          0          0          0          0          0          0          0          0          0          0          0          0          0          0          0          0          0          0          0          0          0          0          0          0          0          0          0          0          0          0          0          0          0          0          0          0          0          0          0          0          0          0          0          0          0          0          0          0          0          0          0          0          0          0          0          0          0          0          0          0          0          0          0          0          0          0          0          0          0          0          0          0          0          0          0                    0          0          0          0          0         10         21    7869839     310266         14          4          0          0          0          0          0          0          0          0 0          0          0          0          0          0          0          0          0          0          0          0          0          0          0          0          0          0          0          0          0          0          0          0          0          0 0        774         11         53    7869846     591176         16 -17.2802000000000080 -17.6888000000000150 -17.0999999999999940 -20.5417948575878880 -19.1951157100628800 -19.6559058549054840 0.000000000000000000 3.366300366297000000 30.33400000000000300 -0.03190000000000001 -0.01100000000000001 0.481900000000000000 0.021500000000000000 0.009340000000000003 0.051245250000000000 3.378510378507000000 1 1 0 1 1 1 1 1 1 1 1 1 1 0 1 1 1 0 1 0 0 0 1 1 1 0 0       2950         12         39    7869846     600443         16        165          0          0          0        255         14    7869839     310266          4       1694         13         54    7869846     601186         16       3426     108913          5          0          0          0          0          0          0        399          3          0          0          0          0          0          0          0       1071 
2016-06-12T23:37:12.464882Z   1/7869888:18817          0          0          0          0          0          0          0          0          0          0          0          0          0          0          0          0          0          0          0          0          0          0          0          0          0          0          0          0          0          0          0          0          0          0          0          0          0          0          0          0          0          0          0          0          0          0          0          0          0          0          0          0          0          0          0          0          0          0          0          0          0          0          0          0          0          0          0          0          0          0          0          0          0          0          0          0          0          0          0          0          0          0          0          0          0          0          0                    0          0          0          0          0         10         21    7869846     595986         15        131         11          0          0          0          0          0          0          0 0          0         11          0          0          0          0          0          0          0         11         11         11         11         11         11         11         11         11         11         11         11         11         11         11         11 1        530         11         53    7869876     591175         17 -17.0078000000000300 -17.6888000000000150 -17.0999999999999940 -20.5888004853627540 -19.1492425106425230 -19.6559058549054840 0.000000000000000000 3.365079365076000000 30.29200000000000000 -0.02120000000000001 -0.01100000000000001 0.559900000000000000 0.020899999999999995 0.009700000000000002 0.051798250000000000 3.378510378507000000 1 1 0 1 1 1 1 1 1 1 1 1 1 0 1 1 1 0 1 0 0 0 1 1 1 0 0       2739         12         39    7869876     599493         17        165          0          0          0        255         15    7869846     595986        131       1540         13         54    7869876     600218         17       3649     116173          5          0          0          0          0          0          0        429          3          0          0          0          0          0          0          0       1272 
2016-06-12T23:37:42.464433Z   1/7869918:18817          0          0          0          0          0          0          0          0          0          0          0          0          0          0          0          0          0          0          0          0          0          0          0          0          0          0          0          0          0          0          0          0          0          0          0          0          0          0          0          0          0          0          0          0          0          0          0          0          0          0          0          0          0          0          0          0          0          0          0          0          0          0          0          0          0          0          0          0          0          0          0          0          0          0          0          0          0          0          0          0          0          0          0          0          0          0          0                    0          0          0          0          0         10         21    7869905     115442         16          4          0          0          0          0          0          0          0          0 0          0          0          0          0          0          0          0          0          0          0          0          0          0          0          0          0          0          0          0          0          0          0          0          0          0 0        838         11         53    7869906     591175         18 -17.0078000000000300 -17.6888000000000150 -17.2441999999999920 -20.5888004853627540 -19.1951157100628800 -19.6559058549054840 0.000000000000000000 3.366300366297000000 30.31300000000000200 -0.02120000000000001 -0.02160000000000001 0.472299999999999940 0.021500000000000000 0.009220000000000000 0.050968750000000000 3.379731379727999800 1 1 0 1 1 1 1 1 1 1 1 1 1 0 1 1 1 0 1 0 0 0 1 1 1 0 0       2978         12         39    7869906     600524         18        165          0          0          0        255         16    7869905     115442          4       1901         13         54    7869906     601267         18       3872     125672          5          0          0          0          0          0          0        460          3          0          0          0          0          0          0          0       1395 
2016-06-12T23:38:12.463984Z   1/7869948:18817          0          0          0          0          0          0          0          0          0          0          0          0          0          0          0          0          0          0          0          0          0          0          0          0          0          0          0          0          0          0          0          0          0          0          0          0          0          0          0          0          0          0          0          0          0          0          0          0          0          0          0          0          0          0          0          0          0          0          0          0          0          0          0          0          0          0          0          0          0          0          0          0          0          0          0          0          0          0          0          0          0          0          0          0          0          0          0                    0          0          0          0          0         10         21    7869906     596069         17        131         11          0          0          0          0          0          0          0 0          0         11          0          0          0          0          0          0          0         11         11         11         11         11         11         11         11         11         11         11         11         11         11         11         11 1        675         11         53    7869936     591218         19 -16.8716000000000000 -17.5526000000000120 -17.2441999999999920 -20.5888004853627540 -19.1951157100628800 -19.6559058549054840 0.000000000000000000 3.367521367518000000 30.31300000000000200 -0.03190000000000001 -0.02160000000000001 0.481000000000000000 0.020600000000000000 0.009700000000000002 0.051245250000000000 3.380952380949000000 1 1 0 1 1 1 1 1 1 1 1 1 1 0 1 1 1 0 1 0 0 0 1 1 1 0 0       2840         12         39    7869936     600556         19        165          0          0          0        255         17    7869906     596069        131       1790         13         54    7869936     601299         19       4095     132932          5          0          0          0          0          0          0        490          1          0          0          0          0          0          0          0       1319 
2016-06-12T23:38:42.463535Z   1/7869978:18817          0          0          0          0          0          0          0          0          0          0          0          0          0          0          0          0          0          0          0          0          0          0          0          0          0          0          0          0          0          0          0          0          0          0          0          0          0          0          0          0          0          0          0          0          0          0          0          0          0          0          0          0          0          0          0          0          0          0          0          0          0          0          0          0          0          0          0          0          0          0          0          0          0          0          0          0          0          0          0          0          0          0          0          0          0          0          0                    0          0          0          0          0         10         21    7869936     596100         18        131         11          0          0          0          0          0          0          0 0          0         11          0          0          0          0          0          0          0         11         11         11         11         11         11         11         11         11         11         11         11         11         11         11         11 1        737         11         53    7869966     591208         20 -16.5991999999999960 -17.5526000000000120 -17.2441999999999920 -20.6358443010722970 -19.1951157100628800 -19.6096580201592300 0.000000000000000000 3.366300366297000000 30.26050000000000400 -0.02120000000000001 -0.01100000000000001 0.630699999999999900 0.021799999999999993 0.009540000000000002 0.052074749999999996 3.379731379727999800 1 1 0 1 1 1 1 1 1 1 1 1 1 0 1 1 1 0 1 0 0 0 1 1 1 0 0       2598         12         39    7869966     599617         20        165          0          0          0        255         18    7869936     596100        131       1454         13         54    7869966     600342         20       4318     140192          5          0          0          0          0          0          0        520          3          0          0          0          0          0          0          0        768 
2016-06-12T23:39:12.463086Z   1/7870008:18817          0          0          0          0          0          0          0          0          0          0          0          0          0          0          0          0          0          0          0          0          0          0          0          0          0          0          0          0          0          0          0          0          0          0          0          0          0          0          0          0          0          0          0          0          0          0          0          0          0          0          0          0          0          0          0          0          0          0          0          0          0          0          0          0          0          0          0          0          0          0          0          0          0          0          0          0          0          0          0          0          0          0          0          0          0          0          0                    0          0          0          0          0         10         21    7869969      36382         19          4          0          0          0          0          0          0          0          0 0          0          0          0          0          0          0          0          0          0          0          0          0          0          0          0          0          0          0          0          0          0          0          0          0          0 0        385         11         53    7869996     591210         21 -16.4630000000000220 -17.4164000000000100 -17.3884000000000040 -20.6358443010722970 -19.1951157100628800 -19.6096580201592300 0.000000000000000000 3.365079365076000000 30.32350000000000300 -0.02120000000000001 -0.02160000000000001 0.520899999999999900 0.021799999999999993 0.009300000000000001 0.051660000000000005 3.378510378507000000 1 1 0 1 1 1 1 1 1 1 1 1 1 0 1 1 1 0 1 0 0 0 1 1 1 0 0       2773         12         39    7869996     599660         21        165          0          0          0        255         19    7869969      36382          4       1187         13         54    7869996     600385         21       4541     149715          5          0          0          0          0          0          0        551          1          0          0          0          0          0          0          0        927 
2016-06-12T23:39:42.462637Z   1/7870038:18817          0          0          0          0          0          0          0          0          0          0          0          0          0          0          0          0          0          0          0          0          0          0          0          0          0          0          0          0          0          0          0          0          0          0          0          0          0          0          0          0          0          0          0          0          0          0          0          0          0          0          0          0          0          0          0          0          0          0          0          0          0          0          0          0          0          0          0          0          0          0          0          0          0          0          0          0          0          0          0          0          0          0          0          0          0          0          0                    0          0          0          0          0          0          0          0          0          0          0          0          0          0          0          0          0          0          0 0          0          0          0          0          0          0          0          0          0          0          0          0          0          0          0          0          0          0          0          0          0          0          0          0          0 0          0         11         53    7870026     591209         22 -16.4630000000000220 -17.4164000000000100 -17.3884000000000040 -20.6829263331243570 -19.1951157100628800 -19.5634477767811750 0.000000000000000000 3.365079365076000000 30.30250000000000200 -0.03190000000000001 -0.02160000000000001 0.578499999999999900 0.020299999999999990 0.009940000000000003 0.051245250000000000 3.378510378507000000 1 1 0 1 1 1 1 1 1 1 1 1 1 0 1 1 1 0 1 0 0 0 1 1 1 0 0       2490         12         39    7870026     599555         22        165          0          0          0        255         19    7869969      36382          4       1113         13         54    7870026     600275         22       4743     156975          5          0          0          0          0          0          0        581          0          0          0          0          0          0          0          0        944 
2016-06-12T23:40:12.462188Z   1/7870068:18817          0          0          0          0          0          0          0          0          0          0          0          0          0          0          0          0          0          0          0          0          0          0          0          0          0          0          0          0          0          0          0          0          0          0          0          0          0          0          0          0          0          0          0          0          0          0          0          0          0          0          0          0          0          0          0          0          0          0          0          0          0          0          0          0          0          0          0          0          0          0          0          0          0          0          0          0          0          0          0          0          0          0          0          0          0          0          0                    0          0          0          0          0         10         21    7870035     127259         20          4          0          0          0          0          0          0          0          0 0          0          0          0          0          0          0          0          0          0          0          0          0          0          0          0          0          0          0          0          0          0          0          0          0          0 0        549         11         53    7870056     591210         23 -16.4630000000000220 -17.4164000000000100 -17.4604999999999960 -20.6829263331243570 -19.2410262451802230 -19.5634477767811750 0.000000000000000000 3.365079365076000000 30.29200000000000000 -0.03190000000000001 30.35800000000000000 0.525700000000000000 0.019999999999999997 0.152700000000000000 0.050415750000000000 3.378510378507000000 1 1 0 1 1 1 1 1 1 1 1 1 1 0 1 1 1 0 1 0 1 0 1 1 1 0 0       2914         12         39    7870056     599762         23        165          0          0          0        255         20    7870035     127259          4       1515         13         54    7870056     600474         23       5024     166211          5          0          0          0          0          0          0        612          1          0          0          0          0          0          0          0       1033 
2016-06-12T23:40:42.461740Z   1/7870098:18817          0          0          0          0          0          0          0          0          0          0          0          0          0          0          0          0          0          0          0          0          0          0          0          0          0          0          0          0          0          0          0          0          0          0          0          0          0          0          0          0          0          0          0          0          0          0          0          0          0          0          0          0          0          0          0          0          0          0          0          0          0          0          0          0          0          0          0          0          0          0          0          0          0          0          0          0          0          0          0          0          0          0          0          0          0          0          0                    0          0          0          0          0         10         21    7870081     317485         21          4          0          0          0          0          0          0          0          0 0          0          0          0          0          0          0          0          0          0          0          0          0          0          0          0          0          0          0          0          0          0          0          0          0          0 0        592         11         53    7870086     591216         24 -16.3267999999999900 -17.2802000000000080 -17.3163000000000000 -20.7300466099268870 -19.1951157100628800 -19.5634477767811750 0.000000000000000000 3.365079365076000000 30.32350000000000300 -0.02120000000000001 30.38979999999999700 0.515799999999999900 0.021500000000000000 0.152700000000000000 0.050001000000000000 3.377289377286000000 1 1 0 1 1 1 1 1 1 1 1 1 1 0 1 1 1 0 1 0 1 0 1 1 1 0 0       2926         12         39    7870086     599790         24        165          0          0          0        255         21    7870081     317485          4       1617         13         54    7870086     600516         24       5305     550565          5          0          0          0          0          0          0        725          0          0          0          0          0          0          0          0       1313 
2016-06-12T23:41:12.461291Z   1/7870128:18817          0          0          0          0          0          0          0          0          0          0          0          0          0          0          0          0          0          0          0          0          0          0          0          0          0          0          0          0          0          0          0          0          0          0          0          0          0          0          0          0          0          0          0          0          0          0          0          0          0          0          0          0          0          0          0          0          0          0          0          0          0          0          0          0          0          0          0          0          0          0          0          0          0          0          0          0          0          0          0          0          0          0          0          0          0          0          0                    0          0          0          0          0         10         21    7870110      42896         22          4          0          0          0          0          0          0          0          0 0          0          0          0          0          0          0          0          0          0          0          0          0          0          0          0          0          0          0          0          0          0          0          0          0          0 0        668         11         53    7870116     591299         25 -16.1906000000000180 -17.2802000000000080 -17.3884000000000040 -20.6829263331243570 -19.1951157100628800 -19.5172750963634770 0.000000000000000000 3.365079365076000000 30.26050000000000400 -0.03190000000000001 30.32620000000000000 0.578199999999999900 0.022099999999999988 0.152700000000000000 0.050001000000000000 3.378510378507000000 1 1 0 1 1 1 1 1 1 1 1 1 1 0 1 1 1 0 1 0 1 0 1 1 1 0 0       2983         12         39    7870116     600006         25        165          0          0          0        255         22    7870110      42896          4       1685         13         54    7870116     600910         25       5586    1033632          5          0          0          0          0          0          0        875          3          0          0          0          0          0          0          0       1249 
2016-06-12T23:41:42.460842Z   1/7870158:18817          0          0          0          0          0          0          0          0          0          0          0          0          0          0          0          0          0          0          0          0          0          0          0          0          0          0          0          0          0          0          0          0          0          0          0          0          0          0          0          0          0          0          0          0          0          0          0          0          0          0          0          0          0          0          0          0          0          0          0          0          0          0          0          0          0          0          0          0          0          0          0          0          0          0          0          0          0          0          0          0          0          0          0          0          0          0          0                    0          0          0          0          0         10         21    7870138     305154         23          4          0          0          0          0          0          0          0          0 0          0          0          0          0          0          0          0          0          0          0          0          0          0          0          0          0          0          0          0          0          0          0          0          0          0 0        560         11         53    7870146     591175         26 -16.0543999999999870 -17.2802000000000080 -17.4604999999999960 -20.7300466099268870 -19.1951157100628800 -19.5172750963634770 0.000000000000000000 3.363858363855000000 30.29200000000000000 -0.04260000000000001 30.36860000000000000 0.603699999999999900 0.020600000000000000 0.152700000000000000 0.050415750000000000 3.378510378507000000 1 1 0 1 1 1 1 1 1 1 1 1 1 0 1 1 1 0 1 0 1 0 1 1 1 0 0       2981         12         39    7870146     599877         26        165          0          0          0        255         23    7870138     305154          4       1479         13         54    7870146     600603         26       5867    1522144          5          0          0          0          0          0          0       1027          1          0          0          0          0          0          0          0       1081 
2016-06-12T23:42:12.460393Z   1/7870188:18817          0          0          0          0          0          0          0          0          0          0          0          0          0          0          0          0          0          0          0          0          0          0          0          0          0          0          0          0          0          0          0          0          0          0          0          0          0          0          0          0          0          0          0          0          0          0          0          0          0          0          0          0          0          0          0          0          0          0          0          0          0          0          0          0          0          0          0          0          0          0          0          0          0          0          0          0          0          0          0          0          0          0          0          0          0          0          0                    0          0          0          0          0         10         21    7870166     994754         24          4          0          0          0          0          0          0          0          0 0          0          0          0          0          0          0          0          0          0          0          0          0          0          0          0          0          0          0          0          0          0          0          0          0          0 0        669         11         53    7870176     591175         27 -16.0543999999999870 -17.1440000000000050 -17.4604999999999960 -20.7300466099268870 -19.1492425106425230 -19.5172750963634770 0.000000000000000000 3.365079365076000000 30.32350000000000300 -0.03190000000000001 30.36860000000000000 0.613300000000000000 0.020899999999999995 0.149620000000000000 0.050830500000000010 3.378510378507000000 1 1 0 1 1 1 1 1 1 1 1 1 1 0 1 1 1 0 1 0 1 0 1 1 1 0 0       2976         12         39    7870176     599923         27        165          0          0          0        255         24    7870166     994754          4       1665         13         54    7870176     600648         27       6148    2007949          5          0          0          0          0          0          0       1178          3          0          0          0          0          0          0          0       1111 
2016-06-12T23:42:42.459944Z   1/7870218:18817          0          0          0          0          0          0          0          0          0          0          0          0          0          0          0          0          0          0          0          0          0          0          0          0          0          0          0          0          0          0          0          0          0          0          0          0          0          0          0          0          0          0          0          0          0          0          0          0          0          0          0          0          0          0          0          0          0          0          0          0          0          0          0          0          0          0          0          0          0          0          0          0          0          0          0          0          0          0          0          0          0          0          0          0          0          0          0                    0          0          0          0          0         10         21    7870195      45405         25          4          0          0          0          0          0          0          0          0 0          0          0          0          0          0          0          0          0          0          0          0          0          0          0          0          0          0          0          0          0          0          0          0          0          0 0        715         11         53    7870206     591175         28 -15.9182000000000130 -17.1440000000000050 -17.6046999999999940 -20.7772051598877850 -19.1492425106425230 -19.4250423107773430 0.000000000000000000 3.365079365076000000 30.31300000000000200 -0.02120000000000001 30.33680000000000000 0.502000000000000000 0.020899999999999995 0.152700000000000000 0.049724500000000000 3.378510378507000000 1 1 0 1 1 1 1 1 1 1 1 1 1 0 1 1 1 0 1 0 1 0 1 1 1 0 0       2959         12         39    7870206     598966         28        165          0          0          0        255         25    7870195      45405          4       1805         13         54    7870206     599692         28       6429    2493696          5          0          0          0          0          0          0       1329          0          0          0          0          0          0          0          0        842 
2016-06-12T23:43:12.459495Z   1/7870248:18817          0          0          0          0          0          0          0          0          0          0          0          0          0          0          0          0          0          0          0          0          0          0          0          0          0          0          0          0          0          0          0          0          0          0          0          0          0          0          0          0          0          0          0          0          0          0          0          0          0          0          0          0          0          0          0          0          0          0          0          0          0          0          0          0          0          0          0          0          0          0          0          0          0          0          0          0          0          0          0          0          0          0          0          0          0          0          0                    0          0          0          0          0         10         21    7870223     350990         26          4          0          0          0          0          0          0          0          0 0          0          0          0          0          0          0          0          0          0          0          0          0          0          0          0          0          0          0          0          0          0          0          0          0          0 0        329         11         53    7870236     591175         29 -15.7820000000000390 -17.1440000000000050 -17.4604999999999960 -20.7772051598877850 -19.0576080052608750 -19.4250423107773430 0.000000000000000000 3.365079365076000000 30.29200000000000000 -0.04260000000000001 30.36860000000000000 0.627400000000000000 0.020899999999999995 0.152700000000000000 0.050554000000000010 3.378510378507000000 1 1 0 1 1 1 1 1 1 1 1 1 1 0 1 1 1 0 1 0 1 0 1 1 1 0 0       2900         12         39    7870236     599013         29        165          0          0          0        255         26    7870223     350990          4       1242         13         54    7870236     599739         29       6710    2979432          5          0          0          0          0          0          0       1480          3          0          0          0          0          0          0          0       1061 
2016-06-12T23:43:42.459046Z   1/7870278:18817          0          0          0          0          0          0          0          0          0          0          0          0          0          0          0          0          0          0          0          0          0          0          0          0          0          0          0          0          0          0          0          0          0          0          0          0          0          0          0          0          0          0          0          0          0          0          0          0          0          0          0          0          0          0          0          0          0          0          0          0          0          0          0          0          0          0          0          0          0          0          0          0          0          0          0          0          0          0          0          0          0          0          0          0          0          0          0                    0          0          0          0          0         10         21    7870252      42921         27          4          0          0          0          0          0          0          0          0 0          0          0          0          0          0          0          0          0          0          0          0          0          0          0          0          0          0          0          0          0          0          0          0          0          0 0        585         11         53    7870266     591261         30 -15.6458000000000080 -17.0078000000000300 -17.4604999999999960 -20.7772051598877850 -19.0118466424837900 -19.3789821487930300 0.000000000000000000 3.366300366297000000 30.28150000000000000 -0.03190000000000001 30.33680000000000000 0.639699999999999900 0.019699999999999990 0.152700000000000000 0.048895000000000000 3.379731379727999800 1 1 0 1 1 1 1 1 1 1 1 1 1 0 1 1 1 0 1 0 1 0 1 1 1 0 0       3041         12         39    7870266     599230         30        165          0          0          0        255         27    7870252      42921          4       1491         13         54    7870266     600168         30       6991    3465171          5          0          0          0          0          0          0       1631          0          0          0          0          0          0          0          0       1149 
2016-06-12T23:44:12.458597Z   1/7870308:18817          0          0          0          0          0          0          0          0          0          0          0          0          0          0          0          0          0          0          0          0          0          0          0          0          0          0          0          0          0          0          0          0          0          0          0          0          0          0          0          0          0          0          0          0          0          0          0          0          0          0          0          0          0          0          0          0          0          0          0          0          0          0          0          0          0          0          0          0          0          0          0          0          0          0          0          0          0          0          0          0          0          0          0          0          0          0          0                    0          0          0          0          0         10         21    7870280     290657         28          4          0          0          0          0          0          0          0          0 0          0          0          0          0          0          0          0          0          0          0          0          0          0          0          0          0          0          0          0          0          0          0          0          0          0 0        490         11         53    7870296     591173         31 -15.6458000000000080 -16.8716000000000000 -17.5326000000000020 -20.7300466099268870 -18.9204355547173860 -19.3789821487930300 0.000000000000000000 3.365079365076000000 30.31300000000000200 -0.03190000000000001 30.33680000000000000 0.503500000000000000 0.022099999999999988 0.152700000000000000 0.050415750000000000 3.378510378507000000 1 1 0 1 1 1 1 1 1 1 1 1 1 0 1 1 1 0 1 0 1 0 1 1 1 0 0       2804         12         39    7870296     599106         31        165          0          0          0        255         28    7870280     290657          4       1303         13         54    7870296     599831         31       7272    3953638          5          0          0          0          0          0          0       1783          3          0          0          0          0          0          0          0       1166 
2016-06-12T23:44:42.458148Z   1/7870338:18817          0          0          0          0          0          0          0          0          0          0          0          0          0          0          0          0          0          0          0          0          0          0          0          0          0          0          0          0          0          0          0          0          0          0          0          0          0          0          0          0          0          0          0          0          0          0          0          0          0          0          0          0          0          0          0          0          0          0          0          0          0          0          0          0          0          0          0          0          0          0          0          0          0          0          0          0          0          0          0          0          0          0          0          0          0          0          0                    0          0          0          0          0         10         21    7870308     971092         29          4          0          0          0          0          0          0          0          0 0          0          0          0          0          0          0          0          0          0          0          0          0          0          0          0          0          0          0          0          0          0          0          0          0          0 0        614         11         53    7870326     591175         32 -15.6458000000000080 -16.8716000000000000 -17.5326000000000020 -20.7772051598877850 -18.8291731279485650 -19.3789821487930300 0.000000000000000000 3.365079365076000000 30.33400000000000300 -0.03190000000000001 30.33680000000000000 0.584800000000000000 0.021500000000000000 0.150340000000000000 0.049724500000000000 3.378510378507000000 1 1 0 1 1 1 1 1 1 1 1 1 1 0 1 1 1 0 1 0 1 0 1 1 1 0 0       2788         12         39    7870326     599177         32        165          0          0          0        255         29    7870308     971092          4       1529         13         54    7870326     599889         32       7553    4439403          5          0          0          0          0          0          0       1934          3          0          0          0          0          0          0          0       1167 
2016-06-12T23:45:12.457699Z   1/7870368:18817          0          0          0          0          0          0          0          0          0          0          0          0          0          0          0          0          0          0          0          0          0          0          0          0          0          0          0          0          0          0          0          0          0          0          0          0          0          0          0          0          0          0          0          0          0          0          0          0          0          0          0          0          0          0          0          0          0          0          0          0          0          0          0          0          0          0          0          0          0          0          0          0          0          0          0          0          0          0          0          0          0          0          0          0          0          0          0                    0          0          0          0          0         10         21    7870337      80154         30          4          0          0          0          0          0          0          0          0 0          0          0          0          0          0          0          0          0          0          0          0          0          0          0          0          0          0          0          0          0          0          0          0          0          0 0        421         11         53    7870356     591176         33 -15.5096000000000340 -16.7354000000000270 -17.6046999999999940 -20.7772051598877850 -18.7380591349139540 -19.3329594361373720 0.000000000000000000 3.365079365076000000 30.32350000000000300 -0.03190000000000001 30.34740000000000000 0.508599999999999900 0.020299999999999990 0.152700000000000000 0.049448000000000000 3.378510378507000000 1 1 0 1 1 1 1 1 1 1 1 1 1 0 1 1 1 0 1 0 1 0 1 1 1 0 0       2874         12         39    7870356     599199         33        165          0          0          0        255         30    7870337      80154          4       1389         13         54    7870356     599924         33       7834    4925187          5          0          0          0          0          0          0       2085          0          0          0          0          0          0          0          0        906 
2016-06-12T23:45:42.457250Z   1/7870398:18817          0          0          0          0          0          0          0          0          0          0          0          0          0          0          0          0          0          0          0          0          0          0          0          0          0          0          0          0          0          0          0          0          0          0          0          0          0          0          0          0          0          0          0          0          0          0          0          0          0          0          0          0          0          0          0          0          0          0          0          0          0          0          0          0          0          0          0          0          0          0          0          0          0          0          0          0          0          0          0          0          0          0          0          0          0          0          0                    0          0          0          0          0         10         21    7870365     502193         31          4          0          0          0          0          0          0          0          0 0          0          0          0          0          0          0          0          0          0          0          0          0          0          0          0          0          0          0          0          0          0          0          0          0          0 0        719         11         53    7870386     591176         34 -15.3734000000000040 -16.7354000000000270 -17.5326000000000020 -20.7300466099268870 -18.6016659614750500 -19.2869741444023930 0.000000000000000000 3.363858363855000000 30.28150000000000000 -0.02120000000000001 30.29440000000000000 0.578800000000000000 0.020600000000000000 0.152700000000000000 0.049309750000000006 3.377289377286000000 1 1 0 1 1 1 1 1 1 1 1 1 1 0 1 1 1 0 1 0 1 0 1 1 1 0 0       2869         12         39    7870386     599248         34        165          0          0          0        255         31    7870365     502193          4       1767         13         54    7870386     599973         34       8115    5410962          5          0          0          0          0          0          0       2236          3          0          0          0          0          0          0          0       1421 
2016-06-12T23:46:12.456801Z   1/7870428:18817          0          0          0          0          0          0          0          0          0          0          0          0          0          0          0          0          0          0          0          0          0          0          0          0          0          0          0          0          0          0          0          0          0          0          0          0          0          0          0          0          0          0          0          0          0          0          0          0          0          0          0          0          0          0          0          0          0          0          0          0          0          0          0          0          0          0          0          0          0          0          0          0          0          0          0          0          0          0          0          0          0          0          0          0          0          0          0                    0          0          0          0          0         10         21    7870394      32292         32          4          0          0          0          0          0          0          0          0 0          0          0          0          0          0          0          0          0          0          0          0          0          0          0          0          0          0          0          0          0          0          0          0          0          0 0        558         11         53    7870416     591261         35 -15.2372000000000300 -16.7354000000000270 -17.6046999999999940 -20.7300466099268870 -18.5562755409938800 -19.2410262451802230 0.000000000000000000 3.366300366297000000 30.30250000000000200 -0.02120000000000001 30.34740000000000000 0.613899999999999900 0.021500000000000000 0.152700000000000000 0.049171500000000000 3.379731379727999800 1 1 0 1 1 1 1 1 1 1 1 1 1 0 1 1 1 0 1 0 1 0 1 1 1 0 0       3115         12         39    7870416     599473         35        165          0          0          0        255         32    7870394      32292          4       1607         13         54    7870416     600444         35       8396    5896724          5          0          0          0          0          0          0       2387          3          0          0          0          0          0          0          0       1322 
2016-06-12T23:46:42.456352Z   1/7870458:18817          0          0          0          0          0          0          0          0          0          0          0          0          0          0          0          0          0          0          0          0          0          0          0          0          0          0          0          0          0          0          0          0          0          0          0          0          0          0          0          0          0          0          0          0          0          0          0          0          0          0          0          0          0          0          0          0          0          0          0          0          0          0          0          0          0          0          0          0          0          0          0          0          0          0          0          0          0          0          0          0          0          0          0          0          0          0          0                    0          0          0          0          0         10         21    7870422     331002         33          4          0          0          0          0          0          0          0          0 0          0          0          0          0          0          0          0          0          0          0          0          0          0          0          0          0          0          0          0          0          0          0          0          0          0 0        692         11         53    7870446     591176         36 -15.1009999999999990 -16.7354000000000270 -17.6768000000000000 -20.7300466099268870 -18.4656054855816480 -19.2410262451802230 0.000000000000000000 3.365079365076000000 30.27100000000000000 -0.03190000000000001 30.29440000000000000 0.574299999999999900 0.020899999999999995 0.152700000000000000 0.048480249999999996 3.378510378507000000 1 1 0 1 1 1 1 1 1 1 1 1 1 0 1 1 1 0 1 0 1 0 1 1 1 0 0       2911         12         39    7870446     599343         36        165          0          0          0        255         33    7870422     331002          4       1642         13         54    7870446     600068         36       8677    6385163          5          0          0          0          0          0          0       2539          3          0          0          0          0          0          0          0       1269 
2016-06-12T23:47:12.455903Z   1/7870488:18817          0          0          0          0          0          0          0          0          0          0          0          0          0          0          0          0          0          0          0          0          0          0          0          0          0          0          0          0          0          0          0          0          0          0          0          0          0          0          0          0          0          0          0          0          0          0          0          0          0          0          0          0          0          0          0          0          0          0          0          0          0          0          0          0          0          0          0          0          0          0          0          0          0          0          0          0          0          0          0          0          0          0          0          0          0          0          0                    0          0          0          0          0         10         21    7870450     115576         34          4          0          0          0          0          0          0          0          0 0          0          0          0          0          0          0          0          0          0          0          0          0          0          0          0          0          0          0          0          0          0          0          0          0          0 0        770         11         53    7870476     591175         37 -15.1009999999999990 -16.5991999999999960 -17.6768000000000000 -20.7300466099268870 -18.3298769402197760 -19.1951157100628800 0.000000000000000000 3.365079365076000000 30.26050000000000400 -0.03190000000000001 30.31560000000000000 0.525999999999999900 0.020299999999999990 0.152700000000000000 0.049033250000000010 3.378510378507000000 1 1 0 1 1 1 1 1 1 1 1 1 1 0 1 1 1 0 1 0 1 0 1 1 1 0 0       2780         12         39    7870476     599393         37        165          0          0          0        255         34    7870450     115576          4       1546         13         54    7870476     600119         37       8958    6870904          5          0          0          0          0          0          0       2690          1          0          0          0          0          0          0          0       1237 
2016-06-12T23:47:42.455454Z   1/7870518:18817          0          0          0          0          0          0          0          0          0          0          0          0          0          0          0          0          0          0          0          0          0          0          0          0          0          0          0          0          0          0          0          0          0          0          0          0          0          0          0          0          0          0          0          0          0          0          0          0          0          0          0          0          0          0          0          0          0          0          0          0          0          0          0          0          0          0          0          0          0          0          0          0          0          0          0          0          0          0          0          0          0          0          0          0          0          0          0                    0          0          0          0          0         10         21    7870478     309984         35          4          0          0          0          0          0          0          0          0 0          0          0          0          0          0          0          0          0          0          0          0          0          0          0          0          0          0          0          0          0          0          0          0          0          0 0        642         11         53    7870506     591175         38 -14.9648000000000250 -16.5991999999999960 -17.6046999999999940 -20.7300466099268870 -18.2395752703904180 -19.1951157100628800 0.000000000000000000 3.365079365076000000 30.28150000000000000 -0.04260000000000001 30.31560000000000000 0.540999999999999900 0.019999999999999997 0.152700000000000000 0.048895000000000000 3.378510378507000000 1 1 0 1 1 1 1 1 1 1 1 1 1 0 1 1 1 0 1 0 1 0 1 1 1 0 0       2858         12         39    7870506     599442         38        165          0          0          0        255         35    7870478     309984          4       1498         13         54    7870506     600167         38       9239    7356646          5          0          0          0          0          0          0       2841          0          0          0          0          0          0          0          0        949 
2016-06-12T23:48:12.455006Z   1/7870548:18817          0          0          0          0          0          0          0          0          0          0          0          0          0          0          0          0          0          0          0          0          0          0          0          0          0          0          0          0          0          0          0          0          0          0          0          0          0          0          0          0          0          0          0          0          0          0          0          0          0          0          0          0          0          0          0          0          0          0          0          0          0          0          0          0          0          0          0          0          0          0          0          0          0          0          0          0          0          0          0          0          0          0          0          0          0          0          0                    0          0          0          0          0         10         21    7870506     861403         36          4          0          0          0          0          0          0          0          0 0          0          0          0          0          0          0          0          0          0          0          0          0          0          0          0          0          0          0          0          0          0          0          0          0          0 0        525         11         53    7870536     591174         39 -14.9648000000000250 -16.5991999999999960 -17.6768000000000000 -20.7300466099268870 -18.1043982381057160 -19.1492425106425230 0.000000000000000000 3.363858363855000000 30.21850000000000200 -0.03190000000000001 30.34740000000000000 0.614799999999999900 0.020899999999999995 0.152700000000000000 0.048342000000000000 3.377289377286000000 1 1 0 1 1 1 1 1 1 1 1 1 1 0 1 1 1 0 1 0 1 0 1 1 1 0 0       2871         12         39    7870536     599491         39        165          0          0          0        255         36    7870506     861403          4       1461         13         54    7870536     600218         39       9520    7847463          5          0          0          0          0          0          0       2994          3          0          0          0          0          0          0          0       1155 
2016-06-12T23:48:42.454557Z   1/7870578:18817          0          0          0          0          0          0          0          0          0          0          0          0          0          0          0          0          0          0          0          0          0          0          0          0          0          0          0          0          0          0          0          0          0          0          0          0          0          0          0          0          0          0          0          0          0          0          0          0          0          0          0          0          0          0          0          0          0          0          0          0          0          0          0          0          0          0          0          0          0          0          0          0          0          0          0          0          0          0          0          0          0          0          0          0          0          0          0                    0          0          0          0          0         10         21    7870534     922273         37          4          0          0          0          0          0          0          0          0 0          0          0          0          0          0          0          0          0          0          0          0          0          0          0          0          0          0          0          0          0          0          0          0          0          0 0        479         11         53    7870566     591228         40 -14.9648000000000250 -16.5991999999999960 -17.6046999999999940 -20.7300466099268870 -17.9695510909821800 -19.1492425106425230 0.000000000000000000 3.366300366297000000 30.28150000000000000 -0.04260000000000001 30.33680000000000000 0.499000000000000000 0.019999999999999997 0.152700000000000000 0.049448000000000000 3.379731379727999800 1 1 0 1 1 1 1 1 1 1 1 1 1 0 1 1 1 0 1 0 1 0 1 1 1 0 0       2834         12         39    7870566     599788         40        165          0          0          0        255         37    7870534     922273          4       1488         13         54    7870566     600681         40       9801    8330473          5          0          0          0          0          0          0       3144          1          0          0          0          0          0          0          0       1098 
2016-06-12T23:49:12.454108Z   1/7870608:18817          0          0          0          0          0          0          0          0          0          0          0          0          0          0          0          0          0          0          0          0          0          0          0          0          0          0          0          0          0          0          0          0          0          0          0          0          0          0          0          0          0          0          0          0          0          0          0          0          0          0          0          0          0          0          0          0          0          0          0          0          0          0          0          0          0          0          0          0          0          0          0          0          0          0          0          0          0          0          0          0          0          0          0          0          0          0          0                    0          0          0          0          0         10         21    7870562     970521         38          4          0          0          0          0          0          0          0          0 0          0          0          0          0          0          0          0          0          0          0          0          0          0          0          0          0          0          0          0          0          0          0          0          0          0 0        561         11         53    7870596     591210         41 -14.8285999999999940 -16.4630000000000220 -17.6046999999999940 -20.7300466099268870 -17.8350330620058060 -19.0576080052608750 0.000000000000000000 3.365079365076000000 30.30250000000000200 -0.03190000000000001 30.33680000000000000 0.630699999999999900 0.022699999999999990 0.152700000000000000 0.047789000000000005 3.377289377286000000 1 1 0 1 1 1 1 1 1 1 1 1 1 0 1 1 1 0 1 0 1 0 1 1 1 0 0       3025         12         39    7870596     599619         41        165          0          0          0        255         38    7870562     970521          4       1432         13         54    7870596     600332         41      10082    8818891          5          0          0          0          0          0          0       3296          1          0          0          0          0          0          0          0       1306 
2016-06-12T23:49:42.453659Z   1/7870638:18817          0          0          0          0          0          0          0          0          0          0          0          0          0          0          0          0          0          0          0          0          0          0          0          0          0          0          0          0          0          0          0          0          0          0          0          0          0          0          0          0          0          0          0          0          0          0          0          0          0          0          0          0          0          0          0          0          0          0          0          0          0          0          0          0          0          0          0          0          0          0          0          0          0          0          0          0          0          0          0          0          0          0          0          0          0          0          0                    0          0          0          0          0         10         21    7870590     991389         39          4          0          0          0          0          0          0          0          0 0          0          0          0          0          0          0          0          0          0          0          0          0          0          0          0          0          0          0          0          0          0          0          0          0          0 0        548         11         53    7870626     591208         42 -14.6924000000000200 -16.4630000000000220 -17.6046999999999940 -20.6829263331243570 -17.7455368406643570 -19.0118466424837900 0.000000000000000000 3.365079365076000000 30.31300000000000200 -0.03190000000000001 30.31560000000000000 0.510100000000000000 0.020899999999999995 0.152700000000000000 0.049586250000000005 3.378510378507000000 1 1 0 1 1 1 1 1 1 1 1 1 1 0 1 1 1 0 1 0 1 0 1 1 1 0 0       2911         12         39    7870626     599643         42        165          0          0          0        255         39    7870590     991389          4       1474         13         54    7870626     600369         42      10363    9304612          5          0          0          0          0          0          0       3447          1          0          0          0          0          0          0          0       1242 
2016-06-12T23:50:12.453210Z   1/7870668:18817          0          0          0          0          0          0          0          0          0          0          0          0          0          0          0          0          0          0          0          0          0          0          0          0          0          0          0          0          0          0          0          0          0          0          0          0          0          0          0          0          0          0          0          0          0          0          0          0          0          0          0          0          0          0          0          0          0          0          0          0          0          0          0          0          0          0          0          0          0          0          0          0          0          0          0          0          0          0          0          0          0          0          0          0          0          0          0                    0          0          0          0          0         10         21    7870618     948467         40          4          0          0          0          0          0          0          0          0 0          0          0          0          0          0          0          0          0          0          0          0          0          0          0          0          0          0          0          0          0          0          0          0          0          0 0        750         11         53    7870656     591209         43 -14.6924000000000200 -16.4630000000000220 -17.6768000000000000 -20.6829263331243570 -17.6115656374578860 -18.9661225017718780 0.000000000000000000 3.363858363855000000 30.22900000000000300 -0.03190000000000001 30.27320000000000000 0.618699999999999900 0.019399999999999994 0.152700000000000000 0.048065500000000004 3.377289377286000000 1 1 0 1 1 1 1 1 1 1 1 1 1 0 1 1 1 0 1 0 1 0 1 1 1 0 0       3017         12         39    7870656     599694         43        165          0          0          0        255         40    7870618     948467          4       1758         13         54    7870656     600420         43      10644    9790358          5          0          0          0          0          0          0       3598          0          0          0          0          0          0          0          0       1216 
2016-06-12T23:50:42.452761Z   1/7870698:18817          0          0          0          0          0          0          0          0          0          0          0          0          0          0          0          0          0          0          0          0          0          0          0          0          0          0          0          0          0          0          0          0          0          0          0          0          0          0          0          0          0          0          0          0          0          0          0          0          0          0          0          0          0          0          0          0          0          0          0          0          0          0          0          0          0          0          0          0          0          0          0          0          0          0          0          0          0          0          0          0          0          0          0          0          0          0          0                    0          0          0          0          0         10         21    7870646     580111         41          4          0          0          0          0          0          0          0          0 0          0          0          0          0          0          0          0          0          0          0          0          0          0          0          0          0          0          0          0          0          0          0          0          0          0 0        643         11         53    7870686     591259         44 -14.5561999999999900 -16.3267999999999900 -17.6046999999999940 -20.6829263331243570 -17.4779215070282130 -18.9661225017718780 0.000000000000000000 3.365079365076000000 30.30250000000000200 -0.03190000000000001 30.33680000000000000 0.558399999999999900 0.020299999999999990 0.152700000000000000 0.048480249999999996 3.378510378507000000 1 1 0 1 1 1 1 1 1 1 1 1 1 0 1 1 1 0 1 0 1 0 1 1 1 0 0       3171         12         39    7870686     599749         44        165          0          0          0        255         41    7870646     580111          4       1737         13         54    7870686     600475         44      10925   10276081          5          0          0          0          0          0          0       3749          1          0          0          0          0          0          0          0       1683 
2016-06-12T23:51:12.452312Z   1/7870728:18817          0          0          0          0          0          0          0          0          0          0          0          0          0          0          0          0          0          0          0          0          0          0          0          0          0          0          0          0          0          0          0          0          0          0          0          0          0          0          0          0          0          0          0          0          0          0          0          0          0          0          0          0          0          0          0          0          0          0          0          0          0          0          0          0          0          0          0          0          0          0          0          0          0          0          0          0          0          0          0          0          0          0          0          0          0          0          0                    0          0          0          0          0         10         21    7870674     611694         42          4          0          0          0          0          0          0          0          0 0          0          0          0          0          0          0          0          0          0          0          0          0          0          0          0          0          0          0          0          0          0          0          0          0          0 0        635         11         53    7870716     591297         45 -14.5561999999999900 -16.1906000000000180 -17.5326000000000020 -20.6829263331243570 -17.3446036823613100 -18.9661225017718780 0.000000000000000000 3.365079365076000000 30.28150000000000000 -0.02120000000000001 30.33680000000000000 0.639400000000000000 0.018499999999999996 0.152700000000000000 0.048203750000000000 3.378510378507000000 1 1 0 1 1 1 1 1 1 1 1 1 1 0 1 1 1 0 1 0 1 0 1 1 1 0 0       3243         12         39    7870716     599969         45        165          0          0          0        255         42    7870674     611694          4       1725         13         54    7870716     600890         45      11206   10764507          5          0          0          0          0          0          0       3901          0          0          0          0          0          0          0          0       1387 
2016-06-12T23:51:42.451863Z   1/7870758:18817          0          0          0          0          0          0          0          0          0          0          0          0          0          0          0          0          0          0          0          0          0          0          0          0          0          0          0          0          0          0          0          0          0          0          0          0          0          0          0          0          0          0          0          0          0          0          0          0          0          0          0          0          0          0          0          0          0          0          0          0          0          0          0          0          0          0          0          0          0          0          0          0          0          0          0          0          0          0          0          0          0          0          0          0          0          0          0                    0          0          0          0          0         10         21    7870702     489661         43          4          0          0          0          0          0          0          0          0 0          0          0          0          0          0          0          0          0          0          0          0          0          0          0          0          0          0          0          0          0          0          0          0          0          0 0        776         11         53    7870746     591174         46 -14.4200000000000160 -16.1906000000000180 -17.6768000000000000 -20.6358443010722970 -17.2116113964434020 -18.8747857729122200 0.000000000000000000 3.365079365076000000 30.28150000000000000 -0.03190000000000001 30.30500000000000000 0.527500000000000000 0.020899999999999995 0.152700000000000000 0.048065500000000004 3.377289377286000000 1 1 0 1 1 1 1 1 1 1 1 1 1 0 1 1 1 0 1 0 1 0 1 1 1 0 0       2777         12         39    7870746     599852         46        165          0          0          0        255         43    7870702     489661          4       1525         13         54    7870746     600578         46      11487   11247552          5          0          0          0          0          0          0       4051          3          0          0          0          0          0          0          0       1360 
2016-06-12T23:52:12.451414Z   1/7870788:18817          0          0          0          0          0          0          0          0          0          0          0          0          0          0          0          0          0          0          0          0          0          0          0          0          0          0          0          0          0          0          0          0          0          0          0          0          0          0          0          0          0          0          0          0          0          0          0          0          0          0          0          0          0          0          0          0          0          0          0          0          0          0          0          0          0          0          0          0          0          0          0          0          0          0          0          0          0          0          0          0          0          0          0          0          0          0          0                    0          0          0          0          0         10         21    7870730     393913         44          4          0          0          0          0          0          0          0          0 0          0          0          0          0          0          0          0          0          0          0          0          0          0          0          0          0          0          0          0          0          0          0          0          0          0 0        427         11         53    7870776     591175         47 -14.2837999999999850 -16.1906000000000180 -17.6046999999999940 -20.6829263331243570 -17.0789438822604600 -18.8747857729122200 0.000000000000000000 3.365079365076000000 30.26050000000000400 -0.03190000000000001 30.33680000000000000 0.564099999999999900 0.020600000000000000 0.151460000000000000 0.048618500000000000 3.378510378507000000 1 1 0 1 1 1 1 1 1 1 1 1 1 0 1 1 1 0 1 0 1 0 1 1 1 0 0       2903         12         39    7870776     599908         47        165          0          0          0        255         44    7870730     393913          4       1263         13         54    7870776     600626         47      11768   11735990          5          0          0          0          0          0          0       4203          0          0          0          0          0          0          0          0       1217 
2016-06-12T23:52:42.450965Z   1/7870818:18817          0          0          0          0          0          0          0          0          0          0          0          0          0          0          0          0          0          0          0          0          0          0          0          0          0          0          0          0          0          0          0          0          0          0          0          0          0          0          0          0          0          0          0          0          0          0          0          0          0          0          0          0          0          0          0          0          0          0          0          0          0          0          0          0          0          0          0          0          0          0          0          0          0          0          0          0          0          0          0          0          0          0          0          0          0          0          0                    0          0          0          0          0         10         21    7870758     438041         45          4          0          0          0          0          0          0          0          0 0          0          0          0          0          0          0          0          0          0          0          0          0          0          0          0          0          0          0          0          0          0          0          0          0          0 0        469         11         53    7870806     591175         48 -14.4200000000000160 -16.1906000000000180 -17.6768000000000000 -20.6358443010722970 -16.9466003727985420 -18.8291731279485650 0.000000000000000000 3.365079365076000000 30.27100000000000000 -0.03190000000000001 30.33680000000000000 0.571600000000000000 0.019699999999999990 0.152700000000000000 0.048895000000000000 3.378510378507000000 1 1 0 1 1 1 1 1 1 1 1 1 1 0 1 1 1 0 1 0 1 0 1 1 1 0 0       2985         12         39    7870806     598960         48        165          0          0          0        255         45    7870758     438041          4       1408         13         54    7870806     599685         48      12049   12224432          5          0          0          0          0          0          0       4355          3          0          0          0          0          0          0          0       1115 
2016-06-12T23:53:12.450516Z   1/7870848:18817          0          0          0          0          0          0          0          0          0          0          0          0          0          0          0          0          0          0          0          0          0          0          0          0          0          0          0          0          0          0          0          0          0          0          0          0          0          0          0          0          0          0          0          0          0          0          0          0          0          0          0          0          0          0          0          0          0          0          0          0          0          0          0          0          0          0          0          0          0          0          0          0          0          0          0          0          0          0          0          0          0          0          0          0          0          0          0                    0          0          0          0          0         10         21    7870786     332927         46          4          0          0          0          0          0          0          0          0 0          0          0          0          0          0          0          0          0          0          0          0          0          0          0          0          0          0          0          0          0          0          0          0          0          0 0        444         11         53    7870836     591175         49 -14.2837999999999850 -16.0543999999999870 -17.5326000000000020 -20.6358443010722970 -16.8145801010438730 -18.7835975914184130 0.000000000000000000 3.363858363855000000 30.32350000000000300 -0.03190000000000001 30.33680000000000000 0.550600000000000000 0.020299999999999990 0.152700000000000000 0.047927250000000000 3.378510378507000000 1 1 0 1 1 1 1 1 1 1 1 1 1 0 1 1 1 0 1 0 1 0 1 1 1 0 0       2941         12         39    7870836     599014         49        165          0          0          0        255         46    7870786     332927          4       1468         13         54    7870836     599802         49      12330   12707445          5          0          0          0          0          0          0       4505          1          0          0          0          0          0          0          0       1480 
2016-06-12T23:53:42.450067Z   1/7870878:18817          0          0          0          0          0          0          0          0          0          0          0          0          0          0          0          0          0          0          0          0          0          0          0          0          0          0          0          0          0          0          0          0          0          0          0          0          0          0          0          0          0          0          0          0          0          0          0          0          0          0          0          0          0          0          0          0          0          0          0          0          0          0          0          0          0          0          0          0          0          0          0          0          0          0          0          0          0          0          0          0          0          0          0          0          0          0          0                    0          0          0          0          0         10         21    7870814     282389         47          4          0          0          0          0          0          0          0          0 0          0          0          0          0          0          0          0          0          0          0          0          0          0          0          0          0          0          0          0          0          0          0          0          0          0 0        425         11         53    7870866     591270         50 -14.1476000000000110 -16.0543999999999870 -17.6768000000000000 -20.5888004853627540 -16.6828822999824520 -18.7380591349139540 0.000000000000000000 3.363858363855000000 30.28150000000000000 -0.02120000000000001 30.28380000000000000 0.602499999999999900 0.019699999999999990 0.152700000000000000 0.047512500000000000 3.377289377286000000 1 1 0 1 1 1 1 1 1 1 1 1 1 0 1 1 1 0 1 0 1 0 1 1 1 0 0       2969         12         39    7870866     599070         50        165          0          0          0        255         47    7870814     282389          4       1281         13         54    7870866     599789         50      12611   13195853          5          0          0          0          0          0          0       4657          3          0          0          0          0          0          0          0       1251 
2016-06-12T23:54:12.449618Z   1/7870908:18817          0          0          0          0          0          0          0          0          0          0          0          0          0          0          0          0          0          0          0          0          0          0          0          0          0          0          0          0          0          0          0          0          0          0          0          0          0          0          0          0          0          0          0          0          0          0          0          0          0          0          0          0          0          0          0          0          0          0          0          0          0          0          0          0          0          0          0          0          0          0          0          0          0          0          0          0          0          0          0          0          0          0          0          0          0          0          0                    0          0          0          0          0         10         21    7870842     354871         48          4          0          0          0          0          0          0          0          0 0          0          0          0          0          0          0          0          0          0          0          0          0          0          0          0          0          0          0          0          0          0          0          0          0          0 0        516         11         53    7870896     591175         51 -14.2837999999999850 -15.9182000000000130 -17.5326000000000020 -20.5888004853627540 -16.5515062026003080 -18.6925577300271470 0.000000000000000000 3.363858363855000000 30.29200000000000000 -0.03190000000000001 30.32620000000000000 0.620200000000000000 0.020600000000000000 0.152700000000000000 0.048756750000000010 3.378510378507000000 1 1 0 1 1 1 1 1 1 1 1 1 1 0 1 1 1 0 1 0 1 0 1 1 1 0 0       2975         12         39    7870896     599122         51        165          0          0          0        255         48    7870842     354871          4       1455         13         54    7870896     599848         51      12892   13678887          5          0          0          0          0          0          0       4807          1          0          0          0          0          0          0          0       1324 
2016-06-12T23:54:42.449169Z   1/7870938:18817          0          0          0          0          0          0          0          0          0          0          0          0          0          0          0          0          0          0          0          0          0          0          0          0          0          0          0          0          0          0          0          0          0          0          0          0          0          0          0          0          0          0          0          0          0          0          0          0          0          0          0          0          0          0          0          0          0          0          0          0          0          0          0          0          0          0          0          0          0          0          0          0          0          0          0          0          0          0          0          0          0          0          0          0          0          0          0                    0          0          0          0          0         10         21    7870870     338683         49          4          0          0          0          0          0          0          0          0 0          0          0          0          0          0          0          0          0          0          0          0          0          0          0          0          0          0          0          0          0          0          0          0          0          0 0        677         11         53    7870926     591175         52 -14.0114000000000370 -15.9182000000000130 -17.6768000000000000 -20.5417948575878880 -16.4204510418836380 -18.6470933483502100 0.000000000000000000 3.365079365076000000 30.29200000000000000 -0.02120000000000001 30.34740000000000000 0.543400000000000000 0.020600000000000000 0.152700000000000000 0.046821250000000000 3.378510378507000000 1 1 0 1 1 1 1 1 1 1 1 1 1 0 1 1 1 0 1 0 1 0 1 1 1 0 0       2994         12         39    7870926     599177         52        165          0          0          0        255         49    7870870     338683          4       1702         13         54    7870926     599902         52      13173   14167353          5          0          0          0          0          0          0       4959          0          0          0          0          0          0          0          0       1217 
2016-06-12T23:55:12.448721Z   1/7870968:18817          0          0          0          0          0          0          0          0          0          0          0          0          0          0          0          0          0          0          0          0          0          0          0          0          0          0          0          0          0          0          0          0          0          0          0          0          0          0          0          0          0          0          0          0          0          0          0          0          0          0          0          0          0          0          0          0          0          0          0          0          0          0          0          0          0          0          0          0          0          0          0          0          0          0          0          0          0          0          0          0          0          0          0          0          0          0          0                    0          0          0          0          0         10         21    7870898     302962         50          4          0          0          0          0          0          0          0          0 0          0          0          0          0          0          0          0          0          0          0          0          0          0          0          0          0          0          0          0          0          0          0          0          0          0 0        685         11         53    7870956     591176         53 -14.0114000000000370 -15.9182000000000130 -17.6046999999999940 -20.5417948575878880 -16.2897160508184130 -18.6470933483502100 0.000000000000000000 3.363858363855000000 30.22900000000000300 -0.03190000000000001 30.29440000000000000 0.643300000000000000 0.019100000000000000 0.152700000000000000 0.048618500000000000 3.377289377286000000 1 1 0 1 1 1 1 1 1 1 1 1 1 0 1 1 1 0 1 0 1 0 1 1 1 0 0       3094         12         39    7870956     599232         53        165          0          0          0        255         50    7870898     302962          4       1796         13         54    7870956     599958         53      13454   14655467          5          0          0          0          0          0          0       5111          3          0          0          0          0          0          0          0       1784 
2016-06-12T23:55:42.448272Z   1/7870998:18817          0          0          0          0          0          0          0          0          0          0          0          0          0          0          0          0          0          0          0          0          0          0          0          0          0          0          0          0          0          0          0          0          0          0          0          0          0          0          0          0          0          0          0          0          0          0          0          0          0          0          0          0          0          0          0          0          0          0          0          0          0          0          0          0          0          0          0          0          0          0          0          0          0          0          0          0          0          0          0          0          0          0          0          0          0          0          0                    0          0          0          0          0         10         21    7870926     850061         51          4          0          0          0          0          0          0          0          0 0          0          0          0          0          0          0          0          0          0          0          0          0          0          0          0          0          0          0          0          0          0          0          0          0          0 0        838         11         53    7870986     591176         54 -14.0114000000000370 -15.9182000000000130 -17.6046999999999940 -20.4948273893396900 -16.1593004623908300 -18.6016659614750500 0.000000000000000000 3.365079365076000000 30.28150000000000000 -0.03190000000000001 30.35800000000000000 0.504699999999999900 0.019999999999999997 0.152700000000000000 0.047927250000000000 3.378510378507000000 1 1 0 1 1 1 1 1 1 1 1 1 1 0 1 1 1 0 1 0 1 0 1 1 1 0 0       2669         12         39    7870986     599289         54        165          0          0          0        255         51    7870926     850061          4       1782         13         54    7870986     600015         54      13735   15141175          5          0          0          0          0          0          0       5262          1          0          0          0          0          0          0          0       1215 
2016-06-12T23:56:12.447823Z   1/7871028:18817          0          0          0          0          0          0          0          0          0          0          0          0          0          0          0          0          0          0          0          0          0          0          0          0          0          0          0          0          0          0          0          0          0          0          0          0          0          0          0          0          0          0          0          0          0          0          0          0          0          0          0          0          0          0          0          0          0          0          0          0          0          0          0          0          0          0          0          0          0          0          0          0          0          0          0          0          0          0          0          0          0          0          0          0          0          0          0                    0          0          0          0          0         10         21    7870955      25305         52          4          0          0          0          0          0          0          0          0 0          0          0          0          0          0          0          0          0          0          0          0          0          0          0          0          0          0          0          0          0          0          0          0          0          0 0        782         11         53    7871016     591268         55 -13.8752000000000070 -15.7820000000000390 -17.6768000000000000 -20.4948273893396900 -16.0292035095869200 -18.5562755409938800 0.000000000000000000 3.369963369960000000 30.28150000000000000 -0.03190000000000001 30.35800000000000000 0.507400000000000000 0.019999999999999997 0.152700000000000000 0.047650750000000000 3.383394383391000000 1 1 0 1 1 1 1 1 1 1 1 1 1 0 1 1 1 0 1 0 1 0 1 1 1 0 0       2806         12         39    7871016     599368         55        165          0          0          0        255         52    7870955      25305          4       1581         13         54    7871016     600082         55      14016   15626885          5          0          0          0          0          0          0       5413          1          0          0          0          0          0          0          0       1170 
2016-06-12T23:56:42.447374Z   1/7871058:18817          0          0          0          0          0          0          0          0          0          0          0          0          0          0          0          0          0          0          0          0          0          0          0          0          0          0          0          0          0          0          0          0          0          0          0          0          0          0          0          0          0          0          0          0          0          0          0          0          0          0          0          0          0          0          0          0          0          0          0          0          0          0          0          0          0          0          0          0          0          0          0          0          0          0          0          0          0          0          0          0          0          0          0          0          0          0          0                    0          0          0          0          0         10         21    7870982     960947         53          4          0          0          0          0          0          0          0          0 0          0          0          0          0          0          0          0          0          0          0          0          0          0          0          0          0          0          0          0          0          0          0          0          0          0 0        602         11         53    7871046     591174         56 -13.8752000000000070 -15.9182000000000130 -17.6046999999999940 -20.4948273893396900 -15.8994244253927380 -18.5109220584987200 0.000000000000000000 3.365079365076000000 30.26050000000000400 -0.04260000000000001 30.33680000000000000 0.695199999999999900 0.020600000000000000 0.152700000000000000 0.047650750000000000 3.378510378507000000 1 1 0 1 1 1 1 1 1 1 1 1 1 0 1 1 1 0 1 0 1 0 1 1 1 0 0       2842         12         39    7871046     599379         56        165          0          0          0        255         53    7870982     960947          4       1443         13         54    7871046     600105         56      14297   16115349          5          0          0          0          0          0          0       5565          1          0          0          0          0          0          0          0       1541 
2016-06-12T23:57:12.446925Z   1/7871088:18817          0          0          0          0          0          0          0          0          0          0          0          0          0          0          0          0          0          0          0          0          0          0          0          0          0          0          0          0          0          0          0          0          0          0          0          0          0          0          0          0          0          0          0          0          0          0          0          0          0          0          0          0          0          0          0          0          0          0          0          0          0          0          0          0          0          0          0          0          0          0          0          0          0          0          0          0          0          0          0          0          0          0          0          0          0          0          0                    0          0          0          0          0         10         21    7871010     985100         54          4          0          0          0          0          0          0          0          0 0          0          0          0          0          0          0          0          0          0          0          0          0          0          0          0          0          0          0          0          0          0          0          0          0          0 0        304         11         53    7871076     591175         57 -13.7390000000000330 -15.6458000000000080 -17.5326000000000020 -20.4948273893396900 -15.7699624427944510 -18.4656054855816480 0.000000000000000000 3.363858363855000000 30.29200000000000000 -0.02120000000000001 30.33680000000000000 0.548199999999999900 0.019399999999999994 0.152700000000000000 0.046683000000000000 3.377289377286000000 1 1 0 1 1 1 1 1 1 1 1 1 1 0 1 1 1 0 1 0 1 0 1 1 1 0 0       2884         12         39    7871076     599458         57        165          0          0          0        255         54    7871010     985100          4       1255         13         54    7871076     600184         57      14578   16601085          5          0          0          0          0          0          0       5716          0          0          0          0          0          0          0          0       1533 
2016-06-12T23:57:42.446476Z   1/7871118:18817          0          0          0          0          0          0          0          0          0          0          0          0          0          0          0          0          0          0          0          0          0          0          0          0          0          0          0          0          0          0          0          0          0          0          0          0          0          0          0          0          0          0          0          0          0          0          0          0          0          0          0          0          0          0          0          0          0          0          0          0          0          0          0          0          0          0          0          0          0          0          0          0          0          0          0          0          0          0          0          0          0          0          0          0          0          0          0                    0          0          0          0          0         10         21    7871038     999566         55          4          0          0          0          0          0          0          0          0 0          0          0          0          0          0          0          0          0          0          0          0          0          0          0          0          0          0          0          0          0          0          0          0          0          0 0        519         11         53    7871106     591175         58 -13.8752000000000070 -15.6458000000000080 -17.6768000000000000 -20.4478980522102900 -15.6408167947780330 -18.4203257938347630 0.000000000000000000 3.363858363855000000 30.27100000000000000 -0.02120000000000001 30.33680000000000000 0.500200000000000000 0.019699999999999990 0.151940000000000020 0.046821250000000000 3.378510378507000000 1 1 0 1 1 1 1 1 1 1 1 1 1 0 1 1 1 0 1 0 1 0 1 1 1 0 0       2733         12         39    7871106     599516         58        165          0          0          0        255         55    7871038     999566          4       1559         13         54    7871106     600242         58      14859   17086801          5          0          0          0          0          0          0       5867          3          0          0          0          0          0          0          0       1233 
2016-06-12T23:58:12.446027Z   1/7871148:18817          0          0          0          0          0          0          0          0          0          0          0          0          0          0          0          0          0          0          0          0          0          0          0          0          0          0          0          0          0          0          0          0          0          0          0          0          0          0          0          0          0          0          0          0          0          0          0          0          0          0          0          0          0          0          0          0          0          0          0          0          0          0          0          0          0          0          0          0          0          0          0          0          0          0          0          0          0          0          0          0          0          0          0          0          0          0          0                    0          0          0          0          0         10         21    7871066     974448         56          4          0          0          0          0          0          0          0          0 0          0          0          0          0          0          0          0          0          0          0          0          0          0          0          0          0          0          0          0          0          0          0          0          0          0 0        675         11         53    7871136     591205         59 -13.6028000000000020 -15.6458000000000080 -17.5326000000000020 -20.4010068177916820 -15.5119867143296800 -18.4203257938347630 0.000000000000000000 3.365079365076000000 30.28150000000000000 -0.03190000000000001 30.33680000000000000 0.559900000000000000 0.020600000000000000 0.152700000000000000 0.046959500000000000 3.378510378507000000 1 1 0 1 1 1 1 1 1 1 1 1 1 0 1 1 1 0 1 0 1 0 1 1 1 0 0       3013         12         39    7871136     599568         59        165          0          0          0        255         56    7871066     974448          4       1543         13         54    7871136     600294         59      15140   17572506          5          0          0          0          0          0          0       6018          1          0          0          0          0          0          0          0       1166 
2016-06-12T23:58:42.445578Z   1/7871178:18817          0          0          0          0          0          0          0          0          0          0          0          0          0          0          0          0          0          0          0          0          0          0          0          0          0          0          0          0          0          0          0          0          0          0          0          0          0          0          0          0          0          0          0          0          0          0          0          0          0          0          0          0          0          0          0          0          0          0          0          0          0          0          0          0          0          0          0          0          0          0          0          0          0          0          0          0          0          0          0          0          0          0          0          0          0          0          0                    0          0          0          0          0         10         21    7871094     958310         57          4          0          0          0          0          0          0          0          0 0          0          0          0          0          0          0          0          0          0          0          0          0          0          0          0          0          0          0          0          0          0          0          0          0          0 0        631         11         53    7871166     591212         60 -13.6028000000000020 -15.6458000000000080 -17.5326000000000020 -20.4010068177916820 -15.4262749305740100 -18.3298769402197760 0.000000000000000000 3.363858363855000000 30.28150000000000000 -0.04260000000000001 30.33680000000000000 0.557800000000000000 0.019999999999999997 0.152700000000000000 0.047097750000000000 3.378510378507000000 1 1 0 1 1 1 1 1 1 1 1 1 1 0 1 1 1 0 1 0 1 0 1 1 1 0 0       3037         12         39    7871166     599632         60        165          0          0          0        255         57    7871094     958310          4       1594         13         54    7871166     600357         60      15421   18058221          5          0          0          0          0          0          0       6169          3          0          0          0          0          0          0          0       1124 
2016-06-12T23:59:12.445129Z   1/7871208:18817          0          0          0          0          0          0          0          0          0          0          0          0          0          0          0          0          0          0          0          0          0          0          0          0          0          0          0          0          0          0          0          0          0          0          0          0          0          0          0          0          0          0          0          0          0          0          0          0          0          0          0          0          0          0          0          0          0          0          0          0          0          0          0          0          0          0          0          0          0          0          0          0          0          0          0          0          0          0          0          0          0          0          0          0          0          0          0                    0          0          0          0          0         10         21    7871122     912740         58          4          0          0          0          0          0          0          0          0 0          0          0          0          0          0          0          0          0          0          0          0          0          0          0          0          0          0          0          0          0          0          0          0          0          0 0        735         11         53    7871196     591210         61 -13.4666000000000280 -15.5096000000000340 -17.5326000000000020 -20.4010068177916820 -15.2552701880812830 -18.2847077215358520 0.000000000000000000 3.365079365076000000 30.26050000000000400 -0.02120000000000001 30.32620000000000000 0.536799999999999900 0.019699999999999990 0.152700000000000000 0.047650750000000000 3.378510378507000000 1 1 0 1 1 1 1 1 1 1 1 1 1 0 1 1 1 0 1 0 1 0 1 1 1 0 0       2996         12         39    7871196     599689         61        165          0          0          0        255         58    7871122     912740          4       1786         13         54    7871196     600415         61      15702   18546683          5          0          0          0          0          0          0       6321          1          0          0          0          0          0          0          0       1526 
2016-06-12T23:59:42.444680Z   1/7871238:18817          0          0          0          0          0          0          0          0          0          0          0          0          0          0          0          0          0          0          0          0          0          0          0          0          0          0          0          0          0          0          0          0          0          0          0          0          0          0          0          0          0          0          0          0          0          0          0          0          0          0          0          0          0          0          0          0          0          0          0          0          0          0          0          0          0          0          0          0          0          0          0          0          0          0          0          0          0          0          0          0          0          0          0          0          0          0          0                    0          0          0          0          0         10         21    7871150     826515         59          4          0          0          0          0          0          0          0          0 0          0          0          0          0          0          0          0          0          0          0          0          0          0          0          0          0          0          0          0          0          0          0          0          0          0 0        729         11         53    7871226     591218         62 -13.6028000000000020 -15.3734000000000040 -17.4604999999999960 -20.3541536576760800 -15.1273822082534370 -18.2395752703904180 0.000000000000000000 3.363858363855000000 30.28150000000000000 -0.02120000000000001 30.26260000000000000 0.586299999999999900 0.019100000000000000 0.152700000000000000 0.046406500000000000 3.377289377286000000 1 1 0 1 1 1 1 1 1 1 1 1 1 0 1 1 1 0 1 0 1 0 1 1 1 0 0       2922         12         39    7871226     599750         62        165          0          0          0        255         59    7871150     826515          4       1872         13         54    7871226     600475         62      15983   19032415          5          0          0          0          0          0          0       6472          3          0          0          0          0          0          0          0       1243 
