2016-04-18T10:00:30.327987Z   1/3068814:19773          0          0          0          0          0          0          0          0          0          0          0          0          0          0          0          0          0          0          0          0          0          0          0          0          0          0          0          0          0          0          0          0          0          0          0          0          0          0          0          0          0          0          0          0          0          0          0          0          0          0          0          0          0          0          0          0          0          0          0          0          0          0          0          0          0          0          0          0          0          0          0          0          0          0          0          0          0          0          0          0          0          0          0          0          0          0          0                    0          0          0          0          0         10         21    2876787     573464        417          4          0          0          0          0          0          0          0          0 0          0          0          0          0          0          0          0          0          0          0          0          0          0          0          0          0          0          0          0          0          0          0          0          0          0 0        808         11         53    2876901     605728        567 4.647999999999968000 2.196399999999983000 -0.87749999999999770 -0.69528855444693250 7.743220437847029000 0.918344439397500900 0.000000000000000000 3.365079365076000000 -0.02150000000000001 -0.02120000000000001 -0.01100000000000001 0.003399999999999993 0.011299999999999998 0.004220000000000002 0.021798000000000005 3.380952380949000000 1 1 0 1 1 1 1 1 1 1 1 1 1 1 1 1 1 0 0 0 0 0 1 1 1 0 0       2950         12         39    2876901     614346        567         87          0          0          0        255        417    2876787     573464          4       2034         13         54    2876901     615069        567     130993  148522476          5          0          0          0          0          0          7      38531          0          0          0          0          0          0          5          0       2151 
2016-04-18T10:01:00.327538Z   1/3068844:19773          0          0          0          0          0          0          0          0          0          0          0          0          0          0          0          0          0          0          0          0          0          0          0          0          0          0          0          0          0          0          0          0          0          0          0          0          0          0          0          0          0          0          0          0          0          0          0          0          0          0          0          0          0          0          0          0          0          0          0          0          0          0          0          0          0          0          0          0          0          0          0          0          0          0          0          0          0          0          0          0          0          0          0          0          0          0          0                    0          0          0          0          0         10         21    2876787     573464        417          4          0          0          0          0          0          0          0          0 0          0          0          0          0          0          0          0          0          0          0          0          0          0          0          0          0          0          0          0          0          0          0          0          0          0 0        808         11         53    2876901     605728        567 4.647999999999968000 2.196399999999983000 -0.87749999999999770 -0.69528855444693250 7.743220437847029000 0.918344439397500900 0.000000000000000000 3.365079365076000000 -0.02150000000000001 -0.02120000000000001 -0.01100000000000001 0.003399999999999993 0.011299999999999998 0.004220000000000002 0.021798000000000005 3.380952380949000000 1 1 0 1 1 1 1 1 1 1 1 1 1 1 1 1 1 0 0 0 0 0 1 1 1 0 0       2950         12         39    2876901     614346        567         87          0          0          0        255        417    2876787     573464          4       2034         13         54    2876901     615069        567     130993  148522476          5          0          0          0          0          0          7      38531          0          0          0          0          0          0          5          0       2151 
2016-04-18T10:01:30.327089Z   1/3068874:19773          0          0          0          0          0          0          0          0          0          0          0          0          0          0          0          0          0          0          0          0          0          0          0          0          0          0          0          0          0          0          0          0          0          0          0          0          0          0          0          0          0          0          0          0          0          0          0          0          0          0          0          0          0          0          0          0          0          0          0          0          0          0          0          0          0          0          0          0          0          0          0          0          0          0          0          0          0          0          0          0          0          0          0          0          0          0          0                    0          0          0          0          0         10         21          0      13636          1          3        931          0          0          0          0          0          0          0 0          0        931          0          0          0          0          0          0          0        931        931        931        931        931        931        931        931        931        163        163        163        163        163        163        163 1        322         11         53          0      15616          1 -14.5561999999999900 -15.9182000000000130 -9.67369999999999700 -13.7825343893027820 -15.9859085339983270 -13.5342581853313100 0.000000000000000000 3.371184371181000000 -0.02150000000000001 -0.02120000000000001 -0.02160000000000001 0.011499999999999990 0.021799999999999993 0.010660000000000001 0.050968750000000000 3.384615384611999700 1 1 0 1 1 1 1 1 1 1 1 1 1 1 1 1 1 0 0 0 0 0 1 1 1 0 0       2348         12         39          0      23032          1         87          0          0          0        255          1          0      13636          3        856         13         54          0      23668          1        173          0          5          0          0          0          0          0          0          0          2          0          0          0          0          0          0          0        456 
2016-04-18T10:02:00.326640Z   1/3068904:19773          0          0          0          0          0          0          0          0          0          0          0          0          0          0          0          0          0          0          0          0          0          0          0          0          0          0          0          0          0          0          0          0          0          0          0          0          0          0          0          0          0          0          0          0          0          0          0          0          0          0          0          0          0          0          0          0          0          0          0          0          0          0          0          0          0          0          0          0          0          0          0          0          0          0          0          0          0          0          0          0          0          0          0          0          0          0          0                    0          0          0          0          0         10         21          0      15373          2          1          0          0          0          0          0          0          0          0 0          0          0          0          0          0          0          0          0          0          0          0          0          0          0          0          0          0          0          0          0          0          0          0          0          0 0        107         11         53    3068874     605937          2 -14.6924000000000200 -14.5561999999999900 -9.67369999999999700 -13.7410706549008520 -15.9426488487362970 -13.4929967330500350 0.000000000000000000 3.367521367518000000 -0.02150000000000001 -0.03190000000000001 -0.02160000000000001 0.011199999999999995 0.020299999999999990 0.009020000000000002 0.048895000000000000 3.380952380949000000 1 1 0 1 1 1 1 1 1 1 1 1 1 1 1 1 1 0 0 0 0 0 1 1 1 0 0       3251         12         39    3068874     614266          2         87          0          0          0        255          2          0      15373          1       1156         13         54    3068874     614990          2        346        547          5          0          0          0          0          0          0          1          3          0          0          0          0          0          0          0        850 
2016-04-18T10:02:30.326191Z   1/3068934:19773          0          0          0          0          0          0          0          0          0          0          0          0          0          0          0          0          0          0          0          0          0          0          0          0          0          0          0          0          0          0          0          0          0          0          0          0          0          0          0          0          0          0          0          0          0          0          0          0          0          0          0          0          0          0          0          0          0          0          0          0          0          0          0          0          0          0          0          0          0          0          0          0          0          0          0          0          0          0          0          0          0          0          0          0          0          0          0                    0          0          0          0          0         10         21          0      82807          3          4          0          0          0          0          0          0          0          0 0          0          0          0          0          0          0          0          0          0          0          0          0          0          0          0          0          0          0          0          0          0          0          0          0          0 0        225         11         53    3068904     605937          3 -14.4200000000000160 -14.1476000000000110 -9.60160000000000500 -13.7825343893027820 -15.8994244253927380 -13.4929967330500350 0.000000000000000000 3.367521367518000000 -0.02150000000000001 -0.03190000000000001 -0.03220000000000001 0.011499999999999990 0.019699999999999990 0.009460000000000001 0.048480249999999996 3.380952380949000000 1 1 0 1 1 1 1 1 1 1 1 1 1 1 1 1 1 0 0 0 0 0 1 1 1 0 0       3037         12         39    3068904     614312          3         87          0          0          0        255          3          0      82807          4       1351         13         54    3068904     615036          3        519        547          5          0          0          0          0          0          0          1          1          0          0          0          0          0          0          0        843 
2016-04-18T10:03:00.325742Z   1/3068964:19773          0          0          0          0          0          0          0          0          0          0          0          0          0          0          0          0          0          0          0          0          0          0          0          0          0          0          0          0          0          0          0          0          0          0          0          0          0          0          0          0          0          0          0          0          0          0          0          0          0          0          0          0          0          0          0          0          0          0          0          0          0          0          0          0          0          0          0          0          0          0          0          0          0          0          0          0          0          0          0          0          0          0          0          0          0          0          0                    0          0          0          0          0          0          0          0          0          0          0          0          0          0          0          0          0          0          0 0          0          0          0          0          0          0          0          0          0          0          0          0          0          0          0          0          0          0          0          0          0          0          0          0          0 0          0         11         53    3068934     605938          4 -14.1476000000000110 -13.8752000000000070 -9.89000000000000000 -13.8240319368192960 -15.8994244253927380 -13.4517688950277830 0.000000000000000000 3.367521367518000000 -0.01100000000000000 -0.03190000000000001 -0.02160000000000001 0.011499999999999990 0.020899999999999995 0.008260000000000002 0.048065500000000004 3.382173382170000000 1 1 0 1 1 1 1 1 1 1 1 1 1 1 1 1 1 0 0 0 0 0 1 1 1 0 0       3051         12         39    3068934     614209          4         87          0          0          0        255          3          0      82807          4       1024         13         54    3068934     614927          4        671        547          5          0          0          0          0          0          0          1          1          0          0          0          0          0          0          0        662 
2016-04-18T10:03:30.325293Z   1/3068994:19773          0          0          0          0          0          0          0          0          0          0          0          0          0          0          0          0          0          0          0          0          0          0          0          0          0          0          0          0          0          0          0          0          0          0          0          0          0          0          0          0          0          0          0          0          0          0          0          0          0          0          0          0          0          0          0          0          0          0          0          0          0          0          0          0          0          0          0          0          0          0          0          0          0          0          0          0          0          0          0          0          0          0          0          0          0          0          0                    0          0          0          0          0          0          0          0          0          0          0          0          0          0          0          0          0          0          0 0          0          0          0          0          0          0          0          0          0          0          0          0          0          0          0          0          0          0          0          0          0          0          0          0          0 0          0         11         53    3068964     605937          5 -13.8752000000000070 -13.7390000000000330 -9.96209999999999200 -13.9071285848274330 -15.8994244253927380 -13.4517688950277830 0.000000000000000000 3.367521367518000000 -0.02150000000000001 -0.03190000000000001 -0.02160000000000001 0.011499999999999990 0.019100000000000000 0.008620000000000001 0.047097750000000000 3.380952380949000000 1 1 0 1 1 1 1 1 1 1 1 1 1 1 1 1 1 0 0 0 0 0 1 1 1 0 0       3081         12         39    3068964     614253          5         87          0          0          0        255          3          0      82807          4       1099         13         54    3068964     614971          5        823        547          5          0          0          0          0          0          0          1          3          0          0          0          0          0          0          0        636 
2016-04-18T10:04:00.324844Z   1/3069024:19773          0          0          0          0          0          0          0          0          0          0          0          0          0          0          0          0          0          0          0          0          0          0          0          0          0          0          0          0          0          0          0          0          0          0          0          0          0          0          0          0          0          0          0          0          0          0          0          0          0          0          0          0          0          0          0          0          0          0          0          0          0          0          0          0          0          0          0          0          0          0          0          0          0          0          0          0          0          0          0          0          0          0          0          0          0          0          0                    0          0          0          0          0          0          0          0          0          0          0          0          0          0          0          0          0          0          0 0          0          0          0          0          0          0          0          0          0          0          0          0          0          0          0          0          0          0          0          0          0          0          0          0          0 0          0         11         53    3068994     605948          6 -13.7390000000000330 -13.6028000000000020 -10.0341999999999980 -13.9487277421349920 -15.8562352355599220 -13.4517688950277830 0.000000000000000000 3.367521367518000000 -0.02150000000000001 -0.02120000000000001 -0.01100000000000001 0.009999999999999995 0.019999999999999997 0.007860000000000000 0.048065500000000004 3.380952380949000000 1 1 0 1 1 1 1 1 1 1 1 1 1 1 1 1 1 0 0 0 0 0 1 1 1 0 0       3114         12         39    3068994     614300          6         87          0          0          0        255          3          0      82807          4       1177         13         54    3068994     615018          6        975        547          5          0          0          0          0          0          0          1          1          0          0          0          0          0          0          0        864 
2016-04-18T10:04:30.324395Z   1/3069054:19773          0          0          0          0          0          0          0          0          0          0          0          0          0          0          0          0          0          0          0          0          0          0          0          0          0          0          0          0          0          0          0          0          0          0          0          0          0          0          0          0          0          0          0          0          0          0          0          0          0          0          0          0          0          0          0          0          0          0          0          0          0          0          0          0          0          0          0          0          0          0          0          0          0          0          0          0          0          0          0          0          0          0          0          0          0          0          0                    0          0          0          0          0          0          0          0          0          0          0          0          0          0          0          0          0          0          0 0          0          0          0          0          0          0          0          0          0          0          0          0          0          0          0          0          0          0          0          0          0          0          0          0          0 0          0         11         53    3069024     605939          7 -13.6028000000000020 -13.6028000000000020 -10.1783999999999960 -13.9903608261887200 -15.8562352355599220 -13.4517688950277830 0.000000000000000000 3.367521367518000000 -0.02150000000000001 -0.03190000000000001 -0.02160000000000001 0.010899999999999993 0.021199999999999990 0.008740000000000000 0.047374250000000000 3.380952380949000000 1 1 0 1 1 1 1 1 1 1 1 1 1 1 1 1 1 0 0 0 0 0 1 1 1 0 0       3162         12         39    3069024     614349          7         87          0          0          0        255          3          0      82807          4       1257         13         54    3069024     615067          7       1127        547          5          0          0          0          0          0          0          1          3          0          0          0          0          0          0          0        843 
2016-04-18T10:05:00.323945Z   1/3069084:19773          0          0          0          0          0          0          0          0          0          0          0          0          0          0          0          0          0          0          0          0          0          0          0          0          0          0          0          0          0          0          0          0          0          0          0          0          0          0          0          0          0          0          0          0          0          0          0          0          0          0          0          0          0          0          0          0          0          0          0          0          0          0          0          0          0          0          0          0          0          0          0          0          0          0          0          0          0          0          0          0          0          0          0          0          0          0          0                    0          0          0          0          0          0          0          0          0          0          0          0          0          0          0          0          0          0          0 0          0          0          0          0          0          0          0          0          0          0          0          0          0          0          0          0          0          0          0          0          0          0          0          0          0 0          0         11         53    3069054     605858          8 -13.3303999999999970 -13.6028000000000020 -10.1783999999999960 -14.0320278653966000 -15.8130812508297540 -13.3694139481287380 0.000000000000000000 3.367521367518000000 -0.02150000000000001 -0.03190000000000001 -0.01100000000000001 0.010599999999999991 0.020299999999999990 0.008660000000000003 0.046683000000000000 3.380952380949000000 1 1 0 1 1 1 1 1 1 1 1 1 1 1 1 1 1 0 0 0 0 0 1 1 1 0 0       3102         12         39    3069054     614396          8         87          0          0          0        255          3          0      82807          4       1335         13         54    3069054     615114          8       1279        547          5          0          0          0          0          0          0          1          1          0          0          0          0          0          0          0       1071 
2016-04-18T10:05:24.323586Z   1/3069108:19773          0          0          0          0          0          0          0          0          0          0          0          0          0          0          0          0          0          0          0          0          0          0          0          0          0          0          0          0          0          0          0          0          0          0          0          0          0          0          0          0          0          0          0          0          0          0          0          0          0          0          0          0          0          0          0          0          0          0          0          0          0          0          0          0          0          0          0          0          0          0          0          0          0          0          0          0          0          0          0          0          0          0          0          0          0          0          0                    0          0          0          0          0          0          0          0          0          0          0          0          0          0          0          0          0          0          0 0          0          0          0          0          0          0          0          0          0          0          0          0          0          0          0          0          0          0          0          0          0          0          0          0          0 0          0         11         53    3069084     605858          9 -13.3303999999999970 -13.4666000000000280 -10.2505000000000020 -14.1154639229064000 -15.8130812508297540 -13.4517688950277830 0.001221001221000000 3.367521367518000000 -0.01100000000000000 -0.03190000000000001 -0.02160000000000001 0.009399999999999992 0.019399999999999994 0.007420000000000001 0.047512500000000000 3.380952380949000000 1 1 0 1 1 1 1 1 1 1 1 1 1 1 1 1 1 0 0 0 0 0 1 1 1 0 0       3108         12         39    3069084     614446          9         87          0          0          0        255          3          0      82807          4       1161         13         54    3069084     615164          9       1431        547          5          0          0          0          0          0          0          1          0          0          0          0          0          0          0          0       1048 
2016-04-18T10:05:54.323137Z   1/3069138:19773          0          0          0          0          0          0          0          0          0          0          0          0          0          0          0          0          0          0          0          0          0          0          0          0          0          0          0          0          0          0          0          0          0          0          0          0          0          0          0          0          0          0          0          0          0          0          0          0          0          0          0          0          0          0          0          0          0          0          0          0          0          0          0          0          0          0          0          0          0          0          0          0          0          0          0          0          0          0          0          0          0          0          0          0          0          0          0                    0          0          0          0          0          0          0          0          0          0          0          0          0          0          0          0          0          0          0 0          0          0          0          0          0          0          0          0          0          0          0          0          0          0          0          0          0          0          0          0          0          0          0          0          0 0          0         11         53    3069114     605858         10 -13.0579999999999930 -13.4666000000000280 -10.3947000000000000 -14.1572329980241420 -15.8130812508297540 -13.4105746428566590 0.000000000000000000 3.367521367518000000 -0.02150000000000001 -0.03190000000000001 -0.02160000000000001 0.009999999999999995 0.022699999999999990 0.008660000000000003 0.046406500000000000 3.380952380949000000 1 1 0 1 1 1 1 1 1 1 1 1 1 1 1 1 1 0 0 0 0 0 1 1 1 0 0       3177         12         39    3069114     613490         10         87          0          0          0        255          3          0      82807          4       1256         13         54    3069114     614208         10       1583        547          5          0          0          0          0          0          0          1          1          0          0          0          0          0          0          0        786 
2016-04-18T10:06:24.322688Z   1/3069168:19773          0          0          0          0          0          0          0          0          0          0          0          0          0          0          0          0          0          0          0          0          0          0          0          0          0          0          0          0          0          0          0          0          0          0          0          0          0          0          0          0          0          0          0          0          0          0          0          0          0          0          0          0          0          0          0          0          0          0          0          0          0          0          0          0          0          0          0          0          0          0          0          0          0          0          0          0          0          0          0          0          0          0          0          0          0          0          0                    0          0          0          0          0          0          0          0          0          0          0          0          0          0          0          0          0          0          0 0          0          0          0          0          0          0          0          0          0          0          0          0          0          0          0          0          0          0          0          0          0          0          0          0          0 0          0         11         53    3069144     605858         11 -13.0579999999999930 -13.3303999999999970 -10.3947000000000000 -14.2408733830250470 -15.8130812508297540 -13.4517688950277830 0.000000000000000000 3.367521367518000000 -0.02150000000000001 -0.03190000000000001 -0.02160000000000001 0.007299999999999994 0.019999999999999997 0.008420000000000002 0.046544750000000000 3.380952380949000000 1 1 0 1 1 1 1 1 1 1 1 1 1 1 1 1 1 0 0 0 0 0 1 1 1 0 0       3189         12         39    3069144     613546         11         87          0          0          0        255          3          0      82807          4       1343         13         54    3069144     614264         11       1735        547          5          0          0          0          0          0          0          1          0          0          0          0          0          0          0          0       1024 
2016-04-18T10:06:54.322239Z   1/3069198:19773          0          0          0          0          0          0          0          0          0          0          0          0          0          0          0          0          0          0          0          0          0          0          0          0          0          0          0          0          0          0          0          0          0          0          0          0          0          0          0          0          0          0          0          0          0          0          0          0          0          0          0          0          0          0          0          0          0          0          0          0          0          0          0          0          0          0          0          0          0          0          0          0          0          0          0          0          0          0          0          0          0          0          0          0          0          0          0                    0          0          0          0          0          0          0          0          0          0          0          0          0          0          0          0          0          0          0 0          0          0          0          0          0          0          0          0          0          0          0          0          0          0          0          0          0          0          0          0          0          0          0          0          0 0          0         11         53    3069174     605859         12 -12.9218000000000190 -13.3303999999999970 -10.4667999999999920 -14.3246502704326130 -15.7699624427944510 -13.4105746428566590 0.000000000000000000 3.368742368739000000 -0.02150000000000001 -0.02120000000000001 -0.03220000000000001 0.010599999999999991 0.019699999999999990 0.008260000000000002 0.046821250000000000 3.382173382170000000 1 1 0 1 1 1 1 1 1 1 1 1 1 1 1 1 1 0 0 0 0 0 1 1 1 0 0       3233         12         39    3069174     613596         12         87          0          0          0        255          3          0      82807          4       1424         13         54    3069174     614314         12       1887        547          5          0          0          0          0          0          0          1          3          0          0          0          0          0          0          0       1005 
2016-04-18T10:07:24.321790Z   1/3069228:19773          0          0          0          0          0          0          0          0          0          0          0          0          0          0          0          0          0          0          0          0          0          0          0          0          0          0          0          0          0          0          0          0          0          0          0          0          0          0          0          0          0          0          0          0          0          0          0          0          0          0          0          0          0          0          0          0          0          0          0          0          0          0          0          0          0          0          0          0          0          0          0          0          0          0          0          0          0          0          0          0          0          0          0          0          0          0          0                    0          0          0          0          0          0          0          0          0          0          0          0          0          0          0          0          0          0          0 0          0          0          0          0          0          0          0          0          0          0          0          0          0          0          0          0          0          0          0          0          0          0          0          0          0 0          0         11         53    3069204     605858         13 -12.7855999999999880 -13.3303999999999970 -10.6110000000000040 -14.3246502704326130 -15.7268787830459760 -13.4105746428566590 0.000000000000000000 3.367521367518000000 -0.02150000000000001 -0.03190000000000001 -0.01100000000000001 0.010599999999999991 0.020299999999999990 0.007940000000000001 0.046406500000000000 3.382173382170000000 1 1 0 1 1 1 1 1 1 1 1 1 1 1 1 1 1 0 0 0 0 0 1 1 1 0 0       3001         12         39    3069204     613651         13         87          0          0          0        255          3          0      82807          4       1000         13         54    3069204     614369         13       2039        547          5          0          0          0          0          0          0          1          1          0          0          0          0          0          0          0        986 
2016-04-18T10:07:54.321341Z   1/3069258:19773          0          0          0          0          0          0          0          0          0          0          0          0          0          0          0          0          0          0          0          0          0          0          0          0          0          0          0          0          0          0          0          0          0          0          0          0          0          0          0          0          0          0          0          0          0          0          0          0          0          0          0          0          0          0          0          0          0          0          0          0          0          0          0          0          0          0          0          0          0          0          0          0          0          0          0          0          0          0          0          0          0          0          0          0          0          0          0                    0          0          0          0          0          0          0          0          0          0          0          0          0          0          0          0          0          0          0 0          0          0          0          0          0          0          0          0          0          0          0          0          0          0          0          0          0          0          0          0          0          0          0          0          0 0          0         11         53    3069234     605858         14 -12.6494000000000140 -13.1942000000000230 -10.6110000000000040 -14.3665899735587170 -15.7268787830459760 -13.4105746428566590 0.000000000000000000 3.367521367518000000 -0.02150000000000001 -0.03190000000000001 -0.01100000000000001 0.009999999999999995 0.020899999999999995 0.008300000000000000 0.046959500000000000 3.380952380949000000 1 1 0 1 1 1 1 1 1 1 1 1 1 1 1 1 1 0 0 0 0 0 1 1 1 0 0       3047         12         39    3069234     613702         14         87          0          0          0        255          3          0      82807          4       1082         13         54    3069234     614420         14       2191        547          5          0          0          0          0          0          0          1          3          0          0          0          0          0          0          0        712 
2016-04-18T10:08:16.321012Z   1/3069280:19773          0          0          0          0          0          0          0          0          0          0          0          0          0          0          0          0          0          0          0          0          0          0          0          0          0          0          0          0          0          0          0          0          0          0          0          0          0          0          0          0          0          0          0          0          0          0          0          0          0          0          0          0          0          0          0          0          0          0          0          0          0          0          0          0          0          0          0          0          0          0          0          0          0          0          0          0          0          0          0          0          0          0          0          0          0          0          0                    0          0          0          0          0          0          0          0          0          0          0          0          0          0          0          0          0          0          0 0          0          0          0          0          0          0          0          0          0          0          0          0          0          0          0          0          0          0          0          0          0          0          0          0          0 0          0         11         53    3069264     605859         15 -12.6494000000000140 -13.1942000000000230 -10.7552000000000020 -14.4505720406950220 -15.7268787830459760 -13.4105746428566590 0.000000000000000000 3.368742368739000000 -0.01100000000000000 -0.02120000000000001 -0.02160000000000001 0.010299999999999990 0.018499999999999996 0.007540000000000000 0.046268250000000004 3.382173382170000000 1 1 0 1 1 1 1 1 1 1 1 1 1 1 1 1 1 0 0 0 0 0 1 1 1 0 0       3055         12         39    3069264     613755         15         87          0          0          0        255          3          0      82807          4       1166         13         54    3069264     614473         15       2343        547          5          0          0          0          0          0          0          1          1          0          0          0          0          0          0          0        691 
2016-04-18T10:08:46.320562Z   1/3069310:19773          0          0          0          0          0          0          0          0          0          0          0          0          0          0          0          0          0          0          0          0          0          0          0          0          0          0          0          0          0          0          0          0          0          0          0          0          0          0          0          0          0          0          0          0          0          0          0          0          0          0          0          0          0          0          0          0          0          0          0          0          0          0          0          0          0          0          0          0          0          0          0          0          0          0          0          0          0          0          0          0          0          0          0          0          0          0          0                    0          0          0          0          0          0          0          0          0          0          0          0          0          0          0          0          0          0          0 0          0          0          0          0          0          0          0          0          0          0          0          0          0          0          0          0          0          0          0          0          0          0          0          0          0 0          0         11         53    3069294     605858         16 -12.5132000000000400 -13.1942000000000230 -10.7552000000000020 -14.4926144615211850 -15.7268787830459760 -13.4517688950277830 0.000000000000000000 3.367521367518000000 -0.01100000000000000 -0.02120000000000001 -0.02160000000000001 0.009399999999999992 0.020899999999999995 0.007660000000000002 0.046544750000000000 3.380952380949000000 1 1 0 1 1 1 1 1 1 1 1 1 1 1 1 1 1 0 0 0 0 0 1 1 1 0 0       3096         12         39    3069294     613807         16         87          0          0          0        255          3          0      82807          4       1249         13         54    3069294     614525         16       2495        547          5          0          0          0          0          0          0          1          0          0          0          0          0          0          0          0        925 
2016-04-18T10:09:16.320113Z   1/3069340:19773          0          0          0          0          0          0          0          0          0          0          0          0          0          0          0          0          0          0          0          0          0          0          0          0          0          0          0          0          0          0          0          0          0          0          0          0          0          0          0          0          0          0          0          0          0          0          0          0          0          0          0          0          0          0          0          0          0          0          0          0          0          0          0          0          0          0          0          0          0          0          0          0          0          0          0          0          0          0          0          0          0          0          0          0          0          0          0                    0          0          0          0          0          0          0          0          0          0          0          0          0          0          0          0          0          0          0 0          0          0          0          0          0          0          0          0          0          0          0          0          0          0          0          0          0          0          0          0          0          0          0          0          0 0          0         11         53    3069324     605858         17 -12.5132000000000400 -13.0579999999999930 -10.6110000000000040 -14.4926144615211850 -15.6838302431765160 -13.4517688950277830 0.000000000000000000 3.367521367518000000 -0.01100000000000000 -0.03190000000000001 -0.03220000000000001 0.010899999999999993 0.020600000000000000 0.007740000000000002 0.046130000000000004 3.382173382170000000 1 1 0 1 1 1 1 1 1 1 1 1 1 1 1 1 1 0 0 0 0 0 1 1 1 0 0       3127         12         39    3069324     613861         17         87          0          0          0        255          3          0      82807          4       1334         13         54    3069324     614579         17       2647        547          5          0          0          0          0          0          0          1          3          0          0          0          0          0          0          0        910 
2016-04-18T10:09:46.319664Z   1/3069370:19773          0          0          0          0          0          0          0          0          0          0          0          0          0          0          0          0          0          0          0          0          0          0          0          0          0          0          0          0          0          0          0          0          0          0          0          0          0          0          0          0          0          0          0          0          0          0          0          0          0          0          0          0          0          0          0          0          0          0          0          0          0          0          0          0          0          0          0          0          0          0          0          0          0          0          0          0          0          0          0          0          0          0          0          0          0          0          0                    0          0          0          0          0          0          0          0          0          0          0          0          0          0          0          0          0          0          0 0          0          0          0          0          0          0          0          0          0          0          0          0          0          0          0          0          0          0          0          0          0          0          0          0          0 0          0         11         53    3069354     605859         18 -12.5132000000000400 -13.0579999999999930 -10.8994000000000000 -14.5346911783964860 -15.6838302431765160 -13.4517688950277830 0.000000000000000000 3.367521367518000000 -0.02150000000000001 -0.03190000000000001 -0.02160000000000001 0.009999999999999995 0.019699999999999990 0.007940000000000001 0.045300500000000000 3.380952380949000000 1 1 0 1 1 1 1 1 1 1 1 1 1 1 1 1 1 0 0 0 0 0 1 1 1 0 0       3156         12         39    3069354     613916         18         87          0          0          0        255          3          0      82807          4       1165         13         54    3069354     614634         18       2799        547          5          0          0          0          0          0          0          1          1          0          0          0          0          0          0          0       1146 
2016-04-18T10:10:16.319215Z   1/3069400:19773          0          0          0          0          0          0          0          0          0          0          0          0          0          0          0          0          0          0          0          0          0          0          0          0          0          0          0          0          0          0          0          0          0          0          0          0          0          0          0          0          0          0          0          0          0          0          0          0          0          0          0          0          0          0          0          0          0          0          0          0          0          0          0          0          0          0          0          0          0          0          0          0          0          0          0          0          0          0          0          0          0          0          0          0          0          0          0                    0          0          0          0          0          0          0          0          0          0          0          0          0          0          0          0          0          0          0 0          0          0          0          0          0          0          0          0          0          0          0          0          0          0          0          0          0          0          0          0          0          0          0          0          0 0          0         11         53    3069384     605858         19 -12.3770000000000100 -13.0579999999999930 -10.8994000000000000 -14.6189476139264230 -15.6408167947780330 -13.4517688950277830 0.000000000000000000 3.367521367518000000 -0.01100000000000000 -0.03190000000000001 -0.02160000000000001 0.008499999999999994 0.020299999999999990 0.007500000000000002 0.045300500000000000 3.380952380949000000 1 1 0 1 1 1 1 1 1 1 1 1 1 1 1 1 1 0 0 0 0 0 1 1 1 0 0       3175         12         39    3069384     613970         19         87          0          0          0        255          3          0      82807          4       1250         13         54    3069384     614688         19       2951        547          5          0          0          0          0          0          0          1          3          0          0          0          0          0          0          0        875 
2016-04-18T10:10:46.318766Z   1/3069430:19773          0          0          0          0          0          0          0          0          0          0          0          0          0          0          0          0          0          0          0          0          0          0          0          0          0          0          0          0          0          0          0          0          0          0          0          0          0          0          0          0          0          0          0          0          0          0          0          0          0          0          0          0          0          0          0          0          0          0          0          0          0          0          0          0          0          0          0          0          0          0          0          0          0          0          0          0          0          0          0          0          0          0          0          0          0          0          0                    0          0          0          0          0          0          0          0          0          0          0          0          0          0          0          0          0          0          0 0          0          0          0          0          0          0          0          0          0          0          0          0          0          0          0          0          0          0          0          0          0          0          0          0          0 0          0         11         53    3069414     605858         20 -12.3770000000000100 -12.9218000000000190 -11.0435999999999980 -14.6611273893968810 -15.6408167947780330 -13.4929967330500350 0.000000000000000000 3.367521367518000000 -0.02150000000000001 -0.02120000000000001 -0.01100000000000001 0.009999999999999995 0.019100000000000000 0.007980000000000003 0.046544750000000000 3.382173382170000000 1 1 0 1 1 1 1 1 1 1 1 1 1 1 1 1 1 0 0 0 0 0 1 1 1 0 0       2980         12         39    3069414     614025         20         87          0          0          0        255          3          0      82807          4       1336         13         54    3069414     614743         20       3103        547          5          0          0          0          0          0          0          1          1          0          0          0          0          0          0          0        856 
2016-04-18T10:11:16.318317Z   1/3069460:19773          0          0          0          0          0          0          0          0          0          0          0          0          0          0          0          0          0          0          0          0          0          0          0          0          0          0          0          0          0          0          0          0          0          0          0          0          0          0          0          0          0          0          0          0          0          0          0          0          0          0          0          0          0          0          0          0          0          0          0          0          0          0          0          0          0          0          0          0          0          0          0          0          0          0          0          0          0          0          0          0          0          0          0          0          0          0          0                    0          0          0          0          0         10         21    3069433     569857          4          4          0          0          0          0          0          0          0          0 0          0          0          0          0          0          0          0          0          0          0          0          0          0          0          0          0          0          0          0          0          0          0          0          0          0 0        734         11         53    3069444     605858         21 -12.3770000000000100 -13.0579999999999930 -11.0435999999999980 -14.7033415745482050 -15.6408167947780330 -13.4929967330500350 0.000000000000000000 3.367521367518000000 -0.02150000000000001 -0.02120000000000001 -0.01100000000000001 0.009999999999999995 0.020299999999999990 0.007740000000000002 0.046268250000000004 3.380952380949000000 1 1 0 1 1 1 1 1 1 1 1 1 1 1 1 1 1 0 0 0 0 0 1 1 1 0 0       2751         12         39    3069444     614225         21         87          0          0          0        255          4    3069433     569857          4       1566         13         54    3069444     614949         21       3276       1563          5          0          0          0          0          0          0          2          3          0          0          0          0          0          0          0        755 
2016-04-18T10:11:46.317868Z   1/3069490:19773          0          0          0          0          0          0          0          0          0          0          0          0          0          0          0          0          0          0          0          0          0          0          0          0          0          0          0          0          0          0          0          0          0          0          0          0          0          0          0          0          0          0          0          0          0          0          0          0          0          0          0          0          0          0          0          0          0          0          0          0          0          0          0          0          0          0          0          0          0          0          0          0          0          0          0          0          0          0          0          0          0          0          0          0          0          0          0                    0          0          0          0          0          0          0          0          0          0          0          0          0          0          0          0          0          0          0 0          0          0          0          0          0          0          0          0          0          0          0          0          0          0          0          0          0          0          0          0          0          0          0          0          0 0          0         11         53    3069474     605892         22 -12.2408000000000360 -12.9218000000000190 -11.1157000000000040 -14.7455901977883740 -15.5978384094427160 -13.4517688950277830 0.000000000000000000 3.367521367518000000 -0.01100000000000000 -0.02120000000000001 -0.03220000000000001 0.008499999999999994 0.020899999999999995 0.008500000000000002 0.045853500000000005 3.382173382170000000 1 1 0 1 1 1 1 1 1 1 1 1 1 1 1 1 1 0 0 0 0 0 1 1 1 0 0       2831         12         39    3069474     614135         22         87          0          0          0        255          4    3069433     569857          4       1762         13         54    3069474     614853         22       3428       1563          5          0          0          0          0          0          0          2          1          0          0          0          0          0          0          0        840 
2016-04-18T10:12:16.317419Z   1/3069520:19773          0          0          0          0          0          0          0          0          0          0          0          0          0          0          0          0          0          0          0          0          0          0          0          0          0          0          0          0          0          0          0          0          0          0          0          0          0          0          0          0          0          0          0          0          0          0          0          0          0          0          0          0          0          0          0          0          0          0          0          0          0          0          0          0          0          0          0          0          0          0          0          0          0          0          0          0          0          0          0          0          0          0          0          0          0          0          0                    0          0          0          0          0          0          0          0          0          0          0          0          0          0          0          0          0          0          0 0          0          0          0          0          0          0          0          0          0          0          0          0          0          0          0          0          0          0          0          0          0          0          0          0          0 0          0         11         53    3069504     605892         23 -12.2408000000000360 -12.9218000000000190 -11.2599000000000020 -14.7878732875252300 -15.6408167947780330 -13.4929967330500350 0.000000000000000000 3.367521367518000000 -0.02150000000000001 -0.02120000000000001 -0.02160000000000001 0.009099999999999990 0.020299999999999990 0.008380000000000000 0.045300500000000000 3.380952380949000000 1 1 0 1 1 1 1 1 1 1 1 1 1 1 1 1 1 0 0 0 0 0 1 1 1 0 0       2859         12         39    3069504     614191         23         87          0          0          0        255          4    3069433     569857          4       1594         13         54    3069504     614909         23       3580       1563          5          0          0          0          0          0          0          2          0          0          0          0          0          0          0          0       1078 
2016-04-18T10:12:46.316970Z   1/3069550:19773          0          0          0          0          0          0          0          0          0          0          0          0          0          0          0          0          0          0          0          0          0          0          0          0          0          0          0          0          0          0          0          0          0          0          0          0          0          0          0          0          0          0          0          0          0          0          0          0          0          0          0          0          0          0          0          0          0          0          0          0          0          0          0          0          0          0          0          0          0          0          0          0          0          0          0          0          0          0          0          0          0          0          0          0          0          0          0                    0          0          0          0          0          0          0          0          0          0          0          0          0          0          0          0          0          0          0 0          0          0          0          0          0          0          0          0          0          0          0          0          0          0          0          0          0          0          0          0          0          0          0          0          0 0          0         11         53    3069534     605892         24 -12.2408000000000360 -12.9218000000000190 -11.2599000000000020 -14.8301908721667810 -15.5978384094427160 -13.4929967330500350 0.000000000000000000 3.367521367518000000 -0.02150000000000001 -0.02120000000000001 -0.02160000000000001 0.011199999999999995 0.019100000000000000 0.008340000000000002 0.045715250000000000 3.382173382170000000 1 1 0 1 1 1 1 1 1 1 1 1 1 1 1 1 1 0 0 0 0 0 1 1 1 0 0       2896         12         39    3069534     614247         24         87          0          0          0        255          4    3069433     569857          4       1681         13         54    3069534     614965         24       3732       1563          5          0          0          0          0          0          0          2          3          0          0          0          0          0          0          0        810 
2016-04-18T10:13:16.316521Z   1/3069580:19773          0          0          0          0          0          0          0          0          0          0          0          0          0          0          0          0          0          0          0          0          0          0          0          0          0          0          0          0          0          0          0          0          0          0          0          0          0          0          0          0          0          0          0          0          0          0          0          0          0          0          0          0          0          0          0          0          0          0          0          0          0          0          0          0          0          0          0          0          0          0          0          0          0          0          0          0          0          0          0          0          0          0          0          0          0          0          0                    0          0          0          0          0          0          0          0          0          0          0          0          0          0          0          0          0          0          0 0          0          0          0          0          0          0          0          0          0          0          0          0          0          0          0          0          0          0          0          0          0          0          0          0          0 0          0         11         53    3069564     605908         25 -12.2408000000000360 -12.9218000000000190 -11.3319999999999940 -14.8301908721667810 -15.5548950587625260 -13.4929967330500350 0.000000000000000000 3.367521367518000000 -0.01100000000000000 -0.03190000000000001 -0.02160000000000001 0.009699999999999993 0.022399999999999996 0.007860000000000000 0.045162250000000000 3.380952380949000000 1 1 0 1 1 1 1 1 1 1 1 1 1 1 1 1 1 0 0 0 0 0 1 1 1 0 0       2932         12         39    3069564     614303         25         87          0          0          0        255          4    3069433     569857          4       1768         13         54    3069564     615021         25       3884       1563          5          0          0          0          0          0          0          2          1          0          0          0          0          0          0          0        792 
2016-04-18T10:13:46.316072Z   1/3069610:19773          0          0          0          0          0          0          0          0          0          0          0          0          0          0          0          0          0          0          0          0          0          0          0          0          0          0          0          0          0          0          0          0          0          0          0          0          0          0          0          0          0          0          0          0          0          0          0          0          0          0          0          0          0          0          0          0          0          0          0          0          0          0          0          0          0          0          0          0          0          0          0          0          0          0          0          0          0          0          0          0          0          0          0          0          0          0          0                    0          0          0          0          0          0          0          0          0          0          0          0          0          0          0          0          0          0          0 0          0          0          0          0          0          0          0          0          0          0          0          0          0          0          0          0          0          0          0          0          0          0          0          0          0 0          0         11         53    3069594     605898         26 -12.2408000000000360 -12.7855999999999880 -11.4041000000000000 -14.8725429801208970 -15.5548950587625260 -13.4929967330500350 0.000000000000000000 3.367521367518000000 -0.02150000000000001 -0.03190000000000001 -0.02160000000000001 0.009999999999999995 0.019399999999999994 0.007780000000000001 0.046130000000000004 3.380952380949000000 1 1 0 1 1 1 1 1 1 1 1 1 1 1 1 1 1 0 0 0 0 0 1 1 1 0 0       2951         12         39    3069594     614357         26         87          0          0          0        255          4    3069433     569857          4       1853         13         54    3069594     615075         26       4036       1563          5          0          0          0          0          0          0          2          3          0          0          0          0          0          0          0       1031 
2016-04-18T10:14:16.315623Z   1/3069640:19773          0          0          0          0          0          0          0          0          0          0          0          0          0          0          0          0          0          0          0          0          0          0          0          0          0          0          0          0          0          0          0          0          0          0          0          0          0          0          0          0          0          0          0          0          0          0          0          0          0          0          0          0          0          0          0          0          0          0          0          0          0          0          0          0          0          0          0          0          0          0          0          0          0          0          0          0          0          0          0          0          0          0          0          0          0          0          0                    0          0          0          0          0          0          0          0          0          0          0          0          0          0          0          0          0          0          0 0          0          0          0          0          0          0          0          0          0          0          0          0          0          0          0          0          0          0          0          0          0          0          0          0          0 0          0         11         53    3069624     605858         27 -12.2408000000000360 -12.9218000000000190 -11.4041000000000000 -14.9149296397955310 -15.5548950587625260 -13.5342581853313100 0.000000000000000000 3.367521367518000000 -0.02150000000000001 -0.02120000000000001 -0.02160000000000001 0.010599999999999991 0.019999999999999997 0.008060000000000000 0.046130000000000004 3.382173382170000000 1 1 0 1 1 1 1 1 1 1 1 1 1 1 1 1 1 0 0 0 0 0 1 1 1 0 0       2956         12         39    3069624     614416         27         87          0          0          0        255          4    3069433     569857          4       1688         13         54    3069624     615134         27       4188       1563          5          0          0          0          0          0          0          2          1          0          0          0          0          0          0          0       1016 
2016-04-18T10:14:46.315174Z   1/3069670:19773          0          0          0          0          0          0          0          0          0          0          0          0          0          0          0          0          0          0          0          0          0          0          0          0          0          0          0          0          0          0          0          0          0          0          0          0          0          0          0          0          0          0          0          0          0          0          0          0          0          0          0          0          0          0          0          0          0          0          0          0          0          0          0          0          0          0          0          0          0          0          0          0          0          0          0          0          0          0          0          0          0          0          0          0          0          0          0                    0          0          0          0          0          0          0          0          0          0          0          0          0          0          0          0          0          0          0 0          0          0          0          0          0          0          0          0          0          0          0          0          0          0          0          0          0          0          0          0          0          0          0          0          0 0          0         11         53    3069654     605859         28 -12.2408000000000360 -12.7855999999999880 -11.4041000000000000 -14.9573508795985500 -15.5548950587625260 -13.5342581853313100 0.000000000000000000 3.367521367518000000 -0.02150000000000001 -0.03190000000000001 -0.02160000000000001 0.009999999999999995 0.019399999999999994 0.008260000000000002 0.046130000000000004 3.382173382170000000 1 1 0 1 1 1 1 1 1 1 1 1 1 1 1 1 1 0 0 0 0 0 1 1 1 0 0       2990         12         39    3069654     614476         28         87          0          0          0        255          4    3069433     569857          4       1779         13         54    3069654     615194         28       4340       1563          5          0          0          0          0          0          0          2          0          0          0          0          0          0          0          0       1003 
2016-04-18T10:15:16.314725Z   1/3069700:19773          0          0          0          0          0          0          0          0          0          0          0          0          0          0          0          0          0          0          0          0          0          0          0          0          0          0          0          0          0          0          0          0          0          0          0          0          0          0          0          0          0          0          0          0          0          0          0          0          0          0          0          0          0          0          0          0          0          0          0          0          0          0          0          0          0          0          0          0          0          0          0          0          0          0          0          0          0          0          0          0          0          0          0          0          0          0          0                    0          0          0          0          0          0          0          0          0          0          0          0          0          0          0          0          0          0          0 0          0          0          0          0          0          0          0          0          0          0          0          0          0          0          0          0          0          0          0          0          0          0          0          0          0 0          0         11         53    3069684     605858         29 -12.2408000000000360 -12.7855999999999880 -11.4041000000000000 -14.9998067279379090 -15.5548950587625260 -13.5342581853313100 0.000000000000000000 3.367521367518000000 -0.02150000000000001 -0.02120000000000001 -0.03220000000000001 0.010599999999999991 0.021199999999999990 0.008020000000000001 0.045577000000000000 3.380952380949000000 1 1 0 1 1 1 1 1 1 1 1 1 1 1 1 1 1 0 0 0 0 0 1 1 1 0 0       3018         12         39    3069684     613533         29         87          0          0          0        255          4    3069433     569857          4       1887         13         54    3069684     614251         29       4492       1563          5          0          0          0          0          0          0          2          1          0          0          0          0          0          0          0       1009 
2016-04-18T10:15:46.314275Z   1/3069730:19773          0          0          0          0          0          0          0          0          0          0          0          0          0          0          0          0          0          0          0          0          0          0          0          0          0          0          0          0          0          0          0          0          0          0          0          0          0          0          0          0          0          0          0          0          0          0          0          0          0          0          0          0          0          0          0          0          0          0          0          0          0          0          0          0          0          0          0          0          0          0          0          0          0          0          0          0          0          0          0          0          0          0          0          0          0          0          0                    0          0          0          0          0          0          0          0          0          0          0          0          0          0          0          0          0          0          0 0          0          0          0          0          0          0          0          0          0          0          0          0          0          0          0          0          0          0          0          0          0          0          0          0          0 0          0         11         53    3069714     605858         30 -12.2408000000000360 -12.6494000000000140 -11.4761999999999920 -15.0422972132216160 -15.5119867143296800 -13.5755532802795930 0.000000000000000000 3.367521367518000000 -0.02150000000000001 -0.03190000000000001 -0.02160000000000001 0.009699999999999993 0.021500000000000000 0.007900000000000003 0.045024000000000000 3.382173382170000000 1 1 0 1 1 1 1 1 1 1 1 1 1 1 1 1 1 0 0 0 0 0 1 1 1 0 0       2789         12         39    3069714     613590         30         87          0          0          0        255          4    3069433     569857          4       1720         13         54    3069714     614308         30       4644       1563          5          0          0          0          0          0          0          2          0          0          0          0          0          0          0          0        738 
2016-04-18T10:16:16.313826Z   1/3069760:19773          0          0          0          0          0          0          0          0          0          0          0          0          0          0          0          0          0          0          0          0          0          0          0          0          0          0          0          0          0          0          0          0          0          0          0          0          0          0          0          0          0          0          0          0          0          0          0          0          0          0          0          0          0          0          0          0          0          0          0          0          0          0          0          0          0          0          0          0          0          0          0          0          0          0          0          0          0          0          0          0          0          0          0          0          0          0          0                    0          0          0          0          0          0          0          0          0          0          0          0          0          0          0          0          0          0          0 0          0          0          0          0          0          0          0          0          0          0          0          0          0          0          0          0          0          0          0          0          0          0          0          0          0 0          0         11         53    3069744     605858         31 -12.2408000000000360 -12.7855999999999880 -11.5482999999999980 -15.0848223638574550 -15.5119867143296800 -13.5342581853313100 0.000000000000000000 3.367521367518000000 -0.02150000000000001 -0.03190000000000001 -0.01100000000000001 0.008499999999999994 0.019399999999999994 0.008020000000000001 0.045162250000000000 3.382173382170000000 1 1 0 1 1 1 1 1 1 1 1 1 1 1 1 1 1 0 0 0 0 0 1 1 1 0 0       2814         12         39    3069744     613649         31         87          0          0          0        255          4    3069433     569857          4       1555         13         54    3069744     614367         31       4796       1563          5          0          0          0          0          0          0          2          3          0          0          0          0          0          0          0        983 
2016-04-18T10:16:46.313377Z   1/3069790:19773          0          0          0          0          0          0          0          0          0          0          0          0          0          0          0          0          0          0          0          0          0          0          0          0          0          0          0          0          0          0          0          0          0          0          0          0          0          0          0          0          0          0          0          0          0          0          0          0          0          0          0          0          0          0          0          0          0          0          0          0          0          0          0          0          0          0          0          0          0          0          0          0          0          0          0          0          0          0          0          0          0          0          0          0          0          0          0                    0          0          0          0          0          0          0          0          0          0          0          0          0          0          0          0          0          0          0 0          0          0          0          0          0          0          0          0          0          0          0          0          0          0          0          0          0          0          0          0          0          0          0          0          0 0          0         11         53    3069774     605858         32 -12.2408000000000360 -12.7855999999999880 -11.5482999999999980 -15.0848223638574550 -15.5119867143296800 -13.5755532802795930 0.000000000000000000 3.367521367518000000 -0.01100000000000000 -0.02120000000000001 -0.03220000000000001 0.009699999999999993 0.019100000000000000 0.007820000000000002 0.045438750000000000 3.382173382170000000 1 1 0 1 1 1 1 1 1 1 1 1 1 1 1 1 1 0 0 0 0 0 1 1 1 0 0       2846         12         39    3069774     613708         32         87          0          0          0        255          4    3069433     569857          4       1645         13         54    3069774     614427         32       4948       1563          5          0          0          0          0          0          0          2          1          0          0          0          0          0          0          0        714 
2016-04-18T10:17:16.312928Z   1/3069820:19773          0          0          0          0          0          0          0          0          0          0          0          0          0          0          0          0          0          0          0          0          0          0          0          0          0          0          0          0          0          0          0          0          0          0          0          0          0          0          0          0          0          0          0          0          0          0          0          0          0          0          0          0          0          0          0          0          0          0          0          0          0          0          0          0          0          0          0          0          0          0          0          0          0          0          0          0          0          0          0          0          0          0          0          0          0          0          0                    0          0          0          0          0          0          0          0          0          0          0          0          0          0          0          0          0          0          0 0          0          0          0          0          0          0          0          0          0          0          0          0          0          0          0          0          0          0          0          0          0          0          0          0          0 0          0         11         53    3069804     605858         33 -12.1046000000000050 -12.6494000000000140 -11.6204000000000040 -15.1273822082534370 -15.5119867143296800 -13.5755532802795930 0.000000000000000000 3.367521367518000000 -0.01100000000000000 -0.02120000000000001 -0.03220000000000001 0.009999999999999995 0.018200000000000000 0.007940000000000001 0.045853500000000005 3.382173382170000000 1 1 0 1 1 1 1 1 1 1 1 1 1 1 1 1 1 0 0 0 0 0 1 1 1 0 0       2885         12         39    3069804     613768         33         87          0          0          0        255          4    3069433     569857          4       1736         13         54    3069804     614486         33       5100       1563          5          0          0          0          0          0          0          2          3          0          0          0          0          0          0          0        958 
2016-04-18T10:17:46.312479Z   1/3069850:19773          0          0          0          0          0          0          0          0          0          0          0          0          0          0          0          0          0          0          0          0          0          0          0          0          0          0          0          0          0          0          0          0          0          0          0          0          0          0          0          0          0          0          0          0          0          0          0          0          0          0          0          0          0          0          0          0          0          0          0          0          0          0          0          0          0          0          0          0          0          0          0          0          0          0          0          0          0          0          0          0          0          0          0          0          0          0          0                    0          0          0          0          0          0          0          0          0          0          0          0          0          0          0          0          0          0          0 0          0          0          0          0          0          0          0          0          0          0          0          0          0          0          0          0          0          0          0          0          0          0          0          0          0 0          0         11         53    3069834     605858         34 -12.2408000000000360 -12.6494000000000140 -11.6204000000000040 -15.1273822082534370 -15.5119867143296800 -13.6168820463027200 0.000000000000000000 3.367521367518000000 -0.02150000000000001 -0.03190000000000001 -0.02160000000000001 0.011199999999999995 0.019399999999999994 0.007740000000000002 0.044747500000000000 3.380952380949000000 1 1 0 1 1 1 1 1 1 1 1 1 1 1 1 1 1 0 0 0 0 0 1 1 1 0 0       2909         12         39    3069834     613826         34         87          0          0          0        255          4    3069433     569857          4       1825         13         54    3069834     614544         34       5252       1563          5          0          0          0          0          0          0          2          1          0          0          0          0          0          0          0        942 
2016-04-18T10:18:16.312030Z   1/3069880:19773          0          0          0          0          0          0          0          0          0          0          0          0          0          0          0          0          0          0          0          0          0          0          0          0          0          0          0          0          0          0          0          0          0          0          0          0          0          0          0          0          0          0          0          0          0          0          0          0          0          0          0          0          0          0          0          0          0          0          0          0          0          0          0          0          0          0          0          0          0          0          0          0          0          0          0          0          0          0          0          0          0          0          0          0          0          0          0                    0          0          0          0          0          0          0          0          0          0          0          0          0          0          0          0          0          0          0 0          0          0          0          0          0          0          0          0          0          0          0          0          0          0          0          0          0          0          0          0          0          0          0          0          0 0          0         11         53    3069864     605858         35 -12.1046000000000050 -12.6494000000000140 -11.7646000000000020 -15.2126060919574120 -15.4691133477361400 -13.5755532802795930 0.000000000000000000 3.367521367518000000 -0.02150000000000001 -0.02120000000000001 -0.03220000000000001 0.008499999999999994 0.019999999999999997 0.007740000000000002 0.045300500000000000 3.382173382170000000 1 1 0 1 1 1 1 1 1 1 1 1 1 1 1 1 1 0 0 0 0 0 1 1 1 0 0       2941         12         39    3069864     613886         35         87          0          0          0        255          4    3069433     569857          4       1916         13         54    3069864     614604         35       5404       1563          5          0          0          0          0          0          0          2          0          0          0          0          0          0          0          0        929 
2016-04-18T10:18:46.311581Z   1/3069910:19773          0          0          0          0          0          0          0          0          0          0          0          0          0          0          0          0          0          0          0          0          0          0          0          0          0          0          0          0          0          0          0          0          0          0          0          0          0          0          0          0          0          0          0          0          0          0          0          0          0          0          0          0          0          0          0          0          0          0          0          0          0          0          0          0          0          0          0          0          0          0          0          0          0          0          0          0          0          0          0          0          0          0          0          0          0          0          0                    0          0          0          0          0          0          0          0          0          0          0          0          0          0          0          0          0          0          0 0          0          0          0          0          0          0          0          0          0          0          0          0          0          0          0          0          0          0          0          0          0          0          0          0          0 0          0         11         53    3069894     605858         36 -12.2408000000000360 -12.6494000000000140 -11.6924999999999950 -15.2126060919574120 -15.4691133477361400 -13.6168820463027200 0.000000000000000000 3.367521367518000000 -0.01100000000000000 -0.02120000000000001 -0.02160000000000001 0.009699999999999993 0.019999999999999997 0.007980000000000003 0.045162250000000000 3.382173382170000000 1 1 0 1 1 1 1 1 1 1 1 1 1 1 1 1 1 0 0 0 0 0 1 1 1 0 0       2982         12         39    3069894     613947         36         87          0          0          0        255          4    3069433     569857          4       1753         13         54    3069894     614665         36       5556       1563          5          0          0          0          0          0          0          2          3          0          0          0          0          0          0          0        921 
2016-04-18T10:19:16.311132Z   1/3069940:19773          0          0          0          0          0          0          0          0          0          0          0          0          0          0          0          0          0          0          0          0          0          0          0          0          0          0          0          0          0          0          0          0          0          0          0          0          0          0          0          0          0          0          0          0          0          0          0          0          0          0          0          0          0          0          0          0          0          0          0          0          0          0          0          0          0          0          0          0          0          0          0          0          0          0          0          0          0          0          0          0          0          0          0          0          0          0          0                    0          0          0          0          0          0          0          0          0          0          0          0          0          0          0          0          0          0          0 0          0          0          0          0          0          0          0          0          0          0          0          0          0          0          0          0          0          0          0          0          0          0          0          0          0 0          0         11         53    3069924     605858         37 -12.2408000000000360 -12.6494000000000140 -11.9088000000000000 -15.2552701880812830 -15.4262749305740100 -13.6168820463027200 0.000000000000000000 3.367521367518000000 -0.02150000000000001 -0.03190000000000001 -0.02160000000000001 0.008499999999999994 0.018799999999999990 0.007580000000000002 0.045300500000000000 3.380952380949000000 1 1 0 1 1 1 1 1 1 1 1 1 1 1 1 1 1 0 0 0 0 0 1 1 1 0 0       2996         12         39    3069924     614006         37         87          0          0          0        255          4    3069433     569857          4       1843         13         54    3069924     614724         37       5708       1563          5          0          0          0          0          0          0          2          0          0          0          0          0          0          0          0        905 
2016-04-18T10:19:46.310683Z   1/3069970:19773          0          0          0          0          0          0          0          0          0          0          0          0          0          0          0          0          0          0          0          0          0          0          0          0          0          0          0          0          0          0          0          0          0          0          0          0          0          0          0          0          0          0          0          0          0          0          0          0          0          0          0          0          0          0          0          0          0          0          0          0          0          0          0          0          0          0          0          0          0          0          0          0          0          0          0          0          0          0          0          0          0          0          0          0          0          0          0                    0          0          0          0          0          0          0          0          0          0          0          0          0          0          0          0          0          0          0 0          0          0          0          0          0          0          0          0          0          0          0          0          0          0          0          0          0          0          0          0          0          0          0          0          0 0          0         11         53    3069954     605859         38 -12.2408000000000360 -12.6494000000000140 -11.8366999999999930 -15.2979690915969400 -15.4691133477361400 -13.6168820463027200 0.000000000000000000 3.367521367518000000 -0.01100000000000000 -0.02120000000000001 -0.01100000000000001 0.009099999999999990 0.019699999999999990 0.009500000000000000 0.045438750000000000 3.382173382170000000 1 1 0 1 1 1 1 1 1 1 1 1 1 1 1 1 1 0 0 0 0 0 1 1 1 0 0       2577         12         39    3069954     614066         38         87          0          0          0        255          4    3069433     569857          4       1679         13         54    3069954     614784         38       5860       1563          5          0          0          0          0          0          0          2          3          0          0          0          0          0          0          0        896 
2016-04-18T10:20:16.310234Z   1/3070000:19773          0          0          0          0          0          0          0          0          0          0          0          0          0          0          0          0          0          0          0          0          0          0          0          0          0          0          0          0          0          0          0          0          0          0          0          0          0          0          0          0          0          0          0          0          0          0          0          0          0          0          0          0          0          0          0          0          0          0          0          0          0          0          0          0          0          0          0          0          0          0          0          0          0          0          0          0          0          0          0          0          0          0          0          0          0          0          0                    0          0          0          0          0          0          0          0          0          0          0          0          0          0          0          0          0          0          0 0          0          0          0          0          0          0          0          0          0          0          0          0          0          0          0          0          0          0          0          0          0          0          0          0          0 0          0         11         53    3069984     605892         39 -12.2408000000000360 -12.6494000000000140 -11.9808999999999910 -15.2979690915969400 -15.4262749305740100 -13.6582445118087320 0.000000000000000000 3.367521367518000000 -0.02150000000000001 -0.02120000000000001 -0.01100000000000001 0.010299999999999990 0.019999999999999997 0.008340000000000002 0.044747500000000000 3.380952380949000000 1 1 0 1 1 1 1 1 1 1 1 1 1 1 1 1 1 0 0 0 0 0 1 1 1 0 0       2867         12         39    3069984     614127         39         87          0          0          0        255          4    3069433     569857          4       1771         13         54    3069984     614845         39       6012       1563          5          0          0          0          0          0          0          2          1          0          0          0          0          0          0          0        883 
2016-04-18T10:20:46.309785Z   1/3070030:19773          0          0          0          0          0          0          0          0          0          0          0          0          0          0          0          0          0          0          0          0          0          0          0          0          0          0          0          0          0          0          0          0          0          0          0          0          0          0          0          0          0          0          0          0          0          0          0          0          0          0          0          0          0          0          0          0          0          0          0          0          0          0          0          0          0          0          0          0          0          0          0          0          0          0          0          0          0          0          0          0          0          0          0          0          0          0          0                    0          0          0          0          0          0          0          0          0          0          0          0          0          0          0          0          0          0          0 0          0          0          0          0          0          0          0          0          0          0          0          0          0          0          0          0          0          0          0          0          0          0          0          0          0 0          0         11         53    3070014     605892         40 -12.1046000000000050 -12.6494000000000140 -11.9808999999999910 -15.3407028309123350 -15.4262749305740100 -13.6582445118087320 0.000000000000000000 3.367521367518000000 -0.01100000000000000 -0.02120000000000001 -0.02160000000000001 0.008199999999999992 0.019999999999999997 0.008300000000000000 0.045300500000000000 3.380952380949000000 1 1 0 1 1 1 1 1 1 1 1 1 1 1 1 1 1 0 0 0 0 0 1 1 1 0 0       2896         12         39    3070014     614189         40         87          0          0          0        255          4    3069433     569857          4       1609         13         54    3070014     614907         40       6164       1563          5          0          0          0          0          0          0          2          3          0          0          0          0          0          0          0        875 
2016-04-18T10:21:16.309336Z   1/3070060:19773          0          0          0          0          0          0          0          0          0          0          0          0          0          0          0          0          0          0          0          0          0          0          0          0          0          0          0          0          0          0          0          0          0          0          0          0          0          0          0          0          0          0          0          0          0          0          0          0          0          0          0          0          0          0          0          0          0          0          0          0          0          0          0          0          0          0          0          0          0          0          0          0          0          0          0          0          0          0          0          0          0          0          0          0          0          0          0                    0          0          0          0          0         10         21    3070033     621581          5          4          0          0          0          0          0          0          0          0 0          0          0          0          0          0          0          0          0          0          0          0          0          0          0          0          0          0          0          0          0          0          0          0          0          0 0        529         11         53    3070044     605893         41 -12.1046000000000050 -12.6494000000000140 -11.9808999999999910 -15.3834714344353930 -15.4262749305740100 -13.6996407052054400 0.000000000000000000 3.368742368739000000 -0.01100000000000000 -0.03190000000000001 -0.02160000000000001 0.008199999999999992 0.020299999999999990 0.007580000000000002 0.045715250000000000 3.382173382170000000 1 1 0 1 1 1 1 1 1 1 1 1 1 1 1 1 1 0 0 0 0 0 1 1 1 0 0       2917         12         39    3070044     614398         41         87          0          0          0        255          5    3070033     621581          4       1644         13         54    3070044     615122         41       6337       2501          5          0          0          0          0          0          0          3          1          0          0          0          0          0          0          0       1211 
2016-04-18T10:21:46.308887Z   1/3070090:19773          0          0          0          0          0          0          0          0          0          0          0          0          0          0          0          0          0          0          0          0          0          0          0          0          0          0          0          0          0          0          0          0          0          0          0          0          0          0          0          0          0          0          0          0          0          0          0          0          0          0          0          0          0          0          0          0          0          0          0          0          0          0          0          0          0          0          0          0          0          0          0          0          0          0          0          0          0          0          0          0          0          0          0          0          0          0          0                    0          0          0          0          0          0          0          0          0          0          0          0          0          0          0          0          0          0          0 0          0          0          0          0          0          0          0          0          0          0          0          0          0          0          0          0          0          0          0          0          0          0          0          0          0 0          0         11         53    3070074     605899         42 -12.2408000000000360 -12.6494000000000140 -12.0529999999999970 -15.4262749305740100 -15.4262749305740100 -13.6996407052054400 0.000000000000000000 3.367521367518000000 -0.01100000000000000 -0.02120000000000001 -0.02160000000000001 0.009399999999999992 0.019999999999999997 0.007660000000000002 0.045024000000000000 3.380952380949000000 1 1 0 1 1 1 1 1 1 1 1 1 1 1 1 1 1 0 0 0 0 0 1 1 1 0 0       2954         12         39    3070074     614310         42         87          0          0          0        255          5    3070033     621581          4       1587         13         54    3070074     615028         42       6489       2501          5          0          0          0          0          0          0          3          0          0          0          0          0          0          0          0       1044 
2016-04-18T10:22:16.308438Z   1/3070120:19773          0          0          0          0          0          0          0          0          0          0          0          0          0          0          0          0          0          0          0          0          0          0          0          0          0          0          0          0          0          0          0          0          0          0          0          0          0          0          0          0          0          0          0          0          0          0          0          0          0          0          0          0          0          0          0          0          0          0          0          0          0          0          0          0          0          0          0          0          0          0          0          0          0          0          0          0          0          0          0          0          0          0          0          0          0          0          0                    0          0          0          0          0          0          0          0          0          0          0          0          0          0          0          0          0          0          0 0          0          0          0          0          0          0          0          0          0          0          0          0          0          0          0          0          0          0          0          0          0          0          0          0          0 0          0         11         53    3070104     605906         43 -12.1046000000000050 -12.6494000000000140 -12.1251000000000030 -15.4691133477361400 -15.3834714344353930 -13.6996407052054400 0.000000000000000000 3.367521367518000000 -0.01100000000000000 -0.02120000000000001 -0.02160000000000001 0.010299999999999990 0.020600000000000000 0.008380000000000000 0.045715250000000000 3.382173382170000000 1 1 0 1 1 1 1 1 1 1 1 1 1 1 1 1 1 0 0 0 0 0 1 1 1 0 0       3023         12         39    3070104     614375         43         87          0          0          0        255          5    3070033     621581          4       1683         13         54    3070104     615093         43       6641       2501          5          0          0          0          0          0          0          3          3          0          0          0          0          0          0          0       1295 
2016-04-18T10:22:46.307988Z   1/3070150:19773          0          0          0          0          0          0          0          0          0          0          0          0          0          0          0          0          0          0          0          0          0          0          0          0          0          0          0          0          0          0          0          0          0          0          0          0          0          0          0          0          0          0          0          0          0          0          0          0          0          0          0          0          0          0          0          0          0          0          0          0          0          0          0          0          0          0          0          0          0          0          0          0          0          0          0          0          0          0          0          0          0          0          0          0          0          0          0                    0          0          0          0          0          0          0          0          0          0          0          0          0          0          0          0          0          0          0 0          0          0          0          0          0          0          0          0          0          0          0          0          0          0          0          0          0          0          0          0          0          0          0          0          0 0          0         11         53    3070134     605858         44 -12.2408000000000360 -12.6494000000000140 -12.1251000000000030 -15.4691133477361400 -15.4262749305740100 -13.7410706549008520 0.000000000000000000 3.367521367518000000 -0.02150000000000001 -0.03190000000000001 -0.02160000000000001 0.009099999999999990 0.018200000000000000 0.007260000000000001 0.044332750000000004 3.382173382170000000 1 1 0 1 1 1 1 1 1 1 1 1 1 1 1 1 1 0 0 0 0 0 1 1 1 0 0       2955         12         39    3070134     614436         44         87          0          0          0        255          5    3070033     621581          4       1520         13         54    3070134     615154         44       6793       2501          5          0          0          0          0          0          0          3          1          0          0          0          0          0          0          0       1282 
2016-04-18T10:23:19.307494Z   1/3070183:19773          0          0          0          0          0          0          0          0          0          0          0          0          0          0          0          0          0          0          0          0          0          0          0          0          0          0          0          0          0          0          0          0          0          0          0          0          0          0          0          0          0          0          0          0          0          0          0          0          0          0          0          0          0          0          0          0          0          0          0          0          0          0          0          0          0          0          0          0          0          0          0          0          0          0          0          0          0          0          0          0          0          0          0          0          0          0          0                    0          0          0          0          0          0          0          0          0          0          0          0          0          0          0          0          0          0          0 0          0          0          0          0          0          0          0          0          0          0          0          0          0          0          0          0          0          0          0          0          0          0          0          0          0 0          0         11         53    3070164     605858         45 -12.2408000000000360 -12.6494000000000140 -12.1251000000000030 -15.5119867143296800 -15.4262749305740100 -13.7410706549008520 0.000000000000000000 3.367521367518000000 -0.02150000000000001 -0.02120000000000001 -0.02160000000000001 0.010599999999999991 0.019100000000000000 0.008300000000000000 0.044471000000000004 3.382173382170000000 1 1 0 1 1 1 1 1 1 1 1 1 1 1 1 1 1 0 0 0 0 0 1 1 1 0 0       3023         12         39    3070164     613497         45         87          0          0          0        255          5    3070033     621581          4       1632         13         54    3070164     614215         45       6945       2501          5          0          0          0          0          0          0          3          3          0          0          0          0          0          0          0       1038 
2016-04-18T10:23:49.307045Z   1/3070213:19773          0          0          0          0          0          0          0          0          0          0          0          0          0          0          0          0          0          0          0          0          0          0          0          0          0          0          0          0          0          0          0          0          0          0          0          0          0          0          0          0          0          0          0          0          0          0          0          0          0          0          0          0          0          0          0          0          0          0          0          0          0          0          0          0          0          0          0          0          0          0          0          0          0          0          0          0          0          0          0          0          0          0          0          0          0          0          0                    0          0          0          0          0          0          0          0          0          0          0          0          0          0          0          0          0          0          0 0          0          0          0          0          0          0          0          0          0          0          0          0          0          0          0          0          0          0          0          0          0          0          0          0          0 0          0         11         53    3070194     605858         46 -12.2408000000000360 -12.6494000000000140 -12.1971999999999950 -15.5548950587625260 -15.3834714344353930 -13.7410706549008520 0.000000000000000000 3.367521367518000000 -0.02150000000000001 -0.03190000000000001 -0.01100000000000001 0.009099999999999990 0.019100000000000000 0.007500000000000002 0.044885750000000000 3.380952380949000000 1 1 0 1 1 1 1 1 1 1 1 1 1 1 1 1 1 0 0 0 0 0 1 1 1 0 0       3032         12         39    3070194     613560         46         87          0          0          0        255          5    3070033     621581          4       1726         13         54    3070194     614278         46       7097       2501          5          0          0          0          0          0          0          3          1          0          0          0          0          0          0          0       1282 
2016-04-18T10:24:35.306357Z   1/3070259:19773          0          0          0          0          0          0          0          0          0          0          0          0          0          0          0          0          0          0          0          0          0          0          0          0          0          0          0          0          0          0          0          0          0          0          0          0          0          0          0          0          0          0          0          0          0          0          0          0          0          0          0          0          0          0          0          0          0          0          0          0          0          0          0          0          0          0          0          0          0          0          0          0          0          0          0          0          0          0          0          0          0          0          0          0          0          0          0                    0          0          0          0          0          0          0          0          0          0          0          0          0          0          0          0          0          0          0 0          0          0          0          0          0          0          0          0          0          0          0          0          0          0          0          0          0          0          0          0          0          0          0          0          0 0          0         11         53    3070254     605858         48 -12.2408000000000360 -12.6494000000000140 -12.3413999999999930 -15.5978384094427160 -15.3834714344353930 -13.7825343893027820 0.000000000000000000 3.366300366297000000 -0.01100000000000000 -0.02120000000000001 -0.02160000000000001 0.010599999999999991 0.020299999999999990 0.008260000000000002 0.045162250000000000 3.380952380949000000 1 1 0 1 1 1 1 1 1 1 1 1 1 1 1 1 1 0 0 0 0 0 1 1 1 0 0       2873         12         39    3070254     613687         48         87          0          0          0        255          5    3070033     621581          4       1405         13         54    3070254     614405         48       7401       2501          5          0          0          0          0          0          0          3          1          0          0          0          0          0          0          0       1010 
2016-04-18T10:25:05.305908Z   1/3070289:19773          0          0          0          0          0          0          0          0          0          0          0          0          0          0          0          0          0          0          0          0          0          0          0          0          0          0          0          0          0          0          0          0          0          0          0          0          0          0          0          0          0          0          0          0          0          0          0          0          0          0          0          0          0          0          0          0          0          0          0          0          0          0          0          0          0          0          0          0          0          0          0          0          0          0          0          0          0          0          0          0          0          0          0          0          0          0          0                    0          0          0          0          0          0          0          0          0          0          0          0          0          0          0          0          0          0          0 0          0          0          0          0          0          0          0          0          0          0          0          0          0          0          0          0          0          0          0          0          0          0          0          0          0 0          0         11         53    3070284     605858         49 -12.1046000000000050 -12.5132000000000400 -12.4134999999999990 -15.6408167947780330 -15.3834714344353930 -13.7825343893027820 0.000000000000000000 3.368742368739000000 -0.02150000000000001 -0.02120000000000001 -0.01100000000000001 0.010599999999999991 0.018200000000000000 0.008740000000000000 0.045024000000000000 3.382173382170000000 1 1 0 1 1 1 1 1 1 1 1 1 1 1 1 1 1 0 0 0 0 0 1 1 1 0 0       2915         12         39    3070284     613751         49         87          0          0          0        255          5    3070033     621581          4       1500         13         54    3070284     614469         49       7553       2501          5          0          0          0          0          0          0          3          0          0          0          0          0          0          0          0       1001 
2016-04-18T10:25:35.305459Z   1/3070319:19773          0          0          0          0          0          0          0          0          0          0          0          0          0          0          0          0          0          0          0          0          0          0          0          0          0          0          0          0          0          0          0          0          0          0          0          0          0          0          0          0          0          0          0          0          0          0          0          0          0          0          0          0          0          0          0          0          0          0          0          0          0          0          0          0          0          0          0          0          0          0          0          0          0          0          0          0          0          0          0          0          0          0          0          0          0          0          0                    0          0          0          0          0          0          0          0          0          0          0          0          0          0          0          0          0          0          0 0          0          0          0          0          0          0          0          0          0          0          0          0          0          0          0          0          0          0          0          0          0          0          0          0          0 0          0         11         53    3070314     605858         50 -12.2408000000000360 -12.6494000000000140 -12.2693000000000010 -15.6408167947780330 -15.3834714344353930 -13.8240319368192960 0.000000000000000000 3.367521367518000000 -0.02150000000000001 -0.02120000000000001 -0.02160000000000001 0.009399999999999992 0.020600000000000000 0.008220000000000000 0.044885750000000000 3.382173382170000000 1 1 0 1 1 1 1 1 1 1 1 1 1 1 1 1 1 0 0 0 0 0 1 1 1 0 0       2931         12         39    3070314     613813         50         87          0          0          0        255          5    3070033     621581          4       1593         13         54    3070314     614531         50       7705       2501          5          0          0          0          0          0          0          3          3          0          0          0          0          0          0          0        994 
2016-04-18T10:26:05.305010Z   1/3070349:19773          0          0          0          0          0          0          0          0          0          0          0          0          0          0          0          0          0          0          0          0          0          0          0          0          0          0          0          0          0          0          0          0          0          0          0          0          0          0          0          0          0          0          0          0          0          0          0          0          0          0          0          0          0          0          0          0          0          0          0          0          0          0          0          0          0          0          0          0          0          0          0          0          0          0          0          0          0          0          0          0          0          0          0          0          0          0          0                    0          0          0          0          0          0          0          0          0          0          0          0          0          0          0          0          0          0          0 0          0          0          0          0          0          0          0          0          0          0          0          0          0          0          0          0          0          0          0          0          0          0          0          0          0 0          0         11         53    3070344     605858         51 -12.2408000000000360 -12.6494000000000140 -12.3413999999999930 -15.6838302431765160 -15.3834714344353930 -13.8240319368192960 0.000000000000000000 3.367521367518000000 -0.02150000000000001 -0.03190000000000001 -0.01100000000000001 0.009699999999999993 0.020899999999999995 0.008300000000000000 0.044747500000000000 3.380952380949000000 1 1 0 1 1 1 1 1 1 1 1 1 1 1 1 1 1 0 0 0 0 0 1 1 1 0 0       2966         12         39    3070344     613880         51         87          0          0          0        255          5    3070033     621581          4       1691         13         54    3070344     614598         51       7857       2501          5          0          0          0          0          0          0          3          1          0          0          0          0          0          0          0       1242 
2016-04-18T10:26:35.304561Z   1/3070379:19773          0          0          0          0          0          0          0          0          0          0          0          0          0          0          0          0          0          0          0          0          0          0          0          0          0          0          0          0          0          0          0          0          0          0          0          0          0          0          0          0          0          0          0          0          0          0          0          0          0          0          0          0          0          0          0          0          0          0          0          0          0          0          0          0          0          0          0          0          0          0          0          0          0          0          0          0          0          0          0          0          0          0          0          0          0          0          0                    0          0          0          0          0          0          0          0          0          0          0          0          0          0          0          0          0          0          0 0          0          0          0          0          0          0          0          0          0          0          0          0          0          0          0          0          0          0          0          0          0          0          0          0          0 0          0         11         53    3070374     605858         52 -12.2408000000000360 -12.5132000000000400 -12.4855999999999910 -15.7268787830459760 -15.3834714344353930 -13.8240319368192960 0.000000000000000000 3.367521367518000000 -0.02150000000000001 -0.03190000000000001 -0.02160000000000001 0.009699999999999993 0.019399999999999994 0.008380000000000000 0.045853500000000005 3.380952380949000000 1 1 0 1 1 1 1 1 1 1 1 1 1 1 1 1 1 0 0 0 0 0 1 1 1 0 0       3005         12         39    3070374     613943         52         87          0          0          0        255          5    3070033     621581          4       1530         13         54    3070374     614661         52       8009       2501          5          0          0          0          0          0          0          3          3          0          0          0          0          0          0          0        980 
2016-04-18T10:27:05.304111Z   1/3070409:19773          0          0          0          0          0          0          0          0          0          0          0          0          0          0          0          0          0          0          0          0          0          0          0          0          0          0          0          0          0          0          0          0          0          0          0          0          0          0          0          0          0          0          0          0          0          0          0          0          0          0          0          0          0          0          0          0          0          0          0          0          0          0          0          0          0          0          0          0          0          0          0          0          0          0          0          0          0          0          0          0          0          0          0          0          0          0          0                    0          0          0          0          0          0          0          0          0          0          0          0          0          0          0          0          0          0          0 0          0          0          0          0          0          0          0          0          0          0          0          0          0          0          0          0          0          0          0          0          0          0          0          0          0 0          0         11         53    3070404     605858         53 -12.2408000000000360 -12.5132000000000400 -12.4855999999999910 -15.7268787830459760 -15.3834714344353930 -13.8655633258581760 0.000000000000000000 3.367521367518000000 -0.01100000000000000 -0.02120000000000001 -0.02160000000000001 0.008199999999999992 0.020299999999999990 0.007540000000000000 0.044194500000000005 3.382173382170000000 1 1 0 1 1 1 1 1 1 1 1 1 1 1 1 1 1 0 0 0 0 0 1 1 1 0 0       3005         12         39    3070404     614010         53         87          0          0          0        255          5    3070033     621581          4       1628         13         54    3070404     614728         53       8161       2501          5          0          0          0          0          0          0          3          1          0          0          0          0          0          0          0       1228 
2016-04-18T10:27:35.303662Z   1/3070439:19773          0          0          0          0          0          0          0          0          0          0          0          0          0          0          0          0          0          0          0          0          0          0          0          0          0          0          0          0          0          0          0          0          0          0          0          0          0          0          0          0          0          0          0          0          0          0          0          0          0          0          0          0          0          0          0          0          0          0          0          0          0          0          0          0          0          0          0          0          0          0          0          0          0          0          0          0          0          0          0          0          0          0          0          0          0          0          0                    0          0          0          0          0          0          0          0          0          0          0          0          0          0          0          0          0          0          0 0          0          0          0          0          0          0          0          0          0          0          0          0          0          0          0          0          0          0          0          0          0          0          0          0          0 0          0         11         53    3070434     605858         54 -12.2408000000000360 -12.5132000000000400 -12.3413999999999930 -15.7699624427944510 -15.3834714344353930 -13.8655633258581760 0.000000000000000000 3.367521367518000000 -0.01100000000000000 -0.02120000000000001 -0.03220000000000001 0.009399999999999992 0.020899999999999995 0.007580000000000002 0.045300500000000000 3.380952380949000000 1 1 0 1 1 1 1 1 1 1 1 1 1 1 1 1 1 0 0 0 0 0 1 1 1 0 0       3048         12         39    3070434     614075         54         87          0          0          0        255          5    3070033     621581          4       1724         13         54    3070434     614793         54       8313       2501          5          0          0          0          0          0          0          3          3          0          0          0          0          0          0          0       1223 
2016-04-18T10:28:05.303213Z   1/3070469:19773          0          0          0          0          0          0          0          0          0          0          0          0          0          0          0          0          0          0          0          0          0          0          0          0          0          0          0          0          0          0          0          0          0          0          0          0          0          0          0          0          0          0          0          0          0          0          0          0          0          0          0          0          0          0          0          0          0          0          0          0          0          0          0          0          0          0          0          0          0          0          0          0          0          0          0          0          0          0          0          0          0          0          0          0          0          0          0                    0          0          0          0          0          0          0          0          0          0          0          0          0          0          0          0          0          0          0 0          0          0          0          0          0          0          0          0          0          0          0          0          0          0          0          0          0          0          0          0          0          0          0          0          0 0          0         11         53    3070464     605892         55 -12.2408000000000360 -12.5132000000000400 -12.4855999999999910 -15.8130812508297540 -15.3834714344353930 -13.8655633258581760 0.000000000000000000 3.366300366297000000 -0.01100000000000000 -0.02120000000000001 -0.01100000000000001 0.010299999999999990 0.020299999999999990 0.007100000000000000 0.044747500000000000 3.380952380949000000 1 1 0 1 1 1 1 1 1 1 1 1 1 1 1 1 1 0 0 0 0 0 1 1 1 0 0       2847         12         39    3070464     614141         55         87          0          0          0        255          5    3070033     621581          4       1566         13         54    3070464     614859         55       8465       2501          5          0          0          0          0          0          0          3          1          0          0          0          0          0          0          0        960 
2016-04-18T10:28:35.302764Z   1/3070499:19773          0          0          0          0          0          0          0          0          0          0          0          0          0          0          0          0          0          0          0          0          0          0          0          0          0          0          0          0          0          0          0          0          0          0          0          0          0          0          0          0          0          0          0          0          0          0          0          0          0          0          0          0          0          0          0          0          0          0          0          0          0          0          0          0          0          0          0          0          0          0          0          0          0          0          0          0          0          0          0          0          0          0          0          0          0          0          0                    0          0          0          0          0          0          0          0          0          0          0          0          0          0          0          0          0          0          0 0          0          0          0          0          0          0          0          0          0          0          0          0          0          0          0          0          0          0          0          0          0          0          0          0          0 0          0         11         53    3070494     605892         56 -12.2408000000000360 -12.5132000000000400 -12.4855999999999910 -15.8130812508297540 -15.3834714344353930 -13.8655633258581760 0.000000000000000000 3.367521367518000000 -0.01100000000000000 -0.02120000000000001 -0.02160000000000001 0.008499999999999994 0.019399999999999994 0.007140000000000002 0.045162250000000000 3.382173382170000000 1 1 0 1 1 1 1 1 1 1 1 1 1 1 1 1 1 0 0 0 0 0 1 1 1 0 0       2874         12         39    3070494     614206         56         87          0          0          0        255          5    3070033     621581          4       1407         13         54    3070494     614924         56       8617       2501          5          0          0          0          0          0          0          3          0          0          0          0          0          0          0          0        952 
2016-04-18T10:29:05.302315Z   1/3070529:19773          0          0          0          0          0          0          0          0          0          0          0          0          0          0          0          0          0          0          0          0          0          0          0          0          0          0          0          0          0          0          0          0          0          0          0          0          0          0          0          0          0          0          0          0          0          0          0          0          0          0          0          0          0          0          0          0          0          0          0          0          0          0          0          0          0          0          0          0          0          0          0          0          0          0          0          0          0          0          0          0          0          0          0          0          0          0          0                    0          0          0          0          0          0          0          0          0          0          0          0          0          0          0          0          0          0          0 0          0          0          0          0          0          0          0          0          0          0          0          0          0          0          0          0          0          0          0          0          0          0          0          0          0 0          0         11         53    3070524     605892         57 -12.2408000000000360 -12.5132000000000400 -12.5576999999999970 -15.8562352355599220 -15.3834714344353930 -13.8655633258581760 0.000000000000000000 3.367521367518000000 -0.01100000000000000 -0.03190000000000001 -0.02160000000000001 0.010299999999999990 0.019399999999999994 0.007940000000000001 0.044609250000000000 3.380952380949000000 1 1 0 1 1 1 1 1 1 1 1 1 1 1 1 1 1 0 0 0 0 0 1 1 1 0 0       2927         12         39    3070524     614271         57         87          0          0          0        255          5    3070033     621581          4       1503         13         54    3070524     614989         57       8769       2501          5          0          0          0          0          0          0          3          3          0          0          0          0          0          0          0        948 
2016-04-18T10:29:35.301866Z   1/3070559:19773          0          0          0          0          0          0          0          0          0          0          0          0          0          0          0          0          0          0          0          0          0          0          0          0          0          0          0          0          0          0          0          0          0          0          0          0          0          0          0          0          0          0          0          0          0          0          0          0          0          0          0          0          0          0          0          0          0          0          0          0          0          0          0          0          0          0          0          0          0          0          0          0          0          0          0          0          0          0          0          0          0          0          0          0          0          0          0                    0          0          0          0          0          0          0          0          0          0          0          0          0          0          0          0          0          0          0 0          0          0          0          0          0          0          0          0          0          0          0          0          0          0          0          0          0          0          0          0          0          0          0          0          0 0          0         11         53    3070554     605894         58 -12.3770000000000100 -12.5132000000000400 -12.5576999999999970 -15.8562352355599220 -15.3834714344353930 -13.9071285848274330 0.000000000000000000 3.367521367518000000 -0.01100000000000000 -0.03190000000000001 -0.02160000000000001 0.010599999999999991 0.020299999999999990 0.007980000000000003 0.044609250000000000 3.380952380949000000 1 1 0 1 1 1 1 1 1 1 1 1 1 1 1 1 1 0 0 0 0 0 1 1 1 0 0       2965         12         39    3070554     614333         58         87          0          0          0        255          5    3070033     621581          4       1596         13         54    3070554     615051         58       8921       2501          5          0          0          0          0          0          0          3          1          0          0          0          0          0          0          0       1191 
2016-04-18T10:30:05.301417Z   1/3070589:19773          0          0          0          0          0          0          0          0          0          0          0          0          0          0          0          0          0          0          0          0          0          0          0          0          0          0          0          0          0          0          0          0          0          0          0          0          0          0          0          0          0          0          0          0          0          0          0          0          0          0          0          0          0          0          0          0          0          0          0          0          0          0          0          0          0          0          0          0          0          0          0          0          0          0          0          0          0          0          0          0          0          0          0          0          0          0          0                    0          0          0          0          0          0          0          0          0          0          0          0          0          0          0          0          0          0          0 0          0          0          0          0          0          0          0          0          0          0          0          0          0          0          0          0          0          0          0          0          0          0          0          0          0 0          0         11         53    3070584     605859         59 -12.2408000000000360 -12.5132000000000400 -12.7018999999999950 -15.8994244253927380 -15.3834714344353930 -13.9487277421349920 0.000000000000000000 3.367521367518000000 -0.02150000000000001 -0.02120000000000001 -0.02160000000000001 0.010299999999999990 0.019699999999999990 0.007740000000000002 0.044885750000000000 3.382173382170000000 1 1 0 1 1 1 1 1 1 1 1 1 1 1 1 1 1 0 0 0 0 0 1 1 1 0 0       2960         12         39    3070584     614404         59         87          0          0          0        255          5    3070033     621581          4       1443         13         54    3070584     615122         59       9073       2501          5          0          0          0          0          0          0          3          3          0          0          0          0          0          0          0       1192 
2016-04-18T10:30:35.300968Z   1/3070619:19773          0          0          0          0          0          0          0          0          0          0          0          0          0          0          0          0          0          0          0          0          0          0          0          0          0          0          0          0          0          0          0          0          0          0          0          0          0          0          0          0          0          0          0          0          0          0          0          0          0          0          0          0          0          0          0          0          0          0          0          0          0          0          0          0          0          0          0          0          0          0          0          0          0          0          0          0          0          0          0          0          0          0          0          0          0          0          0                    0          0          0          0          0          0          0          0          0          0          0          0          0          0          0          0          0          0          0 0          0          0          0          0          0          0          0          0          0          0          0          0          0          0          0          0          0          0          0          0          0          0          0          0          0 0          0         11         53    3070614     605858         60 -12.2408000000000360 -12.5132000000000400 -12.6298000000000030 -15.8994244253927380 -15.3834714344353930 -13.9487277421349920 0.000000000000000000 3.367521367518000000 -0.02150000000000001 -0.02120000000000001 -0.02160000000000001 0.010299999999999990 0.019399999999999994 0.008260000000000002 0.044194500000000005 3.382173382170000000 1 1 0 1 1 1 1 1 1 1 1 1 1 1 1 1 1 0 0 0 0 0 1 1 1 0 0       2996         12         39    3070614     614471         60         87          0          0          0        255          5    3070033     621581          4       1541         13         54    3070614     615189         60       9225       2501          5          0          0          0          0          0          0          3          1          0          0          0          0          0          0          0        930 
2016-04-18T10:31:05.300519Z   1/3070649:19773          0          0          0          0          0          0          0          0          0          0          0          0          0          0          0          0          0          0          0          0          0          0          0          0          0          0          0          0          0          0          0          0          0          0          0          0          0          0          0          0          0          0          0          0          0          0          0          0          0          0          0          0          0          0          0          0          0          0          0          0          0          0          0          0          0          0          0          0          0          0          0          0          0          0          0          0          0          0          0          0          0          0          0          0          0          0          0                    0          0          0          0          0         10         21    3070633     670647          6          4          0          0          0          0          0          0          0          0 0          0          0          0          0          0          0          0          0          0          0          0          0          0          0          0          0          0          0          0          0          0          0          0          0          0 0        726         11         53    3070644     605859         61 -12.2408000000000360 -12.5132000000000400 -12.7018999999999950 -15.9426488487362970 -15.3834714344353930 -13.9903608261887200 0.000000000000000000 3.367521367518000000 -0.02150000000000001 -0.02120000000000001 -0.02160000000000001 0.008499999999999994 0.019399999999999994 0.008340000000000002 0.045438750000000000 3.380952380949000000 1 1 0 1 1 1 1 1 1 1 1 1 1 1 1 1 1 0 0 0 0 0 1 1 1 0 0       3035         12         39    3070644     613685         61         87          0          0          0        255          6    3070633     670647          4       1748         13         54    3070644     614409         61       9398       3347          5          0          0          0          0          0          0          4          3          0          0          0          0          0          0          0        948 
2016-04-18T10:31:35.300070Z   1/3070679:19773          0          0          0          0          0          0          0          0          0          0          0          0          0          0          0          0          0          0          0          0          0          0          0          0          0          0          0          0          0          0          0          0          0          0          0          0          0          0          0          0          0          0          0          0          0          0          0          0          0          0          0          0          0          0          0          0          0          0          0          0          0          0          0          0          0          0          0          0          0          0          0          0          0          0          0          0          0          0          0          0          0          0          0          0          0          0          0                    0          0          0          0          0          0          0          0          0          0          0          0          0          0          0          0          0          0          0 0          0          0          0          0          0          0          0          0          0          0          0          0          0          0          0          0          0          0          0          0          0          0          0          0          0 0          0         11         53    3070674     605858         62 -12.3770000000000100 -12.5132000000000400 -12.6298000000000030 -15.9859085339983270 -15.3407028309123350 -13.9903608261887200 0.000000000000000000 3.367521367518000000 -0.02150000000000001 -0.03190000000000001 -0.02160000000000001 0.010299999999999990 0.018799999999999990 0.007700000000000000 0.044471000000000004 3.382173382170000000 1 1 0 1 1 1 1 1 1 1 1 1 1 1 1 1 1 0 0 0 0 0 1 1 1 0 0       3044         12         39    3070674     613605         62         87          0          0          0        255          6    3070633     670647          4       1954         13         54    3070674     614323         62       9550       3347          5          0          0          0          0          0          0          4          1          0          0          0          0          0          0          0       1043 
2016-04-18T10:32:05.299621Z   1/3070709:19773          0          0          0          0          0          0          0          0          0          0          0          0          0          0          0          0          0          0          0          0          0          0          0          0          0          0          0          0          0          0          0          0          0          0          0          0          0          0          0          0          0          0          0          0          0          0          0          0          0          0          0          0          0          0          0          0          0          0          0          0          0          0          0          0          0          0          0          0          0          0          0          0          0          0          0          0          0          0          0          0          0          0          0          0          0          0          0                    0          0          0          0          0          0          0          0          0          0          0          0          0          0          0          0          0          0          0 0          0          0          0          0          0          0          0          0          0          0          0          0          0          0          0          0          0          0          0          0          0          0          0          0          0 0          0         11         53    3070704     605859         63 -12.2408000000000360 -12.5132000000000400 -12.7018999999999950 -15.9859085339983270 -15.3407028309123350 -13.9903608261887200 0.000000000000000000 3.367521367518000000 -0.01100000000000000 -0.03190000000000001 -0.02160000000000001 0.010299999999999990 0.019100000000000000 0.007540000000000000 0.044747500000000000 3.380952380949000000 1 1 0 1 1 1 1 1 1 1 1 1 1 1 1 1 1 0 0 0 0 0 1 1 1 0 0       3077         12         39    3070704     613673         63         87          0          0          0        255          6    3070633     670647          4       1798         13         54    3070704     614391         63       9702       3347          5          0          0          0          0          0          0          4          0          0          0          0          0          0          0          0       1293 
2016-04-18T10:32:35.299172Z   1/3070739:19773          0          0          0          0          0          0          0          0          0          0          0          0          0          0          0          0          0          0          0          0          0          0          0          0          0          0          0          0          0          0          0          0          0          0          0          0          0          0          0          0          0          0          0          0          0          0          0          0          0          0          0          0          0          0          0          0          0          0          0          0          0          0          0          0          0          0          0          0          0          0          0          0          0          0          0          0          0          0          0          0          0          0          0          0          0          0          0                    0          0          0          0          0          0          0          0          0          0          0          0          0          0          0          0          0          0          0 0          0          0          0          0          0          0          0          0          0          0          0          0          0          0          0          0          0          0          0          0          0          0          0          0          0 0          0         11         53    3070734     605859         64 -12.2408000000000360 -12.5132000000000400 -12.7740000000000010 -16.0292035095869200 -15.3834714344353930 -13.9903608261887200 0.001221001221000000 3.367521367518000000 -0.02150000000000001 -0.03190000000000001 -0.01100000000000001 0.007599999999999996 0.020299999999999990 0.008060000000000000 0.045577000000000000 3.380952380949000000 1 1 0 1 1 1 1 1 1 1 1 1 1 1 1 1 1 0 0 0 0 0 1 1 1 0 0       2871         12         39    3070734     613740         64         87          0          0          0        255          6    3070633     670647          4       1641         13         54    3070734     614458         64       9854       3347          5          0          0          0          0          0          0          4          3          0          0          0          0          0          0          0        781 
2016-04-18T10:33:05.298723Z   1/3070769:19773          0          0          0          0          0          0          0          0          0          0          0          0          0          0          0          0          0          0          0          0          0          0          0          0          0          0          0          0          0          0          0          0          0          0          0          0          0          0          0          0          0          0          0          0          0          0          0          0          0          0          0          0          0          0          0          0          0          0          0          0          0          0          0          0          0          0          0          0          0          0          0          0          0          0          0          0          0          0          0          0          0          0          0          0          0          0          0                    0          0          0          0          0          0          0          0          0          0          0          0          0          0          0          0          0          0          0 0          0          0          0          0          0          0          0          0          0          0          0          0          0          0          0          0          0          0          0          0          0          0          0          0          0 0          0         11         53    3070764     605858         65 -12.2408000000000360 -12.5132000000000400 -12.7740000000000010 -16.0725338039098900 -15.3834714344353930 -14.0320278653966000 0.000000000000000000 3.366300366297000000 -0.02150000000000001 -0.03190000000000001 -0.01100000000000001 0.010299999999999990 0.018499999999999996 0.008020000000000001 0.045300500000000000 3.380952380949000000 1 1 0 1 1 1 1 1 1 1 1 1 1 1 1 1 1 0 0 0 0 0 1 1 1 0 0       2901         12         39    3070764     613810         65         87          0          0          0        255          6    3070633     670647          4       1742         13         54    3070764     614528         65      10006       3347          5          0          0          0          0          0          0          4          1          0          0          0          0          0          0          0        777 
2016-04-18T10:33:35.298274Z   1/3070799:19773          0          0          0          0          0          0          0          0          0          0          0          0          0          0          0          0          0          0          0          0          0          0          0          0          0          0          0          0          0          0          0          0          0          0          0          0          0          0          0          0          0          0          0          0          0          0          0          0          0          0          0          0          0          0          0          0          0          0          0          0          0          0          0          0          0          0          0          0          0          0          0          0          0          0          0          0          0          0          0          0          0          0          0          0          0          0          0                    0          0          0          0          0          0          0          0          0          0          0          0          0          0          0          0          0          0          0 0          0          0          0          0          0          0          0          0          0          0          0          0          0          0          0          0          0          0          0          0          0          0          0          0          0 0          0         11         53    3070794     605858         66 -12.3770000000000100 -12.5132000000000400 -12.8460999999999930 -16.0725338039098900 -15.3834714344353930 -14.0320278653966000 0.000000000000000000 3.368742368739000000 -0.02150000000000001 -0.03190000000000001 -0.01100000000000001 0.011199999999999995 0.020899999999999995 0.007580000000000002 0.044471000000000004 3.382173382170000000 1 1 0 1 1 1 1 1 1 1 1 1 1 1 1 1 1 0 0 0 0 0 1 1 1 0 0       2929         12         39    3070794     613877         66         87          0          0          0        255          6    3070633     670647          4       1840         13         54    3070794     614595         66      10158       3347          5          0          0          0          0          0          0          4          3          0          0          0          0          0          0          0       1029 
2016-04-18T10:34:05.297824Z   1/3070829:19773          0          0          0          0          0          0          0          0          0          0          0          0          0          0          0          0          0          0          0          0          0          0          0          0          0          0          0          0          0          0          0          0          0          0          0          0          0          0          0          0          0          0          0          0          0          0          0          0          0          0          0          0          0          0          0          0          0          0          0          0          0          0          0          0          0          0          0          0          0          0          0          0          0          0          0          0          0          0          0          0          0          0          0          0          0          0          0                    0          0          0          0          0          0          0          0          0          0          0          0          0          0          0          0          0          0          0 0          0          0          0          0          0          0          0          0          0          0          0          0          0          0          0          0          0          0          0          0          0          0          0          0          0 0          0         11         53    3070824     605859         67 -12.3770000000000100 -12.5132000000000400 -12.7740000000000010 -16.1158994453752200 -15.3834714344353930 -14.0320278653966000 0.000000000000000000 3.367521367518000000 -0.01100000000000000 -0.03190000000000001 -0.03220000000000001 0.010299999999999990 0.018200000000000000 0.007860000000000000 0.044609250000000000 3.382173382170000000 1 1 0 1 1 1 1 1 1 1 1 1 1 1 1 1 1 0 0 0 0 0 1 1 1 0 0       2955         12         39    3070824     613946         67         87          0          0          0        255          6    3070633     670647          4       1685         13         54    3070824     614664         67      10310       3347          5          0          0          0          0          0          0          4          1          0          0          0          0          0          0          0        769 
2016-04-18T10:34:35.297375Z   1/3070859:19773          0          0          0          0          0          0          0          0          0          0          0          0          0          0          0          0          0          0          0          0          0          0          0          0          0          0          0          0          0          0          0          0          0          0          0          0          0          0          0          0          0          0          0          0          0          0          0          0          0          0          0          0          0          0          0          0          0          0          0          0          0          0          0          0          0          0          0          0          0          0          0          0          0          0          0          0          0          0          0          0          0          0          0          0          0          0          0                    0          0          0          0          0          0          0          0          0          0          0          0          0          0          0          0          0          0          0 0          0          0          0          0          0          0          0          0          0          0          0          0          0          0          0          0          0          0          0          0          0          0          0          0          0 0          0         11         53    3070854     605858         68 -12.5132000000000400 -12.5132000000000400 -12.8460999999999930 -16.1593004623908300 -15.3834714344353930 -14.0737288881664710 0.000000000000000000 3.367521367518000000 -0.01100000000000000 -0.02120000000000001 -0.03220000000000001 0.011199999999999995 0.018799999999999990 0.007180000000000001 0.044885750000000000 3.382173382170000000 1 1 0 1 1 1 1 1 1 1 1 1 1 1 1 1 1 0 0 0 0 0 1 1 1 0 0       2978         12         39    3070854     614015         68         87          0          0          0        255          6    3070633     670647          4       1785         13         54    3070854     614733         68      10462       3347          5          0          0          0          0          0          0          4          0          0          0          0          0          0          0          0       1020 
2016-04-18T10:35:05.296926Z   1/3070889:19773          0          0          0          0          0          0          0          0          0          0          0          0          0          0          0          0          0          0          0          0          0          0          0          0          0          0          0          0          0          0          0          0          0          0          0          0          0          0          0          0          0          0          0          0          0          0          0          0          0          0          0          0          0          0          0          0          0          0          0          0          0          0          0          0          0          0          0          0          0          0          0          0          0          0          0          0          0          0          0          0          0          0          0          0          0          0          0                    0          0          0          0          0          0          0          0          0          0          0          0          0          0          0          0          0          0          0 0          0          0          0          0          0          0          0          0          0          0          0          0          0          0          0          0          0          0          0          0          0          0          0          0          0 0          0         11         53    3070884     605858         69 -12.3770000000000100 -12.5132000000000400 -12.9903000000000050 -16.1593004623908300 -15.3834714344353930 -14.0737288881664710 0.000000000000000000 3.367521367518000000 -0.01100000000000000 -0.03190000000000001 -0.02160000000000001 0.009699999999999993 0.019100000000000000 0.007460000000000000 0.044471000000000004 3.380952380949000000 1 1 0 1 1 1 1 1 1 1 1 1 1 1 1 1 1 0 0 0 0 0 1 1 1 0 0       3011         12         39    3070884     614083         69         87          0          0          0        255          6    3070633     670647          4       1884         13         54    3070884     614801         69      10614       3347          5          0          0          0          0          0          0          4          1          0          0          0          0          0          0          0       1017 
2016-04-18T10:35:35.296477Z   1/3070919:19773          0          0          0          0          0          0          0          0          0          0          0          0          0          0          0          0          0          0          0          0          0          0          0          0          0          0          0          0          0          0          0          0          0          0          0          0          0          0          0          0          0          0          0          0          0          0          0          0          0          0          0          0          0          0          0          0          0          0          0          0          0          0          0          0          0          0          0          0          0          0          0          0          0          0          0          0          0          0          0          0          0          0          0          0          0          0          0                    0          0          0          0          0          0          0          0          0          0          0          0          0          0          0          0          0          0          0 0          0          0          0          0          0          0          0          0          0          0          0          0          0          0          0          0          0          0          0          0          0          0          0          0          0 0          0         11         53    3070914     605892         70 -12.3770000000000100 -12.3770000000000100 -12.9903000000000050 -16.2027368833646220 -15.3834714344353930 -14.1154639229064000 0.000000000000000000 3.368742368739000000 -0.02150000000000001 -0.02120000000000001 -0.02160000000000001 0.008499999999999994 0.018499999999999996 0.007980000000000003 0.044194500000000005 3.382173382170000000 1 1 0 1 1 1 1 1 1 1 1 1 1 1 1 1 1 0 0 0 0 0 1 1 1 0 0       3086         12         39    3070914     614153         70         87          0          0          0        255          6    3070633     670647          4       1730         13         54    3070914     614871         70      10766       3347          5          0          0          0          0          0          0          4          0          0          0          0          0          0          0          0       1014 
2016-04-18T10:36:05.296028Z   1/3070949:19773          0          0          0          0          0          0          0          0          0          0          0          0          0          0          0          0          0          0          0          0          0          0          0          0          0          0          0          0          0          0          0          0          0          0          0          0          0          0          0          0          0          0          0          0          0          0          0          0          0          0          0          0          0          0          0          0          0          0          0          0          0          0          0          0          0          0          0          0          0          0          0          0          0          0          0          0          0          0          0          0          0          0          0          0          0          0          0                    0          0          0          0          0          0          0          0          0          0          0          0          0          0          0          0          0          0          0 0          0          0          0          0          0          0          0          0          0          0          0          0          0          0          0          0          0          0          0          0          0          0          0          0          0 0          0         11         53    3070944     605892         71 -12.3770000000000100 -12.5132000000000400 -12.9903000000000050 -16.2027368833646220 -15.3834714344353930 -14.1154639229064000 0.000000000000000000 3.367521367518000000 -0.02150000000000001 -0.03190000000000001 -0.02160000000000001 0.007299999999999994 0.018200000000000000 0.008020000000000001 0.043918000000000000 3.382173382170000000 1 1 0 1 1 1 1 1 1 1 1 1 1 1 1 1 1 0 0 0 0 0 1 1 1 0 0       3108         12         39    3070944     614220         71         87          0          0          0        255          6    3070633     670647          4       1828         13         54    3070944     614938         71      10918       3347          5          0          0          0          0          0          0          4          3          0          0          0          0          0          0          0       1012 
2016-04-18T10:36:35.295579Z   1/3070979:19773          0          0          0          0          0          0          0          0          0          0          0          0          0          0          0          0          0          0          0          0          0          0          0          0          0          0          0          0          0          0          0          0          0          0          0          0          0          0          0          0          0          0          0          0          0          0          0          0          0          0          0          0          0          0          0          0          0          0          0          0          0          0          0          0          0          0          0          0          0          0          0          0          0          0          0          0          0          0          0          0          0          0          0          0          0          0          0                    0          0          0          0          0          0          0          0          0          0          0          0          0          0          0          0          0          0          0 0          0          0          0          0          0          0          0          0          0          0          0          0          0          0          0          0          0          0          0          0          0          0          0          0          0 0          0         11         53    3070974     605900         72 -12.5132000000000400 -12.5132000000000400 -12.9903000000000050 -16.2462087367045170 -15.3834714344353930 -14.1154639229064000 0.000000000000000000 3.367521367518000000 -0.02150000000000001 -0.02120000000000001 -0.02160000000000001 0.009399999999999992 0.020600000000000000 0.007540000000000000 0.044194500000000005 3.380952380949000000 1 1 0 1 1 1 1 1 1 1 1 1 1 1 1 1 1 0 0 0 0 0 1 1 1 0 0       3152         12         39    3070974     614293         72         87          0          0          0        255          6    3070633     670647          4       1932         13         54    3070974     615011         72      11070       3347          5          0          0          0          0          0          0          4          1          0          0          0          0          0          0          0       1011 
2016-04-18T10:37:05.295130Z   1/3071009:19773          0          0          0          0          0          0          0          0          0          0          0          0          0          0          0          0          0          0          0          0          0          0          0          0          0          0          0          0          0          0          0          0          0          0          0          0          0          0          0          0          0          0          0          0          0          0          0          0          0          0          0          0          0          0          0          0          0          0          0          0          0          0          0          0          0          0          0          0          0          0          0          0          0          0          0          0          0          0          0          0          0          0          0          0          0          0          0                    0          0          0          0          0          0          0          0          0          0          0          0          0          0          0          0          0          0          0 0          0          0          0          0          0          0          0          0          0          0          0          0          0          0          0          0          0          0          0          0          0          0          0          0          0 0          0         11         53    3071004     605898         73 -12.3770000000000100 -12.6494000000000140 -12.9903000000000050 -16.2897160508184130 -15.3834714344353930 -14.1572329980241420 0.000000000000000000 3.368742368739000000 -0.01100000000000000 -0.03190000000000001 -0.02160000000000001 0.009399999999999992 0.020600000000000000 0.007620000000000000 0.044332750000000004 3.382173382170000000 1 1 0 1 1 1 1 1 1 1 1 1 1 1 1 1 1 0 0 0 0 0 1 1 1 0 0       2933         12         39    3071004     614363         73         87          0          0          0        255          6    3070633     670647          4       1778         13         54    3071004     615081         73      11222       3347          5          0          0          0          0          0          0          4          3          0          0          0          0          0          0          0       1011 
2016-04-18T10:37:35.294681Z   1/3071039:19773          0          0          0          0          0          0          0          0          0          0          0          0          0          0          0          0          0          0          0          0          0          0          0          0          0          0          0          0          0          0          0          0          0          0          0          0          0          0          0          0          0          0          0          0          0          0          0          0          0          0          0          0          0          0          0          0          0          0          0          0          0          0          0          0          0          0          0          0          0          0          0          0          0          0          0          0          0          0          0          0          0          0          0          0          0          0          0                    0          0          0          0          0          0          0          0          0          0          0          0          0          0          0          0          0          0          0 0          0          0          0          0          0          0          0          0          0          0          0          0          0          0          0          0          0          0          0          0          0          0          0          0          0 0          0         11         53    3071034     605858         74 -12.5132000000000400 -12.5132000000000400 -13.0623999999999970 -16.2897160508184130 -15.3834714344353930 -14.1572329980241420 0.000000000000000000 3.367521367518000000 -0.01100000000000000 -0.02120000000000001 -0.02160000000000001 0.010599999999999991 0.018799999999999990 0.008020000000000001 0.044194500000000005 3.382173382170000000 1 1 0 1 1 1 1 1 1 1 1 1 1 1 1 1 1 0 0 0 0 0 1 1 1 0 0       2932         12         39    3071034     614430         74         87          0          0          0        255          6    3070633     670647          4       1621         13         54    3071034     615147         74      11374       3347          5          0          0          0          0          0          0          4          1          0          0          0          0          0          0          0       1003 
2016-04-18T10:38:05.294232Z   1/3071069:19773          0          0          0          0          0          0          0          0          0          0          0          0          0          0          0          0          0          0          0          0          0          0          0          0          0          0          0          0          0          0          0          0          0          0          0          0          0          0          0          0          0          0          0          0          0          0          0          0          0          0          0          0          0          0          0          0          0          0          0          0          0          0          0          0          0          0          0          0          0          0          0          0          0          0          0          0          0          0          0          0          0          0          0          0          0          0          0                    0          0          0          0          0          0          0          0          0          0          0          0          0          0          0          0          0          0          0 0          0          0          0          0          0          0          0          0          0          0          0          0          0          0          0          0          0          0          0          0          0          0          0          0          0 0          0         11         53    3071064     605858         75 -12.5132000000000400 -12.6494000000000140 -13.0623999999999970 -16.2897160508184130 -15.3834714344353930 -14.1572329980241420 0.000000000000000000 3.368742368739000000 -0.02150000000000001 -0.02120000000000001 -0.02160000000000001 0.009099999999999990 0.019100000000000000 0.007740000000000002 0.045853500000000005 3.382173382170000000 1 1 0 1 1 1 1 1 1 1 1 1 1 1 1 1 1 0 0 0 0 0 1 1 1 0 0       2963         12         39    3071064     613505         75         87          0          0          0        255          6    3070633     670647          4       1747         13         54    3071064     614223         75      11526       3347          5          0          0          0          0          0          0          4          3          0          0          0          0          0          0          0        774 
2016-04-18T10:38:35.293783Z   1/3071099:19773          0          0          0          0          0          0          0          0          0          0          0          0          0          0          0          0          0          0          0          0          0          0          0          0          0          0          0          0          0          0          0          0          0          0          0          0          0          0          0          0          0          0          0          0          0          0          0          0          0          0          0          0          0          0          0          0          0          0          0          0          0          0          0          0          0          0          0          0          0          0          0          0          0          0          0          0          0          0          0          0          0          0          0          0          0          0          0                    0          0          0          0          0          0          0          0          0          0          0          0          0          0          0          0          0          0          0 0          0          0          0          0          0          0          0          0          0          0          0          0          0          0          0          0          0          0          0          0          0          0          0          0          0 0          0         11         53    3071094     605858         76 -12.3770000000000100 -12.6494000000000140 -13.1345000000000030 -16.3332588541143200 -15.3834714344353930 -14.1990361419277350 0.000000000000000000 3.367521367518000000 -0.01100000000000000 -0.02120000000000001 -0.01100000000000001 0.010899999999999993 0.018799999999999990 0.007700000000000000 0.045300500000000000 3.382173382170000000 1 1 0 1 1 1 1 1 1 1 1 1 1 1 1 1 1 0 0 0 0 0 1 1 1 0 0       2999         12         39    3071094     613575         76         87          0          0          0        255          6    3070633     670647          4       1848         13         54    3071094     614293         76      11678       3347          5          0          0          0          0          0          0          4          1          0          0          0          0          0          0          0       1025 
2016-04-18T10:39:05.293334Z   1/3071129:19773          0          0          0          0          0          0          0          0          0          0          0          0          0          0          0          0          0          0          0          0          0          0          0          0          0          0          0          0          0          0          0          0          0          0          0          0          0          0          0          0          0          0          0          0          0          0          0          0          0          0          0          0          0          0          0          0          0          0          0          0          0          0          0          0          0          0          0          0          0          0          0          0          0          0          0          0          0          0          0          0          0          0          0          0          0          0          0                    0          0          0          0          0          0          0          0          0          0          0          0          0          0          0          0          0          0          0 0          0          0          0          0          0          0          0          0          0          0          0          0          0          0          0          0          0          0          0          0          0          0          0          0          0 0          0         11         53    3071124     605858         77 -12.5132000000000400 -12.5132000000000400 -13.1345000000000030 -16.3332588541143200 -15.3834714344353930 -14.1990361419277350 0.000000000000000000 3.367521367518000000 -0.02150000000000001 -0.02120000000000001 -0.02160000000000001 0.008799999999999995 0.019699999999999990 0.007300000000000003 0.044885750000000000 3.382173382170000000 1 1 0 1 1 1 1 1 1 1 1 1 1 1 1 1 1 0 0 0 0 0 1 1 1 0 0       3011         12         39    3071124     613646         77         87          0          0          0        255          6    3070633     670647          4       1695         13         54    3071124     614364         77      11830       3347          5          0          0          0          0          0          0          4          0          0          0          0          0          0          0          0       1023 
2016-04-18T10:39:35.292885Z   1/3071159:19773          0          0          0          0          0          0          0          0          0          0          0          0          0          0          0          0          0          0          0          0          0          0          0          0          0          0          0          0          0          0          0          0          0          0          0          0          0          0          0          0          0          0          0          0          0          0          0          0          0          0          0          0          0          0          0          0          0          0          0          0          0          0          0          0          0          0          0          0          0          0          0          0          0          0          0          0          0          0          0          0          0          0          0          0          0          0          0                    0          0          0          0          0          0          0          0          0          0          0          0          0          0          0          0          0          0          0 0          0          0          0          0          0          0          0          0          0          0          0          0          0          0          0          0          0          0          0          0          0          0          0          0          0 0          0         11         53    3071154     605858         78 -12.5132000000000400 -12.6494000000000140 -13.2065999999999950 -16.3768371750000500 -15.4262749305740100 -14.1990361419277350 0.000000000000000000 3.367521367518000000 -0.01100000000000000 -0.02120000000000001 -0.02160000000000001 0.009099999999999990 0.019399999999999994 0.007820000000000002 0.045300500000000000 3.380952380949000000 1 1 0 1 1 1 1 1 1 1 1 1 1 1 1 1 1 0 0 0 0 0 1 1 1 0 0       3060         12         39    3071154     613717         78         87          0          0          0        255          6    3070633     670647          4       1797         13         54    3071154     614435         78      11982       3347          5          0          0          0          0          0          0          4          3          0          0          0          0          0          0          0       1025 
2016-04-18T10:40:05.292436Z   1/3071189:19773          0          0          0          0          0          0          0          0          0          0          0          0          0          0          0          0          0          0          0          0          0          0          0          0          0          0          0          0          0          0          0          0          0          0          0          0          0          0          0          0          0          0          0          0          0          0          0          0          0          0          0          0          0          0          0          0          0          0          0          0          0          0          0          0          0          0          0          0          0          0          0          0          0          0          0          0          0          0          0          0          0          0          0          0          0          0          0                    0          0          0          0          0          0          0          0          0          0          0          0          0          0          0          0          0          0          0 0          0          0          0          0          0          0          0          0          0          0          0          0          0          0          0          0          0          0          0          0          0          0          0          0          0 0          0         11         53    3071184     605858         79 -12.5132000000000400 -12.6494000000000140 -13.1345000000000030 -16.3768371750000500 -15.4262749305740100 -14.2408733830250470 0.000000000000000000 3.368742368739000000 -0.01100000000000000 -0.03190000000000001 -0.01100000000000001 0.009399999999999992 0.019100000000000000 0.007060000000000002 0.044471000000000004 3.382173382170000000 1 1 0 1 1 1 1 1 1 1 1 1 1 1 1 1 1 0 0 0 0 0 1 1 1 0 0       3068         12         39    3071184     613787         79         87          0          0          0        255          6    3070633     670647          4       1898         13         54    3071184     614505         79      12134       3347          5          0          0          0          0          0          0          4          1          0          0          0          0          0          0          0       1021 
2016-04-18T10:40:35.291987Z   1/3071219:19773          0          0          0          0          0          0          0          0          0          0          0          0          0          0          0          0          0          0          0          0          0          0          0          0          0          0          0          0          0          0          0          0          0          0          0          0          0          0          0          0          0          0          0          0          0          0          0          0          0          0          0          0          0          0          0          0          0          0          0          0          0          0          0          0          0          0          0          0          0          0          0          0          0          0          0          0          0          0          0          0          0          0          0          0          0          0          0                    0          0          0          0          0          0          0          0          0          0          0          0          0          0          0          0          0          0          0 0          0          0          0          0          0          0          0          0          0          0          0          0          0          0          0          0          0          0          0          0          0          0          0          0          0 0          0         11         53    3071214     605858         80 -12.5132000000000400 -12.6494000000000140 -13.2787000000000000 -16.4641004831729000 -15.3834714344353930 -14.2408733830250470 0.000000000000000000 3.367521367518000000 -0.01100000000000000 -0.02120000000000001 -0.02160000000000001 0.009999999999999995 0.019699999999999990 0.008100000000000001 0.045024000000000000 3.380952380949000000 1 1 0 1 1 1 1 1 1 1 1 1 1 1 1 1 1 0 0 0 0 0 1 1 1 0 0       3134         12         39    3071214     613861         80         87          0          0          0        255          6    3070633     670647          4       2003         13         54    3071214     614579         80      12286       3347          5          0          0          0          0          0          0          4          3          0          0          0          0          0          0          0       1280 
2016-04-18T10:41:05.291537Z   1/3071249:19773          0          0          0          0          0          0          0          0          0          0          0          0          0          0          0          0          0          0          0          0          0          0          0          0          0          0          0          0          0          0          0          0          0          0          0          0          0          0          0          0          0          0          0          0          0          0          0          0          0          0          0          0          0          0          0          0          0          0          0          0          0          0          0          0          0          0          0          0          0          0          0          0          0          0          0          0          0          0          0          0          0          0          0          0          0          0          0                    0          0          0          0          0         10         21    3071233     721708          7          4          0          0          0          0          0          0          0          0 0          0          0          0          0          0          0          0          0          0          0          0          0          0          0          0          0          0          0          0          0          0          0          0          0          0 0        368         11         53    3071244     605858         81 -12.6494000000000140 -12.6494000000000140 -13.2065999999999950 -16.4641004831729000 -15.4262749305740100 -14.2408733830250470 0.000000000000000000 3.367521367518000000 -0.01100000000000000 -0.02120000000000001 -0.03220000000000001 0.009099999999999990 0.019699999999999990 0.008020000000000001 0.044885750000000000 3.380952380949000000 1 1 0 1 1 1 1 1 1 1 1 1 1 1 1 1 1 0 0 0 0 0 1 1 1 0 0       2902         12         39    3071244     614080         81         87          0          0          0        255          7    3071233     721708          4       1385         13         54    3071244     614804         81      12459       4183          5          0          0          0          0          0          0          5          1          0          0          0          0          0          0          0       1014 
2016-04-18T10:41:35.291088Z   1/3071279:19773          0          0          0          0          0          0          0          0          0          0          0          0          0          0          0          0          0          0          0          0          0          0          0          0          0          0          0          0          0          0          0          0          0          0          0          0          0          0          0          0          0          0          0          0          0          0          0          0          0          0          0          0          0          0          0          0          0          0          0          0          0          0          0          0          0          0          0          0          0          0          0          0          0          0          0          0          0          0          0          0          0          0          0          0          0          0          0                    0          0          0          0          0          0          0          0          0          0          0          0          0          0          0          0          0          0          0 0          0          0          0          0          0          0          0          0          0          0          0          0          0          0          0          0          0          0          0          0          0          0          0          0          0 0          0         11         53    3071274     605858         82 -12.5132000000000400 -12.6494000000000140 -13.2065999999999950 -16.5077855272758430 -15.4262749305740100 -14.2827447497240600 0.000000000000000000 3.367521367518000000 -0.02150000000000001 -0.03190000000000001 -0.01100000000000001 0.009699999999999993 0.018799999999999990 0.007780000000000001 0.045024000000000000 3.382173382170000000 1 1 0 1 1 1 1 1 1 1 1 1 1 1 1 1 1 0 0 0 0 0 1 1 1 0 0       2931         12         39    3071274     614004         82         87          0          0          0        255          7    3071233     721708          4       1340         13         54    3071274     614722         82      12611       4183          5          0          0          0          0          0          0          5          0          0          0          0          0          0          0          0        859 
2016-04-18T10:42:05.290639Z   1/3071309:19773          0          0          0          0          0          0          0          0          0          0          0          0          0          0          0          0          0          0          0          0          0          0          0          0          0          0          0          0          0          0          0          0          0          0          0          0          0          0          0          0          0          0          0          0          0          0          0          0          0          0          0          0          0          0          0          0          0          0          0          0          0          0          0          0          0          0          0          0          0          0          0          0          0          0          0          0          0          0          0          0          0          0          0          0          0          0          0                    0          0          0          0          0          0          0          0          0          0          0          0          0          0          0          0          0          0          0 0          0          0          0          0          0          0          0          0          0          0          0          0          0          0          0          0          0          0          0          0          0          0          0          0          0 0          0         11         53    3071304     605858         83 -12.5132000000000400 -12.5132000000000400 -13.2787000000000000 -16.5077855272758430 -15.4262749305740100 -14.3246502704326130 0.000000000000000000 3.367521367518000000 -0.02150000000000001 -0.02120000000000001 -0.02160000000000001 0.008799999999999995 0.019100000000000000 0.007780000000000001 0.045024000000000000 3.382173382170000000 1 1 0 1 1 1 1 1 1 1 1 1 1 1 1 1 1 0 0 0 0 0 1 1 1 0 0       2963         12         39    3071304     614078         83         87          0          0          0        255          7    3071233     721708          4       1445         13         54    3071304     614796         83      12763       4183          5          0          0          0          0          0          0          5          3          0          0          0          0          0          0          0       1119 
2016-04-18T10:42:35.290190Z   1/3071339:19773          0          0          0          0          0          0          0          0          0          0          0          0          0          0          0          0          0          0          0          0          0          0          0          0          0          0          0          0          0          0          0          0          0          0          0          0          0          0          0          0          0          0          0          0          0          0          0          0          0          0          0          0          0          0          0          0          0          0          0          0          0          0          0          0          0          0          0          0          0          0          0          0          0          0          0          0          0          0          0          0          0          0          0          0          0          0          0                    0          0          0          0          0          0          0          0          0          0          0          0          0          0          0          0          0          0          0 0          0          0          0          0          0          0          0          0          0          0          0          0          0          0          0          0          0          0          0          0          0          0          0          0          0 0          0         11         53    3071334     605892         84 -12.5132000000000400 -12.6494000000000140 -13.2787000000000000 -16.5515062026003080 -15.4262749305740100 -14.3246502704326130 0.000000000000000000 3.367521367518000000 -0.01100000000000000 -0.02120000000000001 -0.01100000000000001 0.009699999999999993 0.020899999999999995 0.008180000000000002 0.043503250000000000 3.382173382170000000 1 1 0 1 1 1 1 1 1 1 1 1 1 1 1 1 1 0 0 0 0 0 1 1 1 0 0       3038         12         39    3071334     614151         84         87          0          0          0        255          7    3071233     721708          4       1294         13         54    3071334     614869         84      12915       4183          5          0          0          0          0          0          0          5          1          0          0          0          0          0          0          0       1118 
2016-04-18T10:43:05.289741Z   1/3071369:19773          0          0          0          0          0          0          0          0          0          0          0          0          0          0          0          0          0          0          0          0          0          0          0          0          0          0          0          0          0          0          0          0          0          0          0          0          0          0          0          0          0          0          0          0          0          0          0          0          0          0          0          0          0          0          0          0          0          0          0          0          0          0          0          0          0          0          0          0          0          0          0          0          0          0          0          0          0          0          0          0          0          0          0          0          0          0          0                    0          0          0          0          0          0          0          0          0          0          0          0          0          0          0          0          0          0          0 0          0          0          0          0          0          0          0          0          0          0          0          0          0          0          0          0          0          0          0          0          0          0          0          0          0 0          0         11         53    3071364     605893         85 -12.5132000000000400 -12.6494000000000140 -13.4228999999999980 -16.5515062026003080 -15.4262749305740100 -14.3246502704326130 0.000000000000000000 3.368742368739000000 -0.01100000000000000 -0.03190000000000001 -0.02160000000000001 0.010599999999999991 0.018499999999999996 0.007620000000000000 0.044471000000000004 3.382173382170000000 1 1 0 1 1 1 1 1 1 1 1 1 1 1 1 1 1 0 0 0 0 0 1 1 1 0 0       3059         12         39    3071364     614226         85         87          0          0          0        255          7    3071233     721708          4       1400         13         54    3071364     614944         85      13067       4183          5          0          0          0          0          0          0          5          3          0          0          0          0          0          0          0        868 
2016-04-18T10:43:35.289292Z   1/3071399:19773          0          0          0          0          0          0          0          0          0          0          0          0          0          0          0          0          0          0          0          0          0          0          0          0          0          0          0          0          0          0          0          0          0          0          0          0          0          0          0          0          0          0          0          0          0          0          0          0          0          0          0          0          0          0          0          0          0          0          0          0          0          0          0          0          0          0          0          0          0          0          0          0          0          0          0          0          0          0          0          0          0          0          0          0          0          0          0                    0          0          0          0          0          0          0          0          0          0          0          0          0          0          0          0          0          0          0 0          0          0          0          0          0          0          0          0          0          0          0          0          0          0          0          0          0          0          0          0          0          0          0          0          0 0          0         11         53    3071394     605899         86 -12.3770000000000100 -12.6494000000000140 -13.2787000000000000 -16.5952625375543330 -15.4691133477361400 -14.3665899735587170 0.000000000000000000 3.367521367518000000 -0.02150000000000001 -0.02120000000000001 -0.02160000000000001 0.009099999999999990 0.019999999999999997 0.008380000000000000 0.043918000000000000 3.382173382170000000 1 1 0 1 1 1 1 1 1 1 1 1 1 1 1 1 1 0 0 0 0 0 1 1 1 0 0       3112         12         39    3071394     614298         86         87          0          0          0        255          7    3071233     721708          4       1503         13         54    3071394     615016         86      13219       4183          5          0          0          0          0          0          0          5          1          0          0          0          0          0          0          0       1121 
2016-04-18T10:44:05.288843Z   1/3071429:19773          0          0          0          0          0          0          0          0          0          0          0          0          0          0          0          0          0          0          0          0          0          0          0          0          0          0          0          0          0          0          0          0          0          0          0          0          0          0          0          0          0          0          0          0          0          0          0          0          0          0          0          0          0          0          0          0          0          0          0          0          0          0          0          0          0          0          0          0          0          0          0          0          0          0          0          0          0          0          0          0          0          0          0          0          0          0          0                    0          0          0          0          0          0          0          0          0          0          0          0          0          0          0          0          0          0          0 0          0          0          0          0          0          0          0          0          0          0          0          0          0          0          0          0          0          0          0          0          0          0          0          0          0 0          0         11         53    3071424     605897         87 -12.6494000000000140 -12.6494000000000140 -13.4228999999999980 -16.5952625375543330 -15.4691133477361400 -14.4085638875101840 0.000000000000000000 3.368742368739000000 -0.01100000000000000 -0.03190000000000001 -0.02160000000000001 0.010299999999999990 0.017899999999999992 0.008060000000000000 0.044609250000000000 3.382173382170000000 1 1 0 1 1 1 1 1 1 1 1 1 1 1 1 1 1 0 0 0 0 0 1 1 1 0 0       3137         12         39    3071424     614370         87         87          0          0          0        255          7    3071233     721708          4       1606         13         54    3071424     615088         87      13371       4183          5          0          0          0          0          0          0          5          3          0          0          0          0          0          0          0       1123 
2016-04-18T10:44:31.288454Z   1/3071455:19773          0          0          0          0          0          0          0          0          0          0          0          0          0          0          0          0          0          0          0          0          0          0          0          0          0          0          0          0          0          0          0          0          0          0          0          0          0          0          0          0          0          0          0          0          0          0          0          0          0          0          0          0          0          0          0          0          0          0          0          0          0          0          0          0          0          0          0          0          0          0          0          0          0          0          0          0          0          0          0          0          0          0          0          0          0          0          0                    0          0          0          0          0          0          0          0          0          0          0          0          0          0          0          0          0          0          0 0          0          0          0          0          0          0          0          0          0          0          0          0          0          0          0          0          0          0          0          0          0          0          0          0          0 0          0         11         53    3071424     605897         87 -12.6494000000000140 -12.6494000000000140 -13.4228999999999980 -16.5952625375543330 -15.4691133477361400 -14.4085638875101840 0.000000000000000000 3.368742368739000000 -0.01100000000000000 -0.03190000000000001 -0.02160000000000001 0.010299999999999990 0.017899999999999992 0.008060000000000000 0.044609250000000000 3.382173382170000000 1 1 0 1 1 1 1 1 1 1 1 1 1 1 1 1 1 0 0 0 0 0 1 1 1 0 0       3137         12         39    3071424     614370         87         87          0          0          0        255          7    3071233     721708          4       1606         13         54    3071424     615088         87      13371       4183          5          0          0          0          0          0          0          5          3          0          0          0          0          0          0          0       1123 
2016-04-18T10:44:57.288065Z   1/3071481:19773          0          0          0          0          0          0          0          0          0          0          0          0          0          0          0          0          0          0          0          0          0          0          0          0          0          0          0          0          0          0          0          0          0          0          0          0          0          0          0          0          0          0          0          0          0          0          0          0          0          0          0          0          0          0          0          0          0          0          0          0          0          0          0          0          0          0          0          0          0          0          0          0          0          0          0          0          0          0          0          0          0          0          0          0          0          0          0                    0          0          0          0          0          0          0          0          0          0          0          0          0          0          0          0          0          0          0 0          0          0          0          0          0          0          0          0          0          0          0          0          0          0          0          0          0          0          0          0          0          0          0          0          0 0          0         11         53    3071454     605859         88 -12.6494000000000140 -12.7855999999999880 -13.4228999999999980 -16.6390545605457020 -15.4691133477361400 -14.4085638875101840 0.000000000000000000 3.367521367518000000 -0.01100000000000000 -0.03190000000000001 -0.02160000000000001 0.010599999999999991 0.019100000000000000 0.008060000000000000 0.044194500000000005 3.382173382170000000 1 1 0 1 1 1 1 1 1 1 1 1 1 1 1 1 1 0 0 0 0 0 1 1 1 0 0       3131         12         39    3071454     614445         88         87          0          0          0        255          7    3071233     721708          4       1457         13         54    3071454     615163         88      13523       4183          5          0          0          0          0          0          0          5          1          0          0          0          0          0          0          0       1379 
2016-04-18T10:45:34.287511Z   1/3071518:19773          0          0          0          0          0          0          0          0          0          0          0          0          0          0          0          0          0          0          0          0          0          0          0          0          0          0          0          0          0          0          0          0          0          0          0          0          0          0          0          0          0          0          0          0          0          0          0          0          0          0          0          0          0          0          0          0          0          0          0          0          0          0          0          0          0          0          0          0          0          0          0          0          0          0          0          0          0          0          0          0          0          0          0          0          0          0          0                    0          0          0          0          0          0          0          0          0          0          0          0          0          0          0          0          0          0          0 0          0          0          0          0          0          0          0          0          0          0          0          0          0          0          0          0          0          0          0          0          0          0          0          0          0 0          0         11         53    3071514     605858         90 -12.6494000000000140 -12.6494000000000140 -13.4950000000000050 -16.6828822999824520 -15.4691133477361400 -14.4085638875101840 0.000000000000000000 3.367521367518000000 -0.02150000000000001 -0.03190000000000001 -0.02160000000000001 0.009699999999999993 0.019100000000000000 0.007940000000000001 0.045162250000000000 3.382173382170000000 1 1 0 1 1 1 1 1 1 1 1 1 1 1 1 1 1 0 0 0 0 0 1 1 1 0 0       2940         12         39    3071514     613587         90         87          0          0          0        255          7    3071233     721708          4       1426         13         54    3071514     614305         90      13827       4183          5          0          0          0          0          0          0          5          1          0          0          0          0          0          0          0        887 
2016-04-18T10:46:04.287062Z   1/3071548:19773          0          0          0          0          0          0          0          0          0          0          0          0          0          0          0          0          0          0          0          0          0          0          0          0          0          0          0          0          0          0          0          0          0          0          0          0          0          0          0          0          0          0          0          0          0          0          0          0          0          0          0          0          0          0          0          0          0          0          0          0          0          0          0          0          0          0          0          0          0          0          0          0          0          0          0          0          0          0          0          0          0          0          0          0          0          0          0                    0          0          0          0          0          0          0          0          0          0          0          0          0          0          0          0          0          0          0 0          0          0          0          0          0          0          0          0          0          0          0          0          0          0          0          0          0          0          0          0          0          0          0          0          0 0          0         11         53    3071544     605858         91 -12.6494000000000140 -12.6494000000000140 -13.4228999999999980 -16.7267457842724240 -15.4691133477361400 -14.4505720406950220 0.000000000000000000 3.367521367518000000 -0.02150000000000001 -0.02120000000000001 -0.02160000000000001 0.007899999999999990 0.019100000000000000 0.007980000000000003 0.045024000000000000 3.380952380949000000 1 1 0 1 1 1 1 1 1 1 1 1 1 1 1 1 1 0 0 0 0 0 1 1 1 0 0       2966         12         39    3071544     613664         91         87          0          0          0        255          7    3071233     721708          4       1279         13         54    3071544     614382         91      13979       4183          5          0          0          0          0          0          0          5          0          0          0          0          0          0          0          0       1146 
2016-04-18T10:46:34.286613Z   1/3071578:19773          0          0          0          0          0          0          0          0          0          0          0          0          0          0          0          0          0          0          0          0          0          0          0          0          0          0          0          0          0          0          0          0          0          0          0          0          0          0          0          0          0          0          0          0          0          0          0          0          0          0          0          0          0          0          0          0          0          0          0          0          0          0          0          0          0          0          0          0          0          0          0          0          0          0          0          0          0          0          0          0          0          0          0          0          0          0          0                    0          0          0          0          0          0          0          0          0          0          0          0          0          0          0          0          0          0          0 0          0          0          0          0          0          0          0          0          0          0          0          0          0          0          0          0          0          0          0          0          0          0          0          0          0 0          0         11         53    3071574     605859         92 -12.6494000000000140 -12.7855999999999880 -13.4950000000000050 -16.7267457842724240 -15.4691133477361400 -14.4505720406950220 0.000000000000000000 3.367521367518000000 -0.02150000000000001 -0.03190000000000001 -0.02160000000000001 0.010299999999999990 0.018499999999999996 0.007940000000000001 0.045577000000000000 3.382173382170000000 1 1 0 1 1 1 1 1 1 1 1 1 1 1 1 1 1 0 0 0 0 0 1 1 1 0 0       3007         12         39    3071574     613740         92         87          0          0          0        255          7    3071233     721708          4       1386         13         54    3071574     614458         92      14131       4183          5          0          0          0          0          0          0          5          3          0          0          0          0          0          0          0        898 
2016-04-18T10:47:04.286164Z   1/3071608:19773          0          0          0          0          0          0          0          0          0          0          0          0          0          0          0          0          0          0          0          0          0          0          0          0          0          0          0          0          0          0          0          0          0          0          0          0          0          0          0          0          0          0          0          0          0          0          0          0          0          0          0          0          0          0          0          0          0          0          0          0          0          0          0          0          0          0          0          0          0          0          0          0          0          0          0          0          0          0          0          0          0          0          0          0          0          0          0                    0          0          0          0          0          0          0          0          0          0          0          0          0          0          0          0          0          0          0 0          0          0          0          0          0          0          0          0          0          0          0          0          0          0          0          0          0          0          0          0          0          0          0          0          0 0          0         11         53    3071604     605858         93 -12.6494000000000140 -12.6494000000000140 -13.5670999999999960 -16.7267457842724240 -15.5119867143296800 -14.4505720406950220 0.000000000000000000 3.367521367518000000 -0.02150000000000001 -0.03190000000000001 -0.02160000000000001 0.010299999999999990 0.020600000000000000 0.007820000000000002 0.044609250000000000 3.382173382170000000 1 1 0 1 1 1 1 1 1 1 1 1 1 1 1 1 1 0 0 0 0 0 1 1 1 0 0       3037         12         39    3071604     613815         93         87          0          0          0        255          7    3071233     721708          4       1492         13         54    3071604     614533         93      14283       4183          5          0          0          0          0          0          0          5          1          0          0          0          0          0          0          0       1154 
2016-04-18T10:47:40.285625Z   1/3071644:19773          0          0          0          0          0          0          0          0          0          0          0          0          0          0          0          0          0          0          0          0          0          0          0          0          0          0          0          0          0          0          0          0          0          0          0          0          0          0          0          0          0          0          0          0          0          0          0          0          0          0          0          0          0          0          0          0          0          0          0          0          0          0          0          0          0          0          0          0          0          0          0          0          0          0          0          0          0          0          0          0          0          0          0          0          0          0          0                    0          0          0          0          0          0          0          0          0          0          0          0          0          0          0          0          0          0          0 0          0          0          0          0          0          0          0          0          0          0          0          0          0          0          0          0          0          0          0          0          0          0          0          0          0 0          0         11         53    3071634     605858         94 -12.7855999999999880 -12.6494000000000140 -13.5670999999999960 -16.7706450418235700 -15.5119867143296800 -14.4926144615211850 0.000000000000000000 3.368742368739000000 -0.02150000000000001 -0.02120000000000001 -0.01100000000000001 0.009099999999999990 0.018499999999999996 0.007460000000000000 0.045300500000000000 3.382173382170000000 1 1 0 1 1 1 1 1 1 1 1 1 1 1 1 1 1 0 0 0 0 0 1 1 1 0 0       3057         12         39    3071634     613893         94         87          0          0          0        255          7    3071233     721708          4       1346         13         54    3071634     614611         94      14435       4183          5          0          0          0          0          0          0          5          3          0          0          0          0          0          0          0       1162 
2016-04-18T10:48:10.285176Z   1/3071674:19773          0          0          0          0          0          0          0          0          0          0          0          0          0          0          0          0          0          0          0          0          0          0          0          0          0          0          0          0          0          0          0          0          0          0          0          0          0          0          0          0          0          0          0          0          0          0          0          0          0          0          0          0          0          0          0          0          0          0          0          0          0          0          0          0          0          0          0          0          0          0          0          0          0          0          0          0          0          0          0          0          0          0          0          0          0          0          0                    0          0          0          0          0          0          0          0          0          0          0          0          0          0          0          0          0          0          0 0          0          0          0          0          0          0          0          0          0          0          0          0          0          0          0          0          0          0          0          0          0          0          0          0          0 0          0         11         53    3071664     605858         95 -12.6494000000000140 -12.6494000000000140 -13.5670999999999960 -16.7706450418235700 -15.5119867143296800 -14.4505720406950220 0.000000000000000000 3.367521367518000000 -0.02150000000000001 -0.02120000000000001 -0.01100000000000001 0.008799999999999995 0.019999999999999997 0.007060000000000002 0.045300500000000000 3.382173382170000000 1 1 0 1 1 1 1 1 1 1 1 1 1 1 1 1 1 0 0 0 0 0 1 1 1 0 0       3081         12         39    3071664     613968         95         87          0          0          0        255          7    3071233     721708          4       1452         13         54    3071664     614686         95      14587       4183          5          0          0          0          0          0          0          5          1          0          0          0          0          0          0          0       1163 
2016-04-18T10:48:30.284876Z   1/3071694:19773          0          0          0          0          0          0          0          0          0          0          0          0          0          0          0          0          0          0          0          0          0          0          0          0          0          0          0          0          0          0          0          0          0          0          0          0          0          0          0          0          0          0          0          0          0          0          0          0          0          0          0          0          0          0          0          0          0          0          0          0          0          0          0          0          0          0          0          0          0          0          0          0          0          0          0          0          0          0          0          0          0          0          0          0          0          0          0                    0          0          0          0          0          0          0          0          0          0          0          0          0          0          0          0          0          0          0 0          0          0          0          0          0          0          0          0          0          0          0          0          0          0          0          0          0          0          0          0          0          0          0          0          0 0          0         11         53    3071664     605858         95 -12.6494000000000140 -12.6494000000000140 -13.5670999999999960 -16.7706450418235700 -15.5119867143296800 -14.4505720406950220 0.000000000000000000 3.367521367518000000 -0.02150000000000001 -0.02120000000000001 -0.01100000000000001 0.008799999999999995 0.019999999999999997 0.007060000000000002 0.045300500000000000 3.382173382170000000 1 1 0 1 1 1 1 1 1 1 1 1 1 1 1 1 1 0 0 0 0 0 1 1 1 0 0       3081         12         39    3071664     613968         95         87          0          0          0        255          7    3071233     721708          4       1452         13         54    3071664     614686         95      14587       4183          5          0          0          0          0          0          0          5          1          0          0          0          0          0          0          0       1163 
2016-04-18T10:49:00.284427Z   1/3071724:19773          0          0          0          0          0          0          0          0          0          0          0          0          0          0          0          0          0          0          0          0          0          0          0          0          0          0          0          0          0          0          0          0          0          0          0          0          0          0          0          0          0          0          0          0          0          0          0          0          0          0          0          0          0          0          0          0          0          0          0          0          0          0          0          0          0          0          0          0          0          0          0          0          0          0          0          0          0          0          0          0          0          0          0          0          0          0          0                    0          0          0          0          0          0          0          0          0          0          0          0          0          0          0          0          0          0          0 0          0          0          0          0          0          0          0          0          0          0          0          0          0          0          0          0          0          0          0          0          0          0          0          0          0 0          0         11         53    3071694     605858         96 -12.6494000000000140 -12.7855999999999880 -13.6392000000000020 -16.8145801010438730 -15.5119867143296800 -14.4926144615211850 0.000000000000000000 3.368742368739000000 -0.01100000000000000 -0.02120000000000001 -0.01100000000000001 0.009099999999999990 0.019399999999999994 0.007980000000000003 0.045162250000000000 3.382173382170000000 1 1 0 1 1 1 1 1 1 1 1 1 1 1 1 1 1 0 0 0 0 0 1 1 1 0 0       3137         12         39    3071694     614042         96         87          0          0          0        255          7    3071233     721708          4       1557         13         54    3071694     614760         96      14739       4183          5          0          0          0          0          0          0          5          0          0          0          0          0          0          0          0       1164 
2016-04-18T10:49:30.283978Z   1/3071754:19773          0          0          0          0          0          0          0          0          0          0          0          0          0          0          0          0          0          0          0          0          0          0          0          0          0          0          0          0          0          0          0          0          0          0          0          0          0          0          0          0          0          0          0          0          0          0          0          0          0          0          0          0          0          0          0          0          0          0          0          0          0          0          0          0          0          0          0          0          0          0          0          0          0          0          0          0          0          0          0          0          0          0          0          0          0          0          0                    0          0          0          0          0          0          0          0          0          0          0          0          0          0          0          0          0          0          0 0          0          0          0          0          0          0          0          0          0          0          0          0          0          0          0          0          0          0          0          0          0          0          0          0          0 0          0         11         53    3071724     605890         97 -12.6494000000000140 -12.7855999999999880 -13.6392000000000020 -16.8145801010438730 -15.5119867143296800 -14.5346911783964860 0.000000000000000000 3.367521367518000000 -0.02150000000000001 -0.02120000000000001 -0.01100000000000001 0.009999999999999995 0.019999999999999997 0.007820000000000002 0.044885750000000000 3.380952380949000000 1 1 0 1 1 1 1 1 1 1 1 1 1 1 1 1 1 0 0 0 0 0 1 1 1 0 0       3197         12         39    3071724     614114         97         87          0          0          0        255          7    3071233     721708          4       1660         13         54    3071724     614832         97      14891       4183          5          0          0          0          0          0          0          5          3          0          0          0          0          0          0          0       1167 
2016-04-18T10:50:00.283529Z   1/3071784:19773          0          0          0          0          0          0          0          0          0          0          0          0          0          0          0          0          0          0          0          0          0          0          0          0          0          0          0          0          0          0          0          0          0          0          0          0          0          0          0          0          0          0          0          0          0          0          0          0          0          0          0          0          0          0          0          0          0          0          0          0          0          0          0          0          0          0          0          0          0          0          0          0          0          0          0          0          0          0          0          0          0          0          0          0          0          0          0                    0          0          0          0          0          0          0          0          0          0          0          0          0          0          0          0          0          0          0 0          0          0          0          0          0          0          0          0          0          0          0          0          0          0          0          0          0          0          0          0          0          0          0          0          0 0          0         11         53    3071754     605892         98 -12.7855999999999880 -12.7855999999999880 -13.6392000000000020 -16.8585509903411430 -15.5119867143296800 -14.5346911783964860 0.000000000000000000 3.368742368739000000 -0.02150000000000001 -0.03190000000000001 -0.02160000000000001 0.009699999999999993 0.019100000000000000 0.007740000000000002 0.044609250000000000 3.382173382170000000 1 1 0 1 1 1 1 1 1 1 1 1 1 1 1 1 1 0 0 0 0 0 1 1 1 0 0       2967         12         39    3071754     614195         98         87          0          0          0        255          7    3071233     721708          4       1262         13         54    3071754     614913         98      15043       4183          5          0          0          0          0          0          0          5          1          0          0          0          0          0          0          0        919 
2016-04-18T10:50:33.283035Z   1/3071817:19773          0          0          0          0          0          0          0          0          0          0          0          0          0          0          0          0          0          0          0          0          0          0          0          0          0          0          0          0          0          0          0          0          0          0          0          0          0          0          0          0          0          0          0          0          0          0          0          0          0          0          0          0          0          0          0          0          0          0          0          0          0          0          0          0          0          0          0          0          0          0          0          0          0          0          0          0          0          0          0          0          0          0          0          0          0          0          0                    0          0          0          0          0          0          0          0          0          0          0          0          0          0          0          0          0          0          0 0          0          0          0          0          0          0          0          0          0          0          0          0          0          0          0          0          0          0          0          0          0          0          0          0          0 0          0         11         53    3071814     605909        100 -12.7855999999999880 -12.7855999999999880 -13.7112999999999940 -16.9025577381234500 -15.5978384094427160 -14.5346911783964860 0.000000000000000000 3.367521367518000000 -0.01100000000000000 -0.03190000000000001 -0.02160000000000001 0.009999999999999995 0.018799999999999990 0.007580000000000002 0.044747500000000000 3.382173382170000000 1 1 0 1 1 1 1 1 1 1 1 1 1 1 1 1 1 0 0 0 0 0 1 1 1 0 0       3047         12         39    3071814     614378        100         87          0          0          0        255          7    3071233     721708          4       1507         13         54    3071814     615095        100      15347       4183          5          0          0          0          0          0          0          5          1          0          0          0          0          0          0          0       1212 
2016-04-18T10:51:03.282586Z   1/3071847:19773          0          0          0          0          0          0          0          0          0          0          0          0          0          0          0          0          0          0          0          0          0          0          0          0          0          0          0          0          0          0          0          0          0          0          0          0          0          0          0          0          0          0          0          0          0          0          0          0          0          0          0          0          0          0          0          0          0          0          0          0          0          0          0          0          0          0          0          0          0          0          0          0          0          0          0          0          0          0          0          0          0          0          0          0          0          0          0                    0          0          0          0          0         10         21    3071833     772967          8          4          0          0          0          0          0          0          0          0 0          0          0          0          0          0          0          0          0          0          0          0          0          0          0          0          0          0          0          0          0          0          0          0          0          0 0        718         11         53    3071844     605893        101 -12.7855999999999880 -12.7855999999999880 -13.7112999999999940 -16.9025577381234500 -15.5978384094427160 -14.5768022197289330 0.000000000000000000 3.368742368739000000 -0.02150000000000001 -0.02120000000000001 -0.01100000000000001 0.009399999999999992 0.019699999999999990 0.007700000000000000 0.045024000000000000 3.382173382170000000 1 1 0 1 1 1 1 1 1 1 1 1 1 1 1 1 1 0 0 0 0 0 1 1 1 0 0       3071         12         39    3071844     614293        101         87          0          0          0        255          8    3071833     772967          4       1803         13         54    3071844     615017        101      15520       5027          5          0          0          0          0          0          0          6          3          0          0          0          0          0          0          0       1165 
2016-04-18T10:51:33.282137Z   1/3071877:19773          0          0          0          0          0          0          0          0          0          0          0          0          0          0          0          0          0          0          0          0          0          0          0          0          0          0          0          0          0          0          0          0          0          0          0          0          0          0          0          0          0          0          0          0          0          0          0          0          0          0          0          0          0          0          0          0          0          0          0          0          0          0          0          0          0          0          0          0          0          0          0          0          0          0          0          0          0          0          0          0          0          0          0          0          0          0          0                    0          0          0          0          0          0          0          0          0          0          0          0          0          0          0          0          0          0          0 0          0          0          0          0          0          0          0          0          0          0          0          0          0          0          0          0          0          0          0          0          0          0          0          0          0 0          0         11         53    3071874     605858        102 -12.7855999999999880 -12.7855999999999880 -13.7834000000000000 -16.9466003727985420 -15.5548950587625260 -14.6189476139264230 0.000000000000000000 3.367521367518000000 -0.02150000000000001 -0.03190000000000001 -0.02160000000000001 0.010899999999999993 0.021500000000000000 0.008100000000000001 0.044194500000000005 3.382173382170000000 1 1 0 1 1 1 1 1 1 1 1 1 1 1 1 1 1 0 0 0 0 0 1 1 1 0 0       3081         12         39    3071874     613510        102         87          0          0          0        255          8    3071833     772967          4       1816         13         54    3071874     614229        102      15672       5027          5          0          0          0          0          0          0          6          3          0          0          0          0          0          0          0       1070 
2016-04-18T10:52:03.281688Z   1/3071907:19773          0          0          0          0          0          0          0          0          0          0          0          0          0          0          0          0          0          0          0          0          0          0          0          0          0          0          0          0          0          0          0          0          0          0          0          0          0          0          0          0          0          0          0          0          0          0          0          0          0          0          0          0          0          0          0          0          0          0          0          0          0          0          0          0          0          0          0          0          0          0          0          0          0          0          0          0          0          0          0          0          0          0          0          0          0          0          0                    0          0          0          0          0          0          0          0          0          0          0          0          0          0          0          0          0          0          0 0          0          0          0          0          0          0          0          0          0          0          0          0          0          0          0          0          0          0          0          0          0          0          0          0          0 0          0         11         53    3071904     605858        103 -12.7855999999999880 -12.7855999999999880 -13.7834000000000000 -16.9906789227744920 -15.5978384094427160 -14.6189476139264230 0.000000000000000000 3.367521367518000000 -0.01100000000000000 -0.02120000000000001 -0.01100000000000001 0.009699999999999993 0.019100000000000000 0.007460000000000000 0.045162250000000000 3.382173382170000000 1 1 0 1 1 1 1 1 1 1 1 1 1 1 1 1 1 0 0 0 0 0 1 1 1 0 0       3096         12         39    3071904     613586        103         87          0          0          0        255          8    3071833     772967          4       1923         13         54    3071904     614305        103      15824       5027          5          0          0          0          0          0          0          6          1          0          0          0          0          0          0          0       1327 
2016-04-18T10:52:33.281239Z   1/3071937:19773          0          0          0          0          0          0          0          0          0          0          0          0          0          0          0          0          0          0          0          0          0          0          0          0          0          0          0          0          0          0          0          0          0          0          0          0          0          0          0          0          0          0          0          0          0          0          0          0          0          0          0          0          0          0          0          0          0          0          0          0          0          0          0          0          0          0          0          0          0          0          0          0          0          0          0          0          0          0          0          0          0          0          0          0          0          0          0                    0          0          0          0          0          0          0          0          0          0          0          0          0          0          0          0          0          0          0 0          0          0          0          0          0          0          0          0          0          0          0          0          0          0          0          0          0          0          0          0          0          0          0          0          0 0          0         11         53    3071934     605858        104 -12.9218000000000190 -12.7855999999999880 -13.7834000000000000 -16.9906789227744920 -15.5978384094427160 -14.6189476139264230 0.000000000000000000 3.367521367518000000 -0.01100000000000000 -0.02120000000000001 -0.01100000000000001 0.009999999999999995 0.019999999999999997 0.007780000000000001 0.045300500000000000 3.380952380949000000 1 1 0 1 1 1 1 1 1 1 1 1 1 1 1 1 1 0 0 0 0 0 1 1 1 0 0       3138         12         39    3071934     613665        104         87          0          0          0        255          8    3071833     772967          4       1778         13         54    3071934     614384        104      15976       5027          5          0          0          0          0          0          0          6          3          0          0          0          0          0          0          0       1336 
2016-04-18T10:53:03.280790Z   1/3071967:19773          0          0          0          0          0          0          0          0          0          0          0          0          0          0          0          0          0          0          0          0          0          0          0          0          0          0          0          0          0          0          0          0          0          0          0          0          0          0          0          0          0          0          0          0          0          0          0          0          0          0          0          0          0          0          0          0          0          0          0          0          0          0          0          0          0          0          0          0          0          0          0          0          0          0          0          0          0          0          0          0          0          0          0          0          0          0          0                    0          0          0          0          0          0          0          0          0          0          0          0          0          0          0          0          0          0          0 0          0          0          0          0          0          0          0          0          0          0          0          0          0          0          0          0          0          0          0          0          0          0          0          0          0 0          0         11         53    3071964     605859        105 -12.7855999999999880 -12.9218000000000190 -13.7834000000000000 -16.9906789227744920 -15.5978384094427160 -14.6611273893968810 0.000000000000000000 3.367521367518000000 -0.02150000000000001 -0.03190000000000001 -0.01100000000000001 0.009699999999999993 0.018799999999999990 0.007740000000000002 0.044609250000000000 3.382173382170000000 1 1 0 1 1 1 1 1 1 1 1 1 1 1 1 1 1 0 0 0 0 0 1 1 1 0 0       3159         12         39    3071964     613745        105         87          0          0          0        255          8    3071833     772967          4       1889         13         54    3071964     614464        105      16128       5027          5          0          0          0          0          0          0          6          1          0          0          0          0          0          0          0       1087 
2016-04-18T10:53:33.280341Z   1/3071997:19773          0          0          0          0          0          0          0          0          0          0          0          0          0          0          0          0          0          0          0          0          0          0          0          0          0          0          0          0          0          0          0          0          0          0          0          0          0          0          0          0          0          0          0          0          0          0          0          0          0          0          0          0          0          0          0          0          0          0          0          0          0          0          0          0          0          0          0          0          0          0          0          0          0          0          0          0          0          0          0          0          0          0          0          0          0          0          0                    0          0          0          0          0          0          0          0          0          0          0          0          0          0          0          0          0          0          0 0          0          0          0          0          0          0          0          0          0          0          0          0          0          0          0          0          0          0          0          0          0          0          0          0          0 0          0         11         53    3071994     605858        106 -12.9218000000000190 -12.9218000000000190 -13.7834000000000000 -17.0347934164591380 -15.5978384094427160 -14.7033415745482050 0.000000000000000000 3.367521367518000000 -0.02150000000000001 -0.03190000000000001 -0.03220000000000001 0.010299999999999990 0.019100000000000000 0.007540000000000000 0.045577000000000000 3.382173382170000000 1 1 0 1 1 1 1 1 1 1 1 1 1 1 1 1 1 0 0 0 0 0 1 1 1 0 0       3193         12         39    3071994     613819        106         87          0          0          0        255          8    3071833     772967          4       1994         13         54    3071994     614538        106      16280       5027          5          0          0          0          0          0          0          6          0          0          0          0          0          0          0          0       1343 
2016-04-18T10:54:03.279891Z   1/3072027:19773          0          0          0          0          0          0          0          0          0          0          0          0          0          0          0          0          0          0          0          0          0          0          0          0          0          0          0          0          0          0          0          0          0          0          0          0          0          0          0          0          0          0          0          0          0          0          0          0          0          0          0          0          0          0          0          0          0          0          0          0          0          0          0          0          0          0          0          0          0          0          0          0          0          0          0          0          0          0          0          0          0          0          0          0          0          0          0                    0          0          0          0          0          0          0          0          0          0          0          0          0          0          0          0          0          0          0 0          0          0          0          0          0          0          0          0          0          0          0          0          0          0          0          0          0          0          0          0          0          0          0          0          0 0          0         11         53    3072024     605858        107 -12.9218000000000190 -12.7855999999999880 -13.8554999999999920 -17.0789438822604600 -15.5978384094427160 -14.7033415745482050 0.000000000000000000 3.367521367518000000 -0.02150000000000001 -0.02120000000000001 -0.02160000000000001 0.009999999999999995 0.017899999999999992 0.007540000000000000 0.044885750000000000 3.380952380949000000 1 1 0 1 1 1 1 1 1 1 1 1 1 1 1 1 1 0 0 0 0 0 1 1 1 0 0       2963         12         39    3072024     613897        107         87          0          0          0        255          8    3071833     772967          4       1593         13         54    3072024     614616        107      16432       5027          5          0          0          0          0          0          0          6          3          0          0          0          0          0          0          0       1097 
2016-04-18T10:54:33.279442Z   1/3072057:19773          0          0          0          0          0          0          0          0          0          0          0          0          0          0          0          0          0          0          0          0          0          0          0          0          0          0          0          0          0          0          0          0          0          0          0          0          0          0          0          0          0          0          0          0          0          0          0          0          0          0          0          0          0          0          0          0          0          0          0          0          0          0          0          0          0          0          0          0          0          0          0          0          0          0          0          0          0          0          0          0          0          0          0          0          0          0          0                    0          0          0          0          0          0          0          0          0          0          0          0          0          0          0          0          0          0          0 0          0          0          0          0          0          0          0          0          0          0          0          0          0          0          0          0          0          0          0          0          0          0          0          0          0 0          0         11         53    3072054     605858        108 -12.9218000000000190 -12.7855999999999880 -13.9275999999999980 -17.0789438822604600 -15.5978384094427160 -14.7033415745482050 0.000000000000000000 3.367521367518000000 -0.02150000000000001 -0.03190000000000001 -0.02160000000000001 0.009999999999999995 0.019999999999999997 0.007860000000000000 0.044609250000000000 3.382173382170000000 1 1 0 1 1 1 1 1 1 1 1 1 1 1 1 1 1 0 0 0 0 0 1 1 1 0 0       3008         12         39    3072054     613975        108         87          0          0          0        255          8    3071833     772967          4       1702         13         54    3072054     614694        108      16584       5027          5          0          0          0          0          0          0          6          1          0          0          0          0          0          0          0       1101 
2016-04-18T10:55:03.278993Z   1/3072087:19773          0          0          0          0          0          0          0          0          0          0          0          0          0          0          0          0          0          0          0          0          0          0          0          0          0          0          0          0          0          0          0          0          0          0          0          0          0          0          0          0          0          0          0          0          0          0          0          0          0          0          0          0          0          0          0          0          0          0          0          0          0          0          0          0          0          0          0          0          0          0          0          0          0          0          0          0          0          0          0          0          0          0          0          0          0          0          0                    0          0          0          0          0          0          0          0          0          0          0          0          0          0          0          0          0          0          0 0          0          0          0          0          0          0          0          0          0          0          0          0          0          0          0          0          0          0          0          0          0          0          0          0          0 0          0         11         53    3072084     605858        109 -12.7855999999999880 -12.9218000000000190 -13.8554999999999920 -17.1231303485862720 -15.6408167947780330 -14.7455901977883740 0.000000000000000000 3.367521367518000000 -0.02150000000000001 -0.02120000000000001 -0.02160000000000001 0.009699999999999993 0.020299999999999990 0.007900000000000003 0.044609250000000000 3.380952380949000000 1 1 0 1 1 1 1 1 1 1 1 1 1 1 1 1 1 0 0 0 0 0 1 1 1 0 0       3042         12         39    3072084     614050        109         87          0          0          0        255          8    3071833     772967          4       1808         13         54    3072084     614769        109      16736       5027          5          0          0          0          0          0          0          6          3          0          0          0          0          0          0          0       1106 
2016-04-18T10:55:33.278544Z   1/3072117:19773          0          0          0          0          0          0          0          0          0          0          0          0          0          0          0          0          0          0          0          0          0          0          0          0          0          0          0          0          0          0          0          0          0          0          0          0          0          0          0          0          0          0          0          0          0          0          0          0          0          0          0          0          0          0          0          0          0          0          0          0          0          0          0          0          0          0          0          0          0          0          0          0          0          0          0          0          0          0          0          0          0          0          0          0          0          0          0                    0          0          0          0          0          0          0          0          0          0          0          0          0          0          0          0          0          0          0 0          0          0          0          0          0          0          0          0          0          0          0          0          0          0          0          0          0          0          0          0          0          0          0          0          0 0          0         11         53    3072114     605892        110 -12.9218000000000190 -12.9218000000000190 -13.8554999999999920 -17.1231303485862720 -15.6408167947780330 -14.7455901977883740 0.000000000000000000 3.368742368739000000 -0.02150000000000001 -0.03190000000000001 -0.02160000000000001 0.010599999999999991 0.019999999999999997 0.008140000000000000 0.045853500000000005 3.382173382170000000 1 1 0 1 1 1 1 1 1 1 1 1 1 1 1 1 1 0 0 0 0 0 1 1 1 0 0       3124         12         39    3072114     614132        110         87          0          0          0        255          8    3071833     772967          4       1921         13         54    3072114     614851        110      16888       5027          5          0          0          0          0          0          0          6          1          0          0          0          0          0          0          0       1369 
2016-04-18T10:56:03.278095Z   1/3072147:19773          0          0          0          0          0          0          0          0          0          0          0          0          0          0          0          0          0          0          0          0          0          0          0          0          0          0          0          0          0          0          0          0          0          0          0          0          0          0          0          0          0          0          0          0          0          0          0          0          0          0          0          0          0          0          0          0          0          0          0          0          0          0          0          0          0          0          0          0          0          0          0          0          0          0          0          0          0          0          0          0          0          0          0          0          0          0          0                    0          0          0          0          0          0          0          0          0          0          0          0          0          0          0          0          0          0          0 0          0          0          0          0          0          0          0          0          0          0          0          0          0          0          0          0          0          0          0          0          0          0          0          0          0 0          0         11         53    3072144     605893        111 -12.9218000000000190 -12.9218000000000190 -13.9275999999999980 -17.1231303485862720 -15.6408167947780330 -14.7878732875252300 0.000000000000000000 3.368742368739000000 -0.02150000000000001 -0.02120000000000001 -0.02160000000000001 0.010299999999999990 0.019399999999999994 0.008580000000000003 0.045162250000000000 3.382173382170000000 1 1 0 1 1 1 1 1 1 1 1 1 1 1 1 1 1 0 0 0 0 0 1 1 1 0 0       3162         12         39    3072144     614209        111         87          0          0          0        255          8    3071833     772967          4       1774         13         54    3072144     614928        111      17040       5027          5          0          0          0          0          0          0          6          3          0          0          0          0          0          0          0       1121 
2016-04-18T10:56:33.277646Z   1/3072177:19773          0          0          0          0          0          0          0          0          0          0          0          0          0          0          0          0          0          0          0          0          0          0          0          0          0          0          0          0          0          0          0          0          0          0          0          0          0          0          0          0          0          0          0          0          0          0          0          0          0          0          0          0          0          0          0          0          0          0          0          0          0          0          0          0          0          0          0          0          0          0          0          0          0          0          0          0          0          0          0          0          0          0          0          0          0          0          0                    0          0          0          0          0          0          0          0          0          0          0          0          0          0          0          0          0          0          0 0          0          0          0          0          0          0          0          0          0          0          0          0          0          0          0          0          0          0          0          0          0          0          0          0          0 0          0         11         53    3072174     605892        112 -12.9218000000000190 -12.9218000000000190 -13.9997000000000040 -17.1673528438446680 -15.6838302431765160 -14.7878732875252300 0.000000000000000000 3.367521367518000000 -0.02150000000000001 -0.02120000000000001 -0.02160000000000001 0.008199999999999992 0.021199999999999990 0.007580000000000002 0.045715250000000000 3.380952380949000000 1 1 0 1 1 1 1 1 1 1 1 1 1 1 1 1 1 0 0 0 0 0 1 1 1 0 0       3171         12         39    3072174     614287        112         87          0          0          0        255          8    3071833     772967          4       1883         13         54    3072174     615006        112      17192       5027          5          0          0          0          0          0          0          6          1          0          0          0          0          0          0          0       1125 
2016-04-18T10:57:03.277197Z   1/3072207:19773          0          0          0          0          0          0          0          0          0          0          0          0          0          0          0          0          0          0          0          0          0          0          0          0          0          0          0          0          0          0          0          0          0          0          0          0          0          0          0          0          0          0          0          0          0          0          0          0          0          0          0          0          0          0          0          0          0          0          0          0          0          0          0          0          0          0          0          0          0          0          0          0          0          0          0          0          0          0          0          0          0          0          0          0          0          0          0                    0          0          0          0          0          0          0          0          0          0          0          0          0          0          0          0          0          0          0 0          0          0          0          0          0          0          0          0          0          0          0          0          0          0          0          0          0          0          0          0          0          0          0          0          0 0          0         11         53    3072204     605899        113 -12.7855999999999880 -12.9218000000000190 -13.9997000000000040 -17.2116113964434020 -15.6838302431765160 -14.7878732875252300 0.001221001221000000 3.367521367518000000 -0.01100000000000000 -0.02120000000000001 -0.02160000000000001 0.009999999999999995 0.020600000000000000 0.008500000000000002 0.045024000000000000 3.382173382170000000 1 1 0 1 1 1 1 1 1 1 1 1 1 1 1 1 1 0 0 0 0 0 1 1 1 0 0       3236         12         39    3072204     614364        113         87          0          0          0        255          8    3071833     772967          4       1991         13         54    3072204     615083        113      17344       5027          5          0          0          0          0          0          0          6          0          0          0          0          0          0          0          0       1384 
2016-04-18T10:57:33.276748Z   1/3072237:19773          0          0          0          0          0          0          0          0          0          0          0          0          0          0          0          0          0          0          0          0          0          0          0          0          0          0          0          0          0          0          0          0          0          0          0          0          0          0          0          0          0          0          0          0          0          0          0          0          0          0          0          0          0          0          0          0          0          0          0          0          0          0          0          0          0          0          0          0          0          0          0          0          0          0          0          0          0          0          0          0          0          0          0          0          0          0          0                    0          0          0          0          0          0          0          0          0          0          0          0          0          0          0          0          0          0          0 0          0          0          0          0          0          0          0          0          0          0          0          0          0          0          0          0          0          0          0          0          0          0          0          0          0 0          0         11         53    3072234     605858        114 -13.0579999999999930 -12.9218000000000190 -13.9997000000000040 -17.2116113964434020 -15.7268787830459760 -14.8301908721667810 0.000000000000000000 3.368742368739000000 -0.01100000000000000 -0.03190000000000001 -0.02160000000000001 0.009399999999999992 0.019100000000000000 0.008140000000000000 0.045162250000000000 3.382173382170000000 1 1 0 1 1 1 1 1 1 1 1 1 1 1 1 1 1 0 0 0 0 0 1 1 1 0 0       3210         12         39    3072234     614440        114         87          0          0          0        255          8    3071833     772967          4       1843         13         54    3072234     615159        114      17496       5027          5          0          0          0          0          0          0          6          3          0          0          0          0          0          0          0       1391 
2016-04-18T10:58:03.276299Z   1/3072267:19773          0          0          0          0          0          0          0          0          0          0          0          0          0          0          0          0          0          0          0          0          0          0          0          0          0          0          0          0          0          0          0          0          0          0          0          0          0          0          0          0          0          0          0          0          0          0          0          0          0          0          0          0          0          0          0          0          0          0          0          0          0          0          0          0          0          0          0          0          0          0          0          0          0          0          0          0          0          0          0          0          0          0          0          0          0          0          0                    0          0          0          0          0          0          0          0          0          0          0          0          0          0          0          0          0          0          0 0          0          0          0          0          0          0          0          0          0          0          0          0          0          0          0          0          0          0          0          0          0          0          0          0          0 0          0         11         53    3072264     605858        115 -12.9218000000000190 -12.9218000000000190 -13.9997000000000040 -17.2559060347904850 -15.7268787830459760 -14.8301908721667810 0.000000000000000000 3.367521367518000000 -0.01100000000000000 -0.03190000000000001 -0.02160000000000001 0.009699999999999993 0.019399999999999994 0.007620000000000000 0.044747500000000000 3.382173382170000000 1 1 0 1 1 1 1 1 1 1 1 1 1 1 1 1 1 0 0 0 0 0 1 1 1 0 0       2973         12         39    3072264     613539        115         87          0          0          0        255          8    3071833     772967          4       1738         13         54    3072264     614267        115      17648       5027          5          0          0          0          0          0          0          6          3          0          0          0          0          0          0          0       1192 
2016-04-18T10:58:33.275850Z   1/3072297:19773          0          0          0          0          0          0          0          0          0          0          0          0          0          0          0          0          0          0          0          0          0          0          0          0          0          0          0          0          0          0          0          0          0          0          0          0          0          0          0          0          0          0          0          0          0          0          0          0          0          0          0          0          0          0          0          0          0          0          0          0          0          0          0          0          0          0          0          0          0          0          0          0          0          0          0          0          0          0          0          0          0          0          0          0          0          0          0                    0          0          0          0          0          0          0          0          0          0          0          0          0          0          0          0          0          0          0 0          0          0          0          0          0          0          0          0          0          0          0          0          0          0          0          0          0          0          0          0          0          0          0          0          0 0          0         11         53    3072294     605861        116 -13.0579999999999930 -12.9218000000000190 -13.9997000000000040 -17.2116113964434020 -15.7268787830459760 -14.8301908721667810 0.000000000000000000 3.367521367518000000 -0.01100000000000000 -0.02120000000000001 -0.02160000000000001 0.010599999999999991 0.020299999999999990 0.008900000000000000 0.044471000000000004 3.382173382170000000 1 1 0 1 1 1 1 1 1 1 1 1 1 1 1 1 1 0 0 0 0 0 1 1 1 0 0       3042         12         39    3072294     613588        116         87          0          0          0        255          8    3071833     772967          4       1818         13         54    3072294     614306        116      17800       5027          5          0          0          0          0          0          0          6          1          0          0          0          0          0          0          0       1157 
2016-04-18T10:59:03.275401Z   1/3072327:19773          0          0          0          0          0          0          0          0          0          0          0          0          0          0          0          0          0          0          0          0          0          0          0          0          0          0          0          0          0          0          0          0          0          0          0          0          0          0          0          0          0          0          0          0          0          0          0          0          0          0          0          0          0          0          0          0          0          0          0          0          0          0          0          0          0          0          0          0          0          0          0          0          0          0          0          0          0          0          0          0          0          0          0          0          0          0          0                    0          0          0          0          0          0          0          0          0          0          0          0          0          0          0          0          0          0          0 0          0          0          0          0          0          0          0          0          0          0          0          0          0          0          0          0          0          0          0          0          0          0          0          0          0 0          0         11         53    3072324     605861        117 -12.9218000000000190 -12.9218000000000190 -14.0717999999999960 -17.2559060347904850 -15.7699624427944510 -14.8725429801208970 0.000000000000000000 3.367521367518000000 -0.02150000000000001 -0.02120000000000001 -0.02160000000000001 0.009099999999999990 0.020299999999999990 0.008260000000000002 0.045991750000000005 3.380952380949000000 1 1 0 1 1 1 1 1 1 1 1 1 1 1 1 1 1 0 0 0 0 0 1 1 1 0 0       3066         12         39    3072324     613666        117         87          0          0          0        255          8    3071833     772967          4       1672         13         54    3072324     614384        117      17952       5027          5          0          0          0          0          0          0          6          3          0          0          0          0          0          0          0       1165 
2016-04-18T10:59:33.274952Z   1/3072357:19773          0          0          0          0          0          0          0          0          0          0          0          0          0          0          0          0          0          0          0          0          0          0          0          0          0          0          0          0          0          0          0          0          0          0          0          0          0          0          0          0          0          0          0          0          0          0          0          0          0          0          0          0          0          0          0          0          0          0          0          0          0          0          0          0          0          0          0          0          0          0          0          0          0          0          0          0          0          0          0          0          0          0          0          0          0          0          0                    0          0          0          0          0          0          0          0          0          0          0          0          0          0          0          0          0          0          0 0          0          0          0          0          0          0          0          0          0          0          0          0          0          0          0          0          0          0          0          0          0          0          0          0          0 0          0         11         53    3072354     605861        118 -13.0579999999999930 -12.9218000000000190 -13.9997000000000040 -17.3002367872938120 -15.7268787830459760 -14.8725429801208970 0.000000000000000000 3.367521367518000000 -0.02150000000000001 -0.03190000000000001 -0.01100000000000001 0.009099999999999990 0.019399999999999994 0.007780000000000001 0.045300500000000000 3.382173382170000000 1 1 0 1 1 1 1 1 1 1 1 1 1 1 1 1 1 0 0 0 0 0 1 1 1 0 0       3076         12         39    3072354     613745        118         87          0          0          0        255          8    3071833     772967          4       1782         13         54    3072354     614463        118      18104       5027          5          0          0          0          0          0          0          6          1          0          0          0          0          0          0          0       1170 
2016-04-18T11:00:26.274158Z   1/3072410:19773          0          0          0          0          0          0          0          0          0          0          0          0          0          0          0          0          0          0          0          0          0          0          0          0          0          0          0          0          0          0          0          0          0          0          0          0          0          0          0          0          0          0          0          0          0          0          0          0          0          0          0          0          0          0          0          0          0          0          0          0          0          0          0          0          0          0          0          0          0          0          0          0          0          0          0          0          0          0          0          0          0          0          0          0          0          0          0                    0          0          0          0          0          0          0          0          0          0          0          0          0          0          0          0          0          0          0 0          0          0          0          0          0          0          0          0          0          0          0          0          0          0          0          0          0          0          0          0          0          0          0          0          0 0          0         11         53    3072384     605861        119 -13.0579999999999930 -12.9218000000000190 -14.1439000000000020 -17.3002367872938120 -15.7268787830459760 -14.9149296397955310 0.000000000000000000 3.367521367518000000 -0.02150000000000001 -0.03190000000000001 -0.02160000000000001 0.009099999999999990 0.020299999999999990 0.007700000000000000 0.045024000000000000 3.380952380949000000 1 1 0 1 1 1 1 1 1 1 1 1 1 1 1 1 1 0 0 0 0 0 1 1 1 0 0       3107         12         39    3072384     613824        119         87          0          0          0        255          8    3071833     772967          4       1892         13         54    3072384     614542        119      18256       5027          5          0          0          0          0          0          0          6          0          0          0          0          0          0          0          0       1176 
2016-04-18T11:00:56.273709Z   1/3072440:19773          0          0          0          0          0          0          0          0          0          0          0          0          0          0          0          0          0          0          0          0          0          0          0          0          0          0          0          0          0          0          0          0          0          0          0          0          0          0          0          0          0          0          0          0          0          0          0          0          0          0          0          0          0          0          0          0          0          0          0          0          0          0          0          0          0          0          0          0          0          0          0          0          0          0          0          0          0          0          0          0          0          0          0          0          0          0          0                    0          0          0          0          0          0          0          0          0          0          0          0          0          0          0          0          0          0          0 0          0          0          0          0          0          0          0          0          0          0          0          0          0          0          0          0          0          0          0          0          0          0          0          0          0 0          0         11         53    3072414     605862        120 -13.0579999999999930 -13.0579999999999930 -14.0717999999999960 -17.3446036823613100 -15.7699624427944510 -14.9149296397955310 0.000000000000000000 3.367521367518000000 -0.02150000000000001 -0.03190000000000001 -0.01100000000000001 0.009999999999999995 0.019999999999999997 0.007180000000000001 0.044471000000000004 3.380952380949000000 1 1 0 1 1 1 1 1 1 1 1 1 1 1 1 1 1 0 0 0 0 0 1 1 1 0 0       3125         12         39    3072414     613895        120         87          0          0          0        255          8    3071833     772967          4       1739         13         54    3072414     614613        120      18408       5027          5          0          0          0          0          0          0          6          3          0          0          0          0          0          0          0       1433 
2016-04-18T11:01:26.273260Z   1/3072470:19773          0          0          0          0          0          0          0          0          0          0          0          0          0          0          0          0          0          0          0          0          0          0          0          0          0          0          0          0          0          0          0          0          0          0          0          0          0          0          0          0          0          0          0          0          0          0          0          0          0          0          0          0          0          0          0          0          0          0          0          0          0          0          0          0          0          0          0          0          0          0          0          0          0          0          0          0          0          0          0          0          0          0          0          0          0          0          0                    0          0          0          0          0         10         21    3072433     824370          9          4          0          0          0          0          0          0          0          0 0          0          0          0          0          0          0          0          0          0          0          0          0          0          0          0          0          0          0          0          0          0          0          0          0          0 0        702         11         53    3072444     605853        121 -13.0579999999999930 -13.0579999999999930 -14.0717999999999960 -17.3446036823613100 -15.7699624427944510 -14.9149296397955310 0.000000000000000000 3.368742368739000000 -0.02150000000000001 -0.02120000000000001 -0.03220000000000001 0.012099999999999993 0.018499999999999996 0.007740000000000002 0.045024000000000000 3.382173382170000000 1 1 0 1 1 1 1 1 1 1 1 1 1 1 1 1 1 0 0 0 0 0 1 1 1 0 0       3168         12         39    3072444     614125        121         87          0          0          0        255          9    3072433     824370          4       1984         13         54    3072444     614849        121      18581       5869          5          0          0          0          0          0          0          7          0          0          0          0          0          0          0          0       1438 
2016-04-18T11:01:56.272811Z   1/3072500:19773          0          0          0          0          0          0          0          0          0          0          0          0          0          0          0          0          0          0          0          0          0          0          0          0          0          0          0          0          0          0          0          0          0          0          0          0          0          0          0          0          0          0          0          0          0          0          0          0          0          0          0          0          0          0          0          0          0          0          0          0          0          0          0          0          0          0          0          0          0          0          0          0          0          0          0          0          0          0          0          0          0          0          0          0          0          0          0                    0          0          0          0          0          0          0          0          0          0          0          0          0          0          0          0          0          0          0 0          0          0          0          0          0          0          0          0          0          0          0          0          0          0          0          0          0          0          0          0          0          0          0          0          0 0          0         11         53    3072474     605895        122 -12.9218000000000190 -12.9218000000000190 -14.1439000000000020 -17.3890067484009600 -15.7699624427944510 -14.9573508795985500 0.000000000000000000 3.367521367518000000 -0.02150000000000001 -0.02120000000000001 -0.01100000000000001 0.009699999999999993 0.019399999999999994 0.007620000000000000 0.044609250000000000 3.382173382170000000 1 1 0 1 1 1 1 1 1 1 1 1 1 1 1 1 1 0 0 0 0 0 1 1 1 0 0       3236         12         39    3072474     614040        122         87          0          0          0        255          9    3072433     824370          4       1930         13         54    3072474     614758        122      18733       5869          5          0          0          0          0          0          0          7          3          0          0          0          0          0          0          0       1278 
2016-04-18T11:02:26.272362Z   1/3072530:19773          0          0          0          0          0          0          0          0          0          0          0          0          0          0          0          0          0          0          0          0          0          0          0          0          0          0          0          0          0          0          0          0          0          0          0          0          0          0          0          0          0          0          0          0          0          0          0          0          0          0          0          0          0          0          0          0          0          0          0          0          0          0          0          0          0          0          0          0          0          0          0          0          0          0          0          0          0          0          0          0          0          0          0          0          0          0          0                    0          0          0          0          0          0          0          0          0          0          0          0          0          0          0          0          0          0          0 0          0          0          0          0          0          0          0          0          0          0          0          0          0          0          0          0          0          0          0          0          0          0          0          0          0 0          0         11         53    3072504     605937        123 -13.0579999999999930 -13.0579999999999930 -14.2159999999999940 -17.3890067484009600 -15.8130812508297540 -14.9573508795985500 0.000000000000000000 3.367521367518000000 -0.01100000000000000 -0.02120000000000001 -0.02160000000000001 0.010599999999999991 0.018799999999999990 0.007820000000000002 0.045715250000000000 3.380952380949000000 1 1 0 1 1 1 1 1 1 1 1 1 1 1 1 1 1 0 0 0 0 0 1 1 1 0 0       3322         12         39    3072504     614143        123         87          0          0          0        255          9    3072433     824370          4       2064         13         54    3072504     614861        123      18885       5869          5          0          0          0          0          0          0          7          1          0          0          0          0          0          0          0       1562 
2016-04-18T11:02:56.271913Z   1/3072560:19773          0          0          0          0          0          0          0          0          0          0          0          0          0          0          0          0          0          0          0          0          0          0          0          0          0          0          0          0          0          0          0          0          0          0          0          0          0          0          0          0          0          0          0          0          0          0          0          0          0          0          0          0          0          0          0          0          0          0          0          0          0          0          0          0          0          0          0          0          0          0          0          0          0          0          0          0          0          0          0          0          0          0          0          0          0          0          0                    0          0          0          0          0          0          0          0          0          0          0          0          0          0          0          0          0          0          0 0          0          0          0          0          0          0          0          0          0          0          0          0          0          0          0          0          0          0          0          0          0          0          0          0          0 0          0         11         53    3072534     605937        124 -13.1942000000000230 -13.0579999999999930 -14.1439000000000020 -17.3890067484009600 -15.8130812508297540 -14.9573508795985500 0.000000000000000000 3.366300366297000000 -0.01100000000000000 -0.02120000000000001 -0.02160000000000001 0.009999999999999995 0.020299999999999990 0.008620000000000001 0.046130000000000004 3.380952380949000000 1 1 0 1 1 1 1 1 1 1 1 1 1 1 1 1 1 0 0 0 0 0 1 1 1 0 0       3121         12         39    3072534     614221        124         87          0          0          0        255          9    3072433     824370          4       1663         13         54    3072534     614939        124      19037       5869          5          0          0          0          0          0          0          7          0          0          0          0          0          0          0          0       1057 
2016-04-18T11:03:26.271464Z   1/3072590:19773          0          0          0          0          0          0          0          0          0          0          0          0          0          0          0          0          0          0          0          0          0          0          0          0          0          0          0          0          0          0          0          0          0          0          0          0          0          0          0          0          0          0          0          0          0          0          0          0          0          0          0          0          0          0          0          0          0          0          0          0          0          0          0          0          0          0          0          0          0          0          0          0          0          0          0          0          0          0          0          0          0          0          0          0          0          0          0                    0          0          0          0          0          0          0          0          0          0          0          0          0          0          0          0          0          0          0 0          0          0          0          0          0          0          0          0          0          0          0          0          0          0          0          0          0          0          0          0          0          0          0          0          0 0          0         11         53    3072564     605948        125 -13.0579999999999930 -13.0579999999999930 -14.1439000000000020 -17.4334460138206000 -15.8130812508297540 -14.9998067279379090 0.000000000000000000 3.367521367518000000 -0.02150000000000001 -0.03190000000000001 -0.01100000000000001 0.009099999999999990 0.017599999999999998 0.008180000000000002 0.044194500000000005 3.380952380949000000 1 1 0 1 1 1 1 1 1 1 1 1 1 1 1 1 1 0 0 0 0 0 1 1 1 0 0       3129         12         39    3072564     614301        125         87          0          0          0        255          9    3072433     824370          4       1774         13         54    3072564     615019        125      19189       5869          5          0          0          0          0          0          0          7          3          0          0          0          0          0          0          0       1323 
2016-04-18T11:03:56.271015Z   1/3072620:19773          0          0          0          0          0          0          0          0          0          0          0          0          0          0          0          0          0          0          0          0          0          0          0          0          0          0          0          0          0          0          0          0          0          0          0          0          0          0          0          0          0          0          0          0          0          0          0          0          0          0          0          0          0          0          0          0          0          0          0          0          0          0          0          0          0          0          0          0          0          0          0          0          0          0          0          0          0          0          0          0          0          0          0          0          0          0          0                    0          0          0          0          0          0          0          0          0          0          0          0          0          0          0          0          0          0          0 0          0          0          0          0          0          0          0          0          0          0          0          0          0          0          0          0          0          0          0          0          0          0          0          0          0 0          0         11         53    3072594     605955        126 -13.0579999999999930 -13.0579999999999930 -14.1439000000000020 -17.4334460138206000 -15.8130812508297540 -15.0422972132216160 0.000000000000000000 3.367521367518000000 -0.01100000000000000 -0.02120000000000001 -0.02160000000000001 0.009099999999999990 0.019999999999999997 0.007980000000000003 0.045438750000000000 3.380952380949000000 1 1 0 1 1 1 1 1 1 1 1 1 1 1 1 1 1 0 0 0 0 0 1 1 1 0 0       2926         12         39    3072594     614379        126         87          0          0          0        255          9    3072433     824370          4       1883         13         54    3072594     615096        126      19341       5869          5          0          0          0          0          0          0          7          0          0          0          0          0          0          0          0       1325 
2016-04-18T11:04:26.270566Z   1/3072650:19773          0          0          0          0          0          0          0          0          0          0          0          0          0          0          0          0          0          0          0          0          0          0          0          0          0          0          0          0          0          0          0          0          0          0          0          0          0          0          0          0          0          0          0          0          0          0          0          0          0          0          0          0          0          0          0          0          0          0          0          0          0          0          0          0          0          0          0          0          0          0          0          0          0          0          0          0          0          0          0          0          0          0          0          0          0          0          0                    0          0          0          0          0          0          0          0          0          0          0          0          0          0          0          0          0          0          0 0          0          0          0          0          0          0          0          0          0          0          0          0          0          0          0          0          0          0          0          0          0          0          0          0          0 0          0         11         53    3072624     605859        127 -13.0579999999999930 -13.0579999999999930 -14.1439000000000020 -17.4779215070282130 -15.8130812508297540 -15.0422972132216160 0.000000000000000000 3.368742368739000000 -0.02150000000000001 -0.03190000000000001 -0.02160000000000001 0.010899999999999993 0.019100000000000000 0.008460000000000000 0.045162250000000000 3.382173382170000000 1 1 0 1 1 1 1 1 1 1 1 1 1 1 1 1 1 0 0 0 0 0 1 1 1 0 0       3130         12         39    3072624     614460        127         87          0          0          0        255          9    3072433     824370          4       1740         13         54    3072624     615178        127      19493       5869          5          0          0          0          0          0          0          7          3          0          0          0          0          0          0          0       1083 
2016-04-18T11:04:56.270117Z   1/3072680:19773          0          0          0          0          0          0          0          0          0          0          0          0          0          0          0          0          0          0          0          0          0          0          0          0          0          0          0          0          0          0          0          0          0          0          0          0          0          0          0          0          0          0          0          0          0          0          0          0          0          0          0          0          0          0          0          0          0          0          0          0          0          0          0          0          0          0          0          0          0          0          0          0          0          0          0          0          0          0          0          0          0          0          0          0          0          0          0                    0          0          0          0          0          0          0          0          0          0          0          0          0          0          0          0          0          0          0 0          0          0          0          0          0          0          0          0          0          0          0          0          0          0          0          0          0          0          0          0          0          0          0          0          0 0          0         11         53    3072654     605858        128 -13.0579999999999930 -13.0579999999999930 -14.2159999999999940 -17.5224332564316700 -15.8562352355599220 -15.0848223638574550 0.000000000000000000 3.368742368739000000 -0.02150000000000001 -0.02120000000000001 -0.02160000000000001 0.010299999999999990 0.019699999999999990 0.008060000000000000 0.045715250000000000 3.382173382170000000 1 1 0 1 1 1 1 1 1 1 1 1 1 1 1 1 1 0 0 0 0 0 1 1 1 0 0       3159         12         39    3072654     613537        128         87          0          0          0        255          9    3072433     824370          4       1868         13         54    3072654     614255        128      19645       5869          5          0          0          0          0          0          0          7          1          0          0          0          0          0          0          0       1361 
2016-04-18T11:05:22.269728Z   1/3072706:19773          0          0          0          0          0          0          0          0          0          0          0          0          0          0          0          0          0          0          0          0          0          0          0          0          0          0          0          0          0          0          0          0          0          0          0          0          0          0          0          0          0          0          0          0          0          0          0          0          0          0          0          0          0          0          0          0          0          0          0          0          0          0          0          0          0          0          0          0          0          0          0          0          0          0          0          0          0          0          0          0          0          0          0          0          0          0          0                    0          0          0          0          0          0          0          0          0          0          0          0          0          0          0          0          0          0          0 0          0          0          0          0          0          0          0          0          0          0          0          0          0          0          0          0          0          0          0          0          0          0          0          0          0 0          0         11         53    3072684     605859        129 -13.0579999999999930 -13.0579999999999930 -14.2159999999999940 -17.5224332564316700 -15.8562352355599220 -15.0848223638574550 0.001221001221000000 3.367521367518000000 -0.02150000000000001 -0.02120000000000001 -0.03220000000000001 0.009399999999999992 0.019699999999999990 0.007500000000000002 0.045853500000000005 3.382173382170000000 1 1 0 1 1 1 1 1 1 1 1 1 1 1 1 1 1 0 0 0 0 0 1 1 1 0 0       3174         12         39    3072684     613616        129         87          0          0          0        255          9    3072433     824370          4       1978         13         54    3072684     614335        129      19797       5869          5          0          0          0          0          0          0          7          3          0          0          0          0          0          0          0       1371 
2016-04-18T11:05:52.269278Z   1/3072736:19773          0          0          0          0          0          0          0          0          0          0          0          0          0          0          0          0          0          0          0          0          0          0          0          0          0          0          0          0          0          0          0          0          0          0          0          0          0          0          0          0          0          0          0          0          0          0          0          0          0          0          0          0          0          0          0          0          0          0          0          0          0          0          0          0          0          0          0          0          0          0          0          0          0          0          0          0          0          0          0          0          0          0          0          0          0          0          0                    0          0          0          0          0          0          0          0          0          0          0          0          0          0          0          0          0          0          0 0          0          0          0          0          0          0          0          0          0          0          0          0          0          0          0          0          0          0          0          0          0          0          0          0          0 0          0         11         53    3072714     605859        130 -13.1942000000000230 -13.1942000000000230 -14.4322999999999980 -17.5224332564316700 -15.8562352355599220 -15.0848223638574550 0.000000000000000000 3.367521367518000000 -0.01100000000000000 -0.03190000000000001 -0.01100000000000001 0.010599999999999991 0.020299999999999990 0.008340000000000002 0.044609250000000000 3.380952380949000000 1 1 0 1 1 1 1 1 1 1 1 1 1 1 1 1 1 0 0 0 0 0 1 1 1 0 0       3224         12         39    3072714     613693        130         87          0          0          0        255          9    3072433     824370          4       1831         13         54    3072714     614411        130      19949       5869          5          0          0          0          0          0          0          7          1          0          0          0          0          0          0          0       1373 
2016-04-18T11:06:22.268829Z   1/3072766:19773          0          0          0          0          0          0          0          0          0          0          0          0          0          0          0          0          0          0          0          0          0          0          0          0          0          0          0          0          0          0          0          0          0          0          0          0          0          0          0          0          0          0          0          0          0          0          0          0          0          0          0          0          0          0          0          0          0          0          0          0          0          0          0          0          0          0          0          0          0          0          0          0          0          0          0          0          0          0          0          0          0          0          0          0          0          0          0                    0          0          0          0          0          0          0          0          0          0          0          0          0          0          0          0          0          0          0 0          0          0          0          0          0          0          0          0          0          0          0          0          0          0          0          0          0          0          0          0          0          0          0          0          0 0          0         11         53    3072744     605858        131 -13.1942000000000230 -13.0579999999999930 -14.4322999999999980 -17.5669812904389180 -15.8994244253927380 -15.0848223638574550 0.000000000000000000 3.367521367518000000 -0.01100000000000000 -0.02120000000000001 -0.02160000000000001 0.009399999999999992 0.019999999999999997 0.008340000000000002 0.045577000000000000 3.380952380949000000 1 1 0 1 1 1 1 1 1 1 1 1 1 1 1 1 1 0 0 0 0 0 1 1 1 0 0       3259         12         39    3072744     613771        131         87          0          0          0        255          9    3072433     824370          4       1940         13         54    3072744     614489        131      20101       5869          5          0          0          0          0          0          0          7          3          0          0          0          0          0          0          0       1381 
2016-04-18T11:06:52.268380Z   1/3072796:19773          0          0          0          0          0          0          0          0          0          0          0          0          0          0          0          0          0          0          0          0          0          0          0          0          0          0          0          0          0          0          0          0          0          0          0          0          0          0          0          0          0          0          0          0          0          0          0          0          0          0          0          0          0          0          0          0          0          0          0          0          0          0          0          0          0          0          0          0          0          0          0          0          0          0          0          0          0          0          0          0          0          0          0          0          0          0          0                    0          0          0          0          0          0          0          0          0          0          0          0          0          0          0          0          0          0          0 0          0          0          0          0          0          0          0          0          0          0          0          0          0          0          0          0          0          0          0          0          0          0          0          0          0 0          0         11         53    3072774     605859        132 -13.1942000000000230 -13.1942000000000230 -14.2881000000000000 -17.5669812904389180 -15.8994244253927380 -15.1273822082534370 0.000000000000000000 3.367521367518000000 -0.01100000000000000 -0.02120000000000001 -0.03220000000000001 0.009099999999999990 0.019699999999999990 0.008100000000000001 0.044747500000000000 3.382173382170000000 1 1 0 1 1 1 1 1 1 1 1 1 1 1 1 1 1 0 0 0 0 0 1 1 1 0 0       3020         12         39    3072774     613850        132         87          0          0          0        255          9    3072433     824370          4       1795         13         54    3072774     614568        132      20253       5869          5          0          0          0          0          0          0          7          1          0          0          0          0          0          0          0       1131 
2016-04-18T11:07:22.267931Z   1/3072826:19773          0          0          0          0          0          0          0          0          0          0          0          0          0          0          0          0          0          0          0          0          0          0          0          0          0          0          0          0          0          0          0          0          0          0          0          0          0          0          0          0          0          0          0          0          0          0          0          0          0          0          0          0          0          0          0          0          0          0          0          0          0          0          0          0          0          0          0          0          0          0          0          0          0          0          0          0          0          0          0          0          0          0          0          0          0          0          0                    0          0          0          0          0          0          0          0          0          0          0          0          0          0          0          0          0          0          0 0          0          0          0          0          0          0          0          0          0          0          0          0          0          0          0          0          0          0          0          0          0          0          0          0          0 0          0         11         53    3072804     605858        133 -13.1942000000000230 -13.1942000000000230 -14.2881000000000000 -17.5669812904389180 -15.8994244253927380 -15.1273822082534370 0.000000000000000000 3.367521367518000000 -0.02150000000000001 -0.02120000000000001 -0.02160000000000001 0.009399999999999992 0.019399999999999994 0.007660000000000002 0.045577000000000000 3.380952380949000000 1 1 0 1 1 1 1 1 1 1 1 1 1 1 1 1 1 0 0 0 0 0 1 1 1 0 0       3044         12         39    3072804     613931        133         87          0          0          0        255          9    3072433     824370          4       1652         13         54    3072804     614649        133      20405       5869          5          0          0          0          0          0          0          7          0          0          0          0          0          0          0          0       1394 
2016-04-18T11:07:52.267482Z   1/3072856:19773          0          0          0          0          0          0          0          0          0          0          0          0          0          0          0          0          0          0          0          0          0          0          0          0          0          0          0          0          0          0          0          0          0          0          0          0          0          0          0          0          0          0          0          0          0          0          0          0          0          0          0          0          0          0          0          0          0          0          0          0          0          0          0          0          0          0          0          0          0          0          0          0          0          0          0          0          0          0          0          0          0          0          0          0          0          0          0                    0          0          0          0          0          0          0          0          0          0          0          0          0          0          0          0          0          0          0 0          0          0          0          0          0          0          0          0          0          0          0          0          0          0          0          0          0          0          0          0          0          0          0          0          0 0          0         11         53    3072834     605859        134 -13.3303999999999970 -13.1942000000000230 -14.3601999999999920 -17.6115656374578860 -15.9426488487362970 -15.1699767748174280 0.000000000000000000 3.367521367518000000 -0.01100000000000000 -0.03190000000000001 -0.02160000000000001 0.010299999999999990 0.018799999999999990 0.008500000000000002 0.045162250000000000 3.382173382170000000 1 1 0 1 1 1 1 1 1 1 1 1 1 1 1 1 1 0 0 0 0 0 1 1 1 0 0       3099         12         39    3072834     614009        134         87          0          0          0        255          9    3072433     824370          4       1761         13         54    3072834     614727        134      20557       5869          5          0          0          0          0          0          0          7          3          0          0          0          0          0          0          0       1148 
2016-04-18T11:08:13.267168Z   1/3072877:19773          0          0          0          0          0          0          0          0          0          0          0          0          0          0          0          0          0          0          0          0          0          0          0          0          0          0          0          0          0          0          0          0          0          0          0          0          0          0          0          0          0          0          0          0          0          0          0          0          0          0          0          0          0          0          0          0          0          0          0          0          0          0          0          0          0          0          0          0          0          0          0          0          0          0          0          0          0          0          0          0          0          0          0          0          0          0          0                    0          0          0          0          0          0          0          0          0          0          0          0          0          0          0          0          0          0          0 0          0          0          0          0          0          0          0          0          0          0          0          0          0          0          0          0          0          0          0          0          0          0          0          0          0 0          0         11         53    3072864     605858        135 -13.3303999999999970 -13.1942000000000230 -14.4322999999999980 -17.6561863258965000 -15.9426488487362970 -15.1699767748174280 0.000000000000000000 3.367521367518000000 -0.02150000000000001 -0.02120000000000001 -0.02160000000000001 0.010899999999999993 0.019100000000000000 0.008540000000000000 0.045162250000000000 3.380952380949000000 1 1 0 1 1 1 1 1 1 1 1 1 1 1 1 1 1 0 0 0 0 0 1 1 1 0 0       3134         12         39    3072864     614087        135         87          0          0          0        255          9    3072433     824370          4       1870         13         54    3072864     614805        135      20709       5869          5          0          0          0          0          0          0          7          1          0          0          0          0          0          0          0       1407 
2016-04-18T11:08:43.266719Z   1/3072907:19773          0          0          0          0          0          0          0          0          0          0          0          0          0          0          0          0          0          0          0          0          0          0          0          0          0          0          0          0          0          0          0          0          0          0          0          0          0          0          0          0          0          0          0          0          0          0          0          0          0          0          0          0          0          0          0          0          0          0          0          0          0          0          0          0          0          0          0          0          0          0          0          0          0          0          0          0          0          0          0          0          0          0          0          0          0          0          0                    0          0          0          0          0          0          0          0          0          0          0          0          0          0          0          0          0          0          0 0          0          0          0          0          0          0          0          0          0          0          0          0          0          0          0          0          0          0          0          0          0          0          0          0          0 0          0         11         53    3072894     605892        136 -13.1942000000000230 -13.1942000000000230 -14.4322999999999980 -17.7008433841626800 -15.9426488487362970 -15.2126060919574120 0.001221001221000000 3.367521367518000000 -0.02150000000000001 -0.03190000000000001 -0.02160000000000001 0.009699999999999993 0.019399999999999994 0.008020000000000001 0.045577000000000000 3.380952380949000000 1 1 0 1 1 1 1 1 1 1 1 1 1 1 1 1 1 0 0 0 0 0 1 1 1 0 0       3189         12         39    3072894     614169        136         87          0          0          0        255          9    3072433     824370          4       1728         13         54    3072894     614887        136      20861       5869          5          0          0          0          0          0          0          7          3          0          0          0          0          0          0          0       1419 
2016-04-18T11:09:13.266270Z   1/3072937:19773          0          0          0          0          0          0          0          0          0          0          0          0          0          0          0          0          0          0          0          0          0          0          0          0          0          0          0          0          0          0          0          0          0          0          0          0          0          0          0          0          0          0          0          0          0          0          0          0          0          0          0          0          0          0          0          0          0          0          0          0          0          0          0          0          0          0          0          0          0          0          0          0          0          0          0          0          0          0          0          0          0          0          0          0          0          0          0                    0          0          0          0          0          0          0          0          0          0          0          0          0          0          0          0          0          0          0 0          0          0          0          0          0          0          0          0          0          0          0          0          0          0          0          0          0          0          0          0          0          0          0          0          0 0          0         11         53    3072924     605892        137 -13.3303999999999970 -13.1942000000000230 -14.4322999999999980 -17.7008433841626800 -15.9859085339983270 -15.2126060919574120 0.000000000000000000 3.367521367518000000 -0.02150000000000001 -0.03190000000000001 -0.02160000000000001 0.009099999999999990 0.019399999999999994 0.007980000000000003 0.044885750000000000 3.380952380949000000 1 1 0 1 1 1 1 1 1 1 1 1 1 1 1 1 1 0 0 0 0 0 1 1 1 0 0       3211         12         39    3072924     614246        137         87          0          0          0        255          9    3072433     824370          4       1836         13         54    3072924     614964        137      21013       5869          5          0          0          0          0          0          0          7          1          0          0          0          0          0          0          0       1167 
2016-04-18T11:09:43.265821Z   1/3072967:19773          0          0          0          0          0          0          0          0          0          0          0          0          0          0          0          0          0          0          0          0          0          0          0          0          0          0          0          0          0          0          0          0          0          0          0          0          0          0          0          0          0          0          0          0          0          0          0          0          0          0          0          0          0          0          0          0          0          0          0          0          0          0          0          0          0          0          0          0          0          0          0          0          0          0          0          0          0          0          0          0          0          0          0          0          0          0          0                    0          0          0          0          0          0          0          0          0          0          0          0          0          0          0          0          0          0          0 0          0          0          0          0          0          0          0          0          0          0          0          0          0          0          0          0          0          0          0          0          0          0          0          0          0 0          0         11         53    3072954     605899        138 -13.3303999999999970 -13.1942000000000230 -14.5044000000000040 -17.7008433841626800 -15.9859085339983270 -15.2552701880812830 0.000000000000000000 3.367521367518000000 -0.02150000000000001 -0.02120000000000001 -0.02160000000000001 0.008799999999999995 0.019699999999999990 0.008340000000000002 0.045024000000000000 3.380952380949000000 1 1 0 1 1 1 1 1 1 1 1 1 1 1 1 1 1 0 0 0 0 0 1 1 1 0 0       3262         12         39    3072954     614321        138         87          0          0          0        255          9    3072433     824370          4       1942         13         54    3072954     615039        138      21165       5869          5          0          0          0          0          0          0          7          0          0          0          0          0          0          0          0       1424 
2016-04-18T11:10:13.265372Z   1/3072997:19773          0          0          0          0          0          0          0          0          0          0          0          0          0          0          0          0          0          0          0          0          0          0          0          0          0          0          0          0          0          0          0          0          0          0          0          0          0          0          0          0          0          0          0          0          0          0          0          0          0          0          0          0          0          0          0          0          0          0          0          0          0          0          0          0          0          0          0          0          0          0          0          0          0          0          0          0          0          0          0          0          0          0          0          0          0          0          0                    0          0          0          0          0          0          0          0          0          0          0          0          0          0          0          0          0          0          0 0          0          0          0          0          0          0          0          0          0          0          0          0          0          0          0          0          0          0          0          0          0          0          0          0          0 0          0         11         53    3072984     605858        139 -13.3303999999999970 -13.3303999999999970 -14.5044000000000040 -17.7008433841626800 -15.9859085339983270 -15.2126060919574120 0.000000000000000000 3.367521367518000000 -0.02150000000000001 -0.02120000000000001 -0.02160000000000001 0.010299999999999990 0.019699999999999990 0.007900000000000003 0.045577000000000000 3.382173382170000000 1 1 0 1 1 1 1 1 1 1 1 1 1 1 1 1 1 0 0 0 0 0 1 1 1 0 0       3249         12         39    3072984     614405        139         87          0          0          0        255          9    3072433     824370          4       1802         13         54    3072984     615123        139      21317       5869          5          0          0          0          0          0          0          7          3          0          0          0          0          0          0          0       1439 
2016-04-18T11:10:43.264922Z   1/3073027:19773          0          0          0          0          0          0          0          0          0          0          0          0          0          0          0          0          0          0          0          0          0          0          0          0          0          0          0          0          0          0          0          0          0          0          0          0          0          0          0          0          0          0          0          0          0          0          0          0          0          0          0          0          0          0          0          0          0          0          0          0          0          0          0          0          0          0          0          0          0          0          0          0          0          0          0          0          0          0          0          0          0          0          0          0          0          0          0                    0          0          0          0          0          0          0          0          0          0          0          0          0          0          0          0          0          0          0 0          0          0          0          0          0          0          0          0          0          0          0          0          0          0          0          0          0          0          0          0          0          0          0          0          0 0          0         11         53    3073014     605859        140 -13.4666000000000280 -13.3303999999999970 -14.5044000000000040 -17.7455368406643570 -16.0292035095869200 -15.2552701880812830 0.000000000000000000 3.367521367518000000 -0.01100000000000000 -0.02120000000000001 -0.02160000000000001 0.009999999999999995 0.019999999999999997 0.008500000000000002 0.045991750000000005 3.380952380949000000 1 1 0 1 1 1 1 1 1 1 1 1 1 1 1 1 1 0 0 0 0 0 1 1 1 0 0       3301         12         39    3073014     613483        140         87          0          0          0        255          9    3072433     824370          4       1931         13         54    3073014     614201        140      21469       5869          5          0          0          0          0          0          0          7          0          0          0          0          0          0          0          0       1462 
2016-04-18T11:11:13.264473Z   1/3073057:19773          0          0          0          0          0          0          0          0          0          0          0          0          0          0          0          0          0          0          0          0          0          0          0          0          0          0          0          0          0          0          0          0          0          0          0          0          0          0          0          0          0          0          0          0          0          0          0          0          0          0          0          0          0          0          0          0          0          0          0          0          0          0          0          0          0          0          0          0          0          0          0          0          0          0          0          0          0          0          0          0          0          0          0          0          0          0          0                    0          0          0          0          0         10         21    3073033     878134         10          4          0          0          0          0          0          0          0          0 0          0          0          0          0          0          0          0          0          0          0          0          0          0          0          0          0          0          0          0          0          0          0          0          0          0 0        497         11         53    3073044     605858        141 -13.3303999999999970 -13.3303999999999970 -14.5764999999999960 -17.7455368406643570 -16.0292035095869200 -15.2979690915969400 0.000000000000000000 3.367521367518000000 -0.01100000000000000 -0.02120000000000001 -0.02160000000000001 0.009399999999999992 0.019699999999999990 0.008260000000000002 0.046130000000000004 3.380952380949000000 1 1 0 1 1 1 1 1 1 1 1 1 1 1 1 1 1 0 0 0 0 0 1 1 1 0 0       3071         12         39    3073044     613709        141         87          0          0          0        255         10    3073033     878134          4       1473         13         54    3073044     614433        141      21642       6796          5          0          0          0          0          0          0          8          1          0          0          0          0          0          0          0       1042 
2016-04-18T11:11:43.264024Z   1/3073087:19773          0          0          0          0          0          0          0          0          0          0          0          0          0          0          0          0          0          0          0          0          0          0          0          0          0          0          0          0          0          0          0          0          0          0          0          0          0          0          0          0          0          0          0          0          0          0          0          0          0          0          0          0          0          0          0          0          0          0          0          0          0          0          0          0          0          0          0          0          0          0          0          0          0          0          0          0          0          0          0          0          0          0          0          0          0          0          0                    0          0          0          0          0          0          0          0          0          0          0          0          0          0          0          0          0          0          0 0          0          0          0          0          0          0          0          0          0          0          0          0          0          0          0          0          0          0          0          0          0          0          0          0          0 0          0         11         53    3073074     605858        142 -13.3303999999999970 -13.1942000000000230 -14.5764999999999960 -17.7902667238093950 -16.0292035095869200 -15.2979690915969400 0.000000000000000000 3.367521367518000000 -0.01100000000000000 -0.02120000000000001 -0.02160000000000001 0.010299999999999990 0.020899999999999995 0.008980000000000000 0.045438750000000000 3.380952380949000000 1 1 0 1 1 1 1 1 1 1 1 1 1 1 1 1 1 0 0 0 0 0 1 1 1 0 0       3124         12         39    3073074     613641        142         87          0          0          0        255         10    3073033     878134          4       1436         13         54    3073074     614359        142      21794       6796          5          0          0          0          0          0          0          8          1          0          0          0          0          0          0          0       1151 
2016-04-18T11:12:13.263575Z   1/3073117:19773          0          0          0          0          0          0          0          0          0          0          0          0          0          0          0          0          0          0          0          0          0          0          0          0          0          0          0          0          0          0          0          0          0          0          0          0          0          0          0          0          0          0          0          0          0          0          0          0          0          0          0          0          0          0          0          0          0          0          0          0          0          0          0          0          0          0          0          0          0          0          0          0          0          0          0          0          0          0          0          0          0          0          0          0          0          0          0                    0          0          0          0          0          0          0          0          0          0          0          0          0          0          0          0          0          0          0 0          0          0          0          0          0          0          0          0          0          0          0          0          0          0          0          0          0          0          0          0          0          0          0          0          0 0          0         11         53    3073104     605859        143 -13.1942000000000230 -13.3303999999999970 -14.5764999999999960 -17.7902667238093950 -16.0725338039098900 -15.2979690915969400 0.000000000000000000 3.368742368739000000 -0.01100000000000000 -0.02120000000000001 -0.02160000000000001 0.010899999999999993 0.019699999999999990 0.008020000000000001 0.044747500000000000 3.382173382170000000 1 1 0 1 1 1 1 1 1 1 1 1 1 1 1 1 1 0 0 0 0 0 1 1 1 0 0       3128         12         39    3073104     613719        143         87          0          0          0        255         10    3073033     878134          4       1545         13         54    3073104     614437        143      21946       6796          5          0          0          0          0          0          0          8          3          0          0          0          0          0          0          0       1159 
2016-04-18T11:12:43.263126Z   1/3073147:19773          0          0          0          0          0          0          0          0          0          0          0          0          0          0          0          0          0          0          0          0          0          0          0          0          0          0          0          0          0          0          0          0          0          0          0          0          0          0          0          0          0          0          0          0          0          0          0          0          0          0          0          0          0          0          0          0          0          0          0          0          0          0          0          0          0          0          0          0          0          0          0          0          0          0          0          0          0          0          0          0          0          0          0          0          0          0          0                    0          0          0          0          0          0          0          0          0          0          0          0          0          0          0          0          0          0          0 0          0          0          0          0          0          0          0          0          0          0          0          0          0          0          0          0          0          0          0          0          0          0          0          0          0 0          0         11         53    3073134     605858        144 -13.4666000000000280 -13.3303999999999970 -14.5044000000000040 -17.8350330620058060 -16.0725338039098900 -15.3407028309123350 0.000000000000000000 3.368742368739000000 -0.02150000000000001 -0.03190000000000001 -0.03220000000000001 0.009699999999999993 0.019699999999999990 0.007940000000000001 0.045853500000000005 3.382173382170000000 1 1 0 1 1 1 1 1 1 1 1 1 1 1 1 1 1 0 0 0 0 0 1 1 1 0 0       3156         12         39    3073134     613798        144         87          0          0          0        255         10    3073033     878134          4       1655         13         54    3073134     614516        144      22098       6796          5          0          0          0          0          0          0          8          1          0          0          0          0          0          0          0       1164 
2016-04-18T11:13:13.262677Z   1/3073177:19773          0          0          0          0          0          0          0          0          0          0          0          0          0          0          0          0          0          0          0          0          0          0          0          0          0          0          0          0          0          0          0          0          0          0          0          0          0          0          0          0          0          0          0          0          0          0          0          0          0          0          0          0          0          0          0          0          0          0          0          0          0          0          0          0          0          0          0          0          0          0          0          0          0          0          0          0          0          0          0          0          0          0          0          0          0          0          0                    0          0          0          0          0          0          0          0          0          0          0          0          0          0          0          0          0          0          0 0          0          0          0          0          0          0          0          0          0          0          0          0          0          0          0          0          0          0          0          0          0          0          0          0          0 0          0         11         53    3073164     605858        145 -13.4666000000000280 -13.3303999999999970 -14.6486000000000020 -17.8798358836614300 -16.0725338039098900 -15.3407028309123350 0.000000000000000000 3.367521367518000000 -0.02150000000000001 -0.03190000000000001 -0.02160000000000001 0.009999999999999995 0.021199999999999990 0.007220000000000003 0.044609250000000000 3.380952380949000000 1 1 0 1 1 1 1 1 1 1 1 1 1 1 1 1 1 0 0 0 0 0 1 1 1 0 0       3168         12         39    3073164     613878        145         87          0          0          0        255         10    3073033     878134          4       1766         13         54    3073164     614596        145      22250       6796          5          0          0          0          0          0          0          8          0          0          0          0          0          0          0          0       1426 
2016-04-18T11:13:43.262228Z   1/3073207:19773          0          0          0          0          0          0          0          0          0          0          0          0          0          0          0          0          0          0          0          0          0          0          0          0          0          0          0          0          0          0          0          0          0          0          0          0          0          0          0          0          0          0          0          0          0          0          0          0          0          0          0          0          0          0          0          0          0          0          0          0          0          0          0          0          0          0          0          0          0          0          0          0          0          0          0          0          0          0          0          0          0          0          0          0          0          0          0                    0          0          0          0          0          0          0          0          0          0          0          0          0          0          0          0          0          0          0 0          0          0          0          0          0          0          0          0          0          0          0          0          0          0          0          0          0          0          0          0          0          0          0          0          0 0          0         11         53    3073194     605858        146 -13.4666000000000280 -13.3303999999999970 -14.5764999999999960 -17.8350330620058060 -16.1158994453752200 -15.3834714344353930 0.000000000000000000 3.367521367518000000 -0.02150000000000001 -0.03190000000000001 -0.03220000000000001 0.009699999999999993 0.021199999999999990 0.007820000000000002 0.045438750000000000 3.380952380949000000 1 1 0 1 1 1 1 1 1 1 1 1 1 1 1 1 1 0 0 0 0 0 1 1 1 0 0       3218         12         39    3073194     613957        146         87          0          0          0        255         10    3073033     878134          4       1621         13         54    3073194     614675        146      22402       6796          5          0          0          0          0          0          0          8          3          0          0          0          0          0          0          0       1181 
2016-04-18T11:14:13.261779Z   1/3073237:19773          0          0          0          0          0          0          0          0          0          0          0          0          0          0          0          0          0          0          0          0          0          0          0          0          0          0          0          0          0          0          0          0          0          0          0          0          0          0          0          0          0          0          0          0          0          0          0          0          0          0          0          0          0          0          0          0          0          0          0          0          0          0          0          0          0          0          0          0          0          0          0          0          0          0          0          0          0          0          0          0          0          0          0          0          0          0          0                    0          0          0          0          0          0          0          0          0          0          0          0          0          0          0          0          0          0          0 0          0          0          0          0          0          0          0          0          0          0          0          0          0          0          0          0          0          0          0          0          0          0          0          0          0 0          0         11         53    3073224     605859        147 -13.4666000000000280 -13.3303999999999970 -14.7206999999999940 -17.8798358836614300 -16.1158994453752200 -15.3834714344353930 0.000000000000000000 3.367521367518000000 -0.02150000000000001 -0.03190000000000001 -0.02160000000000001 0.010299999999999990 0.019100000000000000 0.007180000000000001 0.045853500000000005 3.380952380949000000 1 1 0 1 1 1 1 1 1 1 1 1 1 1 1 1 1 0 0 0 0 0 1 1 1 0 0       3236         12         39    3073224     614036        147         87          0          0          0        255         10    3073033     878134          4       1731         13         54    3073224     614754        147      22554       6796          5          0          0          0          0          0          0          8          0          0          0          0          0          0          0          0       1185 
2016-04-18T11:14:43.261330Z   1/3073267:19773          0          0          0          0          0          0          0          0          0          0          0          0          0          0          0          0          0          0          0          0          0          0          0          0          0          0          0          0          0          0          0          0          0          0          0          0          0          0          0          0          0          0          0          0          0          0          0          0          0          0          0          0          0          0          0          0          0          0          0          0          0          0          0          0          0          0          0          0          0          0          0          0          0          0          0          0          0          0          0          0          0          0          0          0          0          0          0                    0          0          0          0          0          0          0          0          0          0          0          0          0          0          0          0          0          0          0 0          0          0          0          0          0          0          0          0          0          0          0          0          0          0          0          0          0          0          0          0          0          0          0          0          0 0          0         11         53    3073254     605890        148 -13.4666000000000280 -13.3303999999999970 -14.6486000000000020 -17.9246752171842450 -16.1158994453752200 -15.4262749305740100 0.000000000000000000 3.367521367518000000 -0.02150000000000001 -0.03190000000000001 -0.01100000000000001 0.010599999999999991 0.019100000000000000 0.007780000000000001 0.045024000000000000 3.382173382170000000 1 1 0 1 1 1 1 1 1 1 1 1 1 1 1 1 1 0 0 0 0 0 1 1 1 0 0       3311         12         39    3073254     614114        148         87          0          0          0        255         10    3073033     878134          4       1840         13         54    3073254     614832        148      22706       6796          5          0          0          0          0          0          0          8          3          0          0          0          0          0          0          0       1449 
2016-04-18T11:15:13.260881Z   1/3073297:19773          0          0          0          0          0          0          0          0          0          0          0          0          0          0          0          0          0          0          0          0          0          0          0          0          0          0          0          0          0          0          0          0          0          0          0          0          0          0          0          0          0          0          0          0          0          0          0          0          0          0          0          0          0          0          0          0          0          0          0          0          0          0          0          0          0          0          0          0          0          0          0          0          0          0          0          0          0          0          0          0          0          0          0          0          0          0          0                    0          0          0          0          0          0          0          0          0          0          0          0          0          0          0          0          0          0          0 0          0          0          0          0          0          0          0          0          0          0          0          0          0          0          0          0          0          0          0          0          0          0          0          0          0 0          0         11         53    3073284     605892        149 -13.4666000000000280 -13.3303999999999970 -14.6486000000000020 -17.9246752171842450 -16.0725338039098900 -15.4262749305740100 0.000000000000000000 3.367521367518000000 -0.01100000000000000 -0.02120000000000001 -0.02160000000000001 0.009699999999999993 0.020299999999999990 0.008740000000000000 0.045991750000000005 3.382173382170000000 1 1 0 1 1 1 1 1 1 1 1 1 1 1 1 1 1 0 0 0 0 0 1 1 1 0 0       3121         12         39    3073284     614193        149         87          0          0          0        255         10    3073033     878134          4       1440         13         54    3073284     614911        149      22858       6796          5          0          0          0          0          0          0          8          1          0          0          0          0          0          0          0       1199 
2016-04-18T11:15:43.260432Z   1/3073327:19773          0          0          0          0          0          0          0          0          0          0          0          0          0          0          0          0          0          0          0          0          0          0          0          0          0          0          0          0          0          0          0          0          0          0          0          0          0          0          0          0          0          0          0          0          0          0          0          0          0          0          0          0          0          0          0          0          0          0          0          0          0          0          0          0          0          0          0          0          0          0          0          0          0          0          0          0          0          0          0          0          0          0          0          0          0          0          0                    0          0          0          0          0          0          0          0          0          0          0          0          0          0          0          0          0          0          0 0          0          0          0          0          0          0          0          0          0          0          0          0          0          0          0          0          0          0          0          0          0          0          0          0          0 0          0         11         53    3073314     605892        150 -13.6028000000000020 -13.3303999999999970 -14.7206999999999940 -17.9246752171842450 -16.1593004623908300 -15.4262749305740100 0.000000000000000000 3.367521367518000000 -0.01100000000000000 -0.01050000000000001 -0.02160000000000001 0.011499999999999990 0.019999999999999997 0.008180000000000002 0.046130000000000004 3.382173382170000000 1 1 0 1 1 1 1 1 1 1 1 1 1 1 1 1 1 0 0 0 0 0 1 1 1 0 0       3147         12         39    3073314     614273        150         87          0          0          0        255         10    3073033     878134          4       1551         13         54    3073314     614991        150      23010       6796          5          0          0          0          0          0          0          8          3          0          0          0          0          0          0          0       1209 
2016-04-18T11:16:13.259983Z   1/3073357:19773          0          0          0          0          0          0          0          0          0          0          0          0          0          0          0          0          0          0          0          0          0          0          0          0          0          0          0          0          0          0          0          0          0          0          0          0          0          0          0          0          0          0          0          0          0          0          0          0          0          0          0          0          0          0          0          0          0          0          0          0          0          0          0          0          0          0          0          0          0          0          0          0          0          0          0          0          0          0          0          0          0          0          0          0          0          0          0                    0          0          0          0          0          0          0          0          0          0          0          0          0          0          0          0          0          0          0 0          0          0          0          0          0          0          0          0          0          0          0          0          0          0          0          0          0          0          0          0          0          0          0          0          0 0          0         11         53    3073344     605899        151 -13.4666000000000280 -13.3303999999999970 -14.6486000000000020 -17.9695510909821800 -16.1593004623908300 -15.4691133477361400 0.000000000000000000 3.367521367518000000 -0.01100000000000000 -0.02120000000000001 -0.01100000000000001 0.010299999999999990 0.019999999999999997 0.008700000000000001 0.045300500000000000 3.380952380949000000 1 1 0 1 1 1 1 1 1 1 1 1 1 1 1 1 1 0 0 0 0 0 1 1 1 0 0       3189         12         39    3073344     614351        151         87          0          0          0        255         10    3073033     878134          4       1660         13         54    3073344     615069        151      23162       6796          5          0          0          0          0          0          0          8          1          0          0          0          0          0          0          0       1213 
2016-04-18T11:16:43.259534Z   1/3073387:19773          0          0          0          0          0          0          0          0          0          0          0          0          0          0          0          0          0          0          0          0          0          0          0          0          0          0          0          0          0          0          0          0          0          0          0          0          0          0          0          0          0          0          0          0          0          0          0          0          0          0          0          0          0          0          0          0          0          0          0          0          0          0          0          0          0          0          0          0          0          0          0          0          0          0          0          0          0          0          0          0          0          0          0          0          0          0          0                    0          0          0          0          0          0          0          0          0          0          0          0          0          0          0          0          0          0          0 0          0          0          0          0          0          0          0          0          0          0          0          0          0          0          0          0          0          0          0          0          0          0          0          0          0 0          0         11         53    3073374     605858        152 -13.4666000000000280 -13.4666000000000280 -14.7206999999999940 -18.0144635334630720 -16.1593004623908300 -15.4691133477361400 0.000000000000000000 3.367521367518000000 -0.02150000000000001 -0.02120000000000001 -0.02160000000000001 0.010599999999999991 0.021199999999999990 0.007860000000000000 0.045300500000000000 3.380952380949000000 1 1 0 1 1 1 1 1 1 1 1 1 1 1 1 1 1 0 0 0 0 0 1 1 1 0 0       3162         12         39    3073374     614430        152         87          0          0          0        255         10    3073033     878134          4       1515         13         54    3073374     615147        152      23314       6796          5          0          0          0          0          0          0          8          0          0          0          0          0          0          0          0       1218 
2016-04-18T11:17:13.259085Z   1/3073417:19773          0          0          0          0          0          0          0          0          0          0          0          0          0          0          0          0          0          0          0          0          0          0          0          0          0          0          0          0          0          0          0          0          0          0          0          0          0          0          0          0          0          0          0          0          0          0          0          0          0          0          0          0          0          0          0          0          0          0          0          0          0          0          0          0          0          0          0          0          0          0          0          0          0          0          0          0          0          0          0          0          0          0          0          0          0          0          0                    0          0          0          0          0          0          0          0          0          0          0          0          0          0          0          0          0          0          0 0          0          0          0          0          0          0          0          0          0          0          0          0          0          0          0          0          0          0          0          0          0          0          0          0          0 0          0         11         53    3073404     605858        153 -13.4666000000000280 -13.4666000000000280 -14.7928000000000000 -18.0144635334630720 -16.2027368833646220 -15.4691133477361400 0.000000000000000000 3.367521367518000000 -0.01100000000000000 -0.02120000000000001 -0.02160000000000001 0.010899999999999993 0.019699999999999990 0.008420000000000002 0.045162250000000000 3.382173382170000000 1 1 0 1 1 1 1 1 1 1 1 1 1 1 1 1 1 0 0 0 0 0 1 1 1 0 0       3206         12         39    3073404     613510        153         87          0          0          0        255         10    3073033     878134          4       1646         13         54    3073404     614228        153      23466       6796          5          0          0          0          0          0          0          8          1          0          0          0          0          0          0          0       1248 
2016-04-18T11:17:43.258635Z   1/3073447:19773          0          0          0          0          0          0          0          0          0          0          0          0          0          0          0          0          0          0          0          0          0          0          0          0          0          0          0          0          0          0          0          0          0          0          0          0          0          0          0          0          0          0          0          0          0          0          0          0          0          0          0          0          0          0          0          0          0          0          0          0          0          0          0          0          0          0          0          0          0          0          0          0          0          0          0          0          0          0          0          0          0          0          0          0          0          0          0                    0          0          0          0          0          0          0          0          0          0          0          0          0          0          0          0          0          0          0 0          0          0          0          0          0          0          0          0          0          0          0          0          0          0          0          0          0          0          0          0          0          0          0          0          0 0          0         11         53    3073434     605859        154 -13.6028000000000020 -13.4666000000000280 -14.7206999999999940 -18.0144635334630720 -16.2027368833646220 -15.5548950587625260 0.000000000000000000 3.367521367518000000 -0.01100000000000000 -0.03190000000000001 -0.01100000000000001 0.010299999999999990 0.020600000000000000 0.008460000000000000 0.045438750000000000 3.380952380949000000 1 1 0 1 1 1 1 1 1 1 1 1 1 1 1 1 1 0 0 0 0 0 1 1 1 0 0       3241         12         39    3073434     613586        154         87          0          0          0        255         10    3073033     878134          4       1753         13         54    3073434     614304        154      23618       6796          5          0          0          0          0          0          0          8          0          0          0          0          0          0          0          0       1251 
2016-04-18T11:18:13.258186Z   1/3073477:19773          0          0          0          0          0          0          0          0          0          0          0          0          0          0          0          0          0          0          0          0          0          0          0          0          0          0          0          0          0          0          0          0          0          0          0          0          0          0          0          0          0          0          0          0          0          0          0          0          0          0          0          0          0          0          0          0          0          0          0          0          0          0          0          0          0          0          0          0          0          0          0          0          0          0          0          0          0          0          0          0          0          0          0          0          0          0          0                    0          0          0          0          0          0          0          0          0          0          0          0          0          0          0          0          0          0          0 0          0          0          0          0          0          0          0          0          0          0          0          0          0          0          0          0          0          0          0          0          0          0          0          0          0 0          0         11         53    3073464     605858        155 -13.4666000000000280 -13.4666000000000280 -14.7206999999999940 -18.0144635334630720 -16.2027368833646220 -15.5119867143296800 0.000000000000000000 3.368742368739000000 -0.02150000000000001 -0.02120000000000001 -0.02160000000000001 0.011499999999999990 0.019999999999999997 0.008700000000000001 0.046130000000000004 3.382173382170000000 1 1 0 1 1 1 1 1 1 1 1 1 1 1 1 1 1 0 0 0 0 0 1 1 1 0 0       3285         12         39    3073464     613666        155         87          0          0          0        255         10    3073033     878134          4       1609         13         54    3073464     614384        155      23770       6796          5          0          0          0          0          0          0          8          3          0          0          0          0          0          0          0       1517 
2016-04-18T11:18:43.257737Z   1/3073507:19773          0          0          0          0          0          0          0          0          0          0          0          0          0          0          0          0          0          0          0          0          0          0          0          0          0          0          0          0          0          0          0          0          0          0          0          0          0          0          0          0          0          0          0          0          0          0          0          0          0          0          0          0          0          0          0          0          0          0          0          0          0          0          0          0          0          0          0          0          0          0          0          0          0          0          0          0          0          0          0          0          0          0          0          0          0          0          0                    0          0          0          0          0          0          0          0          0          0          0          0          0          0          0          0          0          0          0 0          0          0          0          0          0          0          0          0          0          0          0          0          0          0          0          0          0          0          0          0          0          0          0          0          0 0          0         11         53    3073494     605859        156 -13.4666000000000280 -13.4666000000000280 -14.7928000000000000 -18.0594125730349900 -16.2462087367045170 -15.5978384094427160 0.000000000000000000 3.367521367518000000 -0.02150000000000001 -0.02120000000000001 -0.02160000000000001 0.009399999999999992 0.020299999999999990 0.007980000000000003 0.045300500000000000 3.380952380949000000 1 1 0 1 1 1 1 1 1 1 1 1 1 1 1 1 1 0 0 0 0 0 1 1 1 0 0       3290         12         39    3073494     613746        156         87          0          0          0        255         10    3073033     878134          4       1720         13         54    3073494     614464        156      23922       6796          5          0          0          0          0          0          0          8          1          0          0          0          0          0          0          0       1268 
2016-04-18T11:19:13.257288Z   1/3073537:19773          0          0          0          0          0          0          0          0          0          0          0          0          0          0          0          0          0          0          0          0          0          0          0          0          0          0          0          0          0          0          0          0          0          0          0          0          0          0          0          0          0          0          0          0          0          0          0          0          0          0          0          0          0          0          0          0          0          0          0          0          0          0          0          0          0          0          0          0          0          0          0          0          0          0          0          0          0          0          0          0          0          0          0          0          0          0          0                    0          0          0          0          0          0          0          0          0          0          0          0          0          0          0          0          0          0          0 0          0          0          0          0          0          0          0          0          0          0          0          0          0          0          0          0          0          0          0          0          0          0          0          0          0 0          0         11         53    3073524     605858        157 -13.6028000000000020 -13.4666000000000280 -14.7928000000000000 -18.0594125730349900 -16.2462087367045170 -15.5548950587625260 0.000000000000000000 3.367521367518000000 -0.01100000000000000 -0.02120000000000001 -0.02160000000000001 0.010299999999999990 0.020299999999999990 0.008300000000000000 0.045577000000000000 3.380952380949000000 1 1 0 1 1 1 1 1 1 1 1 1 1 1 1 1 1 0 0 0 0 0 1 1 1 0 0       3332         12         39    3073524     613827        157         87          0          0          0        255         10    3073033     878134          4       1832         13         54    3073524     614545        157      24074       6796          5          0          0          0          0          0          0          8          3          0          0          0          0          0          0          0       1279 
2016-04-18T11:19:43.256839Z   1/3073567:19773          0          0          0          0          0          0          0          0          0          0          0          0          0          0          0          0          0          0          0          0          0          0          0          0          0          0          0          0          0          0          0          0          0          0          0          0          0          0          0          0          0          0          0          0          0          0          0          0          0          0          0          0          0          0          0          0          0          0          0          0          0          0          0          0          0          0          0          0          0          0          0          0          0          0          0          0          0          0          0          0          0          0          0          0          0          0          0                    0          0          0          0          0          0          0          0          0          0          0          0          0          0          0          0          0          0          0 0          0          0          0          0          0          0          0          0          0          0          0          0          0          0          0          0          0          0          0          0          0          0          0          0          0 0          0         11         53    3073554     605858        158 -13.6028000000000020 -13.4666000000000280 -14.8648999999999920 -18.1043982381057160 -16.2462087367045170 -15.5978384094427160 0.000000000000000000 3.366300366297000000 -0.01100000000000000 -0.03190000000000001 -0.02160000000000001 0.010299999999999990 0.018799999999999990 0.008180000000000002 0.045024000000000000 3.380952380949000000 1 1 0 1 1 1 1 1 1 1 1 1 1 1 1 1 1 0 0 0 0 0 1 1 1 0 0       3097         12         39    3073554     613907        158         87          0          0          0        255         10    3073033     878134          4       1433         13         54    3073554     614625        158      24226       6796          5          0          0          0          0          0          0          8          1          0          0          0          0          0          0          0       1285 
2016-04-18T11:20:13.256390Z   1/3073597:19773          0          0          0          0          0          0          0          0          0          0          0          0          0          0          0          0          0          0          0          0          0          0          0          0          0          0          0          0          0          0          0          0          0          0          0          0          0          0          0          0          0          0          0          0          0          0          0          0          0          0          0          0          0          0          0          0          0          0          0          0          0          0          0          0          0          0          0          0          0          0          0          0          0          0          0          0          0          0          0          0          0          0          0          0          0          0          0                    0          0          0          0          0          0          0          0          0          0          0          0          0          0          0          0          0          0          0 0          0          0          0          0          0          0          0          0          0          0          0          0          0          0          0          0          0          0          0          0          0          0          0          0          0 0          0         11         53    3073584     605858        159 -13.7390000000000330 -13.4666000000000280 -14.7928000000000000 -18.1043982381057160 -16.2897160508184130 -15.5978384094427160 0.000000000000000000 3.367521367518000000 -0.02150000000000001 -0.02120000000000001 -0.03220000000000001 0.011499999999999990 0.020299999999999990 0.007900000000000003 0.046268250000000004 3.382173382170000000 1 1 0 1 1 1 1 1 1 1 1 1 1 1 1 1 1 0 0 0 0 0 1 1 1 0 0       3139         12         39    3073584     613984        159         87          0          0          0        255         10    3073033     878134          4       1541         13         54    3073584     614702        159      24378       6796          5          0          0          0          0          0          0          8          0          0          0          0          0          0          0          0       1034 
2016-04-18T11:20:43.255941Z   1/3073627:19773          0          0          0          0          0          0          0          0          0          0          0          0          0          0          0          0          0          0          0          0          0          0          0          0          0          0          0          0          0          0          0          0          0          0          0          0          0          0          0          0          0          0          0          0          0          0          0          0          0          0          0          0          0          0          0          0          0          0          0          0          0          0          0          0          0          0          0          0          0          0          0          0          0          0          0          0          0          0          0          0          0          0          0          0          0          0          0                    0          0          0          0          0          0          0          0          0          0          0          0          0          0          0          0          0          0          0 0          0          0          0          0          0          0          0          0          0          0          0          0          0          0          0          0          0          0          0          0          0          0          0          0          0 0          0         11         53    3073614     605858        160 -13.6028000000000020 -13.4666000000000280 -14.8648999999999920 -18.1043982381057160 -16.2897160508184130 -15.6408167947780330 0.000000000000000000 3.367521367518000000 -0.02150000000000001 -0.03190000000000001 -0.03220000000000001 0.009699999999999993 0.019399999999999994 0.008660000000000003 0.045715250000000000 3.380952380949000000 1 1 0 1 1 1 1 1 1 1 1 1 1 1 1 1 1 0 0 0 0 0 1 1 1 0 0       3177         12         39    3073614     614065        160         87          0          0          0        255         10    3073033     878134          4       1653         13         54    3073614     614783        160      24530       6796          5          0          0          0          0          0          0          8          3          0          0          0          0          0          0          0       1301 
2016-04-18T11:21:13.255492Z   1/3073657:19773          0          0          0          0          0          0          0          0          0          0          0          0          0          0          0          0          0          0          0          0          0          0          0          0          0          0          0          0          0          0          0          0          0          0          0          0          0          0          0          0          0          0          0          0          0          0          0          0          0          0          0          0          0          0          0          0          0          0          0          0          0          0          0          0          0          0          0          0          0          0          0          0          0          0          0          0          0          0          0          0          0          0          0          0          0          0          0                    0          0          0          0          0         10         21    3073633     929158         11          4          0          0          0          0          0          0          0          0 0          0          0          0          0          0          0          0          0          0          0          0          0          0          0          0          0          0          0          0          0          0          0          0          0          0 0        612         11         53    3073644     605892        161 -13.6028000000000020 -13.4666000000000280 -14.8648999999999920 -18.1494205570832900 -16.3332588541143200 -15.6408167947780330 0.000000000000000000 3.367521367518000000 -0.02150000000000001 -0.02120000000000001 -0.02160000000000001 0.008499999999999994 0.020299999999999990 0.008700000000000001 0.046130000000000004 3.382173382170000000 1 1 0 1 1 1 1 1 1 1 1 1 1 1 1 1 1 0 0 0 0 0 1 1 1 0 0       3250         12         39    3073644     614290        161         87          0          0          0        255         11    3073633     929158          4       1769         13         54    3073644     615014        161      24703       7644          5          0          0          0          0          0          0          9          3          0          0          0          0          0          0          0       1310 
2016-04-18T11:21:43.255043Z   1/3073687:19773          0          0          0          0          0          0          0          0          0          0          0          0          0          0          0          0          0          0          0          0          0          0          0          0          0          0          0          0          0          0          0          0          0          0          0          0          0          0          0          0          0          0          0          0          0          0          0          0          0          0          0          0          0          0          0          0          0          0          0          0          0          0          0          0          0          0          0          0          0          0          0          0          0          0          0          0          0          0          0          0          0          0          0          0          0          0          0                    0          0          0          0          0          0          0          0          0          0          0          0          0          0          0          0          0          0          0 0          0          0          0          0          0          0          0          0          0          0          0          0          0          0          0          0          0          0          0          0          0          0          0          0          0 0          0         11         53    3073674     605892        162 -13.7390000000000330 -13.6028000000000020 -14.8648999999999920 -18.1944795583754900 -16.2897160508184130 -15.6408167947780330 0.000000000000000000 3.367521367518000000 -0.01100000000000000 -0.03190000000000001 -0.01100000000000001 0.011499999999999990 0.018200000000000000 0.008340000000000002 0.045438750000000000 3.380952380949000000 1 1 0 1 1 1 1 1 1 1 1 1 1 1 1 1 1 0 0 0 0 0 1 1 1 0 0       3268         12         39    3073674     614224        162         87          0          0          0        255         11    3073633     929158          4       1734         13         54    3073674     614942        162      24855       7644          5          0          0          0          0          0          0          9          3          0          0          0          0          0          0          0       1166 
2016-04-18T11:22:13.254594Z   1/3073717:19773          0          0          0          0          0          0          0          0          0          0          0          0          0          0          0          0          0          0          0          0          0          0          0          0          0          0          0          0          0          0          0          0          0          0          0          0          0          0          0          0          0          0          0          0          0          0          0          0          0          0          0          0          0          0          0          0          0          0          0          0          0          0          0          0          0          0          0          0          0          0          0          0          0          0          0          0          0          0          0          0          0          0          0          0          0          0          0                    0          0          0          0          0          0          0          0          0          0          0          0          0          0          0          0          0          0          0 0          0          0          0          0          0          0          0          0          0          0          0          0          0          0          0          0          0          0          0          0          0          0          0          0          0 0          0         11         53    3073704     605908        163 -13.7390000000000330 -13.4666000000000280 -15.0091000000000040 -18.2395752703904180 -16.3332588541143200 -15.6408167947780330 0.000000000000000000 3.367521367518000000 -0.01100000000000000 -0.03190000000000001 -0.02160000000000001 0.010599999999999991 0.018799999999999990 0.008580000000000003 0.046959500000000000 3.382173382170000000 1 1 0 1 1 1 1 1 1 1 1 1 1 1 1 1 1 0 0 0 0 0 1 1 1 0 0       3336         12         39    3073704     614303        163         87          0          0          0        255         11    3073633     929158          4       1844         13         54    3073704     615021        163      25007       7644          5          0          0          0          0          0          0          9          1          0          0          0          0          0          0          0       1426 
2016-04-18T11:22:43.254145Z   1/3073747:19773          0          0          0          0          0          0          0          0          0          0          0          0          0          0          0          0          0          0          0          0          0          0          0          0          0          0          0          0          0          0          0          0          0          0          0          0          0          0          0          0          0          0          0          0          0          0          0          0          0          0          0          0          0          0          0          0          0          0          0          0          0          0          0          0          0          0          0          0          0          0          0          0          0          0          0          0          0          0          0          0          0          0          0          0          0          0          0                    0          0          0          0          0          0          0          0          0          0          0          0          0          0          0          0          0          0          0 0          0          0          0          0          0          0          0          0          0          0          0          0          0          0          0          0          0          0          0          0          0          0          0          0          0 0          0         11         53    3073734     605908        164 -13.6028000000000020 -13.6028000000000020 -14.9369999999999980 -18.2395752703904180 -16.3332588541143200 -15.6838302431765160 0.000000000000000000 3.368742368739000000 -0.02150000000000001 -0.03190000000000001 -0.01100000000000001 0.010599999999999991 0.019699999999999990 0.008380000000000000 0.046683000000000000 3.382173382170000000 1 1 0 1 1 1 1 1 1 1 1 1 1 1 1 1 1 0 0 0 0 0 1 1 1 0 0       3364         12         39    3073734     614381        164         87          0          0          0        255         11    3073633     929158          4       1953         13         54    3073734     615098        164      25159       7644          5          0          0          0          0          0          0          9          3          0          0          0          0          0          0          0       1433 
2016-04-18T11:23:13.253696Z   1/3073777:19773          0          0          0          0          0          0          0          0          0          0          0          0          0          0          0          0          0          0          0          0          0          0          0          0          0          0          0          0          0          0          0          0          0          0          0          0          0          0          0          0          0          0          0          0          0          0          0          0          0          0          0          0          0          0          0          0          0          0          0          0          0          0          0          0          0          0          0          0          0          0          0          0          0          0          0          0          0          0          0          0          0          0          0          0          0          0          0                    0          0          0          0          0          0          0          0          0          0          0          0          0          0          0          0          0          0          0 0          0          0          0          0          0          0          0          0          0          0          0          0          0          0          0          0          0          0          0          0          0          0          0          0          0 0          0         11         53    3073764     605858        165 -13.7390000000000330 -13.4666000000000280 -15.0091000000000040 -18.1944795583754900 -16.3768371750000500 -15.6838302431765160 0.000000000000000000 3.367521367518000000 -0.02150000000000001 -0.02120000000000001 -0.02160000000000001 0.009099999999999990 0.019100000000000000 0.007780000000000001 0.046130000000000004 3.380952380949000000 1 1 0 1 1 1 1 1 1 1 1 1 1 1 1 1 1 0 0 0 0 0 1 1 1 0 0       3318         12         39    3073764     614463        165         87          0          0          0        255         11    3073633     929158          4       1811         13         54    3073764     615181        165      25311       7644          5          0          0          0          0          0          0          9          1          0          0          0          0          0          0          0       1442 
2016-04-18T11:23:46.253202Z   1/3073810:19773          0          0          0          0          0          0          0          0          0          0          0          0          0          0          0          0          0          0          0          0          0          0          0          0          0          0          0          0          0          0          0          0          0          0          0          0          0          0          0          0          0          0          0          0          0          0          0          0          0          0          0          0          0          0          0          0          0          0          0          0          0          0          0          0          0          0          0          0          0          0          0          0          0          0          0          0          0          0          0          0          0          0          0          0          0          0          0                    0          0          0          0          0          0          0          0          0          0          0          0          0          0          0          0          0          0          0 0          0          0          0          0          0          0          0          0          0          0          0          0          0          0          0          0          0          0          0          0          0          0          0          0          0 0          0         11         53    3073794     605858        166 -13.7390000000000330 -13.6028000000000020 -15.0091000000000040 -18.2395752703904180 -16.3768371750000500 -15.7268787830459760 0.000000000000000000 3.367521367518000000 -0.01100000000000000 -0.02120000000000001 -0.02160000000000001 0.011799999999999991 0.020600000000000000 0.007940000000000001 0.045715250000000000 3.382173382170000000 1 1 0 1 1 1 1 1 1 1 1 1 1 1 1 1 1 0 0 0 0 0 1 1 1 0 0       3112         12         39    3073794     613542        166         87          0          0          0        255         11    3073633     929158          4       1686         13         54    3073794     614260        166      25463       7644          5          0          0          0          0          0          0          9          3          0          0          0          0          0          0          0       1216 
2016-04-18T11:24:32.252513Z   1/3073856:19773          0          0          0          0          0          0          0          0          0          0          0          0          0          0          0          0          0          0          0          0          0          0          0          0          0          0          0          0          0          0          0          0          0          0          0          0          0          0          0          0          0          0          0          0          0          0          0          0          0          0          0          0          0          0          0          0          0          0          0          0          0          0          0          0          0          0          0          0          0          0          0          0          0          0          0          0          0          0          0          0          0          0          0          0          0          0          0                    0          0          0          0          0          0          0          0          0          0          0          0          0          0          0          0          0          0          0 0          0          0          0          0          0          0          0          0          0          0          0          0          0          0          0          0          0          0          0          0          0          0          0          0          0 0          0         11         53    3073854     605858        168 -13.7390000000000330 -13.6028000000000020 -15.0091000000000040 -18.2847077215358520 -16.3768371750000500 -15.7268787830459760 0.000000000000000000 3.367521367518000000 -0.01100000000000000 -0.02120000000000001 -0.02160000000000001 0.009699999999999993 0.019399999999999994 0.007980000000000003 0.046130000000000004 3.380952380949000000 1 1 0 1 1 1 1 1 1 1 1 1 1 1 1 1 1 0 0 0 0 0 1 1 1 0 0       3167         12         39    3073854     613700        168         87          0          0          0        255         11    3073633     929158          4       1651         13         54    3073854     614418        168      25767       7644          5          0          0          0          0          0          0          9          0          0          0          0          0          0          0          0       1227 
2016-04-18T11:25:02.252064Z   1/3073886:19773          0          0          0          0          0          0          0          0          0          0          0          0          0          0          0          0          0          0          0          0          0          0          0          0          0          0          0          0          0          0          0          0          0          0          0          0          0          0          0          0          0          0          0          0          0          0          0          0          0          0          0          0          0          0          0          0          0          0          0          0          0          0          0          0          0          0          0          0          0          0          0          0          0          0          0          0          0          0          0          0          0          0          0          0          0          0          0                    0          0          0          0          0          0          0          0          0          0          0          0          0          0          0          0          0          0          0 0          0          0          0          0          0          0          0          0          0          0          0          0          0          0          0          0          0          0          0          0          0          0          0          0          0 0          0         11         53    3073884     605859        169 -13.8752000000000070 -13.6028000000000020 -15.1533000000000020 -18.2847077215358520 -16.4641004831729000 -15.7699624427944510 0.000000000000000000 3.367521367518000000 -0.02150000000000001 -0.02120000000000001 -0.02160000000000001 0.010599999999999991 0.018799999999999990 0.008540000000000000 0.046268250000000004 3.382173382170000000 1 1 0 1 1 1 1 1 1 1 1 1 1 1 1 1 1 0 0 0 0 0 1 1 1 0 0       3219         12         39    3073884     613782        169         87          0          0          0        255         11    3073633     929158          4       1764         13         54    3073884     614500        169      25919       7644          5          0          0          0          0          0          0          9          3          0          0          0          0          0          0          0       1240 
2016-04-18T11:25:32.251615Z   1/3073916:19773          0          0          0          0          0          0          0          0          0          0          0          0          0          0          0          0          0          0          0          0          0          0          0          0          0          0          0          0          0          0          0          0          0          0          0          0          0          0          0          0          0          0          0          0          0          0          0          0          0          0          0          0          0          0          0          0          0          0          0          0          0          0          0          0          0          0          0          0          0          0          0          0          0          0          0          0          0          0          0          0          0          0          0          0          0          0          0                    0          0          0          0          0          0          0          0          0          0          0          0          0          0          0          0          0          0          0 0          0          0          0          0          0          0          0          0          0          0          0          0          0          0          0          0          0          0          0          0          0          0          0          0          0 0          0         11         53    3073914     605858        170 -13.7390000000000330 -13.6028000000000020 -15.0811999999999950 -18.3298769402197760 -16.4641004831729000 -15.8130812508297540 0.000000000000000000 3.367521367518000000 -0.02150000000000001 -0.03190000000000001 -0.02160000000000001 0.008499999999999994 0.019999999999999997 0.008420000000000002 0.045853500000000005 3.382173382170000000 1 1 0 1 1 1 1 1 1 1 1 1 1 1 1 1 1 0 0 0 0 0 1 1 1 0 0       3241         12         39    3073914     613858        170         87          0          0          0        255         11    3073633     929158          4       1871         13         54    3073914     614576        170      26071       7644          5          0          0          0          0          0          0          9          1          0          0          0          0          0          0          0       1497 
2016-04-18T11:26:02.251166Z   1/3073946:19773          0          0          0          0          0          0          0          0          0          0          0          0          0          0          0          0          0          0          0          0          0          0          0          0          0          0          0          0          0          0          0          0          0          0          0          0          0          0          0          0          0          0          0          0          0          0          0          0          0          0          0          0          0          0          0          0          0          0          0          0          0          0          0          0          0          0          0          0          0          0          0          0          0          0          0          0          0          0          0          0          0          0          0          0          0          0          0                    0          0          0          0          0          0          0          0          0          0          0          0          0          0          0          0          0          0          0 0          0          0          0          0          0          0          0          0          0          0          0          0          0          0          0          0          0          0          0          0          0          0          0          0          0 0          0         11         53    3073944     605858        171 -13.7390000000000330 -13.6028000000000020 -15.0091000000000040 -18.3750829548500860 -16.4641004831729000 -15.8130812508297540 0.000000000000000000 3.367521367518000000 -0.02150000000000001 -0.02120000000000001 -0.03220000000000001 0.009099999999999990 0.019399999999999994 0.008740000000000000 0.046544750000000000 3.382173382170000000 1 1 0 1 1 1 1 1 1 1 1 1 1 1 1 1 1 0 0 0 0 0 1 1 1 0 0       3285         12         39    3073944     613940        171         87          0          0          0        255         11    3073633     929158          4       1729         13         54    3073944     614658        171      26223       7644          5          0          0          0          0          0          0          9          3          0          0          0          0          0          0          0       1254 
2016-04-18T11:26:32.250717Z   1/3073976:19773          0          0          0          0          0          0          0          0          0          0          0          0          0          0          0          0          0          0          0          0          0          0          0          0          0          0          0          0          0          0          0          0          0          0          0          0          0          0          0          0          0          0          0          0          0          0          0          0          0          0          0          0          0          0          0          0          0          0          0          0          0          0          0          0          0          0          0          0          0          0          0          0          0          0          0          0          0          0          0          0          0          0          0          0          0          0          0                    0          0          0          0          0          0          0          0          0          0          0          0          0          0          0          0          0          0          0 0          0          0          0          0          0          0          0          0          0          0          0          0          0          0          0          0          0          0          0          0          0          0          0          0          0 0          0         11         53    3073974     605858        172 -13.8752000000000070 -13.7390000000000330 -15.0091000000000040 -18.3750829548500860 -16.4641004831729000 -15.8130812508297540 0.000000000000000000 3.368742368739000000 -0.01100000000000000 -0.03190000000000001 -0.03220000000000001 0.011499999999999990 0.019999999999999997 0.008540000000000000 0.045300500000000000 3.382173382170000000 1 1 0 1 1 1 1 1 1 1 1 1 1 1 1 1 1 0 0 0 0 0 1 1 1 0 0       3311         12         39    3073974     614021        172         87          0          0          0        255         11    3073633     929158          4       1841         13         54    3073974     614739        172      26375       7644          5          0          0          0          0          0          0          9          1          0          0          0          0          0          0          0       1261 
2016-04-18T11:27:02.250268Z   1/3074006:19773          0          0          0          0          0          0          0          0          0          0          0          0          0          0          0          0          0          0          0          0          0          0          0          0          0          0          0          0          0          0          0          0          0          0          0          0          0          0          0          0          0          0          0          0          0          0          0          0          0          0          0          0          0          0          0          0          0          0          0          0          0          0          0          0          0          0          0          0          0          0          0          0          0          0          0          0          0          0          0          0          0          0          0          0          0          0          0                    0          0          0          0          0          0          0          0          0          0          0          0          0          0          0          0          0          0          0 0          0          0          0          0          0          0          0          0          0          0          0          0          0          0          0          0          0          0          0          0          0          0          0          0          0 0          0         11         53    3074004     605884        173 -13.8752000000000070 -13.7390000000000330 -15.0811999999999950 -18.3750829548500860 -16.5077855272758430 -15.8130812508297540 0.000000000000000000 3.367521367518000000 -0.02150000000000001 -0.03190000000000001 -0.02160000000000001 0.009999999999999995 0.020600000000000000 0.008260000000000002 0.046959500000000000 3.382173382170000000 1 1 0 1 1 1 1 1 1 1 1 1 1 1 1 1 1 0 0 0 0 0 1 1 1 0 0       3371         12         39    3074004     614086        173         87          0          0          0        255         11    3073633     929158          4       1937         13         54    3074004     614804        173      26527       7644          5          0          0          0          0          0          0          9          0          0          0          0          0          0          0          0       1508 
2016-04-18T11:27:32.249819Z   1/3074036:19773          0          0          0          0          0          0          0          0          0          0          0          0          0          0          0          0          0          0          0          0          0          0          0          0          0          0          0          0          0          0          0          0          0          0          0          0          0          0          0          0          0          0          0          0          0          0          0          0          0          0          0          0          0          0          0          0          0          0          0          0          0          0          0          0          0          0          0          0          0          0          0          0          0          0          0          0          0          0          0          0          0          0          0          0          0          0          0                    0          0          0          0          0          0          0          0          0          0          0          0          0          0          0          0          0          0          0 0          0          0          0          0          0          0          0          0          0          0          0          0          0          0          0          0          0          0          0          0          0          0          0          0          0 0          0         11         53    3074034     605892        174 -13.8752000000000070 -13.7390000000000330 -15.1533000000000020 -18.4203257938347630 -16.5077855272758430 -15.8562352355599220 0.000000000000000000 3.367521367518000000 -0.01100000000000000 -0.03190000000000001 -0.02160000000000001 0.010299999999999990 0.019999999999999997 0.008100000000000001 0.045853500000000005 3.382173382170000000 1 1 0 1 1 1 1 1 1 1 1 1 1 1 1 1 1 0 0 0 0 0 1 1 1 0 0       3401         12         39    3074034     614179        174         87          0          0          0        255         11    3073633     929158          4       1806         13         54    3074034     614897        174      26679       7644          5          0          0          0          0          0          0          9          3          0          0          0          0          0          0          0       1532 
2016-04-18T11:28:02.249370Z   1/3074066:19773          0          0          0          0          0          0          0          0          0          0          0          0          0          0          0          0          0          0          0          0          0          0          0          0          0          0          0          0          0          0          0          0          0          0          0          0          0          0          0          0          0          0          0          0          0          0          0          0          0          0          0          0          0          0          0          0          0          0          0          0          0          0          0          0          0          0          0          0          0          0          0          0          0          0          0          0          0          0          0          0          0          0          0          0          0          0          0                    0          0          0          0          0          0          0          0          0          0          0          0          0          0          0          0          0          0          0 0          0          0          0          0          0          0          0          0          0          0          0          0          0          0          0          0          0          0          0          0          0          0          0          0          0 0          0         11         53    3074064     605892        175 -13.7390000000000330 -13.7390000000000330 -15.1533000000000020 -18.4203257938347630 -16.5077855272758430 -15.8562352355599220 0.000000000000000000 3.368742368739000000 -0.02150000000000001 -0.02120000000000001 -0.02160000000000001 0.010299999999999990 0.020600000000000000 0.008260000000000002 0.045715250000000000 3.382173382170000000 1 1 0 1 1 1 1 1 1 1 1 1 1 1 1 1 1 0 0 0 0 0 1 1 1 0 0       3184         12         39    3074064     614261        175         87          0          0          0        255         11    3073633     929158          4       1664         13         54    3074064     614979        175      26831       7644          5          0          0          0          0          0          0          9          1          0          0          0          0          0          0          0       1285 
2016-04-18T11:28:32.248921Z   1/3074096:19773          0          0          0          0          0          0          0          0          0          0          0          0          0          0          0          0          0          0          0          0          0          0          0          0          0          0          0          0          0          0          0          0          0          0          0          0          0          0          0          0          0          0          0          0          0          0          0          0          0          0          0          0          0          0          0          0          0          0          0          0          0          0          0          0          0          0          0          0          0          0          0          0          0          0          0          0          0          0          0          0          0          0          0          0          0          0          0                    0          0          0          0          0          0          0          0          0          0          0          0          0          0          0          0          0          0          0 0          0          0          0          0          0          0          0          0          0          0          0          0          0          0          0          0          0          0          0          0          0          0          0          0          0 0          0         11         53    3074094     605894        176 -13.8752000000000070 -13.7390000000000330 -15.1533000000000020 -18.4656054855816480 -16.5077855272758430 -15.8994244253927380 0.000000000000000000 3.367521367518000000 -0.02150000000000001 -0.01050000000000001 -0.01100000000000001 0.011799999999999991 0.019100000000000000 0.008860000000000002 0.046683000000000000 3.382173382170000000 1 1 0 1 1 1 1 1 1 1 1 1 1 1 1 1 1 0 0 0 0 0 1 1 1 0 0       3241         12         39    3074094     614342        176         87          0          0          0        255         11    3073633     929158          4       1776         13         54    3074094     615060        176      26983       7644          5          0          0          0          0          0          0          9          3          0          0          0          0          0          0          0       1296 
2016-04-18T11:29:02.248471Z   1/3074126:19773          0          0          0          0          0          0          0          0          0          0          0          0          0          0          0          0          0          0          0          0          0          0          0          0          0          0          0          0          0          0          0          0          0          0          0          0          0          0          0          0          0          0          0          0          0          0          0          0          0          0          0          0          0          0          0          0          0          0          0          0          0          0          0          0          0          0          0          0          0          0          0          0          0          0          0          0          0          0          0          0          0          0          0          0          0          0          0                    0          0          0          0          0          0          0          0          0          0          0          0          0          0          0          0          0          0          0 0          0          0          0          0          0          0          0          0          0          0          0          0          0          0          0          0          0          0          0          0          0          0          0          0          0 0          0         11         53    3074124     605858        177 -13.8752000000000070 -13.7390000000000330 -15.1533000000000020 -18.4656054855816480 -16.5515062026003080 -15.8994244253927380 0.001221001221000000 3.367521367518000000 -0.01100000000000000 -0.03190000000000001 -0.02160000000000001 0.010299999999999990 0.018799999999999990 0.008820000000000000 0.046544750000000000 3.380952380949000000 1 1 0 1 1 1 1 1 1 1 1 1 1 1 1 1 1 0 0 0 0 0 1 1 1 0 0       3227         12         39    3074124     614422        177         87          0          0          0        255         11    3073633     929158          4       1632         13         54    3074124     615140        177      27135       7644          5          0          0          0          0          0          0          9          1          0          0          0          0          0          0          0       1557 
2016-04-18T11:29:32.248022Z   1/3074156:19773          0          0          0          0          0          0          0          0          0          0          0          0          0          0          0          0          0          0          0          0          0          0          0          0          0          0          0          0          0          0          0          0          0          0          0          0          0          0          0          0          0          0          0          0          0          0          0          0          0          0          0          0          0          0          0          0          0          0          0          0          0          0          0          0          0          0          0          0          0          0          0          0          0          0          0          0          0          0          0          0          0          0          0          0          0          0          0                    0          0          0          0          0          0          0          0          0          0          0          0          0          0          0          0          0          0          0 0          0          0          0          0          0          0          0          0          0          0          0          0          0          0          0          0          0          0          0          0          0          0          0          0          0 0          0         11         53    3074154     605858        178 -13.8752000000000070 -13.7390000000000330 -15.0811999999999950 -18.4656054855816480 -16.5515062026003080 -15.8994244253927380 0.000000000000000000 3.368742368739000000 -0.02150000000000001 -0.03190000000000001 -0.03220000000000001 0.011199999999999995 0.019699999999999990 0.008500000000000002 0.046130000000000004 3.382173382170000000 1 1 0 1 1 1 1 1 1 1 1 1 1 1 1 1 1 0 0 0 0 0 1 1 1 0 0       3251         12         39    3074154     613502        178         87          0          0          0        255         11    3073633     929158          4       1763         13         54    3074154     614221        178      27287       7644          5          0          0          0          0          0          0          9          3          0          0          0          0          0          0          0       1333 
2016-04-18T11:30:02.247573Z   1/3074186:19773          0          0          0          0          0          0          0          0          0          0          0          0          0          0          0          0          0          0          0          0          0          0          0          0          0          0          0          0          0          0          0          0          0          0          0          0          0          0          0          0          0          0          0          0          0          0          0          0          0          0          0          0          0          0          0          0          0          0          0          0          0          0          0          0          0          0          0          0          0          0          0          0          0          0          0          0          0          0          0          0          0          0          0          0          0          0          0                    0          0          0          0          0          0          0          0          0          0          0          0          0          0          0          0          0          0          0 0          0          0          0          0          0          0          0          0          0          0          0          0          0          0          0          0          0          0          0          0          0          0          0          0          0 0          0         11         53    3074184     605858        179 -13.8752000000000070 -13.7390000000000330 -15.1533000000000020 -18.5109220584987200 -16.5952625375543330 -15.9426488487362970 0.000000000000000000 3.367521367518000000 -0.02150000000000001 -0.03190000000000001 -0.03220000000000001 0.009399999999999992 0.019699999999999990 0.008580000000000003 0.046683000000000000 3.382173382170000000 1 1 0 1 1 1 1 1 1 1 1 1 1 1 1 1 1 0 0 0 0 0 1 1 1 0 0       3285         12         39    3074184     613582        179         87          0          0          0        255         11    3073633     929158          4       1874         13         54    3074184     614300        179      27439       7644          5          0          0          0          0          0          0          9          1          0          0          0          0          0          0          0       1338 
2016-04-18T11:30:32.247124Z   1/3074216:19773          0          0          0          0          0          0          0          0          0          0          0          0          0          0          0          0          0          0          0          0          0          0          0          0          0          0          0          0          0          0          0          0          0          0          0          0          0          0          0          0          0          0          0          0          0          0          0          0          0          0          0          0          0          0          0          0          0          0          0          0          0          0          0          0          0          0          0          0          0          0          0          0          0          0          0          0          0          0          0          0          0          0          0          0          0          0          0                    0          0          0          0          0          0          0          0          0          0          0          0          0          0          0          0          0          0          0 0          0          0          0          0          0          0          0          0          0          0          0          0          0          0          0          0          0          0          0          0          0          0          0          0          0 0          0         11         53    3074214     605858        180 -13.8752000000000070 -13.7390000000000330 -15.2253999999999930 -18.5109220584987200 -16.5952625375543330 -15.9426488487362970 0.000000000000000000 3.367521367518000000 -0.01100000000000000 -0.02120000000000001 -0.02160000000000001 0.009699999999999993 0.019100000000000000 0.008740000000000000 0.046544750000000000 3.382173382170000000 1 1 0 1 1 1 1 1 1 1 1 1 1 1 1 1 1 0 0 0 0 0 1 1 1 0 0       3322         12         39    3074214     613663        180         87          0          0          0        255         11    3073633     929158          4       1731         13         54    3074214     614381        180      27591       7644          5          0          0          0          0          0          0          9          3          0          0          0          0          0          0          0       1604 
2016-04-18T11:31:02.246675Z   1/3074246:19773          0          0          0          0          0          0          0          0          0          0          0          0          0          0          0          0          0          0          0          0          0          0          0          0          0          0          0          0          0          0          0          0          0          0          0          0          0          0          0          0          0          0          0          0          0          0          0          0          0          0          0          0          0          0          0          0          0          0          0          0          0          0          0          0          0          0          0          0          0          0          0          0          0          0          0          0          0          0          0          0          0          0          0          0          0          0          0                    0          0          0          0          0         10         21    3074233     981126         12          4          0          0          0          0          0          0          0          0 0          0          0          0          0          0          0          0          0          0          0          0          0          0          0          0          0          0          0          0          0          0          0          0          0          0 0        906         11         53    3074244     605858        181 -13.8752000000000070 -13.8752000000000070 -15.2253999999999930 -18.5562755409938800 -16.6390545605457020 -15.9859085339983270 0.000000000000000000 3.367521367518000000 -0.01100000000000000 -0.02120000000000001 -0.02160000000000001 0.010299999999999990 0.018799999999999990 0.008780000000000001 0.046683000000000000 3.380952380949000000 1 1 0 1 1 1 1 1 1 1 1 1 1 1 1 1 1 0 0 0 0 0 1 1 1 0 0       3357         12         39    3074244     613890        181         87          0          0          0        255         12    3074233     981126          4       2028         13         54    3074244     614614        181      27764       8495          5          0          0          0          0          0          0         10          1          0          0          0          0          0          0          0       1361 
2016-04-18T11:31:32.246226Z   1/3074276:19773          0          0          0          0          0          0          0          0          0          0          0          0          0          0          0          0          0          0          0          0          0          0          0          0          0          0          0          0          0          0          0          0          0          0          0          0          0          0          0          0          0          0          0          0          0          0          0          0          0          0          0          0          0          0          0          0          0          0          0          0          0          0          0          0          0          0          0          0          0          0          0          0          0          0          0          0          0          0          0          0          0          0          0          0          0          0          0                    0          0          0          0          0          0          0          0          0          0          0          0          0          0          0          0          0          0          0 0          0          0          0          0          0          0          0          0          0          0          0          0          0          0          0          0          0          0          0          0          0          0          0          0          0 0          0         11         53    3074274     605859        182 -14.0114000000000370 -13.8752000000000070 -15.2253999999999930 -18.5562755409938800 -16.6390545605457020 -16.0292035095869200 0.000000000000000000 3.368742368739000000 -0.02150000000000001 -0.03190000000000001 -0.02160000000000001 0.010299999999999990 0.021199999999999990 0.007780000000000001 0.046406500000000000 3.382173382170000000 1 1 0 1 1 1 1 1 1 1 1 1 1 1 1 1 1 0 0 0 0 0 1 1 1 0 0       3370         12         39    3074274     613824        182         87          0          0          0        255         12    3074233     981126          4       2248         13         54    3074274     614542        182      27916       8495          5          0          0          0          0          0          0         10          0          0          0          0          0          0          0          0       1216 
2016-04-18T11:32:02.345782Z   1/3074306:26327          0          0          0          0          0          0          0          0          0          0          0          0          0          0          0          0          0          0          0          0          0          0          0          0          0          0          0          0          0          0          0          0          0          0          0          0          0          0          0          0          0          0          0          0          0          0          0          0          0          0          0          0          0          0          0          0          0          0          0          0          0          0          0          0          0          0          0          0          0          0          0          0          0          0          0          0          0          0          0          0          0          0          0          0          0          0          0                    0          0          0          0          0          0          0          0          0          0          0          0          0          0          0          0          0          0          0 0          0          0          0          0          0          0          0          0          0          0          0          0          0          0          0          0          0          0          0          0          0          0          0          0          0 0          0         11         53    3074304     605858        183 -13.8752000000000070 -13.8752000000000070 -15.3695999999999910 -18.5562755409938800 -16.6390545605457020 -16.0292035095869200 0.000000000000000000 3.368742368739000000 -0.02150000000000001 -0.02120000000000001 -0.02160000000000001 0.010599999999999991 0.019699999999999990 0.008700000000000001 0.045715250000000000 3.382173382170000000 1 1 0 1 1 1 1 1 1 1 1 1 1 1 1 1 1 0 0 0 0 0 1 1 1 0 0       3163         12         39    3074304     613905        183         87          0          0          0        255         12    3074233     981126          4       1850         13         54    3074304     614623        183      28068       8495          5          0          0          0          0          0          0         10          3          0          0          0          0          0          0          0       1228 
2016-04-18T11:32:32.245328Z   1/3074336:19773          0          0          0          0          0          0          0          0          0          0          0          0          0          0          0          0          0          0          0          0          0          0          0          0          0          0          0          0          0          0          0          0          0          0          0          0          0          0          0          0          0          0          0          0          0          0          0          0          0          0          0          0          0          0          0          0          0          0          0          0          0          0          0          0          0          0          0          0          0          0          0          0          0          0          0          0          0          0          0          0          0          0          0          0          0          0          0                    0          0          0          0          0          0          0          0          0          0          0          0          0          0          0          0          0          0          0 0          0          0          0          0          0          0          0          0          0          0          0          0          0          0          0          0          0          0          0          0          0          0          0          0          0 0          0         11         53    3074334     605858        184 -14.0114000000000370 -13.8752000000000070 -15.2975000000000000 -18.6016659614750500 -16.6390545605457020 -16.0292035095869200 0.000000000000000000 3.368742368739000000 -0.02150000000000001 -0.02120000000000001 -0.02160000000000001 0.010899999999999993 0.019999999999999997 0.008620000000000001 0.045991750000000005 3.382173382170000000 1 1 0 1 1 1 1 1 1 1 1 1 1 1 1 1 1 0 0 0 0 0 1 1 1 0 0       3195         12         39    3074334     613984        184         87          0          0          0        255         12    3074233     981126          4       1960         13         54    3074334     614702        184      28220       8495          5          0          0          0          0          0          0         10          1          0          0          0          0          0          0          0        978 
2016-04-18T11:33:02.244879Z   1/3074366:19773          0          0          0          0          0          0          0          0          0          0          0          0          0          0          0          0          0          0          0          0          0          0          0          0          0          0          0          0          0          0          0          0          0          0          0          0          0          0          0          0          0          0          0          0          0          0          0          0          0          0          0          0          0          0          0          0          0          0          0          0          0          0          0          0          0          0          0          0          0          0          0          0          0          0          0          0          0          0          0          0          0          0          0          0          0          0          0                    0          0          0          0          0          0          0          0          0          0          0          0          0          0          0          0          0          0          0 0          0          0          0          0          0          0          0          0          0          0          0          0          0          0          0          0          0          0          0          0          0          0          0          0          0 0          0         11         53    3074364     605858        185 -13.8752000000000070 -13.8752000000000070 -15.3695999999999910 -18.6016659614750500 -16.6828822999824520 -16.0292035095869200 0.000000000000000000 3.368742368739000000 -0.01100000000000000 -0.02120000000000001 -0.02160000000000001 0.009699999999999993 0.020899999999999995 0.008260000000000002 0.046130000000000004 3.382173382170000000 1 1 0 1 1 1 1 1 1 1 1 1 1 1 1 1 1 0 0 0 0 0 1 1 1 0 0       3221         12         39    3074364     614066        185         87          0          0          0        255         12    3074233     981126          4       2073         13         54    3074364     614784        185      28372       8495          5          0          0          0          0          0          0         10          3          0          0          0          0          0          0          0       1245 
2016-04-18T11:33:32.244430Z   1/3074396:19773          0          0          0          0          0          0          0          0          0          0          0          0          0          0          0          0          0          0          0          0          0          0          0          0          0          0          0          0          0          0          0          0          0          0          0          0          0          0          0          0          0          0          0          0          0          0          0          0          0          0          0          0          0          0          0          0          0          0          0          0          0          0          0          0          0          0          0          0          0          0          0          0          0          0          0          0          0          0          0          0          0          0          0          0          0          0          0                    0          0          0          0          0          0          0          0          0          0          0          0          0          0          0          0          0          0          0 0          0          0          0          0          0          0          0          0          0          0          0          0          0          0          0          0          0          0          0          0          0          0          0          0          0 0          0         11         53    3074394     605893        186 -14.0114000000000370 -13.8752000000000070 -15.2975000000000000 -18.6470933483502100 -16.7267457842724240 -16.0725338039098900 0.000000000000000000 3.367521367518000000 -0.02150000000000001 -0.02120000000000001 -0.02160000000000001 0.009099999999999990 0.020600000000000000 0.009060000000000000 0.046268250000000004 3.382173382170000000 1 1 0 1 1 1 1 1 1 1 1 1 1 1 1 1 1 0 0 0 0 0 1 1 1 0 0       3304         12         39    3074394     614144        186         87          0          0          0        255         12    3074233     981126          4       1927         13         54    3074394     614862        186      28524       8495          5          0          0          0          0          0          0         10          1          0          0          0          0          0          0          0       1249 
2016-04-18T11:34:02.243981Z   1/3074426:19773          0          0          0          0          0          0          0          0          0          0          0          0          0          0          0          0          0          0          0          0          0          0          0          0          0          0          0          0          0          0          0          0          0          0          0          0          0          0          0          0          0          0          0          0          0          0          0          0          0          0          0          0          0          0          0          0          0          0          0          0          0          0          0          0          0          0          0          0          0          0          0          0          0          0          0          0          0          0          0          0          0          0          0          0          0          0          0                    0          0          0          0          0          0          0          0          0          0          0          0          0          0          0          0          0          0          0 0          0          0          0          0          0          0          0          0          0          0          0          0          0          0          0          0          0          0          0          0          0          0          0          0          0 0          0         11         53    3074424     605892        187 -14.0114000000000370 -13.8752000000000070 -15.2975000000000000 -18.6470933483502100 -16.7267457842724240 -16.0725338039098900 0.000000000000000000 3.368742368739000000 -0.01100000000000000 -0.03190000000000001 -0.02160000000000001 0.009999999999999995 0.020600000000000000 0.008660000000000003 0.046544750000000000 3.382173382170000000 1 1 0 1 1 1 1 1 1 1 1 1 1 1 1 1 1 0 0 0 0 0 1 1 1 0 0       3330         12         39    3074424     614229        187         87          0          0          0        255         12    3074233     981126          4       2043         13         54    3074424     614947        187      28676       8495          5          0          0          0          0          0          0         10          0          0          0          0          0          0          0          0       1006 
2016-04-18T11:34:32.243532Z   1/3074456:19773          0          0          0          0          0          0          0          0          0          0          0          0          0          0          0          0          0          0          0          0          0          0          0          0          0          0          0          0          0          0          0          0          0          0          0          0          0          0          0          0          0          0          0          0          0          0          0          0          0          0          0          0          0          0          0          0          0          0          0          0          0          0          0          0          0          0          0          0          0          0          0          0          0          0          0          0          0          0          0          0          0          0          0          0          0          0          0                    0          0          0          0          0          0          0          0          0          0          0          0          0          0          0          0          0          0          0 0          0          0          0          0          0          0          0          0          0          0          0          0          0          0          0          0          0          0          0          0          0          0          0          0          0 0          0         11         53    3074454     605899        188 -14.0114000000000370 -13.8752000000000070 -15.3695999999999910 -18.6470933483502100 -16.7267457842724240 -16.1158994453752200 0.000000000000000000 3.367521367518000000 -0.01100000000000000 -0.02120000000000001 -0.02160000000000001 0.009699999999999993 0.019699999999999990 0.007820000000000002 0.046130000000000004 3.380952380949000000 1 1 0 1 1 1 1 1 1 1 1 1 1 1 1 1 1 0 0 0 0 0 1 1 1 0 0       3341         12         39    3074454     614309        188         87          0          0          0        255         12    3074233     981126          4       2154         13         54    3074454     615027        188      28828       8495          5          0          0          0          0          0          0         10          3          0          0          0          0          0          0          0       1272 
2016-04-18T11:35:02.243083Z   1/3074486:19773          0          0          0          0          0          0          0          0          0          0          0          0          0          0          0          0          0          0          0          0          0          0          0          0          0          0          0          0          0          0          0          0          0          0          0          0          0          0          0          0          0          0          0          0          0          0          0          0          0          0          0          0          0          0          0          0          0          0          0          0          0          0          0          0          0          0          0          0          0          0          0          0          0          0          0          0          0          0          0          0          0          0          0          0          0          0          0                    0          0          0          0          0          0          0          0          0          0          0          0          0          0          0          0          0          0          0 0          0          0          0          0          0          0          0          0          0          0          0          0          0          0          0          0          0          0          0          0          0          0          0          0          0 0          0         11         53    3074484     605858        189 -14.0114000000000370 -13.8752000000000070 -15.3695999999999910 -18.6470933483502100 -16.7267457842724240 -16.1158994453752200 0.000000000000000000 3.368742368739000000 -0.01100000000000000 -0.03190000000000001 -0.03220000000000001 0.009999999999999995 0.018499999999999996 0.008340000000000002 0.047097750000000000 3.382173382170000000 1 1 0 1 1 1 1 1 1 1 1 1 1 1 1 1 1 0 0 0 0 0 1 1 1 0 0       3348         12         39    3074484     614392        189         87          0          0          0        255         12    3074233     981126          4       2268         13         54    3074484     615110        189      28980       8495          5          0          0          0          0          0          0         10          1          0          0          0          0          0          0          0       1281 
2016-04-18T11:35:32.242634Z   1/3074516:19773          0          0          0          0          0          0          0          0          0          0          0          0          0          0          0          0          0          0          0          0          0          0          0          0          0          0          0          0          0          0          0          0          0          0          0          0          0          0          0          0          0          0          0          0          0          0          0          0          0          0          0          0          0          0          0          0          0          0          0          0          0          0          0          0          0          0          0          0          0          0          0          0          0          0          0          0          0          0          0          0          0          0          0          0          0          0          0                    0          0          0          0          0          0          0          0          0          0          0          0          0          0          0          0          0          0          0 0          0          0          0          0          0          0          0          0          0          0          0          0          0          0          0          0          0          0          0          0          0          0          0          0          0 0          0         11         53    3074514     605858        190 -14.0114000000000370 -14.0114000000000370 -15.3695999999999910 -18.6925577300271470 -16.7706450418235700 -16.1158994453752200 0.000000000000000000 3.368742368739000000 -0.02150000000000001 -0.03190000000000001 -0.02160000000000001 0.012699999999999989 0.020899999999999995 0.007820000000000002 0.045991750000000005 3.382173382170000000 1 1 0 1 1 1 1 1 1 1 1 1 1 1 1 1 1 0 0 0 0 0 1 1 1 0 0       3376         12         39    3074514     614471        190         87          0          0          0        255         12    3074233     981126          4       2123         13         54    3074514     615189        190      29132       8495          5          0          0          0          0          0          0         10          3          0          0          0          0          0          0          0       1290 
2016-04-18T11:36:02.242184Z   1/3074546:19773          0          0          0          0          0          0          0          0          0          0          0          0          0          0          0          0          0          0          0          0          0          0          0          0          0          0          0          0          0          0          0          0          0          0          0          0          0          0          0          0          0          0          0          0          0          0          0          0          0          0          0          0          0          0          0          0          0          0          0          0          0          0          0          0          0          0          0          0          0          0          0          0          0          0          0          0          0          0          0          0          0          0          0          0          0          0          0                    0          0          0          0          0          0          0          0          0          0          0          0          0          0          0          0          0          0          0 0          0          0          0          0          0          0          0          0          0          0          0          0          0          0          0          0          0          0          0          0          0          0          0          0          0 0          0         11         53    3074544     605858        191 -14.0114000000000370 -14.0114000000000370 -15.4416999999999970 -18.6925577300271470 -16.7706450418235700 -16.1593004623908300 0.000000000000000000 3.368742368739000000 -0.01100000000000000 -0.02120000000000001 -0.01100000000000001 0.010299999999999990 0.019999999999999997 0.008100000000000001 0.046544750000000000 3.382173382170000000 1 1 0 1 1 1 1 1 1 1 1 1 1 1 1 1 1 0 0 0 0 0 1 1 1 0 0       3412         12         39    3074544     613552        191         87          0          0          0        255         12    3074233     981126          4       2255         13         54    3074544     614270        191      29284       8495          5          0          0          0          0          0          0         10          1          0          0          0          0          0          0          0       1317 
2016-04-18T11:36:32.241735Z   1/3074576:19773          0          0          0          0          0          0          0          0          0          0          0          0          0          0          0          0          0          0          0          0          0          0          0          0          0          0          0          0          0          0          0          0          0          0          0          0          0          0          0          0          0          0          0          0          0          0          0          0          0          0          0          0          0          0          0          0          0          0          0          0          0          0          0          0          0          0          0          0          0          0          0          0          0          0          0          0          0          0          0          0          0          0          0          0          0          0          0                    0          0          0          0          0          0          0          0          0          0          0          0          0          0          0          0          0          0          0 0          0          0          0          0          0          0          0          0          0          0          0          0          0          0          0          0          0          0          0          0          0          0          0          0          0 0          0         11         53    3074574     605858        192 -14.0114000000000370 -14.0114000000000370 -15.3695999999999910 -18.7380591349139540 -16.8145801010438730 -16.1593004623908300 0.000000000000000000 3.368742368739000000 -0.02150000000000001 -0.02120000000000001 -0.01100000000000001 0.009399999999999992 0.019999999999999997 0.007940000000000001 0.046683000000000000 3.382173382170000000 1 1 0 1 1 1 1 1 1 1 1 1 1 1 1 1 1 0 0 0 0 0 1 1 1 0 0       3182         12         39    3074574     613634        192         87          0          0          0        255         12    3074233     981126          4       1858         13         54    3074574     614352        192      29436       8495          5          0          0          0          0          0          0         10          3          0          0          0          0          0          0          0       1329 
2016-04-18T11:37:02.241286Z   1/3074606:19773          0          0          0          0          0          0          0          0          0          0          0          0          0          0          0          0          0          0          0          0          0          0          0          0          0          0          0          0          0          0          0          0          0          0          0          0          0          0          0          0          0          0          0          0          0          0          0          0          0          0          0          0          0          0          0          0          0          0          0          0          0          0          0          0          0          0          0          0          0          0          0          0          0          0          0          0          0          0          0          0          0          0          0          0          0          0          0                    0          0          0          0          0          0          0          0          0          0          0          0          0          0          0          0          0          0          0 0          0          0          0          0          0          0          0          0          0          0          0          0          0          0          0          0          0          0          0          0          0          0          0          0          0 0          0         11         53    3074604     605858        193 -14.1476000000000110 -14.0114000000000370 -15.4416999999999970 -18.7835975914184130 -16.7706450418235700 -16.1593004623908300 0.000000000000000000 3.367521367518000000 -0.02150000000000001 -0.03190000000000001 -0.02160000000000001 0.009399999999999992 0.020299999999999990 0.008260000000000002 0.046268250000000004 3.382173382170000000 1 1 0 1 1 1 1 1 1 1 1 1 1 1 1 1 1 0 0 0 0 0 1 1 1 0 0       3216         12         39    3074604     613716        193         87          0          0          0        255         12    3074233     981126          4       1971         13         54    3074604     614434        193      29588       8495          5          0          0          0          0          0          0         10          1          0          0          0          0          0          0          0       1082 
2016-04-18T11:37:32.240837Z   1/3074636:19773          0          0          0          0          0          0          0          0          0          0          0          0          0          0          0          0          0          0          0          0          0          0          0          0          0          0          0          0          0          0          0          0          0          0          0          0          0          0          0          0          0          0          0          0          0          0          0          0          0          0          0          0          0          0          0          0          0          0          0          0          0          0          0          0          0          0          0          0          0          0          0          0          0          0          0          0          0          0          0          0          0          0          0          0          0          0          0                    0          0          0          0          0          0          0          0          0          0          0          0          0          0          0          0          0          0          0 0          0          0          0          0          0          0          0          0          0          0          0          0          0          0          0          0          0          0          0          0          0          0          0          0          0 0          0         11         53    3074634     605858        194 -14.1476000000000110 -14.0114000000000370 -15.3695999999999910 -18.7835975914184130 -16.8585509903411430 -16.2027368833646220 0.000000000000000000 3.367521367518000000 -0.02150000000000001 -0.02120000000000001 -0.02160000000000001 0.010599999999999991 0.018799999999999990 0.007700000000000000 0.046959500000000000 3.380952380949000000 1 1 0 1 1 1 1 1 1 1 1 1 1 1 1 1 1 0 0 0 0 0 1 1 1 0 0       3239         12         39    3074634     613797        194         87          0          0          0        255         12    3074233     981126          4       2083         13         54    3074634     614515        194      29740       8495          5          0          0          0          0          0          0         10          3          0          0          0          0          0          0          0       1093 
2016-04-18T11:38:02.240388Z   1/3074666:19773          0          0          0          0          0          0          0          0          0          0          0          0          0          0          0          0          0          0          0          0          0          0          0          0          0          0          0          0          0          0          0          0          0          0          0          0          0          0          0          0          0          0          0          0          0          0          0          0          0          0          0          0          0          0          0          0          0          0          0          0          0          0          0          0          0          0          0          0          0          0          0          0          0          0          0          0          0          0          0          0          0          0          0          0          0          0          0                    0          0          0          0          0          0          0          0          0          0          0          0          0          0          0          0          0          0          0 0          0          0          0          0          0          0          0          0          0          0          0          0          0          0          0          0          0          0          0          0          0          0          0          0          0 0          0         11         53    3074664     605858        195 -14.1476000000000110 -14.0114000000000370 -15.4416999999999970 -18.7835975914184130 -16.8585509903411430 -16.2462087367045170 0.000000000000000000 3.367521367518000000 -0.02150000000000001 -0.03190000000000001 -0.02160000000000001 0.009999999999999995 0.020899999999999995 0.009100000000000002 0.046821250000000000 3.382173382170000000 1 1 0 1 1 1 1 1 1 1 1 1 1 1 1 1 1 0 0 0 0 0 1 1 1 0 0       3311         12         39    3074664     613880        195         87          0          0          0        255         12    3074233     981126          4       2197         13         54    3074664     614598        195      29892       8495          5          0          0          0          0          0          0         10          1          0          0          0          0          0          0          0       1357 
2016-04-18T11:38:32.239939Z   1/3074696:19773          0          0          0          0          0          0          0          0          0          0          0          0          0          0          0          0          0          0          0          0          0          0          0          0          0          0          0          0          0          0          0          0          0          0          0          0          0          0          0          0          0          0          0          0          0          0          0          0          0          0          0          0          0          0          0          0          0          0          0          0          0          0          0          0          0          0          0          0          0          0          0          0          0          0          0          0          0          0          0          0          0          0          0          0          0          0          0                    0          0          0          0          0          0          0          0          0          0          0          0          0          0          0          0          0          0          0 0          0          0          0          0          0          0          0          0          0          0          0          0          0          0          0          0          0          0          0          0          0          0          0          0          0 0          0         11         53    3074694     605858        196 -14.1476000000000110 -14.0114000000000370 -15.5138000000000030 -18.8291731279485650 -16.8585509903411430 -16.2462087367045170 0.000000000000000000 3.368742368739000000 -0.02150000000000001 -0.02120000000000001 -0.02160000000000001 0.010599999999999991 0.018499999999999996 0.007860000000000000 0.046959500000000000 3.382173382170000000 1 1 0 1 1 1 1 1 1 1 1 1 1 1 1 1 1 0 0 0 0 0 1 1 1 0 0       3310         12         39    3074694     613959        196         87          0          0          0        255         12    3074233     981126          4       2052         13         54    3074694     614677        196      30044       8495          5          0          0          0          0          0          0         10          0          0          0          0          0          0          0          0       1108 
2016-04-18T11:39:02.239490Z   1/3074726:19773          0          0          0          0          0          0          0          0          0          0          0          0          0          0          0          0          0          0          0          0          0          0          0          0          0          0          0          0          0          0          0          0          0          0          0          0          0          0          0          0          0          0          0          0          0          0          0          0          0          0          0          0          0          0          0          0          0          0          0          0          0          0          0          0          0          0          0          0          0          0          0          0          0          0          0          0          0          0          0          0          0          0          0          0          0          0          0                    0          0          0          0          0          0          0          0          0          0          0          0          0          0          0          0          0          0          0 0          0          0          0          0          0          0          0          0          0          0          0          0          0          0          0          0          0          0          0          0          0          0          0          0          0 0          0         11         53    3074724     605859        197 -14.2837999999999850 -14.0114000000000370 -15.5858999999999950 -18.8291731279485650 -16.8585509903411430 -16.2897160508184130 0.000000000000000000 3.367521367518000000 -0.02150000000000001 -0.03190000000000001 -0.02160000000000001 0.011199999999999995 0.019699999999999990 0.008300000000000000 0.046683000000000000 3.382173382170000000 1 1 0 1 1 1 1 1 1 1 1 1 1 1 1 1 1 0 0 0 0 0 1 1 1 0 0       3356         12         39    3074724     614042        197         87          0          0          0        255         12    3074233     981126          4       2166         13         54    3074724     614760        197      30196       8495          5          0          0          0          0          0          0         10          3          0          0          0          0          0          0          0       1377 
2016-04-18T11:39:32.239041Z   1/3074756:19773          0          0          0          0          0          0          0          0          0          0          0          0          0          0          0          0          0          0          0          0          0          0          0          0          0          0          0          0          0          0          0          0          0          0          0          0          0          0          0          0          0          0          0          0          0          0          0          0          0          0          0          0          0          0          0          0          0          0          0          0          0          0          0          0          0          0          0          0          0          0          0          0          0          0          0          0          0          0          0          0          0          0          0          0          0          0          0                    0          0          0          0          0          0          0          0          0          0          0          0          0          0          0          0          0          0          0 0          0          0          0          0          0          0          0          0          0          0          0          0          0          0          0          0          0          0          0          0          0          0          0          0          0 0          0         11         53    3074754     605892        198 -14.1476000000000110 -14.0114000000000370 -15.5138000000000030 -18.8291731279485650 -16.9025577381234500 -16.2897160508184130 0.000000000000000000 3.367521367518000000 -0.02150000000000001 -0.02120000000000001 -0.02160000000000001 0.011199999999999995 0.019999999999999997 0.008420000000000002 0.045853500000000005 3.382173382170000000 1 1 0 1 1 1 1 1 1 1 1 1 1 1 1 1 1 0 0 0 0 0 1 1 1 0 0       3420         12         39    3074754     614126        198         87          0          0          0        255         12    3074233     981126          4       2281         13         54    3074754     614844        198      30348       8495          5          0          0          0          0          0          0         10          1          0          0          0          0          0          0          0       1387 
2016-04-18T11:40:02.238592Z   1/3074786:19773          0          0          0          0          0          0          0          0          0          0          0          0          0          0          0          0          0          0          0          0          0          0          0          0          0          0          0          0          0          0          0          0          0          0          0          0          0          0          0          0          0          0          0          0          0          0          0          0          0          0          0          0          0          0          0          0          0          0          0          0          0          0          0          0          0          0          0          0          0          0          0          0          0          0          0          0          0          0          0          0          0          0          0          0          0          0          0                    0          0          0          0          0          0          0          0          0          0          0          0          0          0          0          0          0          0          0 0          0          0          0          0          0          0          0          0          0          0          0          0          0          0          0          0          0          0          0          0          0          0          0          0          0 0          0         11         53    3074784     605892        199 -14.2837999999999850 -14.0114000000000370 -15.5138000000000030 -18.8291731279485650 -16.9025577381234500 -16.2897160508184130 0.000000000000000000 3.368742368739000000 -0.02150000000000001 -0.03190000000000001 -0.03220000000000001 0.009999999999999995 0.020299999999999990 0.008180000000000002 0.046959500000000000 3.382173382170000000 1 1 0 1 1 1 1 1 1 1 1 1 1 1 1 1 1 0 0 0 0 0 1 1 1 0 0       3448         12         39    3074784     614206        199         87          0          0          0        255         12    3074233     981126          4       2137         13         54    3074784     614924        199      30500       8495          5          0          0          0          0          0          0         10          3          0          0          0          0          0          0          0       1142 
2016-04-18T11:40:32.238143Z   1/3074816:19773          0          0          0          0          0          0          0          0          0          0          0          0          0          0          0          0          0          0          0          0          0          0          0          0          0          0          0          0          0          0          0          0          0          0          0          0          0          0          0          0          0          0          0          0          0          0          0          0          0          0          0          0          0          0          0          0          0          0          0          0          0          0          0          0          0          0          0          0          0          0          0          0          0          0          0          0          0          0          0          0          0          0          0          0          0          0          0                    0          0          0          0          0          0          0          0          0          0          0          0          0          0          0          0          0          0          0 0          0          0          0          0          0          0          0          0          0          0          0          0          0          0          0          0          0          0          0          0          0          0          0          0          0 0          0         11         53    3074814     605899        200 -14.2837999999999850 -14.0114000000000370 -15.5858999999999950 -18.8747857729122200 -16.9025577381234500 -16.3332588541143200 0.000000000000000000 3.368742368739000000 -0.02150000000000001 -0.02120000000000001 -0.02160000000000001 0.010599999999999991 0.019999999999999997 0.008860000000000002 0.046130000000000004 3.382173382170000000 1 1 0 1 1 1 1 1 1 1 1 1 1 1 1 1 1 0 0 0 0 0 1 1 1 0 0       3503         12         39    3074814     614287        200         87          0          0          0        255         12    3074233     981126          4       2249         13         54    3074814     615005        200      30652       8495          5          0          0          0          0          0          0         10          1          0          0          0          0          0          0          0       1404 
2016-04-18T11:41:02.237694Z   1/3074846:19773          0          0          0          0          0          0          0          0          0          0          0          0          0          0          0          0          0          0          0          0          0          0          0          0          0          0          0          0          0          0          0          0          0          0          0          0          0          0          0          0          0          0          0          0          0          0          0          0          0          0          0          0          0          0          0          0          0          0          0          0          0          0          0          0          0          0          0          0          0          0          0          0          0          0          0          0          0          0          0          0          0          0          0          0          0          0          0                    0          0          0          0          0         10         21    3074834      33701         13          4          0          0          0          0          0          0          0          0 0          0          0          0          0          0          0          0          0          0          0          0          0          0          0          0          0          0          0          0          0          0          0          0          0          0 0        643         11         53    3074844     605897        201 -14.1476000000000110 -14.0114000000000370 -15.5858999999999950 -18.9204355547173860 -16.9466003727985420 -16.3332588541143200 0.000000000000000000 3.368742368739000000 -0.02150000000000001 -0.01050000000000001 -0.02160000000000001 0.011499999999999990 0.019999999999999997 0.008620000000000001 0.046821250000000000 3.382173382170000000 1 1 0 1 1 1 1 1 1 1 1 1 1 1 1 1 1 0 0 0 0 0 1 1 1 0 0       3283         12         39    3074844     614515        201         87          0          0          0        255         13    3074834      33701          4       1735         13         54    3074844     615239        201      30825       9350          5          0          0          0          0          0          0         11          3          0          0          0          0          0          0          0       1170 
2016-04-18T11:41:32.237245Z   1/3074876:19773          0          0          0          0          0          0          0          0          0          0          0          0          0          0          0          0          0          0          0          0          0          0          0          0          0          0          0          0          0          0          0          0          0          0          0          0          0          0          0          0          0          0          0          0          0          0          0          0          0          0          0          0          0          0          0          0          0          0          0          0          0          0          0          0          0          0          0          0          0          0          0          0          0          0          0          0          0          0          0          0          0          0          0          0          0          0          0                    0          0          0          0          0          0          0          0          0          0          0          0          0          0          0          0          0          0          0 0          0          0          0          0          0          0          0          0          0          0          0          0          0          0          0          0          0          0          0          0          0          0          0          0          0 0          0         11         53    3074874     605858        202 -14.1476000000000110 -14.1476000000000110 -15.6580000000000010 -18.9204355547173860 -16.9466003727985420 -16.3768371750000500 0.000000000000000000 3.367521367518000000 -0.02150000000000001 -0.03190000000000001 -0.02160000000000001 0.008799999999999995 0.020899999999999995 0.008340000000000002 0.047236000000000000 3.382173382170000000 1 1 0 1 1 1 1 1 1 1 1 1 1 1 1 1 1 0 0 0 0 0 1 1 1 0 0       3263         12         39    3074874     614448        202         87          0          0          0        255         13    3074834      33701          4       1699         13         54    3074874     615166        202      30977       9350          5          0          0          0          0          0          0         11          3          0          0          0          0          0          0          0       1280 
2016-04-18T11:42:02.236796Z   1/3074906:19773          0          0          0          0          0          0          0          0          0          0          0          0          0          0          0          0          0          0          0          0          0          0          0          0          0          0          0          0          0          0          0          0          0          0          0          0          0          0          0          0          0          0          0          0          0          0          0          0          0          0          0          0          0          0          0          0          0          0          0          0          0          0          0          0          0          0          0          0          0          0          0          0          0          0          0          0          0          0          0          0          0          0          0          0          0          0          0                    0          0          0          0          0          0          0          0          0          0          0          0          0          0          0          0          0          0          0 0          0          0          0          0          0          0          0          0          0          0          0          0          0          0          0          0          0          0          0          0          0          0          0          0          0 0          0         11         53    3074904     605858        203 -14.2837999999999850 -14.1476000000000110 -15.6580000000000010 -18.9204355547173860 -16.9906789227744920 -16.3768371750000500 0.000000000000000000 3.368742368739000000 -0.01100000000000000 -0.03190000000000001 -0.01100000000000001 0.009699999999999993 0.018799999999999990 0.007900000000000003 0.046683000000000000 3.382173382170000000 1 1 0 1 1 1 1 1 1 1 1 1 1 1 1 1 1 0 0 0 0 0 1 1 1 0 0       3278         12         39    3074904     613541        203         87          0          0          0        255         13    3074834      33701          4       1843         13         54    3074904     614260        203      31129       9350          5          0          0          0          0          0          0         11          1          0          0          0          0          0          0          0       1320 
2016-04-18T11:42:32.236347Z   1/3074936:19773          0          0          0          0          0          0          0          0          0          0          0          0          0          0          0          0          0          0          0          0          0          0          0          0          0          0          0          0          0          0          0          0          0          0          0          0          0          0          0          0          0          0          0          0          0          0          0          0          0          0          0          0          0          0          0          0          0          0          0          0          0          0          0          0          0          0          0          0          0          0          0          0          0          0          0          0          0          0          0          0          0          0          0          0          0          0          0                    0          0          0          0          0          0          0          0          0          0          0          0          0          0          0          0          0          0          0 0          0          0          0          0          0          0          0          0          0          0          0          0          0          0          0          0          0          0          0          0          0          0          0          0          0 0          0         11         53    3074934     605859        204 -14.2837999999999850 -14.1476000000000110 -15.5858999999999950 -18.9661225017718780 -16.9906789227744920 -16.3768371750000500 0.000000000000000000 3.368742368739000000 -0.01100000000000000 -0.03190000000000001 -0.02160000000000001 0.011499999999999990 0.020899999999999995 0.008460000000000000 0.047236000000000000 3.382173382170000000 1 1 0 1 1 1 1 1 1 1 1 1 1 1 1 1 1 0 0 0 0 0 1 1 1 0 0       3340         12         39    3074934     613624        204         87          0          0          0        255         13    3074834      33701          4       1957         13         54    3074934     614343        204      31281       9350          5          0          0          0          0          0          0         11          3          0          0          0          0          0          0          0       1333 
2016-04-18T11:43:02.235897Z   1/3074966:19773          0          0          0          0          0          0          0          0          0          0          0          0          0          0          0          0          0          0          0          0          0          0          0          0          0          0          0          0          0          0          0          0          0          0          0          0          0          0          0          0          0          0          0          0          0          0          0          0          0          0          0          0          0          0          0          0          0          0          0          0          0          0          0          0          0          0          0          0          0          0          0          0          0          0          0          0          0          0          0          0          0          0          0          0          0          0          0                    0          0          0          0          0          0          0          0          0          0          0          0          0          0          0          0          0          0          0 0          0          0          0          0          0          0          0          0          0          0          0          0          0          0          0          0          0          0          0          0          0          0          0          0          0 0          0         11         53    3074964     605858        205 -14.2837999999999850 -14.1476000000000110 -15.7300999999999930 -18.9661225017718780 -16.9906789227744920 -16.4204510418836380 0.000000000000000000 3.367521367518000000 -0.02150000000000001 -0.02120000000000001 -0.02160000000000001 0.010299999999999990 0.019999999999999997 0.008580000000000003 0.046821250000000000 3.382173382170000000 1 1 0 1 1 1 1 1 1 1 1 1 1 1 1 1 1 0 0 0 0 0 1 1 1 0 0       3365         12         39    3074964     613705        205         87          0          0          0        255         13    3074834      33701          4       1814         13         54    3074964     614424        205      31433       9350          5          0          0          0          0          0          0         11          1          0          0          0          0          0          0          0       1340 
2016-04-18T11:43:32.235448Z   1/3074996:19773          0          0          0          0          0          0          0          0          0          0          0          0          0          0          0          0          0          0          0          0          0          0          0          0          0          0          0          0          0          0          0          0          0          0          0          0          0          0          0          0          0          0          0          0          0          0          0          0          0          0          0          0          0          0          0          0          0          0          0          0          0          0          0          0          0          0          0          0          0          0          0          0          0          0          0          0          0          0          0          0          0          0          0          0          0          0          0                    0          0          0          0          0          0          0          0          0          0          0          0          0          0          0          0          0          0          0 0          0          0          0          0          0          0          0          0          0          0          0          0          0          0          0          0          0          0          0          0          0          0          0          0          0 0          0         11         53    3074994     605858        206 -14.2837999999999850 -14.1476000000000110 -15.6580000000000010 -18.9661225017718780 -17.0347934164591380 -16.4204510418836380 0.000000000000000000 3.367521367518000000 -0.01100000000000000 -0.02120000000000001 -0.02160000000000001 0.009999999999999995 0.020899999999999995 0.007740000000000002 0.046130000000000004 3.382173382170000000 1 1 0 1 1 1 1 1 1 1 1 1 1 1 1 1 1 0 0 0 0 0 1 1 1 0 0       3373         12         39    3074994     613788        206         87          0          0          0        255         13    3074834      33701          4       1928         13         54    3074994     614507        206      31585       9350          5          0          0          0          0          0          0         11          0          0          0          0          0          0          0          0       1350 
2016-04-18T11:44:02.234999Z   1/3075026:19773          0          0          0          0          0          0          0          0          0          0          0          0          0          0          0          0          0          0          0          0          0          0          0          0          0          0          0          0          0          0          0          0          0          0          0          0          0          0          0          0          0          0          0          0          0          0          0          0          0          0          0          0          0          0          0          0          0          0          0          0          0          0          0          0          0          0          0          0          0          0          0          0          0          0          0          0          0          0          0          0          0          0          0          0          0          0          0                    0          0          0          0          0          0          0          0          0          0          0          0          0          0          0          0          0          0          0 0          0          0          0          0          0          0          0          0          0          0          0          0          0          0          0          0          0          0          0          0          0          0          0          0          0 0          0         11         53    3075024     605858        207 -14.2837999999999850 -14.1476000000000110 -15.6580000000000010 -19.0118466424837900 -16.9906789227744920 -16.4204510418836380 0.000000000000000000 3.367521367518000000 -0.02150000000000001 -0.02120000000000001 -0.01100000000000001 0.010599999999999991 0.020299999999999990 0.008460000000000000 0.046821250000000000 3.380952380949000000 1 1 0 1 1 1 1 1 1 1 1 1 1 1 1 1 1 0 0 0 0 0 1 1 1 0 0       3426         12         39    3075024     613869        207         87          0          0          0        255         13    3074834      33701          4       2040         13         54    3075024     614588        207      31737       9350          5          0          0          0          0          0          0         11          3          0          0          0          0          0          0          0       1617 
2016-04-18T11:44:28.234610Z   1/3075052:19773          0          0          0          0          0          0          0          0          0          0          0          0          0          0          0          0          0          0          0          0          0          0          0          0          0          0          0          0          0          0          0          0          0          0          0          0          0          0          0          0          0          0          0          0          0          0          0          0          0          0          0          0          0          0          0          0          0          0          0          0          0          0          0          0          0          0          0          0          0          0          0          0          0          0          0          0          0          0          0          0          0          0          0          0          0          0          0                    0          0          0          0          0          0          0          0          0          0          0          0          0          0          0          0          0          0          0 0          0          0          0          0          0          0          0          0          0          0          0          0          0          0          0          0          0          0          0          0          0          0          0          0          0 0          0         11         53    3075024     605858        207 -14.2837999999999850 -14.1476000000000110 -15.6580000000000010 -19.0118466424837900 -16.9906789227744920 -16.4204510418836380 0.000000000000000000 3.367521367518000000 -0.02150000000000001 -0.02120000000000001 -0.01100000000000001 0.010599999999999991 0.020299999999999990 0.008460000000000000 0.046821250000000000 3.380952380949000000 1 1 0 1 1 1 1 1 1 1 1 1 1 1 1 1 1 0 0 0 0 0 1 1 1 0 0       3426         12         39    3075024     613869        207         87          0          0          0        255         13    3074834      33701          4       2040         13         54    3075024     614588        207      31737       9350          5          0          0          0          0          0          0         11          3          0          0          0          0          0          0          0       1617 
2016-04-18T11:44:55.234206Z   1/3075079:19773          0          0          0          0          0          0          0          0          0          0          0          0          0          0          0          0          0          0          0          0          0          0          0          0          0          0          0          0          0          0          0          0          0          0          0          0          0          0          0          0          0          0          0          0          0          0          0          0          0          0          0          0          0          0          0          0          0          0          0          0          0          0          0          0          0          0          0          0          0          0          0          0          0          0          0          0          0          0          0          0          0          0          0          0          0          0          0                    0          0          0          0          0          0          0          0          0          0          0          0          0          0          0          0          0          0          0 0          0          0          0          0          0          0          0          0          0          0          0          0          0          0          0          0          0          0          0          0          0          0          0          0          0 0          0         11         53    3075054     605858        208 -14.2837999999999850 -14.1476000000000110 -15.6580000000000010 -19.0118466424837900 -17.0789438822604600 -16.4641004831729000 0.000000000000000000 3.368742368739000000 -0.02150000000000001 -0.03190000000000001 -0.02160000000000001 0.010599999999999991 0.021199999999999990 0.008460000000000000 0.046821250000000000 3.382173382170000000 1 1 0 1 1 1 1 1 1 1 1 1 1 1 1 1 1 0 0 0 0 0 1 1 1 0 0       3463         12         39    3075054     613952        208         87          0          0          0        255         13    3074834      33701          4       1899         13         54    3075054     614671        208      31889       9350          5          0          0          0          0          0          0         11          1          0          0          0          0          0          0          0       1371 
2016-04-18T11:45:31.233667Z   1/3075115:19773          0          0          0          0          0          0          0          0          0          0          0          0          0          0          0          0          0          0          0          0          0          0          0          0          0          0          0          0          0          0          0          0          0          0          0          0          0          0          0          0          0          0          0          0          0          0          0          0          0          0          0          0          0          0          0          0          0          0          0          0          0          0          0          0          0          0          0          0          0          0          0          0          0          0          0          0          0          0          0          0          0          0          0          0          0          0          0                    0          0          0          0          0          0          0          0          0          0          0          0          0          0          0          0          0          0          0 0          0          0          0          0          0          0          0          0          0          0          0          0          0          0          0          0          0          0          0          0          0          0          0          0          0 0          0         11         53    3075084     605859        209 -14.2837999999999850 -14.1476000000000110 -15.7300999999999930 -19.0118466424837900 -17.0789438822604600 -16.5077855272758430 0.000000000000000000 3.367521367518000000 -0.01100000000000000 -0.03190000000000001 -0.01100000000000001 0.010899999999999993 0.020600000000000000 0.008020000000000001 0.046268250000000004 3.382173382170000000 1 1 0 1 1 1 1 1 1 1 1 1 1 1 1 1 1 0 0 0 0 0 1 1 1 0 0       3227         12         39    3075084     614035        209         87          0          0          0        255         13    3074834      33701          4       1758         13         54    3075084     614754        209      32041       9350          5          0          0          0          0          0          0         11          3          0          0          0          0          0          0          0       1129 
2016-04-18T11:46:01.233218Z   1/3075145:19773          0          0          0          0          0          0          0          0          0          0          0          0          0          0          0          0          0          0          0          0          0          0          0          0          0          0          0          0          0          0          0          0          0          0          0          0          0          0          0          0          0          0          0          0          0          0          0          0          0          0          0          0          0          0          0          0          0          0          0          0          0          0          0          0          0          0          0          0          0          0          0          0          0          0          0          0          0          0          0          0          0          0          0          0          0          0          0                    0          0          0          0          0          0          0          0          0          0          0          0          0          0          0          0          0          0          0 0          0          0          0          0          0          0          0          0          0          0          0          0          0          0          0          0          0          0          0          0          0          0          0          0          0 0          0         11         53    3075114     605880        210 -14.4200000000000160 -14.2837999999999850 -15.7300999999999930 -19.0576080052608750 -17.0789438822604600 -16.5077855272758430 0.000000000000000000 3.368742368739000000 -0.02150000000000001 -0.03190000000000001 -0.01100000000000001 0.010599999999999991 0.020899999999999995 0.008220000000000000 0.046544750000000000 3.382173382170000000 1 1 0 1 1 1 1 1 1 1 1 1 1 1 1 1 1 0 0 0 0 0 1 1 1 0 0       3285         12         39    3075114     614100        210         87          0          0          0        255         13    3074834      33701          4       1854         13         54    3075114     614819        210      32193       9350          5          0          0          0          0          0          0         11          1          0          0          0          0          0          0          0       1375 
2016-04-18T11:46:31.232769Z   1/3075175:19773          0          0          0          0          0          0          0          0          0          0          0          0          0          0          0          0          0          0          0          0          0          0          0          0          0          0          0          0          0          0          0          0          0          0          0          0          0          0          0          0          0          0          0          0          0          0          0          0          0          0          0          0          0          0          0          0          0          0          0          0          0          0          0          0          0          0          0          0          0          0          0          0          0          0          0          0          0          0          0          0          0          0          0          0          0          0          0                    0          0          0          0          0          0          0          0          0          0          0          0          0          0          0          0          0          0          0 0          0          0          0          0          0          0          0          0          0          0          0          0          0          0          0          0          0          0          0          0          0          0          0          0          0 0          0         11         53    3075144     605892        211 -14.4200000000000160 -14.2837999999999850 -15.8022000000000000 -19.0576080052608750 -17.1231303485862720 -16.5077855272758430 0.001221001221000000 3.368742368739000000 -0.02150000000000001 -0.02120000000000001 -0.01100000000000001 0.010299999999999990 0.020299999999999990 0.008580000000000003 0.046544750000000000 3.382173382170000000 1 1 0 1 1 1 1 1 1 1 1 1 1 1 1 1 1 0 0 0 0 0 1 1 1 0 0       3338         12         39    3075144     614197        211         87          0          0          0        255         13    3074834      33701          4       1727         13         54    3075144     614916        211      32345       9350          5          0          0          0          0          0          0         11          0          0          0          0          0          0          0          0       1144 
2016-04-18T11:47:01.232320Z   1/3075205:19773          0          0          0          0          0          0          0          0          0          0          0          0          0          0          0          0          0          0          0          0          0          0          0          0          0          0          0          0          0          0          0          0          0          0          0          0          0          0          0          0          0          0          0          0          0          0          0          0          0          0          0          0          0          0          0          0          0          0          0          0          0          0          0          0          0          0          0          0          0          0          0          0          0          0          0          0          0          0          0          0          0          0          0          0          0          0          0                    0          0          0          0          0          0          0          0          0          0          0          0          0          0          0          0          0          0          0 0          0          0          0          0          0          0          0          0          0          0          0          0          0          0          0          0          0          0          0          0          0          0          0          0          0 0          0         11         53    3075174     605892        212 -14.4200000000000160 -14.2837999999999850 -15.8022000000000000 -19.1034066185111160 -17.1231303485862720 -16.5077855272758430 0.000000000000000000 3.368742368739000000 -0.02150000000000001 -0.02120000000000001 -0.02160000000000001 0.011499999999999990 0.019100000000000000 0.008820000000000000 0.046268250000000004 3.382173382170000000 1 1 0 1 1 1 1 1 1 1 1 1 1 1 1 1 1 0 0 0 0 0 1 1 1 0 0       3372         12         39    3075174     614279        212         87          0          0          0        255         13    3074834      33701          4       1840         13         54    3075174     614998        212      32497       9350          5          0          0          0          0          0          0         11          3          0          0          0          0          0          0          0       1412 
2016-04-18T11:47:54.231526Z   1/3075258:19773          0          0          0          0          0          0          0          0          0          0          0          0          0          0          0          0          0          0          0          0          0          0          0          0          0          0          0          0          0          0          0          0          0          0          0          0          0          0          0          0          0          0          0          0          0          0          0          0          0          0          0          0          0          0          0          0          0          0          0          0          0          0          0          0          0          0          0          0          0          0          0          0          0          0          0          0          0          0          0          0          0          0          0          0          0          0          0                    0          0          0          0          0          0          0          0          0          0          0          0          0          0          0          0          0          0          0 0          0          0          0          0          0          0          0          0          0          0          0          0          0          0          0          0          0          0          0          0          0          0          0          0          0 0          0         11         53    3075234     605858        214 -14.4200000000000160 -14.2837999999999850 -15.8022000000000000 -19.1034066185111160 -17.1673528438446680 -16.5515062026003080 0.000000000000000000 3.368742368739000000 -0.02150000000000001 -0.02120000000000001 -0.03220000000000001 0.009399999999999992 0.020299999999999990 0.008300000000000000 0.048065500000000004 3.382173382170000000 1 1 0 1 1 1 1 1 1 1 1 1 1 1 1 1 1 0 0 0 0 0 1 1 1 0 0       3398         12         39    3075234     614446        214         87          0          0          0        255         13    3074834      33701          4       1814         13         54    3075234     615165        214      32801       9350          5          0          0          0          0          0          0         11          3          0          0          0          0          0          0          0       1435 
2016-04-18T11:48:27.231032Z   1/3075291:19773          0          0          0          0          0          0          0          0          0          0          0          0          0          0          0          0          0          0          0          0          0          0          0          0          0          0          0          0          0          0          0          0          0          0          0          0          0          0          0          0          0          0          0          0          0          0          0          0          0          0          0          0          0          0          0          0          0          0          0          0          0          0          0          0          0          0          0          0          0          0          0          0          0          0          0          0          0          0          0          0          0          0          0          0          0          0          0                    0          0          0          0          0          0          0          0          0          0          0          0          0          0          0          0          0          0          0 0          0          0          0          0          0          0          0          0          0          0          0          0          0          0          0          0          0          0          0          0          0          0          0          0          0 0          0         11         53    3075264     605858        215 -14.4200000000000160 -14.2837999999999850 -15.8742999999999910 -19.1492425106425230 -17.1673528438446680 -16.5952625375543330 0.000000000000000000 3.367521367518000000 -0.02150000000000001 -0.02120000000000001 -0.01100000000000001 0.011199999999999995 0.019100000000000000 0.008700000000000001 0.046683000000000000 3.382173382170000000 1 1 0 1 1 1 1 1 1 1 1 1 1 1 1 1 1 0 0 0 0 0 1 1 1 0 0       3435         12         39    3075264     613543        215         87          0          0          0        255         13    3074834      33701          4       1962         13         54    3075264     614271        215      32953       9350          5          0          0          0          0          0          0         11          0          0          0          0          0          0          0          0       1486 
2016-04-18T11:48:57.230583Z   1/3075321:19773          0          0          0          0          0          0          0          0          0          0          0          0          0          0          0          0          0          0          0          0          0          0          0          0          0          0          0          0          0          0          0          0          0          0          0          0          0          0          0          0          0          0          0          0          0          0          0          0          0          0          0          0          0          0          0          0          0          0          0          0          0          0          0          0          0          0          0          0          0          0          0          0          0          0          0          0          0          0          0          0          0          0          0          0          0          0          0                    0          0          0          0          0          0          0          0          0          0          0          0          0          0          0          0          0          0          0 0          0          0          0          0          0          0          0          0          0          0          0          0          0          0          0          0          0          0          0          0          0          0          0          0          0 0          0         11         53    3075294     605861        216 -14.4200000000000160 -14.4200000000000160 -15.8742999999999910 -19.1951157100628800 -17.1673528438446680 -16.5952625375543330 0.000000000000000000 3.367521367518000000 -0.02150000000000001 -0.02120000000000001 -0.02160000000000001 0.009999999999999995 0.020600000000000000 0.007700000000000000 0.046821250000000000 3.380952380949000000 1 1 0 1 1 1 1 1 1 1 1 1 1 1 1 1 1 0 0 0 0 0 1 1 1 0 0       3444         12         39    3075294     613596        216         87          0          0          0        255         13    3074834      33701          4       2046         13         54    3075294     614314        216      33105       9350          5          0          0          0          0          0          0         11          1          0          0          0          0          0          0          0       1458 
2016-04-18T11:49:27.230134Z   1/3075351:19773          0          0          0          0          0          0          0          0          0          0          0          0          0          0          0          0          0          0          0          0          0          0          0          0          0          0          0          0          0          0          0          0          0          0          0          0          0          0          0          0          0          0          0          0          0          0          0          0          0          0          0          0          0          0          0          0          0          0          0          0          0          0          0          0          0          0          0          0          0          0          0          0          0          0          0          0          0          0          0          0          0          0          0          0          0          0          0                    0          0          0          0          0          0          0          0          0          0          0          0          0          0          0          0          0          0          0 0          0          0          0          0          0          0          0          0          0          0          0          0          0          0          0          0          0          0          0          0          0          0          0          0          0 0          0         11         53    3075324     605861        217 -14.4200000000000160 -14.2837999999999850 -15.8742999999999910 -19.1951157100628800 -17.2116113964434020 -16.6390545605457020 0.000000000000000000 3.368742368739000000 -0.02150000000000001 -0.02120000000000001 -0.01100000000000001 0.010599999999999991 0.020600000000000000 0.007700000000000000 0.047236000000000000 3.382173382170000000 1 1 0 1 1 1 1 1 1 1 1 1 1 1 1 1 1 0 0 0 0 0 1 1 1 0 0       3486         12         39    3075324     613679        217         87          0          0          0        255         13    3074834      33701          4       1905         13         54    3075324     614397        217      33257       9350          5          0          0          0          0          0          0         11          0          0          0          0          0          0          0          0       1723 
2016-04-18T11:49:57.229685Z   1/3075381:19773          0          0          0          0          0          0          0          0          0          0          0          0          0          0          0          0          0          0          0          0          0          0          0          0          0          0          0          0          0          0          0          0          0          0          0          0          0          0          0          0          0          0          0          0          0          0          0          0          0          0          0          0          0          0          0          0          0          0          0          0          0          0          0          0          0          0          0          0          0          0          0          0          0          0          0          0          0          0          0          0          0          0          0          0          0          0          0                    0          0          0          0          0          0          0          0          0          0          0          0          0          0          0          0          0          0          0 0          0          0          0          0          0          0          0          0          0          0          0          0          0          0          0          0          0          0          0          0          0          0          0          0          0 0          0         11         53    3075354     605861        218 -14.5561999999999900 -14.2837999999999850 -15.9463999999999970 -19.1951157100628800 -17.2116113964434020 -16.6390545605457020 0.000000000000000000 3.368742368739000000 -0.02150000000000001 -0.02120000000000001 -0.01100000000000001 0.009999999999999995 0.019699999999999990 0.008660000000000003 0.046821250000000000 3.382173382170000000 1 1 0 1 1 1 1 1 1 1 1 1 1 1 1 1 1 0 0 0 0 0 1 1 1 0 0       3278         12         39    3075354     613756        218         87          0          0          0        255         13    3074834      33701          4       1758         13         54    3075354     614474        218      33409       9350          5          0          0          0          0          0          0         11          3          0          0          0          0          0          0          0       1221 
2016-04-18T11:50:27.229236Z   1/3075411:19773          0          0          0          0          0          0          0          0          0          0          0          0          0          0          0          0          0          0          0          0          0          0          0          0          0          0          0          0          0          0          0          0          0          0          0          0          0          0          0          0          0          0          0          0          0          0          0          0          0          0          0          0          0          0          0          0          0          0          0          0          0          0          0          0          0          0          0          0          0          0          0          0          0          0          0          0          0          0          0          0          0          0          0          0          0          0          0                    0          0          0          0          0          0          0          0          0          0          0          0          0          0          0          0          0          0          0 0          0          0          0          0          0          0          0          0          0          0          0          0          0          0          0          0          0          0          0          0          0          0          0          0          0 0          0         11         53    3075384     605861        219 -14.5561999999999900 -14.4200000000000160 -15.8742999999999910 -19.1951157100628800 -17.2116113964434020 -16.6390545605457020 0.000000000000000000 3.367521367518000000 -0.02150000000000001 -0.03190000000000001 -0.02160000000000001 0.010899999999999993 0.019699999999999990 0.008420000000000002 0.046683000000000000 3.382173382170000000 1 1 0 1 1 1 1 1 1 1 1 1 1 1 1 1 1 0 0 0 0 0 1 1 1 0 0       3300         12         39    3075384     613844        219         87          0          0          0        255         13    3074834      33701          4       1877         13         54    3075384     614562        219      33561       9350          5          0          0          0          0          0          0         11          1          0          0          0          0          0          0          0       1235 
2016-04-18T11:51:01.228727Z   1/3075445:19773          0          0          0          0          0          0          0          0          0          0          0          0          0          0          0          0          0          0          0          0          0          0          0          0          0          0          0          0          0          0          0          0          0          0          0          0          0          0          0          0          0          0          0          0          0          0          0          0          0          0          0          0          0          0          0          0          0          0          0          0          0          0          0          0          0          0          0          0          0          0          0          0          0          0          0          0          0          0          0          0          0          0          0          0          0          0          0                    0          0          0          0          0          0          0          0          0          0          0          0          0          0          0          0          0          0          0 0          0          0          0          0          0          0          0          0          0          0          0          0          0          0          0          0          0          0          0          0          0          0          0          0          0 0          0         11         53    3075414     605869        220 -14.5561999999999900 -14.4200000000000160 -15.8742999999999910 -19.2410262451802230 -17.2559060347904850 -16.6828822999824520 0.000000000000000000 3.367521367518000000 -0.02150000000000001 -0.03190000000000001 -0.01100000000000001 0.010599999999999991 0.021199999999999990 0.008740000000000000 0.047097750000000000 3.380952380949000000 1 1 0 1 1 1 1 1 1 1 1 1 1 1 1 1 1 0 0 0 0 0 1 1 1 0 0       3357         12         39    3075414     613939        220         87          0          0          0        255         13    3074834      33701          4       1748         13         54    3075414     614657        220      33713       9350          5          0          0          0          0          0          0         11          3          0          0          0          0          0          0          0       1260 
2016-04-18T11:51:31.228278Z   1/3075475:19773          0          0          0          0          0          0          0          0          0          0          0          0          0          0          0          0          0          0          0          0          0          0          0          0          0          0          0          0          0          0          0          0          0          0          0          0          0          0          0          0          0          0          0          0          0          0          0          0          0          0          0          0          0          0          0          0          0          0          0          0          0          0          0          0          0          0          0          0          0          0          0          0          0          0          0          0          0          0          0          0          0          0          0          0          0          0          0                    0          0          0          0          0         10         21    3075434      82917         14          4          0          0          0          0          0          0          0          0 0          0          0          0          0          0          0          0          0          0          0          0          0          0          0          0          0          0          0          0          0          0          0          0          0          0 0        735         11         53    3075444     605870        221 -14.5561999999999900 -14.4200000000000160 -15.9463999999999970 -19.2410262451802230 -17.2559060347904850 -16.6828822999824520 0.000000000000000000 3.367521367518000000 -0.02150000000000001 -0.03190000000000001 -0.01100000000000001 0.010599999999999991 0.020299999999999990 0.008020000000000001 0.047097750000000000 3.382173382170000000 1 1 0 1 1 1 1 1 1 1 1 1 1 1 1 1 1 0 0 0 0 0 1 1 1 0 0       3370         12         39    3075444     614145        221         87          0          0          0        255         14    3075434      82917          4       1822         13         54    3075444     614869        221      33886      10190          5          0          0          0          0          0          0         12          1          0          0          0          0          0          0          0       1495 
2016-04-18T11:52:01.227829Z   1/3075505:19773          0          0          0          0          0          0          0          0          0          0          0          0          0          0          0          0          0          0          0          0          0          0          0          0          0          0          0          0          0          0          0          0          0          0          0          0          0          0          0          0          0          0          0          0          0          0          0          0          0          0          0          0          0          0          0          0          0          0          0          0          0          0          0          0          0          0          0          0          0          0          0          0          0          0          0          0          0          0          0          0          0          0          0          0          0          0          0                    0          0          0          0          0          0          0          0          0          0          0          0          0          0          0          0          0          0          0 0          0          0          0          0          0          0          0          0          0          0          0          0          0          0          0          0          0          0          0          0          0          0          0          0          0 0          0         11         53    3075474     605916        222 -14.5561999999999900 -14.4200000000000160 -15.8022000000000000 -19.2410262451802230 -17.2559060347904850 -16.7267457842724240 0.000000000000000000 3.367521367518000000 -0.02150000000000001 -0.02120000000000001 -0.03220000000000001 0.011199999999999995 0.019100000000000000 0.008100000000000001 0.047512500000000000 3.382173382170000000 1 1 0 1 1 1 1 1 1 1 1 1 1 1 1 1 1 0 0 0 0 0 1 1 1 0 0       3448         12         39    3075474     614076        222         87          0          0          0        255         14    3075434      82917          4       2039         13         54    3075474     614794        222      34038      10190          5          0          0          0          0          0          0         12          0          0          0          0          0          0          0          0       1602 
2016-04-18T11:52:31.227380Z   1/3075535:19773          0          0          0          0          0          0          0          0          0          0          0          0          0          0          0          0          0          0          0          0          0          0          0          0          0          0          0          0          0          0          0          0          0          0          0          0          0          0          0          0          0          0          0          0          0          0          0          0          0          0          0          0          0          0          0          0          0          0          0          0          0          0          0          0          0          0          0          0          0          0          0          0          0          0          0          0          0          0          0          0          0          0          0          0          0          0          0                    0          0          0          0          0          0          0          0          0          0          0          0          0          0          0          0          0          0          0 0          0          0          0          0          0          0          0          0          0          0          0          0          0          0          0          0          0          0          0          0          0          0          0          0          0 0          0         11         53    3075504     605938        223 -14.5561999999999900 -14.4200000000000160 -15.9463999999999970 -19.2869741444023930 -17.3002367872938120 -16.7267457842724240 0.000000000000000000 3.367521367518000000 -0.01100000000000000 -0.02120000000000001 -0.02160000000000001 0.011199999999999995 0.020899999999999995 0.008620000000000001 0.047650750000000000 3.380952380949000000 1 1 0 1 1 1 1 1 1 1 1 1 1 1 1 1 1 0 0 0 0 0 1 1 1 0 0       3526         12         39    3075504     614177        223         87          0          0          0        255         14    3075434      82917          4       1916         13         54    3075504     614895        223      34190      10190          5          0          0          0          0          0          0         12          3          0          0          0          0          0          0          0       1634 
2016-04-18T11:53:01.226931Z   1/3075565:19773          0          0          0          0          0          0          0          0          0          0          0          0          0          0          0          0          0          0          0          0          0          0          0          0          0          0          0          0          0          0          0          0          0          0          0          0          0          0          0          0          0          0          0          0          0          0          0          0          0          0          0          0          0          0          0          0          0          0          0          0          0          0          0          0          0          0          0          0          0          0          0          0          0          0          0          0          0          0          0          0          0          0          0          0          0          0          0                    0          0          0          0          0          0          0          0          0          0          0          0          0          0          0          0          0          0          0 0          0          0          0          0          0          0          0          0          0          0          0          0          0          0          0          0          0          0          0          0          0          0          0          0          0 0          0         11         53    3075534     605938        224 -14.5561999999999900 -14.5561999999999900 -15.9463999999999970 -19.2869741444023930 -17.3002367872938120 -16.7267457842724240 0.000000000000000000 3.367521367518000000 -0.02150000000000001 -0.03190000000000001 -0.02160000000000001 0.009999999999999995 0.021799999999999993 0.007660000000000002 0.047236000000000000 3.380952380949000000 1 1 0 1 1 1 1 1 1 1 1 1 1 1 1 1 1 0 0 0 0 0 1 1 1 0 0       3526         12         39    3075534     614258        224         87          0          0          0        255         14    3075434      82917          4       2028         13         54    3075534     614976        224      34342      10190          5          0          0          0          0          0          0         12          1          0          0          0          0          0          0          0       1386 
2016-04-18T11:53:31.226482Z   1/3075595:19773          0          0          0          0          0          0          0          0          0          0          0          0          0          0          0          0          0          0          0          0          0          0          0          0          0          0          0          0          0          0          0          0          0          0          0          0          0          0          0          0          0          0          0          0          0          0          0          0          0          0          0          0          0          0          0          0          0          0          0          0          0          0          0          0          0          0          0          0          0          0          0          0          0          0          0          0          0          0          0          0          0          0          0          0          0          0          0                    0          0          0          0          0          0          0          0          0          0          0          0          0          0          0          0          0          0          0 0          0          0          0          0          0          0          0          0          0          0          0          0          0          0          0          0          0          0          0          0          0          0          0          0          0 0          0         11         53    3075564     605937        225 -14.5561999999999900 -14.4200000000000160 -15.9463999999999970 -19.2869741444023930 -17.3002367872938120 -16.7706450418235700 0.000000000000000000 3.367521367518000000 -0.02150000000000001 -0.02120000000000001 -0.02160000000000001 0.010299999999999990 0.019699999999999990 0.008940000000000002 0.047097750000000000 3.380952380949000000 1 1 0 1 1 1 1 1 1 1 1 1 1 1 1 1 1 0 0 0 0 0 1 1 1 0 0       3584         12         39    3075564     614340        225         87          0          0          0        255         14    3075434      82917          4       2141         13         54    3075564     615058        225      34494      10190          5          0          0          0          0          0          0         12          3          0          0          0          0          0          0          0       1653 
2016-04-18T11:54:01.226033Z   1/3075625:19773          0          0          0          0          0          0          0          0          0          0          0          0          0          0          0          0          0          0          0          0          0          0          0          0          0          0          0          0          0          0          0          0          0          0          0          0          0          0          0          0          0          0          0          0          0          0          0          0          0          0          0          0          0          0          0          0          0          0          0          0          0          0          0          0          0          0          0          0          0          0          0          0          0          0          0          0          0          0          0          0          0          0          0          0          0          0          0                    0          0          0          0          0          0          0          0          0          0          0          0          0          0          0          0          0          0          0 0          0          0          0          0          0          0          0          0          0          0          0          0          0          0          0          0          0          0          0          0          0          0          0          0          0 0          0         11         53    3075594     605858        226 -14.5561999999999900 -14.4200000000000160 -16.0905999999999950 -19.3329594361373720 -17.3002367872938120 -16.7706450418235700 0.001221001221000000 3.368742368739000000 -0.01100000000000000 -0.03190000000000001 -0.02160000000000001 0.010599999999999991 0.020600000000000000 0.009180000000000002 0.047927250000000000 3.382173382170000000 1 1 0 1 1 1 1 1 1 1 1 1 1 1 1 1 1 0 0 0 0 0 1 1 1 0 0       3303         12         39    3075594     614424        226         87          0          0          0        255         14    3075434      82917          4       1746         13         54    3075594     615142        226      34646      10190          5          0          0          0          0          0          0         12          1          0          0          0          0          0          0          0       1408 
2016-04-18T11:54:31.225584Z   1/3075655:19773          0          0          0          0          0          0          0          0          0          0          0          0          0          0          0          0          0          0          0          0          0          0          0          0          0          0          0          0          0          0          0          0          0          0          0          0          0          0          0          0          0          0          0          0          0          0          0          0          0          0          0          0          0          0          0          0          0          0          0          0          0          0          0          0          0          0          0          0          0          0          0          0          0          0          0          0          0          0          0          0          0          0          0          0          0          0          0                    0          0          0          0          0          0          0          0          0          0          0          0          0          0          0          0          0          0          0 0          0          0          0          0          0          0          0          0          0          0          0          0          0          0          0          0          0          0          0          0          0          0          0          0          0 0          0         11         53    3075624     605858        227 -14.5561999999999900 -14.5561999999999900 -15.9463999999999970 -19.3329594361373720 -17.3890067484009600 -16.8145801010438730 0.000000000000000000 3.366300366297000000 -0.02150000000000001 -0.02120000000000001 -0.02160000000000001 0.010599999999999991 0.019999999999999997 0.008380000000000000 0.047512500000000000 3.380952380949000000 1 1 0 1 1 1 1 1 1 1 1 1 1 1 1 1 1 0 0 0 0 0 1 1 1 0 0       3305         12         39    3075624     613506        227         87          0          0          0        255         14    3075434      82917          4       1879         13         54    3075624     614225        227      34798      10190          5          0          0          0          0          0          0         12          3          0          0          0          0          0          0          0       1441 
2016-04-18T11:55:01.225135Z   1/3075685:19773          0          0          0          0          0          0          0          0          0          0          0          0          0          0          0          0          0          0          0          0          0          0          0          0          0          0          0          0          0          0          0          0          0          0          0          0          0          0          0          0          0          0          0          0          0          0          0          0          0          0          0          0          0          0          0          0          0          0          0          0          0          0          0          0          0          0          0          0          0          0          0          0          0          0          0          0          0          0          0          0          0          0          0          0          0          0          0                    0          0          0          0          0          0          0          0          0          0          0          0          0          0          0          0          0          0          0 0          0          0          0          0          0          0          0          0          0          0          0          0          0          0          0          0          0          0          0          0          0          0          0          0          0 0          0         11         53    3075654     605858        228 -14.6924000000000200 -14.4200000000000160 -16.0905999999999950 -19.3789821487930300 -17.3890067484009600 -16.8145801010438730 0.000000000000000000 3.368742368739000000 -0.01100000000000000 -0.02120000000000001 -0.01100000000000001 0.012099999999999993 0.021199999999999990 0.008220000000000000 0.048065500000000004 3.382173382170000000 1 1 0 1 1 1 1 1 1 1 1 1 1 1 1 1 1 0 0 0 0 0 1 1 1 0 0       3353         12         39    3075654     613591        228         87          0          0          0        255         14    3075434      82917          4       1995         13         54    3075654     614309        228      34950      10190          5          0          0          0          0          0          0         12          1          0          0          0          0          0          0          0       1451 
2016-04-18T11:55:31.224686Z   1/3075715:19773          0          0          0          0          0          0          0          0          0          0          0          0          0          0          0          0          0          0          0          0          0          0          0          0          0          0          0          0          0          0          0          0          0          0          0          0          0          0          0          0          0          0          0          0          0          0          0          0          0          0          0          0          0          0          0          0          0          0          0          0          0          0          0          0          0          0          0          0          0          0          0          0          0          0          0          0          0          0          0          0          0          0          0          0          0          0          0                    0          0          0          0          0          0          0          0          0          0          0          0          0          0          0          0          0          0          0 0          0          0          0          0          0          0          0          0          0          0          0          0          0          0          0          0          0          0          0          0          0          0          0          0          0 0          0         11         53    3075684     605859        229 -14.6924000000000200 -14.5561999999999900 -16.0185000000000030 -19.3789821487930300 -17.3890067484009600 -16.8145801010438730 0.000000000000000000 3.367521367518000000 -0.02150000000000001 -0.02120000000000001 -0.02160000000000001 0.010899999999999993 0.020600000000000000 0.007940000000000001 0.047097750000000000 3.382173382170000000 1 1 0 1 1 1 1 1 1 1 1 1 1 1 1 1 1 0 0 0 0 0 1 1 1 0 0       3360         12         39    3075684     613671        229         87          0          0          0        255         14    3075434      82917          4       1851         13         54    3075684     614389        229      35102      10190          5          0          0          0          0          0          0         12          3          0          0          0          0          0          0          0       1461 
2016-04-18T11:56:01.224237Z   1/3075745:19773          0          0          0          0          0          0          0          0          0          0          0          0          0          0          0          0          0          0          0          0          0          0          0          0          0          0          0          0          0          0          0          0          0          0          0          0          0          0          0          0          0          0          0          0          0          0          0          0          0          0          0          0          0          0          0          0          0          0          0          0          0          0          0          0          0          0          0          0          0          0          0          0          0          0          0          0          0          0          0          0          0          0          0          0          0          0          0                    0          0          0          0          0          0          0          0          0          0          0          0          0          0          0          0          0          0          0 0          0          0          0          0          0          0          0          0          0          0          0          0          0          0          0          0          0          0          0          0          0          0          0          0          0 0          0         11         53    3075714     605858        230 -14.6924000000000200 -14.5561999999999900 -16.0905999999999950 -19.3789821487930300 -17.3890067484009600 -16.8145801010438730 0.000000000000000000 3.366300366297000000 -0.02150000000000001 -0.03190000000000001 -0.01100000000000001 0.010599999999999991 0.020299999999999990 0.008140000000000000 0.047512500000000000 3.380952380949000000 1 1 0 1 1 1 1 1 1 1 1 1 1 1 1 1 1 0 0 0 0 0 1 1 1 0 0       3395         12         39    3075714     613753        230         87          0          0          0        255         14    3075434      82917          4       1964         13         54    3075714     614471        230      35254      10190          5          0          0          0          0          0          0         12          1          0          0          0          0          0          0          0       1469 
2016-04-18T11:56:31.223787Z   1/3075775:19773          0          0          0          0          0          0          0          0          0          0          0          0          0          0          0          0          0          0          0          0          0          0          0          0          0          0          0          0          0          0          0          0          0          0          0          0          0          0          0          0          0          0          0          0          0          0          0          0          0          0          0          0          0          0          0          0          0          0          0          0          0          0          0          0          0          0          0          0          0          0          0          0          0          0          0          0          0          0          0          0          0          0          0          0          0          0          0                    0          0          0          0          0          0          0          0          0          0          0          0          0          0          0          0          0          0          0 0          0          0          0          0          0          0          0          0          0          0          0          0          0          0          0          0          0          0          0          0          0          0          0          0          0 0          0         11         53    3075744     605858        231 -14.6924000000000200 -14.5561999999999900 -16.0185000000000030 -19.4250423107773430 -17.3890067484009600 -16.8585509903411430 0.000000000000000000 3.368742368739000000 -0.03200000000000000 -0.02120000000000001 -0.03220000000000001 0.010899999999999993 0.020600000000000000 0.008540000000000000 0.047236000000000000 3.382173382170000000 1 1 0 1 1 1 1 1 1 1 1 1 1 1 1 1 1 0 0 0 0 0 1 1 1 0 0       3438         12         39    3075744     613836        231         87          0          0          0        255         14    3075434      82917          4       2078         13         54    3075744     614554        231      35406      10190          5          0          0          0          0          0          0         12          0          0          0          0          0          0          0          0       1479 
2016-04-18T11:57:01.223338Z   1/3075805:19773          0          0          0          0          0          0          0          0          0          0          0          0          0          0          0          0          0          0          0          0          0          0          0          0          0          0          0          0          0          0          0          0          0          0          0          0          0          0          0          0          0          0          0          0          0          0          0          0          0          0          0          0          0          0          0          0          0          0          0          0          0          0          0          0          0          0          0          0          0          0          0          0          0          0          0          0          0          0          0          0          0          0          0          0          0          0          0                    0          0          0          0          0          0          0          0          0          0          0          0          0          0          0          0          0          0          0 0          0          0          0          0          0          0          0          0          0          0          0          0          0          0          0          0          0          0          0          0          0          0          0          0          0 0          0         11         53    3075774     605858        232 -14.6924000000000200 -14.5561999999999900 -16.0905999999999950 -19.4250423107773430 -17.4334460138206000 -16.8585509903411430 0.000000000000000000 3.367521367518000000 -0.01100000000000000 -0.02120000000000001 -0.01100000000000001 0.009999999999999995 0.019999999999999997 0.008140000000000000 0.047374250000000000 3.380952380949000000 1 1 0 1 1 1 1 1 1 1 1 1 1 1 1 1 1 0 0 0 0 0 1 1 1 0 0       3459         12         39    3075774     613919        232         87          0          0          0        255         14    3075434      82917          4       1937         13         54    3075774     614637        232      35558      10190          5          0          0          0          0          0          0         12          3          0          0          0          0          0          0          0       1748 
2016-04-18T11:57:31.222889Z   1/3075835:19773          0          0          0          0          0          0          0          0          0          0          0          0          0          0          0          0          0          0          0          0          0          0          0          0          0          0          0          0          0          0          0          0          0          0          0          0          0          0          0          0          0          0          0          0          0          0          0          0          0          0          0          0          0          0          0          0          0          0          0          0          0          0          0          0          0          0          0          0          0          0          0          0          0          0          0          0          0          0          0          0          0          0          0          0          0          0          0                    0          0          0          0          0          0          0          0          0          0          0          0          0          0          0          0          0          0          0 0          0          0          0          0          0          0          0          0          0          0          0          0          0          0          0          0          0          0          0          0          0          0          0          0          0 0          0         11         53    3075804     605858        233 -14.6924000000000200 -14.5561999999999900 -16.1627000000000000 -19.4711399504981270 -17.4334460138206000 -16.9025577381234500 0.000000000000000000 3.368742368739000000 -0.02150000000000001 -0.02120000000000001 -0.01100000000000001 0.011799999999999991 0.019999999999999997 0.008940000000000002 0.047374250000000000 3.382173382170000000 1 1 0 1 1 1 1 1 1 1 1 1 1 1 1 1 1 0 0 0 0 0 1 1 1 0 0       3520         12         39    3075804     614000        233         87          0          0          0        255         14    3075434      82917          4       2049         13         54    3075804     614718        233      35710      10190          5          0          0          0          0          0          0         12          1          0          0          0          0          0          0          0       1500 
2016-04-18T11:58:01.222440Z   1/3075865:19773          0          0          0          0          0          0          0          0          0          0          0          0          0          0          0          0          0          0          0          0          0          0          0          0          0          0          0          0          0          0          0          0          0          0          0          0          0          0          0          0          0          0          0          0          0          0          0          0          0          0          0          0          0          0          0          0          0          0          0          0          0          0          0          0          0          0          0          0          0          0          0          0          0          0          0          0          0          0          0          0          0          0          0          0          0          0          0                    0          0          0          0          0          0          0          0          0          0          0          0          0          0          0          0          0          0          0 0          0          0          0          0          0          0          0          0          0          0          0          0          0          0          0          0          0          0          0          0          0          0          0          0          0 0          0         11         53    3075834     605858        234 -14.6924000000000200 -14.5561999999999900 -16.0905999999999950 -19.4711399504981270 -17.4779215070282130 -16.9025577381234500 0.000000000000000000 3.368742368739000000 -0.02150000000000001 -0.03190000000000001 -0.03220000000000001 0.011199999999999995 0.019100000000000000 0.008740000000000000 0.047236000000000000 3.382173382170000000 1 1 0 1 1 1 1 1 1 1 1 1 1 1 1 1 1 0 0 0 0 0 1 1 1 0 0       3537         12         39    3075834     614080        234         87          0          0          0        255         14    3075434      82917          4       2160         13         54    3075834     614798        234      35862      10190          5          0          0          0          0          0          0         12          3          0          0          0          0          0          0          0       1510 
2016-04-18T11:58:31.221991Z   1/3075895:19773          0          0          0          0          0          0          0          0          0          0          0          0          0          0          0          0          0          0          0          0          0          0          0          0          0          0          0          0          0          0          0          0          0          0          0          0          0          0          0          0          0          0          0          0          0          0          0          0          0          0          0          0          0          0          0          0          0          0          0          0          0          0          0          0          0          0          0          0          0          0          0          0          0          0          0          0          0          0          0          0          0          0          0          0          0          0          0                    0          0          0          0          0          0          0          0          0          0          0          0          0          0          0          0          0          0          0 0          0          0          0          0          0          0          0          0          0          0          0          0          0          0          0          0          0          0          0          0          0          0          0          0          0 0          0         11         53    3075864     605892        235 -14.6924000000000200 -14.6924000000000200 -16.1627000000000000 -19.4711399504981270 -17.5224332564316700 -16.9025577381234500 0.000000000000000000 3.367521367518000000 -0.01100000000000000 -0.02120000000000001 -0.02160000000000001 0.010599999999999991 0.018799999999999990 0.008220000000000000 0.047374250000000000 3.382173382170000000 1 1 0 1 1 1 1 1 1 1 1 1 1 1 1 1 1 0 0 0 0 0 1 1 1 0 0       3335         12         39    3075864     614165        235         87          0          0          0        255         14    3075434      82917          4       1766         13         54    3075864     614883        235      36014      10190          5          0          0          0          0          0          0         12          1          0          0          0          0          0          0          0       1521 
2016-04-18T11:59:01.221542Z   1/3075925:19773          0          0          0          0          0          0          0          0          0          0          0          0          0          0          0          0          0          0          0          0          0          0          0          0          0          0          0          0          0          0          0          0          0          0          0          0          0          0          0          0          0          0          0          0          0          0          0          0          0          0          0          0          0          0          0          0          0          0          0          0          0          0          0          0          0          0          0          0          0          0          0          0          0          0          0          0          0          0          0          0          0          0          0          0          0          0          0                    0          0          0          0          0          0          0          0          0          0          0          0          0          0          0          0          0          0          0 0          0          0          0          0          0          0          0          0          0          0          0          0          0          0          0          0          0          0          0          0          0          0          0          0          0 0          0         11         53    3075894     605893        236 -14.8285999999999940 -14.6924000000000200 -16.1627000000000000 -19.5172750963634770 -17.4779215070282130 -16.9025577381234500 0.000000000000000000 3.368742368739000000 -0.02150000000000001 -0.02120000000000001 -0.03220000000000001 0.011499999999999990 0.020299999999999990 0.009220000000000000 0.048203750000000000 3.382173382170000000 1 1 0 1 1 1 1 1 1 1 1 1 1 1 1 1 1 0 0 0 0 0 1 1 1 0 0       3404         12         39    3075894     614248        236         87          0          0          0        255         14    3075434      82917          4       1880         13         54    3075894     614966        236      36166      10190          5          0          0          0          0          0          0         12          0          0          0          0          0          0          0          0       1276 
2016-04-18T11:59:31.221093Z   1/3075955:19773          0          0          0          0          0          0          0          0          0          0          0          0          0          0          0          0          0          0          0          0          0          0          0          0          0          0          0          0          0          0          0          0          0          0          0          0          0          0          0          0          0          0          0          0          0          0          0          0          0          0          0          0          0          0          0          0          0          0          0          0          0          0          0          0          0          0          0          0          0          0          0          0          0          0          0          0          0          0          0          0          0          0          0          0          0          0          0                    0          0          0          0          0          0          0          0          0          0          0          0          0          0          0          0          0          0          0 0          0          0          0          0          0          0          0          0          0          0          0          0          0          0          0          0          0          0          0          0          0          0          0          0          0 0          0         11         53    3075924     605894        237 -14.8285999999999940 -14.6924000000000200 -16.1627000000000000 -19.5172750963634770 -17.5224332564316700 -16.9906789227744920 0.000000000000000000 3.367521367518000000 -0.02150000000000001 -0.03190000000000001 -0.02160000000000001 0.009999999999999995 0.021500000000000000 0.007580000000000002 0.047512500000000000 3.382173382170000000 1 1 0 1 1 1 1 1 1 1 1 1 1 1 1 1 1 0 0 0 0 0 1 1 1 0 0       3391         12         39    3075924     614330        237         87          0          0          0        255         14    3075434      82917          4       1993         13         54    3075924     615048        237      36318      10190          5          0          0          0          0          0          0         12          3          0          0          0          0          0          0          0       1544 
