2016-09-03T00:02:28.075,0, 14.9,    0.1,    0.4,    0.8,    1.1,    1.4,    1.8,    2.1,    2.5,    2.8,    3.1,    3.5,    3.8,    4.1,    4.5,    4.8,    5.1,    5.5,    5.0,    6.4,    7.1,    7.8,    8.5,    9.2,    9.9,   10.6,   11.3,   12.0,   13.4,   14.1,   15.5,   17.0,   18.4,   19.8,   21.2,   22.6,   24.7,   26.8,   29.0,   31.1,   33.9,   36.7,   39.5,   43.1,   46.6,   50.1,   54.4,   58.6,   63.5,   69.2,   74.8,   80.5,   87.5,   94.6,  102.4,  110.8,  120.0,  129.2,  140.5,  151.8,  163.8,  177.2,  192.0,  207.5,  225.2,  243.5,  263.3,  284.5,  308.5,  333.2,  360.7,  390.4,  422.1,  456.7,  494.1,  535.1,  578.8,  626.1,  677.7,  733.4,  793.4,  858.4,  929.0, 1005.2, 1087.8, 1176.7, 1273.5, 1377.2, 1490.2, 1613.0, 1745.0, 1888.3, 2042.9, 2210.2, 2391.6, 2587.8, 2799.6
2016-09-03T00:02:40.075,0, 14.9,    0.1,    0.4,    0.8,    1.1,    1.4,    1.8,    2.1,    2.5,    2.8,    3.1,    3.5,    3.8,    4.1,    4.5,    4.8,    5.1,    5.5,    5.0,    6.4,    7.1,    7.8,    8.5,    9.2,    9.9,   10.6,   11.3,   12.0,   13.4,   14.1,   15.5,   17.0,   18.4,   19.8,   21.2,   22.6,   24.7,   26.8,   29.0,   31.1,   33.9,   36.7,   39.5,   43.1,   46.6,   50.1,   54.4,   58.6,   63.5,   69.2,   74.8,   80.5,   87.5,   94.6,  102.4,  110.8,  120.0,  129.2,  140.5,  151.8,  163.8,  177.2,  192.0,  207.5,  225.2,  243.5,  263.3,  284.5,  308.5,  333.2,  360.7,  390.4,  422.1,  456.7,  494.1,  535.1,  578.8,  626.1,  677.7,  733.4,  793.4,  858.4,  929.0, 1005.2, 1087.8, 1176.7, 1273.5, 1377.2, 1490.2, 1613.0, 1745.0, 1888.3, 2042.9, 2210.2, 2391.6, 2587.8, 2799.6
2016-09-03T00:02:52.075,0, 14.9,    0.1,    0.4,    0.8,    1.1,    1.4,    1.8,    2.1,    2.5,    2.8,    3.1,    3.5,    3.8,    4.1,    4.5,    4.8,    5.1,    5.5,    5.0,    6.4,    7.1,    7.8,    8.5,    9.2,    9.9,   10.6,   11.3,   12.0,   13.4,   14.1,   15.5,   17.0,   18.4,   19.8,   21.2,   22.6,   24.7,   26.8,   29.0,   31.1,   33.9,   36.7,   39.5,   43.1,   46.6,   50.1,   54.4,   58.6,   63.5,   69.2,   74.8,   80.5,   87.5,   94.6,  102.4,  110.8,  120.0,  129.2,  140.5,  151.8,  163.8,  177.2,  192.0,  207.5,  225.2,  243.5,  263.3,  284.5,  308.5,  333.2,  360.7,  390.4,  422.1,  456.7,  494.1,  535.1,  578.8,  626.1,  677.7,  733.4,  793.4,  858.4,  929.0, 1005.2, 1087.8, 1176.7, 1273.5, 1377.2, 1490.2, 1613.0, 1745.0, 1888.3, 2042.9, 2210.2, 2391.6, 2587.8, 2799.6
2016-09-03T00:03:04.075,0, 14.9,    0.1,    0.4,    0.8,    1.1,    1.4,    1.8,    2.1,    2.5,    2.8,    3.1,    3.5,    3.8,    4.1,    4.5,    4.8,    5.1,    5.5,    5.0,    6.4,    7.1,    7.8,    8.5,    9.2,    9.9,   10.6,   11.3,   12.0,   13.4,   14.1,   15.5,   17.0,   18.4,   19.8,   21.2,   22.6,   24.7,   26.8,   29.0,   31.1,   33.9,   36.7,   39.5,   43.1,   46.6,   50.1,   54.4,   58.6,   63.5,   69.2,   74.8,   80.5,   87.5,   94.6,  102.4,  110.8,  120.0,  129.2,  140.5,  151.8,  163.8,  177.2,  192.0,  207.5,  225.2,  243.5,  263.3,  284.5,  308.5,  333.2,  360.7,  390.4,  422.1,  456.7,  494.1,  535.1,  578.8,  626.1,  677.7,  733.4,  793.4,  858.4,  929.0, 1005.2, 1087.8, 1176.7, 1273.5, 1377.2, 1490.2, 1613.0, 1745.0, 1888.3, 2042.9, 2210.2, 2391.6, 2587.8, 2799.6
2016-09-03T00:03:16.075,0, 14.9,    0.1,    0.4,    0.8,    1.1,    1.4,    1.8,    2.1,    2.5,    2.8,    3.1,    3.5,    3.8,    4.1,    4.5,    4.8,    5.1,    5.5,    5.0,    6.4,    7.1,    7.8,    8.5,    9.2,    9.9,   10.6,   11.3,   12.0,   13.4,   14.1,   15.5,   17.0,   18.4,   19.8,   21.2,   22.6,   24.7,   26.8,   29.0,   31.1,   33.9,   36.7,   39.5,   43.1,   46.6,   50.1,   54.4,   58.6,   63.5,   69.2,   74.8,   80.5,   87.5,   94.6,  102.4,  110.8,  120.0,  129.2,  140.5,  151.8,  163.8,  177.2,  192.0,  207.5,  225.2,  243.5,  263.3,  284.5,  308.5,  333.2,  360.7,  390.4,  422.1,  456.7,  494.1,  535.1,  578.8,  626.1,  677.7,  733.4,  793.4,  858.4,  929.0, 1005.2, 1087.8, 1176.7, 1273.5, 1377.2, 1490.2, 1613.0, 1745.0, 1888.3, 2042.9, 2210.2, 2391.6, 2587.8, 2799.6
2016-09-03T00:03:28.075,0, 14.9,    0.1,    0.4,    0.8,    1.1,    1.4,    1.8,    2.1,    2.5,    2.8,    3.1,    3.5,    3.8,    4.1,    4.5,    4.8,    5.1,    5.5,    5.0,    6.4,    7.1,    7.8,    8.5,    9.2,    9.9,   10.6,   11.3,   12.0,   13.4,   14.1,   15.5,   17.0,   18.4,   19.8,   21.2,   22.6,   24.7,   26.8,   29.0,   31.1,   33.9,   36.7,   39.5,   43.1,   46.6,   50.1,   54.4,   58.6,   63.5,   69.2,   74.8,   80.5,   87.5,   94.6,  102.4,  110.8,  120.0,  129.2,  140.5,  151.8,  163.8,  177.2,  192.0,  207.5,  225.2,  243.5,  263.3,  284.5,  308.5,  333.2,  360.7,  390.4,  422.1,  456.7,  494.1,  535.1,  578.8,  626.1,  677.7,  733.4,  793.4,  858.4,  929.0, 1005.2, 1087.8, 1176.7, 1273.5, 1377.2, 1490.2, 1613.0, 1745.0, 1888.3, 2042.9, 2210.2, 2391.6, 2587.8, 2799.6
2016-09-03T00:03:40.075,0, 14.9,    0.1,    0.4,    0.8,    1.1,    1.4,    1.8,    2.1,    2.5,    2.8,    3.1,    3.5,    3.8,    4.1,    4.5,    4.8,    5.1,    5.5,    5.0,    6.4,    7.1,    7.8,    8.5,    9.2,    9.9,   10.6,   11.3,   12.0,   13.4,   14.1,   15.5,   17.0,   18.4,   19.8,   21.2,   22.6,   24.7,   26.8,   29.0,   31.1,   33.9,   36.7,   39.5,   43.1,   46.6,   50.1,   54.4,   58.6,   63.5,   69.2,   74.8,   80.5,   87.5,   94.6,  102.4,  110.8,  120.0,  129.2,  140.5,  151.8,  163.8,  177.2,  192.0,  207.5,  225.2,  243.5,  263.3,  284.5,  308.5,  333.2,  360.7,  390.4,  422.1,  456.7,  494.1,  535.1,  578.8,  626.1,  677.7,  733.4,  793.4,  858.4,  929.0, 1005.2, 1087.8, 1176.7, 1273.5, 1377.2, 1490.2, 1613.0, 1745.0, 1888.3, 2042.9, 2210.2, 2391.6, 2587.8, 2799.6
2016-09-03T00:03:52.075,0, 14.9,    0.1,    0.4,    0.8,    1.1,    1.4,    1.8,    2.1,    2.5,    2.8,    3.1,    3.5,    3.8,    4.1,    4.5,    4.8,    5.1,    5.5,    5.0,    6.4,    7.1,    7.8,    8.5,    9.2,    9.9,   10.6,   11.3,   12.0,   13.4,   14.1,   15.5,   17.0,   18.4,   19.8,   21.2,   22.6,   24.7,   26.8,   29.0,   31.1,   33.9,   36.7,   39.5,   43.1,   46.6,   50.1,   54.4,   58.6,   63.5,   69.2,   74.8,   80.5,   87.5,   94.6,  102.4,  110.8,  120.0,  129.2,  140.5,  151.8,  163.8,  177.2,  192.0,  207.5,  225.2,  243.5,  263.3,  284.5,  308.5,  333.2,  360.7,  390.4,  422.1,  456.7,  494.1,  535.1,  578.8,  626.1,  677.7,  733.4,  793.4,  858.4,  929.0, 1005.2, 1087.8, 1176.7, 1273.5, 1377.2, 1490.2, 1613.0, 1745.0, 1888.3, 2042.9, 2210.2, 2391.6, 2587.8, 2799.6
2016-09-03T00:04:04.075,0, 14.9,    0.1,    0.4,    0.8,    1.1,    1.4,    1.8,    2.1,    2.5,    2.8,    3.1,    3.5,    3.8,    4.1,    4.5,    4.8,    5.1,    5.5,    5.0,    6.4,    7.1,    7.8,    8.5,    9.2,    9.9,   10.6,   11.3,   12.0,   13.4,   14.1,   15.5,   17.0,   18.4,   19.8,   21.2,   22.6,   24.7,   26.8,   29.0,   31.1,   33.9,   36.7,   39.5,   43.1,   46.6,   50.1,   54.4,   58.6,   63.5,   69.2,   74.8,   80.5,   87.5,   94.6,  102.4,  110.8,  120.0,  129.2,  140.5,  151.8,  163.8,  177.2,  192.0,  207.5,  225.2,  243.5,  263.3,  284.5,  308.5,  333.2,  360.7,  390.4,  422.1,  456.7,  494.1,  535.1,  578.8,  626.1,  677.7,  733.4,  793.4,  858.4,  929.0, 1005.2, 1087.8, 1176.7, 1273.5, 1377.2, 1490.2, 1613.0, 1745.0, 1888.3, 2042.9, 2210.2, 2391.6, 2587.8, 2799.6
2016-09-03T00:04:16.075,0, 14.9,    0.1,    0.4,    0.8,    1.1,    1.4,    1.8,    2.1,    2.5,    2.8,    3.1,    3.5,    3.8,    4.1,    4.5,    4.8,    5.1,    5.5,    5.0,    6.4,    7.1,    7.8,    8.5,    9.2,    9.9,   10.6,   11.3,   12.0,   13.4,   14.1,   15.5,   17.0,   18.4,   19.8,   21.2,   22.6,   24.7,   26.8,   29.0,   31.1,   33.9,   36.7,   39.5,   43.1,   46.6,   50.1,   54.4,   58.6,   63.5,   69.2,   74.8,   80.5,   87.5,   94.6,  102.4,  110.8,  120.0,  129.2,  140.5,  151.8,  163.8,  177.2,  192.0,  207.5,  225.2,  243.5,  263.3,  284.5,  308.5,  333.2,  360.7,  390.4,  422.1,  456.7,  494.1,  535.1,  578.8,  626.1,  677.7,  733.4,  793.4,  858.4,  929.0, 1005.2, 1087.8, 1176.7, 1273.5, 1377.2, 1490.2, 1613.0, 1745.0, 1888.3, 2042.9, 2210.2, 2391.6, 2587.8, 2799.6
2016-09-03T00:04:28.075,0, 14.9,    0.1,    0.4,    0.8,    1.1,    1.4,    1.8,    2.1,    2.5,    2.8,    3.1,    3.5,    3.8,    4.1,    4.5,    4.8,    5.1,    5.5,    5.0,    6.4,    7.1,    7.8,    8.5,    9.2,    9.9,   10.6,   11.3,   12.0,   13.4,   14.1,   15.5,   17.0,   18.4,   19.8,   21.2,   22.6,   24.7,   26.8,   29.0,   31.1,   33.9,   36.7,   39.5,   43.1,   46.6,   50.1,   54.4,   58.6,   63.5,   69.2,   74.8,   80.5,   87.5,   94.6,  102.4,  110.8,  120.0,  129.2,  140.5,  151.8,  163.8,  177.2,  192.0,  207.5,  225.2,  243.5,  263.3,  284.5,  308.5,  333.2,  360.7,  390.4,  422.1,  456.7,  494.1,  535.1,  578.8,  626.1,  677.7,  733.4,  793.4,  858.4,  929.0, 1005.2, 1087.8, 1176.7, 1273.5, 1377.2, 1490.2, 1613.0, 1745.0, 1888.3, 2042.9, 2210.2, 2391.6, 2587.8, 2799.6
2016-09-03T00:04:40.075,0, 14.9,    0.1,    0.4,    0.8,    1.1,    1.4,    1.8,    2.1,    2.5,    2.8,    3.1,    3.5,    3.8,    4.1,    4.5,    4.8,    5.1,    5.5,    5.0,    6.4,    7.1,    7.8,    8.5,    9.2,    9.9,   10.6,   11.3,   12.0,   13.4,   14.1,   15.5,   17.0,   18.4,   19.8,   21.2,   22.6,   24.7,   26.8,   29.0,   31.1,   33.9,   36.7,   39.5,   43.1,   46.6,   50.1,   54.4,   58.6,   63.5,   69.2,   74.8,   80.5,   87.5,   94.6,  102.4,  110.8,  120.0,  129.2,  140.5,  151.8,  163.8,  177.2,  192.0,  207.5,  225.2,  243.5,  263.3,  284.5,  308.5,  333.2,  360.7,  390.4,  422.1,  456.7,  494.1,  535.1,  578.8,  626.1,  677.7,  733.4,  793.4,  858.4,  929.0, 1005.2, 1087.8, 1176.7, 1273.5, 1377.2, 1490.2, 1613.0, 1745.0, 1888.3, 2042.9, 2210.2, 2391.6, 2587.8, 2799.6
2016-09-03T00:04:52.075,0, 14.9,    0.1,    0.4,    0.8,    1.1,    1.4,    1.8,    2.1,    2.5,    2.8,    3.1,    3.5,    3.8,    4.1,    4.5,    4.8,    5.1,    5.5,    5.0,    6.4,    7.1,    7.8,    8.5,    9.2,    9.9,   10.6,   11.3,   12.0,   13.4,   14.1,   15.5,   17.0,   18.4,   19.8,   21.2,   22.6,   24.7,   26.8,   29.0,   31.1,   33.9,   36.7,   39.5,   43.1,   46.6,   50.1,   54.4,   58.6,   63.5,   69.2,   74.8,   80.5,   87.5,   94.6,  102.4,  110.8,  120.0,  129.2,  140.5,  151.8,  163.8,  177.2,  192.0,  207.5,  225.2,  243.5,  263.3,  284.5,  308.5,  333.2,  360.7,  390.4,  422.1,  456.7,  494.1,  535.1,  578.8,  626.1,  677.7,  733.4,  793.4,  858.4,  929.0, 1005.2, 1087.8, 1176.7, 1273.5, 1377.2, 1490.2, 1613.0, 1745.0, 1888.3, 2042.9, 2210.2, 2391.6, 2587.8, 2799.6
2016-09-03T00:05:04.075,0, 14.9,    0.1,    0.4,    0.8,    1.1,    1.4,    1.8,    2.1,    2.5,    2.8,    3.1,    3.5,    3.8,    4.1,    4.5,    4.8,    5.1,    5.5,    5.0,    6.4,    7.1,    7.8,    8.5,    9.2,    9.9,   10.6,   11.3,   12.0,   13.4,   14.1,   15.5,   17.0,   18.4,   19.8,   21.2,   22.6,   24.7,   26.8,   29.0,   31.1,   33.9,   36.7,   39.5,   43.1,   46.6,   50.1,   54.4,   58.6,   63.5,   69.2,   74.8,   80.5,   87.5,   94.6,  102.4,  110.8,  120.0,  129.2,  140.5,  151.8,  163.8,  177.2,  192.0,  207.5,  225.2,  243.5,  263.3,  284.5,  308.5,  333.2,  360.7,  390.4,  422.1,  456.7,  494.1,  535.1,  578.8,  626.1,  677.7,  733.4,  793.4,  858.4,  929.0, 1005.2, 1087.8, 1176.7, 1273.5, 1377.2, 1490.2, 1613.0, 1745.0, 1888.3, 2042.9, 2210.2, 2391.6, 2587.8, 2799.6
2016-09-03T00:05:16.075,0, 14.9,    0.1,    0.4,    0.8,    1.1,    1.4,    1.8,    2.1,    2.5,    2.8,    3.1,    3.5,    3.8,    4.1,    4.5,    4.8,    5.1,    5.5,    5.0,    6.4,    7.1,    7.8,    8.5,    9.2,    9.9,   10.6,   11.3,   12.0,   13.4,   14.1,   15.5,   17.0,   18.4,   19.8,   21.2,   22.6,   24.7,   26.8,   29.0,   31.1,   33.9,   36.7,   39.5,   43.1,   46.6,   50.1,   54.4,   58.6,   63.5,   69.2,   74.8,   80.5,   87.5,   94.6,  102.4,  110.8,  120.0,  129.2,  140.5,  151.8,  163.8,  177.2,  192.0,  207.5,  225.2,  243.5,  263.3,  284.5,  308.5,  333.2,  360.7,  390.4,  422.1,  456.7,  494.1,  535.1,  578.8,  626.1,  677.7,  733.4,  793.4,  858.4,  929.0, 1005.2, 1087.8, 1176.7, 1273.5, 1377.2, 1490.2, 1613.0, 1745.0, 1888.3, 2042.9, 2210.2, 2391.6, 2587.8, 2799.6
2016-09-03T00:05:28.075,0, 14.9,    0.1,    0.4,    0.8,    1.1,    1.4,    1.8,    2.1,    2.5,    2.8,    3.1,    3.5,    3.8,    4.1,    4.5,    4.8,    5.1,    5.5,    5.0,    6.4,    7.1,    7.8,    8.5,    9.2,    9.9,   10.6,   11.3,   12.0,   13.4,   14.1,   15.5,   17.0,   18.4,   19.8,   21.2,   22.6,   24.7,   26.8,   29.0,   31.1,   33.9,   36.7,   39.5,   43.1,   46.6,   50.1,   54.4,   58.6,   63.5,   69.2,   74.8,   80.5,   87.5,   94.6,  102.4,  110.8,  120.0,  129.2,  140.5,  151.8,  163.8,  177.2,  192.0,  207.5,  225.2,  243.5,  263.3,  284.5,  308.5,  333.2,  360.7,  390.4,  422.1,  456.7,  494.1,  535.1,  578.8,  626.1,  677.7,  733.4,  793.4,  858.4,  929.0, 1005.2, 1087.8, 1176.7, 1273.5, 1377.2, 1490.2, 1613.0, 1745.0, 1888.3, 2042.9, 2210.2, 2391.6, 2587.8, 2799.6
2016-09-03T00:05:40.044,0, 14.9,    0.1,    0.4,    0.8,    1.1,    1.4,    1.8,    2.1,    2.5,    2.8,    3.1,    3.5,    3.8,    4.1,    4.5,    4.8,    5.1,    5.5,    5.0,    6.4,    7.1,    7.8,    8.5,    9.2,    9.9,   10.6,   11.3,   12.0,   13.4,   14.1,   15.5,   17.0,   18.4,   19.8,   21.2,   22.6,   24.7,   26.8,   29.0,   31.1,   33.9,   36.7,   39.5,   43.1,   46.6,   50.1,   54.4,   58.6,   63.5,   69.2,   74.8,   80.5,   87.5,   94.6,  102.4,  110.8,  120.0,  129.2,  140.5,  151.8,  163.8,  177.2,  192.0,  207.5,  225.2,  243.5,  263.3,  284.5,  308.5,  333.2,  360.7,  390.4,  422.1,  456.7,  494.1,  535.1,  578.8,  626.1,  677.7,  733.4,  793.4,  858.4,  929.0, 1005.2, 1087.8, 1176.7, 1273.5, 1377.2, 1490.2, 1613.0, 1745.0, 1888.3, 2042.9, 2210.2, 2391.6, 2587.8, 2799.6
2016-09-03T00:05:52.044,0, 14.9,    0.1,    0.4,    0.8,    1.1,    1.4,    1.8,    2.1,    2.5,    2.8,    3.1,    3.5,    3.8,    4.1,    4.5,    4.8,    5.1,    5.5,    5.0,    6.4,    7.1,    7.8,    8.5,    9.2,    9.9,   10.6,   11.3,   12.0,   13.4,   14.1,   15.5,   17.0,   18.4,   19.8,   21.2,   22.6,   24.7,   26.8,   29.0,   31.1,   33.9,   36.7,   39.5,   43.1,   46.6,   50.1,   54.4,   58.6,   63.5,   69.2,   74.8,   80.5,   87.5,   94.6,  102.4,  110.8,  120.0,  129.2,  140.5,  151.8,  163.8,  177.2,  192.0,  207.5,  225.2,  243.5,  263.3,  284.5,  308.5,  333.2,  360.7,  390.4,  422.1,  456.7,  494.1,  535.1,  578.8,  626.1,  677.7,  733.4,  793.4,  858.4,  929.0, 1005.2, 1087.8, 1176.7, 1273.5, 1377.2, 1490.2, 1613.0, 1745.0, 1888.3, 2042.9, 2210.2, 2391.6, 2587.8, 2799.6
2016-09-03T00:06:04.044,0, 14.9,    0.1,    0.4,    0.8,    1.1,    1.4,    1.8,    2.1,    2.5,    2.8,    3.1,    3.5,    3.8,    4.1,    4.5,    4.8,    5.1,    5.5,    5.0,    6.4,    7.1,    7.8,    8.5,    9.2,    9.9,   10.6,   11.3,   12.0,   13.4,   14.1,   15.5,   17.0,   18.4,   19.8,   21.2,   22.6,   24.7,   26.8,   29.0,   31.1,   33.9,   36.7,   39.5,   43.1,   46.6,   50.1,   54.4,   58.6,   63.5,   69.2,   74.8,   80.5,   87.5,   94.6,  102.4,  110.8,  120.0,  129.2,  140.5,  151.8,  163.8,  177.2,  192.0,  207.5,  225.2,  243.5,  263.3,  284.5,  308.5,  333.2,  360.7,  390.4,  422.1,  456.7,  494.1,  535.1,  578.8,  626.1,  677.7,  733.4,  793.4,  858.4,  929.0, 1005.2, 1087.8, 1176.7, 1273.5, 1377.2, 1490.2, 1613.0, 1745.0, 1888.3, 2042.9, 2210.2, 2391.6, 2587.8, 2799.6
2016-09-03T00:06:16.044,0, 14.9,    0.1,    0.4,    0.8,    1.1,    1.4,    1.8,    2.1,    2.5,    2.8,    3.1,    3.5,    3.8,    4.1,    4.5,    4.8,    5.1,    5.5,    5.0,    6.4,    7.1,    7.8,    8.5,    9.2,    9.9,   10.6,   11.3,   12.0,   13.4,   14.1,   15.5,   17.0,   18.4,   19.8,   21.2,   22.6,   24.7,   26.8,   29.0,   31.1,   33.9,   36.7,   39.5,   43.1,   46.6,   50.1,   54.4,   58.6,   63.5,   69.2,   74.8,   80.5,   87.5,   94.6,  102.4,  110.8,  120.0,  129.2,  140.5,  151.8,  163.8,  177.2,  192.0,  207.5,  225.2,  243.5,  263.3,  284.5,  308.5,  333.2,  360.7,  390.4,  422.1,  456.7,  494.1,  535.1,  578.8,  626.1,  677.7,  733.4,  793.4,  858.4,  929.0, 1005.2, 1087.8, 1176.7, 1273.5, 1377.2, 1490.2, 1613.0, 1745.0, 1888.3, 2042.9, 2210.2, 2391.6, 2587.8, 2799.6
2016-09-03T00:06:28.044,0, 14.9,    0.1,    0.4,    0.8,    1.1,    1.4,    1.8,    2.1,    2.5,    2.8,    3.1,    3.5,    3.8,    4.1,    4.5,    4.8,    5.1,    5.5,    5.0,    6.4,    7.1,    7.8,    8.5,    9.2,    9.9,   10.6,   11.3,   12.0,   13.4,   14.1,   15.5,   17.0,   18.4,   19.8,   21.2,   22.6,   24.7,   26.8,   29.0,   31.1,   33.9,   36.7,   39.5,   43.1,   46.6,   50.1,   54.4,   58.6,   63.5,   69.2,   74.8,   80.5,   87.5,   94.6,  102.4,  110.8,  120.0,  129.2,  140.5,  151.8,  163.8,  177.2,  192.0,  207.5,  225.2,  243.5,  263.3,  284.5,  308.5,  333.2,  360.7,  390.4,  422.1,  456.7,  494.1,  535.1,  578.8,  626.1,  677.7,  733.4,  793.4,  858.4,  929.0, 1005.2, 1087.8, 1176.7, 1273.5, 1377.2, 1490.2, 1613.0, 1745.0, 1888.3, 2042.9, 2210.2, 2391.6, 2587.8, 2799.6
2016-09-03T00:06:40.044,0, 14.9,    0.1,    0.4,    0.8,    1.1,    1.4,    1.8,    2.1,    2.5,    2.8,    3.1,    3.5,    3.8,    4.1,    4.5,    4.8,    5.1,    5.5,    5.0,    6.4,    7.1,    7.8,    8.5,    9.2,    9.9,   10.6,   11.3,   12.0,   13.4,   14.1,   15.5,   17.0,   18.4,   19.8,   21.2,   22.6,   24.7,   26.8,   29.0,   31.1,   33.9,   36.7,   39.5,   43.1,   46.6,   50.1,   54.4,   58.6,   63.5,   69.2,   74.8,   80.5,   87.5,   94.6,  102.4,  110.8,  120.0,  129.2,  140.5,  151.8,  163.8,  177.2,  192.0,  207.5,  225.2,  243.5,  263.3,  284.5,  308.5,  333.2,  360.7,  390.4,  422.1,  456.7,  494.1,  535.1,  578.8,  626.1,  677.7,  733.4,  793.4,  858.4,  929.0, 1005.2, 1087.8, 1176.7, 1273.5, 1377.2, 1490.2, 1613.0, 1745.0, 1888.3, 2042.9, 2210.2, 2391.6, 2587.8, 2799.6
2016-09-03T00:06:52.044,0, 14.9,    0.1,    0.4,    0.8,    1.1,    1.4,    1.8,    2.1,    2.5,    2.8,    3.1,    3.5,    3.8,    4.1,    4.5,    4.8,    5.1,    5.5,    5.0,    6.4,    7.1,    7.8,    8.5,    9.2,    9.9,   10.6,   11.3,   12.0,   13.4,   14.1,   15.5,   17.0,   18.4,   19.8,   21.2,   22.6,   24.7,   26.8,   29.0,   31.1,   33.9,   36.7,   39.5,   43.1,   46.6,   50.1,   54.4,   58.6,   63.5,   69.2,   74.8,   80.5,   87.5,   94.6,  102.4,  110.8,  120.0,  129.2,  140.5,  151.8,  163.8,  177.2,  192.0,  207.5,  225.2,  243.5,  263.3,  284.5,  308.5,  333.2,  360.7,  390.4,  422.1,  456.7,  494.1,  535.1,  578.8,  626.1,  677.7,  733.4,  793.4,  858.4,  929.0, 1005.2, 1087.8, 1176.7, 1273.5, 1377.2, 1490.2, 1613.0, 1745.0, 1888.3, 2042.9, 2210.2, 2391.6, 2587.8, 2799.6
2016-09-03T00:07:04.044,0, 14.9,    0.1,    0.4,    0.8,    1.1,    1.4,    1.8,    2.1,    2.5,    2.8,    3.1,    3.5,    3.8,    4.1,    4.5,    4.8,    5.1,    5.5,    5.0,    6.4,    7.1,    7.8,    8.5,    9.2,    9.9,   10.6,   11.3,   12.0,   13.4,   14.1,   15.5,   17.0,   18.4,   19.8,   21.2,   22.6,   24.7,   26.8,   29.0,   31.1,   33.9,   36.7,   39.5,   43.1,   46.6,   50.1,   54.4,   58.6,   63.5,   69.2,   74.8,   80.5,   87.5,   94.6,  102.4,  110.8,  120.0,  129.2,  140.5,  151.8,  163.8,  177.2,  192.0,  207.5,  225.2,  243.5,  263.3,  284.5,  308.5,  333.2,  360.7,  390.4,  422.1,  456.7,  494.1,  535.1,  578.8,  626.1,  677.7,  733.4,  793.4,  858.4,  929.0, 1005.2, 1087.8, 1176.7, 1273.5, 1377.2, 1490.2, 1613.0, 1745.0, 1888.3, 2042.9, 2210.2, 2391.6, 2587.8, 2799.6
2016-09-03T00:07:16.044,0, 14.9,    0.1,    0.4,    0.8,    1.1,    1.4,    1.8,    2.1,    2.5,    2.8,    3.1,    3.5,    3.8,    4.1,    4.5,    4.8,    5.1,    5.5,    5.0,    6.4,    7.1,    7.8,    8.5,    9.2,    9.9,   10.6,   11.3,   12.0,   13.4,   14.1,   15.5,   17.0,   18.4,   19.8,   21.2,   22.6,   24.7,   26.8,   29.0,   31.1,   33.9,   36.7,   39.5,   43.1,   46.6,   50.1,   54.4,   58.6,   63.5,   69.2,   74.8,   80.5,   87.5,   94.6,  102.4,  110.8,  120.0,  129.2,  140.5,  151.8,  163.8,  177.2,  192.0,  207.5,  225.2,  243.5,  263.3,  284.5,  308.5,  333.2,  360.7,  390.4,  422.1,  456.7,  494.1,  535.1,  578.8,  626.1,  677.7,  733.4,  793.4,  858.4,  929.0, 1005.2, 1087.8, 1176.7, 1273.5, 1377.2, 1490.2, 1613.0, 1745.0, 1888.3, 2042.9, 2210.2, 2391.6, 2587.8, 2799.6
2016-09-03T00:07:28.044,0, 14.9,    0.1,    0.4,    0.8,    1.1,    1.4,    1.8,    2.1,    2.5,    2.8,    3.1,    3.5,    3.8,    4.1,    4.5,    4.8,    5.1,    5.5,    5.0,    6.4,    7.1,    7.8,    8.5,    9.2,    9.9,   10.6,   11.3,   12.0,   13.4,   14.1,   15.5,   17.0,   18.4,   19.8,   21.2,   22.6,   24.7,   26.8,   29.0,   31.1,   33.9,   36.7,   39.5,   43.1,   46.6,   50.1,   54.4,   58.6,   63.5,   69.2,   74.8,   80.5,   87.5,   94.6,  102.4,  110.8,  120.0,  129.2,  140.5,  151.8,  163.8,  177.2,  192.0,  207.5,  225.2,  243.5,  263.3,  284.5,  308.5,  333.2,  360.7,  390.4,  422.1,  456.7,  494.1,  535.1,  578.8,  626.1,  677.7,  733.4,  793.4,  858.4,  929.0, 1005.2, 1087.8, 1176.7, 1273.5, 1377.2, 1490.2, 1613.0, 1745.0, 1888.3, 2042.9, 2210.2, 2391.6, 2587.8, 2799.6
2016-09-03T00:07:40.044,0, 14.9,    0.1,    0.4,    0.8,    1.1,    1.4,    1.8,    2.1,    2.5,    2.8,    3.1,    3.5,    3.8,    4.1,    4.5,    4.8,    5.1,    5.5,    5.0,    6.4,    7.1,    7.8,    8.5,    9.2,    9.9,   10.6,   11.3,   12.0,   13.4,   14.1,   15.5,   17.0,   18.4,   19.8,   21.2,   22.6,   24.7,   26.8,   29.0,   31.1,   33.9,   36.7,   39.5,   43.1,   46.6,   50.1,   54.4,   58.6,   63.5,   69.2,   74.8,   80.5,   87.5,   94.6,  102.4,  110.8,  120.0,  129.2,  140.5,  151.8,  163.8,  177.2,  192.0,  207.5,  225.2,  243.5,  263.3,  284.5,  308.5,  333.2,  360.7,  390.4,  422.1,  456.7,  494.1,  535.1,  578.8,  626.1,  677.7,  733.4,  793.4,  858.4,  929.0, 1005.2, 1087.8, 1176.7, 1273.5, 1377.2, 1490.2, 1613.0, 1745.0, 1888.3, 2042.9, 2210.2, 2391.6, 2587.8, 2799.6
2016-09-03T00:07:52.044,0, 14.9,    0.1,    0.4,    0.8,    1.1,    1.4,    1.8,    2.1,    2.5,    2.8,    3.1,    3.5,    3.8,    4.1,    4.5,    4.8,    5.1,    5.5,    5.0,    6.4,    7.1,    7.8,    8.5,    9.2,    9.9,   10.6,   11.3,   12.0,   13.4,   14.1,   15.5,   17.0,   18.4,   19.8,   21.2,   22.6,   24.7,   26.8,   29.0,   31.1,   33.9,   36.7,   39.5,   43.1,   46.6,   50.1,   54.4,   58.6,   63.5,   69.2,   74.8,   80.5,   87.5,   94.6,  102.4,  110.8,  120.0,  129.2,  140.5,  151.8,  163.8,  177.2,  192.0,  207.5,  225.2,  243.5,  263.3,  284.5,  308.5,  333.2,  360.7,  390.4,  422.1,  456.7,  494.1,  535.1,  578.8,  626.1,  677.7,  733.4,  793.4,  858.4,  929.0, 1005.2, 1087.8, 1176.7, 1273.5, 1377.2, 1490.2, 1613.0, 1745.0, 1888.3, 2042.9, 2210.2, 2391.6, 2587.8, 2799.6
2016-09-03T00:08:04.044,0, 14.9,    0.1,    0.4,    0.8,    1.1,    1.4,    1.8,    2.1,    2.5,    2.8,    3.1,    3.5,    3.8,    4.1,    4.5,    4.8,    5.1,    5.5,    5.0,    6.4,    7.1,    7.8,    8.5,    9.2,    9.9,   10.6,   11.3,   12.0,   13.4,   14.1,   15.5,   17.0,   18.4,   19.8,   21.2,   22.6,   24.7,   26.8,   29.0,   31.1,   33.9,   36.7,   39.5,   43.1,   46.6,   50.1,   54.4,   58.6,   63.5,   69.2,   74.8,   80.5,   87.5,   94.6,  102.4,  110.8,  120.0,  129.2,  140.5,  151.8,  163.8,  177.2,  192.0,  207.5,  225.2,  243.5,  263.3,  284.5,  308.5,  333.2,  360.7,  390.4,  422.1,  456.7,  494.1,  535.1,  578.8,  626.1,  677.7,  733.4,  793.4,  858.4,  929.0, 1005.2, 1087.8, 1176.7, 1273.5, 1377.2, 1490.2, 1613.0, 1745.0, 1888.3, 2042.9, 2210.2, 2391.6, 2587.8, 2799.6
2016-09-03T00:08:16.044,0, 14.9,    0.1,    0.4,    0.8,    1.1,    1.4,    1.8,    2.1,    2.5,    2.8,    3.1,    3.5,    3.8,    4.1,    4.5,    4.8,    5.1,    5.5,    5.0,    6.4,    7.1,    7.8,    8.5,    9.2,    9.9,   10.6,   11.3,   12.0,   13.4,   14.1,   15.5,   17.0,   18.4,   19.8,   21.2,   22.6,   24.7,   26.8,   29.0,   31.1,   33.9,   36.7,   39.5,   43.1,   46.6,   50.1,   54.4,   58.6,   63.5,   69.2,   74.8,   80.5,   87.5,   94.6,  102.4,  110.8,  120.0,  129.2,  140.5,  151.8,  163.8,  177.2,  192.0,  207.5,  225.2,  243.5,  263.3,  284.5,  308.5,  333.2,  360.7,  390.4,  422.1,  456.7,  494.1,  535.1,  578.8,  626.1,  677.7,  733.4,  793.4,  858.4,  929.0, 1005.2, 1087.8, 1176.7, 1273.5, 1377.2, 1490.2, 1613.0, 1745.0, 1888.3, 2042.9, 2210.2, 2391.6, 2587.8, 2799.6
2016-09-03T00:08:28.044,0, 14.9,    0.1,    0.4,    0.8,    1.1,    1.4,    1.8,    2.1,    2.5,    2.8,    3.1,    3.5,    3.8,    4.1,    4.5,    4.8,    5.1,    5.5,    5.0,    6.4,    7.1,    7.8,    8.5,    9.2,    9.9,   10.6,   11.3,   12.0,   13.4,   14.1,   15.5,   17.0,   18.4,   19.8,   21.2,   22.6,   24.7,   26.8,   29.0,   31.1,   33.9,   36.7,   39.5,   43.1,   46.6,   50.1,   54.4,   58.6,   63.5,   69.2,   74.8,   80.5,   87.5,   94.6,  102.4,  110.8,  120.0,  129.2,  140.5,  151.8,  163.8,  177.2,  192.0,  207.5,  225.2,  243.5,  263.3,  284.5,  308.5,  333.2,  360.7,  390.4,  422.1,  456.7,  494.1,  535.1,  578.8,  626.1,  677.7,  733.4,  793.4,  858.4,  929.0, 1005.2, 1087.8, 1176.7, 1273.5, 1377.2, 1490.2, 1613.0, 1745.0, 1888.3, 2042.9, 2210.2, 2391.6, 2587.8, 2799.6
2016-09-03T00:08:40.044,0, 14.9,    0.1,    0.4,    0.8,    1.1,    1.4,    1.8,    2.1,    2.5,    2.8,    3.1,    3.5,    3.8,    4.1,    4.5,    4.8,    5.1,    5.5,    5.0,    6.4,    7.1,    7.8,    8.5,    9.2,    9.9,   10.6,   11.3,   12.0,   13.4,   14.1,   15.5,   17.0,   18.4,   19.8,   21.2,   22.6,   24.7,   26.8,   29.0,   31.1,   33.9,   36.7,   39.5,   43.1,   46.6,   50.1,   54.4,   58.6,   63.5,   69.2,   74.8,   80.5,   87.5,   94.6,  102.4,  110.8,  120.0,  129.2,  140.5,  151.8,  163.8,  177.2,  192.0,  207.5,  225.2,  243.5,  263.3,  284.5,  308.5,  333.2,  360.7,  390.4,  422.1,  456.7,  494.1,  535.1,  578.8,  626.1,  677.7,  733.4,  793.4,  858.4,  929.0, 1005.2, 1087.8, 1176.7, 1273.5, 1377.2, 1490.2, 1613.0, 1745.0, 1888.3, 2042.9, 2210.2, 2391.6, 2587.8, 2799.6
2016-09-03T00:08:52.012,0, 14.9,    0.1,    0.4,    0.8,    1.1,    1.4,    1.8,    2.1,    2.5,    2.8,    3.1,    3.5,    3.8,    4.1,    4.5,    4.8,    5.1,    5.5,    5.0,    6.4,    7.1,    7.8,    8.5,    9.2,    9.9,   10.6,   11.3,   12.0,   13.4,   14.1,   15.5,   17.0,   18.4,   19.8,   21.2,   22.6,   24.7,   26.8,   29.0,   31.1,   33.9,   36.7,   39.5,   43.1,   46.6,   50.1,   54.4,   58.6,   63.5,   69.2,   74.8,   80.5,   87.5,   94.6,  102.4,  110.8,  120.0,  129.2,  140.5,  151.8,  163.8,  177.2,  192.0,  207.5,  225.2,  243.5,  263.3,  284.5,  308.5,  333.2,  360.7,  390.4,  422.1,  456.7,  494.1,  535.1,  578.8,  626.1,  677.7,  733.4,  793.4,  858.4,  929.0, 1005.2, 1087.8, 1176.7, 1273.5, 1377.2, 1490.2, 1613.0, 1745.0, 1888.3, 2042.9, 2210.2, 2391.6, 2587.8, 2799.6
2016-09-03T00:09:04.012,0, 14.9,    0.1,    0.4,    0.8,    1.1,    1.4,    1.8,    2.1,    2.5,    2.8,    3.1,    3.5,    3.8,    4.1,    4.5,    4.8,    5.1,    5.5,    5.0,    6.4,    7.1,    7.8,    8.5,    9.2,    9.9,   10.6,   11.3,   12.0,   13.4,   14.1,   15.5,   17.0,   18.4,   19.8,   21.2,   22.6,   24.7,   26.8,   29.0,   31.1,   33.9,   36.7,   39.5,   43.1,   46.6,   50.1,   54.4,   58.6,   63.5,   69.2,   74.8,   80.5,   87.5,   94.6,  102.4,  110.8,  120.0,  129.2,  140.5,  151.8,  163.8,  177.2,  192.0,  207.5,  225.2,  243.5,  263.3,  284.5,  308.5,  333.2,  360.7,  390.4,  422.1,  456.7,  494.1,  535.1,  578.8,  626.1,  677.7,  733.4,  793.4,  858.4,  929.0, 1005.2, 1087.8, 1176.7, 1273.5, 1377.2, 1490.2, 1613.0, 1745.0, 1888.3, 2042.9, 2210.2, 2391.6, 2587.8, 2799.6
2016-09-03T00:09:16.012,0, 14.9,    0.1,    0.4,    0.8,    1.1,    1.4,    1.8,    2.1,    2.5,    2.8,    3.1,    3.5,    3.8,    4.1,    4.5,    4.8,    5.1,    5.5,    5.0,    6.4,    7.1,    7.8,    8.5,    9.2,    9.9,   10.6,   11.3,   12.0,   13.4,   14.1,   15.5,   17.0,   18.4,   19.8,   21.2,   22.6,   24.7,   26.8,   29.0,   31.1,   33.9,   36.7,   39.5,   43.1,   46.6,   50.1,   54.4,   58.6,   63.5,   69.2,   74.8,   80.5,   87.5,   94.6,  102.4,  110.8,  120.0,  129.2,  140.5,  151.8,  163.8,  177.2,  192.0,  207.5,  225.2,  243.5,  263.3,  284.5,  308.5,  333.2,  360.7,  390.4,  422.1,  456.7,  494.1,  535.1,  578.8,  626.1,  677.7,  733.4,  793.4,  858.4,  929.0, 1005.2, 1087.8, 1176.7, 1273.5, 1377.2, 1490.2, 1613.0, 1745.0, 1888.3, 2042.9, 2210.2, 2391.6, 2587.8, 2799.6
2016-09-03T00:09:28.012,0, 14.9,    0.1,    0.4,    0.8,    1.1,    1.4,    1.8,    2.1,    2.5,    2.8,    3.1,    3.5,    3.8,    4.1,    4.5,    4.8,    5.1,    5.5,    5.0,    6.4,    7.1,    7.8,    8.5,    9.2,    9.9,   10.6,   11.3,   12.0,   13.4,   14.1,   15.5,   17.0,   18.4,   19.8,   21.2,   22.6,   24.7,   26.8,   29.0,   31.1,   33.9,   36.7,   39.5,   43.1,   46.6,   50.1,   54.4,   58.6,   63.5,   69.2,   74.8,   80.5,   87.5,   94.6,  102.4,  110.8,  120.0,  129.2,  140.5,  151.8,  163.8,  177.2,  192.0,  207.5,  225.2,  243.5,  263.3,  284.5,  308.5,  333.2,  360.7,  390.4,  422.1,  456.7,  494.1,  535.1,  578.8,  626.1,  677.7,  733.4,  793.4,  858.4,  929.0, 1005.2, 1087.8, 1176.7, 1273.5, 1377.2, 1490.2, 1613.0, 1745.0, 1888.3, 2042.9, 2210.2, 2391.6, 2587.8, 2799.6
2016-09-03T00:09:40.012,0, 14.9,    0.1,    0.4,    0.8,    1.1,    1.4,    1.8,    2.1,    2.5,    2.8,    3.1,    3.5,    3.8,    4.1,    4.5,    4.8,    5.1,    5.5,    5.0,    6.4,    7.1,    7.8,    8.5,    9.2,    9.9,   10.6,   11.3,   12.0,   13.4,   14.1,   15.5,   17.0,   18.4,   19.8,   21.2,   22.6,   24.7,   26.8,   29.0,   31.1,   33.9,   36.7,   39.5,   43.1,   46.6,   50.1,   54.4,   58.6,   63.5,   69.2,   74.8,   80.5,   87.5,   94.6,  102.4,  110.8,  120.0,  129.2,  140.5,  151.8,  163.8,  177.2,  192.0,  207.5,  225.2,  243.5,  263.3,  284.5,  308.5,  333.2,  360.7,  390.4,  422.1,  456.7,  494.1,  535.1,  578.8,  626.1,  677.7,  733.4,  793.4,  858.4,  929.0, 1005.2, 1087.8, 1176.7, 1273.5, 1377.2, 1490.2, 1613.0, 1745.0, 1888.3, 2042.9, 2210.2, 2391.6, 2587.8, 2799.6
2016-09-03T00:09:52.012,0, 14.9,    0.1,    0.4,    0.8,    1.1,    1.4,    1.8,    2.1,    2.5,    2.8,    3.1,    3.5,    3.8,    4.1,    4.5,    4.8,    5.1,    5.5,    5.0,    6.4,    7.1,    7.8,    8.5,    9.2,    9.9,   10.6,   11.3,   12.0,   13.4,   14.1,   15.5,   17.0,   18.4,   19.8,   21.2,   22.6,   24.7,   26.8,   29.0,   31.1,   33.9,   36.7,   39.5,   43.1,   46.6,   50.1,   54.4,   58.6,   63.5,   69.2,   74.8,   80.5,   87.5,   94.6,  102.4,  110.8,  120.0,  129.2,  140.5,  151.8,  163.8,  177.2,  192.0,  207.5,  225.2,  243.5,  263.3,  284.5,  308.5,  333.2,  360.7,  390.4,  422.1,  456.7,  494.1,  535.1,  578.8,  626.1,  677.7,  733.4,  793.4,  858.4,  929.0, 1005.2, 1087.8, 1176.7, 1273.5, 1377.2, 1490.2, 1613.0, 1745.0, 1888.3, 2042.9, 2210.2, 2391.6, 2587.8, 2799.6
2016-09-03T00:10:04.012,0, 14.9,    0.1,    0.4,    0.8,    1.1,    1.4,    1.8,    2.1,    2.5,    2.8,    3.1,    3.5,    3.8,    4.1,    4.5,    4.8,    5.1,    5.5,    5.0,    6.4,    7.1,    7.8,    8.5,    9.2,    9.9,   10.6,   11.3,   12.0,   13.4,   14.1,   15.5,   17.0,   18.4,   19.8,   21.2,   22.6,   24.7,   26.8,   29.0,   31.1,   33.9,   36.7,   39.5,   43.1,   46.6,   50.1,   54.4,   58.6,   63.5,   69.2,   74.8,   80.5,   87.5,   94.6,  102.4,  110.8,  120.0,  129.2,  140.5,  151.8,  163.8,  177.2,  192.0,  207.5,  225.2,  243.5,  263.3,  284.5,  308.5,  333.2,  360.7,  390.4,  422.1,  456.7,  494.1,  535.1,  578.8,  626.1,  677.7,  733.4,  793.4,  858.4,  929.0, 1005.2, 1087.8, 1176.7, 1273.5, 1377.2, 1490.2, 1613.0, 1745.0, 1888.3, 2042.9, 2210.2, 2391.6, 2587.8, 2799.6
2016-09-03T00:10:16.012,0, 14.9,    0.1,    0.4,    0.8,    1.1,    1.4,    1.8,    2.1,    2.5,    2.8,    3.1,    3.5,    3.8,    4.1,    4.5,    4.8,    5.1,    5.5,    5.0,    6.4,    7.1,    7.8,    8.5,    9.2,    9.9,   10.6,   11.3,   12.0,   13.4,   14.1,   15.5,   17.0,   18.4,   19.8,   21.2,   22.6,   24.7,   26.8,   29.0,   31.1,   33.9,   36.7,   39.5,   43.1,   46.6,   50.1,   54.4,   58.6,   63.5,   69.2,   74.8,   80.5,   87.5,   94.6,  102.4,  110.8,  120.0,  129.2,  140.5,  151.8,  163.8,  177.2,  192.0,  207.5,  225.2,  243.5,  263.3,  284.5,  308.5,  333.2,  360.7,  390.4,  422.1,  456.7,  494.1,  535.1,  578.8,  626.1,  677.7,  733.4,  793.4,  858.4,  929.0, 1005.2, 1087.8, 1176.7, 1273.5, 1377.2, 1490.2, 1613.0, 1745.0, 1888.3, 2042.9, 2210.2, 2391.6, 2587.8, 2799.6
2016-09-03T00:10:28.012,0, 14.9,    0.1,    0.4,    0.8,    1.1,    1.4,    1.8,    2.1,    2.5,    2.8,    3.1,    3.5,    3.8,    4.1,    4.5,    4.8,    5.1,    5.5,    5.0,    6.4,    7.1,    7.8,    8.5,    9.2,    9.9,   10.6,   11.3,   12.0,   13.4,   14.1,   15.5,   17.0,   18.4,   19.8,   21.2,   22.6,   24.7,   26.8,   29.0,   31.1,   33.9,   36.7,   39.5,   43.1,   46.6,   50.1,   54.4,   58.6,   63.5,   69.2,   74.8,   80.5,   87.5,   94.6,  102.4,  110.8,  120.0,  129.2,  140.5,  151.8,  163.8,  177.2,  192.0,  207.5,  225.2,  243.5,  263.3,  284.5,  308.5,  333.2,  360.7,  390.4,  422.1,  456.7,  494.1,  535.1,  578.8,  626.1,  677.7,  733.4,  793.4,  858.4,  929.0, 1005.2, 1087.8, 1176.7, 1273.5, 1377.2, 1490.2, 1613.0, 1745.0, 1888.3, 2042.9, 2210.2, 2391.6, 2587.8, 2799.6
2016-09-03T00:10:40.012,0, 14.9,    0.1,    0.4,    0.8,    1.1,    1.4,    1.8,    2.1,    2.5,    2.8,    3.1,    3.5,    3.8,    4.1,    4.5,    4.8,    5.1,    5.5,    5.0,    6.4,    7.1,    7.8,    8.5,    9.2,    9.9,   10.6,   11.3,   12.0,   13.4,   14.1,   15.5,   17.0,   18.4,   19.8,   21.2,   22.6,   24.7,   26.8,   29.0,   31.1,   33.9,   36.7,   39.5,   43.1,   46.6,   50.1,   54.4,   58.6,   63.5,   69.2,   74.8,   80.5,   87.5,   94.6,  102.4,  110.8,  120.0,  129.2,  140.5,  151.8,  163.8,  177.2,  192.0,  207.5,  225.2,  243.5,  263.3,  284.5,  308.5,  333.2,  360.7,  390.4,  422.1,  456.7,  494.1,  535.1,  578.8,  626.1,  677.7,  733.4,  793.4,  858.4,  929.0, 1005.2, 1087.8, 1176.7, 1273.5, 1377.2, 1490.2, 1613.0, 1745.0, 1888.3, 2042.9, 2210.2, 2391.6, 2587.8, 2799.6
2016-09-03T00:10:52.012,0, 14.9,    0.1,    0.4,    0.8,    1.1,    1.4,    1.8,    2.1,    2.5,    2.8,    3.1,    3.5,    3.8,    4.1,    4.5,    4.8,    5.1,    5.5,    5.0,    6.4,    7.1,    7.8,    8.5,    9.2,    9.9,   10.6,   11.3,   12.0,   13.4,   14.1,   15.5,   17.0,   18.4,   19.8,   21.2,   22.6,   24.7,   26.8,   29.0,   31.1,   33.9,   36.7,   39.5,   43.1,   46.6,   50.1,   54.4,   58.6,   63.5,   69.2,   74.8,   80.5,   87.5,   94.6,  102.4,  110.8,  120.0,  129.2,  140.5,  151.8,  163.8,  177.2,  192.0,  207.5,  225.2,  243.5,  263.3,  284.5,  308.5,  333.2,  360.7,  390.4,  422.1,  456.7,  494.1,  535.1,  578.8,  626.1,  677.7,  733.4,  793.4,  858.4,  929.0, 1005.2, 1087.8, 1176.7, 1273.5, 1377.2, 1490.2, 1613.0, 1745.0, 1888.3, 2042.9, 2210.2, 2391.6, 2587.8, 2799.6
2016-09-03T00:11:04.012,0, 14.9,    0.1,    0.4,    0.8,    1.1,    1.4,    1.8,    2.1,    2.5,    2.8,    3.1,    3.5,    3.8,    4.1,    4.5,    4.8,    5.1,    5.5,    5.0,    6.4,    7.1,    7.8,    8.5,    9.2,    9.9,   10.6,   11.3,   12.0,   13.4,   14.1,   15.5,   17.0,   18.4,   19.8,   21.2,   22.6,   24.7,   26.8,   29.0,   31.1,   33.9,   36.7,   39.5,   43.1,   46.6,   50.1,   54.4,   58.6,   63.5,   69.2,   74.8,   80.5,   87.5,   94.6,  102.4,  110.8,  120.0,  129.2,  140.5,  151.8,  163.8,  177.2,  192.0,  207.5,  225.2,  243.5,  263.3,  284.5,  308.5,  333.2,  360.7,  390.4,  422.1,  456.7,  494.1,  535.1,  578.8,  626.1,  677.7,  733.4,  793.4,  858.4,  929.0, 1005.2, 1087.8, 1176.7, 1273.5, 1377.2, 1490.2, 1613.0, 1745.0, 1888.3, 2042.9, 2210.2, 2391.6, 2587.8, 2799.6
2016-09-03T00:11:16.012,0, 14.9,    0.1,    0.4,    0.8,    1.1,    1.4,    1.8,    2.1,    2.5,    2.8,    3.1,    3.5,    3.8,    4.1,    4.5,    4.8,    5.1,    5.5,    5.0,    6.4,    7.1,    7.8,    8.5,    9.2,    9.9,   10.6,   11.3,   12.0,   13.4,   14.1,   15.5,   17.0,   18.4,   19.8,   21.2,   22.6,   24.7,   26.8,   29.0,   31.1,   33.9,   36.7,   39.5,   43.1,   46.6,   50.1,   54.4,   58.6,   63.5,   69.2,   74.8,   80.5,   87.5,   94.6,  102.4,  110.8,  120.0,  129.2,  140.5,  151.8,  163.8,  177.2,  192.0,  207.5,  225.2,  243.5,  263.3,  284.5,  308.5,  333.2,  360.7,  390.4,  422.1,  456.7,  494.1,  535.1,  578.8,  626.1,  677.7,  733.4,  793.4,  858.4,  929.0, 1005.2, 1087.8, 1176.7, 1273.5, 1377.2, 1490.2, 1613.0, 1745.0, 1888.3, 2042.9, 2210.2, 2391.6, 2587.8, 2799.6
2016-09-03T00:11:28.012,0, 14.9,    0.1,    0.4,    0.8,    1.1,    1.4,    1.8,    2.1,    2.5,    2.8,    3.1,    3.5,    3.8,    4.1,    4.5,    4.8,    5.1,    5.5,    5.0,    6.4,    7.1,    7.8,    8.5,    9.2,    9.9,   10.6,   11.3,   12.0,   13.4,   14.1,   15.5,   17.0,   18.4,   19.8,   21.2,   22.6,   24.7,   26.8,   29.0,   31.1,   33.9,   36.7,   39.5,   43.1,   46.6,   50.1,   54.4,   58.6,   63.5,   69.2,   74.8,   80.5,   87.5,   94.6,  102.4,  110.8,  120.0,  129.2,  140.5,  151.8,  163.8,  177.2,  192.0,  207.5,  225.2,  243.5,  263.3,  284.5,  308.5,  333.2,  360.7,  390.4,  422.1,  456.7,  494.1,  535.1,  578.8,  626.1,  677.7,  733.4,  793.4,  858.4,  929.0, 1005.2, 1087.8, 1176.7, 1273.5, 1377.2, 1490.2, 1613.0, 1745.0, 1888.3, 2042.9, 2210.2, 2391.6, 2587.8, 2799.6
2016-09-03T00:11:40.012,0, 14.9,    0.1,    0.4,    0.8,    1.1,    1.4,    1.8,    2.1,    2.5,    2.8,    3.1,    3.5,    3.8,    4.1,    4.5,    4.8,    5.1,    5.5,    5.0,    6.4,    7.1,    7.8,    8.5,    9.2,    9.9,   10.6,   11.3,   12.0,   13.4,   14.1,   15.5,   17.0,   18.4,   19.8,   21.2,   22.6,   24.7,   26.8,   29.0,   31.1,   33.9,   36.7,   39.5,   43.1,   46.6,   50.1,   54.4,   58.6,   63.5,   69.2,   74.8,   80.5,   87.5,   94.6,  102.4,  110.8,  120.0,  129.2,  140.5,  151.8,  163.8,  177.2,  192.0,  207.5,  225.2,  243.5,  263.3,  284.5,  308.5,  333.2,  360.7,  390.4,  422.1,  456.7,  494.1,  535.1,  578.8,  626.1,  677.7,  733.4,  793.4,  858.4,  929.0, 1005.2, 1087.8, 1176.7, 1273.5, 1377.2, 1490.2, 1613.0, 1745.0, 1888.3, 2042.9, 2210.2, 2391.6, 2587.8, 2799.6
2016-09-03T00:11:52.012,0, 14.9,    0.1,    0.4,    0.8,    1.1,    1.4,    1.8,    2.1,    2.5,    2.8,    3.1,    3.5,    3.8,    4.1,    4.5,    4.8,    5.1,    5.5,    5.0,    6.4,    7.1,    7.8,    8.5,    9.2,    9.9,   10.6,   11.3,   12.0,   13.4,   14.1,   15.5,   17.0,   18.4,   19.8,   21.2,   22.6,   24.7,   26.8,   29.0,   31.1,   33.9,   36.7,   39.5,   43.1,   46.6,   50.1,   54.4,   58.6,   63.5,   69.2,   74.8,   80.5,   87.5,   94.6,  102.4,  110.8,  120.0,  129.2,  140.5,  151.8,  163.8,  177.2,  192.0,  207.5,  225.2,  243.5,  263.3,  284.5,  308.5,  333.2,  360.7,  390.4,  422.1,  456.7,  494.1,  535.1,  578.8,  626.1,  677.7,  733.4,  793.4,  858.4,  929.0, 1005.2, 1087.8, 1176.7, 1273.5, 1377.2, 1490.2, 1613.0, 1745.0, 1888.3, 2042.9, 2210.2, 2391.6, 2587.8, 2799.6
2016-09-03T00:12:04.012,0, 14.9,    0.1,    0.4,    0.8,    1.1,    1.4,    1.8,    2.1,    2.5,    2.8,    3.1,    3.5,    3.8,    4.1,    4.5,    4.8,    5.1,    5.5,    5.0,    6.4,    7.1,    7.8,    8.5,    9.2,    9.9,   10.6,   11.3,   12.0,   13.4,   14.1,   15.5,   17.0,   18.4,   19.8,   21.2,   22.6,   24.7,   26.8,   29.0,   31.1,   33.9,   36.7,   39.5,   43.1,   46.6,   50.1,   54.4,   58.6,   63.5,   69.2,   74.8,   80.5,   87.5,   94.6,  102.4,  110.8,  120.0,  129.2,  140.5,  151.8,  163.8,  177.2,  192.0,  207.5,  225.2,  243.5,  263.3,  284.5,  308.5,  333.2,  360.7,  390.4,  422.1,  456.7,  494.1,  535.1,  578.8,  626.1,  677.7,  733.4,  793.4,  858.4,  929.0, 1005.2, 1087.8, 1176.7, 1273.5, 1377.2, 1490.2, 1613.0, 1745.0, 1888.3, 2042.9, 2210.2, 2391.6, 2587.8, 2799.6
2016-09-03T00:12:16.012,0, 14.9,    0.1,    0.4,    0.8,    1.1,    1.4,    1.8,    2.1,    2.5,    2.8,    3.1,    3.5,    3.8,    4.1,    4.5,    4.8,    5.1,    5.5,    5.0,    6.4,    7.1,    7.8,    8.5,    9.2,    9.9,   10.6,   11.3,   12.0,   13.4,   14.1,   15.5,   17.0,   18.4,   19.8,   21.2,   22.6,   24.7,   26.8,   29.0,   31.1,   33.9,   36.7,   39.5,   43.1,   46.6,   50.1,   54.4,   58.6,   63.5,   69.2,   74.8,   80.5,   87.5,   94.6,  102.4,  110.8,  120.0,  129.2,  140.5,  151.8,  163.8,  177.2,  192.0,  207.5,  225.2,  243.5,  263.3,  284.5,  308.5,  333.2,  360.7,  390.4,  422.1,  456.7,  494.1,  535.1,  578.8,  626.1,  677.7,  733.4,  793.4,  858.4,  929.0, 1005.2, 1087.8, 1176.7, 1273.5, 1377.2, 1490.2, 1613.0, 1745.0, 1888.3, 2042.9, 2210.2, 2391.6, 2587.8, 2799.6
2016-09-03T00:12:28.012,0, 14.9,    0.1,    0.4,    0.8,    1.1,    1.4,    1.8,    2.1,    2.5,    2.8,    3.1,    3.5,    3.8,    4.1,    4.5,    4.8,    5.1,    5.5,    5.0,    6.4,    7.1,    7.8,    8.5,    9.2,    9.9,   10.6,   11.3,   12.0,   13.4,   14.1,   15.5,   17.0,   18.4,   19.8,   21.2,   22.6,   24.7,   26.8,   29.0,   31.1,   33.9,   36.7,   39.5,   43.1,   46.6,   50.1,   54.4,   58.6,   63.5,   69.2,   74.8,   80.5,   87.5,   94.6,  102.4,  110.8,  120.0,  129.2,  140.5,  151.8,  163.8,  177.2,  192.0,  207.5,  225.2,  243.5,  263.3,  284.5,  308.5,  333.2,  360.7,  390.4,  422.1,  456.7,  494.1,  535.1,  578.8,  626.1,  677.7,  733.4,  793.4,  858.4,  929.0, 1005.2, 1087.8, 1176.7, 1273.5, 1377.2, 1490.2, 1613.0, 1745.0, 1888.3, 2042.9, 2210.2, 2391.6, 2587.8, 2799.6
2016-09-03T00:12:40.012,0, 14.9,    0.1,    0.4,    0.8,    1.1,    1.4,    1.8,    2.1,    2.5,    2.8,    3.1,    3.5,    3.8,    4.1,    4.5,    4.8,    5.1,    5.5,    5.0,    6.4,    7.1,    7.8,    8.5,    9.2,    9.9,   10.6,   11.3,   12.0,   13.4,   14.1,   15.5,   17.0,   18.4,   19.8,   21.2,   22.6,   24.7,   26.8,   29.0,   31.1,   33.9,   36.7,   39.5,   43.1,   46.6,   50.1,   54.4,   58.6,   63.5,   69.2,   74.8,   80.5,   87.5,   94.6,  102.4,  110.8,  120.0,  129.2,  140.5,  151.8,  163.8,  177.2,  192.0,  207.5,  225.2,  243.5,  263.3,  284.5,  308.5,  333.2,  360.7,  390.4,  422.1,  456.7,  494.1,  535.1,  578.8,  626.1,  677.7,  733.4,  793.4,  858.4,  929.0, 1005.2, 1087.8, 1176.7, 1273.5, 1377.2, 1490.2, 1613.0, 1745.0, 1888.3, 2042.9, 2210.2, 2391.6, 2587.8, 2799.6
2016-09-03T00:12:52.012,0, 14.9,    0.1,    0.4,    0.8,    1.1,    1.4,    1.8,    2.1,    2.5,    2.8,    3.1,    3.5,    3.8,    4.1,    4.5,    4.8,    5.1,    5.5,    5.0,    6.4,    7.1,    7.8,    8.5,    9.2,    9.9,   10.6,   11.3,   12.0,   13.4,   14.1,   15.5,   17.0,   18.4,   19.8,   21.2,   22.6,   24.7,   26.8,   29.0,   31.1,   33.9,   36.7,   39.5,   43.1,   46.6,   50.1,   54.4,   58.6,   63.5,   69.2,   74.8,   80.5,   87.5,   94.6,  102.4,  110.8,  120.0,  129.2,  140.5,  151.8,  163.8,  177.2,  192.0,  207.5,  225.2,  243.5,  263.3,  284.5,  308.5,  333.2,  360.7,  390.4,  422.1,  456.7,  494.1,  535.1,  578.8,  626.1,  677.7,  733.4,  793.4,  858.4,  929.0, 1005.2, 1087.8, 1176.7, 1273.5, 1377.2, 1490.2, 1613.0, 1745.0, 1888.3, 2042.9, 2210.2, 2391.6, 2587.8, 2799.6
2016-09-03T00:13:04.012,0, 14.9,    0.1,    0.4,    0.8,    1.1,    1.4,    1.8,    2.1,    2.5,    2.8,    3.1,    3.5,    3.8,    4.1,    4.5,    4.8,    5.1,    5.5,    5.0,    6.4,    7.1,    7.8,    8.5,    9.2,    9.9,   10.6,   11.3,   12.0,   13.4,   14.1,   15.5,   17.0,   18.4,   19.8,   21.2,   22.6,   24.7,   26.8,   29.0,   31.1,   33.9,   36.7,   39.5,   43.1,   46.6,   50.1,   54.4,   58.6,   63.5,   69.2,   74.8,   80.5,   87.5,   94.6,  102.4,  110.8,  120.0,  129.2,  140.5,  151.8,  163.8,  177.2,  192.0,  207.5,  225.2,  243.5,  263.3,  284.5,  308.5,  333.2,  360.7,  390.4,  422.1,  456.7,  494.1,  535.1,  578.8,  626.1,  677.7,  733.4,  793.4,  858.4,  929.0, 1005.2, 1087.8, 1176.7, 1273.5, 1377.2, 1490.2, 1613.0, 1745.0, 1888.3, 2042.9, 2210.2, 2391.6, 2587.8, 2799.6
2016-09-03T00:13:16.012,0, 14.9,    0.1,    0.4,    0.8,    1.1,    1.4,    1.8,    2.1,    2.5,    2.8,    3.1,    3.5,    3.8,    4.1,    4.5,    4.8,    5.1,    5.5,    5.0,    6.4,    7.1,    7.8,    8.5,    9.2,    9.9,   10.6,   11.3,   12.0,   13.4,   14.1,   15.5,   17.0,   18.4,   19.8,   21.2,   22.6,   24.7,   26.8,   29.0,   31.1,   33.9,   36.7,   39.5,   43.1,   46.6,   50.1,   54.4,   58.6,   63.5,   69.2,   74.8,   80.5,   87.5,   94.6,  102.4,  110.8,  120.0,  129.2,  140.5,  151.8,  163.8,  177.2,  192.0,  207.5,  225.2,  243.5,  263.3,  284.5,  308.5,  333.2,  360.7,  390.4,  422.1,  456.7,  494.1,  535.1,  578.8,  626.1,  677.7,  733.4,  793.4,  858.4,  929.0, 1005.2, 1087.8, 1176.7, 1273.5, 1377.2, 1490.2, 1613.0, 1745.0, 1888.3, 2042.9, 2210.2, 2391.6, 2587.8, 2799.6
2016-09-03T00:13:28.012,0, 14.9,    0.1,    0.4,    0.8,    1.1,    1.4,    1.8,    2.1,    2.5,    2.8,    3.1,    3.5,    3.8,    4.1,    4.5,    4.8,    5.1,    5.5,    5.0,    6.4,    7.1,    7.8,    8.5,    9.2,    9.9,   10.6,   11.3,   12.0,   13.4,   14.1,   15.5,   17.0,   18.4,   19.8,   21.2,   22.6,   24.7,   26.8,   29.0,   31.1,   33.9,   36.7,   39.5,   43.1,   46.6,   50.1,   54.4,   58.6,   63.5,   69.2,   74.8,   80.5,   87.5,   94.6,  102.4,  110.8,  120.0,  129.2,  140.5,  151.8,  163.8,  177.2,  192.0,  207.5,  225.2,  243.5,  263.3,  284.5,  308.5,  333.2,  360.7,  390.4,  422.1,  456.7,  494.1,  535.1,  578.8,  626.1,  677.7,  733.4,  793.4,  858.4,  929.0, 1005.2, 1087.8, 1176.7, 1273.5, 1377.2, 1490.2, 1613.0, 1745.0, 1888.3, 2042.9, 2210.2, 2391.6, 2587.8, 2799.6
2016-09-03T00:13:40.012,0, 14.9,    0.1,    0.4,    0.8,    1.1,    1.4,    1.8,    2.1,    2.5,    2.8,    3.1,    3.5,    3.8,    4.1,    4.5,    4.8,    5.1,    5.5,    5.0,    6.4,    7.1,    7.8,    8.5,    9.2,    9.9,   10.6,   11.3,   12.0,   13.4,   14.1,   15.5,   17.0,   18.4,   19.8,   21.2,   22.6,   24.7,   26.8,   29.0,   31.1,   33.9,   36.7,   39.5,   43.1,   46.6,   50.1,   54.4,   58.6,   63.5,   69.2,   74.8,   80.5,   87.5,   94.6,  102.4,  110.8,  120.0,  129.2,  140.5,  151.8,  163.8,  177.2,  192.0,  207.5,  225.2,  243.5,  263.3,  284.5,  308.5,  333.2,  360.7,  390.4,  422.1,  456.7,  494.1,  535.1,  578.8,  626.1,  677.7,  733.4,  793.4,  858.4,  929.0, 1005.2, 1087.8, 1176.7, 1273.5, 1377.2, 1490.2, 1613.0, 1745.0, 1888.3, 2042.9, 2210.2, 2391.6, 2587.8, 2799.6
2016-09-03T00:13:52.012,0, 14.9,    0.1,    0.4,    0.8,    1.1,    1.4,    1.8,    2.1,    2.5,    2.8,    3.1,    3.5,    3.8,    4.1,    4.5,    4.8,    5.1,    5.5,    5.0,    6.4,    7.1,    7.8,    8.5,    9.2,    9.9,   10.6,   11.3,   12.0,   13.4,   14.1,   15.5,   17.0,   18.4,   19.8,   21.2,   22.6,   24.7,   26.8,   29.0,   31.1,   33.9,   36.7,   39.5,   43.1,   46.6,   50.1,   54.4,   58.6,   63.5,   69.2,   74.8,   80.5,   87.5,   94.6,  102.4,  110.8,  120.0,  129.2,  140.5,  151.8,  163.8,  177.2,  192.0,  207.5,  225.2,  243.5,  263.3,  284.5,  308.5,  333.2,  360.7,  390.4,  422.1,  456.7,  494.1,  535.1,  578.8,  626.1,  677.7,  733.4,  793.4,  858.4,  929.0, 1005.2, 1087.8, 1176.7, 1273.5, 1377.2, 1490.2, 1613.0, 1745.0, 1888.3, 2042.9, 2210.2, 2391.6, 2587.8, 2799.6
2016-09-03T00:14:04.012,0, 14.9,    0.1,    0.4,    0.8,    1.1,    1.4,    1.8,    2.1,    2.5,    2.8,    3.1,    3.5,    3.8,    4.1,    4.5,    4.8,    5.1,    5.5,    5.0,    6.4,    7.1,    7.8,    8.5,    9.2,    9.9,   10.6,   11.3,   12.0,   13.4,   14.1,   15.5,   17.0,   18.4,   19.8,   21.2,   22.6,   24.7,   26.8,   29.0,   31.1,   33.9,   36.7,   39.5,   43.1,   46.6,   50.1,   54.4,   58.6,   63.5,   69.2,   74.8,   80.5,   87.5,   94.6,  102.4,  110.8,  120.0,  129.2,  140.5,  151.8,  163.8,  177.2,  192.0,  207.5,  225.2,  243.5,  263.3,  284.5,  308.5,  333.2,  360.7,  390.4,  422.1,  456.7,  494.1,  535.1,  578.8,  626.1,  677.7,  733.4,  793.4,  858.4,  929.0, 1005.2, 1087.8, 1176.7, 1273.5, 1377.2, 1490.2, 1613.0, 1745.0, 1888.3, 2042.9, 2210.2, 2391.6, 2587.8, 2799.6
2016-09-03T00:14:16.012,0, 14.9,    0.1,    0.4,    0.8,    1.1,    1.4,    1.8,    2.1,    2.5,    2.8,    3.1,    3.5,    3.8,    4.1,    4.5,    4.8,    5.1,    5.5,    5.0,    6.4,    7.1,    7.8,    8.5,    9.2,    9.9,   10.6,   11.3,   12.0,   13.4,   14.1,   15.5,   17.0,   18.4,   19.8,   21.2,   22.6,   24.7,   26.8,   29.0,   31.1,   33.9,   36.7,   39.5,   43.1,   46.6,   50.1,   54.4,   58.6,   63.5,   69.2,   74.8,   80.5,   87.5,   94.6,  102.4,  110.8,  120.0,  129.2,  140.5,  151.8,  163.8,  177.2,  192.0,  207.5,  225.2,  243.5,  263.3,  284.5,  308.5,  333.2,  360.7,  390.4,  422.1,  456.7,  494.1,  535.1,  578.8,  626.1,  677.7,  733.4,  793.4,  858.4,  929.0, 1005.2, 1087.8, 1176.7, 1273.5, 1377.2, 1490.2, 1613.0, 1745.0, 1888.3, 2042.9, 2210.2, 2391.6, 2587.8, 2799.6
2016-09-03T00:14:28.012,0, 14.9,    0.1,    0.4,    0.8,    1.1,    1.4,    1.8,    2.1,    2.5,    2.8,    3.1,    3.5,    3.8,    4.1,    4.5,    4.8,    5.1,    5.5,    5.0,    6.4,    7.1,    7.8,    8.5,    9.2,    9.9,   10.6,   11.3,   12.0,   13.4,   14.1,   15.5,   17.0,   18.4,   19.8,   21.2,   22.6,   24.7,   26.8,   29.0,   31.1,   33.9,   36.7,   39.5,   43.1,   46.6,   50.1,   54.4,   58.6,   63.5,   69.2,   74.8,   80.5,   87.5,   94.6,  102.4,  110.8,  120.0,  129.2,  140.5,  151.8,  163.8,  177.2,  192.0,  207.5,  225.2,  243.5,  263.3,  284.5,  308.5,  333.2,  360.7,  390.4,  422.1,  456.7,  494.1,  535.1,  578.8,  626.1,  677.7,  733.4,  793.4,  858.4,  929.0, 1005.2, 1087.8, 1176.7, 1273.5, 1377.2, 1490.2, 1613.0, 1745.0, 1888.3, 2042.9, 2210.2, 2391.6, 2587.8, 2799.6
2016-09-03T00:14:40.012,0, 14.9,    0.1,    0.4,    0.8,    1.1,    1.4,    1.8,    2.1,    2.5,    2.8,    3.1,    3.5,    3.8,    4.1,    4.5,    4.8,    5.1,    5.5,    5.0,    6.4,    7.1,    7.8,    8.5,    9.2,    9.9,   10.6,   11.3,   12.0,   13.4,   14.1,   15.5,   17.0,   18.4,   19.8,   21.2,   22.6,   24.7,   26.8,   29.0,   31.1,   33.9,   36.7,   39.5,   43.1,   46.6,   50.1,   54.4,   58.6,   63.5,   69.2,   74.8,   80.5,   87.5,   94.6,  102.4,  110.8,  120.0,  129.2,  140.5,  151.8,  163.8,  177.2,  192.0,  207.5,  225.2,  243.5,  263.3,  284.5,  308.5,  333.2,  360.7,  390.4,  422.1,  456.7,  494.1,  535.1,  578.8,  626.1,  677.7,  733.4,  793.4,  858.4,  929.0, 1005.2, 1087.8, 1176.7, 1273.5, 1377.2, 1490.2, 1613.0, 1745.0, 1888.3, 2042.9, 2210.2, 2391.6, 2587.8, 2799.6
2016-09-03T00:14:52.012,0, 14.9,    0.1,    0.4,    0.8,    1.1,    1.4,    1.8,    2.1,    2.5,    2.8,    3.1,    3.5,    3.8,    4.1,    4.5,    4.8,    5.1,    5.5,    5.0,    6.4,    7.1,    7.8,    8.5,    9.2,    9.9,   10.6,   11.3,   12.0,   13.4,   14.1,   15.5,   17.0,   18.4,   19.8,   21.2,   22.6,   24.7,   26.8,   29.0,   31.1,   33.9,   36.7,   39.5,   43.1,   46.6,   50.1,   54.4,   58.6,   63.5,   69.2,   74.8,   80.5,   87.5,   94.6,  102.4,  110.8,  120.0,  129.2,  140.5,  151.8,  163.8,  177.2,  192.0,  207.5,  225.2,  243.5,  263.3,  284.5,  308.5,  333.2,  360.7,  390.4,  422.1,  456.7,  494.1,  535.1,  578.8,  626.1,  677.7,  733.4,  793.4,  858.4,  929.0, 1005.2, 1087.8, 1176.7, 1273.5, 1377.2, 1490.2, 1613.0, 1745.0, 1888.3, 2042.9, 2210.2, 2391.6, 2587.8, 2799.6
2016-09-03T00:15:04.012,0, 14.9,    0.1,    0.4,    0.8,    1.1,    1.4,    1.8,    2.1,    2.5,    2.8,    3.1,    3.5,    3.8,    4.1,    4.5,    4.8,    5.1,    5.5,    5.0,    6.4,    7.1,    7.8,    8.5,    9.2,    9.9,   10.6,   11.3,   12.0,   13.4,   14.1,   15.5,   17.0,   18.4,   19.8,   21.2,   22.6,   24.7,   26.8,   29.0,   31.1,   33.9,   36.7,   39.5,   43.1,   46.6,   50.1,   54.4,   58.6,   63.5,   69.2,   74.8,   80.5,   87.5,   94.6,  102.4,  110.8,  120.0,  129.2,  140.5,  151.8,  163.8,  177.2,  192.0,  207.5,  225.2,  243.5,  263.3,  284.5,  308.5,  333.2,  360.7,  390.4,  422.1,  456.7,  494.1,  535.1,  578.8,  626.1,  677.7,  733.4,  793.4,  858.4,  929.0, 1005.2, 1087.8, 1176.7, 1273.5, 1377.2, 1490.2, 1613.0, 1745.0, 1888.3, 2042.9, 2210.2, 2391.6, 2587.8, 2799.6
2016-09-03T00:15:15.981,0, 14.9,    0.1,    0.4,    0.8,    1.1,    1.4,    1.8,    2.1,    2.5,    2.8,    3.1,    3.5,    3.8,    4.1,    4.5,    4.8,    5.1,    5.5,    5.0,    6.4,    7.1,    7.8,    8.5,    9.2,    9.9,   10.6,   11.3,   12.0,   13.4,   14.1,   15.5,   17.0,   18.4,   19.8,   21.2,   22.6,   24.7,   26.8,   29.0,   31.1,   33.9,   36.7,   39.5,   43.1,   46.6,   50.1,   54.4,   58.6,   63.5,   69.2,   74.8,   80.5,   87.5,   94.6,  102.4,  110.8,  120.0,  129.2,  140.5,  151.8,  163.8,  177.2,  192.0,  207.5,  225.2,  243.5,  263.3,  284.5,  308.5,  333.2,  360.7,  390.4,  422.1,  456.7,  494.1,  535.1,  578.8,  626.1,  677.7,  733.4,  793.4,  858.4,  929.0, 1005.2, 1087.8, 1176.7, 1273.5, 1377.2, 1490.2, 1613.0, 1745.0, 1888.3, 2042.9, 2210.2, 2391.6, 2587.8, 2799.6
2016-09-03T00:15:27.981,0, 14.9,    0.1,    0.4,    0.8,    1.1,    1.4,    1.8,    2.1,    2.5,    2.8,    3.1,    3.5,    3.8,    4.1,    4.5,    4.8,    5.1,    5.5,    5.0,    6.4,    7.1,    7.8,    8.5,    9.2,    9.9,   10.6,   11.3,   12.0,   13.4,   14.1,   15.5,   17.0,   18.4,   19.8,   21.2,   22.6,   24.7,   26.8,   29.0,   31.1,   33.9,   36.7,   39.5,   43.1,   46.6,   50.1,   54.4,   58.6,   63.5,   69.2,   74.8,   80.5,   87.5,   94.6,  102.4,  110.8,  120.0,  129.2,  140.5,  151.8,  163.8,  177.2,  192.0,  207.5,  225.2,  243.5,  263.3,  284.5,  308.5,  333.2,  360.7,  390.4,  422.1,  456.7,  494.1,  535.1,  578.8,  626.1,  677.7,  733.4,  793.4,  858.4,  929.0, 1005.2, 1087.8, 1176.7, 1273.5, 1377.2, 1490.2, 1613.0, 1745.0, 1888.3, 2042.9, 2210.2, 2391.6, 2587.8, 2799.6
2016-09-03T00:15:39.981,0, 14.9,    0.1,    0.4,    0.8,    1.1,    1.4,    1.8,    2.1,    2.5,    2.8,    3.1,    3.5,    3.8,    4.1,    4.5,    4.8,    5.1,    5.5,    5.0,    6.4,    7.1,    7.8,    8.5,    9.2,    9.9,   10.6,   11.3,   12.0,   13.4,   14.1,   15.5,   17.0,   18.4,   19.8,   21.2,   22.6,   24.7,   26.8,   29.0,   31.1,   33.9,   36.7,   39.5,   43.1,   46.6,   50.1,   54.4,   58.6,   63.5,   69.2,   74.8,   80.5,   87.5,   94.6,  102.4,  110.8,  120.0,  129.2,  140.5,  151.8,  163.8,  177.2,  192.0,  207.5,  225.2,  243.5,  263.3,  284.5,  308.5,  333.2,  360.7,  390.4,  422.1,  456.7,  494.1,  535.1,  578.8,  626.1,  677.7,  733.4,  793.4,  858.4,  929.0, 1005.2, 1087.8, 1176.7, 1273.5, 1377.2, 1490.2, 1613.0, 1745.0, 1888.3, 2042.9, 2210.2, 2391.6, 2587.8, 2799.6
2016-09-03T00:15:51.981,0, 14.9,    0.1,    0.4,    0.8,    1.1,    1.4,    1.8,    2.1,    2.5,    2.8,    3.1,    3.5,    3.8,    4.1,    4.5,    4.8,    5.1,    5.5,    5.0,    6.4,    7.1,    7.8,    8.5,    9.2,    9.9,   10.6,   11.3,   12.0,   13.4,   14.1,   15.5,   17.0,   18.4,   19.8,   21.2,   22.6,   24.7,   26.8,   29.0,   31.1,   33.9,   36.7,   39.5,   43.1,   46.6,   50.1,   54.4,   58.6,   63.5,   69.2,   74.8,   80.5,   87.5,   94.6,  102.4,  110.8,  120.0,  129.2,  140.5,  151.8,  163.8,  177.2,  192.0,  207.5,  225.2,  243.5,  263.3,  284.5,  308.5,  333.2,  360.7,  390.4,  422.1,  456.7,  494.1,  535.1,  578.8,  626.1,  677.7,  733.4,  793.4,  858.4,  929.0, 1005.2, 1087.8, 1176.7, 1273.5, 1377.2, 1490.2, 1613.0, 1745.0, 1888.3, 2042.9, 2210.2, 2391.6, 2587.8, 2799.6
2016-09-03T00:16:03.981,0, 14.9,    0.1,    0.4,    0.8,    1.1,    1.4,    1.8,    2.1,    2.5,    2.8,    3.1,    3.5,    3.8,    4.1,    4.5,    4.8,    5.1,    5.5,    5.0,    6.4,    7.1,    7.8,    8.5,    9.2,    9.9,   10.6,   11.3,   12.0,   13.4,   14.1,   15.5,   17.0,   18.4,   19.8,   21.2,   22.6,   24.7,   26.8,   29.0,   31.1,   33.9,   36.7,   39.5,   43.1,   46.6,   50.1,   54.4,   58.6,   63.5,   69.2,   74.8,   80.5,   87.5,   94.6,  102.4,  110.8,  120.0,  129.2,  140.5,  151.8,  163.8,  177.2,  192.0,  207.5,  225.2,  243.5,  263.3,  284.5,  308.5,  333.2,  360.7,  390.4,  422.1,  456.7,  494.1,  535.1,  578.8,  626.1,  677.7,  733.4,  793.4,  858.4,  929.0, 1005.2, 1087.8, 1176.7, 1273.5, 1377.2, 1490.2, 1613.0, 1745.0, 1888.3, 2042.9, 2210.2, 2391.6, 2587.8, 2799.6
2016-09-03T00:16:15.981,0, 14.9,    0.1,    0.4,    0.8,    1.1,    1.4,    1.8,    2.1,    2.5,    2.8,    3.1,    3.5,    3.8,    4.1,    4.5,    4.8,    5.1,    5.5,    5.0,    6.4,    7.1,    7.8,    8.5,    9.2,    9.9,   10.6,   11.3,   12.0,   13.4,   14.1,   15.5,   17.0,   18.4,   19.8,   21.2,   22.6,   24.7,   26.8,   29.0,   31.1,   33.9,   36.7,   39.5,   43.1,   46.6,   50.1,   54.4,   58.6,   63.5,   69.2,   74.8,   80.5,   87.5,   94.6,  102.4,  110.8,  120.0,  129.2,  140.5,  151.8,  163.8,  177.2,  192.0,  207.5,  225.2,  243.5,  263.3,  284.5,  308.5,  333.2,  360.7,  390.4,  422.1,  456.7,  494.1,  535.1,  578.8,  626.1,  677.7,  733.4,  793.4,  858.4,  929.0, 1005.2, 1087.8, 1176.7, 1273.5, 1377.2, 1490.2, 1613.0, 1745.0, 1888.3, 2042.9, 2210.2, 2391.6, 2587.8, 2799.6
2016-09-03T00:16:27.981,0, 14.9,    0.1,    0.4,    0.8,    1.1,    1.4,    1.8,    2.1,    2.5,    2.8,    3.1,    3.5,    3.8,    4.1,    4.5,    4.8,    5.1,    5.5,    5.0,    6.4,    7.1,    7.8,    8.5,    9.2,    9.9,   10.6,   11.3,   12.0,   13.4,   14.1,   15.5,   17.0,   18.4,   19.8,   21.2,   22.6,   24.7,   26.8,   29.0,   31.1,   33.9,   36.7,   39.5,   43.1,   46.6,   50.1,   54.4,   58.6,   63.5,   69.2,   74.8,   80.5,   87.5,   94.6,  102.4,  110.8,  120.0,  129.2,  140.5,  151.8,  163.8,  177.2,  192.0,  207.5,  225.2,  243.5,  263.3,  284.5,  308.5,  333.2,  360.7,  390.4,  422.1,  456.7,  494.1,  535.1,  578.8,  626.1,  677.7,  733.4,  793.4,  858.4,  929.0, 1005.2, 1087.8, 1176.7, 1273.5, 1377.2, 1490.2, 1613.0, 1745.0, 1888.3, 2042.9, 2210.2, 2391.6, 2587.8, 2799.6
2016-09-03T00:16:39.981,0, 14.9,    0.1,    0.4,    0.8,    1.1,    1.4,    1.8,    2.1,    2.5,    2.8,    3.1,    3.5,    3.8,    4.1,    4.5,    4.8,    5.1,    5.5,    5.0,    6.4,    7.1,    7.8,    8.5,    9.2,    9.9,   10.6,   11.3,   12.0,   13.4,   14.1,   15.5,   17.0,   18.4,   19.8,   21.2,   22.6,   24.7,   26.8,   29.0,   31.1,   33.9,   36.7,   39.5,   43.1,   46.6,   50.1,   54.4,   58.6,   63.5,   69.2,   74.8,   80.5,   87.5,   94.6,  102.4,  110.8,  120.0,  129.2,  140.5,  151.8,  163.8,  177.2,  192.0,  207.5,  225.2,  243.5,  263.3,  284.5,  308.5,  333.2,  360.7,  390.4,  422.1,  456.7,  494.1,  535.1,  578.8,  626.1,  677.7,  733.4,  793.4,  858.4,  929.0, 1005.2, 1087.8, 1176.7, 1273.5, 1377.2, 1490.2, 1613.0, 1745.0, 1888.3, 2042.9, 2210.2, 2391.6, 2587.8, 2799.6
2016-09-03T00:16:51.981,0, 14.9,    0.1,    0.4,    0.8,    1.1,    1.4,    1.8,    2.1,    2.5,    2.8,    3.1,    3.5,    3.8,    4.1,    4.5,    4.8,    5.1,    5.5,    5.0,    6.4,    7.1,    7.8,    8.5,    9.2,    9.9,   10.6,   11.3,   12.0,   13.4,   14.1,   15.5,   17.0,   18.4,   19.8,   21.2,   22.6,   24.7,   26.8,   29.0,   31.1,   33.9,   36.7,   39.5,   43.1,   46.6,   50.1,   54.4,   58.6,   63.5,   69.2,   74.8,   80.5,   87.5,   94.6,  102.4,  110.8,  120.0,  129.2,  140.5,  151.8,  163.8,  177.2,  192.0,  207.5,  225.2,  243.5,  263.3,  284.5,  308.5,  333.2,  360.7,  390.4,  422.1,  456.7,  494.1,  535.1,  578.8,  626.1,  677.7,  733.4,  793.4,  858.4,  929.0, 1005.2, 1087.8, 1176.7, 1273.5, 1377.2, 1490.2, 1613.0, 1745.0, 1888.3, 2042.9, 2210.2, 2391.6, 2587.8, 2799.6
2016-09-03T00:17:03.981,0, 14.9,    0.1,    0.4,    0.8,    1.1,    1.4,    1.8,    2.1,    2.5,    2.8,    3.1,    3.5,    3.8,    4.1,    4.5,    4.8,    5.1,    5.5,    5.0,    6.4,    7.1,    7.8,    8.5,    9.2,    9.9,   10.6,   11.3,   12.0,   13.4,   14.1,   15.5,   17.0,   18.4,   19.8,   21.2,   22.6,   24.7,   26.8,   29.0,   31.1,   33.9,   36.7,   39.5,   43.1,   46.6,   50.1,   54.4,   58.6,   63.5,   69.2,   74.8,   80.5,   87.5,   94.6,  102.4,  110.8,  120.0,  129.2,  140.5,  151.8,  163.8,  177.2,  192.0,  207.5,  225.2,  243.5,  263.3,  284.5,  308.5,  333.2,  360.7,  390.4,  422.1,  456.7,  494.1,  535.1,  578.8,  626.1,  677.7,  733.4,  793.4,  858.4,  929.0, 1005.2, 1087.8, 1176.7, 1273.5, 1377.2, 1490.2, 1613.0, 1745.0, 1888.3, 2042.9, 2210.2, 2391.6, 2587.8, 2799.6
2016-09-03T00:17:15.981,0, 14.9,    0.1,    0.4,    0.8,    1.1,    1.4,    1.8,    2.1,    2.5,    2.8,    3.1,    3.5,    3.8,    4.1,    4.5,    4.8,    5.1,    5.5,    5.0,    6.4,    7.1,    7.8,    8.5,    9.2,    9.9,   10.6,   11.3,   12.0,   13.4,   14.1,   15.5,   17.0,   18.4,   19.8,   21.2,   22.6,   24.7,   26.8,   29.0,   31.1,   33.9,   36.7,   39.5,   43.1,   46.6,   50.1,   54.4,   58.6,   63.5,   69.2,   74.8,   80.5,   87.5,   94.6,  102.4,  110.8,  120.0,  129.2,  140.5,  151.8,  163.8,  177.2,  192.0,  207.5,  225.2,  243.5,  263.3,  284.5,  308.5,  333.2,  360.7,  390.4,  422.1,  456.7,  494.1,  535.1,  578.8,  626.1,  677.7,  733.4,  793.4,  858.4,  929.0, 1005.2, 1087.8, 1176.7, 1273.5, 1377.2, 1490.2, 1613.0, 1745.0, 1888.3, 2042.9, 2210.2, 2391.6, 2587.8, 2799.6
2016-09-03T00:17:27.981,0, 14.9,    0.1,    0.4,    0.8,    1.1,    1.4,    1.8,    2.1,    2.5,    2.8,    3.1,    3.5,    3.8,    4.1,    4.5,    4.8,    5.1,    5.5,    5.0,    6.4,    7.1,    7.8,    8.5,    9.2,    9.9,   10.6,   11.3,   12.0,   13.4,   14.1,   15.5,   17.0,   18.4,   19.8,   21.2,   22.6,   24.7,   26.8,   29.0,   31.1,   33.9,   36.7,   39.5,   43.1,   46.6,   50.1,   54.4,   58.6,   63.5,   69.2,   74.8,   80.5,   87.5,   94.6,  102.4,  110.8,  120.0,  129.2,  140.5,  151.8,  163.8,  177.2,  192.0,  207.5,  225.2,  243.5,  263.3,  284.5,  308.5,  333.2,  360.7,  390.4,  422.1,  456.7,  494.1,  535.1,  578.8,  626.1,  677.7,  733.4,  793.4,  858.4,  929.0, 1005.2, 1087.8, 1176.7, 1273.5, 1377.2, 1490.2, 1613.0, 1745.0, 1888.3, 2042.9, 2210.2, 2391.6, 2587.8, 2799.6
2016-09-03T00:17:39.981,0, 14.9,    0.1,    0.4,    0.8,    1.1,    1.4,    1.8,    2.1,    2.5,    2.8,    3.1,    3.5,    3.8,    4.1,    4.5,    4.8,    5.1,    5.5,    5.0,    6.4,    7.1,    7.8,    8.5,    9.2,    9.9,   10.6,   11.3,   12.0,   13.4,   14.1,   15.5,   17.0,   18.4,   19.8,   21.2,   22.6,   24.7,   26.8,   29.0,   31.1,   33.9,   36.7,   39.5,   43.1,   46.6,   50.1,   54.4,   58.6,   63.5,   69.2,   74.8,   80.5,   87.5,   94.6,  102.4,  110.8,  120.0,  129.2,  140.5,  151.8,  163.8,  177.2,  192.0,  207.5,  225.2,  243.5,  263.3,  284.5,  308.5,  333.2,  360.7,  390.4,  422.1,  456.7,  494.1,  535.1,  578.8,  626.1,  677.7,  733.4,  793.4,  858.4,  929.0, 1005.2, 1087.8, 1176.7, 1273.5, 1377.2, 1490.2, 1613.0, 1745.0, 1888.3, 2042.9, 2210.2, 2391.6, 2587.8, 2799.6
2016-09-03T00:17:51.981,0, 14.9,    0.1,    0.4,    0.8,    1.1,    1.4,    1.8,    2.1,    2.5,    2.8,    3.1,    3.5,    3.8,    4.1,    4.5,    4.8,    5.1,    5.5,    5.0,    6.4,    7.1,    7.8,    8.5,    9.2,    9.9,   10.6,   11.3,   12.0,   13.4,   14.1,   15.5,   17.0,   18.4,   19.8,   21.2,   22.6,   24.7,   26.8,   29.0,   31.1,   33.9,   36.7,   39.5,   43.1,   46.6,   50.1,   54.4,   58.6,   63.5,   69.2,   74.8,   80.5,   87.5,   94.6,  102.4,  110.8,  120.0,  129.2,  140.5,  151.8,  163.8,  177.2,  192.0,  207.5,  225.2,  243.5,  263.3,  284.5,  308.5,  333.2,  360.7,  390.4,  422.1,  456.7,  494.1,  535.1,  578.8,  626.1,  677.7,  733.4,  793.4,  858.4,  929.0, 1005.2, 1087.8, 1176.7, 1273.5, 1377.2, 1490.2, 1613.0, 1745.0, 1888.3, 2042.9, 2210.2, 2391.6, 2587.8, 2799.6
2016-09-03T00:18:03.981,0, 14.9,    0.1,    0.4,    0.8,    1.1,    1.4,    1.8,    2.1,    2.5,    2.8,    3.1,    3.5,    3.8,    4.1,    4.5,    4.8,    5.1,    5.5,    5.0,    6.4,    7.1,    7.8,    8.5,    9.2,    9.9,   10.6,   11.3,   12.0,   13.4,   14.1,   15.5,   17.0,   18.4,   19.8,   21.2,   22.6,   24.7,   26.8,   29.0,   31.1,   33.9,   36.7,   39.5,   43.1,   46.6,   50.1,   54.4,   58.6,   63.5,   69.2,   74.8,   80.5,   87.5,   94.6,  102.4,  110.8,  120.0,  129.2,  140.5,  151.8,  163.8,  177.2,  192.0,  207.5,  225.2,  243.5,  263.3,  284.5,  308.5,  333.2,  360.7,  390.4,  422.1,  456.7,  494.1,  535.1,  578.8,  626.1,  677.7,  733.4,  793.4,  858.4,  929.0, 1005.2, 1087.8, 1176.7, 1273.5, 1377.2, 1490.2, 1613.0, 1745.0, 1888.3, 2042.9, 2210.2, 2391.6, 2587.8, 2799.6
2016-09-03T00:18:15.981,0, 14.9,    0.1,    0.4,    0.8,    1.1,    1.4,    1.8,    2.1,    2.5,    2.8,    3.1,    3.5,    3.8,    4.1,    4.5,    4.8,    5.1,    5.5,    5.0,    6.4,    7.1,    7.8,    8.5,    9.2,    9.9,   10.6,   11.3,   12.0,   13.4,   14.1,   15.5,   17.0,   18.4,   19.8,   21.2,   22.6,   24.7,   26.8,   29.0,   31.1,   33.9,   36.7,   39.5,   43.1,   46.6,   50.1,   54.4,   58.6,   63.5,   69.2,   74.8,   80.5,   87.5,   94.6,  102.4,  110.8,  120.0,  129.2,  140.5,  151.8,  163.8,  177.2,  192.0,  207.5,  225.2,  243.5,  263.3,  284.5,  308.5,  333.2,  360.7,  390.4,  422.1,  456.7,  494.1,  535.1,  578.8,  626.1,  677.7,  733.4,  793.4,  858.4,  929.0, 1005.2, 1087.8, 1176.7, 1273.5, 1377.2, 1490.2, 1613.0, 1745.0, 1888.3, 2042.9, 2210.2, 2391.6, 2587.8, 2799.6
2016-09-03T00:18:28.075,0, 14.9,    0.1,    0.4,    0.8,    1.1,    1.4,    1.8,    2.1,    2.5,    2.8,    3.1,    3.5,    3.8,    4.1,    4.5,    4.8,    5.1,    5.5,    5.0,    6.4,    7.1,    7.8,    8.5,    9.2,    9.9,   10.6,   11.3,   12.0,   13.4,   14.1,   15.5,   17.0,   18.4,   19.8,   21.2,   22.6,   24.7,   26.8,   29.0,   31.1,   33.9,   36.7,   39.5,   43.1,   46.6,   50.1,   54.4,   58.6,   63.5,   69.2,   74.8,   80.5,   87.5,   94.6,  102.4,  110.8,  120.0,  129.2,  140.5,  151.8,  163.8,  177.2,  192.0,  207.5,  225.2,  243.5,  263.3,  284.5,  308.5,  333.2,  360.7,  390.4,  422.1,  456.7,  494.1,  535.1,  578.8,  626.1,  677.7,  733.4,  793.4,  858.4,  929.0, 1005.2, 1087.8, 1176.7, 1273.5, 1377.2, 1490.2, 1613.0, 1745.0, 1888.3, 2042.9, 2210.2, 2391.6, 2587.8, 2799.6
2016-09-03T00:18:40.075,0, 14.9,    0.1,    0.4,    0.8,    1.1,    1.4,    1.8,    2.1,    2.5,    2.8,    3.1,    3.5,    3.8,    4.1,    4.5,    4.8,    5.1,    5.5,    5.0,    6.4,    7.1,    7.8,    8.5,    9.2,    9.9,   10.6,   11.3,   12.0,   13.4,   14.1,   15.5,   17.0,   18.4,   19.8,   21.2,   22.6,   24.7,   26.8,   29.0,   31.1,   33.9,   36.7,   39.5,   43.1,   46.6,   50.1,   54.4,   58.6,   63.5,   69.2,   74.8,   80.5,   87.5,   94.6,  102.4,  110.8,  120.0,  129.2,  140.5,  151.8,  163.8,  177.2,  192.0,  207.5,  225.2,  243.5,  263.3,  284.5,  308.5,  333.2,  360.7,  390.4,  422.1,  456.7,  494.1,  535.1,  578.8,  626.1,  677.7,  733.4,  793.4,  858.4,  929.0, 1005.2, 1087.8, 1176.7, 1273.5, 1377.2, 1490.2, 1613.0, 1745.0, 1888.3, 2042.9, 2210.2, 2391.6, 2587.8, 2799.6
2016-09-03T00:18:52.075,0, 14.9,    0.1,    0.4,    0.8,    1.1,    1.4,    1.8,    2.1,    2.5,    2.8,    3.1,    3.5,    3.8,    4.1,    4.5,    4.8,    5.1,    5.5,    5.0,    6.4,    7.1,    7.8,    8.5,    9.2,    9.9,   10.6,   11.3,   12.0,   13.4,   14.1,   15.5,   17.0,   18.4,   19.8,   21.2,   22.6,   24.7,   26.8,   29.0,   31.1,   33.9,   36.7,   39.5,   43.1,   46.6,   50.1,   54.4,   58.6,   63.5,   69.2,   74.8,   80.5,   87.5,   94.6,  102.4,  110.8,  120.0,  129.2,  140.5,  151.8,  163.8,  177.2,  192.0,  207.5,  225.2,  243.5,  263.3,  284.5,  308.5,  333.2,  360.7,  390.4,  422.1,  456.7,  494.1,  535.1,  578.8,  626.1,  677.7,  733.4,  793.4,  858.4,  929.0, 1005.2, 1087.8, 1176.7, 1273.5, 1377.2, 1490.2, 1613.0, 1745.0, 1888.3, 2042.9, 2210.2, 2391.6, 2587.8, 2799.6
2016-09-03T00:19:04.075,0, 14.9,    0.1,    0.4,    0.8,    1.1,    1.4,    1.8,    2.1,    2.5,    2.8,    3.1,    3.5,    3.8,    4.1,    4.5,    4.8,    5.1,    5.5,    5.0,    6.4,    7.1,    7.8,    8.5,    9.2,    9.9,   10.6,   11.3,   12.0,   13.4,   14.1,   15.5,   17.0,   18.4,   19.8,   21.2,   22.6,   24.7,   26.8,   29.0,   31.1,   33.9,   36.7,   39.5,   43.1,   46.6,   50.1,   54.4,   58.6,   63.5,   69.2,   74.8,   80.5,   87.5,   94.6,  102.4,  110.8,  120.0,  129.2,  140.5,  151.8,  163.8,  177.2,  192.0,  207.5,  225.2,  243.5,  263.3,  284.5,  308.5,  333.2,  360.7,  390.4,  422.1,  456.7,  494.1,  535.1,  578.8,  626.1,  677.7,  733.4,  793.4,  858.4,  929.0, 1005.2, 1087.8, 1176.7, 1273.5, 1377.2, 1490.2, 1613.0, 1745.0, 1888.3, 2042.9, 2210.2, 2391.6, 2587.8, 2799.6
2016-09-03T00:19:16.075,0, 14.9,    0.1,    0.4,    0.8,    1.1,    1.4,    1.8,    2.1,    2.5,    2.8,    3.1,    3.5,    3.8,    4.1,    4.5,    4.8,    5.1,    5.5,    5.0,    6.4,    7.1,    7.8,    8.5,    9.2,    9.9,   10.6,   11.3,   12.0,   13.4,   14.1,   15.5,   17.0,   18.4,   19.8,   21.2,   22.6,   24.7,   26.8,   29.0,   31.1,   33.9,   36.7,   39.5,   43.1,   46.6,   50.1,   54.4,   58.6,   63.5,   69.2,   74.8,   80.5,   87.5,   94.6,  102.4,  110.8,  120.0,  129.2,  140.5,  151.8,  163.8,  177.2,  192.0,  207.5,  225.2,  243.5,  263.3,  284.5,  308.5,  333.2,  360.7,  390.4,  422.1,  456.7,  494.1,  535.1,  578.8,  626.1,  677.7,  733.4,  793.4,  858.4,  929.0, 1005.2, 1087.8, 1176.7, 1273.5, 1377.2, 1490.2, 1613.0, 1745.0, 1888.3, 2042.9, 2210.2, 2391.6, 2587.8, 2799.6
2016-09-03T00:19:28.075,0, 14.9,    0.1,    0.4,    0.8,    1.1,    1.4,    1.8,    2.1,    2.5,    2.8,    3.1,    3.5,    3.8,    4.1,    4.5,    4.8,    5.1,    5.5,    5.0,    6.4,    7.1,    7.8,    8.5,    9.2,    9.9,   10.6,   11.3,   12.0,   13.4,   14.1,   15.5,   17.0,   18.4,   19.8,   21.2,   22.6,   24.7,   26.8,   29.0,   31.1,   33.9,   36.7,   39.5,   43.1,   46.6,   50.1,   54.4,   58.6,   63.5,   69.2,   74.8,   80.5,   87.5,   94.6,  102.4,  110.8,  120.0,  129.2,  140.5,  151.8,  163.8,  177.2,  192.0,  207.5,  225.2,  243.5,  263.3,  284.5,  308.5,  333.2,  360.7,  390.4,  422.1,  456.7,  494.1,  535.1,  578.8,  626.1,  677.7,  733.4,  793.4,  858.4,  929.0, 1005.2, 1087.8, 1176.7, 1273.5, 1377.2, 1490.2, 1613.0, 1745.0, 1888.3, 2042.9, 2210.2, 2391.6, 2587.8, 2799.6
2016-09-03T00:19:40.075,0, 14.9,    0.1,    0.4,    0.8,    1.1,    1.4,    1.8,    2.1,    2.5,    2.8,    3.1,    3.5,    3.8,    4.1,    4.5,    4.8,    5.1,    5.5,    5.0,    6.4,    7.1,    7.8,    8.5,    9.2,    9.9,   10.6,   11.3,   12.0,   13.4,   14.1,   15.5,   17.0,   18.4,   19.8,   21.2,   22.6,   24.7,   26.8,   29.0,   31.1,   33.9,   36.7,   39.5,   43.1,   46.6,   50.1,   54.4,   58.6,   63.5,   69.2,   74.8,   80.5,   87.5,   94.6,  102.4,  110.8,  120.0,  129.2,  140.5,  151.8,  163.8,  177.2,  192.0,  207.5,  225.2,  243.5,  263.3,  284.5,  308.5,  333.2,  360.7,  390.4,  422.1,  456.7,  494.1,  535.1,  578.8,  626.1,  677.7,  733.4,  793.4,  858.4,  929.0, 1005.2, 1087.8, 1176.7, 1273.5, 1377.2, 1490.2, 1613.0, 1745.0, 1888.3, 2042.9, 2210.2, 2391.6, 2587.8, 2799.6
2016-09-03T00:19:52.075,0, 14.9,    0.1,    0.4,    0.8,    1.1,    1.4,    1.8,    2.1,    2.5,    2.8,    3.1,    3.5,    3.8,    4.1,    4.5,    4.8,    5.1,    5.5,    5.0,    6.4,    7.1,    7.8,    8.5,    9.2,    9.9,   10.6,   11.3,   12.0,   13.4,   14.1,   15.5,   17.0,   18.4,   19.8,   21.2,   22.6,   24.7,   26.8,   29.0,   31.1,   33.9,   36.7,   39.5,   43.1,   46.6,   50.1,   54.4,   58.6,   63.5,   69.2,   74.8,   80.5,   87.5,   94.6,  102.4,  110.8,  120.0,  129.2,  140.5,  151.8,  163.8,  177.2,  192.0,  207.5,  225.2,  243.5,  263.3,  284.5,  308.5,  333.2,  360.7,  390.4,  422.1,  456.7,  494.1,  535.1,  578.8,  626.1,  677.7,  733.4,  793.4,  858.4,  929.0, 1005.2, 1087.8, 1176.7, 1273.5, 1377.2, 1490.2, 1613.0, 1745.0, 1888.3, 2042.9, 2210.2, 2391.6, 2587.8, 2799.6
2016-09-03T00:20:04.075,0, 14.9,    0.1,    0.4,    0.8,    1.1,    1.4,    1.8,    2.1,    2.5,    2.8,    3.1,    3.5,    3.8,    4.1,    4.5,    4.8,    5.1,    5.5,    5.0,    6.4,    7.1,    7.8,    8.5,    9.2,    9.9,   10.6,   11.3,   12.0,   13.4,   14.1,   15.5,   17.0,   18.4,   19.8,   21.2,   22.6,   24.7,   26.8,   29.0,   31.1,   33.9,   36.7,   39.5,   43.1,   46.6,   50.1,   54.4,   58.6,   63.5,   69.2,   74.8,   80.5,   87.5,   94.6,  102.4,  110.8,  120.0,  129.2,  140.5,  151.8,  163.8,  177.2,  192.0,  207.5,  225.2,  243.5,  263.3,  284.5,  308.5,  333.2,  360.7,  390.4,  422.1,  456.7,  494.1,  535.1,  578.8,  626.1,  677.7,  733.4,  793.4,  858.4,  929.0, 1005.2, 1087.8, 1176.7, 1273.5, 1377.2, 1490.2, 1613.0, 1745.0, 1888.3, 2042.9, 2210.2, 2391.6, 2587.8, 2799.6
2016-09-03T00:20:16.075,0, 14.9,    0.1,    0.4,    0.8,    1.1,    1.4,    1.8,    2.1,    2.5,    2.8,    3.1,    3.5,    3.8,    4.1,    4.5,    4.8,    5.1,    5.5,    5.0,    6.4,    7.1,    7.8,    8.5,    9.2,    9.9,   10.6,   11.3,   12.0,   13.4,   14.1,   15.5,   17.0,   18.4,   19.8,   21.2,   22.6,   24.7,   26.8,   29.0,   31.1,   33.9,   36.7,   39.5,   43.1,   46.6,   50.1,   54.4,   58.6,   63.5,   69.2,   74.8,   80.5,   87.5,   94.6,  102.4,  110.8,  120.0,  129.2,  140.5,  151.8,  163.8,  177.2,  192.0,  207.5,  225.2,  243.5,  263.3,  284.5,  308.5,  333.2,  360.7,  390.4,  422.1,  456.7,  494.1,  535.1,  578.8,  626.1,  677.7,  733.4,  793.4,  858.4,  929.0, 1005.2, 1087.8, 1176.7, 1273.5, 1377.2, 1490.2, 1613.0, 1745.0, 1888.3, 2042.9, 2210.2, 2391.6, 2587.8, 2799.6
2016-09-03T00:20:28.075,0, 14.9,    0.1,    0.4,    0.8,    1.1,    1.4,    1.8,    2.1,    2.5,    2.8,    3.1,    3.5,    3.8,    4.1,    4.5,    4.8,    5.1,    5.5,    5.0,    6.4,    7.1,    7.8,    8.5,    9.2,    9.9,   10.6,   11.3,   12.0,   13.4,   14.1,   15.5,   17.0,   18.4,   19.8,   21.2,   22.6,   24.7,   26.8,   29.0,   31.1,   33.9,   36.7,   39.5,   43.1,   46.6,   50.1,   54.4,   58.6,   63.5,   69.2,   74.8,   80.5,   87.5,   94.6,  102.4,  110.8,  120.0,  129.2,  140.5,  151.8,  163.8,  177.2,  192.0,  207.5,  225.2,  243.5,  263.3,  284.5,  308.5,  333.2,  360.7,  390.4,  422.1,  456.7,  494.1,  535.1,  578.8,  626.1,  677.7,  733.4,  793.4,  858.4,  929.0, 1005.2, 1087.8, 1176.7, 1273.5, 1377.2, 1490.2, 1613.0, 1745.0, 1888.3, 2042.9, 2210.2, 2391.6, 2587.8, 2799.6
2016-09-03T00:20:40.075,0, 14.9,    0.1,    0.4,    0.8,    1.1,    1.4,    1.8,    2.1,    2.5,    2.8,    3.1,    3.5,    3.8,    4.1,    4.5,    4.8,    5.1,    5.5,    5.0,    6.4,    7.1,    7.8,    8.5,    9.2,    9.9,   10.6,   11.3,   12.0,   13.4,   14.1,   15.5,   17.0,   18.4,   19.8,   21.2,   22.6,   24.7,   26.8,   29.0,   31.1,   33.9,   36.7,   39.5,   43.1,   46.6,   50.1,   54.4,   58.6,   63.5,   69.2,   74.8,   80.5,   87.5,   94.6,  102.4,  110.8,  120.0,  129.2,  140.5,  151.8,  163.8,  177.2,  192.0,  207.5,  225.2,  243.5,  263.3,  284.5,  308.5,  333.2,  360.7,  390.4,  422.1,  456.7,  494.1,  535.1,  578.8,  626.1,  677.7,  733.4,  793.4,  858.4,  929.0, 1005.2, 1087.8, 1176.7, 1273.5, 1377.2, 1490.2, 1613.0, 1745.0, 1888.3, 2042.9, 2210.2, 2391.6, 2587.8, 2799.6
2016-09-03T00:20:52.075,0, 14.9,    0.1,    0.4,    0.8,    1.1,    1.4,    1.8,    2.1,    2.5,    2.8,    3.1,    3.5,    3.8,    4.1,    4.5,    4.8,    5.1,    5.5,    5.0,    6.4,    7.1,    7.8,    8.5,    9.2,    9.9,   10.6,   11.3,   12.0,   13.4,   14.1,   15.5,   17.0,   18.4,   19.8,   21.2,   22.6,   24.7,   26.8,   29.0,   31.1,   33.9,   36.7,   39.5,   43.1,   46.6,   50.1,   54.4,   58.6,   63.5,   69.2,   74.8,   80.5,   87.5,   94.6,  102.4,  110.8,  120.0,  129.2,  140.5,  151.8,  163.8,  177.2,  192.0,  207.5,  225.2,  243.5,  263.3,  284.5,  308.5,  333.2,  360.7,  390.4,  422.1,  456.7,  494.1,  535.1,  578.8,  626.1,  677.7,  733.4,  793.4,  858.4,  929.0, 1005.2, 1087.8, 1176.7, 1273.5, 1377.2, 1490.2, 1613.0, 1745.0, 1888.3, 2042.9, 2210.2, 2391.6, 2587.8, 2799.6
2016-09-03T00:21:04.075,0, 14.9,    0.1,    0.4,    0.8,    1.1,    1.4,    1.8,    2.1,    2.5,    2.8,    3.1,    3.5,    3.8,    4.1,    4.5,    4.8,    5.1,    5.5,    5.0,    6.4,    7.1,    7.8,    8.5,    9.2,    9.9,   10.6,   11.3,   12.0,   13.4,   14.1,   15.5,   17.0,   18.4,   19.8,   21.2,   22.6,   24.7,   26.8,   29.0,   31.1,   33.9,   36.7,   39.5,   43.1,   46.6,   50.1,   54.4,   58.6,   63.5,   69.2,   74.8,   80.5,   87.5,   94.6,  102.4,  110.8,  120.0,  129.2,  140.5,  151.8,  163.8,  177.2,  192.0,  207.5,  225.2,  243.5,  263.3,  284.5,  308.5,  333.2,  360.7,  390.4,  422.1,  456.7,  494.1,  535.1,  578.8,  626.1,  677.7,  733.4,  793.4,  858.4,  929.0, 1005.2, 1087.8, 1176.7, 1273.5, 1377.2, 1490.2, 1613.0, 1745.0, 1888.3, 2042.9, 2210.2, 2391.6, 2587.8, 2799.6
2016-09-03T00:21:16.075,0, 14.9,    0.1,    0.4,    0.8,    1.1,    1.4,    1.8,    2.1,    2.5,    2.8,    3.1,    3.5,    3.8,    4.1,    4.5,    4.8,    5.1,    5.5,    5.0,    6.4,    7.1,    7.8,    8.5,    9.2,    9.9,   10.6,   11.3,   12.0,   13.4,   14.1,   15.5,   17.0,   18.4,   19.8,   21.2,   22.6,   24.7,   26.8,   29.0,   31.1,   33.9,   36.7,   39.5,   43.1,   46.6,   50.1,   54.4,   58.6,   63.5,   69.2,   74.8,   80.5,   87.5,   94.6,  102.4,  110.8,  120.0,  129.2,  140.5,  151.8,  163.8,  177.2,  192.0,  207.5,  225.2,  243.5,  263.3,  284.5,  308.5,  333.2,  360.7,  390.4,  422.1,  456.7,  494.1,  535.1,  578.8,  626.1,  677.7,  733.4,  793.4,  858.4,  929.0, 1005.2, 1087.8, 1176.7, 1273.5, 1377.2, 1490.2, 1613.0, 1745.0, 1888.3, 2042.9, 2210.2, 2391.6, 2587.8, 2799.6
2016-09-03T00:21:28.075,0, 14.9,    0.1,    0.4,    0.8,    1.1,    1.4,    1.8,    2.1,    2.5,    2.8,    3.1,    3.5,    3.8,    4.1,    4.5,    4.8,    5.1,    5.5,    5.0,    6.4,    7.1,    7.8,    8.5,    9.2,    9.9,   10.6,   11.3,   12.0,   13.4,   14.1,   15.5,   17.0,   18.4,   19.8,   21.2,   22.6,   24.7,   26.8,   29.0,   31.1,   33.9,   36.7,   39.5,   43.1,   46.6,   50.1,   54.4,   58.6,   63.5,   69.2,   74.8,   80.5,   87.5,   94.6,  102.4,  110.8,  120.0,  129.2,  140.5,  151.8,  163.8,  177.2,  192.0,  207.5,  225.2,  243.5,  263.3,  284.5,  308.5,  333.2,  360.7,  390.4,  422.1,  456.7,  494.1,  535.1,  578.8,  626.1,  677.7,  733.4,  793.4,  858.4,  929.0, 1005.2, 1087.8, 1176.7, 1273.5, 1377.2, 1490.2, 1613.0, 1745.0, 1888.3, 2042.9, 2210.2, 2391.6, 2587.8, 2799.6
2016-09-03T00:21:40.044,0, 14.9,    0.1,    0.4,    0.8,    1.1,    1.4,    1.8,    2.1,    2.5,    2.8,    3.1,    3.5,    3.8,    4.1,    4.5,    4.8,    5.1,    5.5,    5.0,    6.4,    7.1,    7.8,    8.5,    9.2,    9.9,   10.6,   11.3,   12.0,   13.4,   14.1,   15.5,   17.0,   18.4,   19.8,   21.2,   22.6,   24.7,   26.8,   29.0,   31.1,   33.9,   36.7,   39.5,   43.1,   46.6,   50.1,   54.4,   58.6,   63.5,   69.2,   74.8,   80.5,   87.5,   94.6,  102.4,  110.8,  120.0,  129.2,  140.5,  151.8,  163.8,  177.2,  192.0,  207.5,  225.2,  243.5,  263.3,  284.5,  308.5,  333.2,  360.7,  390.4,  422.1,  456.7,  494.1,  535.1,  578.8,  626.1,  677.7,  733.4,  793.4,  858.4,  929.0, 1005.2, 1087.8, 1176.7, 1273.5, 1377.2, 1490.2, 1613.0, 1745.0, 1888.3, 2042.9, 2210.2, 2391.6, 2587.8, 2799.6
2016-09-03T00:21:52.044,0, 14.9,    0.1,    0.4,    0.8,    1.1,    1.4,    1.8,    2.1,    2.5,    2.8,    3.1,    3.5,    3.8,    4.1,    4.5,    4.8,    5.1,    5.5,    5.0,    6.4,    7.1,    7.8,    8.5,    9.2,    9.9,   10.6,   11.3,   12.0,   13.4,   14.1,   15.5,   17.0,   18.4,   19.8,   21.2,   22.6,   24.7,   26.8,   29.0,   31.1,   33.9,   36.7,   39.5,   43.1,   46.6,   50.1,   54.4,   58.6,   63.5,   69.2,   74.8,   80.5,   87.5,   94.6,  102.4,  110.8,  120.0,  129.2,  140.5,  151.8,  163.8,  177.2,  192.0,  207.5,  225.2,  243.5,  263.3,  284.5,  308.5,  333.2,  360.7,  390.4,  422.1,  456.7,  494.1,  535.1,  578.8,  626.1,  677.7,  733.4,  793.4,  858.4,  929.0, 1005.2, 1087.8, 1176.7, 1273.5, 1377.2, 1490.2, 1613.0, 1745.0, 1888.3, 2042.9, 2210.2, 2391.6, 2587.8, 2799.6
2016-09-03T00:22:04.044,0, 14.9,    0.1,    0.4,    0.8,    1.1,    1.4,    1.8,    2.1,    2.5,    2.8,    3.1,    3.5,    3.8,    4.1,    4.5,    4.8,    5.1,    5.5,    5.0,    6.4,    7.1,    7.8,    8.5,    9.2,    9.9,   10.6,   11.3,   12.0,   13.4,   14.1,   15.5,   17.0,   18.4,   19.8,   21.2,   22.6,   24.7,   26.8,   29.0,   31.1,   33.9,   36.7,   39.5,   43.1,   46.6,   50.1,   54.4,   58.6,   63.5,   69.2,   74.8,   80.5,   87.5,   94.6,  102.4,  110.8,  120.0,  129.2,  140.5,  151.8,  163.8,  177.2,  192.0,  207.5,  225.2,  243.5,  263.3,  284.5,  308.5,  333.2,  360.7,  390.4,  422.1,  456.7,  494.1,  535.1,  578.8,  626.1,  677.7,  733.4,  793.4,  858.4,  929.0, 1005.2, 1087.8, 1176.7, 1273.5, 1377.2, 1490.2, 1613.0, 1745.0, 1888.3, 2042.9, 2210.2, 2391.6, 2587.8, 2799.6
2016-09-03T00:22:16.044,0, 14.9,    0.1,    0.4,    0.8,    1.1,    1.4,    1.8,    2.1,    2.5,    2.8,    3.1,    3.5,    3.8,    4.1,    4.5,    4.8,    5.1,    5.5,    5.0,    6.4,    7.1,    7.8,    8.5,    9.2,    9.9,   10.6,   11.3,   12.0,   13.4,   14.1,   15.5,   17.0,   18.4,   19.8,   21.2,   22.6,   24.7,   26.8,   29.0,   31.1,   33.9,   36.7,   39.5,   43.1,   46.6,   50.1,   54.4,   58.6,   63.5,   69.2,   74.8,   80.5,   87.5,   94.6,  102.4,  110.8,  120.0,  129.2,  140.5,  151.8,  163.8,  177.2,  192.0,  207.5,  225.2,  243.5,  263.3,  284.5,  308.5,  333.2,  360.7,  390.4,  422.1,  456.7,  494.1,  535.1,  578.8,  626.1,  677.7,  733.4,  793.4,  858.4,  929.0, 1005.2, 1087.8, 1176.7, 1273.5, 1377.2, 1490.2, 1613.0, 1745.0, 1888.3, 2042.9, 2210.2, 2391.6, 2587.8, 2799.6
2016-09-03T00:22:28.044,0, 14.9,    0.1,    0.4,    0.8,    1.1,    1.4,    1.8,    2.1,    2.5,    2.8,    3.1,    3.5,    3.8,    4.1,    4.5,    4.8,    5.1,    5.5,    5.0,    6.4,    7.1,    7.8,    8.5,    9.2,    9.9,   10.6,   11.3,   12.0,   13.4,   14.1,   15.5,   17.0,   18.4,   19.8,   21.2,   22.6,   24.7,   26.8,   29.0,   31.1,   33.9,   36.7,   39.5,   43.1,   46.6,   50.1,   54.4,   58.6,   63.5,   69.2,   74.8,   80.5,   87.5,   94.6,  102.4,  110.8,  120.0,  129.2,  140.5,  151.8,  163.8,  177.2,  192.0,  207.5,  225.2,  243.5,  263.3,  284.5,  308.5,  333.2,  360.7,  390.4,  422.1,  456.7,  494.1,  535.1,  578.8,  626.1,  677.7,  733.4,  793.4,  858.4,  929.0, 1005.2, 1087.8, 1176.7, 1273.5, 1377.2, 1490.2, 1613.0, 1745.0, 1888.3, 2042.9, 2210.2, 2391.6, 2587.8, 2799.6
2016-09-03T00:22:40.044,0, 14.9,    0.1,    0.4,    0.8,    1.1,    1.4,    1.8,    2.1,    2.5,    2.8,    3.1,    3.5,    3.8,    4.1,    4.5,    4.8,    5.1,    5.5,    5.0,    6.4,    7.1,    7.8,    8.5,    9.2,    9.9,   10.6,   11.3,   12.0,   13.4,   14.1,   15.5,   17.0,   18.4,   19.8,   21.2,   22.6,   24.7,   26.8,   29.0,   31.1,   33.9,   36.7,   39.5,   43.1,   46.6,   50.1,   54.4,   58.6,   63.5,   69.2,   74.8,   80.5,   87.5,   94.6,  102.4,  110.8,  120.0,  129.2,  140.5,  151.8,  163.8,  177.2,  192.0,  207.5,  225.2,  243.5,  263.3,  284.5,  308.5,  333.2,  360.7,  390.4,  422.1,  456.7,  494.1,  535.1,  578.8,  626.1,  677.7,  733.4,  793.4,  858.4,  929.0, 1005.2, 1087.8, 1176.7, 1273.5, 1377.2, 1490.2, 1613.0, 1745.0, 1888.3, 2042.9, 2210.2, 2391.6, 2587.8, 2799.6
2016-09-03T00:22:52.044,0, 14.9,    0.1,    0.4,    0.8,    1.1,    1.4,    1.8,    2.1,    2.5,    2.8,    3.1,    3.5,    3.8,    4.1,    4.5,    4.8,    5.1,    5.5,    5.0,    6.4,    7.1,    7.8,    8.5,    9.2,    9.9,   10.6,   11.3,   12.0,   13.4,   14.1,   15.5,   17.0,   18.4,   19.8,   21.2,   22.6,   24.7,   26.8,   29.0,   31.1,   33.9,   36.7,   39.5,   43.1,   46.6,   50.1,   54.4,   58.6,   63.5,   69.2,   74.8,   80.5,   87.5,   94.6,  102.4,  110.8,  120.0,  129.2,  140.5,  151.8,  163.8,  177.2,  192.0,  207.5,  225.2,  243.5,  263.3,  284.5,  308.5,  333.2,  360.7,  390.4,  422.1,  456.7,  494.1,  535.1,  578.8,  626.1,  677.7,  733.4,  793.4,  858.4,  929.0, 1005.2, 1087.8, 1176.7, 1273.5, 1377.2, 1490.2, 1613.0, 1745.0, 1888.3, 2042.9, 2210.2, 2391.6, 2587.8, 2799.6
2016-09-03T00:23:04.044,0, 14.9,    0.1,    0.4,    0.8,    1.1,    1.4,    1.8,    2.1,    2.5,    2.8,    3.1,    3.5,    3.8,    4.1,    4.5,    4.8,    5.1,    5.5,    5.0,    6.4,    7.1,    7.8,    8.5,    9.2,    9.9,   10.6,   11.3,   12.0,   13.4,   14.1,   15.5,   17.0,   18.4,   19.8,   21.2,   22.6,   24.7,   26.8,   29.0,   31.1,   33.9,   36.7,   39.5,   43.1,   46.6,   50.1,   54.4,   58.6,   63.5,   69.2,   74.8,   80.5,   87.5,   94.6,  102.4,  110.8,  120.0,  129.2,  140.5,  151.8,  163.8,  177.2,  192.0,  207.5,  225.2,  243.5,  263.3,  284.5,  308.5,  333.2,  360.7,  390.4,  422.1,  456.7,  494.1,  535.1,  578.8,  626.1,  677.7,  733.4,  793.4,  858.4,  929.0, 1005.2, 1087.8, 1176.7, 1273.5, 1377.2, 1490.2, 1613.0, 1745.0, 1888.3, 2042.9, 2210.2, 2391.6, 2587.8, 2799.6
2016-09-03T00:23:16.044,0, 14.9,    0.1,    0.4,    0.8,    1.1,    1.4,    1.8,    2.1,    2.5,    2.8,    3.1,    3.5,    3.8,    4.1,    4.5,    4.8,    5.1,    5.5,    5.0,    6.4,    7.1,    7.8,    8.5,    9.2,    9.9,   10.6,   11.3,   12.0,   13.4,   14.1,   15.5,   17.0,   18.4,   19.8,   21.2,   22.6,   24.7,   26.8,   29.0,   31.1,   33.9,   36.7,   39.5,   43.1,   46.6,   50.1,   54.4,   58.6,   63.5,   69.2,   74.8,   80.5,   87.5,   94.6,  102.4,  110.8,  120.0,  129.2,  140.5,  151.8,  163.8,  177.2,  192.0,  207.5,  225.2,  243.5,  263.3,  284.5,  308.5,  333.2,  360.7,  390.4,  422.1,  456.7,  494.1,  535.1,  578.8,  626.1,  677.7,  733.4,  793.4,  858.4,  929.0, 1005.2, 1087.8, 1176.7, 1273.5, 1377.2, 1490.2, 1613.0, 1745.0, 1888.3, 2042.9, 2210.2, 2391.6, 2587.8, 2799.6
2016-09-03T00:23:28.044,0, 14.9,    0.1,    0.4,    0.8,    1.1,    1.4,    1.8,    2.1,    2.5,    2.8,    3.1,    3.5,    3.8,    4.1,    4.5,    4.8,    5.1,    5.5,    5.0,    6.4,    7.1,    7.8,    8.5,    9.2,    9.9,   10.6,   11.3,   12.0,   13.4,   14.1,   15.5,   17.0,   18.4,   19.8,   21.2,   22.6,   24.7,   26.8,   29.0,   31.1,   33.9,   36.7,   39.5,   43.1,   46.6,   50.1,   54.4,   58.6,   63.5,   69.2,   74.8,   80.5,   87.5,   94.6,  102.4,  110.8,  120.0,  129.2,  140.5,  151.8,  163.8,  177.2,  192.0,  207.5,  225.2,  243.5,  263.3,  284.5,  308.5,  333.2,  360.7,  390.4,  422.1,  456.7,  494.1,  535.1,  578.8,  626.1,  677.7,  733.4,  793.4,  858.4,  929.0, 1005.2, 1087.8, 1176.7, 1273.5, 1377.2, 1490.2, 1613.0, 1745.0, 1888.3, 2042.9, 2210.2, 2391.6, 2587.8, 2799.6
2016-09-03T00:23:40.044,0, 14.9,    0.1,    0.4,    0.8,    1.1,    1.4,    1.8,    2.1,    2.5,    2.8,    3.1,    3.5,    3.8,    4.1,    4.5,    4.8,    5.1,    5.5,    5.0,    6.4,    7.1,    7.8,    8.5,    9.2,    9.9,   10.6,   11.3,   12.0,   13.4,   14.1,   15.5,   17.0,   18.4,   19.8,   21.2,   22.6,   24.7,   26.8,   29.0,   31.1,   33.9,   36.7,   39.5,   43.1,   46.6,   50.1,   54.4,   58.6,   63.5,   69.2,   74.8,   80.5,   87.5,   94.6,  102.4,  110.8,  120.0,  129.2,  140.5,  151.8,  163.8,  177.2,  192.0,  207.5,  225.2,  243.5,  263.3,  284.5,  308.5,  333.2,  360.7,  390.4,  422.1,  456.7,  494.1,  535.1,  578.8,  626.1,  677.7,  733.4,  793.4,  858.4,  929.0, 1005.2, 1087.8, 1176.7, 1273.5, 1377.2, 1490.2, 1613.0, 1745.0, 1888.3, 2042.9, 2210.2, 2391.6, 2587.8, 2799.6
2016-09-03T00:23:52.044,0, 14.9,    0.1,    0.4,    0.8,    1.1,    1.4,    1.8,    2.1,    2.5,    2.8,    3.1,    3.5,    3.8,    4.1,    4.5,    4.8,    5.1,    5.5,    5.0,    6.4,    7.1,    7.8,    8.5,    9.2,    9.9,   10.6,   11.3,   12.0,   13.4,   14.1,   15.5,   17.0,   18.4,   19.8,   21.2,   22.6,   24.7,   26.8,   29.0,   31.1,   33.9,   36.7,   39.5,   43.1,   46.6,   50.1,   54.4,   58.6,   63.5,   69.2,   74.8,   80.5,   87.5,   94.6,  102.4,  110.8,  120.0,  129.2,  140.5,  151.8,  163.8,  177.2,  192.0,  207.5,  225.2,  243.5,  263.3,  284.5,  308.5,  333.2,  360.7,  390.4,  422.1,  456.7,  494.1,  535.1,  578.8,  626.1,  677.7,  733.4,  793.4,  858.4,  929.0, 1005.2, 1087.8, 1176.7, 1273.5, 1377.2, 1490.2, 1613.0, 1745.0, 1888.3, 2042.9, 2210.2, 2391.6, 2587.8, 2799.6
2016-09-03T00:24:04.044,0, 14.9,    0.1,    0.4,    0.8,    1.1,    1.4,    1.8,    2.1,    2.5,    2.8,    3.1,    3.5,    3.8,    4.1,    4.5,    4.8,    5.1,    5.5,    5.0,    6.4,    7.1,    7.8,    8.5,    9.2,    9.9,   10.6,   11.3,   12.0,   13.4,   14.1,   15.5,   17.0,   18.4,   19.8,   21.2,   22.6,   24.7,   26.8,   29.0,   31.1,   33.9,   36.7,   39.5,   43.1,   46.6,   50.1,   54.4,   58.6,   63.5,   69.2,   74.8,   80.5,   87.5,   94.6,  102.4,  110.8,  120.0,  129.2,  140.5,  151.8,  163.8,  177.2,  192.0,  207.5,  225.2,  243.5,  263.3,  284.5,  308.5,  333.2,  360.7,  390.4,  422.1,  456.7,  494.1,  535.1,  578.8,  626.1,  677.7,  733.4,  793.4,  858.4,  929.0, 1005.2, 1087.8, 1176.7, 1273.5, 1377.2, 1490.2, 1613.0, 1745.0, 1888.3, 2042.9, 2210.2, 2391.6, 2587.8, 2799.6
2016-09-03T00:24:16.044,0, 14.9,    0.1,    0.4,    0.8,    1.1,    1.4,    1.8,    2.1,    2.5,    2.8,    3.1,    3.5,    3.8,    4.1,    4.5,    4.8,    5.1,    5.5,    5.0,    6.4,    7.1,    7.8,    8.5,    9.2,    9.9,   10.6,   11.3,   12.0,   13.4,   14.1,   15.5,   17.0,   18.4,   19.8,   21.2,   22.6,   24.7,   26.8,   29.0,   31.1,   33.9,   36.7,   39.5,   43.1,   46.6,   50.1,   54.4,   58.6,   63.5,   69.2,   74.8,   80.5,   87.5,   94.6,  102.4,  110.8,  120.0,  129.2,  140.5,  151.8,  163.8,  177.2,  192.0,  207.5,  225.2,  243.5,  263.3,  284.5,  308.5,  333.2,  360.7,  390.4,  422.1,  456.7,  494.1,  535.1,  578.8,  626.1,  677.7,  733.4,  793.4,  858.4,  929.0, 1005.2, 1087.8, 1176.7, 1273.5, 1377.2, 1490.2, 1613.0, 1745.0, 1888.3, 2042.9, 2210.2, 2391.6, 2587.8, 2799.6
2016-09-03T00:24:28.044,0, 14.9,    0.1,    0.4,    0.8,    1.1,    1.4,    1.8,    2.1,    2.5,    2.8,    3.1,    3.5,    3.8,    4.1,    4.5,    4.8,    5.1,    5.5,    5.0,    6.4,    7.1,    7.8,    8.5,    9.2,    9.9,   10.6,   11.3,   12.0,   13.4,   14.1,   15.5,   17.0,   18.4,   19.8,   21.2,   22.6,   24.7,   26.8,   29.0,   31.1,   33.9,   36.7,   39.5,   43.1,   46.6,   50.1,   54.4,   58.6,   63.5,   69.2,   74.8,   80.5,   87.5,   94.6,  102.4,  110.8,  120.0,  129.2,  140.5,  151.8,  163.8,  177.2,  192.0,  207.5,  225.2,  243.5,  263.3,  284.5,  308.5,  333.2,  360.7,  390.4,  422.1,  456.7,  494.1,  535.1,  578.8,  626.1,  677.7,  733.4,  793.4,  858.4,  929.0, 1005.2, 1087.8, 1176.7, 1273.5, 1377.2, 1490.2, 1613.0, 1745.0, 1888.3, 2042.9, 2210.2, 2391.6, 2587.8, 2799.6
2016-09-03T00:24:40.044,0, 14.9,    0.1,    0.4,    0.8,    1.1,    1.4,    1.8,    2.1,    2.5,    2.8,    3.1,    3.5,    3.8,    4.1,    4.5,    4.8,    5.1,    5.5,    5.0,    6.4,    7.1,    7.8,    8.5,    9.2,    9.9,   10.6,   11.3,   12.0,   13.4,   14.1,   15.5,   17.0,   18.4,   19.8,   21.2,   22.6,   24.7,   26.8,   29.0,   31.1,   33.9,   36.7,   39.5,   43.1,   46.6,   50.1,   54.4,   58.6,   63.5,   69.2,   74.8,   80.5,   87.5,   94.6,  102.4,  110.8,  120.0,  129.2,  140.5,  151.8,  163.8,  177.2,  192.0,  207.5,  225.2,  243.5,  263.3,  284.5,  308.5,  333.2,  360.7,  390.4,  422.1,  456.7,  494.1,  535.1,  578.8,  626.1,  677.7,  733.4,  793.4,  858.4,  929.0, 1005.2, 1087.8, 1176.7, 1273.5, 1377.2, 1490.2, 1613.0, 1745.0, 1888.3, 2042.9, 2210.2, 2391.6, 2587.8, 2799.6
2016-09-03T00:24:52.044,0, 14.9,    0.1,    0.4,    0.8,    1.1,    1.4,    1.8,    2.1,    2.5,    2.8,    3.1,    3.5,    3.8,    4.1,    4.5,    4.8,    5.1,    5.5,    5.0,    6.4,    7.1,    7.8,    8.5,    9.2,    9.9,   10.6,   11.3,   12.0,   13.4,   14.1,   15.5,   17.0,   18.4,   19.8,   21.2,   22.6,   24.7,   26.8,   29.0,   31.1,   33.9,   36.7,   39.5,   43.1,   46.6,   50.1,   54.4,   58.6,   63.5,   69.2,   74.8,   80.5,   87.5,   94.6,  102.4,  110.8,  120.0,  129.2,  140.5,  151.8,  163.8,  177.2,  192.0,  207.5,  225.2,  243.5,  263.3,  284.5,  308.5,  333.2,  360.7,  390.4,  422.1,  456.7,  494.1,  535.1,  578.8,  626.1,  677.7,  733.4,  793.4,  858.4,  929.0, 1005.2, 1087.8, 1176.7, 1273.5, 1377.2, 1490.2, 1613.0, 1745.0, 1888.3, 2042.9, 2210.2, 2391.6, 2587.8, 2799.6
2016-09-03T00:25:04.044,0, 14.9,    0.1,    0.4,    0.8,    1.1,    1.4,    1.8,    2.1,    2.5,    2.8,    3.1,    3.5,    3.8,    4.1,    4.5,    4.8,    5.1,    5.5,    5.0,    6.4,    7.1,    7.8,    8.5,    9.2,    9.9,   10.6,   11.3,   12.0,   13.4,   14.1,   15.5,   17.0,   18.4,   19.8,   21.2,   22.6,   24.7,   26.8,   29.0,   31.1,   33.9,   36.7,   39.5,   43.1,   46.6,   50.1,   54.4,   58.6,   63.5,   69.2,   74.8,   80.5,   87.5,   94.6,  102.4,  110.8,  120.0,  129.2,  140.5,  151.8,  163.8,  177.2,  192.0,  207.5,  225.2,  243.5,  263.3,  284.5,  308.5,  333.2,  360.7,  390.4,  422.1,  456.7,  494.1,  535.1,  578.8,  626.1,  677.7,  733.4,  793.4,  858.4,  929.0, 1005.2, 1087.8, 1176.7, 1273.5, 1377.2, 1490.2, 1613.0, 1745.0, 1888.3, 2042.9, 2210.2, 2391.6, 2587.8, 2799.6
2016-09-03T00:25:16.044,0, 14.9,    0.1,    0.4,    0.8,    1.1,    1.4,    1.8,    2.1,    2.5,    2.8,    3.1,    3.5,    3.8,    4.1,    4.5,    4.8,    5.1,    5.5,    5.0,    6.4,    7.1,    7.8,    8.5,    9.2,    9.9,   10.6,   11.3,   12.0,   13.4,   14.1,   15.5,   17.0,   18.4,   19.8,   21.2,   22.6,   24.7,   26.8,   29.0,   31.1,   33.9,   36.7,   39.5,   43.1,   46.6,   50.1,   54.4,   58.6,   63.5,   69.2,   74.8,   80.5,   87.5,   94.6,  102.4,  110.8,  120.0,  129.2,  140.5,  151.8,  163.8,  177.2,  192.0,  207.5,  225.2,  243.5,  263.3,  284.5,  308.5,  333.2,  360.7,  390.4,  422.1,  456.7,  494.1,  535.1,  578.8,  626.1,  677.7,  733.4,  793.4,  858.4,  929.0, 1005.2, 1087.8, 1176.7, 1273.5, 1377.2, 1490.2, 1613.0, 1745.0, 1888.3, 2042.9, 2210.2, 2391.6, 2587.8, 2799.6
2016-09-03T00:25:28.044,0, 14.9,    0.1,    0.4,    0.8,    1.1,    1.4,    1.8,    2.1,    2.5,    2.8,    3.1,    3.5,    3.8,    4.1,    4.5,    4.8,    5.1,    5.5,    5.0,    6.4,    7.1,    7.8,    8.5,    9.2,    9.9,   10.6,   11.3,   12.0,   13.4,   14.1,   15.5,   17.0,   18.4,   19.8,   21.2,   22.6,   24.7,   26.8,   29.0,   31.1,   33.9,   36.7,   39.5,   43.1,   46.6,   50.1,   54.4,   58.6,   63.5,   69.2,   74.8,   80.5,   87.5,   94.6,  102.4,  110.8,  120.0,  129.2,  140.5,  151.8,  163.8,  177.2,  192.0,  207.5,  225.2,  243.5,  263.3,  284.5,  308.5,  333.2,  360.7,  390.4,  422.1,  456.7,  494.1,  535.1,  578.8,  626.1,  677.7,  733.4,  793.4,  858.4,  929.0, 1005.2, 1087.8, 1176.7, 1273.5, 1377.2, 1490.2, 1613.0, 1745.0, 1888.3, 2042.9, 2210.2, 2391.6, 2587.8, 2799.6
2016-09-03T00:25:40.044,0, 14.9,    0.1,    0.4,    0.8,    1.1,    1.4,    1.8,    2.1,    2.5,    2.8,    3.1,    3.5,    3.8,    4.1,    4.5,    4.8,    5.1,    5.5,    5.0,    6.4,    7.1,    7.8,    8.5,    9.2,    9.9,   10.6,   11.3,   12.0,   13.4,   14.1,   15.5,   17.0,   18.4,   19.8,   21.2,   22.6,   24.7,   26.8,   29.0,   31.1,   33.9,   36.7,   39.5,   43.1,   46.6,   50.1,   54.4,   58.6,   63.5,   69.2,   74.8,   80.5,   87.5,   94.6,  102.4,  110.8,  120.0,  129.2,  140.5,  151.8,  163.8,  177.2,  192.0,  207.5,  225.2,  243.5,  263.3,  284.5,  308.5,  333.2,  360.7,  390.4,  422.1,  456.7,  494.1,  535.1,  578.8,  626.1,  677.7,  733.4,  793.4,  858.4,  929.0, 1005.2, 1087.8, 1176.7, 1273.5, 1377.2, 1490.2, 1613.0, 1745.0, 1888.3, 2042.9, 2210.2, 2391.6, 2587.8, 2799.6
2016-09-03T00:25:52.044,0, 14.9,    0.1,    0.4,    0.8,    1.1,    1.4,    1.8,    2.1,    2.5,    2.8,    3.1,    3.5,    3.8,    4.1,    4.5,    4.8,    5.1,    5.5,    5.0,    6.4,    7.1,    7.8,    8.5,    9.2,    9.9,   10.6,   11.3,   12.0,   13.4,   14.1,   15.5,   17.0,   18.4,   19.8,   21.2,   22.6,   24.7,   26.8,   29.0,   31.1,   33.9,   36.7,   39.5,   43.1,   46.6,   50.1,   54.4,   58.6,   63.5,   69.2,   74.8,   80.5,   87.5,   94.6,  102.4,  110.8,  120.0,  129.2,  140.5,  151.8,  163.8,  177.2,  192.0,  207.5,  225.2,  243.5,  263.3,  284.5,  308.5,  333.2,  360.7,  390.4,  422.1,  456.7,  494.1,  535.1,  578.8,  626.1,  677.7,  733.4,  793.4,  858.4,  929.0, 1005.2, 1087.8, 1176.7, 1273.5, 1377.2, 1490.2, 1613.0, 1745.0, 1888.3, 2042.9, 2210.2, 2391.6, 2587.8, 2799.6
2016-09-03T00:26:04.044,0, 14.9,    0.1,    0.4,    0.8,    1.1,    1.4,    1.8,    2.1,    2.5,    2.8,    3.1,    3.5,    3.8,    4.1,    4.5,    4.8,    5.1,    5.5,    5.0,    6.4,    7.1,    7.8,    8.5,    9.2,    9.9,   10.6,   11.3,   12.0,   13.4,   14.1,   15.5,   17.0,   18.4,   19.8,   21.2,   22.6,   24.7,   26.8,   29.0,   31.1,   33.9,   36.7,   39.5,   43.1,   46.6,   50.1,   54.4,   58.6,   63.5,   69.2,   74.8,   80.5,   87.5,   94.6,  102.4,  110.8,  120.0,  129.2,  140.5,  151.8,  163.8,  177.2,  192.0,  207.5,  225.2,  243.5,  263.3,  284.5,  308.5,  333.2,  360.7,  390.4,  422.1,  456.7,  494.1,  535.1,  578.8,  626.1,  677.7,  733.4,  793.4,  858.4,  929.0, 1005.2, 1087.8, 1176.7, 1273.5, 1377.2, 1490.2, 1613.0, 1745.0, 1888.3, 2042.9, 2210.2, 2391.6, 2587.8, 2799.6
2016-09-03T00:26:16.044,0, 14.9,    0.1,    0.4,    0.8,    1.1,    1.4,    1.8,    2.1,    2.5,    2.8,    3.1,    3.5,    3.8,    4.1,    4.5,    4.8,    5.1,    5.5,    5.0,    6.4,    7.1,    7.8,    8.5,    9.2,    9.9,   10.6,   11.3,   12.0,   13.4,   14.1,   15.5,   17.0,   18.4,   19.8,   21.2,   22.6,   24.7,   26.8,   29.0,   31.1,   33.9,   36.7,   39.5,   43.1,   46.6,   50.1,   54.4,   58.6,   63.5,   69.2,   74.8,   80.5,   87.5,   94.6,  102.4,  110.8,  120.0,  129.2,  140.5,  151.8,  163.8,  177.2,  192.0,  207.5,  225.2,  243.5,  263.3,  284.5,  308.5,  333.2,  360.7,  390.4,  422.1,  456.7,  494.1,  535.1,  578.8,  626.1,  677.7,  733.4,  793.4,  858.4,  929.0, 1005.2, 1087.8, 1176.7, 1273.5, 1377.2, 1490.2, 1613.0, 1745.0, 1888.3, 2042.9, 2210.2, 2391.6, 2587.8, 2799.6
2016-09-03T00:26:28.044,0, 14.9,    0.1,    0.4,    0.8,    1.1,    1.4,    1.8,    2.1,    2.5,    2.8,    3.1,    3.5,    3.8,    4.1,    4.5,    4.8,    5.1,    5.5,    5.0,    6.4,    7.1,    7.8,    8.5,    9.2,    9.9,   10.6,   11.3,   12.0,   13.4,   14.1,   15.5,   17.0,   18.4,   19.8,   21.2,   22.6,   24.7,   26.8,   29.0,   31.1,   33.9,   36.7,   39.5,   43.1,   46.6,   50.1,   54.4,   58.6,   63.5,   69.2,   74.8,   80.5,   87.5,   94.6,  102.4,  110.8,  120.0,  129.2,  140.5,  151.8,  163.8,  177.2,  192.0,  207.5,  225.2,  243.5,  263.3,  284.5,  308.5,  333.2,  360.7,  390.4,  422.1,  456.7,  494.1,  535.1,  578.8,  626.1,  677.7,  733.4,  793.4,  858.4,  929.0, 1005.2, 1087.8, 1176.7, 1273.5, 1377.2, 1490.2, 1613.0, 1745.0, 1888.3, 2042.9, 2210.2, 2391.6, 2587.8, 2799.6
2016-09-03T00:26:40.044,0, 14.9,    0.1,    0.4,    0.8,    1.1,    1.4,    1.8,    2.1,    2.5,    2.8,    3.1,    3.5,    3.8,    4.1,    4.5,    4.8,    5.1,    5.5,    5.0,    6.4,    7.1,    7.8,    8.5,    9.2,    9.9,   10.6,   11.3,   12.0,   13.4,   14.1,   15.5,   17.0,   18.4,   19.8,   21.2,   22.6,   24.7,   26.8,   29.0,   31.1,   33.9,   36.7,   39.5,   43.1,   46.6,   50.1,   54.4,   58.6,   63.5,   69.2,   74.8,   80.5,   87.5,   94.6,  102.4,  110.8,  120.0,  129.2,  140.5,  151.8,  163.8,  177.2,  192.0,  207.5,  225.2,  243.5,  263.3,  284.5,  308.5,  333.2,  360.7,  390.4,  422.1,  456.7,  494.1,  535.1,  578.8,  626.1,  677.7,  733.4,  793.4,  858.4,  929.0, 1005.2, 1087.8, 1176.7, 1273.5, 1377.2, 1490.2, 1613.0, 1745.0, 1888.3, 2042.9, 2210.2, 2391.6, 2587.8, 2799.6
2016-09-03T00:26:52.044,0, 14.9,    0.1,    0.4,    0.8,    1.1,    1.4,    1.8,    2.1,    2.5,    2.8,    3.1,    3.5,    3.8,    4.1,    4.5,    4.8,    5.1,    5.5,    5.0,    6.4,    7.1,    7.8,    8.5,    9.2,    9.9,   10.6,   11.3,   12.0,   13.4,   14.1,   15.5,   17.0,   18.4,   19.8,   21.2,   22.6,   24.7,   26.8,   29.0,   31.1,   33.9,   36.7,   39.5,   43.1,   46.6,   50.1,   54.4,   58.6,   63.5,   69.2,   74.8,   80.5,   87.5,   94.6,  102.4,  110.8,  120.0,  129.2,  140.5,  151.8,  163.8,  177.2,  192.0,  207.5,  225.2,  243.5,  263.3,  284.5,  308.5,  333.2,  360.7,  390.4,  422.1,  456.7,  494.1,  535.1,  578.8,  626.1,  677.7,  733.4,  793.4,  858.4,  929.0, 1005.2, 1087.8, 1176.7, 1273.5, 1377.2, 1490.2, 1613.0, 1745.0, 1888.3, 2042.9, 2210.2, 2391.6, 2587.8, 2799.6
2016-09-03T00:27:04.044,0, 14.9,    0.1,    0.4,    0.8,    1.1,    1.4,    1.8,    2.1,    2.5,    2.8,    3.1,    3.5,    3.8,    4.1,    4.5,    4.8,    5.1,    5.5,    5.0,    6.4,    7.1,    7.8,    8.5,    9.2,    9.9,   10.6,   11.3,   12.0,   13.4,   14.1,   15.5,   17.0,   18.4,   19.8,   21.2,   22.6,   24.7,   26.8,   29.0,   31.1,   33.9,   36.7,   39.5,   43.1,   46.6,   50.1,   54.4,   58.6,   63.5,   69.2,   74.8,   80.5,   87.5,   94.6,  102.4,  110.8,  120.0,  129.2,  140.5,  151.8,  163.8,  177.2,  192.0,  207.5,  225.2,  243.5,  263.3,  284.5,  308.5,  333.2,  360.7,  390.4,  422.1,  456.7,  494.1,  535.1,  578.8,  626.1,  677.7,  733.4,  793.4,  858.4,  929.0, 1005.2, 1087.8, 1176.7, 1273.5, 1377.2, 1490.2, 1613.0, 1745.0, 1888.3, 2042.9, 2210.2, 2391.6, 2587.8, 2799.6
2016-09-03T00:27:16.044,0, 14.9,    0.1,    0.4,    0.8,    1.1,    1.4,    1.8,    2.1,    2.5,    2.8,    3.1,    3.5,    3.8,    4.1,    4.5,    4.8,    5.1,    5.5,    5.0,    6.4,    7.1,    7.8,    8.5,    9.2,    9.9,   10.6,   11.3,   12.0,   13.4,   14.1,   15.5,   17.0,   18.4,   19.8,   21.2,   22.6,   24.7,   26.8,   29.0,   31.1,   33.9,   36.7,   39.5,   43.1,   46.6,   50.1,   54.4,   58.6,   63.5,   69.2,   74.8,   80.5,   87.5,   94.6,  102.4,  110.8,  120.0,  129.2,  140.5,  151.8,  163.8,  177.2,  192.0,  207.5,  225.2,  243.5,  263.3,  284.5,  308.5,  333.2,  360.7,  390.4,  422.1,  456.7,  494.1,  535.1,  578.8,  626.1,  677.7,  733.4,  793.4,  858.4,  929.0, 1005.2, 1087.8, 1176.7, 1273.5, 1377.2, 1490.2, 1613.0, 1745.0, 1888.3, 2042.9, 2210.2, 2391.6, 2587.8, 2799.6
2016-09-03T00:27:28.044,0, 14.9,    0.1,    0.4,    0.8,    1.1,    1.4,    1.8,    2.1,    2.5,    2.8,    3.1,    3.5,    3.8,    4.1,    4.5,    4.8,    5.1,    5.5,    5.0,    6.4,    7.1,    7.8,    8.5,    9.2,    9.9,   10.6,   11.3,   12.0,   13.4,   14.1,   15.5,   17.0,   18.4,   19.8,   21.2,   22.6,   24.7,   26.8,   29.0,   31.1,   33.9,   36.7,   39.5,   43.1,   46.6,   50.1,   54.4,   58.6,   63.5,   69.2,   74.8,   80.5,   87.5,   94.6,  102.4,  110.8,  120.0,  129.2,  140.5,  151.8,  163.8,  177.2,  192.0,  207.5,  225.2,  243.5,  263.3,  284.5,  308.5,  333.2,  360.7,  390.4,  422.1,  456.7,  494.1,  535.1,  578.8,  626.1,  677.7,  733.4,  793.4,  858.4,  929.0, 1005.2, 1087.8, 1176.7, 1273.5, 1377.2, 1490.2, 1613.0, 1745.0, 1888.3, 2042.9, 2210.2, 2391.6, 2587.8, 2799.6
2016-09-03T00:27:40.044,0, 14.9,    0.1,    0.4,    0.8,    1.1,    1.4,    1.8,    2.1,    2.5,    2.8,    3.1,    3.5,    3.8,    4.1,    4.5,    4.8,    5.1,    5.5,    5.0,    6.4,    7.1,    7.8,    8.5,    9.2,    9.9,   10.6,   11.3,   12.0,   13.4,   14.1,   15.5,   17.0,   18.4,   19.8,   21.2,   22.6,   24.7,   26.8,   29.0,   31.1,   33.9,   36.7,   39.5,   43.1,   46.6,   50.1,   54.4,   58.6,   63.5,   69.2,   74.8,   80.5,   87.5,   94.6,  102.4,  110.8,  120.0,  129.2,  140.5,  151.8,  163.8,  177.2,  192.0,  207.5,  225.2,  243.5,  263.3,  284.5,  308.5,  333.2,  360.7,  390.4,  422.1,  456.7,  494.1,  535.1,  578.8,  626.1,  677.7,  733.4,  793.4,  858.4,  929.0, 1005.2, 1087.8, 1176.7, 1273.5, 1377.2, 1490.2, 1613.0, 1745.0, 1888.3, 2042.9, 2210.2, 2391.6, 2587.8, 2799.6
2016-09-03T00:27:52.044,0, 14.9,    0.1,    0.4,    0.8,    1.1,    1.4,    1.8,    2.1,    2.5,    2.8,    3.1,    3.5,    3.8,    4.1,    4.5,    4.8,    5.1,    5.5,    5.0,    6.4,    7.1,    7.8,    8.5,    9.2,    9.9,   10.6,   11.3,   12.0,   13.4,   14.1,   15.5,   17.0,   18.4,   19.8,   21.2,   22.6,   24.7,   26.8,   29.0,   31.1,   33.9,   36.7,   39.5,   43.1,   46.6,   50.1,   54.4,   58.6,   63.5,   69.2,   74.8,   80.5,   87.5,   94.6,  102.4,  110.8,  120.0,  129.2,  140.5,  151.8,  163.8,  177.2,  192.0,  207.5,  225.2,  243.5,  263.3,  284.5,  308.5,  333.2,  360.7,  390.4,  422.1,  456.7,  494.1,  535.1,  578.8,  626.1,  677.7,  733.4,  793.4,  858.4,  929.0, 1005.2, 1087.8, 1176.7, 1273.5, 1377.2, 1490.2, 1613.0, 1745.0, 1888.3, 2042.9, 2210.2, 2391.6, 2587.8, 2799.6
2016-09-03T00:28:04.013,0, 14.9,    0.1,    0.4,    0.8,    1.1,    1.4,    1.8,    2.1,    2.5,    2.8,    3.1,    3.5,    3.8,    4.1,    4.5,    4.8,    5.1,    5.5,    5.0,    6.4,    7.1,    7.8,    8.5,    9.2,    9.9,   10.6,   11.3,   12.0,   13.4,   14.1,   15.5,   17.0,   18.4,   19.8,   21.2,   22.6,   24.7,   26.8,   29.0,   31.1,   33.9,   36.7,   39.5,   43.1,   46.6,   50.1,   54.4,   58.6,   63.5,   69.2,   74.8,   80.5,   87.5,   94.6,  102.4,  110.8,  120.0,  129.2,  140.5,  151.8,  163.8,  177.2,  192.0,  207.5,  225.2,  243.5,  263.3,  284.5,  308.5,  333.2,  360.7,  390.4,  422.1,  456.7,  494.1,  535.1,  578.8,  626.1,  677.7,  733.4,  793.4,  858.4,  929.0, 1005.2, 1087.8, 1176.7, 1273.5, 1377.2, 1490.2, 1613.0, 1745.0, 1888.3, 2042.9, 2210.2, 2391.6, 2587.8, 2799.6
2016-09-03T00:28:16.013,0, 14.9,    0.1,    0.4,    0.8,    1.1,    1.4,    1.8,    2.1,    2.5,    2.8,    3.1,    3.5,    3.8,    4.1,    4.5,    4.8,    5.1,    5.5,    5.0,    6.4,    7.1,    7.8,    8.5,    9.2,    9.9,   10.6,   11.3,   12.0,   13.4,   14.1,   15.5,   17.0,   18.4,   19.8,   21.2,   22.6,   24.7,   26.8,   29.0,   31.1,   33.9,   36.7,   39.5,   43.1,   46.6,   50.1,   54.4,   58.6,   63.5,   69.2,   74.8,   80.5,   87.5,   94.6,  102.4,  110.8,  120.0,  129.2,  140.5,  151.8,  163.8,  177.2,  192.0,  207.5,  225.2,  243.5,  263.3,  284.5,  308.5,  333.2,  360.7,  390.4,  422.1,  456.7,  494.1,  535.1,  578.8,  626.1,  677.7,  733.4,  793.4,  858.4,  929.0, 1005.2, 1087.8, 1176.7, 1273.5, 1377.2, 1490.2, 1613.0, 1745.0, 1888.3, 2042.9, 2210.2, 2391.6, 2587.8, 2799.6
2016-09-03T00:28:28.013,0, 14.9,    0.1,    0.4,    0.8,    1.1,    1.4,    1.8,    2.1,    2.5,    2.8,    3.1,    3.5,    3.8,    4.1,    4.5,    4.8,    5.1,    5.5,    5.0,    6.4,    7.1,    7.8,    8.5,    9.2,    9.9,   10.6,   11.3,   12.0,   13.4,   14.1,   15.5,   17.0,   18.4,   19.8,   21.2,   22.6,   24.7,   26.8,   29.0,   31.1,   33.9,   36.7,   39.5,   43.1,   46.6,   50.1,   54.4,   58.6,   63.5,   69.2,   74.8,   80.5,   87.5,   94.6,  102.4,  110.8,  120.0,  129.2,  140.5,  151.8,  163.8,  177.2,  192.0,  207.5,  225.2,  243.5,  263.3,  284.5,  308.5,  333.2,  360.7,  390.4,  422.1,  456.7,  494.1,  535.1,  578.8,  626.1,  677.7,  733.4,  793.4,  858.4,  929.0, 1005.2, 1087.8, 1176.7, 1273.5, 1377.2, 1490.2, 1613.0, 1745.0, 1888.3, 2042.9, 2210.2, 2391.6, 2587.8, 2799.6
2016-09-03T00:28:40.013,0, 14.9,    0.1,    0.4,    0.8,    1.1,    1.4,    1.8,    2.1,    2.5,    2.8,    3.1,    3.5,    3.8,    4.1,    4.5,    4.8,    5.1,    5.5,    5.0,    6.4,    7.1,    7.8,    8.5,    9.2,    9.9,   10.6,   11.3,   12.0,   13.4,   14.1,   15.5,   17.0,   18.4,   19.8,   21.2,   22.6,   24.7,   26.8,   29.0,   31.1,   33.9,   36.7,   39.5,   43.1,   46.6,   50.1,   54.4,   58.6,   63.5,   69.2,   74.8,   80.5,   87.5,   94.6,  102.4,  110.8,  120.0,  129.2,  140.5,  151.8,  163.8,  177.2,  192.0,  207.5,  225.2,  243.5,  263.3,  284.5,  308.5,  333.2,  360.7,  390.4,  422.1,  456.7,  494.1,  535.1,  578.8,  626.1,  677.7,  733.4,  793.4,  858.4,  929.0, 1005.2, 1087.8, 1176.7, 1273.5, 1377.2, 1490.2, 1613.0, 1745.0, 1888.3, 2042.9, 2210.2, 2391.6, 2587.8, 2799.6
2016-09-03T00:28:52.013,0, 14.9,    0.1,    0.4,    0.8,    1.1,    1.4,    1.8,    2.1,    2.5,    2.8,    3.1,    3.5,    3.8,    4.1,    4.5,    4.8,    5.1,    5.5,    5.0,    6.4,    7.1,    7.8,    8.5,    9.2,    9.9,   10.6,   11.3,   12.0,   13.4,   14.1,   15.5,   17.0,   18.4,   19.8,   21.2,   22.6,   24.7,   26.8,   29.0,   31.1,   33.9,   36.7,   39.5,   43.1,   46.6,   50.1,   54.4,   58.6,   63.5,   69.2,   74.8,   80.5,   87.5,   94.6,  102.4,  110.8,  120.0,  129.2,  140.5,  151.8,  163.8,  177.2,  192.0,  207.5,  225.2,  243.5,  263.3,  284.5,  308.5,  333.2,  360.7,  390.4,  422.1,  456.7,  494.1,  535.1,  578.8,  626.1,  677.7,  733.4,  793.4,  858.4,  929.0, 1005.2, 1087.8, 1176.7, 1273.5, 1377.2, 1490.2, 1613.0, 1745.0, 1888.3, 2042.9, 2210.2, 2391.6, 2587.8, 2799.6
2016-09-03T00:29:04.013,0, 14.9,    0.1,    0.4,    0.8,    1.1,    1.4,    1.8,    2.1,    2.5,    2.8,    3.1,    3.5,    3.8,    4.1,    4.5,    4.8,    5.1,    5.5,    5.0,    6.4,    7.1,    7.8,    8.5,    9.2,    9.9,   10.6,   11.3,   12.0,   13.4,   14.1,   15.5,   17.0,   18.4,   19.8,   21.2,   22.6,   24.7,   26.8,   29.0,   31.1,   33.9,   36.7,   39.5,   43.1,   46.6,   50.1,   54.4,   58.6,   63.5,   69.2,   74.8,   80.5,   87.5,   94.6,  102.4,  110.8,  120.0,  129.2,  140.5,  151.8,  163.8,  177.2,  192.0,  207.5,  225.2,  243.5,  263.3,  284.5,  308.5,  333.2,  360.7,  390.4,  422.1,  456.7,  494.1,  535.1,  578.8,  626.1,  677.7,  733.4,  793.4,  858.4,  929.0, 1005.2, 1087.8, 1176.7, 1273.5, 1377.2, 1490.2, 1613.0, 1745.0, 1888.3, 2042.9, 2210.2, 2391.6, 2587.8, 2799.6
2016-09-03T00:29:16.013,0, 14.9,    0.1,    0.4,    0.8,    1.1,    1.4,    1.8,    2.1,    2.5,    2.8,    3.1,    3.5,    3.8,    4.1,    4.5,    4.8,    5.1,    5.5,    5.0,    6.4,    7.1,    7.8,    8.5,    9.2,    9.9,   10.6,   11.3,   12.0,   13.4,   14.1,   15.5,   17.0,   18.4,   19.8,   21.2,   22.6,   24.7,   26.8,   29.0,   31.1,   33.9,   36.7,   39.5,   43.1,   46.6,   50.1,   54.4,   58.6,   63.5,   69.2,   74.8,   80.5,   87.5,   94.6,  102.4,  110.8,  120.0,  129.2,  140.5,  151.8,  163.8,  177.2,  192.0,  207.5,  225.2,  243.5,  263.3,  284.5,  308.5,  333.2,  360.7,  390.4,  422.1,  456.7,  494.1,  535.1,  578.8,  626.1,  677.7,  733.4,  793.4,  858.4,  929.0, 1005.2, 1087.8, 1176.7, 1273.5, 1377.2, 1490.2, 1613.0, 1745.0, 1888.3, 2042.9, 2210.2, 2391.6, 2587.8, 2799.6
2016-09-03T00:29:28.013,0, 14.9,    0.1,    0.4,    0.8,    1.1,    1.4,    1.8,    2.1,    2.5,    2.8,    3.1,    3.5,    3.8,    4.1,    4.5,    4.8,    5.1,    5.5,    5.0,    6.4,    7.1,    7.8,    8.5,    9.2,    9.9,   10.6,   11.3,   12.0,   13.4,   14.1,   15.5,   17.0,   18.4,   19.8,   21.2,   22.6,   24.7,   26.8,   29.0,   31.1,   33.9,   36.7,   39.5,   43.1,   46.6,   50.1,   54.4,   58.6,   63.5,   69.2,   74.8,   80.5,   87.5,   94.6,  102.4,  110.8,  120.0,  129.2,  140.5,  151.8,  163.8,  177.2,  192.0,  207.5,  225.2,  243.5,  263.3,  284.5,  308.5,  333.2,  360.7,  390.4,  422.1,  456.7,  494.1,  535.1,  578.8,  626.1,  677.7,  733.4,  793.4,  858.4,  929.0, 1005.2, 1087.8, 1176.7, 1273.5, 1377.2, 1490.2, 1613.0, 1745.0, 1888.3, 2042.9, 2210.2, 2391.6, 2587.8, 2799.6
2016-09-03T00:29:40.013,0, 14.9,    0.1,    0.4,    0.8,    1.1,    1.4,    1.8,    2.1,    2.5,    2.8,    3.1,    3.5,    3.8,    4.1,    4.5,    4.8,    5.1,    5.5,    5.0,    6.4,    7.1,    7.8,    8.5,    9.2,    9.9,   10.6,   11.3,   12.0,   13.4,   14.1,   15.5,   17.0,   18.4,   19.8,   21.2,   22.6,   24.7,   26.8,   29.0,   31.1,   33.9,   36.7,   39.5,   43.1,   46.6,   50.1,   54.4,   58.6,   63.5,   69.2,   74.8,   80.5,   87.5,   94.6,  102.4,  110.8,  120.0,  129.2,  140.5,  151.8,  163.8,  177.2,  192.0,  207.5,  225.2,  243.5,  263.3,  284.5,  308.5,  333.2,  360.7,  390.4,  422.1,  456.7,  494.1,  535.1,  578.8,  626.1,  677.7,  733.4,  793.4,  858.4,  929.0, 1005.2, 1087.8, 1176.7, 1273.5, 1377.2, 1490.2, 1613.0, 1745.0, 1888.3, 2042.9, 2210.2, 2391.6, 2587.8, 2799.6
2016-09-03T00:29:52.013,0, 14.9,    0.1,    0.4,    0.8,    1.1,    1.4,    1.8,    2.1,    2.5,    2.8,    3.1,    3.5,    3.8,    4.1,    4.5,    4.8,    5.1,    5.5,    5.0,    6.4,    7.1,    7.8,    8.5,    9.2,    9.9,   10.6,   11.3,   12.0,   13.4,   14.1,   15.5,   17.0,   18.4,   19.8,   21.2,   22.6,   24.7,   26.8,   29.0,   31.1,   33.9,   36.7,   39.5,   43.1,   46.6,   50.1,   54.4,   58.6,   63.5,   69.2,   74.8,   80.5,   87.5,   94.6,  102.4,  110.8,  120.0,  129.2,  140.5,  151.8,  163.8,  177.2,  192.0,  207.5,  225.2,  243.5,  263.3,  284.5,  308.5,  333.2,  360.7,  390.4,  422.1,  456.7,  494.1,  535.1,  578.8,  626.1,  677.7,  733.4,  793.4,  858.4,  929.0, 1005.2, 1087.8, 1176.7, 1273.5, 1377.2, 1490.2, 1613.0, 1745.0, 1888.3, 2042.9, 2210.2, 2391.6, 2587.8, 2799.6
2016-09-03T00:30:04.013,0, 14.9,    0.1,    0.4,    0.8,    1.1,    1.4,    1.8,    2.1,    2.5,    2.8,    3.1,    3.5,    3.8,    4.1,    4.5,    4.8,    5.1,    5.5,    5.0,    6.4,    7.1,    7.8,    8.5,    9.2,    9.9,   10.6,   11.3,   12.0,   13.4,   14.1,   15.5,   17.0,   18.4,   19.8,   21.2,   22.6,   24.7,   26.8,   29.0,   31.1,   33.9,   36.7,   39.5,   43.1,   46.6,   50.1,   54.4,   58.6,   63.5,   69.2,   74.8,   80.5,   87.5,   94.6,  102.4,  110.8,  120.0,  129.2,  140.5,  151.8,  163.8,  177.2,  192.0,  207.5,  225.2,  243.5,  263.3,  284.5,  308.5,  333.2,  360.7,  390.4,  422.1,  456.7,  494.1,  535.1,  578.8,  626.1,  677.7,  733.4,  793.4,  858.4,  929.0, 1005.2, 1087.8, 1176.7, 1273.5, 1377.2, 1490.2, 1613.0, 1745.0, 1888.3, 2042.9, 2210.2, 2391.6, 2587.8, 2799.6
2016-09-03T00:30:16.013,0, 14.9,    0.1,    0.4,    0.8,    1.1,    1.4,    1.8,    2.1,    2.5,    2.8,    3.1,    3.5,    3.8,    4.1,    4.5,    4.8,    5.1,    5.5,    5.0,    6.4,    7.1,    7.8,    8.5,    9.2,    9.9,   10.6,   11.3,   12.0,   13.4,   14.1,   15.5,   17.0,   18.4,   19.8,   21.2,   22.6,   24.7,   26.8,   29.0,   31.1,   33.9,   36.7,   39.5,   43.1,   46.6,   50.1,   54.4,   58.6,   63.5,   69.2,   74.8,   80.5,   87.5,   94.6,  102.4,  110.8,  120.0,  129.2,  140.5,  151.8,  163.8,  177.2,  192.0,  207.5,  225.2,  243.5,  263.3,  284.5,  308.5,  333.2,  360.7,  390.4,  422.1,  456.7,  494.1,  535.1,  578.8,  626.1,  677.7,  733.4,  793.4,  858.4,  929.0, 1005.2, 1087.8, 1176.7, 1273.5, 1377.2, 1490.2, 1613.0, 1745.0, 1888.3, 2042.9, 2210.2, 2391.6, 2587.8, 2799.6
2016-09-03T00:30:28.013,0, 14.9,    0.1,    0.4,    0.8,    1.1,    1.4,    1.8,    2.1,    2.5,    2.8,    3.1,    3.5,    3.8,    4.1,    4.5,    4.8,    5.1,    5.5,    5.0,    6.4,    7.1,    7.8,    8.5,    9.2,    9.9,   10.6,   11.3,   12.0,   13.4,   14.1,   15.5,   17.0,   18.4,   19.8,   21.2,   22.6,   24.7,   26.8,   29.0,   31.1,   33.9,   36.7,   39.5,   43.1,   46.6,   50.1,   54.4,   58.6,   63.5,   69.2,   74.8,   80.5,   87.5,   94.6,  102.4,  110.8,  120.0,  129.2,  140.5,  151.8,  163.8,  177.2,  192.0,  207.5,  225.2,  243.5,  263.3,  284.5,  308.5,  333.2,  360.7,  390.4,  422.1,  456.7,  494.1,  535.1,  578.8,  626.1,  677.7,  733.4,  793.4,  858.4,  929.0, 1005.2, 1087.8, 1176.7, 1273.5, 1377.2, 1490.2, 1613.0, 1745.0, 1888.3, 2042.9, 2210.2, 2391.6, 2587.8, 2799.6
2016-09-03T00:30:40.013,0, 14.9,    0.1,    0.4,    0.8,    1.1,    1.4,    1.8,    2.1,    2.5,    2.8,    3.1,    3.5,    3.8,    4.1,    4.5,    4.8,    5.1,    5.5,    5.0,    6.4,    7.1,    7.8,    8.5,    9.2,    9.9,   10.6,   11.3,   12.0,   13.4,   14.1,   15.5,   17.0,   18.4,   19.8,   21.2,   22.6,   24.7,   26.8,   29.0,   31.1,   33.9,   36.7,   39.5,   43.1,   46.6,   50.1,   54.4,   58.6,   63.5,   69.2,   74.8,   80.5,   87.5,   94.6,  102.4,  110.8,  120.0,  129.2,  140.5,  151.8,  163.8,  177.2,  192.0,  207.5,  225.2,  243.5,  263.3,  284.5,  308.5,  333.2,  360.7,  390.4,  422.1,  456.7,  494.1,  535.1,  578.8,  626.1,  677.7,  733.4,  793.4,  858.4,  929.0, 1005.2, 1087.8, 1176.7, 1273.5, 1377.2, 1490.2, 1613.0, 1745.0, 1888.3, 2042.9, 2210.2, 2391.6, 2587.8, 2799.6
2016-09-03T00:30:52.013,0, 14.9,    0.1,    0.4,    0.8,    1.1,    1.4,    1.8,    2.1,    2.5,    2.8,    3.1,    3.5,    3.8,    4.1,    4.5,    4.8,    5.1,    5.5,    5.0,    6.4,    7.1,    7.8,    8.5,    9.2,    9.9,   10.6,   11.3,   12.0,   13.4,   14.1,   15.5,   17.0,   18.4,   19.8,   21.2,   22.6,   24.7,   26.8,   29.0,   31.1,   33.9,   36.7,   39.5,   43.1,   46.6,   50.1,   54.4,   58.6,   63.5,   69.2,   74.8,   80.5,   87.5,   94.6,  102.4,  110.8,  120.0,  129.2,  140.5,  151.8,  163.8,  177.2,  192.0,  207.5,  225.2,  243.5,  263.3,  284.5,  308.5,  333.2,  360.7,  390.4,  422.1,  456.7,  494.1,  535.1,  578.8,  626.1,  677.7,  733.4,  793.4,  858.4,  929.0, 1005.2, 1087.8, 1176.7, 1273.5, 1377.2, 1490.2, 1613.0, 1745.0, 1888.3, 2042.9, 2210.2, 2391.6, 2587.8, 2799.6
2016-09-03T00:31:04.013,0, 14.9,    0.1,    0.4,    0.8,    1.1,    1.4,    1.8,    2.1,    2.5,    2.8,    3.1,    3.5,    3.8,    4.1,    4.5,    4.8,    5.1,    5.5,    5.0,    6.4,    7.1,    7.8,    8.5,    9.2,    9.9,   10.6,   11.3,   12.0,   13.4,   14.1,   15.5,   17.0,   18.4,   19.8,   21.2,   22.6,   24.7,   26.8,   29.0,   31.1,   33.9,   36.7,   39.5,   43.1,   46.6,   50.1,   54.4,   58.6,   63.5,   69.2,   74.8,   80.5,   87.5,   94.6,  102.4,  110.8,  120.0,  129.2,  140.5,  151.8,  163.8,  177.2,  192.0,  207.5,  225.2,  243.5,  263.3,  284.5,  308.5,  333.2,  360.7,  390.4,  422.1,  456.7,  494.1,  535.1,  578.8,  626.1,  677.7,  733.4,  793.4,  858.4,  929.0, 1005.2, 1087.8, 1176.7, 1273.5, 1377.2, 1490.2, 1613.0, 1745.0, 1888.3, 2042.9, 2210.2, 2391.6, 2587.8, 2799.6
2016-09-03T00:31:15.982,0, 14.9,    0.1,    0.4,    0.8,    1.1,    1.4,    1.8,    2.1,    2.5,    2.8,    3.1,    3.5,    3.8,    4.1,    4.5,    4.8,    5.1,    5.5,    5.0,    6.4,    7.1,    7.8,    8.5,    9.2,    9.9,   10.6,   11.3,   12.0,   13.4,   14.1,   15.5,   17.0,   18.4,   19.8,   21.2,   22.6,   24.7,   26.8,   29.0,   31.1,   33.9,   36.7,   39.5,   43.1,   46.6,   50.1,   54.4,   58.6,   63.5,   69.2,   74.8,   80.5,   87.5,   94.6,  102.4,  110.8,  120.0,  129.2,  140.5,  151.8,  163.8,  177.2,  192.0,  207.5,  225.2,  243.5,  263.3,  284.5,  308.5,  333.2,  360.7,  390.4,  422.1,  456.7,  494.1,  535.1,  578.8,  626.1,  677.7,  733.4,  793.4,  858.4,  929.0, 1005.2, 1087.8, 1176.7, 1273.5, 1377.2, 1490.2, 1613.0, 1745.0, 1888.3, 2042.9, 2210.2, 2391.6, 2587.8, 2799.6
2016-09-03T00:31:27.982,0, 14.9,    0.1,    0.4,    0.8,    1.1,    1.4,    1.8,    2.1,    2.5,    2.8,    3.1,    3.5,    3.8,    4.1,    4.5,    4.8,    5.1,    5.5,    5.0,    6.4,    7.1,    7.8,    8.5,    9.2,    9.9,   10.6,   11.3,   12.0,   13.4,   14.1,   15.5,   17.0,   18.4,   19.8,   21.2,   22.6,   24.7,   26.8,   29.0,   31.1,   33.9,   36.7,   39.5,   43.1,   46.6,   50.1,   54.4,   58.6,   63.5,   69.2,   74.8,   80.5,   87.5,   94.6,  102.4,  110.8,  120.0,  129.2,  140.5,  151.8,  163.8,  177.2,  192.0,  207.5,  225.2,  243.5,  263.3,  284.5,  308.5,  333.2,  360.7,  390.4,  422.1,  456.7,  494.1,  535.1,  578.8,  626.1,  677.7,  733.4,  793.4,  858.4,  929.0, 1005.2, 1087.8, 1176.7, 1273.5, 1377.2, 1490.2, 1613.0, 1745.0, 1888.3, 2042.9, 2210.2, 2391.6, 2587.8, 2799.6
2016-09-03T00:31:39.982,0, 14.9,    0.1,    0.4,    0.8,    1.1,    1.4,    1.8,    2.1,    2.5,    2.8,    3.1,    3.5,    3.8,    4.1,    4.5,    4.8,    5.1,    5.5,    5.0,    6.4,    7.1,    7.8,    8.5,    9.2,    9.9,   10.6,   11.3,   12.0,   13.4,   14.1,   15.5,   17.0,   18.4,   19.8,   21.2,   22.6,   24.7,   26.8,   29.0,   31.1,   33.9,   36.7,   39.5,   43.1,   46.6,   50.1,   54.4,   58.6,   63.5,   69.2,   74.8,   80.5,   87.5,   94.6,  102.4,  110.8,  120.0,  129.2,  140.5,  151.8,  163.8,  177.2,  192.0,  207.5,  225.2,  243.5,  263.3,  284.5,  308.5,  333.2,  360.7,  390.4,  422.1,  456.7,  494.1,  535.1,  578.8,  626.1,  677.7,  733.4,  793.4,  858.4,  929.0, 1005.2, 1087.8, 1176.7, 1273.5, 1377.2, 1490.2, 1613.0, 1745.0, 1888.3, 2042.9, 2210.2, 2391.6, 2587.8, 2799.6
2016-09-03T00:31:51.982,0, 14.9,    0.1,    0.4,    0.8,    1.1,    1.4,    1.8,    2.1,    2.5,    2.8,    3.1,    3.5,    3.8,    4.1,    4.5,    4.8,    5.1,    5.5,    5.0,    6.4,    7.1,    7.8,    8.5,    9.2,    9.9,   10.6,   11.3,   12.0,   13.4,   14.1,   15.5,   17.0,   18.4,   19.8,   21.2,   22.6,   24.7,   26.8,   29.0,   31.1,   33.9,   36.7,   39.5,   43.1,   46.6,   50.1,   54.4,   58.6,   63.5,   69.2,   74.8,   80.5,   87.5,   94.6,  102.4,  110.8,  120.0,  129.2,  140.5,  151.8,  163.8,  177.2,  192.0,  207.5,  225.2,  243.5,  263.3,  284.5,  308.5,  333.2,  360.7,  390.4,  422.1,  456.7,  494.1,  535.1,  578.8,  626.1,  677.7,  733.4,  793.4,  858.4,  929.0, 1005.2, 1087.8, 1176.7, 1273.5, 1377.2, 1490.2, 1613.0, 1745.0, 1888.3, 2042.9, 2210.2, 2391.6, 2587.8, 2799.6
2016-09-03T00:32:03.982,0, 14.9,    0.1,    0.4,    0.8,    1.1,    1.4,    1.8,    2.1,    2.5,    2.8,    3.1,    3.5,    3.8,    4.1,    4.5,    4.8,    5.1,    5.5,    5.0,    6.4,    7.1,    7.8,    8.5,    9.2,    9.9,   10.6,   11.3,   12.0,   13.4,   14.1,   15.5,   17.0,   18.4,   19.8,   21.2,   22.6,   24.7,   26.8,   29.0,   31.1,   33.9,   36.7,   39.5,   43.1,   46.6,   50.1,   54.4,   58.6,   63.5,   69.2,   74.8,   80.5,   87.5,   94.6,  102.4,  110.8,  120.0,  129.2,  140.5,  151.8,  163.8,  177.2,  192.0,  207.5,  225.2,  243.5,  263.3,  284.5,  308.5,  333.2,  360.7,  390.4,  422.1,  456.7,  494.1,  535.1,  578.8,  626.1,  677.7,  733.4,  793.4,  858.4,  929.0, 1005.2, 1087.8, 1176.7, 1273.5, 1377.2, 1490.2, 1613.0, 1745.0, 1888.3, 2042.9, 2210.2, 2391.6, 2587.8, 2799.6
2016-09-03T00:32:15.982,0, 14.9,    0.1,    0.4,    0.8,    1.1,    1.4,    1.8,    2.1,    2.5,    2.8,    3.1,    3.5,    3.8,    4.1,    4.5,    4.8,    5.1,    5.5,    5.0,    6.4,    7.1,    7.8,    8.5,    9.2,    9.9,   10.6,   11.3,   12.0,   13.4,   14.1,   15.5,   17.0,   18.4,   19.8,   21.2,   22.6,   24.7,   26.8,   29.0,   31.1,   33.9,   36.7,   39.5,   43.1,   46.6,   50.1,   54.4,   58.6,   63.5,   69.2,   74.8,   80.5,   87.5,   94.6,  102.4,  110.8,  120.0,  129.2,  140.5,  151.8,  163.8,  177.2,  192.0,  207.5,  225.2,  243.5,  263.3,  284.5,  308.5,  333.2,  360.7,  390.4,  422.1,  456.7,  494.1,  535.1,  578.8,  626.1,  677.7,  733.4,  793.4,  858.4,  929.0, 1005.2, 1087.8, 1176.7, 1273.5, 1377.2, 1490.2, 1613.0, 1745.0, 1888.3, 2042.9, 2210.2, 2391.6, 2587.8, 2799.6
2016-09-03T00:32:27.982,0, 14.9,    0.1,    0.4,    0.8,    1.1,    1.4,    1.8,    2.1,    2.5,    2.8,    3.1,    3.5,    3.8,    4.1,    4.5,    4.8,    5.1,    5.5,    5.0,    6.4,    7.1,    7.8,    8.5,    9.2,    9.9,   10.6,   11.3,   12.0,   13.4,   14.1,   15.5,   17.0,   18.4,   19.8,   21.2,   22.6,   24.7,   26.8,   29.0,   31.1,   33.9,   36.7,   39.5,   43.1,   46.6,   50.1,   54.4,   58.6,   63.5,   69.2,   74.8,   80.5,   87.5,   94.6,  102.4,  110.8,  120.0,  129.2,  140.5,  151.8,  163.8,  177.2,  192.0,  207.5,  225.2,  243.5,  263.3,  284.5,  308.5,  333.2,  360.7,  390.4,  422.1,  456.7,  494.1,  535.1,  578.8,  626.1,  677.7,  733.4,  793.4,  858.4,  929.0, 1005.2, 1087.8, 1176.7, 1273.5, 1377.2, 1490.2, 1613.0, 1745.0, 1888.3, 2042.9, 2210.2, 2391.6, 2587.8, 2799.6
2016-09-03T00:32:39.982,0, 14.9,    0.1,    0.4,    0.8,    1.1,    1.4,    1.8,    2.1,    2.5,    2.8,    3.1,    3.5,    3.8,    4.1,    4.5,    4.8,    5.1,    5.5,    5.0,    6.4,    7.1,    7.8,    8.5,    9.2,    9.9,   10.6,   11.3,   12.0,   13.4,   14.1,   15.5,   17.0,   18.4,   19.8,   21.2,   22.6,   24.7,   26.8,   29.0,   31.1,   33.9,   36.7,   39.5,   43.1,   46.6,   50.1,   54.4,   58.6,   63.5,   69.2,   74.8,   80.5,   87.5,   94.6,  102.4,  110.8,  120.0,  129.2,  140.5,  151.8,  163.8,  177.2,  192.0,  207.5,  225.2,  243.5,  263.3,  284.5,  308.5,  333.2,  360.7,  390.4,  422.1,  456.7,  494.1,  535.1,  578.8,  626.1,  677.7,  733.4,  793.4,  858.4,  929.0, 1005.2, 1087.8, 1176.7, 1273.5, 1377.2, 1490.2, 1613.0, 1745.0, 1888.3, 2042.9, 2210.2, 2391.6, 2587.8, 2799.6
2016-09-03T00:32:51.982,0, 14.9,    0.1,    0.4,    0.8,    1.1,    1.4,    1.8,    2.1,    2.5,    2.8,    3.1,    3.5,    3.8,    4.1,    4.5,    4.8,    5.1,    5.5,    5.0,    6.4,    7.1,    7.8,    8.5,    9.2,    9.9,   10.6,   11.3,   12.0,   13.4,   14.1,   15.5,   17.0,   18.4,   19.8,   21.2,   22.6,   24.7,   26.8,   29.0,   31.1,   33.9,   36.7,   39.5,   43.1,   46.6,   50.1,   54.4,   58.6,   63.5,   69.2,   74.8,   80.5,   87.5,   94.6,  102.4,  110.8,  120.0,  129.2,  140.5,  151.8,  163.8,  177.2,  192.0,  207.5,  225.2,  243.5,  263.3,  284.5,  308.5,  333.2,  360.7,  390.4,  422.1,  456.7,  494.1,  535.1,  578.8,  626.1,  677.7,  733.4,  793.4,  858.4,  929.0, 1005.2, 1087.8, 1176.7, 1273.5, 1377.2, 1490.2, 1613.0, 1745.0, 1888.3, 2042.9, 2210.2, 2391.6, 2587.8, 2799.6
2016-09-03T00:33:03.982,0, 14.9,    0.1,    0.4,    0.8,    1.1,    1.4,    1.8,    2.1,    2.5,    2.8,    3.1,    3.5,    3.8,    4.1,    4.5,    4.8,    5.1,    5.5,    5.0,    6.4,    7.1,    7.8,    8.5,    9.2,    9.9,   10.6,   11.3,   12.0,   13.4,   14.1,   15.5,   17.0,   18.4,   19.8,   21.2,   22.6,   24.7,   26.8,   29.0,   31.1,   33.9,   36.7,   39.5,   43.1,   46.6,   50.1,   54.4,   58.6,   63.5,   69.2,   74.8,   80.5,   87.5,   94.6,  102.4,  110.8,  120.0,  129.2,  140.5,  151.8,  163.8,  177.2,  192.0,  207.5,  225.2,  243.5,  263.3,  284.5,  308.5,  333.2,  360.7,  390.4,  422.1,  456.7,  494.1,  535.1,  578.8,  626.1,  677.7,  733.4,  793.4,  858.4,  929.0, 1005.2, 1087.8, 1176.7, 1273.5, 1377.2, 1490.2, 1613.0, 1745.0, 1888.3, 2042.9, 2210.2, 2391.6, 2587.8, 2799.6
2016-09-03T00:33:15.982,0, 14.9,    0.1,    0.4,    0.8,    1.1,    1.4,    1.8,    2.1,    2.5,    2.8,    3.1,    3.5,    3.8,    4.1,    4.5,    4.8,    5.1,    5.5,    5.0,    6.4,    7.1,    7.8,    8.5,    9.2,    9.9,   10.6,   11.3,   12.0,   13.4,   14.1,   15.5,   17.0,   18.4,   19.8,   21.2,   22.6,   24.7,   26.8,   29.0,   31.1,   33.9,   36.7,   39.5,   43.1,   46.6,   50.1,   54.4,   58.6,   63.5,   69.2,   74.8,   80.5,   87.5,   94.6,  102.4,  110.8,  120.0,  129.2,  140.5,  151.8,  163.8,  177.2,  192.0,  207.5,  225.2,  243.5,  263.3,  284.5,  308.5,  333.2,  360.7,  390.4,  422.1,  456.7,  494.1,  535.1,  578.8,  626.1,  677.7,  733.4,  793.4,  858.4,  929.0, 1005.2, 1087.8, 1176.7, 1273.5, 1377.2, 1490.2, 1613.0, 1745.0, 1888.3, 2042.9, 2210.2, 2391.6, 2587.8, 2799.6
2016-09-03T00:33:27.982,0, 14.9,    0.1,    0.4,    0.8,    1.1,    1.4,    1.8,    2.1,    2.5,    2.8,    3.1,    3.5,    3.8,    4.1,    4.5,    4.8,    5.1,    5.5,    5.0,    6.4,    7.1,    7.8,    8.5,    9.2,    9.9,   10.6,   11.3,   12.0,   13.4,   14.1,   15.5,   17.0,   18.4,   19.8,   21.2,   22.6,   24.7,   26.8,   29.0,   31.1,   33.9,   36.7,   39.5,   43.1,   46.6,   50.1,   54.4,   58.6,   63.5,   69.2,   74.8,   80.5,   87.5,   94.6,  102.4,  110.8,  120.0,  129.2,  140.5,  151.8,  163.8,  177.2,  192.0,  207.5,  225.2,  243.5,  263.3,  284.5,  308.5,  333.2,  360.7,  390.4,  422.1,  456.7,  494.1,  535.1,  578.8,  626.1,  677.7,  733.4,  793.4,  858.4,  929.0, 1005.2, 1087.8, 1176.7, 1273.5, 1377.2, 1490.2, 1613.0, 1745.0, 1888.3, 2042.9, 2210.2, 2391.6, 2587.8, 2799.6
2016-09-03T00:33:39.982,0, 14.9,    0.1,    0.4,    0.8,    1.1,    1.4,    1.8,    2.1,    2.5,    2.8,    3.1,    3.5,    3.8,    4.1,    4.5,    4.8,    5.1,    5.5,    5.0,    6.4,    7.1,    7.8,    8.5,    9.2,    9.9,   10.6,   11.3,   12.0,   13.4,   14.1,   15.5,   17.0,   18.4,   19.8,   21.2,   22.6,   24.7,   26.8,   29.0,   31.1,   33.9,   36.7,   39.5,   43.1,   46.6,   50.1,   54.4,   58.6,   63.5,   69.2,   74.8,   80.5,   87.5,   94.6,  102.4,  110.8,  120.0,  129.2,  140.5,  151.8,  163.8,  177.2,  192.0,  207.5,  225.2,  243.5,  263.3,  284.5,  308.5,  333.2,  360.7,  390.4,  422.1,  456.7,  494.1,  535.1,  578.8,  626.1,  677.7,  733.4,  793.4,  858.4,  929.0, 1005.2, 1087.8, 1176.7, 1273.5, 1377.2, 1490.2, 1613.0, 1745.0, 1888.3, 2042.9, 2210.2, 2391.6, 2587.8, 2799.6
2016-09-03T00:33:51.982,0, 14.9,    0.1,    0.4,    0.8,    1.1,    1.4,    1.8,    2.1,    2.5,    2.8,    3.1,    3.5,    3.8,    4.1,    4.5,    4.8,    5.1,    5.5,    5.0,    6.4,    7.1,    7.8,    8.5,    9.2,    9.9,   10.6,   11.3,   12.0,   13.4,   14.1,   15.5,   17.0,   18.4,   19.8,   21.2,   22.6,   24.7,   26.8,   29.0,   31.1,   33.9,   36.7,   39.5,   43.1,   46.6,   50.1,   54.4,   58.6,   63.5,   69.2,   74.8,   80.5,   87.5,   94.6,  102.4,  110.8,  120.0,  129.2,  140.5,  151.8,  163.8,  177.2,  192.0,  207.5,  225.2,  243.5,  263.3,  284.5,  308.5,  333.2,  360.7,  390.4,  422.1,  456.7,  494.1,  535.1,  578.8,  626.1,  677.7,  733.4,  793.4,  858.4,  929.0, 1005.2, 1087.8, 1176.7, 1273.5, 1377.2, 1490.2, 1613.0, 1745.0, 1888.3, 2042.9, 2210.2, 2391.6, 2587.8, 2799.6
2016-09-03T00:34:03.982,0, 14.9,    0.1,    0.4,    0.8,    1.1,    1.4,    1.8,    2.1,    2.5,    2.8,    3.1,    3.5,    3.8,    4.1,    4.5,    4.8,    5.1,    5.5,    5.0,    6.4,    7.1,    7.8,    8.5,    9.2,    9.9,   10.6,   11.3,   12.0,   13.4,   14.1,   15.5,   17.0,   18.4,   19.8,   21.2,   22.6,   24.7,   26.8,   29.0,   31.1,   33.9,   36.7,   39.5,   43.1,   46.6,   50.1,   54.4,   58.6,   63.5,   69.2,   74.8,   80.5,   87.5,   94.6,  102.4,  110.8,  120.0,  129.2,  140.5,  151.8,  163.8,  177.2,  192.0,  207.5,  225.2,  243.5,  263.3,  284.5,  308.5,  333.2,  360.7,  390.4,  422.1,  456.7,  494.1,  535.1,  578.8,  626.1,  677.7,  733.4,  793.4,  858.4,  929.0, 1005.2, 1087.8, 1176.7, 1273.5, 1377.2, 1490.2, 1613.0, 1745.0, 1888.3, 2042.9, 2210.2, 2391.6, 2587.8, 2799.6
2016-09-03T00:34:15.982,0, 14.9,    0.1,    0.4,    0.8,    1.1,    1.4,    1.8,    2.1,    2.5,    2.8,    3.1,    3.5,    3.8,    4.1,    4.5,    4.8,    5.1,    5.5,    5.0,    6.4,    7.1,    7.8,    8.5,    9.2,    9.9,   10.6,   11.3,   12.0,   13.4,   14.1,   15.5,   17.0,   18.4,   19.8,   21.2,   22.6,   24.7,   26.8,   29.0,   31.1,   33.9,   36.7,   39.5,   43.1,   46.6,   50.1,   54.4,   58.6,   63.5,   69.2,   74.8,   80.5,   87.5,   94.6,  102.4,  110.8,  120.0,  129.2,  140.5,  151.8,  163.8,  177.2,  192.0,  207.5,  225.2,  243.5,  263.3,  284.5,  308.5,  333.2,  360.7,  390.4,  422.1,  456.7,  494.1,  535.1,  578.8,  626.1,  677.7,  733.4,  793.4,  858.4,  929.0, 1005.2, 1087.8, 1176.7, 1273.5, 1377.2, 1490.2, 1613.0, 1745.0, 1888.3, 2042.9, 2210.2, 2391.6, 2587.8, 2799.6
2016-09-03T00:34:27.982,0, 14.9,    0.1,    0.4,    0.8,    1.1,    1.4,    1.8,    2.1,    2.5,    2.8,    3.1,    3.5,    3.8,    4.1,    4.5,    4.8,    5.1,    5.5,    5.0,    6.4,    7.1,    7.8,    8.5,    9.2,    9.9,   10.6,   11.3,   12.0,   13.4,   14.1,   15.5,   17.0,   18.4,   19.8,   21.2,   22.6,   24.7,   26.8,   29.0,   31.1,   33.9,   36.7,   39.5,   43.1,   46.6,   50.1,   54.4,   58.6,   63.5,   69.2,   74.8,   80.5,   87.5,   94.6,  102.4,  110.8,  120.0,  129.2,  140.5,  151.8,  163.8,  177.2,  192.0,  207.5,  225.2,  243.5,  263.3,  284.5,  308.5,  333.2,  360.7,  390.4,  422.1,  456.7,  494.1,  535.1,  578.8,  626.1,  677.7,  733.4,  793.4,  858.4,  929.0, 1005.2, 1087.8, 1176.7, 1273.5, 1377.2, 1490.2, 1613.0, 1745.0, 1888.3, 2042.9, 2210.2, 2391.6, 2587.8, 2799.6
2016-09-03T00:34:39.982,0, 14.9,    0.1,    0.4,    0.8,    1.1,    1.4,    1.8,    2.1,    2.5,    2.8,    3.1,    3.5,    3.8,    4.1,    4.5,    4.8,    5.1,    5.5,    5.0,    6.4,    7.1,    7.8,    8.5,    9.2,    9.9,   10.6,   11.3,   12.0,   13.4,   14.1,   15.5,   17.0,   18.4,   19.8,   21.2,   22.6,   24.7,   26.8,   29.0,   31.1,   33.9,   36.7,   39.5,   43.1,   46.6,   50.1,   54.4,   58.6,   63.5,   69.2,   74.8,   80.5,   87.5,   94.6,  102.4,  110.8,  120.0,  129.2,  140.5,  151.8,  163.8,  177.2,  192.0,  207.5,  225.2,  243.5,  263.3,  284.5,  308.5,  333.2,  360.7,  390.4,  422.1,  456.7,  494.1,  535.1,  578.8,  626.1,  677.7,  733.4,  793.4,  858.4,  929.0, 1005.2, 1087.8, 1176.7, 1273.5, 1377.2, 1490.2, 1613.0, 1745.0, 1888.3, 2042.9, 2210.2, 2391.6, 2587.8, 2799.6
2016-09-03T00:34:51.982,0, 14.9,    0.1,    0.4,    0.8,    1.1,    1.4,    1.8,    2.1,    2.5,    2.8,    3.1,    3.5,    3.8,    4.1,    4.5,    4.8,    5.1,    5.5,    5.0,    6.4,    7.1,    7.8,    8.5,    9.2,    9.9,   10.6,   11.3,   12.0,   13.4,   14.1,   15.5,   17.0,   18.4,   19.8,   21.2,   22.6,   24.7,   26.8,   29.0,   31.1,   33.9,   36.7,   39.5,   43.1,   46.6,   50.1,   54.4,   58.6,   63.5,   69.2,   74.8,   80.5,   87.5,   94.6,  102.4,  110.8,  120.0,  129.2,  140.5,  151.8,  163.8,  177.2,  192.0,  207.5,  225.2,  243.5,  263.3,  284.5,  308.5,  333.2,  360.7,  390.4,  422.1,  456.7,  494.1,  535.1,  578.8,  626.1,  677.7,  733.4,  793.4,  858.4,  929.0, 1005.2, 1087.8, 1176.7, 1273.5, 1377.2, 1490.2, 1613.0, 1745.0, 1888.3, 2042.9, 2210.2, 2391.6, 2587.8, 2799.6
2016-09-03T00:35:03.982,0, 14.9,    0.1,    0.4,    0.8,    1.1,    1.4,    1.8,    2.1,    2.5,    2.8,    3.1,    3.5,    3.8,    4.1,    4.5,    4.8,    5.1,    5.5,    5.0,    6.4,    7.1,    7.8,    8.5,    9.2,    9.9,   10.6,   11.3,   12.0,   13.4,   14.1,   15.5,   17.0,   18.4,   19.8,   21.2,   22.6,   24.7,   26.8,   29.0,   31.1,   33.9,   36.7,   39.5,   43.1,   46.6,   50.1,   54.4,   58.6,   63.5,   69.2,   74.8,   80.5,   87.5,   94.6,  102.4,  110.8,  120.0,  129.2,  140.5,  151.8,  163.8,  177.2,  192.0,  207.5,  225.2,  243.5,  263.3,  284.5,  308.5,  333.2,  360.7,  390.4,  422.1,  456.7,  494.1,  535.1,  578.8,  626.1,  677.7,  733.4,  793.4,  858.4,  929.0, 1005.2, 1087.8, 1176.7, 1273.5, 1377.2, 1490.2, 1613.0, 1745.0, 1888.3, 2042.9, 2210.2, 2391.6, 2587.8, 2799.6
2016-09-03T00:35:15.982,0, 14.9,    0.1,    0.4,    0.8,    1.1,    1.4,    1.8,    2.1,    2.5,    2.8,    3.1,    3.5,    3.8,    4.1,    4.5,    4.8,    5.1,    5.5,    5.0,    6.4,    7.1,    7.8,    8.5,    9.2,    9.9,   10.6,   11.3,   12.0,   13.4,   14.1,   15.5,   17.0,   18.4,   19.8,   21.2,   22.6,   24.7,   26.8,   29.0,   31.1,   33.9,   36.7,   39.5,   43.1,   46.6,   50.1,   54.4,   58.6,   63.5,   69.2,   74.8,   80.5,   87.5,   94.6,  102.4,  110.8,  120.0,  129.2,  140.5,  151.8,  163.8,  177.2,  192.0,  207.5,  225.2,  243.5,  263.3,  284.5,  308.5,  333.2,  360.7,  390.4,  422.1,  456.7,  494.1,  535.1,  578.8,  626.1,  677.7,  733.4,  793.4,  858.4,  929.0, 1005.2, 1087.8, 1176.7, 1273.5, 1377.2, 1490.2, 1613.0, 1745.0, 1888.3, 2042.9, 2210.2, 2391.6, 2587.8, 2799.6
2016-09-03T00:35:27.982,0, 14.9,    0.1,    0.4,    0.8,    1.1,    1.4,    1.8,    2.1,    2.5,    2.8,    3.1,    3.5,    3.8,    4.1,    4.5,    4.8,    5.1,    5.5,    5.0,    6.4,    7.1,    7.8,    8.5,    9.2,    9.9,   10.6,   11.3,   12.0,   13.4,   14.1,   15.5,   17.0,   18.4,   19.8,   21.2,   22.6,   24.7,   26.8,   29.0,   31.1,   33.9,   36.7,   39.5,   43.1,   46.6,   50.1,   54.4,   58.6,   63.5,   69.2,   74.8,   80.5,   87.5,   94.6,  102.4,  110.8,  120.0,  129.2,  140.5,  151.8,  163.8,  177.2,  192.0,  207.5,  225.2,  243.5,  263.3,  284.5,  308.5,  333.2,  360.7,  390.4,  422.1,  456.7,  494.1,  535.1,  578.8,  626.1,  677.7,  733.4,  793.4,  858.4,  929.0, 1005.2, 1087.8, 1176.7, 1273.5, 1377.2, 1490.2, 1613.0, 1745.0, 1888.3, 2042.9, 2210.2, 2391.6, 2587.8, 2799.6
2016-09-03T00:35:39.982,0, 14.9,    0.1,    0.4,    0.8,    1.1,    1.4,    1.8,    2.1,    2.5,    2.8,    3.1,    3.5,    3.8,    4.1,    4.5,    4.8,    5.1,    5.5,    5.0,    6.4,    7.1,    7.8,    8.5,    9.2,    9.9,   10.6,   11.3,   12.0,   13.4,   14.1,   15.5,   17.0,   18.4,   19.8,   21.2,   22.6,   24.7,   26.8,   29.0,   31.1,   33.9,   36.7,   39.5,   43.1,   46.6,   50.1,   54.4,   58.6,   63.5,   69.2,   74.8,   80.5,   87.5,   94.6,  102.4,  110.8,  120.0,  129.2,  140.5,  151.8,  163.8,  177.2,  192.0,  207.5,  225.2,  243.5,  263.3,  284.5,  308.5,  333.2,  360.7,  390.4,  422.1,  456.7,  494.1,  535.1,  578.8,  626.1,  677.7,  733.4,  793.4,  858.4,  929.0, 1005.2, 1087.8, 1176.7, 1273.5, 1377.2, 1490.2, 1613.0, 1745.0, 1888.3, 2042.9, 2210.2, 2391.6, 2587.8, 2799.6
2016-09-03T00:35:51.982,0, 14.9,    0.1,    0.4,    0.8,    1.1,    1.4,    1.8,    2.1,    2.5,    2.8,    3.1,    3.5,    3.8,    4.1,    4.5,    4.8,    5.1,    5.5,    5.0,    6.4,    7.1,    7.8,    8.5,    9.2,    9.9,   10.6,   11.3,   12.0,   13.4,   14.1,   15.5,   17.0,   18.4,   19.8,   21.2,   22.6,   24.7,   26.8,   29.0,   31.1,   33.9,   36.7,   39.5,   43.1,   46.6,   50.1,   54.4,   58.6,   63.5,   69.2,   74.8,   80.5,   87.5,   94.6,  102.4,  110.8,  120.0,  129.2,  140.5,  151.8,  163.8,  177.2,  192.0,  207.5,  225.2,  243.5,  263.3,  284.5,  308.5,  333.2,  360.7,  390.4,  422.1,  456.7,  494.1,  535.1,  578.8,  626.1,  677.7,  733.4,  793.4,  858.4,  929.0, 1005.2, 1087.8, 1176.7, 1273.5, 1377.2, 1490.2, 1613.0, 1745.0, 1888.3, 2042.9, 2210.2, 2391.6, 2587.8, 2799.6
2016-09-03T00:36:03.982,0, 14.9,    0.1,    0.4,    0.8,    1.1,    1.4,    1.8,    2.1,    2.5,    2.8,    3.1,    3.5,    3.8,    4.1,    4.5,    4.8,    5.1,    5.5,    5.0,    6.4,    7.1,    7.8,    8.5,    9.2,    9.9,   10.6,   11.3,   12.0,   13.4,   14.1,   15.5,   17.0,   18.4,   19.8,   21.2,   22.6,   24.7,   26.8,   29.0,   31.1,   33.9,   36.7,   39.5,   43.1,   46.6,   50.1,   54.4,   58.6,   63.5,   69.2,   74.8,   80.5,   87.5,   94.6,  102.4,  110.8,  120.0,  129.2,  140.5,  151.8,  163.8,  177.2,  192.0,  207.5,  225.2,  243.5,  263.3,  284.5,  308.5,  333.2,  360.7,  390.4,  422.1,  456.7,  494.1,  535.1,  578.8,  626.1,  677.7,  733.4,  793.4,  858.4,  929.0, 1005.2, 1087.8, 1176.7, 1273.5, 1377.2, 1490.2, 1613.0, 1745.0, 1888.3, 2042.9, 2210.2, 2391.6, 2587.8, 2799.6
2016-09-03T00:36:15.982,0, 14.9,    0.1,    0.4,    0.8,    1.1,    1.4,    1.8,    2.1,    2.5,    2.8,    3.1,    3.5,    3.8,    4.1,    4.5,    4.8,    5.1,    5.5,    5.0,    6.4,    7.1,    7.8,    8.5,    9.2,    9.9,   10.6,   11.3,   12.0,   13.4,   14.1,   15.5,   17.0,   18.4,   19.8,   21.2,   22.6,   24.7,   26.8,   29.0,   31.1,   33.9,   36.7,   39.5,   43.1,   46.6,   50.1,   54.4,   58.6,   63.5,   69.2,   74.8,   80.5,   87.5,   94.6,  102.4,  110.8,  120.0,  129.2,  140.5,  151.8,  163.8,  177.2,  192.0,  207.5,  225.2,  243.5,  263.3,  284.5,  308.5,  333.2,  360.7,  390.4,  422.1,  456.7,  494.1,  535.1,  578.8,  626.1,  677.7,  733.4,  793.4,  858.4,  929.0, 1005.2, 1087.8, 1176.7, 1273.5, 1377.2, 1490.2, 1613.0, 1745.0, 1888.3, 2042.9, 2210.2, 2391.6, 2587.8, 2799.6
2016-09-03T00:36:27.982,0, 14.9,    0.1,    0.4,    0.8,    1.1,    1.4,    1.8,    2.1,    2.5,    2.8,    3.1,    3.5,    3.8,    4.1,    4.5,    4.8,    5.1,    5.5,    5.0,    6.4,    7.1,    7.8,    8.5,    9.2,    9.9,   10.6,   11.3,   12.0,   13.4,   14.1,   15.5,   17.0,   18.4,   19.8,   21.2,   22.6,   24.7,   26.8,   29.0,   31.1,   33.9,   36.7,   39.5,   43.1,   46.6,   50.1,   54.4,   58.6,   63.5,   69.2,   74.8,   80.5,   87.5,   94.6,  102.4,  110.8,  120.0,  129.2,  140.5,  151.8,  163.8,  177.2,  192.0,  207.5,  225.2,  243.5,  263.3,  284.5,  308.5,  333.2,  360.7,  390.4,  422.1,  456.7,  494.1,  535.1,  578.8,  626.1,  677.7,  733.4,  793.4,  858.4,  929.0, 1005.2, 1087.8, 1176.7, 1273.5, 1377.2, 1490.2, 1613.0, 1745.0, 1888.3, 2042.9, 2210.2, 2391.6, 2587.8, 2799.6
2016-09-03T00:36:39.982,0, 14.9,    0.1,    0.4,    0.8,    1.1,    1.4,    1.8,    2.1,    2.5,    2.8,    3.1,    3.5,    3.8,    4.1,    4.5,    4.8,    5.1,    5.5,    5.0,    6.4,    7.1,    7.8,    8.5,    9.2,    9.9,   10.6,   11.3,   12.0,   13.4,   14.1,   15.5,   17.0,   18.4,   19.8,   21.2,   22.6,   24.7,   26.8,   29.0,   31.1,   33.9,   36.7,   39.5,   43.1,   46.6,   50.1,   54.4,   58.6,   63.5,   69.2,   74.8,   80.5,   87.5,   94.6,  102.4,  110.8,  120.0,  129.2,  140.5,  151.8,  163.8,  177.2,  192.0,  207.5,  225.2,  243.5,  263.3,  284.5,  308.5,  333.2,  360.7,  390.4,  422.1,  456.7,  494.1,  535.1,  578.8,  626.1,  677.7,  733.4,  793.4,  858.4,  929.0, 1005.2, 1087.8, 1176.7, 1273.5, 1377.2, 1490.2, 1613.0, 1745.0, 1888.3, 2042.9, 2210.2, 2391.6, 2587.8, 2799.6
2016-09-03T00:36:51.982,0, 14.9,    0.1,    0.4,    0.8,    1.1,    1.4,    1.8,    2.1,    2.5,    2.8,    3.1,    3.5,    3.8,    4.1,    4.5,    4.8,    5.1,    5.5,    5.0,    6.4,    7.1,    7.8,    8.5,    9.2,    9.9,   10.6,   11.3,   12.0,   13.4,   14.1,   15.5,   17.0,   18.4,   19.8,   21.2,   22.6,   24.7,   26.8,   29.0,   31.1,   33.9,   36.7,   39.5,   43.1,   46.6,   50.1,   54.4,   58.6,   63.5,   69.2,   74.8,   80.5,   87.5,   94.6,  102.4,  110.8,  120.0,  129.2,  140.5,  151.8,  163.8,  177.2,  192.0,  207.5,  225.2,  243.5,  263.3,  284.5,  308.5,  333.2,  360.7,  390.4,  422.1,  456.7,  494.1,  535.1,  578.8,  626.1,  677.7,  733.4,  793.4,  858.4,  929.0, 1005.2, 1087.8, 1176.7, 1273.5, 1377.2, 1490.2, 1613.0, 1745.0, 1888.3, 2042.9, 2210.2, 2391.6, 2587.8, 2799.6
2016-09-03T00:37:03.982,0, 14.9,    0.1,    0.4,    0.8,    1.1,    1.4,    1.8,    2.1,    2.5,    2.8,    3.1,    3.5,    3.8,    4.1,    4.5,    4.8,    5.1,    5.5,    5.0,    6.4,    7.1,    7.8,    8.5,    9.2,    9.9,   10.6,   11.3,   12.0,   13.4,   14.1,   15.5,   17.0,   18.4,   19.8,   21.2,   22.6,   24.7,   26.8,   29.0,   31.1,   33.9,   36.7,   39.5,   43.1,   46.6,   50.1,   54.4,   58.6,   63.5,   69.2,   74.8,   80.5,   87.5,   94.6,  102.4,  110.8,  120.0,  129.2,  140.5,  151.8,  163.8,  177.2,  192.0,  207.5,  225.2,  243.5,  263.3,  284.5,  308.5,  333.2,  360.7,  390.4,  422.1,  456.7,  494.1,  535.1,  578.8,  626.1,  677.7,  733.4,  793.4,  858.4,  929.0, 1005.2, 1087.8, 1176.7, 1273.5, 1377.2, 1490.2, 1613.0, 1745.0, 1888.3, 2042.9, 2210.2, 2391.6, 2587.8, 2799.6
2016-09-03T00:37:15.982,0, 14.9,    0.1,    0.4,    0.8,    1.1,    1.4,    1.8,    2.1,    2.5,    2.8,    3.1,    3.5,    3.8,    4.1,    4.5,    4.8,    5.1,    5.5,    5.0,    6.4,    7.1,    7.8,    8.5,    9.2,    9.9,   10.6,   11.3,   12.0,   13.4,   14.1,   15.5,   17.0,   18.4,   19.8,   21.2,   22.6,   24.7,   26.8,   29.0,   31.1,   33.9,   36.7,   39.5,   43.1,   46.6,   50.1,   54.4,   58.6,   63.5,   69.2,   74.8,   80.5,   87.5,   94.6,  102.4,  110.8,  120.0,  129.2,  140.5,  151.8,  163.8,  177.2,  192.0,  207.5,  225.2,  243.5,  263.3,  284.5,  308.5,  333.2,  360.7,  390.4,  422.1,  456.7,  494.1,  535.1,  578.8,  626.1,  677.7,  733.4,  793.4,  858.4,  929.0, 1005.2, 1087.8, 1176.7, 1273.5, 1377.2, 1490.2, 1613.0, 1745.0, 1888.3, 2042.9, 2210.2, 2391.6, 2587.8, 2799.6
2016-09-03T00:37:27.982,0, 14.9,    0.1,    0.4,    0.8,    1.1,    1.4,    1.8,    2.1,    2.5,    2.8,    3.1,    3.5,    3.8,    4.1,    4.5,    4.8,    5.1,    5.5,    5.0,    6.4,    7.1,    7.8,    8.5,    9.2,    9.9,   10.6,   11.3,   12.0,   13.4,   14.1,   15.5,   17.0,   18.4,   19.8,   21.2,   22.6,   24.7,   26.8,   29.0,   31.1,   33.9,   36.7,   39.5,   43.1,   46.6,   50.1,   54.4,   58.6,   63.5,   69.2,   74.8,   80.5,   87.5,   94.6,  102.4,  110.8,  120.0,  129.2,  140.5,  151.8,  163.8,  177.2,  192.0,  207.5,  225.2,  243.5,  263.3,  284.5,  308.5,  333.2,  360.7,  390.4,  422.1,  456.7,  494.1,  535.1,  578.8,  626.1,  677.7,  733.4,  793.4,  858.4,  929.0, 1005.2, 1087.8, 1176.7, 1273.5, 1377.2, 1490.2, 1613.0, 1745.0, 1888.3, 2042.9, 2210.2, 2391.6, 2587.8, 2799.6
2016-09-03T00:37:40.075,0, 14.9,    0.1,    0.4,    0.8,    1.1,    1.4,    1.8,    2.1,    2.5,    2.8,    3.1,    3.5,    3.8,    4.1,    4.5,    4.8,    5.1,    5.5,    5.0,    6.4,    7.1,    7.8,    8.5,    9.2,    9.9,   10.6,   11.3,   12.0,   13.4,   14.1,   15.5,   17.0,   18.4,   19.8,   21.2,   22.6,   24.7,   26.8,   29.0,   31.1,   33.9,   36.7,   39.5,   43.1,   46.6,   50.1,   54.4,   58.6,   63.5,   69.2,   74.8,   80.5,   87.5,   94.6,  102.4,  110.8,  120.0,  129.2,  140.5,  151.8,  163.8,  177.2,  192.0,  207.5,  225.2,  243.5,  263.3,  284.5,  308.5,  333.2,  360.7,  390.4,  422.1,  456.7,  494.1,  535.1,  578.8,  626.1,  677.7,  733.4,  793.4,  858.4,  929.0, 1005.2, 1087.8, 1176.7, 1273.5, 1377.2, 1490.2, 1613.0, 1745.0, 1888.3, 2042.9, 2210.2, 2391.6, 2587.8, 2799.6
2016-09-03T00:37:52.075,0, 14.9,    0.1,    0.4,    0.8,    1.1,    1.4,    1.8,    2.1,    2.5,    2.8,    3.1,    3.5,    3.8,    4.1,    4.5,    4.8,    5.1,    5.5,    5.0,    6.4,    7.1,    7.8,    8.5,    9.2,    9.9,   10.6,   11.3,   12.0,   13.4,   14.1,   15.5,   17.0,   18.4,   19.8,   21.2,   22.6,   24.7,   26.8,   29.0,   31.1,   33.9,   36.7,   39.5,   43.1,   46.6,   50.1,   54.4,   58.6,   63.5,   69.2,   74.8,   80.5,   87.5,   94.6,  102.4,  110.8,  120.0,  129.2,  140.5,  151.8,  163.8,  177.2,  192.0,  207.5,  225.2,  243.5,  263.3,  284.5,  308.5,  333.2,  360.7,  390.4,  422.1,  456.7,  494.1,  535.1,  578.8,  626.1,  677.7,  733.4,  793.4,  858.4,  929.0, 1005.2, 1087.8, 1176.7, 1273.5, 1377.2, 1490.2, 1613.0, 1745.0, 1888.3, 2042.9, 2210.2, 2391.6, 2587.8, 2799.6
2016-09-03T00:38:04.075,0, 14.9,    0.1,    0.4,    0.8,    1.1,    1.4,    1.8,    2.1,    2.5,    2.8,    3.1,    3.5,    3.8,    4.1,    4.5,    4.8,    5.1,    5.5,    5.0,    6.4,    7.1,    7.8,    8.5,    9.2,    9.9,   10.6,   11.3,   12.0,   13.4,   14.1,   15.5,   17.0,   18.4,   19.8,   21.2,   22.6,   24.7,   26.8,   29.0,   31.1,   33.9,   36.7,   39.5,   43.1,   46.6,   50.1,   54.4,   58.6,   63.5,   69.2,   74.8,   80.5,   87.5,   94.6,  102.4,  110.8,  120.0,  129.2,  140.5,  151.8,  163.8,  177.2,  192.0,  207.5,  225.2,  243.5,  263.3,  284.5,  308.5,  333.2,  360.7,  390.4,  422.1,  456.7,  494.1,  535.1,  578.8,  626.1,  677.7,  733.4,  793.4,  858.4,  929.0, 1005.2, 1087.8, 1176.7, 1273.5, 1377.2, 1490.2, 1613.0, 1745.0, 1888.3, 2042.9, 2210.2, 2391.6, 2587.8, 2799.6
2016-09-03T00:38:16.075,0, 14.9,    0.1,    0.4,    0.8,    1.1,    1.4,    1.8,    2.1,    2.5,    2.8,    3.1,    3.5,    3.8,    4.1,    4.5,    4.8,    5.1,    5.5,    5.0,    6.4,    7.1,    7.8,    8.5,    9.2,    9.9,   10.6,   11.3,   12.0,   13.4,   14.1,   15.5,   17.0,   18.4,   19.8,   21.2,   22.6,   24.7,   26.8,   29.0,   31.1,   33.9,   36.7,   39.5,   43.1,   46.6,   50.1,   54.4,   58.6,   63.5,   69.2,   74.8,   80.5,   87.5,   94.6,  102.4,  110.8,  120.0,  129.2,  140.5,  151.8,  163.8,  177.2,  192.0,  207.5,  225.2,  243.5,  263.3,  284.5,  308.5,  333.2,  360.7,  390.4,  422.1,  456.7,  494.1,  535.1,  578.8,  626.1,  677.7,  733.4,  793.4,  858.4,  929.0, 1005.2, 1087.8, 1176.7, 1273.5, 1377.2, 1490.2, 1613.0, 1745.0, 1888.3, 2042.9, 2210.2, 2391.6, 2587.8, 2799.6
2016-09-03T00:38:28.075,0, 14.9,    0.1,    0.4,    0.8,    1.1,    1.4,    1.8,    2.1,    2.5,    2.8,    3.1,    3.5,    3.8,    4.1,    4.5,    4.8,    5.1,    5.5,    5.0,    6.4,    7.1,    7.8,    8.5,    9.2,    9.9,   10.6,   11.3,   12.0,   13.4,   14.1,   15.5,   17.0,   18.4,   19.8,   21.2,   22.6,   24.7,   26.8,   29.0,   31.1,   33.9,   36.7,   39.5,   43.1,   46.6,   50.1,   54.4,   58.6,   63.5,   69.2,   74.8,   80.5,   87.5,   94.6,  102.4,  110.8,  120.0,  129.2,  140.5,  151.8,  163.8,  177.2,  192.0,  207.5,  225.2,  243.5,  263.3,  284.5,  308.5,  333.2,  360.7,  390.4,  422.1,  456.7,  494.1,  535.1,  578.8,  626.1,  677.7,  733.4,  793.4,  858.4,  929.0, 1005.2, 1087.8, 1176.7, 1273.5, 1377.2, 1490.2, 1613.0, 1745.0, 1888.3, 2042.9, 2210.2, 2391.6, 2587.8, 2799.6
2016-09-03T00:38:40.075,0, 14.9,    0.1,    0.4,    0.8,    1.1,    1.4,    1.8,    2.1,    2.5,    2.8,    3.1,    3.5,    3.8,    4.1,    4.5,    4.8,    5.1,    5.5,    5.0,    6.4,    7.1,    7.8,    8.5,    9.2,    9.9,   10.6,   11.3,   12.0,   13.4,   14.1,   15.5,   17.0,   18.4,   19.8,   21.2,   22.6,   24.7,   26.8,   29.0,   31.1,   33.9,   36.7,   39.5,   43.1,   46.6,   50.1,   54.4,   58.6,   63.5,   69.2,   74.8,   80.5,   87.5,   94.6,  102.4,  110.8,  120.0,  129.2,  140.5,  151.8,  163.8,  177.2,  192.0,  207.5,  225.2,  243.5,  263.3,  284.5,  308.5,  333.2,  360.7,  390.4,  422.1,  456.7,  494.1,  535.1,  578.8,  626.1,  677.7,  733.4,  793.4,  858.4,  929.0, 1005.2, 1087.8, 1176.7, 1273.5, 1377.2, 1490.2, 1613.0, 1745.0, 1888.3, 2042.9, 2210.2, 2391.6, 2587.8, 2799.6
2016-09-03T00:38:52.075,0, 14.9,    0.1,    0.4,    0.8,    1.1,    1.4,    1.8,    2.1,    2.5,    2.8,    3.1,    3.5,    3.8,    4.1,    4.5,    4.8,    5.1,    5.5,    5.0,    6.4,    7.1,    7.8,    8.5,    9.2,    9.9,   10.6,   11.3,   12.0,   13.4,   14.1,   15.5,   17.0,   18.4,   19.8,   21.2,   22.6,   24.7,   26.8,   29.0,   31.1,   33.9,   36.7,   39.5,   43.1,   46.6,   50.1,   54.4,   58.6,   63.5,   69.2,   74.8,   80.5,   87.5,   94.6,  102.4,  110.8,  120.0,  129.2,  140.5,  151.8,  163.8,  177.2,  192.0,  207.5,  225.2,  243.5,  263.3,  284.5,  308.5,  333.2,  360.7,  390.4,  422.1,  456.7,  494.1,  535.1,  578.8,  626.1,  677.7,  733.4,  793.4,  858.4,  929.0, 1005.2, 1087.8, 1176.7, 1273.5, 1377.2, 1490.2, 1613.0, 1745.0, 1888.3, 2042.9, 2210.2, 2391.6, 2587.8, 2799.6
2016-09-03T00:39:04.075,0, 14.9,    0.1,    0.4,    0.8,    1.1,    1.4,    1.8,    2.1,    2.5,    2.8,    3.1,    3.5,    3.8,    4.1,    4.5,    4.8,    5.1,    5.5,    5.0,    6.4,    7.1,    7.8,    8.5,    9.2,    9.9,   10.6,   11.3,   12.0,   13.4,   14.1,   15.5,   17.0,   18.4,   19.8,   21.2,   22.6,   24.7,   26.8,   29.0,   31.1,   33.9,   36.7,   39.5,   43.1,   46.6,   50.1,   54.4,   58.6,   63.5,   69.2,   74.8,   80.5,   87.5,   94.6,  102.4,  110.8,  120.0,  129.2,  140.5,  151.8,  163.8,  177.2,  192.0,  207.5,  225.2,  243.5,  263.3,  284.5,  308.5,  333.2,  360.7,  390.4,  422.1,  456.7,  494.1,  535.1,  578.8,  626.1,  677.7,  733.4,  793.4,  858.4,  929.0, 1005.2, 1087.8, 1176.7, 1273.5, 1377.2, 1490.2, 1613.0, 1745.0, 1888.3, 2042.9, 2210.2, 2391.6, 2587.8, 2799.6
2016-09-03T00:39:16.075,0, 14.9,    0.1,    0.4,    0.8,    1.1,    1.4,    1.8,    2.1,    2.5,    2.8,    3.1,    3.5,    3.8,    4.1,    4.5,    4.8,    5.1,    5.5,    5.0,    6.4,    7.1,    7.8,    8.5,    9.2,    9.9,   10.6,   11.3,   12.0,   13.4,   14.1,   15.5,   17.0,   18.4,   19.8,   21.2,   22.6,   24.7,   26.8,   29.0,   31.1,   33.9,   36.7,   39.5,   43.1,   46.6,   50.1,   54.4,   58.6,   63.5,   69.2,   74.8,   80.5,   87.5,   94.6,  102.4,  110.8,  120.0,  129.2,  140.5,  151.8,  163.8,  177.2,  192.0,  207.5,  225.2,  243.5,  263.3,  284.5,  308.5,  333.2,  360.7,  390.4,  422.1,  456.7,  494.1,  535.1,  578.8,  626.1,  677.7,  733.4,  793.4,  858.4,  929.0, 1005.2, 1087.8, 1176.7, 1273.5, 1377.2, 1490.2, 1613.0, 1745.0, 1888.3, 2042.9, 2210.2, 2391.6, 2587.8, 2799.6
2016-09-03T00:39:28.075,0, 14.9,    0.1,    0.4,    0.8,    1.1,    1.4,    1.8,    2.1,    2.5,    2.8,    3.1,    3.5,    3.8,    4.1,    4.5,    4.8,    5.1,    5.5,    5.0,    6.4,    7.1,    7.8,    8.5,    9.2,    9.9,   10.6,   11.3,   12.0,   13.4,   14.1,   15.5,   17.0,   18.4,   19.8,   21.2,   22.6,   24.7,   26.8,   29.0,   31.1,   33.9,   36.7,   39.5,   43.1,   46.6,   50.1,   54.4,   58.6,   63.5,   69.2,   74.8,   80.5,   87.5,   94.6,  102.4,  110.8,  120.0,  129.2,  140.5,  151.8,  163.8,  177.2,  192.0,  207.5,  225.2,  243.5,  263.3,  284.5,  308.5,  333.2,  360.7,  390.4,  422.1,  456.7,  494.1,  535.1,  578.8,  626.1,  677.7,  733.4,  793.4,  858.4,  929.0, 1005.2, 1087.8, 1176.7, 1273.5, 1377.2, 1490.2, 1613.0, 1745.0, 1888.3, 2042.9, 2210.2, 2391.6, 2587.8, 2799.6
2016-09-03T00:39:40.075,0, 14.9,    0.1,    0.4,    0.8,    1.1,    1.4,    1.8,    2.1,    2.5,    2.8,    3.1,    3.5,    3.8,    4.1,    4.5,    4.8,    5.1,    5.5,    5.0,    6.4,    7.1,    7.8,    8.5,    9.2,    9.9,   10.6,   11.3,   12.0,   13.4,   14.1,   15.5,   17.0,   18.4,   19.8,   21.2,   22.6,   24.7,   26.8,   29.0,   31.1,   33.9,   36.7,   39.5,   43.1,   46.6,   50.1,   54.4,   58.6,   63.5,   69.2,   74.8,   80.5,   87.5,   94.6,  102.4,  110.8,  120.0,  129.2,  140.5,  151.8,  163.8,  177.2,  192.0,  207.5,  225.2,  243.5,  263.3,  284.5,  308.5,  333.2,  360.7,  390.4,  422.1,  456.7,  494.1,  535.1,  578.8,  626.1,  677.7,  733.4,  793.4,  858.4,  929.0, 1005.2, 1087.8, 1176.7, 1273.5, 1377.2, 1490.2, 1613.0, 1745.0, 1888.3, 2042.9, 2210.2, 2391.6, 2587.8, 2799.6
2016-09-03T00:39:52.075,0, 14.9,    0.1,    0.4,    0.8,    1.1,    1.4,    1.8,    2.1,    2.5,    2.8,    3.1,    3.5,    3.8,    4.1,    4.5,    4.8,    5.1,    5.5,    5.0,    6.4,    7.1,    7.8,    8.5,    9.2,    9.9,   10.6,   11.3,   12.0,   13.4,   14.1,   15.5,   17.0,   18.4,   19.8,   21.2,   22.6,   24.7,   26.8,   29.0,   31.1,   33.9,   36.7,   39.5,   43.1,   46.6,   50.1,   54.4,   58.6,   63.5,   69.2,   74.8,   80.5,   87.5,   94.6,  102.4,  110.8,  120.0,  129.2,  140.5,  151.8,  163.8,  177.2,  192.0,  207.5,  225.2,  243.5,  263.3,  284.5,  308.5,  333.2,  360.7,  390.4,  422.1,  456.7,  494.1,  535.1,  578.8,  626.1,  677.7,  733.4,  793.4,  858.4,  929.0, 1005.2, 1087.8, 1176.7, 1273.5, 1377.2, 1490.2, 1613.0, 1745.0, 1888.3, 2042.9, 2210.2, 2391.6, 2587.8, 2799.6
2016-09-03T00:40:04.075,0, 14.9,    0.1,    0.4,    0.8,    1.1,    1.4,    1.8,    2.1,    2.5,    2.8,    3.1,    3.5,    3.8,    4.1,    4.5,    4.8,    5.1,    5.5,    5.0,    6.4,    7.1,    7.8,    8.5,    9.2,    9.9,   10.6,   11.3,   12.0,   13.4,   14.1,   15.5,   17.0,   18.4,   19.8,   21.2,   22.6,   24.7,   26.8,   29.0,   31.1,   33.9,   36.7,   39.5,   43.1,   46.6,   50.1,   54.4,   58.6,   63.5,   69.2,   74.8,   80.5,   87.5,   94.6,  102.4,  110.8,  120.0,  129.2,  140.5,  151.8,  163.8,  177.2,  192.0,  207.5,  225.2,  243.5,  263.3,  284.5,  308.5,  333.2,  360.7,  390.4,  422.1,  456.7,  494.1,  535.1,  578.8,  626.1,  677.7,  733.4,  793.4,  858.4,  929.0, 1005.2, 1087.8, 1176.7, 1273.5, 1377.2, 1490.2, 1613.0, 1745.0, 1888.3, 2042.9, 2210.2, 2391.6, 2587.8, 2799.6
2016-09-03T00:40:16.075,0, 14.9,    0.1,    0.4,    0.8,    1.1,    1.4,    1.8,    2.1,    2.5,    2.8,    3.1,    3.5,    3.8,    4.1,    4.5,    4.8,    5.1,    5.5,    5.0,    6.4,    7.1,    7.8,    8.5,    9.2,    9.9,   10.6,   11.3,   12.0,   13.4,   14.1,   15.5,   17.0,   18.4,   19.8,   21.2,   22.6,   24.7,   26.8,   29.0,   31.1,   33.9,   36.7,   39.5,   43.1,   46.6,   50.1,   54.4,   58.6,   63.5,   69.2,   74.8,   80.5,   87.5,   94.6,  102.4,  110.8,  120.0,  129.2,  140.5,  151.8,  163.8,  177.2,  192.0,  207.5,  225.2,  243.5,  263.3,  284.5,  308.5,  333.2,  360.7,  390.4,  422.1,  456.7,  494.1,  535.1,  578.8,  626.1,  677.7,  733.4,  793.4,  858.4,  929.0, 1005.2, 1087.8, 1176.7, 1273.5, 1377.2, 1490.2, 1613.0, 1745.0, 1888.3, 2042.9, 2210.2, 2391.6, 2587.8, 2799.6
2016-09-03T00:40:28.075,0, 14.9,    0.1,    0.4,    0.8,    1.1,    1.4,    1.8,    2.1,    2.5,    2.8,    3.1,    3.5,    3.8,    4.1,    4.5,    4.8,    5.1,    5.5,    5.0,    6.4,    7.1,    7.8,    8.5,    9.2,    9.9,   10.6,   11.3,   12.0,   13.4,   14.1,   15.5,   17.0,   18.4,   19.8,   21.2,   22.6,   24.7,   26.8,   29.0,   31.1,   33.9,   36.7,   39.5,   43.1,   46.6,   50.1,   54.4,   58.6,   63.5,   69.2,   74.8,   80.5,   87.5,   94.6,  102.4,  110.8,  120.0,  129.2,  140.5,  151.8,  163.8,  177.2,  192.0,  207.5,  225.2,  243.5,  263.3,  284.5,  308.5,  333.2,  360.7,  390.4,  422.1,  456.7,  494.1,  535.1,  578.8,  626.1,  677.7,  733.4,  793.4,  858.4,  929.0, 1005.2, 1087.8, 1176.7, 1273.5, 1377.2, 1490.2, 1613.0, 1745.0, 1888.3, 2042.9, 2210.2, 2391.6, 2587.8, 2799.6
2016-09-03T00:40:40.075,0, 14.9,    0.1,    0.4,    0.8,    1.1,    1.4,    1.8,    2.1,    2.5,    2.8,    3.1,    3.5,    3.8,    4.1,    4.5,    4.8,    5.1,    5.5,    5.0,    6.4,    7.1,    7.8,    8.5,    9.2,    9.9,   10.6,   11.3,   12.0,   13.4,   14.1,   15.5,   17.0,   18.4,   19.8,   21.2,   22.6,   24.7,   26.8,   29.0,   31.1,   33.9,   36.7,   39.5,   43.1,   46.6,   50.1,   54.4,   58.6,   63.5,   69.2,   74.8,   80.5,   87.5,   94.6,  102.4,  110.8,  120.0,  129.2,  140.5,  151.8,  163.8,  177.2,  192.0,  207.5,  225.2,  243.5,  263.3,  284.5,  308.5,  333.2,  360.7,  390.4,  422.1,  456.7,  494.1,  535.1,  578.8,  626.1,  677.7,  733.4,  793.4,  858.4,  929.0, 1005.2, 1087.8, 1176.7, 1273.5, 1377.2, 1490.2, 1613.0, 1745.0, 1888.3, 2042.9, 2210.2, 2391.6, 2587.8, 2799.6
2016-09-03T00:40:52.044,0, 14.9,    0.1,    0.4,    0.8,    1.1,    1.4,    1.8,    2.1,    2.5,    2.8,    3.1,    3.5,    3.8,    4.1,    4.5,    4.8,    5.1,    5.5,    5.0,    6.4,    7.1,    7.8,    8.5,    9.2,    9.9,   10.6,   11.3,   12.0,   13.4,   14.1,   15.5,   17.0,   18.4,   19.8,   21.2,   22.6,   24.7,   26.8,   29.0,   31.1,   33.9,   36.7,   39.5,   43.1,   46.6,   50.1,   54.4,   58.6,   63.5,   69.2,   74.8,   80.5,   87.5,   94.6,  102.4,  110.8,  120.0,  129.2,  140.5,  151.8,  163.8,  177.2,  192.0,  207.5,  225.2,  243.5,  263.3,  284.5,  308.5,  333.2,  360.7,  390.4,  422.1,  456.7,  494.1,  535.1,  578.8,  626.1,  677.7,  733.4,  793.4,  858.4,  929.0, 1005.2, 1087.8, 1176.7, 1273.5, 1377.2, 1490.2, 1613.0, 1745.0, 1888.3, 2042.9, 2210.2, 2391.6, 2587.8, 2799.6
2016-09-03T00:41:04.044,0, 14.9,    0.1,    0.4,    0.8,    1.1,    1.4,    1.8,    2.1,    2.5,    2.8,    3.1,    3.5,    3.8,    4.1,    4.5,    4.8,    5.1,    5.5,    5.0,    6.4,    7.1,    7.8,    8.5,    9.2,    9.9,   10.6,   11.3,   12.0,   13.4,   14.1,   15.5,   17.0,   18.4,   19.8,   21.2,   22.6,   24.7,   26.8,   29.0,   31.1,   33.9,   36.7,   39.5,   43.1,   46.6,   50.1,   54.4,   58.6,   63.5,   69.2,   74.8,   80.5,   87.5,   94.6,  102.4,  110.8,  120.0,  129.2,  140.5,  151.8,  163.8,  177.2,  192.0,  207.5,  225.2,  243.5,  263.3,  284.5,  308.5,  333.2,  360.7,  390.4,  422.1,  456.7,  494.1,  535.1,  578.8,  626.1,  677.7,  733.4,  793.4,  858.4,  929.0, 1005.2, 1087.8, 1176.7, 1273.5, 1377.2, 1490.2, 1613.0, 1745.0, 1888.3, 2042.9, 2210.2, 2391.6, 2587.8, 2799.6
2016-09-03T00:41:16.044,0, 14.9,    0.1,    0.4,    0.8,    1.1,    1.4,    1.8,    2.1,    2.5,    2.8,    3.1,    3.5,    3.8,    4.1,    4.5,    4.8,    5.1,    5.5,    5.0,    6.4,    7.1,    7.8,    8.5,    9.2,    9.9,   10.6,   11.3,   12.0,   13.4,   14.1,   15.5,   17.0,   18.4,   19.8,   21.2,   22.6,   24.7,   26.8,   29.0,   31.1,   33.9,   36.7,   39.5,   43.1,   46.6,   50.1,   54.4,   58.6,   63.5,   69.2,   74.8,   80.5,   87.5,   94.6,  102.4,  110.8,  120.0,  129.2,  140.5,  151.8,  163.8,  177.2,  192.0,  207.5,  225.2,  243.5,  263.3,  284.5,  308.5,  333.2,  360.7,  390.4,  422.1,  456.7,  494.1,  535.1,  578.8,  626.1,  677.7,  733.4,  793.4,  858.4,  929.0, 1005.2, 1087.8, 1176.7, 1273.5, 1377.2, 1490.2, 1613.0, 1745.0, 1888.3, 2042.9, 2210.2, 2391.6, 2587.8, 2799.6
2016-09-03T00:41:28.044,0, 14.9,    0.1,    0.4,    0.8,    1.1,    1.4,    1.8,    2.1,    2.5,    2.8,    3.1,    3.5,    3.8,    4.1,    4.5,    4.8,    5.1,    5.5,    5.0,    6.4,    7.1,    7.8,    8.5,    9.2,    9.9,   10.6,   11.3,   12.0,   13.4,   14.1,   15.5,   17.0,   18.4,   19.8,   21.2,   22.6,   24.7,   26.8,   29.0,   31.1,   33.9,   36.7,   39.5,   43.1,   46.6,   50.1,   54.4,   58.6,   63.5,   69.2,   74.8,   80.5,   87.5,   94.6,  102.4,  110.8,  120.0,  129.2,  140.5,  151.8,  163.8,  177.2,  192.0,  207.5,  225.2,  243.5,  263.3,  284.5,  308.5,  333.2,  360.7,  390.4,  422.1,  456.7,  494.1,  535.1,  578.8,  626.1,  677.7,  733.4,  793.4,  858.4,  929.0, 1005.2, 1087.8, 1176.7, 1273.5, 1377.2, 1490.2, 1613.0, 1745.0, 1888.3, 2042.9, 2210.2, 2391.6, 2587.8, 2799.6
2016-09-03T00:41:40.044,0, 14.9,    0.1,    0.4,    0.8,    1.1,    1.4,    1.8,    2.1,    2.5,    2.8,    3.1,    3.5,    3.8,    4.1,    4.5,    4.8,    5.1,    5.5,    5.0,    6.4,    7.1,    7.8,    8.5,    9.2,    9.9,   10.6,   11.3,   12.0,   13.4,   14.1,   15.5,   17.0,   18.4,   19.8,   21.2,   22.6,   24.7,   26.8,   29.0,   31.1,   33.9,   36.7,   39.5,   43.1,   46.6,   50.1,   54.4,   58.6,   63.5,   69.2,   74.8,   80.5,   87.5,   94.6,  102.4,  110.8,  120.0,  129.2,  140.5,  151.8,  163.8,  177.2,  192.0,  207.5,  225.2,  243.5,  263.3,  284.5,  308.5,  333.2,  360.7,  390.4,  422.1,  456.7,  494.1,  535.1,  578.8,  626.1,  677.7,  733.4,  793.4,  858.4,  929.0, 1005.2, 1087.8, 1176.7, 1273.5, 1377.2, 1490.2, 1613.0, 1745.0, 1888.3, 2042.9, 2210.2, 2391.6, 2587.8, 2799.6
2016-09-03T00:41:52.044,0, 14.9,    0.1,    0.4,    0.8,    1.1,    1.4,    1.8,    2.1,    2.5,    2.8,    3.1,    3.5,    3.8,    4.1,    4.5,    4.8,    5.1,    5.5,    5.0,    6.4,    7.1,    7.8,    8.5,    9.2,    9.9,   10.6,   11.3,   12.0,   13.4,   14.1,   15.5,   17.0,   18.4,   19.8,   21.2,   22.6,   24.7,   26.8,   29.0,   31.1,   33.9,   36.7,   39.5,   43.1,   46.6,   50.1,   54.4,   58.6,   63.5,   69.2,   74.8,   80.5,   87.5,   94.6,  102.4,  110.8,  120.0,  129.2,  140.5,  151.8,  163.8,  177.2,  192.0,  207.5,  225.2,  243.5,  263.3,  284.5,  308.5,  333.2,  360.7,  390.4,  422.1,  456.7,  494.1,  535.1,  578.8,  626.1,  677.7,  733.4,  793.4,  858.4,  929.0, 1005.2, 1087.8, 1176.7, 1273.5, 1377.2, 1490.2, 1613.0, 1745.0, 1888.3, 2042.9, 2210.2, 2391.6, 2587.8, 2799.6
2016-09-03T00:42:04.044,0, 14.9,    0.1,    0.4,    0.8,    1.1,    1.4,    1.8,    2.1,    2.5,    2.8,    3.1,    3.5,    3.8,    4.1,    4.5,    4.8,    5.1,    5.5,    5.0,    6.4,    7.1,    7.8,    8.5,    9.2,    9.9,   10.6,   11.3,   12.0,   13.4,   14.1,   15.5,   17.0,   18.4,   19.8,   21.2,   22.6,   24.7,   26.8,   29.0,   31.1,   33.9,   36.7,   39.5,   43.1,   46.6,   50.1,   54.4,   58.6,   63.5,   69.2,   74.8,   80.5,   87.5,   94.6,  102.4,  110.8,  120.0,  129.2,  140.5,  151.8,  163.8,  177.2,  192.0,  207.5,  225.2,  243.5,  263.3,  284.5,  308.5,  333.2,  360.7,  390.4,  422.1,  456.7,  494.1,  535.1,  578.8,  626.1,  677.7,  733.4,  793.4,  858.4,  929.0, 1005.2, 1087.8, 1176.7, 1273.5, 1377.2, 1490.2, 1613.0, 1745.0, 1888.3, 2042.9, 2210.2, 2391.6, 2587.8, 2799.6
2016-09-03T00:42:16.044,0, 14.9,    0.1,    0.4,    0.8,    1.1,    1.4,    1.8,    2.1,    2.5,    2.8,    3.1,    3.5,    3.8,    4.1,    4.5,    4.8,    5.1,    5.5,    5.0,    6.4,    7.1,    7.8,    8.5,    9.2,    9.9,   10.6,   11.3,   12.0,   13.4,   14.1,   15.5,   17.0,   18.4,   19.8,   21.2,   22.6,   24.7,   26.8,   29.0,   31.1,   33.9,   36.7,   39.5,   43.1,   46.6,   50.1,   54.4,   58.6,   63.5,   69.2,   74.8,   80.5,   87.5,   94.6,  102.4,  110.8,  120.0,  129.2,  140.5,  151.8,  163.8,  177.2,  192.0,  207.5,  225.2,  243.5,  263.3,  284.5,  308.5,  333.2,  360.7,  390.4,  422.1,  456.7,  494.1,  535.1,  578.8,  626.1,  677.7,  733.4,  793.4,  858.4,  929.0, 1005.2, 1087.8, 1176.7, 1273.5, 1377.2, 1490.2, 1613.0, 1745.0, 1888.3, 2042.9, 2210.2, 2391.6, 2587.8, 2799.6
2016-09-03T00:42:28.044,0, 14.9,    0.1,    0.4,    0.8,    1.1,    1.4,    1.8,    2.1,    2.5,    2.8,    3.1,    3.5,    3.8,    4.1,    4.5,    4.8,    5.1,    5.5,    5.0,    6.4,    7.1,    7.8,    8.5,    9.2,    9.9,   10.6,   11.3,   12.0,   13.4,   14.1,   15.5,   17.0,   18.4,   19.8,   21.2,   22.6,   24.7,   26.8,   29.0,   31.1,   33.9,   36.7,   39.5,   43.1,   46.6,   50.1,   54.4,   58.6,   63.5,   69.2,   74.8,   80.5,   87.5,   94.6,  102.4,  110.8,  120.0,  129.2,  140.5,  151.8,  163.8,  177.2,  192.0,  207.5,  225.2,  243.5,  263.3,  284.5,  308.5,  333.2,  360.7,  390.4,  422.1,  456.7,  494.1,  535.1,  578.8,  626.1,  677.7,  733.4,  793.4,  858.4,  929.0, 1005.2, 1087.8, 1176.7, 1273.5, 1377.2, 1490.2, 1613.0, 1745.0, 1888.3, 2042.9, 2210.2, 2391.6, 2587.8, 2799.6
2016-09-03T00:42:40.044,0, 14.9,    0.1,    0.4,    0.8,    1.1,    1.4,    1.8,    2.1,    2.5,    2.8,    3.1,    3.5,    3.8,    4.1,    4.5,    4.8,    5.1,    5.5,    5.0,    6.4,    7.1,    7.8,    8.5,    9.2,    9.9,   10.6,   11.3,   12.0,   13.4,   14.1,   15.5,   17.0,   18.4,   19.8,   21.2,   22.6,   24.7,   26.8,   29.0,   31.1,   33.9,   36.7,   39.5,   43.1,   46.6,   50.1,   54.4,   58.6,   63.5,   69.2,   74.8,   80.5,   87.5,   94.6,  102.4,  110.8,  120.0,  129.2,  140.5,  151.8,  163.8,  177.2,  192.0,  207.5,  225.2,  243.5,  263.3,  284.5,  308.5,  333.2,  360.7,  390.4,  422.1,  456.7,  494.1,  535.1,  578.8,  626.1,  677.7,  733.4,  793.4,  858.4,  929.0, 1005.2, 1087.8, 1176.7, 1273.5, 1377.2, 1490.2, 1613.0, 1745.0, 1888.3, 2042.9, 2210.2, 2391.6, 2587.8, 2799.6
2016-09-03T00:42:52.044,0, 14.9,    0.1,    0.4,    0.8,    1.1,    1.4,    1.8,    2.1,    2.5,    2.8,    3.1,    3.5,    3.8,    4.1,    4.5,    4.8,    5.1,    5.5,    5.0,    6.4,    7.1,    7.8,    8.5,    9.2,    9.9,   10.6,   11.3,   12.0,   13.4,   14.1,   15.5,   17.0,   18.4,   19.8,   21.2,   22.6,   24.7,   26.8,   29.0,   31.1,   33.9,   36.7,   39.5,   43.1,   46.6,   50.1,   54.4,   58.6,   63.5,   69.2,   74.8,   80.5,   87.5,   94.6,  102.4,  110.8,  120.0,  129.2,  140.5,  151.8,  163.8,  177.2,  192.0,  207.5,  225.2,  243.5,  263.3,  284.5,  308.5,  333.2,  360.7,  390.4,  422.1,  456.7,  494.1,  535.1,  578.8,  626.1,  677.7,  733.4,  793.4,  858.4,  929.0, 1005.2, 1087.8, 1176.7, 1273.5, 1377.2, 1490.2, 1613.0, 1745.0, 1888.3, 2042.9, 2210.2, 2391.6, 2587.8, 2799.6
2016-09-03T00:43:04.044,0, 14.9,    0.1,    0.4,    0.8,    1.1,    1.4,    1.8,    2.1,    2.5,    2.8,    3.1,    3.5,    3.8,    4.1,    4.5,    4.8,    5.1,    5.5,    5.0,    6.4,    7.1,    7.8,    8.5,    9.2,    9.9,   10.6,   11.3,   12.0,   13.4,   14.1,   15.5,   17.0,   18.4,   19.8,   21.2,   22.6,   24.7,   26.8,   29.0,   31.1,   33.9,   36.7,   39.5,   43.1,   46.6,   50.1,   54.4,   58.6,   63.5,   69.2,   74.8,   80.5,   87.5,   94.6,  102.4,  110.8,  120.0,  129.2,  140.5,  151.8,  163.8,  177.2,  192.0,  207.5,  225.2,  243.5,  263.3,  284.5,  308.5,  333.2,  360.7,  390.4,  422.1,  456.7,  494.1,  535.1,  578.8,  626.1,  677.7,  733.4,  793.4,  858.4,  929.0, 1005.2, 1087.8, 1176.7, 1273.5, 1377.2, 1490.2, 1613.0, 1745.0, 1888.3, 2042.9, 2210.2, 2391.6, 2587.8, 2799.6
2016-09-03T00:43:16.044,0, 14.9,    0.1,    0.4,    0.8,    1.1,    1.4,    1.8,    2.1,    2.5,    2.8,    3.1,    3.5,    3.8,    4.1,    4.5,    4.8,    5.1,    5.5,    5.0,    6.4,    7.1,    7.8,    8.5,    9.2,    9.9,   10.6,   11.3,   12.0,   13.4,   14.1,   15.5,   17.0,   18.4,   19.8,   21.2,   22.6,   24.7,   26.8,   29.0,   31.1,   33.9,   36.7,   39.5,   43.1,   46.6,   50.1,   54.4,   58.6,   63.5,   69.2,   74.8,   80.5,   87.5,   94.6,  102.4,  110.8,  120.0,  129.2,  140.5,  151.8,  163.8,  177.2,  192.0,  207.5,  225.2,  243.5,  263.3,  284.5,  308.5,  333.2,  360.7,  390.4,  422.1,  456.7,  494.1,  535.1,  578.8,  626.1,  677.7,  733.4,  793.4,  858.4,  929.0, 1005.2, 1087.8, 1176.7, 1273.5, 1377.2, 1490.2, 1613.0, 1745.0, 1888.3, 2042.9, 2210.2, 2391.6, 2587.8, 2799.6
2016-09-03T00:43:28.044,0, 14.9,    0.1,    0.4,    0.8,    1.1,    1.4,    1.8,    2.1,    2.5,    2.8,    3.1,    3.5,    3.8,    4.1,    4.5,    4.8,    5.1,    5.5,    5.0,    6.4,    7.1,    7.8,    8.5,    9.2,    9.9,   10.6,   11.3,   12.0,   13.4,   14.1,   15.5,   17.0,   18.4,   19.8,   21.2,   22.6,   24.7,   26.8,   29.0,   31.1,   33.9,   36.7,   39.5,   43.1,   46.6,   50.1,   54.4,   58.6,   63.5,   69.2,   74.8,   80.5,   87.5,   94.6,  102.4,  110.8,  120.0,  129.2,  140.5,  151.8,  163.8,  177.2,  192.0,  207.5,  225.2,  243.5,  263.3,  284.5,  308.5,  333.2,  360.7,  390.4,  422.1,  456.7,  494.1,  535.1,  578.8,  626.1,  677.7,  733.4,  793.4,  858.4,  929.0, 1005.2, 1087.8, 1176.7, 1273.5, 1377.2, 1490.2, 1613.0, 1745.0, 1888.3, 2042.9, 2210.2, 2391.6, 2587.8, 2799.6
2016-09-03T00:43:40.044,0, 14.9,    0.1,    0.4,    0.8,    1.1,    1.4,    1.8,    2.1,    2.5,    2.8,    3.1,    3.5,    3.8,    4.1,    4.5,    4.8,    5.1,    5.5,    5.0,    6.4,    7.1,    7.8,    8.5,    9.2,    9.9,   10.6,   11.3,   12.0,   13.4,   14.1,   15.5,   17.0,   18.4,   19.8,   21.2,   22.6,   24.7,   26.8,   29.0,   31.1,   33.9,   36.7,   39.5,   43.1,   46.6,   50.1,   54.4,   58.6,   63.5,   69.2,   74.8,   80.5,   87.5,   94.6,  102.4,  110.8,  120.0,  129.2,  140.5,  151.8,  163.8,  177.2,  192.0,  207.5,  225.2,  243.5,  263.3,  284.5,  308.5,  333.2,  360.7,  390.4,  422.1,  456.7,  494.1,  535.1,  578.8,  626.1,  677.7,  733.4,  793.4,  858.4,  929.0, 1005.2, 1087.8, 1176.7, 1273.5, 1377.2, 1490.2, 1613.0, 1745.0, 1888.3, 2042.9, 2210.2, 2391.6, 2587.8, 2799.6
2016-09-03T00:43:52.044,0, 14.9,    0.1,    0.4,    0.8,    1.1,    1.4,    1.8,    2.1,    2.5,    2.8,    3.1,    3.5,    3.8,    4.1,    4.5,    4.8,    5.1,    5.5,    5.0,    6.4,    7.1,    7.8,    8.5,    9.2,    9.9,   10.6,   11.3,   12.0,   13.4,   14.1,   15.5,   17.0,   18.4,   19.8,   21.2,   22.6,   24.7,   26.8,   29.0,   31.1,   33.9,   36.7,   39.5,   43.1,   46.6,   50.1,   54.4,   58.6,   63.5,   69.2,   74.8,   80.5,   87.5,   94.6,  102.4,  110.8,  120.0,  129.2,  140.5,  151.8,  163.8,  177.2,  192.0,  207.5,  225.2,  243.5,  263.3,  284.5,  308.5,  333.2,  360.7,  390.4,  422.1,  456.7,  494.1,  535.1,  578.8,  626.1,  677.7,  733.4,  793.4,  858.4,  929.0, 1005.2, 1087.8, 1176.7, 1273.5, 1377.2, 1490.2, 1613.0, 1745.0, 1888.3, 2042.9, 2210.2, 2391.6, 2587.8, 2799.6
2016-09-03T00:44:04.013,0, 14.9,    0.1,    0.4,    0.8,    1.1,    1.4,    1.8,    2.1,    2.5,    2.8,    3.1,    3.5,    3.8,    4.1,    4.5,    4.8,    5.1,    5.5,    5.0,    6.4,    7.1,    7.8,    8.5,    9.2,    9.9,   10.6,   11.3,   12.0,   13.4,   14.1,   15.5,   17.0,   18.4,   19.8,   21.2,   22.6,   24.7,   26.8,   29.0,   31.1,   33.9,   36.7,   39.5,   43.1,   46.6,   50.1,   54.4,   58.6,   63.5,   69.2,   74.8,   80.5,   87.5,   94.6,  102.4,  110.8,  120.0,  129.2,  140.5,  151.8,  163.8,  177.2,  192.0,  207.5,  225.2,  243.5,  263.3,  284.5,  308.5,  333.2,  360.7,  390.4,  422.1,  456.7,  494.1,  535.1,  578.8,  626.1,  677.7,  733.4,  793.4,  858.4,  929.0, 1005.2, 1087.8, 1176.7, 1273.5, 1377.2, 1490.2, 1613.0, 1745.0, 1888.3, 2042.9, 2210.2, 2391.6, 2587.8, 2799.6
2016-09-03T00:44:16.013,0, 14.9,    0.1,    0.4,    0.8,    1.1,    1.4,    1.8,    2.1,    2.5,    2.8,    3.1,    3.5,    3.8,    4.1,    4.5,    4.8,    5.1,    5.5,    5.0,    6.4,    7.1,    7.8,    8.5,    9.2,    9.9,   10.6,   11.3,   12.0,   13.4,   14.1,   15.5,   17.0,   18.4,   19.8,   21.2,   22.6,   24.7,   26.8,   29.0,   31.1,   33.9,   36.7,   39.5,   43.1,   46.6,   50.1,   54.4,   58.6,   63.5,   69.2,   74.8,   80.5,   87.5,   94.6,  102.4,  110.8,  120.0,  129.2,  140.5,  151.8,  163.8,  177.2,  192.0,  207.5,  225.2,  243.5,  263.3,  284.5,  308.5,  333.2,  360.7,  390.4,  422.1,  456.7,  494.1,  535.1,  578.8,  626.1,  677.7,  733.4,  793.4,  858.4,  929.0, 1005.2, 1087.8, 1176.7, 1273.5, 1377.2, 1490.2, 1613.0, 1745.0, 1888.3, 2042.9, 2210.2, 2391.6, 2587.8, 2799.6
2016-09-03T00:44:28.013,0, 14.9,    0.1,    0.4,    0.8,    1.1,    1.4,    1.8,    2.1,    2.5,    2.8,    3.1,    3.5,    3.8,    4.1,    4.5,    4.8,    5.1,    5.5,    5.0,    6.4,    7.1,    7.8,    8.5,    9.2,    9.9,   10.6,   11.3,   12.0,   13.4,   14.1,   15.5,   17.0,   18.4,   19.8,   21.2,   22.6,   24.7,   26.8,   29.0,   31.1,   33.9,   36.7,   39.5,   43.1,   46.6,   50.1,   54.4,   58.6,   63.5,   69.2,   74.8,   80.5,   87.5,   94.6,  102.4,  110.8,  120.0,  129.2,  140.5,  151.8,  163.8,  177.2,  192.0,  207.5,  225.2,  243.5,  263.3,  284.5,  308.5,  333.2,  360.7,  390.4,  422.1,  456.7,  494.1,  535.1,  578.8,  626.1,  677.7,  733.4,  793.4,  858.4,  929.0, 1005.2, 1087.8, 1176.7, 1273.5, 1377.2, 1490.2, 1613.0, 1745.0, 1888.3, 2042.9, 2210.2, 2391.6, 2587.8, 2799.6
2016-09-03T00:44:40.013,0, 14.9,    0.1,    0.4,    0.8,    1.1,    1.4,    1.8,    2.1,    2.5,    2.8,    3.1,    3.5,    3.8,    4.1,    4.5,    4.8,    5.1,    5.5,    5.0,    6.4,    7.1,    7.8,    8.5,    9.2,    9.9,   10.6,   11.3,   12.0,   13.4,   14.1,   15.5,   17.0,   18.4,   19.8,   21.2,   22.6,   24.7,   26.8,   29.0,   31.1,   33.9,   36.7,   39.5,   43.1,   46.6,   50.1,   54.4,   58.6,   63.5,   69.2,   74.8,   80.5,   87.5,   94.6,  102.4,  110.8,  120.0,  129.2,  140.5,  151.8,  163.8,  177.2,  192.0,  207.5,  225.2,  243.5,  263.3,  284.5,  308.5,  333.2,  360.7,  390.4,  422.1,  456.7,  494.1,  535.1,  578.8,  626.1,  677.7,  733.4,  793.4,  858.4,  929.0, 1005.2, 1087.8, 1176.7, 1273.5, 1377.2, 1490.2, 1613.0, 1745.0, 1888.3, 2042.9, 2210.2, 2391.6, 2587.8, 2799.6
2016-09-03T00:44:52.013,0, 14.9,    0.1,    0.4,    0.8,    1.1,    1.4,    1.8,    2.1,    2.5,    2.8,    3.1,    3.5,    3.8,    4.1,    4.5,    4.8,    5.1,    5.5,    5.0,    6.4,    7.1,    7.8,    8.5,    9.2,    9.9,   10.6,   11.3,   12.0,   13.4,   14.1,   15.5,   17.0,   18.4,   19.8,   21.2,   22.6,   24.7,   26.8,   29.0,   31.1,   33.9,   36.7,   39.5,   43.1,   46.6,   50.1,   54.4,   58.6,   63.5,   69.2,   74.8,   80.5,   87.5,   94.6,  102.4,  110.8,  120.0,  129.2,  140.5,  151.8,  163.8,  177.2,  192.0,  207.5,  225.2,  243.5,  263.3,  284.5,  308.5,  333.2,  360.7,  390.4,  422.1,  456.7,  494.1,  535.1,  578.8,  626.1,  677.7,  733.4,  793.4,  858.4,  929.0, 1005.2, 1087.8, 1176.7, 1273.5, 1377.2, 1490.2, 1613.0, 1745.0, 1888.3, 2042.9, 2210.2, 2391.6, 2587.8, 2799.6
2016-09-03T00:45:04.013,0, 14.9,    0.1,    0.4,    0.8,    1.1,    1.4,    1.8,    2.1,    2.5,    2.8,    3.1,    3.5,    3.8,    4.1,    4.5,    4.8,    5.1,    5.5,    5.0,    6.4,    7.1,    7.8,    8.5,    9.2,    9.9,   10.6,   11.3,   12.0,   13.4,   14.1,   15.5,   17.0,   18.4,   19.8,   21.2,   22.6,   24.7,   26.8,   29.0,   31.1,   33.9,   36.7,   39.5,   43.1,   46.6,   50.1,   54.4,   58.6,   63.5,   69.2,   74.8,   80.5,   87.5,   94.6,  102.4,  110.8,  120.0,  129.2,  140.5,  151.8,  163.8,  177.2,  192.0,  207.5,  225.2,  243.5,  263.3,  284.5,  308.5,  333.2,  360.7,  390.4,  422.1,  456.7,  494.1,  535.1,  578.8,  626.1,  677.7,  733.4,  793.4,  858.4,  929.0, 1005.2, 1087.8, 1176.7, 1273.5, 1377.2, 1490.2, 1613.0, 1745.0, 1888.3, 2042.9, 2210.2, 2391.6, 2587.8, 2799.6
2016-09-03T00:45:16.013,0, 14.9,    0.1,    0.4,    0.8,    1.1,    1.4,    1.8,    2.1,    2.5,    2.8,    3.1,    3.5,    3.8,    4.1,    4.5,    4.8,    5.1,    5.5,    5.0,    6.4,    7.1,    7.8,    8.5,    9.2,    9.9,   10.6,   11.3,   12.0,   13.4,   14.1,   15.5,   17.0,   18.4,   19.8,   21.2,   22.6,   24.7,   26.8,   29.0,   31.1,   33.9,   36.7,   39.5,   43.1,   46.6,   50.1,   54.4,   58.6,   63.5,   69.2,   74.8,   80.5,   87.5,   94.6,  102.4,  110.8,  120.0,  129.2,  140.5,  151.8,  163.8,  177.2,  192.0,  207.5,  225.2,  243.5,  263.3,  284.5,  308.5,  333.2,  360.7,  390.4,  422.1,  456.7,  494.1,  535.1,  578.8,  626.1,  677.7,  733.4,  793.4,  858.4,  929.0, 1005.2, 1087.8, 1176.7, 1273.5, 1377.2, 1490.2, 1613.0, 1745.0, 1888.3, 2042.9, 2210.2, 2391.6, 2587.8, 2799.6
2016-09-03T00:45:28.013,0, 14.9,    0.1,    0.4,    0.8,    1.1,    1.4,    1.8,    2.1,    2.5,    2.8,    3.1,    3.5,    3.8,    4.1,    4.5,    4.8,    5.1,    5.5,    5.0,    6.4,    7.1,    7.8,    8.5,    9.2,    9.9,   10.6,   11.3,   12.0,   13.4,   14.1,   15.5,   17.0,   18.4,   19.8,   21.2,   22.6,   24.7,   26.8,   29.0,   31.1,   33.9,   36.7,   39.5,   43.1,   46.6,   50.1,   54.4,   58.6,   63.5,   69.2,   74.8,   80.5,   87.5,   94.6,  102.4,  110.8,  120.0,  129.2,  140.5,  151.8,  163.8,  177.2,  192.0,  207.5,  225.2,  243.5,  263.3,  284.5,  308.5,  333.2,  360.7,  390.4,  422.1,  456.7,  494.1,  535.1,  578.8,  626.1,  677.7,  733.4,  793.4,  858.4,  929.0, 1005.2, 1087.8, 1176.7, 1273.5, 1377.2, 1490.2, 1613.0, 1745.0, 1888.3, 2042.9, 2210.2, 2391.6, 2587.8, 2799.6
2016-09-03T00:45:40.013,0, 14.9,    0.1,    0.4,    0.8,    1.1,    1.4,    1.8,    2.1,    2.5,    2.8,    3.1,    3.5,    3.8,    4.1,    4.5,    4.8,    5.1,    5.5,    5.0,    6.4,    7.1,    7.8,    8.5,    9.2,    9.9,   10.6,   11.3,   12.0,   13.4,   14.1,   15.5,   17.0,   18.4,   19.8,   21.2,   22.6,   24.7,   26.8,   29.0,   31.1,   33.9,   36.7,   39.5,   43.1,   46.6,   50.1,   54.4,   58.6,   63.5,   69.2,   74.8,   80.5,   87.5,   94.6,  102.4,  110.8,  120.0,  129.2,  140.5,  151.8,  163.8,  177.2,  192.0,  207.5,  225.2,  243.5,  263.3,  284.5,  308.5,  333.2,  360.7,  390.4,  422.1,  456.7,  494.1,  535.1,  578.8,  626.1,  677.7,  733.4,  793.4,  858.4,  929.0, 1005.2, 1087.8, 1176.7, 1273.5, 1377.2, 1490.2, 1613.0, 1745.0, 1888.3, 2042.9, 2210.2, 2391.6, 2587.8, 2799.6
2016-09-03T00:45:52.013,0, 14.9,    0.1,    0.4,    0.8,    1.1,    1.4,    1.8,    2.1,    2.5,    2.8,    3.1,    3.5,    3.8,    4.1,    4.5,    4.8,    5.1,    5.5,    5.0,    6.4,    7.1,    7.8,    8.5,    9.2,    9.9,   10.6,   11.3,   12.0,   13.4,   14.1,   15.5,   17.0,   18.4,   19.8,   21.2,   22.6,   24.7,   26.8,   29.0,   31.1,   33.9,   36.7,   39.5,   43.1,   46.6,   50.1,   54.4,   58.6,   63.5,   69.2,   74.8,   80.5,   87.5,   94.6,  102.4,  110.8,  120.0,  129.2,  140.5,  151.8,  163.8,  177.2,  192.0,  207.5,  225.2,  243.5,  263.3,  284.5,  308.5,  333.2,  360.7,  390.4,  422.1,  456.7,  494.1,  535.1,  578.8,  626.1,  677.7,  733.4,  793.4,  858.4,  929.0, 1005.2, 1087.8, 1176.7, 1273.5, 1377.2, 1490.2, 1613.0, 1745.0, 1888.3, 2042.9, 2210.2, 2391.6, 2587.8, 2799.6
2016-09-03T00:46:04.013,0, 14.9,    0.1,    0.4,    0.8,    1.1,    1.4,    1.8,    2.1,    2.5,    2.8,    3.1,    3.5,    3.8,    4.1,    4.5,    4.8,    5.1,    5.5,    5.0,    6.4,    7.1,    7.8,    8.5,    9.2,    9.9,   10.6,   11.3,   12.0,   13.4,   14.1,   15.5,   17.0,   18.4,   19.8,   21.2,   22.6,   24.7,   26.8,   29.0,   31.1,   33.9,   36.7,   39.5,   43.1,   46.6,   50.1,   54.4,   58.6,   63.5,   69.2,   74.8,   80.5,   87.5,   94.6,  102.4,  110.8,  120.0,  129.2,  140.5,  151.8,  163.8,  177.2,  192.0,  207.5,  225.2,  243.5,  263.3,  284.5,  308.5,  333.2,  360.7,  390.4,  422.1,  456.7,  494.1,  535.1,  578.8,  626.1,  677.7,  733.4,  793.4,  858.4,  929.0, 1005.2, 1087.8, 1176.7, 1273.5, 1377.2, 1490.2, 1613.0, 1745.0, 1888.3, 2042.9, 2210.2, 2391.6, 2587.8, 2799.6
2016-09-03T00:46:16.013,0, 14.9,    0.1,    0.4,    0.8,    1.1,    1.4,    1.8,    2.1,    2.5,    2.8,    3.1,    3.5,    3.8,    4.1,    4.5,    4.8,    5.1,    5.5,    5.0,    6.4,    7.1,    7.8,    8.5,    9.2,    9.9,   10.6,   11.3,   12.0,   13.4,   14.1,   15.5,   17.0,   18.4,   19.8,   21.2,   22.6,   24.7,   26.8,   29.0,   31.1,   33.9,   36.7,   39.5,   43.1,   46.6,   50.1,   54.4,   58.6,   63.5,   69.2,   74.8,   80.5,   87.5,   94.6,  102.4,  110.8,  120.0,  129.2,  140.5,  151.8,  163.8,  177.2,  192.0,  207.5,  225.2,  243.5,  263.3,  284.5,  308.5,  333.2,  360.7,  390.4,  422.1,  456.7,  494.1,  535.1,  578.8,  626.1,  677.7,  733.4,  793.4,  858.4,  929.0, 1005.2, 1087.8, 1176.7, 1273.5, 1377.2, 1490.2, 1613.0, 1745.0, 1888.3, 2042.9, 2210.2, 2391.6, 2587.8, 2799.6
2016-09-03T00:46:28.013,0, 14.9,    0.1,    0.4,    0.8,    1.1,    1.4,    1.8,    2.1,    2.5,    2.8,    3.1,    3.5,    3.8,    4.1,    4.5,    4.8,    5.1,    5.5,    5.0,    6.4,    7.1,    7.8,    8.5,    9.2,    9.9,   10.6,   11.3,   12.0,   13.4,   14.1,   15.5,   17.0,   18.4,   19.8,   21.2,   22.6,   24.7,   26.8,   29.0,   31.1,   33.9,   36.7,   39.5,   43.1,   46.6,   50.1,   54.4,   58.6,   63.5,   69.2,   74.8,   80.5,   87.5,   94.6,  102.4,  110.8,  120.0,  129.2,  140.5,  151.8,  163.8,  177.2,  192.0,  207.5,  225.2,  243.5,  263.3,  284.5,  308.5,  333.2,  360.7,  390.4,  422.1,  456.7,  494.1,  535.1,  578.8,  626.1,  677.7,  733.4,  793.4,  858.4,  929.0, 1005.2, 1087.8, 1176.7, 1273.5, 1377.2, 1490.2, 1613.0, 1745.0, 1888.3, 2042.9, 2210.2, 2391.6, 2587.8, 2799.6
2016-09-03T00:46:40.013,0, 14.9,    0.1,    0.4,    0.8,    1.1,    1.4,    1.8,    2.1,    2.5,    2.8,    3.1,    3.5,    3.8,    4.1,    4.5,    4.8,    5.1,    5.5,    5.0,    6.4,    7.1,    7.8,    8.5,    9.2,    9.9,   10.6,   11.3,   12.0,   13.4,   14.1,   15.5,   17.0,   18.4,   19.8,   21.2,   22.6,   24.7,   26.8,   29.0,   31.1,   33.9,   36.7,   39.5,   43.1,   46.6,   50.1,   54.4,   58.6,   63.5,   69.2,   74.8,   80.5,   87.5,   94.6,  102.4,  110.8,  120.0,  129.2,  140.5,  151.8,  163.8,  177.2,  192.0,  207.5,  225.2,  243.5,  263.3,  284.5,  308.5,  333.2,  360.7,  390.4,  422.1,  456.7,  494.1,  535.1,  578.8,  626.1,  677.7,  733.4,  793.4,  858.4,  929.0, 1005.2, 1087.8, 1176.7, 1273.5, 1377.2, 1490.2, 1613.0, 1745.0, 1888.3, 2042.9, 2210.2, 2391.6, 2587.8, 2799.6
2016-09-03T00:46:52.013,0, 14.9,    0.1,    0.4,    0.8,    1.1,    1.4,    1.8,    2.1,    2.5,    2.8,    3.1,    3.5,    3.8,    4.1,    4.5,    4.8,    5.1,    5.5,    5.0,    6.4,    7.1,    7.8,    8.5,    9.2,    9.9,   10.6,   11.3,   12.0,   13.4,   14.1,   15.5,   17.0,   18.4,   19.8,   21.2,   22.6,   24.7,   26.8,   29.0,   31.1,   33.9,   36.7,   39.5,   43.1,   46.6,   50.1,   54.4,   58.6,   63.5,   69.2,   74.8,   80.5,   87.5,   94.6,  102.4,  110.8,  120.0,  129.2,  140.5,  151.8,  163.8,  177.2,  192.0,  207.5,  225.2,  243.5,  263.3,  284.5,  308.5,  333.2,  360.7,  390.4,  422.1,  456.7,  494.1,  535.1,  578.8,  626.1,  677.7,  733.4,  793.4,  858.4,  929.0, 1005.2, 1087.8, 1176.7, 1273.5, 1377.2, 1490.2, 1613.0, 1745.0, 1888.3, 2042.9, 2210.2, 2391.6, 2587.8, 2799.6
2016-09-03T00:47:04.013,0, 14.9,    0.1,    0.4,    0.8,    1.1,    1.4,    1.8,    2.1,    2.5,    2.8,    3.1,    3.5,    3.8,    4.1,    4.5,    4.8,    5.1,    5.5,    5.0,    6.4,    7.1,    7.8,    8.5,    9.2,    9.9,   10.6,   11.3,   12.0,   13.4,   14.1,   15.5,   17.0,   18.4,   19.8,   21.2,   22.6,   24.7,   26.8,   29.0,   31.1,   33.9,   36.7,   39.5,   43.1,   46.6,   50.1,   54.4,   58.6,   63.5,   69.2,   74.8,   80.5,   87.5,   94.6,  102.4,  110.8,  120.0,  129.2,  140.5,  151.8,  163.8,  177.2,  192.0,  207.5,  225.2,  243.5,  263.3,  284.5,  308.5,  333.2,  360.7,  390.4,  422.1,  456.7,  494.1,  535.1,  578.8,  626.1,  677.7,  733.4,  793.4,  858.4,  929.0, 1005.2, 1087.8, 1176.7, 1273.5, 1377.2, 1490.2, 1613.0, 1745.0, 1888.3, 2042.9, 2210.2, 2391.6, 2587.8, 2799.6
2016-09-03T00:47:16.013,0, 14.9,    0.1,    0.4,    0.8,    1.1,    1.4,    1.8,    2.1,    2.5,    2.8,    3.1,    3.5,    3.8,    4.1,    4.5,    4.8,    5.1,    5.5,    5.0,    6.4,    7.1,    7.8,    8.5,    9.2,    9.9,   10.6,   11.3,   12.0,   13.4,   14.1,   15.5,   17.0,   18.4,   19.8,   21.2,   22.6,   24.7,   26.8,   29.0,   31.1,   33.9,   36.7,   39.5,   43.1,   46.6,   50.1,   54.4,   58.6,   63.5,   69.2,   74.8,   80.5,   87.5,   94.6,  102.4,  110.8,  120.0,  129.2,  140.5,  151.8,  163.8,  177.2,  192.0,  207.5,  225.2,  243.5,  263.3,  284.5,  308.5,  333.2,  360.7,  390.4,  422.1,  456.7,  494.1,  535.1,  578.8,  626.1,  677.7,  733.4,  793.4,  858.4,  929.0, 1005.2, 1087.8, 1176.7, 1273.5, 1377.2, 1490.2, 1613.0, 1745.0, 1888.3, 2042.9, 2210.2, 2391.6, 2587.8, 2799.6
2016-09-03T00:47:28.013,0, 14.9,    0.1,    0.4,    0.8,    1.1,    1.4,    1.8,    2.1,    2.5,    2.8,    3.1,    3.5,    3.8,    4.1,    4.5,    4.8,    5.1,    5.5,    5.0,    6.4,    7.1,    7.8,    8.5,    9.2,    9.9,   10.6,   11.3,   12.0,   13.4,   14.1,   15.5,   17.0,   18.4,   19.8,   21.2,   22.6,   24.7,   26.8,   29.0,   31.1,   33.9,   36.7,   39.5,   43.1,   46.6,   50.1,   54.4,   58.6,   63.5,   69.2,   74.8,   80.5,   87.5,   94.6,  102.4,  110.8,  120.0,  129.2,  140.5,  151.8,  163.8,  177.2,  192.0,  207.5,  225.2,  243.5,  263.3,  284.5,  308.5,  333.2,  360.7,  390.4,  422.1,  456.7,  494.1,  535.1,  578.8,  626.1,  677.7,  733.4,  793.4,  858.4,  929.0, 1005.2, 1087.8, 1176.7, 1273.5, 1377.2, 1490.2, 1613.0, 1745.0, 1888.3, 2042.9, 2210.2, 2391.6, 2587.8, 2799.6
2016-09-03T00:47:40.013,0, 14.9,    0.1,    0.4,    0.8,    1.1,    1.4,    1.8,    2.1,    2.5,    2.8,    3.1,    3.5,    3.8,    4.1,    4.5,    4.8,    5.1,    5.5,    5.0,    6.4,    7.1,    7.8,    8.5,    9.2,    9.9,   10.6,   11.3,   12.0,   13.4,   14.1,   15.5,   17.0,   18.4,   19.8,   21.2,   22.6,   24.7,   26.8,   29.0,   31.1,   33.9,   36.7,   39.5,   43.1,   46.6,   50.1,   54.4,   58.6,   63.5,   69.2,   74.8,   80.5,   87.5,   94.6,  102.4,  110.8,  120.0,  129.2,  140.5,  151.8,  163.8,  177.2,  192.0,  207.5,  225.2,  243.5,  263.3,  284.5,  308.5,  333.2,  360.7,  390.4,  422.1,  456.7,  494.1,  535.1,  578.8,  626.1,  677.7,  733.4,  793.4,  858.4,  929.0, 1005.2, 1087.8, 1176.7, 1273.5, 1377.2, 1490.2, 1613.0, 1745.0, 1888.3, 2042.9, 2210.2, 2391.6, 2587.8, 2799.6
2016-09-03T00:47:52.013,0, 14.9,    0.1,    0.4,    0.8,    1.1,    1.4,    1.8,    2.1,    2.5,    2.8,    3.1,    3.5,    3.8,    4.1,    4.5,    4.8,    5.1,    5.5,    5.0,    6.4,    7.1,    7.8,    8.5,    9.2,    9.9,   10.6,   11.3,   12.0,   13.4,   14.1,   15.5,   17.0,   18.4,   19.8,   21.2,   22.6,   24.7,   26.8,   29.0,   31.1,   33.9,   36.7,   39.5,   43.1,   46.6,   50.1,   54.4,   58.6,   63.5,   69.2,   74.8,   80.5,   87.5,   94.6,  102.4,  110.8,  120.0,  129.2,  140.5,  151.8,  163.8,  177.2,  192.0,  207.5,  225.2,  243.5,  263.3,  284.5,  308.5,  333.2,  360.7,  390.4,  422.1,  456.7,  494.1,  535.1,  578.8,  626.1,  677.7,  733.4,  793.4,  858.4,  929.0, 1005.2, 1087.8, 1176.7, 1273.5, 1377.2, 1490.2, 1613.0, 1745.0, 1888.3, 2042.9, 2210.2, 2391.6, 2587.8, 2799.6
2016-09-03T00:48:04.013,0, 14.9,    0.1,    0.4,    0.8,    1.1,    1.4,    1.8,    2.1,    2.5,    2.8,    3.1,    3.5,    3.8,    4.1,    4.5,    4.8,    5.1,    5.5,    5.0,    6.4,    7.1,    7.8,    8.5,    9.2,    9.9,   10.6,   11.3,   12.0,   13.4,   14.1,   15.5,   17.0,   18.4,   19.8,   21.2,   22.6,   24.7,   26.8,   29.0,   31.1,   33.9,   36.7,   39.5,   43.1,   46.6,   50.1,   54.4,   58.6,   63.5,   69.2,   74.8,   80.5,   87.5,   94.6,  102.4,  110.8,  120.0,  129.2,  140.5,  151.8,  163.8,  177.2,  192.0,  207.5,  225.2,  243.5,  263.3,  284.5,  308.5,  333.2,  360.7,  390.4,  422.1,  456.7,  494.1,  535.1,  578.8,  626.1,  677.7,  733.4,  793.4,  858.4,  929.0, 1005.2, 1087.8, 1176.7, 1273.5, 1377.2, 1490.2, 1613.0, 1745.0, 1888.3, 2042.9, 2210.2, 2391.6, 2587.8, 2799.6
2016-09-03T00:48:16.013,0, 14.9,    0.1,    0.4,    0.8,    1.1,    1.4,    1.8,    2.1,    2.5,    2.8,    3.1,    3.5,    3.8,    4.1,    4.5,    4.8,    5.1,    5.5,    5.0,    6.4,    7.1,    7.8,    8.5,    9.2,    9.9,   10.6,   11.3,   12.0,   13.4,   14.1,   15.5,   17.0,   18.4,   19.8,   21.2,   22.6,   24.7,   26.8,   29.0,   31.1,   33.9,   36.7,   39.5,   43.1,   46.6,   50.1,   54.4,   58.6,   63.5,   69.2,   74.8,   80.5,   87.5,   94.6,  102.4,  110.8,  120.0,  129.2,  140.5,  151.8,  163.8,  177.2,  192.0,  207.5,  225.2,  243.5,  263.3,  284.5,  308.5,  333.2,  360.7,  390.4,  422.1,  456.7,  494.1,  535.1,  578.8,  626.1,  677.7,  733.4,  793.4,  858.4,  929.0, 1005.2, 1087.8, 1176.7, 1273.5, 1377.2, 1490.2, 1613.0, 1745.0, 1888.3, 2042.9, 2210.2, 2391.6, 2587.8, 2799.6
2016-09-03T00:48:28.013,0, 14.9,    0.1,    0.4,    0.8,    1.1,    1.4,    1.8,    2.1,    2.5,    2.8,    3.1,    3.5,    3.8,    4.1,    4.5,    4.8,    5.1,    5.5,    5.0,    6.4,    7.1,    7.8,    8.5,    9.2,    9.9,   10.6,   11.3,   12.0,   13.4,   14.1,   15.5,   17.0,   18.4,   19.8,   21.2,   22.6,   24.7,   26.8,   29.0,   31.1,   33.9,   36.7,   39.5,   43.1,   46.6,   50.1,   54.4,   58.6,   63.5,   69.2,   74.8,   80.5,   87.5,   94.6,  102.4,  110.8,  120.0,  129.2,  140.5,  151.8,  163.8,  177.2,  192.0,  207.5,  225.2,  243.5,  263.3,  284.5,  308.5,  333.2,  360.7,  390.4,  422.1,  456.7,  494.1,  535.1,  578.8,  626.1,  677.7,  733.4,  793.4,  858.4,  929.0, 1005.2, 1087.8, 1176.7, 1273.5, 1377.2, 1490.2, 1613.0, 1745.0, 1888.3, 2042.9, 2210.2, 2391.6, 2587.8, 2799.6
2016-09-03T00:48:40.013,0, 14.9,    0.1,    0.4,    0.8,    1.1,    1.4,    1.8,    2.1,    2.5,    2.8,    3.1,    3.5,    3.8,    4.1,    4.5,    4.8,    5.1,    5.5,    5.0,    6.4,    7.1,    7.8,    8.5,    9.2,    9.9,   10.6,   11.3,   12.0,   13.4,   14.1,   15.5,   17.0,   18.4,   19.8,   21.2,   22.6,   24.7,   26.8,   29.0,   31.1,   33.9,   36.7,   39.5,   43.1,   46.6,   50.1,   54.4,   58.6,   63.5,   69.2,   74.8,   80.5,   87.5,   94.6,  102.4,  110.8,  120.0,  129.2,  140.5,  151.8,  163.8,  177.2,  192.0,  207.5,  225.2,  243.5,  263.3,  284.5,  308.5,  333.2,  360.7,  390.4,  422.1,  456.7,  494.1,  535.1,  578.8,  626.1,  677.7,  733.4,  793.4,  858.4,  929.0, 1005.2, 1087.8, 1176.7, 1273.5, 1377.2, 1490.2, 1613.0, 1745.0, 1888.3, 2042.9, 2210.2, 2391.6, 2587.8, 2799.6
2016-09-03T00:48:52.013,0, 14.9,    0.1,    0.4,    0.8,    1.1,    1.4,    1.8,    2.1,    2.5,    2.8,    3.1,    3.5,    3.8,    4.1,    4.5,    4.8,    5.1,    5.5,    5.0,    6.4,    7.1,    7.8,    8.5,    9.2,    9.9,   10.6,   11.3,   12.0,   13.4,   14.1,   15.5,   17.0,   18.4,   19.8,   21.2,   22.6,   24.7,   26.8,   29.0,   31.1,   33.9,   36.7,   39.5,   43.1,   46.6,   50.1,   54.4,   58.6,   63.5,   69.2,   74.8,   80.5,   87.5,   94.6,  102.4,  110.8,  120.0,  129.2,  140.5,  151.8,  163.8,  177.2,  192.0,  207.5,  225.2,  243.5,  263.3,  284.5,  308.5,  333.2,  360.7,  390.4,  422.1,  456.7,  494.1,  535.1,  578.8,  626.1,  677.7,  733.4,  793.4,  858.4,  929.0, 1005.2, 1087.8, 1176.7, 1273.5, 1377.2, 1490.2, 1613.0, 1745.0, 1888.3, 2042.9, 2210.2, 2391.6, 2587.8, 2799.6
2016-09-03T00:49:04.013,0, 14.9,    0.1,    0.4,    0.8,    1.1,    1.4,    1.8,    2.1,    2.5,    2.8,    3.1,    3.5,    3.8,    4.1,    4.5,    4.8,    5.1,    5.5,    5.0,    6.4,    7.1,    7.8,    8.5,    9.2,    9.9,   10.6,   11.3,   12.0,   13.4,   14.1,   15.5,   17.0,   18.4,   19.8,   21.2,   22.6,   24.7,   26.8,   29.0,   31.1,   33.9,   36.7,   39.5,   43.1,   46.6,   50.1,   54.4,   58.6,   63.5,   69.2,   74.8,   80.5,   87.5,   94.6,  102.4,  110.8,  120.0,  129.2,  140.5,  151.8,  163.8,  177.2,  192.0,  207.5,  225.2,  243.5,  263.3,  284.5,  308.5,  333.2,  360.7,  390.4,  422.1,  456.7,  494.1,  535.1,  578.8,  626.1,  677.7,  733.4,  793.4,  858.4,  929.0, 1005.2, 1087.8, 1176.7, 1273.5, 1377.2, 1490.2, 1613.0, 1745.0, 1888.3, 2042.9, 2210.2, 2391.6, 2587.8, 2799.6
2016-09-03T00:49:16.013,0, 14.9,    0.1,    0.4,    0.8,    1.1,    1.4,    1.8,    2.1,    2.5,    2.8,    3.1,    3.5,    3.8,    4.1,    4.5,    4.8,    5.1,    5.5,    5.0,    6.4,    7.1,    7.8,    8.5,    9.2,    9.9,   10.6,   11.3,   12.0,   13.4,   14.1,   15.5,   17.0,   18.4,   19.8,   21.2,   22.6,   24.7,   26.8,   29.0,   31.1,   33.9,   36.7,   39.5,   43.1,   46.6,   50.1,   54.4,   58.6,   63.5,   69.2,   74.8,   80.5,   87.5,   94.6,  102.4,  110.8,  120.0,  129.2,  140.5,  151.8,  163.8,  177.2,  192.0,  207.5,  225.2,  243.5,  263.3,  284.5,  308.5,  333.2,  360.7,  390.4,  422.1,  456.7,  494.1,  535.1,  578.8,  626.1,  677.7,  733.4,  793.4,  858.4,  929.0, 1005.2, 1087.8, 1176.7, 1273.5, 1377.2, 1490.2, 1613.0, 1745.0, 1888.3, 2042.9, 2210.2, 2391.6, 2587.8, 2799.6
2016-09-03T00:49:28.013,0, 14.9,    0.1,    0.4,    0.8,    1.1,    1.4,    1.8,    2.1,    2.5,    2.8,    3.1,    3.5,    3.8,    4.1,    4.5,    4.8,    5.1,    5.5,    5.0,    6.4,    7.1,    7.8,    8.5,    9.2,    9.9,   10.6,   11.3,   12.0,   13.4,   14.1,   15.5,   17.0,   18.4,   19.8,   21.2,   22.6,   24.7,   26.8,   29.0,   31.1,   33.9,   36.7,   39.5,   43.1,   46.6,   50.1,   54.4,   58.6,   63.5,   69.2,   74.8,   80.5,   87.5,   94.6,  102.4,  110.8,  120.0,  129.2,  140.5,  151.8,  163.8,  177.2,  192.0,  207.5,  225.2,  243.5,  263.3,  284.5,  308.5,  333.2,  360.7,  390.4,  422.1,  456.7,  494.1,  535.1,  578.8,  626.1,  677.7,  733.4,  793.4,  858.4,  929.0, 1005.2, 1087.8, 1176.7, 1273.5, 1377.2, 1490.2, 1613.0, 1745.0, 1888.3, 2042.9, 2210.2, 2391.6, 2587.8, 2799.6
2016-09-03T00:49:40.013,0, 14.9,    0.1,    0.4,    0.8,    1.1,    1.4,    1.8,    2.1,    2.5,    2.8,    3.1,    3.5,    3.8,    4.1,    4.5,    4.8,    5.1,    5.5,    5.0,    6.4,    7.1,    7.8,    8.5,    9.2,    9.9,   10.6,   11.3,   12.0,   13.4,   14.1,   15.5,   17.0,   18.4,   19.8,   21.2,   22.6,   24.7,   26.8,   29.0,   31.1,   33.9,   36.7,   39.5,   43.1,   46.6,   50.1,   54.4,   58.6,   63.5,   69.2,   74.8,   80.5,   87.5,   94.6,  102.4,  110.8,  120.0,  129.2,  140.5,  151.8,  163.8,  177.2,  192.0,  207.5,  225.2,  243.5,  263.3,  284.5,  308.5,  333.2,  360.7,  390.4,  422.1,  456.7,  494.1,  535.1,  578.8,  626.1,  677.7,  733.4,  793.4,  858.4,  929.0, 1005.2, 1087.8, 1176.7, 1273.5, 1377.2, 1490.2, 1613.0, 1745.0, 1888.3, 2042.9, 2210.2, 2391.6, 2587.8, 2799.6
2016-09-03T00:49:52.013,0, 14.9,    0.1,    0.4,    0.8,    1.1,    1.4,    1.8,    2.1,    2.5,    2.8,    3.1,    3.5,    3.8,    4.1,    4.5,    4.8,    5.1,    5.5,    5.0,    6.4,    7.1,    7.8,    8.5,    9.2,    9.9,   10.6,   11.3,   12.0,   13.4,   14.1,   15.5,   17.0,   18.4,   19.8,   21.2,   22.6,   24.7,   26.8,   29.0,   31.1,   33.9,   36.7,   39.5,   43.1,   46.6,   50.1,   54.4,   58.6,   63.5,   69.2,   74.8,   80.5,   87.5,   94.6,  102.4,  110.8,  120.0,  129.2,  140.5,  151.8,  163.8,  177.2,  192.0,  207.5,  225.2,  243.5,  263.3,  284.5,  308.5,  333.2,  360.7,  390.4,  422.1,  456.7,  494.1,  535.1,  578.8,  626.1,  677.7,  733.4,  793.4,  858.4,  929.0, 1005.2, 1087.8, 1176.7, 1273.5, 1377.2, 1490.2, 1613.0, 1745.0, 1888.3, 2042.9, 2210.2, 2391.6, 2587.8, 2799.6
2016-09-03T00:50:04.013,0, 14.9,    0.1,    0.4,    0.8,    1.1,    1.4,    1.8,    2.1,    2.5,    2.8,    3.1,    3.5,    3.8,    4.1,    4.5,    4.8,    5.1,    5.5,    5.0,    6.4,    7.1,    7.8,    8.5,    9.2,    9.9,   10.6,   11.3,   12.0,   13.4,   14.1,   15.5,   17.0,   18.4,   19.8,   21.2,   22.6,   24.7,   26.8,   29.0,   31.1,   33.9,   36.7,   39.5,   43.1,   46.6,   50.1,   54.4,   58.6,   63.5,   69.2,   74.8,   80.5,   87.5,   94.6,  102.4,  110.8,  120.0,  129.2,  140.5,  151.8,  163.8,  177.2,  192.0,  207.5,  225.2,  243.5,  263.3,  284.5,  308.5,  333.2,  360.7,  390.4,  422.1,  456.7,  494.1,  535.1,  578.8,  626.1,  677.7,  733.4,  793.4,  858.4,  929.0, 1005.2, 1087.8, 1176.7, 1273.5, 1377.2, 1490.2, 1613.0, 1745.0, 1888.3, 2042.9, 2210.2, 2391.6, 2587.8, 2799.6
2016-09-03T00:50:16.013,0, 14.9,    0.1,    0.4,    0.8,    1.1,    1.4,    1.8,    2.1,    2.5,    2.8,    3.1,    3.5,    3.8,    4.1,    4.5,    4.8,    5.1,    5.5,    5.0,    6.4,    7.1,    7.8,    8.5,    9.2,    9.9,   10.6,   11.3,   12.0,   13.4,   14.1,   15.5,   17.0,   18.4,   19.8,   21.2,   22.6,   24.7,   26.8,   29.0,   31.1,   33.9,   36.7,   39.5,   43.1,   46.6,   50.1,   54.4,   58.6,   63.5,   69.2,   74.8,   80.5,   87.5,   94.6,  102.4,  110.8,  120.0,  129.2,  140.5,  151.8,  163.8,  177.2,  192.0,  207.5,  225.2,  243.5,  263.3,  284.5,  308.5,  333.2,  360.7,  390.4,  422.1,  456.7,  494.1,  535.1,  578.8,  626.1,  677.7,  733.4,  793.4,  858.4,  929.0, 1005.2, 1087.8, 1176.7, 1273.5, 1377.2, 1490.2, 1613.0, 1745.0, 1888.3, 2042.9, 2210.2, 2391.6, 2587.8, 2799.6
2016-09-03T00:50:27.982,0, 14.9,    0.1,    0.4,    0.8,    1.1,    1.4,    1.8,    2.1,    2.5,    2.8,    3.1,    3.5,    3.8,    4.1,    4.5,    4.8,    5.1,    5.5,    5.0,    6.4,    7.1,    7.8,    8.5,    9.2,    9.9,   10.6,   11.3,   12.0,   13.4,   14.1,   15.5,   17.0,   18.4,   19.8,   21.2,   22.6,   24.7,   26.8,   29.0,   31.1,   33.9,   36.7,   39.5,   43.1,   46.6,   50.1,   54.4,   58.6,   63.5,   69.2,   74.8,   80.5,   87.5,   94.6,  102.4,  110.8,  120.0,  129.2,  140.5,  151.8,  163.8,  177.2,  192.0,  207.5,  225.2,  243.5,  263.3,  284.5,  308.5,  333.2,  360.7,  390.4,  422.1,  456.7,  494.1,  535.1,  578.8,  626.1,  677.7,  733.4,  793.4,  858.4,  929.0, 1005.2, 1087.8, 1176.7, 1273.5, 1377.2, 1490.2, 1613.0, 1745.0, 1888.3, 2042.9, 2210.2, 2391.6, 2587.8, 2799.6
2016-09-03T00:50:39.982,0, 14.9,    0.1,    0.4,    0.8,    1.1,    1.4,    1.8,    2.1,    2.5,    2.8,    3.1,    3.5,    3.8,    4.1,    4.5,    4.8,    5.1,    5.5,    5.0,    6.4,    7.1,    7.8,    8.5,    9.2,    9.9,   10.6,   11.3,   12.0,   13.4,   14.1,   15.5,   17.0,   18.4,   19.8,   21.2,   22.6,   24.7,   26.8,   29.0,   31.1,   33.9,   36.7,   39.5,   43.1,   46.6,   50.1,   54.4,   58.6,   63.5,   69.2,   74.8,   80.5,   87.5,   94.6,  102.4,  110.8,  120.0,  129.2,  140.5,  151.8,  163.8,  177.2,  192.0,  207.5,  225.2,  243.5,  263.3,  284.5,  308.5,  333.2,  360.7,  390.4,  422.1,  456.7,  494.1,  535.1,  578.8,  626.1,  677.7,  733.4,  793.4,  858.4,  929.0, 1005.2, 1087.8, 1176.7, 1273.5, 1377.2, 1490.2, 1613.0, 1745.0, 1888.3, 2042.9, 2210.2, 2391.6, 2587.8, 2799.6
2016-09-03T00:50:51.982,0, 14.9,    0.1,    0.4,    0.8,    1.1,    1.4,    1.8,    2.1,    2.5,    2.8,    3.1,    3.5,    3.8,    4.1,    4.5,    4.8,    5.1,    5.5,    5.0,    6.4,    7.1,    7.8,    8.5,    9.2,    9.9,   10.6,   11.3,   12.0,   13.4,   14.1,   15.5,   17.0,   18.4,   19.8,   21.2,   22.6,   24.7,   26.8,   29.0,   31.1,   33.9,   36.7,   39.5,   43.1,   46.6,   50.1,   54.4,   58.6,   63.5,   69.2,   74.8,   80.5,   87.5,   94.6,  102.4,  110.8,  120.0,  129.2,  140.5,  151.8,  163.8,  177.2,  192.0,  207.5,  225.2,  243.5,  263.3,  284.5,  308.5,  333.2,  360.7,  390.4,  422.1,  456.7,  494.1,  535.1,  578.8,  626.1,  677.7,  733.4,  793.4,  858.4,  929.0, 1005.2, 1087.8, 1176.7, 1273.5, 1377.2, 1490.2, 1613.0, 1745.0, 1888.3, 2042.9, 2210.2, 2391.6, 2587.8, 2799.6
2016-09-03T00:51:03.982,0, 14.9,    0.1,    0.4,    0.8,    1.1,    1.4,    1.8,    2.1,    2.5,    2.8,    3.1,    3.5,    3.8,    4.1,    4.5,    4.8,    5.1,    5.5,    5.0,    6.4,    7.1,    7.8,    8.5,    9.2,    9.9,   10.6,   11.3,   12.0,   13.4,   14.1,   15.5,   17.0,   18.4,   19.8,   21.2,   22.6,   24.7,   26.8,   29.0,   31.1,   33.9,   36.7,   39.5,   43.1,   46.6,   50.1,   54.4,   58.6,   63.5,   69.2,   74.8,   80.5,   87.5,   94.6,  102.4,  110.8,  120.0,  129.2,  140.5,  151.8,  163.8,  177.2,  192.0,  207.5,  225.2,  243.5,  263.3,  284.5,  308.5,  333.2,  360.7,  390.4,  422.1,  456.7,  494.1,  535.1,  578.8,  626.1,  677.7,  733.4,  793.4,  858.4,  929.0, 1005.2, 1087.8, 1176.7, 1273.5, 1377.2, 1490.2, 1613.0, 1745.0, 1888.3, 2042.9, 2210.2, 2391.6, 2587.8, 2799.6
2016-09-03T00:51:15.982,0, 14.9,    0.1,    0.4,    0.8,    1.1,    1.4,    1.8,    2.1,    2.5,    2.8,    3.1,    3.5,    3.8,    4.1,    4.5,    4.8,    5.1,    5.5,    5.0,    6.4,    7.1,    7.8,    8.5,    9.2,    9.9,   10.6,   11.3,   12.0,   13.4,   14.1,   15.5,   17.0,   18.4,   19.8,   21.2,   22.6,   24.7,   26.8,   29.0,   31.1,   33.9,   36.7,   39.5,   43.1,   46.6,   50.1,   54.4,   58.6,   63.5,   69.2,   74.8,   80.5,   87.5,   94.6,  102.4,  110.8,  120.0,  129.2,  140.5,  151.8,  163.8,  177.2,  192.0,  207.5,  225.2,  243.5,  263.3,  284.5,  308.5,  333.2,  360.7,  390.4,  422.1,  456.7,  494.1,  535.1,  578.8,  626.1,  677.7,  733.4,  793.4,  858.4,  929.0, 1005.2, 1087.8, 1176.7, 1273.5, 1377.2, 1490.2, 1613.0, 1745.0, 1888.3, 2042.9, 2210.2, 2391.6, 2587.8, 2799.6
2016-09-03T00:51:27.982,0, 14.9,    0.1,    0.4,    0.8,    1.1,    1.4,    1.8,    2.1,    2.5,    2.8,    3.1,    3.5,    3.8,    4.1,    4.5,    4.8,    5.1,    5.5,    5.0,    6.4,    7.1,    7.8,    8.5,    9.2,    9.9,   10.6,   11.3,   12.0,   13.4,   14.1,   15.5,   17.0,   18.4,   19.8,   21.2,   22.6,   24.7,   26.8,   29.0,   31.1,   33.9,   36.7,   39.5,   43.1,   46.6,   50.1,   54.4,   58.6,   63.5,   69.2,   74.8,   80.5,   87.5,   94.6,  102.4,  110.8,  120.0,  129.2,  140.5,  151.8,  163.8,  177.2,  192.0,  207.5,  225.2,  243.5,  263.3,  284.5,  308.5,  333.2,  360.7,  390.4,  422.1,  456.7,  494.1,  535.1,  578.8,  626.1,  677.7,  733.4,  793.4,  858.4,  929.0, 1005.2, 1087.8, 1176.7, 1273.5, 1377.2, 1490.2, 1613.0, 1745.0, 1888.3, 2042.9, 2210.2, 2391.6, 2587.8, 2799.6
2016-09-03T00:51:39.982,0, 14.9,    0.1,    0.4,    0.8,    1.1,    1.4,    1.8,    2.1,    2.5,    2.8,    3.1,    3.5,    3.8,    4.1,    4.5,    4.8,    5.1,    5.5,    5.0,    6.4,    7.1,    7.8,    8.5,    9.2,    9.9,   10.6,   11.3,   12.0,   13.4,   14.1,   15.5,   17.0,   18.4,   19.8,   21.2,   22.6,   24.7,   26.8,   29.0,   31.1,   33.9,   36.7,   39.5,   43.1,   46.6,   50.1,   54.4,   58.6,   63.5,   69.2,   74.8,   80.5,   87.5,   94.6,  102.4,  110.8,  120.0,  129.2,  140.5,  151.8,  163.8,  177.2,  192.0,  207.5,  225.2,  243.5,  263.3,  284.5,  308.5,  333.2,  360.7,  390.4,  422.1,  456.7,  494.1,  535.1,  578.8,  626.1,  677.7,  733.4,  793.4,  858.4,  929.0, 1005.2, 1087.8, 1176.7, 1273.5, 1377.2, 1490.2, 1613.0, 1745.0, 1888.3, 2042.9, 2210.2, 2391.6, 2587.8, 2799.6
2016-09-03T00:51:51.982,0, 14.9,    0.1,    0.4,    0.8,    1.1,    1.4,    1.8,    2.1,    2.5,    2.8,    3.1,    3.5,    3.8,    4.1,    4.5,    4.8,    5.1,    5.5,    5.0,    6.4,    7.1,    7.8,    8.5,    9.2,    9.9,   10.6,   11.3,   12.0,   13.4,   14.1,   15.5,   17.0,   18.4,   19.8,   21.2,   22.6,   24.7,   26.8,   29.0,   31.1,   33.9,   36.7,   39.5,   43.1,   46.6,   50.1,   54.4,   58.6,   63.5,   69.2,   74.8,   80.5,   87.5,   94.6,  102.4,  110.8,  120.0,  129.2,  140.5,  151.8,  163.8,  177.2,  192.0,  207.5,  225.2,  243.5,  263.3,  284.5,  308.5,  333.2,  360.7,  390.4,  422.1,  456.7,  494.1,  535.1,  578.8,  626.1,  677.7,  733.4,  793.4,  858.4,  929.0, 1005.2, 1087.8, 1176.7, 1273.5, 1377.2, 1490.2, 1613.0, 1745.0, 1888.3, 2042.9, 2210.2, 2391.6, 2587.8, 2799.6
2016-09-03T00:52:03.982,0, 14.9,    0.1,    0.4,    0.8,    1.1,    1.4,    1.8,    2.1,    2.5,    2.8,    3.1,    3.5,    3.8,    4.1,    4.5,    4.8,    5.1,    5.5,    5.0,    6.4,    7.1,    7.8,    8.5,    9.2,    9.9,   10.6,   11.3,   12.0,   13.4,   14.1,   15.5,   17.0,   18.4,   19.8,   21.2,   22.6,   24.7,   26.8,   29.0,   31.1,   33.9,   36.7,   39.5,   43.1,   46.6,   50.1,   54.4,   58.6,   63.5,   69.2,   74.8,   80.5,   87.5,   94.6,  102.4,  110.8,  120.0,  129.2,  140.5,  151.8,  163.8,  177.2,  192.0,  207.5,  225.2,  243.5,  263.3,  284.5,  308.5,  333.2,  360.7,  390.4,  422.1,  456.7,  494.1,  535.1,  578.8,  626.1,  677.7,  733.4,  793.4,  858.4,  929.0, 1005.2, 1087.8, 1176.7, 1273.5, 1377.2, 1490.2, 1613.0, 1745.0, 1888.3, 2042.9, 2210.2, 2391.6, 2587.8, 2799.6
2016-09-03T00:52:15.982,0, 14.9,    0.1,    0.4,    0.8,    1.1,    1.4,    1.8,    2.1,    2.5,    2.8,    3.1,    3.5,    3.8,    4.1,    4.5,    4.8,    5.1,    5.5,    5.0,    6.4,    7.1,    7.8,    8.5,    9.2,    9.9,   10.6,   11.3,   12.0,   13.4,   14.1,   15.5,   17.0,   18.4,   19.8,   21.2,   22.6,   24.7,   26.8,   29.0,   31.1,   33.9,   36.7,   39.5,   43.1,   46.6,   50.1,   54.4,   58.6,   63.5,   69.2,   74.8,   80.5,   87.5,   94.6,  102.4,  110.8,  120.0,  129.2,  140.5,  151.8,  163.8,  177.2,  192.0,  207.5,  225.2,  243.5,  263.3,  284.5,  308.5,  333.2,  360.7,  390.4,  422.1,  456.7,  494.1,  535.1,  578.8,  626.1,  677.7,  733.4,  793.4,  858.4,  929.0, 1005.2, 1087.8, 1176.7, 1273.5, 1377.2, 1490.2, 1613.0, 1745.0, 1888.3, 2042.9, 2210.2, 2391.6, 2587.8, 2799.6
2016-09-03T00:52:27.982,0, 14.9,    0.1,    0.4,    0.8,    1.1,    1.4,    1.8,    2.1,    2.5,    2.8,    3.1,    3.5,    3.8,    4.1,    4.5,    4.8,    5.1,    5.5,    5.0,    6.4,    7.1,    7.8,    8.5,    9.2,    9.9,   10.6,   11.3,   12.0,   13.4,   14.1,   15.5,   17.0,   18.4,   19.8,   21.2,   22.6,   24.7,   26.8,   29.0,   31.1,   33.9,   36.7,   39.5,   43.1,   46.6,   50.1,   54.4,   58.6,   63.5,   69.2,   74.8,   80.5,   87.5,   94.6,  102.4,  110.8,  120.0,  129.2,  140.5,  151.8,  163.8,  177.2,  192.0,  207.5,  225.2,  243.5,  263.3,  284.5,  308.5,  333.2,  360.7,  390.4,  422.1,  456.7,  494.1,  535.1,  578.8,  626.1,  677.7,  733.4,  793.4,  858.4,  929.0, 1005.2, 1087.8, 1176.7, 1273.5, 1377.2, 1490.2, 1613.0, 1745.0, 1888.3, 2042.9, 2210.2, 2391.6, 2587.8, 2799.6
2016-09-03T00:52:39.982,0, 14.9,    0.1,    0.4,    0.8,    1.1,    1.4,    1.8,    2.1,    2.5,    2.8,    3.1,    3.5,    3.8,    4.1,    4.5,    4.8,    5.1,    5.5,    5.0,    6.4,    7.1,    7.8,    8.5,    9.2,    9.9,   10.6,   11.3,   12.0,   13.4,   14.1,   15.5,   17.0,   18.4,   19.8,   21.2,   22.6,   24.7,   26.8,   29.0,   31.1,   33.9,   36.7,   39.5,   43.1,   46.6,   50.1,   54.4,   58.6,   63.5,   69.2,   74.8,   80.5,   87.5,   94.6,  102.4,  110.8,  120.0,  129.2,  140.5,  151.8,  163.8,  177.2,  192.0,  207.5,  225.2,  243.5,  263.3,  284.5,  308.5,  333.2,  360.7,  390.4,  422.1,  456.7,  494.1,  535.1,  578.8,  626.1,  677.7,  733.4,  793.4,  858.4,  929.0, 1005.2, 1087.8, 1176.7, 1273.5, 1377.2, 1490.2, 1613.0, 1745.0, 1888.3, 2042.9, 2210.2, 2391.6, 2587.8, 2799.6
2016-09-03T00:52:51.982,0, 14.9,    0.1,    0.4,    0.8,    1.1,    1.4,    1.8,    2.1,    2.5,    2.8,    3.1,    3.5,    3.8,    4.1,    4.5,    4.8,    5.1,    5.5,    5.0,    6.4,    7.1,    7.8,    8.5,    9.2,    9.9,   10.6,   11.3,   12.0,   13.4,   14.1,   15.5,   17.0,   18.4,   19.8,   21.2,   22.6,   24.7,   26.8,   29.0,   31.1,   33.9,   36.7,   39.5,   43.1,   46.6,   50.1,   54.4,   58.6,   63.5,   69.2,   74.8,   80.5,   87.5,   94.6,  102.4,  110.8,  120.0,  129.2,  140.5,  151.8,  163.8,  177.2,  192.0,  207.5,  225.2,  243.5,  263.3,  284.5,  308.5,  333.2,  360.7,  390.4,  422.1,  456.7,  494.1,  535.1,  578.8,  626.1,  677.7,  733.4,  793.4,  858.4,  929.0, 1005.2, 1087.8, 1176.7, 1273.5, 1377.2, 1490.2, 1613.0, 1745.0, 1888.3, 2042.9, 2210.2, 2391.6, 2587.8, 2799.6
2016-09-03T00:53:03.982,0, 14.9,    0.1,    0.4,    0.8,    1.1,    1.4,    1.8,    2.1,    2.5,    2.8,    3.1,    3.5,    3.8,    4.1,    4.5,    4.8,    5.1,    5.5,    5.0,    6.4,    7.1,    7.8,    8.5,    9.2,    9.9,   10.6,   11.3,   12.0,   13.4,   14.1,   15.5,   17.0,   18.4,   19.8,   21.2,   22.6,   24.7,   26.8,   29.0,   31.1,   33.9,   36.7,   39.5,   43.1,   46.6,   50.1,   54.4,   58.6,   63.5,   69.2,   74.8,   80.5,   87.5,   94.6,  102.4,  110.8,  120.0,  129.2,  140.5,  151.8,  163.8,  177.2,  192.0,  207.5,  225.2,  243.5,  263.3,  284.5,  308.5,  333.2,  360.7,  390.4,  422.1,  456.7,  494.1,  535.1,  578.8,  626.1,  677.7,  733.4,  793.4,  858.4,  929.0, 1005.2, 1087.8, 1176.7, 1273.5, 1377.2, 1490.2, 1613.0, 1745.0, 1888.3, 2042.9, 2210.2, 2391.6, 2587.8, 2799.6
2016-09-03T00:53:15.982,0, 14.9,    0.1,    0.4,    0.8,    1.1,    1.4,    1.8,    2.1,    2.5,    2.8,    3.1,    3.5,    3.8,    4.1,    4.5,    4.8,    5.1,    5.5,    5.0,    6.4,    7.1,    7.8,    8.5,    9.2,    9.9,   10.6,   11.3,   12.0,   13.4,   14.1,   15.5,   17.0,   18.4,   19.8,   21.2,   22.6,   24.7,   26.8,   29.0,   31.1,   33.9,   36.7,   39.5,   43.1,   46.6,   50.1,   54.4,   58.6,   63.5,   69.2,   74.8,   80.5,   87.5,   94.6,  102.4,  110.8,  120.0,  129.2,  140.5,  151.8,  163.8,  177.2,  192.0,  207.5,  225.2,  243.5,  263.3,  284.5,  308.5,  333.2,  360.7,  390.4,  422.1,  456.7,  494.1,  535.1,  578.8,  626.1,  677.7,  733.4,  793.4,  858.4,  929.0, 1005.2, 1087.8, 1176.7, 1273.5, 1377.2, 1490.2, 1613.0, 1745.0, 1888.3, 2042.9, 2210.2, 2391.6, 2587.8, 2799.6
2016-09-03T00:53:27.982,0, 14.9,    0.1,    0.4,    0.8,    1.1,    1.4,    1.8,    2.1,    2.5,    2.8,    3.1,    3.5,    3.8,    4.1,    4.5,    4.8,    5.1,    5.5,    5.0,    6.4,    7.1,    7.8,    8.5,    9.2,    9.9,   10.6,   11.3,   12.0,   13.4,   14.1,   15.5,   17.0,   18.4,   19.8,   21.2,   22.6,   24.7,   26.8,   29.0,   31.1,   33.9,   36.7,   39.5,   43.1,   46.6,   50.1,   54.4,   58.6,   63.5,   69.2,   74.8,   80.5,   87.5,   94.6,  102.4,  110.8,  120.0,  129.2,  140.5,  151.8,  163.8,  177.2,  192.0,  207.5,  225.2,  243.5,  263.3,  284.5,  308.5,  333.2,  360.7,  390.4,  422.1,  456.7,  494.1,  535.1,  578.8,  626.1,  677.7,  733.4,  793.4,  858.4,  929.0, 1005.2, 1087.8, 1176.7, 1273.5, 1377.2, 1490.2, 1613.0, 1745.0, 1888.3, 2042.9, 2210.2, 2391.6, 2587.8, 2799.6
2016-09-03T00:53:40.076,0, 14.9,    0.1,    0.4,    0.8,    1.1,    1.4,    1.8,    2.1,    2.5,    2.8,    3.1,    3.5,    3.8,    4.1,    4.5,    4.8,    5.1,    5.5,    5.0,    6.4,    7.1,    7.8,    8.5,    9.2,    9.9,   10.6,   11.3,   12.0,   13.4,   14.1,   15.5,   17.0,   18.4,   19.8,   21.2,   22.6,   24.7,   26.8,   29.0,   31.1,   33.9,   36.7,   39.5,   43.1,   46.6,   50.1,   54.4,   58.6,   63.5,   69.2,   74.8,   80.5,   87.5,   94.6,  102.4,  110.8,  120.0,  129.2,  140.5,  151.8,  163.8,  177.2,  192.0,  207.5,  225.2,  243.5,  263.3,  284.5,  308.5,  333.2,  360.7,  390.4,  422.1,  456.7,  494.1,  535.1,  578.8,  626.1,  677.7,  733.4,  793.4,  858.4,  929.0, 1005.2, 1087.8, 1176.7, 1273.5, 1377.2, 1490.2, 1613.0, 1745.0, 1888.3, 2042.9, 2210.2, 2391.6, 2587.8, 2799.6
2016-09-03T00:53:52.076,0, 14.9,    0.1,    0.4,    0.8,    1.1,    1.4,    1.8,    2.1,    2.5,    2.8,    3.1,    3.5,    3.8,    4.1,    4.5,    4.8,    5.1,    5.5,    5.0,    6.4,    7.1,    7.8,    8.5,    9.2,    9.9,   10.6,   11.3,   12.0,   13.4,   14.1,   15.5,   17.0,   18.4,   19.8,   21.2,   22.6,   24.7,   26.8,   29.0,   31.1,   33.9,   36.7,   39.5,   43.1,   46.6,   50.1,   54.4,   58.6,   63.5,   69.2,   74.8,   80.5,   87.5,   94.6,  102.4,  110.8,  120.0,  129.2,  140.5,  151.8,  163.8,  177.2,  192.0,  207.5,  225.2,  243.5,  263.3,  284.5,  308.5,  333.2,  360.7,  390.4,  422.1,  456.7,  494.1,  535.1,  578.8,  626.1,  677.7,  733.4,  793.4,  858.4,  929.0, 1005.2, 1087.8, 1176.7, 1273.5, 1377.2, 1490.2, 1613.0, 1745.0, 1888.3, 2042.9, 2210.2, 2391.6, 2587.8, 2799.6
2016-09-03T00:54:04.076,0, 14.9,    0.1,    0.4,    0.8,    1.1,    1.4,    1.8,    2.1,    2.5,    2.8,    3.1,    3.5,    3.8,    4.1,    4.5,    4.8,    5.1,    5.5,    5.0,    6.4,    7.1,    7.8,    8.5,    9.2,    9.9,   10.6,   11.3,   12.0,   13.4,   14.1,   15.5,   17.0,   18.4,   19.8,   21.2,   22.6,   24.7,   26.8,   29.0,   31.1,   33.9,   36.7,   39.5,   43.1,   46.6,   50.1,   54.4,   58.6,   63.5,   69.2,   74.8,   80.5,   87.5,   94.6,  102.4,  110.8,  120.0,  129.2,  140.5,  151.8,  163.8,  177.2,  192.0,  207.5,  225.2,  243.5,  263.3,  284.5,  308.5,  333.2,  360.7,  390.4,  422.1,  456.7,  494.1,  535.1,  578.8,  626.1,  677.7,  733.4,  793.4,  858.4,  929.0, 1005.2, 1087.8, 1176.7, 1273.5, 1377.2, 1490.2, 1613.0, 1745.0, 1888.3, 2042.9, 2210.2, 2391.6, 2587.8, 2799.6
2016-09-03T00:54:16.076,0, 14.9,    0.1,    0.4,    0.8,    1.1,    1.4,    1.8,    2.1,    2.5,    2.8,    3.1,    3.5,    3.8,    4.1,    4.5,    4.8,    5.1,    5.5,    5.0,    6.4,    7.1,    7.8,    8.5,    9.2,    9.9,   10.6,   11.3,   12.0,   13.4,   14.1,   15.5,   17.0,   18.4,   19.8,   21.2,   22.6,   24.7,   26.8,   29.0,   31.1,   33.9,   36.7,   39.5,   43.1,   46.6,   50.1,   54.4,   58.6,   63.5,   69.2,   74.8,   80.5,   87.5,   94.6,  102.4,  110.8,  120.0,  129.2,  140.5,  151.8,  163.8,  177.2,  192.0,  207.5,  225.2,  243.5,  263.3,  284.5,  308.5,  333.2,  360.7,  390.4,  422.1,  456.7,  494.1,  535.1,  578.8,  626.1,  677.7,  733.4,  793.4,  858.4,  929.0, 1005.2, 1087.8, 1176.7, 1273.5, 1377.2, 1490.2, 1613.0, 1745.0, 1888.3, 2042.9, 2210.2, 2391.6, 2587.8, 2799.6
2016-09-03T00:54:28.076,0, 14.9,    0.1,    0.4,    0.8,    1.1,    1.4,    1.8,    2.1,    2.5,    2.8,    3.1,    3.5,    3.8,    4.1,    4.5,    4.8,    5.1,    5.5,    5.0,    6.4,    7.1,    7.8,    8.5,    9.2,    9.9,   10.6,   11.3,   12.0,   13.4,   14.1,   15.5,   17.0,   18.4,   19.8,   21.2,   22.6,   24.7,   26.8,   29.0,   31.1,   33.9,   36.7,   39.5,   43.1,   46.6,   50.1,   54.4,   58.6,   63.5,   69.2,   74.8,   80.5,   87.5,   94.6,  102.4,  110.8,  120.0,  129.2,  140.5,  151.8,  163.8,  177.2,  192.0,  207.5,  225.2,  243.5,  263.3,  284.5,  308.5,  333.2,  360.7,  390.4,  422.1,  456.7,  494.1,  535.1,  578.8,  626.1,  677.7,  733.4,  793.4,  858.4,  929.0, 1005.2, 1087.8, 1176.7, 1273.5, 1377.2, 1490.2, 1613.0, 1745.0, 1888.3, 2042.9, 2210.2, 2391.6, 2587.8, 2799.6
2016-09-03T00:54:40.076,0, 14.9,    0.1,    0.4,    0.8,    1.1,    1.4,    1.8,    2.1,    2.5,    2.8,    3.1,    3.5,    3.8,    4.1,    4.5,    4.8,    5.1,    5.5,    5.0,    6.4,    7.1,    7.8,    8.5,    9.2,    9.9,   10.6,   11.3,   12.0,   13.4,   14.1,   15.5,   17.0,   18.4,   19.8,   21.2,   22.6,   24.7,   26.8,   29.0,   31.1,   33.9,   36.7,   39.5,   43.1,   46.6,   50.1,   54.4,   58.6,   63.5,   69.2,   74.8,   80.5,   87.5,   94.6,  102.4,  110.8,  120.0,  129.2,  140.5,  151.8,  163.8,  177.2,  192.0,  207.5,  225.2,  243.5,  263.3,  284.5,  308.5,  333.2,  360.7,  390.4,  422.1,  456.7,  494.1,  535.1,  578.8,  626.1,  677.7,  733.4,  793.4,  858.4,  929.0, 1005.2, 1087.8, 1176.7, 1273.5, 1377.2, 1490.2, 1613.0, 1745.0, 1888.3, 2042.9, 2210.2, 2391.6, 2587.8, 2799.6
2016-09-03T00:54:52.076,0, 14.9,    0.1,    0.4,    0.8,    1.1,    1.4,    1.8,    2.1,    2.5,    2.8,    3.1,    3.5,    3.8,    4.1,    4.5,    4.8,    5.1,    5.5,    5.0,    6.4,    7.1,    7.8,    8.5,    9.2,    9.9,   10.6,   11.3,   12.0,   13.4,   14.1,   15.5,   17.0,   18.4,   19.8,   21.2,   22.6,   24.7,   26.8,   29.0,   31.1,   33.9,   36.7,   39.5,   43.1,   46.6,   50.1,   54.4,   58.6,   63.5,   69.2,   74.8,   80.5,   87.5,   94.6,  102.4,  110.8,  120.0,  129.2,  140.5,  151.8,  163.8,  177.2,  192.0,  207.5,  225.2,  243.5,  263.3,  284.5,  308.5,  333.2,  360.7,  390.4,  422.1,  456.7,  494.1,  535.1,  578.8,  626.1,  677.7,  733.4,  793.4,  858.4,  929.0, 1005.2, 1087.8, 1176.7, 1273.5, 1377.2, 1490.2, 1613.0, 1745.0, 1888.3, 2042.9, 2210.2, 2391.6, 2587.8, 2799.6
2016-09-03T00:55:04.076,0, 14.9,    0.1,    0.4,    0.8,    1.1,    1.4,    1.8,    2.1,    2.5,    2.8,    3.1,    3.5,    3.8,    4.1,    4.5,    4.8,    5.1,    5.5,    5.0,    6.4,    7.1,    7.8,    8.5,    9.2,    9.9,   10.6,   11.3,   12.0,   13.4,   14.1,   15.5,   17.0,   18.4,   19.8,   21.2,   22.6,   24.7,   26.8,   29.0,   31.1,   33.9,   36.7,   39.5,   43.1,   46.6,   50.1,   54.4,   58.6,   63.5,   69.2,   74.8,   80.5,   87.5,   94.6,  102.4,  110.8,  120.0,  129.2,  140.5,  151.8,  163.8,  177.2,  192.0,  207.5,  225.2,  243.5,  263.3,  284.5,  308.5,  333.2,  360.7,  390.4,  422.1,  456.7,  494.1,  535.1,  578.8,  626.1,  677.7,  733.4,  793.4,  858.4,  929.0, 1005.2, 1087.8, 1176.7, 1273.5, 1377.2, 1490.2, 1613.0, 1745.0, 1888.3, 2042.9, 2210.2, 2391.6, 2587.8, 2799.6
2016-09-03T00:55:16.076,0, 14.9,    0.1,    0.4,    0.8,    1.1,    1.4,    1.8,    2.1,    2.5,    2.8,    3.1,    3.5,    3.8,    4.1,    4.5,    4.8,    5.1,    5.5,    5.0,    6.4,    7.1,    7.8,    8.5,    9.2,    9.9,   10.6,   11.3,   12.0,   13.4,   14.1,   15.5,   17.0,   18.4,   19.8,   21.2,   22.6,   24.7,   26.8,   29.0,   31.1,   33.9,   36.7,   39.5,   43.1,   46.6,   50.1,   54.4,   58.6,   63.5,   69.2,   74.8,   80.5,   87.5,   94.6,  102.4,  110.8,  120.0,  129.2,  140.5,  151.8,  163.8,  177.2,  192.0,  207.5,  225.2,  243.5,  263.3,  284.5,  308.5,  333.2,  360.7,  390.4,  422.1,  456.7,  494.1,  535.1,  578.8,  626.1,  677.7,  733.4,  793.4,  858.4,  929.0, 1005.2, 1087.8, 1176.7, 1273.5, 1377.2, 1490.2, 1613.0, 1745.0, 1888.3, 2042.9, 2210.2, 2391.6, 2587.8, 2799.6
2016-09-03T00:55:28.076,0, 14.9,    0.1,    0.4,    0.8,    1.1,    1.4,    1.8,    2.1,    2.5,    2.8,    3.1,    3.5,    3.8,    4.1,    4.5,    4.8,    5.1,    5.5,    5.0,    6.4,    7.1,    7.8,    8.5,    9.2,    9.9,   10.6,   11.3,   12.0,   13.4,   14.1,   15.5,   17.0,   18.4,   19.8,   21.2,   22.6,   24.7,   26.8,   29.0,   31.1,   33.9,   36.7,   39.5,   43.1,   46.6,   50.1,   54.4,   58.6,   63.5,   69.2,   74.8,   80.5,   87.5,   94.6,  102.4,  110.8,  120.0,  129.2,  140.5,  151.8,  163.8,  177.2,  192.0,  207.5,  225.2,  243.5,  263.3,  284.5,  308.5,  333.2,  360.7,  390.4,  422.1,  456.7,  494.1,  535.1,  578.8,  626.1,  677.7,  733.4,  793.4,  858.4,  929.0, 1005.2, 1087.8, 1176.7, 1273.5, 1377.2, 1490.2, 1613.0, 1745.0, 1888.3, 2042.9, 2210.2, 2391.6, 2587.8, 2799.6
2016-09-03T00:55:40.076,0, 14.9,    0.1,    0.4,    0.8,    1.1,    1.4,    1.8,    2.1,    2.5,    2.8,    3.1,    3.5,    3.8,    4.1,    4.5,    4.8,    5.1,    5.5,    5.0,    6.4,    7.1,    7.8,    8.5,    9.2,    9.9,   10.6,   11.3,   12.0,   13.4,   14.1,   15.5,   17.0,   18.4,   19.8,   21.2,   22.6,   24.7,   26.8,   29.0,   31.1,   33.9,   36.7,   39.5,   43.1,   46.6,   50.1,   54.4,   58.6,   63.5,   69.2,   74.8,   80.5,   87.5,   94.6,  102.4,  110.8,  120.0,  129.2,  140.5,  151.8,  163.8,  177.2,  192.0,  207.5,  225.2,  243.5,  263.3,  284.5,  308.5,  333.2,  360.7,  390.4,  422.1,  456.7,  494.1,  535.1,  578.8,  626.1,  677.7,  733.4,  793.4,  858.4,  929.0, 1005.2, 1087.8, 1176.7, 1273.5, 1377.2, 1490.2, 1613.0, 1745.0, 1888.3, 2042.9, 2210.2, 2391.6, 2587.8, 2799.6
2016-09-03T00:55:52.076,0, 14.9,    0.1,    0.4,    0.8,    1.1,    1.4,    1.8,    2.1,    2.5,    2.8,    3.1,    3.5,    3.8,    4.1,    4.5,    4.8,    5.1,    5.5,    5.0,    6.4,    7.1,    7.8,    8.5,    9.2,    9.9,   10.6,   11.3,   12.0,   13.4,   14.1,   15.5,   17.0,   18.4,   19.8,   21.2,   22.6,   24.7,   26.8,   29.0,   31.1,   33.9,   36.7,   39.5,   43.1,   46.6,   50.1,   54.4,   58.6,   63.5,   69.2,   74.8,   80.5,   87.5,   94.6,  102.4,  110.8,  120.0,  129.2,  140.5,  151.8,  163.8,  177.2,  192.0,  207.5,  225.2,  243.5,  263.3,  284.5,  308.5,  333.2,  360.7,  390.4,  422.1,  456.7,  494.1,  535.1,  578.8,  626.1,  677.7,  733.4,  793.4,  858.4,  929.0, 1005.2, 1087.8, 1176.7, 1273.5, 1377.2, 1490.2, 1613.0, 1745.0, 1888.3, 2042.9, 2210.2, 2391.6, 2587.8, 2799.6
2016-09-03T00:56:04.076,0, 14.9,    0.1,    0.4,    0.8,    1.1,    1.4,    1.8,    2.1,    2.5,    2.8,    3.1,    3.5,    3.8,    4.1,    4.5,    4.8,    5.1,    5.5,    5.0,    6.4,    7.1,    7.8,    8.5,    9.2,    9.9,   10.6,   11.3,   12.0,   13.4,   14.1,   15.5,   17.0,   18.4,   19.8,   21.2,   22.6,   24.7,   26.8,   29.0,   31.1,   33.9,   36.7,   39.5,   43.1,   46.6,   50.1,   54.4,   58.6,   63.5,   69.2,   74.8,   80.5,   87.5,   94.6,  102.4,  110.8,  120.0,  129.2,  140.5,  151.8,  163.8,  177.2,  192.0,  207.5,  225.2,  243.5,  263.3,  284.5,  308.5,  333.2,  360.7,  390.4,  422.1,  456.7,  494.1,  535.1,  578.8,  626.1,  677.7,  733.4,  793.4,  858.4,  929.0, 1005.2, 1087.8, 1176.7, 1273.5, 1377.2, 1490.2, 1613.0, 1745.0, 1888.3, 2042.9, 2210.2, 2391.6, 2587.8, 2799.6
2016-09-03T00:56:16.076,0, 14.9,    0.1,    0.4,    0.8,    1.1,    1.4,    1.8,    2.1,    2.5,    2.8,    3.1,    3.5,    3.8,    4.1,    4.5,    4.8,    5.1,    5.5,    5.0,    6.4,    7.1,    7.8,    8.5,    9.2,    9.9,   10.6,   11.3,   12.0,   13.4,   14.1,   15.5,   17.0,   18.4,   19.8,   21.2,   22.6,   24.7,   26.8,   29.0,   31.1,   33.9,   36.7,   39.5,   43.1,   46.6,   50.1,   54.4,   58.6,   63.5,   69.2,   74.8,   80.5,   87.5,   94.6,  102.4,  110.8,  120.0,  129.2,  140.5,  151.8,  163.8,  177.2,  192.0,  207.5,  225.2,  243.5,  263.3,  284.5,  308.5,  333.2,  360.7,  390.4,  422.1,  456.7,  494.1,  535.1,  578.8,  626.1,  677.7,  733.4,  793.4,  858.4,  929.0, 1005.2, 1087.8, 1176.7, 1273.5, 1377.2, 1490.2, 1613.0, 1745.0, 1888.3, 2042.9, 2210.2, 2391.6, 2587.8, 2799.6
2016-09-03T00:56:28.076,0, 14.9,    0.1,    0.4,    0.8,    1.1,    1.4,    1.8,    2.1,    2.5,    2.8,    3.1,    3.5,    3.8,    4.1,    4.5,    4.8,    5.1,    5.5,    5.0,    6.4,    7.1,    7.8,    8.5,    9.2,    9.9,   10.6,   11.3,   12.0,   13.4,   14.1,   15.5,   17.0,   18.4,   19.8,   21.2,   22.6,   24.7,   26.8,   29.0,   31.1,   33.9,   36.7,   39.5,   43.1,   46.6,   50.1,   54.4,   58.6,   63.5,   69.2,   74.8,   80.5,   87.5,   94.6,  102.4,  110.8,  120.0,  129.2,  140.5,  151.8,  163.8,  177.2,  192.0,  207.5,  225.2,  243.5,  263.3,  284.5,  308.5,  333.2,  360.7,  390.4,  422.1,  456.7,  494.1,  535.1,  578.8,  626.1,  677.7,  733.4,  793.4,  858.4,  929.0, 1005.2, 1087.8, 1176.7, 1273.5, 1377.2, 1490.2, 1613.0, 1745.0, 1888.3, 2042.9, 2210.2, 2391.6, 2587.8, 2799.6
2016-09-03T00:56:40.076,0, 14.9,    0.1,    0.4,    0.8,    1.1,    1.4,    1.8,    2.1,    2.5,    2.8,    3.1,    3.5,    3.8,    4.1,    4.5,    4.8,    5.1,    5.5,    5.0,    6.4,    7.1,    7.8,    8.5,    9.2,    9.9,   10.6,   11.3,   12.0,   13.4,   14.1,   15.5,   17.0,   18.4,   19.8,   21.2,   22.6,   24.7,   26.8,   29.0,   31.1,   33.9,   36.7,   39.5,   43.1,   46.6,   50.1,   54.4,   58.6,   63.5,   69.2,   74.8,   80.5,   87.5,   94.6,  102.4,  110.8,  120.0,  129.2,  140.5,  151.8,  163.8,  177.2,  192.0,  207.5,  225.2,  243.5,  263.3,  284.5,  308.5,  333.2,  360.7,  390.4,  422.1,  456.7,  494.1,  535.1,  578.8,  626.1,  677.7,  733.4,  793.4,  858.4,  929.0, 1005.2, 1087.8, 1176.7, 1273.5, 1377.2, 1490.2, 1613.0, 1745.0, 1888.3, 2042.9, 2210.2, 2391.6, 2587.8, 2799.6
2016-09-03T00:56:52.045,0, 14.9,    0.1,    0.4,    0.8,    1.1,    1.4,    1.8,    2.1,    2.5,    2.8,    3.1,    3.5,    3.8,    4.1,    4.5,    4.8,    5.1,    5.5,    5.0,    6.4,    7.1,    7.8,    8.5,    9.2,    9.9,   10.6,   11.3,   12.0,   13.4,   14.1,   15.5,   17.0,   18.4,   19.8,   21.2,   22.6,   24.7,   26.8,   29.0,   31.1,   33.9,   36.7,   39.5,   43.1,   46.6,   50.1,   54.4,   58.6,   63.5,   69.2,   74.8,   80.5,   87.5,   94.6,  102.4,  110.8,  120.0,  129.2,  140.5,  151.8,  163.8,  177.2,  192.0,  207.5,  225.2,  243.5,  263.3,  284.5,  308.5,  333.2,  360.7,  390.4,  422.1,  456.7,  494.1,  535.1,  578.8,  626.1,  677.7,  733.4,  793.4,  858.4,  929.0, 1005.2, 1087.8, 1176.7, 1273.5, 1377.2, 1490.2, 1613.0, 1745.0, 1888.3, 2042.9, 2210.2, 2391.6, 2587.8, 2799.6
2016-09-03T00:57:04.045,0, 14.9,    0.1,    0.4,    0.8,    1.1,    1.4,    1.8,    2.1,    2.5,    2.8,    3.1,    3.5,    3.8,    4.1,    4.5,    4.8,    5.1,    5.5,    5.0,    6.4,    7.1,    7.8,    8.5,    9.2,    9.9,   10.6,   11.3,   12.0,   13.4,   14.1,   15.5,   17.0,   18.4,   19.8,   21.2,   22.6,   24.7,   26.8,   29.0,   31.1,   33.9,   36.7,   39.5,   43.1,   46.6,   50.1,   54.4,   58.6,   63.5,   69.2,   74.8,   80.5,   87.5,   94.6,  102.4,  110.8,  120.0,  129.2,  140.5,  151.8,  163.8,  177.2,  192.0,  207.5,  225.2,  243.5,  263.3,  284.5,  308.5,  333.2,  360.7,  390.4,  422.1,  456.7,  494.1,  535.1,  578.8,  626.1,  677.7,  733.4,  793.4,  858.4,  929.0, 1005.2, 1087.8, 1176.7, 1273.5, 1377.2, 1490.2, 1613.0, 1745.0, 1888.3, 2042.9, 2210.2, 2391.6, 2587.8, 2799.6
2016-09-03T00:57:16.045,0, 14.9,    0.1,    0.4,    0.8,    1.1,    1.4,    1.8,    2.1,    2.5,    2.8,    3.1,    3.5,    3.8,    4.1,    4.5,    4.8,    5.1,    5.5,    5.0,    6.4,    7.1,    7.8,    8.5,    9.2,    9.9,   10.6,   11.3,   12.0,   13.4,   14.1,   15.5,   17.0,   18.4,   19.8,   21.2,   22.6,   24.7,   26.8,   29.0,   31.1,   33.9,   36.7,   39.5,   43.1,   46.6,   50.1,   54.4,   58.6,   63.5,   69.2,   74.8,   80.5,   87.5,   94.6,  102.4,  110.8,  120.0,  129.2,  140.5,  151.8,  163.8,  177.2,  192.0,  207.5,  225.2,  243.5,  263.3,  284.5,  308.5,  333.2,  360.7,  390.4,  422.1,  456.7,  494.1,  535.1,  578.8,  626.1,  677.7,  733.4,  793.4,  858.4,  929.0, 1005.2, 1087.8, 1176.7, 1273.5, 1377.2, 1490.2, 1613.0, 1745.0, 1888.3, 2042.9, 2210.2, 2391.6, 2587.8, 2799.6
2016-09-03T00:57:28.045,0, 14.9,    0.1,    0.4,    0.8,    1.1,    1.4,    1.8,    2.1,    2.5,    2.8,    3.1,    3.5,    3.8,    4.1,    4.5,    4.8,    5.1,    5.5,    5.0,    6.4,    7.1,    7.8,    8.5,    9.2,    9.9,   10.6,   11.3,   12.0,   13.4,   14.1,   15.5,   17.0,   18.4,   19.8,   21.2,   22.6,   24.7,   26.8,   29.0,   31.1,   33.9,   36.7,   39.5,   43.1,   46.6,   50.1,   54.4,   58.6,   63.5,   69.2,   74.8,   80.5,   87.5,   94.6,  102.4,  110.8,  120.0,  129.2,  140.5,  151.8,  163.8,  177.2,  192.0,  207.5,  225.2,  243.5,  263.3,  284.5,  308.5,  333.2,  360.7,  390.4,  422.1,  456.7,  494.1,  535.1,  578.8,  626.1,  677.7,  733.4,  793.4,  858.4,  929.0, 1005.2, 1087.8, 1176.7, 1273.5, 1377.2, 1490.2, 1613.0, 1745.0, 1888.3, 2042.9, 2210.2, 2391.6, 2587.8, 2799.6
2016-09-03T00:57:40.045,0, 14.9,    0.1,    0.4,    0.8,    1.1,    1.4,    1.8,    2.1,    2.5,    2.8,    3.1,    3.5,    3.8,    4.1,    4.5,    4.8,    5.1,    5.5,    5.0,    6.4,    7.1,    7.8,    8.5,    9.2,    9.9,   10.6,   11.3,   12.0,   13.4,   14.1,   15.5,   17.0,   18.4,   19.8,   21.2,   22.6,   24.7,   26.8,   29.0,   31.1,   33.9,   36.7,   39.5,   43.1,   46.6,   50.1,   54.4,   58.6,   63.5,   69.2,   74.8,   80.5,   87.5,   94.6,  102.4,  110.8,  120.0,  129.2,  140.5,  151.8,  163.8,  177.2,  192.0,  207.5,  225.2,  243.5,  263.3,  284.5,  308.5,  333.2,  360.7,  390.4,  422.1,  456.7,  494.1,  535.1,  578.8,  626.1,  677.7,  733.4,  793.4,  858.4,  929.0, 1005.2, 1087.8, 1176.7, 1273.5, 1377.2, 1490.2, 1613.0, 1745.0, 1888.3, 2042.9, 2210.2, 2391.6, 2587.8, 2799.6
2016-09-03T00:57:52.045,0, 14.9,    0.1,    0.4,    0.8,    1.1,    1.4,    1.8,    2.1,    2.5,    2.8,    3.1,    3.5,    3.8,    4.1,    4.5,    4.8,    5.1,    5.5,    5.0,    6.4,    7.1,    7.8,    8.5,    9.2,    9.9,   10.6,   11.3,   12.0,   13.4,   14.1,   15.5,   17.0,   18.4,   19.8,   21.2,   22.6,   24.7,   26.8,   29.0,   31.1,   33.9,   36.7,   39.5,   43.1,   46.6,   50.1,   54.4,   58.6,   63.5,   69.2,   74.8,   80.5,   87.5,   94.6,  102.4,  110.8,  120.0,  129.2,  140.5,  151.8,  163.8,  177.2,  192.0,  207.5,  225.2,  243.5,  263.3,  284.5,  308.5,  333.2,  360.7,  390.4,  422.1,  456.7,  494.1,  535.1,  578.8,  626.1,  677.7,  733.4,  793.4,  858.4,  929.0, 1005.2, 1087.8, 1176.7, 1273.5, 1377.2, 1490.2, 1613.0, 1745.0, 1888.3, 2042.9, 2210.2, 2391.6, 2587.8, 2799.6
2016-09-03T00:58:04.045,0, 14.9,    0.1,    0.4,    0.8,    1.1,    1.4,    1.8,    2.1,    2.5,    2.8,    3.1,    3.5,    3.8,    4.1,    4.5,    4.8,    5.1,    5.5,    5.0,    6.4,    7.1,    7.8,    8.5,    9.2,    9.9,   10.6,   11.3,   12.0,   13.4,   14.1,   15.5,   17.0,   18.4,   19.8,   21.2,   22.6,   24.7,   26.8,   29.0,   31.1,   33.9,   36.7,   39.5,   43.1,   46.6,   50.1,   54.4,   58.6,   63.5,   69.2,   74.8,   80.5,   87.5,   94.6,  102.4,  110.8,  120.0,  129.2,  140.5,  151.8,  163.8,  177.2,  192.0,  207.5,  225.2,  243.5,  263.3,  284.5,  308.5,  333.2,  360.7,  390.4,  422.1,  456.7,  494.1,  535.1,  578.8,  626.1,  677.7,  733.4,  793.4,  858.4,  929.0, 1005.2, 1087.8, 1176.7, 1273.5, 1377.2, 1490.2, 1613.0, 1745.0, 1888.3, 2042.9, 2210.2, 2391.6, 2587.8, 2799.6
2016-09-03T00:58:16.045,0, 14.9,    0.1,    0.4,    0.8,    1.1,    1.4,    1.8,    2.1,    2.5,    2.8,    3.1,    3.5,    3.8,    4.1,    4.5,    4.8,    5.1,    5.5,    5.0,    6.4,    7.1,    7.8,    8.5,    9.2,    9.9,   10.6,   11.3,   12.0,   13.4,   14.1,   15.5,   17.0,   18.4,   19.8,   21.2,   22.6,   24.7,   26.8,   29.0,   31.1,   33.9,   36.7,   39.5,   43.1,   46.6,   50.1,   54.4,   58.6,   63.5,   69.2,   74.8,   80.5,   87.5,   94.6,  102.4,  110.8,  120.0,  129.2,  140.5,  151.8,  163.8,  177.2,  192.0,  207.5,  225.2,  243.5,  263.3,  284.5,  308.5,  333.2,  360.7,  390.4,  422.1,  456.7,  494.1,  535.1,  578.8,  626.1,  677.7,  733.4,  793.4,  858.4,  929.0, 1005.2, 1087.8, 1176.7, 1273.5, 1377.2, 1490.2, 1613.0, 1745.0, 1888.3, 2042.9, 2210.2, 2391.6, 2587.8, 2799.6
2016-09-03T00:58:28.045,0, 14.9,    0.1,    0.4,    0.8,    1.1,    1.4,    1.8,    2.1,    2.5,    2.8,    3.1,    3.5,    3.8,    4.1,    4.5,    4.8,    5.1,    5.5,    5.0,    6.4,    7.1,    7.8,    8.5,    9.2,    9.9,   10.6,   11.3,   12.0,   13.4,   14.1,   15.5,   17.0,   18.4,   19.8,   21.2,   22.6,   24.7,   26.8,   29.0,   31.1,   33.9,   36.7,   39.5,   43.1,   46.6,   50.1,   54.4,   58.6,   63.5,   69.2,   74.8,   80.5,   87.5,   94.6,  102.4,  110.8,  120.0,  129.2,  140.5,  151.8,  163.8,  177.2,  192.0,  207.5,  225.2,  243.5,  263.3,  284.5,  308.5,  333.2,  360.7,  390.4,  422.1,  456.7,  494.1,  535.1,  578.8,  626.1,  677.7,  733.4,  793.4,  858.4,  929.0, 1005.2, 1087.8, 1176.7, 1273.5, 1377.2, 1490.2, 1613.0, 1745.0, 1888.3, 2042.9, 2210.2, 2391.6, 2587.8, 2799.6
2016-09-03T00:58:40.045,0, 14.9,    0.1,    0.4,    0.8,    1.1,    1.4,    1.8,    2.1,    2.5,    2.8,    3.1,    3.5,    3.8,    4.1,    4.5,    4.8,    5.1,    5.5,    5.0,    6.4,    7.1,    7.8,    8.5,    9.2,    9.9,   10.6,   11.3,   12.0,   13.4,   14.1,   15.5,   17.0,   18.4,   19.8,   21.2,   22.6,   24.7,   26.8,   29.0,   31.1,   33.9,   36.7,   39.5,   43.1,   46.6,   50.1,   54.4,   58.6,   63.5,   69.2,   74.8,   80.5,   87.5,   94.6,  102.4,  110.8,  120.0,  129.2,  140.5,  151.8,  163.8,  177.2,  192.0,  207.5,  225.2,  243.5,  263.3,  284.5,  308.5,  333.2,  360.7,  390.4,  422.1,  456.7,  494.1,  535.1,  578.8,  626.1,  677.7,  733.4,  793.4,  858.4,  929.0, 1005.2, 1087.8, 1176.7, 1273.5, 1377.2, 1490.2, 1613.0, 1745.0, 1888.3, 2042.9, 2210.2, 2391.6, 2587.8, 2799.6
2016-09-03T00:58:52.045,0, 14.9,    0.1,    0.4,    0.8,    1.1,    1.4,    1.8,    2.1,    2.5,    2.8,    3.1,    3.5,    3.8,    4.1,    4.5,    4.8,    5.1,    5.5,    5.0,    6.4,    7.1,    7.8,    8.5,    9.2,    9.9,   10.6,   11.3,   12.0,   13.4,   14.1,   15.5,   17.0,   18.4,   19.8,   21.2,   22.6,   24.7,   26.8,   29.0,   31.1,   33.9,   36.7,   39.5,   43.1,   46.6,   50.1,   54.4,   58.6,   63.5,   69.2,   74.8,   80.5,   87.5,   94.6,  102.4,  110.8,  120.0,  129.2,  140.5,  151.8,  163.8,  177.2,  192.0,  207.5,  225.2,  243.5,  263.3,  284.5,  308.5,  333.2,  360.7,  390.4,  422.1,  456.7,  494.1,  535.1,  578.8,  626.1,  677.7,  733.4,  793.4,  858.4,  929.0, 1005.2, 1087.8, 1176.7, 1273.5, 1377.2, 1490.2, 1613.0, 1745.0, 1888.3, 2042.9, 2210.2, 2391.6, 2587.8, 2799.6
2016-09-03T00:59:04.045,0, 14.9,    0.1,    0.4,    0.8,    1.1,    1.4,    1.8,    2.1,    2.5,    2.8,    3.1,    3.5,    3.8,    4.1,    4.5,    4.8,    5.1,    5.5,    5.0,    6.4,    7.1,    7.8,    8.5,    9.2,    9.9,   10.6,   11.3,   12.0,   13.4,   14.1,   15.5,   17.0,   18.4,   19.8,   21.2,   22.6,   24.7,   26.8,   29.0,   31.1,   33.9,   36.7,   39.5,   43.1,   46.6,   50.1,   54.4,   58.6,   63.5,   69.2,   74.8,   80.5,   87.5,   94.6,  102.4,  110.8,  120.0,  129.2,  140.5,  151.8,  163.8,  177.2,  192.0,  207.5,  225.2,  243.5,  263.3,  284.5,  308.5,  333.2,  360.7,  390.4,  422.1,  456.7,  494.1,  535.1,  578.8,  626.1,  677.7,  733.4,  793.4,  858.4,  929.0, 1005.2, 1087.8, 1176.7, 1273.5, 1377.2, 1490.2, 1613.0, 1745.0, 1888.3, 2042.9, 2210.2, 2391.6, 2587.8, 2799.6
2016-09-03T00:59:16.045,0, 14.9,    0.1,    0.4,    0.8,    1.1,    1.4,    1.8,    2.1,    2.5,    2.8,    3.1,    3.5,    3.8,    4.1,    4.5,    4.8,    5.1,    5.5,    5.0,    6.4,    7.1,    7.8,    8.5,    9.2,    9.9,   10.6,   11.3,   12.0,   13.4,   14.1,   15.5,   17.0,   18.4,   19.8,   21.2,   22.6,   24.7,   26.8,   29.0,   31.1,   33.9,   36.7,   39.5,   43.1,   46.6,   50.1,   54.4,   58.6,   63.5,   69.2,   74.8,   80.5,   87.5,   94.6,  102.4,  110.8,  120.0,  129.2,  140.5,  151.8,  163.8,  177.2,  192.0,  207.5,  225.2,  243.5,  263.3,  284.5,  308.5,  333.2,  360.7,  390.4,  422.1,  456.7,  494.1,  535.1,  578.8,  626.1,  677.7,  733.4,  793.4,  858.4,  929.0, 1005.2, 1087.8, 1176.7, 1273.5, 1377.2, 1490.2, 1613.0, 1745.0, 1888.3, 2042.9, 2210.2, 2391.6, 2587.8, 2799.6
2016-09-03T00:59:28.045,0, 14.9,    0.1,    0.4,    0.8,    1.1,    1.4,    1.8,    2.1,    2.5,    2.8,    3.1,    3.5,    3.8,    4.1,    4.5,    4.8,    5.1,    5.5,    5.0,    6.4,    7.1,    7.8,    8.5,    9.2,    9.9,   10.6,   11.3,   12.0,   13.4,   14.1,   15.5,   17.0,   18.4,   19.8,   21.2,   22.6,   24.7,   26.8,   29.0,   31.1,   33.9,   36.7,   39.5,   43.1,   46.6,   50.1,   54.4,   58.6,   63.5,   69.2,   74.8,   80.5,   87.5,   94.6,  102.4,  110.8,  120.0,  129.2,  140.5,  151.8,  163.8,  177.2,  192.0,  207.5,  225.2,  243.5,  263.3,  284.5,  308.5,  333.2,  360.7,  390.4,  422.1,  456.7,  494.1,  535.1,  578.8,  626.1,  677.7,  733.4,  793.4,  858.4,  929.0, 1005.2, 1087.8, 1176.7, 1273.5, 1377.2, 1490.2, 1613.0, 1745.0, 1888.3, 2042.9, 2210.2, 2391.6, 2587.8, 2799.6
2016-09-03T00:59:40.045,0, 14.9,    0.1,    0.4,    0.8,    1.1,    1.4,    1.8,    2.1,    2.5,    2.8,    3.1,    3.5,    3.8,    4.1,    4.5,    4.8,    5.1,    5.5,    5.0,    6.4,    7.1,    7.8,    8.5,    9.2,    9.9,   10.6,   11.3,   12.0,   13.4,   14.1,   15.5,   17.0,   18.4,   19.8,   21.2,   22.6,   24.7,   26.8,   29.0,   31.1,   33.9,   36.7,   39.5,   43.1,   46.6,   50.1,   54.4,   58.6,   63.5,   69.2,   74.8,   80.5,   87.5,   94.6,  102.4,  110.8,  120.0,  129.2,  140.5,  151.8,  163.8,  177.2,  192.0,  207.5,  225.2,  243.5,  263.3,  284.5,  308.5,  333.2,  360.7,  390.4,  422.1,  456.7,  494.1,  535.1,  578.8,  626.1,  677.7,  733.4,  793.4,  858.4,  929.0, 1005.2, 1087.8, 1176.7, 1273.5, 1377.2, 1490.2, 1613.0, 1745.0, 1888.3, 2042.9, 2210.2, 2391.6, 2587.8, 2799.6
2016-09-03T00:59:52.045,0, 14.9,    0.1,    0.4,    0.8,    1.1,    1.4,    1.8,    2.1,    2.5,    2.8,    3.1,    3.5,    3.8,    4.1,    4.5,    4.8,    5.1,    5.5,    5.0,    6.4,    7.1,    7.8,    8.5,    9.2,    9.9,   10.6,   11.3,   12.0,   13.4,   14.1,   15.5,   17.0,   18.4,   19.8,   21.2,   22.6,   24.7,   26.8,   29.0,   31.1,   33.9,   36.7,   39.5,   43.1,   46.6,   50.1,   54.4,   58.6,   63.5,   69.2,   74.8,   80.5,   87.5,   94.6,  102.4,  110.8,  120.0,  129.2,  140.5,  151.8,  163.8,  177.2,  192.0,  207.5,  225.2,  243.5,  263.3,  284.5,  308.5,  333.2,  360.7,  390.4,  422.1,  456.7,  494.1,  535.1,  578.8,  626.1,  677.7,  733.4,  793.4,  858.4,  929.0, 1005.2, 1087.8, 1176.7, 1273.5, 1377.2, 1490.2, 1613.0, 1745.0, 1888.3, 2042.9, 2210.2, 2391.6, 2587.8, 2799.6
