time_utc,et,L_km,L_m,L_AU
1979-03-05 00:00:00,-657287949.8145592,930298.307825996,930298307.8259959,0.00621866008836178
1979-03-05 00:01:00,-657287889.8145592,929312.7955592758,929312795.5592757,0.006212072345754824
1979-03-05 00:02:00,-657287829.8145592,928327.214893808,928327214.893808,0.006205484145930481
1979-03-05 00:03:00,-657287769.8145592,927341.5661738798,927341566.1738797,0.006198895491190169
1979-03-05 00:04:00,-657287709.8145592,926355.8497460856,926355849.7460856,0.006192306383850727
1979-03-05 00:05:00,-657287649.8145592,925370.0659618514,925370065.9618514,0.006185716826261295
1979-03-05 00:06:00,-657287589.8145592,924384.2151683444,924384215.1683445,0.00617912682074254
1979-03-05 00:07:00,-657287529.8145592,923398.2977252399,923398297.7252399,0.006172536369698743
1979-03-05 00:08:00,-657287469.8145592,922412.3139874358,922412313.9874358,0.006165945475502251
1979-03-05 00:09:00,-657287409.8145592,921426.264314228,921426264.3142279,0.00615935414055481
1979-03-05 00:10:00,-657287349.8145592,920440.1490707146,920440149.0707146,0.006152762367296947
1979-03-05 00:11:00,-657287289.8145592,919453.9686219179,919453968.6219178,0.0061461701581686885
1979-03-05 00:12:00,-657287229.8145592,918467.7233384867,918467723.3384868,0.006139577515647666
1979-03-05 00:13:00,-657287169.8145592,917481.4135876007,917481413.5876007,0.006132984442188326
1979-03-05 00:14:00,-657287109.8145592,916495.0397480368,916495039.7480367,0.006126390940322634
1979-03-05 00:15:00,-657287049.8145592,915508.6021976802,915508602.1976801,0.006119797012576598
1979-03-05 00:16:00,-657286989.8145592,914522.1013115362,914522101.3115362,0.006113202661456974
1979-03-05 00:17:00,-657286929.8145592,913535.5374752212,913535537.4752212,0.0061066078895414475
1979-03-05 00:18:00,-657286869.8145592,912548.9110775049,912548911.0775049,0.006100012699428782
1979-03-05 00:19:00,-657286809.8145592,911562.22250459,911562222.50459,0.006093417093700587
1979-03-05 00:20:00,-657286749.8145592,910575.4721517843,910575472.1517843,0.006086821074999328
1979-03-05 00:21:00,-657286689.8145592,909588.6604108473,909588660.4108473,0.006080224645943756
1979-03-05 00:22:00,-657286629.8145592,908601.7876807566,908601787.6807567,0.0060736278092008746
1979-03-05 00:23:00,-657286569.8145592,907614.8543619658,907614854.3619658,0.0060670305674475474
1979-03-05 00:24:00,-657286509.8145592,906627.8608592273,906627860.8592273,0.006060432923389379
1979-03-05 00:25:00,-657286449.8145592,905640.8075821289,905640807.5821289,0.0060538348797642945
1979-03-05 00:26:00,-657286389.8145592,904653.6949413477,904653694.9413477,0.0060472364393175
1979-03-05 00:27:00,-657286329.8145592,903666.5233454794,903666523.3454794,0.00604063760478029
1979-03-05 00:28:00,-657286269.8145592,902679.2932164232,902679293.2164233,0.0060340383789728854
1979-03-05 00:29:00,-657286209.8145592,901692.00497409,901692004.97409,0.006027438764702218
1979-03-05 00:30:00,-657286149.8145592,900704.6590366998,900704659.0366998,0.006020838764763915
1979-03-05 00:31:00,-657286089.8145592,899717.2558355347,899717255.8355347,0.00601423838204092
1979-03-05 00:32:00,-657286029.8145592,898729.7958005767,898729795.8005767,0.006007637619407485
1979-03-05 00:33:00,-657285969.8145592,897742.2793622036,897742279.3622036,0.006001036479740507
1979-03-05 00:34:00,-657285909.8145592,896754.7069567101,896754706.9567101,0.005994434965956438
1979-03-05 00:35:00,-657285849.8145592,895767.0790259049,895767079.0259049,0.005987833081008585
1979-03-05 00:36:00,-657285789.8145592,894779.3960129404,894779396.0129404,0.00598123082785924
1979-03-05 00:37:00,-657285729.8145592,893791.6583591343,893791658.3591343,0.005974628209458428
1979-03-05 00:38:00,-657285669.8145592,892803.8665216215,892803866.5216215,0.005968025228861908
1979-03-05 00:39:00,-657285609.8145592,891816.0209460355,891816020.9460355,0.005961421889048556
1979-03-05 00:40:00,-657285549.8145592,890828.122096679,890828122.0966791,0.005954818193122044
1979-03-05 00:41:00,-657285489.8145592,889840.1704279837,889840170.4279838,0.005948214144120059
1979-03-05 00:42:00,-657285429.8145592,888852.166404308,888852166.4043081,0.005941609745146647
1979-03-05 00:43:00,-657285369.8145592,887864.11049407,887864110.4940699,0.0059350049993329886
1979-03-05 00:44:00,-657285309.8145592,886876.0031665155,886876003.1665155,0.005928399909815799
1979-03-05 00:45:00,-657285249.8145592,885887.8448974999,885887844.8974999,0.005921794479775974
1979-03-05 00:46:00,-657285189.8145592,884899.6361647319,884899636.164732,0.0059151887124068
1979-03-05 00:47:00,-657285129.8145592,883911.3774473168,883911377.4473168,0.005908582610910897
1979-03-05 00:48:00,-657285069.8145592,882923.0692325324,882923069.2325324,0.0059019761785455175
1979-03-05 00:49:00,-657285009.8145592,881934.7120064804,881934712.0064805,0.00589536941856005
1979-03-05 00:50:00,-657284949.8145592,880946.3062666517,880946306.2666517,0.005888762334280015
1979-03-05 00:51:00,-657284889.8145592,879957.8525011878,879957852.5011878,0.005882154928968437
1979-03-05 00:52:00,-657284829.8145592,878969.3512176756,878969351.2176756,0.005875547206018325
1979-03-05 00:53:00,-657284769.8145592,877980.8029144941,877980802.914494,0.005868939168761138
1979-03-05 00:54:00,-657284709.8145592,876992.2081018297,876992208.1018298,0.00586233082060726
1979-03-05 00:55:00,-657284649.8145592,876003.5672876339,876003567.2876339,0.005855722164952138
1979-03-05 00:56:00,-657284589.8145592,875014.8809921613,875014880.9921614,0.005849113205273458
1979-03-05 00:57:00,-657284529.8145592,874026.1497293676,874026149.7293676,0.0058425039450068035
1979-03-05 00:58:00,-657284469.8145592,873037.3740219893,873037374.0219893,0.00583589438764645
1979-03-05 00:59:00,-657284409.8145592,872048.5544015403,872048554.4015403,0.005829284536745351
1979-03-05 01:00:00,-657284349.8145592,871059.6913939938,871059691.3939939,0.005822674395819418
1979-03-05 01:01:00,-657284289.8145592,870070.7855360456,870070785.5360456,0.005816063968456241
1979-03-05 01:02:00,-657284229.8145592,869081.8373663854,869081837.3663853,0.00580945325825674
1979-03-05 01:03:00,-657284169.8145592,868092.8474280098,868092847.4280099,0.005802842268850621
1979-03-05 01:04:00,-657284109.8145592,867103.8162672886,867103816.2672887,0.005796231003890142
1979-03-05 01:05:00,-657284049.8145592,866114.7444327368,866114744.4327368,0.005789619467041898
1979-03-05 01:06:00,-657283989.8145592,865125.6324841239,865125632.484124,0.005783007662047719
1979-03-05 01:07:00,-657283929.8145592,864136.48097594,864136480.97594,0.00577639559261414
1979-03-05 01:08:00,-657283869.8145592,863147.2904735442,863147290.4735441,0.005769783262520355
1979-03-05 01:09:00,-657283809.8145592,862158.0615445839,862158061.5445839,0.005763170675560852
1979-03-05 01:10:00,-657283749.8145592,861168.7947606078,861168794.7606077,0.005756557835556197
1979-03-05 01:11:00,-657283689.8145592,860179.4906980149,860179490.6980149,0.0057499447463593804
1979-03-05 01:12:00,-657283629.8145592,859190.1499370051,859190149.9370052,0.0057433314118488
1979-03-05 01:13:00,-657283569.8145592,858200.773062105,858200773.0621051,0.005736717835931772
1979-03-05 01:14:00,-657283509.8145592,857211.3606623716,857211360.6623716,0.0057301040225459015
1979-03-05 01:15:00,-657283449.8145592,856221.9133312595,856221913.3312595,0.005723489975658187
1979-03-05 01:16:00,-657283389.8145592,855232.431666519,855232431.666519,0.0057168756992643415
1979-03-05 01:17:00,-657283329.8145592,854242.916270394,854242916.270394,0.0057102611973901185
1979-03-05 01:18:00,-657283269.8145592,853253.3677499362,853253367.7499362,0.005703646474093406
1979-03-05 01:19:00,-657283209.8145592,852263.7867186614,852263786.7186614,0.005697031533475306
1979-03-05 01:20:00,-657283149.8145592,851274.1737876086,851274173.7876086,0.00569041637962036
1979-03-05 01:21:00,-657283089.8145592,850284.5295796206,850284529.5796206,0.0056838010166920154
1979-03-05 01:22:00,-657283029.8145592,849294.8547221324,849294854.7221324,0.005677185448884417
1979-03-05 01:23:00,-657282969.8145592,848305.14984278,848305149.84278,0.005670569680393051
1979-03-05 01:24:00,-657282909.8145592,847315.4155754078,847315415.5754077,0.005663953715454907
1979-03-05 01:25:00,-657282849.8145592,846325.6525594407,846325652.5594407,0.005657337558344276
1979-03-05 01:26:00,-657282789.8145592,845335.8614388042,845335861.4388041,0.005650721213365534
1979-03-05 01:27:00,-657282729.8145592,844346.0428644654,844346042.8644654,0.005644104684870126
1979-03-05 01:28:00,-657282669.8145592,843356.197487348,843356197.487348,0.005637487977209211
1979-03-05 01:29:00,-657282609.8145592,842366.3259660185,842366325.9660184,0.005630871094785031
1979-03-05 01:30:00,-657282549.8145592,841376.4289633797,841376428.9633797,0.00562425404202882
1979-03-05 01:31:00,-657282489.8145592,840386.507150387,840386507.150387,0.005617636823425636
1979-03-05 01:32:00,-657282429.8145592,839396.561197371,839396561.197371,0.005611019443456364
1979-03-05 01:33:00,-657282369.8145592,838406.591785011,838406591.785011,0.005604401906671062
1979-03-05 01:34:00,-657282309.8145592,837416.5995910632,837416599.5910633,0.005597784217600253
1979-03-05 01:35:00,-657282249.8145592,836426.5853117331,836426585.3117331,0.005591166380897781
1979-03-05 01:36:00,-657282189.8145592,835436.5496325641,835436549.6325641,0.005584548401146221
1979-03-05 01:37:00,-657282129.8145592,834446.4932568326,834446493.2568326,0.005577930283046687
1979-03-05 01:38:00,-657282069.8145592,833456.4168885589,833456416.8885589,0.005571312031305262
1979-03-05 01:39:00,-657282009.8145592,832466.3212309207,832466321.2309207,0.0055646936506224005
1979-03-05 01:40:00,-657281949.8145592,831476.2070058861,831476207.0058861,0.005558075145824159
1979-03-05 01:41:00,-657281889.8145592,830486.0749276201,830486074.9276202,0.005551456521684438
1979-03-05 01:42:00,-657281829.8145592,829495.9257207661,829495925.7207661,0.005544837783047176
1979-03-05 01:43:00,-657281769.8145592,828505.7601179683,828505760.1179683,0.005538218934809801
1979-03-05 01:44:00,-657281709.8145592,827515.5788545114,827515578.8545114,0.0055315999818873855
1979-03-05 01:45:00,-657281649.8145592,826525.3826689793,826525382.6689794,0.005524980929217059
1979-03-05 01:46:00,-657281589.8145592,825535.1723071598,825535172.3071598,0.005518361781784103
1979-03-05 01:47:00,-657281529.8145592,824544.9485265136,824544948.5265137,0.0055117425446518315
1979-03-05 01:48:00,-657281469.8145592,823554.7120790326,823554712.0790325,0.0055051232228469985
1979-03-05 01:49:00,-657281409.8145592,822564.4637277226,822564463.7277226,0.005498503821469985
1979-03-05 01:50:00,-657281349.8145592,821574.2042468004,821574204.2468004,0.005491884345696108
1979-03-05 01:51:00,-657281289.8145592,820583.9344049634,820583934.4049634,0.005485264800663793
1979-03-05 01:52:00,-657281229.8145592,819593.6549823753,819593654.9823754,0.005478645191588114
1979-03-05 01:53:00,-657281169.8145592,818603.3667699909,818603366.7699909,0.005472025523756275
1979-03-05 01:54:00,-657281109.8145592,817613.0705543429,817613070.554343,0.005465405802425923
1979-03-05 01:55:00,-657281049.8145592,816622.7671353834,816622767.1353835,0.005458786032944408
1979-03-05 01:56:00,-657280989.8145592,815632.4573163714,815632457.3163713,0.005452166220681184
1979-03-05 01:57:00,-657280929.8145592,814642.1419066532,814642141.9066532,0.0054455463710463975
1979-03-05 01:58:00,-657280869.8145592,813651.8217215341,813651821.7215341,0.0054389264894900285
1979-03-05 01:59:00,-657280809.8145592,812661.4975796243,812661497.5796243,0.005432306581484147
1979-03-05 02:00:00,-657280749.8145592,811671.1703107228,811671170.3107228,0.005425686652575616
1979-03-05 02:01:00,-657280689.8145592,810680.8407508034,810680840.7508034,0.005419066708352577
1979-03-05 02:02:00,-657280629.8145592,809690.509734586,809690509.734586,0.0054124467543947875
1979-03-05 02:03:00,-657280569.8145592,808700.1781098519,808700178.109852,0.005405826796369315
1979-03-05 02:04:00,-657280509.8145592,807709.8467316857,807709846.7316856,0.0053992068399920465
1979-03-05 02:05:00,-657280449.8145592,806719.5164528791,806719516.4528791,0.005392586890963543
1979-03-05 02:06:00,-657280389.8145592,805729.1881432805,805729188.1432805,0.005385966955098382
1979-03-05 02:07:00,-657280329.8145592,804738.862668755,804738862.668755,0.005379347038184515
1979-03-05 02:08:00,-657280269.8145592,803748.5409117856,803748540.9117856,0.005372727146120975
1979-03-05 02:09:00,-657280209.8145592,802758.2237510202,802758223.7510202,0.0053661072847811615
1979-03-05 02:10:00,-657280149.8145592,801767.9120820612,801767912.0820612,0.005359487460151806
1979-03-05 02:11:00,-657280089.8145592,800777.6067990168,800777606.7990168,0.005352867678209653
1979-03-05 02:12:00,-657280029.8145592,799787.3088083251,799787308.808325,0.005346247945013867
1979-03-05 02:13:00,-657279969.8145592,798797.0190148898,798797019.0148898,0.0053396282666133554
1979-03-05 02:14:00,-657279909.8145592,797806.7383406698,797806738.3406698,0.005333008649171033
1979-03-05 02:15:00,-657279849.8145592,796816.4677069128,796816467.7069128,0.0053263890988450606
1979-03-05 02:16:00,-657279789.8145592,795826.2080437333,795826208.0437332,0.005319769621852869
1979-03-05 02:17:00,-657279729.8145592,794835.9602912144,794835960.2912143,0.005313150224478526
1979-03-05 02:18:00,-657279669.8145592,793845.7253910608,793845725.3910608,0.005306530913016938
1979-03-05 02:19:00,-657279609.8145592,792855.5042943329,792855504.294333,0.005299911693825553
1979-03-05 02:20:00,-657279549.8145592,791865.2979615468,791865297.9615468,0.005293292573325022
1979-03-05 02:21:00,-657279489.8145592,790875.1073585461,790875107.3585461,0.005286673557971612
1979-03-05 02:22:00,-657279429.8145592,789884.9334516296,789884933.4516296,0.005280054654224631
1979-03-05 02:23:00,-657279369.8145592,788894.7772287015,788894777.2287015,0.005273435868687813
1979-03-05 02:24:00,-657279309.8145592,787904.6396681772,787904639.6681772,0.005266817207901457
1979-03-05 02:25:00,-657279249.8145592,786914.5217721295,786914521.7721294,0.0052601986785640095
1979-03-05 02:26:00,-657279189.8145592,785924.4245366013,785924424.5366013,0.005253580287333604
1979-03-05 02:27:00,-657279129.8145592,784934.3489701247,784934348.9701247,0.0052469620409518625
1979-03-05 02:28:00,-657279069.8145592,783944.2960913092,783944296.0913092,0.005240343946227767
1979-03-05 02:29:00,-657279009.8145592,782954.2669235474,782954266.9235474,0.005233726010002276
1979-03-05 02:30:00,-657278949.8145592,781964.2624981345,781964262.4981345,0.005227108239169173
1979-03-05 02:31:00,-657278889.8145592,780974.2838512867,780974283.8512868,0.0052204906406551335
1979-03-05 02:32:00,-657278829.8145592,779984.3320315836,779984332.0315837,0.00521387322146948
1979-03-05 02:33:00,-657278769.8145592,778994.408093145,778994408.093145,0.005207255988658567
1979-03-05 02:34:00,-657278709.8145592,778004.5130950144,778004513.0950143,0.0052006389493016655
1979-03-05 02:35:00,-657278649.8145592,777014.6481120021,777014648.112002,0.005194022110583437
1979-03-05 02:36:00,-657278589.8145592,776024.8142163968,776024814.2163968,0.0051874054796716895
1979-03-05 02:37:00,-657278529.8145592,775035.0124963353,775035012.4963353,0.005180789063840167
1979-03-05 02:38:00,-657278469.8145592,774045.2440446855,774045244.0446855,0.005174172870394241
1979-03-05 02:39:00,-657278409.8145592,773055.5099633689,773055509.9633689,0.005167556906699802
1979-03-05 02:40:00,-657278349.8145592,772065.811361469,772065811.361469,0.005160941180170615
1979-03-05 02:41:00,-657278289.8145592,771076.1493569636,771076149.3569636,0.0051543256982799
1979-03-05 02:42:00,-657278229.8145592,770086.5250783053,770086525.0783052,0.005147710468570896
1979-03-05 02:43:00,-657278169.8145592,769096.9396542229,769096939.654223,0.00514109549858869
1979-03-05 02:44:00,-657278109.8145592,768107.394230081,768107394.230081,0.005134480795989572
1979-03-05 02:45:00,-657278049.8145592,767117.8899594331,767117889.9594331,0.005127866368484569
1979-03-05 02:46:00,-657277989.8145592,766128.4279963983,766128427.9963983,0.005121252223788493
1979-03-05 02:47:00,-657277929.8145592,765139.0095141424,765139009.5141424,0.0051146383697434706
1979-03-05 02:48:00,-657277869.8145592,764149.6356891367,764149635.6891367,0.005108024814213728
1979-03-05 02:49:00,-657277809.8145592,763160.3077017155,763160307.7017155,0.005101411565089312
1979-03-05 02:50:00,-657277749.8145592,762171.0267505486,762171026.7505486,0.005094798630382836
1979-03-05 02:51:00,-657277689.8145592,761181.7940358721,761181794.0358721,0.005088186018117383
1979-03-05 02:52:00,-657277629.8145592,760192.6107694611,760192610.7694612,0.005081573736393169
1979-03-05 02:53:00,-657277569.8145592,759203.4781742784,759203478.1742784,0.005074961793385195
1979-03-05 02:54:00,-657277509.8145592,758214.3974797536,758214397.4797536,0.00506835019731169
1979-03-05 02:55:00,-657277449.8145592,757225.369921788,757225369.921788,0.005061738956434144
1979-03-05 02:56:00,-657277389.8145592,756236.3967483371,756236396.748337,0.005055128079094626
1979-03-05 02:57:00,-657277329.8145592,755247.4792183054,755247479.2183055,0.0050485175737083905
1979-03-05 02:58:00,-657277269.8145592,754258.6185983432,754258618.5983433,0.005041907448742473
1979-03-05 02:59:00,-657277209.8145592,753269.8161609825,753269816.1609825,0.005035297712703223
1979-03-05 03:00:00,-657277149.8145592,752281.0731935448,752281073.1935447,0.005028688374195856
1979-03-05 03:01:00,-657277089.8145592,751292.3909877591,751292390.9877591,0.005022079441855045
1979-03-05 03:02:00,-657277029.8145592,750303.7708528189,750303770.8528188,0.005015470924432208
1979-03-05 03:03:00,-657276969.8145592,749315.2140968626,749315214.0968626,0.005008862830671711
1979-03-05 03:04:00,-657276909.8145592,748326.7220428495,748326722.0428495,0.005002255169416991
1979-03-05 03:05:00,-657276849.8145592,747338.2960288937,747338296.0288937,0.004995647949612787
1979-03-05 03:06:00,-657276789.8145592,746349.9373951751,746349937.3951751,0.004989041180217649
1979-03-05 03:07:00,-657276729.8145592,745361.6474914408,745361647.4914408,0.004982434870254078
1979-03-05 03:08:00,-657276669.8145592,744373.4276856764,744373427.6856763,0.0049758290288664945
1979-03-05 03:09:00,-657276609.8145592,743385.2793449069,743385279.3449069,0.0049692236651928965
1979-03-05 03:10:00,-657276549.8145592,742397.2038573673,742397203.8573673,0.00496261878851306
1979-03-05 03:11:00,-657276489.8145592,741409.2026130286,741409202.6130285,0.004956014408118368
1979-03-05 03:12:00,-657276429.8145592,740421.2770125433,740421277.0125433,0.004949410533371604
1979-03-05 03:13:00,-657276369.8145592,739433.4284746147,739433428.4746147,0.004942807173756216
1979-03-05 03:14:00,-657276309.8145592,738445.6584207232,738445658.4207232,0.00493620433877421
1979-03-05 03:15:00,-657276249.8145592,737457.9682878322,737457968.2878323,0.004929602038031096
1979-03-05 03:16:00,-657276189.8145592,736470.3595153373,736470359.5153372,0.004923000281148636
1979-03-05 03:17:00,-657276129.8145592,735482.833564594,735482833.564594,0.0049163990778953925
1979-03-05 03:18:00,-657276069.8145592,734495.3919018647,734495391.9018646,0.00490979843807272
1979-03-05 03:19:00,-657276009.8145592,733508.0359988994,733508035.9988993,0.004903198371518662
1979-03-05 03:20:00,-657275949.8145592,732520.7673494141,732520767.3494141,0.004896598888218094
1979-03-05 03:21:00,-657275889.8145592,731533.587452246,731533587.452246,0.004889999998190122
1979-03-05 03:22:00,-657275829.8145592,730546.4978148382,730546497.8148382,0.004883401711511381
1979-03-05 03:23:00,-657275769.8145592,729559.4999615295,729559499.9615295,0.004876804038371447
1979-03-05 03:24:00,-657275709.8145592,728572.5954218096,728572595.4218096,0.004870206988994327
1979-03-05 03:25:00,-657275649.8145592,727585.7857423046,727585785.7423047,0.004863610573718579
1979-03-05 03:26:00,-657275589.8145592,726599.0724784936,726599072.4784936,0.004857014802941935
1979-03-05 03:27:00,-657275529.8145592,725612.4571941772,725612457.1941772,0.004850419687117761
1979-03-05 03:28:00,-657275469.8145592,724625.9414729298,724625941.4729298,0.0048438252368315955
1979-03-05 03:29:00,-657275409.8145592,723639.5268995775,723639526.8995775,0.004837231462677346
1979-03-05 03:30:00,-657275349.8145592,722653.2150785015,722653215.0785015,0.0048306383753796405
1979-03-05 03:31:00,-657275289.8145592,721667.0076202764,721667007.6202765,0.004824045985704504
1979-03-05 03:32:00,-657275229.8145592,720680.906156263,720680906.156263,0.00481745430455691
1979-03-05 03:33:00,-657275169.8145592,719694.9123206448,719694912.3206449,0.004810863342860701
1979-03-05 03:34:00,-657275109.8145592,718709.0277634994,718709027.7634994,0.004804273111645963
1979-03-05 03:35:00,-657275049.8145592,717723.2541463737,717723254.1463737,0.004797683622019453
1979-03-05 03:36:00,-657274989.8145592,716737.5931432697,716737593.1432697,0.004791094885171181
1979-03-05 03:37:00,-657274929.8145592,715752.0464433631,715752046.4433631,0.004784506912392591
1979-03-05 03:38:00,-657274869.8145592,714766.6157403474,714766615.7403474,0.004777919715005325
1979-03-05 03:39:00,-657274809.8145592,713781.3027509705,713781302.7509705,0.004771333304485132
1979-03-05 03:40:00,-657274749.8145592,712796.1091966534,712796109.1966534,0.004764747692339002
1979-03-05 03:41:00,-657274689.8145592,711811.0368170897,711811036.8170897,0.004758162890196069
1979-03-05 03:42:00,-657274629.8145592,710826.087359222,710826087.359222,0.004751578909733921
1979-03-05 03:43:00,-657274569.8145592,709841.2625884478,709841262.5884478,0.004744995762753512
1979-03-05 03:44:00,-657274509.8145592,708856.5642777437,708856564.2777437,0.004738413461106461
1979-03-05 03:45:00,-657274449.8145592,707871.9942161432,707871994.2161431,0.004731832016751715
1979-03-05 03:46:00,-657274389.8145592,706887.5542113691,706887554.2113692,0.004725251441773156
1979-03-05 03:47:00,-657274329.8145592,705903.2460731135,705903246.0731136,0.004718671748267829
1979-03-05 03:48:00,-657274269.8145592,704919.0716304341,704919071.6304342,0.004712092948462228
1979-03-05 03:49:00,-657274209.8145592,703935.0327313177,703935032.7313176,0.004705515054709383
1979-03-05 03:50:00,-657274149.8145592,702951.1312265081,702951131.226508,0.0046989380793807526
1979-03-05 03:51:00,-657274089.8145592,701967.3689909294,701967368.9909295,0.00469236203500943
1979-03-05 03:52:00,-657274029.8145592,700983.7479034216,700983747.9034216,0.004685786934154683
1979-03-05 03:53:00,-657273969.8145592,700000.2698639205,700000269.8639206,0.0046792127895168
1979-03-05 03:54:00,-657273909.8145592,699016.936787221,699016936.787221,0.004672639613895394
1979-03-05 03:55:00,-657273849.8145592,698033.750594065,698033750.594065,0.0046660674201298305
1979-03-05 03:56:00,-657273789.8145592,697050.713229248,697050713.2292479,0.004659496221220266
1979-03-05 03:57:00,-657273729.8145592,696067.8266456175,696067826.6456175,0.00465292603022068
1979-03-05 03:58:00,-657273669.8145592,695085.0928115923,695085092.8115922,0.004646356860289138
1979-03-05 03:59:00,-657273609.8145592,694102.5137112825,694102513.7112825,0.004639788724688596
1979-03-05 04:00:00,-657273549.8145592,693120.0913457407,693120091.3457407,0.004633221636795267
1979-03-05 04:01:00,-657273489.8145592,692137.8277253977,692137827.7253977,0.00462665561004805
1979-03-05 04:02:00,-657273429.8145592,691155.7248812929,691155724.8812929,0.004620090658023604
1979-03-05 04:03:00,-657273369.8145592,690173.7848540408,690173784.8540409,0.0046135267943625945
1979-03-05 04:04:00,-657273309.8145592,689192.0097044667,689192009.7044667,0.004606964032840788
1979-03-05 04:05:00,-657273249.8145592,688210.4015068808,688210401.5068808,0.004600402387324092
1979-03-05 04:06:00,-657273189.8145592,687228.9623471805,687228962.3471805,0.004593841871755869
1979-03-05 04:07:00,-657273129.8145592,686247.6943330722,686247694.3330722,0.004587282500225267
1979-03-05 04:08:00,-657273069.8145592,685266.5995842804,685266599.5842804,0.004580724286901768
1979-03-05 04:09:00,-657273009.8145592,684285.6802374044,684285680.2374045,0.004574167246067657
1979-03-05 04:10:00,-657272949.8145592,683304.9384441848,683304938.4441848,0.004567611392106432
1979-03-05 04:11:00,-657272889.8145592,682324.376372479,682324376.372479,0.004561056739509322
1979-03-05 04:12:00,-657272829.8145592,681343.9962062851,681343996.2062851,0.004554503302875454
1979-03-05 04:13:00,-657272769.8145592,680363.8001459852,680363800.1459852,0.004547951096913475
1979-03-05 04:14:00,-657272709.8145592,679383.7904079623,679383790.4079623,0.00454140013643899
1979-03-05 04:15:00,-657272649.8145592,678403.9692283686,678403969.2283686,0.004534850436399752
1979-03-05 04:16:00,-657272589.8145592,677424.3388537202,677424338.8537202,0.004528302011812794
1979-03-05 04:17:00,-657272529.8145592,676444.9015511206,676444901.5511205,0.004521754877832768
1979-03-05 04:18:00,-657272469.8145592,675465.6596060391,675465659.606039,0.00451520904973709
1979-03-05 04:19:00,-657272409.8145592,674486.6153190621,674486615.3190621,0.004508664542904234
1979-03-05 04:20:00,-657272349.8145592,673507.7710048661,673507771.0048661,0.0045021213728068535
1979-03-05 04:21:00,-657272289.8145592,672529.1289981036,672529128.9981035,0.004495579555051137
1979-03-05 04:22:00,-657272229.8145592,671550.6916562389,671550691.6562389,0.004489039105395763
1979-03-05 04:23:00,-657272169.8145592,670572.4613436897,670572461.3436897,0.004482500039645883
1979-03-05 04:24:00,-657272109.8145592,669594.4404499027,669594440.4499027,0.004475962373773965
1979-03-05 04:25:00,-657272049.8145592,668616.6313804346,668616631.3804346,0.004469426123860162
1979-03-05 04:26:00,-657271989.8145592,667639.036557863,667639036.557863,0.004462891306098404
1979-03-05 04:27:00,-657271929.8145592,666661.6584232165,666661658.4232166,0.0044563579368059585
1979-03-05 04:28:00,-657271869.8145592,665684.4994359105,665684499.4359105,0.004449826032423004
1979-03-05 04:29:00,-657271809.8145592,664707.562073186,664707562.073186,0.004443295609508873
1979-03-05 04:30:00,-657271749.8145592,663730.8488339589,663730848.8339589,0.004436766684767786
1979-03-05 04:31:00,-657271689.8145592,662754.3622298711,662754362.2298712,0.004430239274989033
1979-03-05 04:32:00,-657271629.8145592,661778.1047944475,661778104.7944475,0.004423713397108182
1979-03-05 04:33:00,-657271569.8145592,660802.0790826009,660802079.0826008,0.004417189068203769
1979-03-05 04:34:00,-657271509.8145592,659826.287665472,659826287.665472,0.004410666305462809
1979-03-05 04:35:00,-657271449.8145592,658850.7331311445,658850733.1311445,0.004404145126185573
1979-03-05 04:36:00,-657271389.8145592,657875.4180917687,657875418.0917687,0.004397625547833207
1979-03-05 04:37:00,-657271329.8145592,656900.3451740616,656900345.1740617,0.004391107587964229
1979-03-05 04:38:00,-657271269.8145592,655925.5170321226,655925517.0321226,0.004384591264320199
1979-03-05 04:39:00,-657271209.8145592,654950.9363294194,654950936.3294194,0.004378076594705298
1979-03-05 04:40:00,-657271149.8145592,653976.605757149,653976605.7571491,0.004371563597109067
1979-03-05 04:41:00,-657271089.8145592,653002.5280267942,653002528.0267942,0.004365052289656649
1979-03-05 04:42:00,-657271029.8145592,652028.7058617283,652028705.8617283,0.00435854269055267
1979-03-05 04:43:00,-657270969.8145592,651055.1420163494,651055142.0163493,0.004352034818209143
1979-03-05 04:44:00,-657270909.8145592,650081.8392582609,650081839.258261,0.004345528691126357
1979-03-05 04:45:00,-657270849.8145592,649108.8003803095,649108800.3803095,0.004339024327973336
1979-03-05 04:46:00,-657270789.8145592,648136.0281911488,648136028.1911488,0.004332521747524772
1979-03-05 04:47:00,-657270729.8145592,647163.525523174,647163525.5231739,0.004326020968714056
1979-03-05 04:48:00,-657270669.8145592,646191.2952325976,646191295.2325976,0.00431952201063379
1979-03-05 04:49:00,-657270609.8145592,645219.3401943858,645219340.1943859,0.004313024892501936
1979-03-05 04:50:00,-657270549.8145592,644247.663304664,644247663.304664,0.004306529633677895
1979-03-05 04:51:00,-657270489.8145592,643276.2674787446,643276267.4787446,0.004300036253649328
1979-03-05 04:52:00,-657270429.8145592,642305.1556593097,642305155.6593097,0.004293544772086852
1979-03-05 04:53:00,-657270369.8145592,641334.3308105314,641334330.8105314,0.004287055208804729
1979-03-05 04:54:00,-657270309.8145592,640363.7959111155,640363795.9111155,0.004280567583714382
1979-03-05 04:55:00,-657270249.8145592,639393.5539726423,639393553.9726423,0.004274081916946979
1979-03-05 04:56:00,-657270189.8145592,638423.6080212233,638423608.0212233,0.004267598228730828
1979-03-05 04:57:00,-657270129.8145592,637453.9611110049,637453961.111005,0.004261116539481634
1979-03-05 04:58:00,-657270069.8145592,636484.6163133585,636484616.3133585,0.00425463686973025
1979-03-05 04:59:00,-657270009.8145592,635515.5767254204,635515576.7254205,0.00424815924017975
1979-03-05 05:00:00,-657269949.8145592,634546.845470553,634546845.470553,0.004241683671708524
1979-03-05 05:01:00,-657269889.8145592,633578.4256923506,633578425.6923506,0.004235210185330202
1979-03-05 05:02:00,-657269829.8145592,632610.3205552367,632610320.5552367,0.004228738802197649
1979-03-05 05:03:00,-657269769.8145592,631642.5332558692,631642533.2558692,0.004222269543679201
1979-03-05 05:04:00,-657269709.8145592,630675.0670035201,630675067.0035201,0.00421580243122752
1979-03-05 05:05:00,-657269649.8145592,629707.925042809,629707925.042809,0.004209337486531545
1979-03-05 05:06:00,-657269589.8145592,628741.1106337649,628741110.6337649,0.004202874731383225
1979-03-05 05:07:00,-657269529.8145592,627774.6270644607,627774627.0644606,0.00419641418776197
1979-03-05 05:08:00,-657269469.8145592,626808.477646703,626808477.646703,0.00418995587780584
1979-03-05 05:09:00,-657269409.8145592,625842.6657206727,625842665.7206727,0.004183499823842565
1979-03-05 05:10:00,-657269349.8145592,624877.1946453056,624877194.6453056,0.004177046048325243
1979-03-05 05:11:00,-657269289.8145592,623912.067810787,623912067.810787,0.004170594573915864
1979-03-05 05:12:00,-657269229.8145592,622947.288629601,622947288.629601,0.004164145423425475
1979-03-05 05:13:00,-657269169.8145592,621982.8605369924,621982860.5369924,0.00415769861981727
1979-03-05 05:14:00,-657269109.8145592,621018.7870025533,621018787.0025533,0.0041512541862840395
1979-03-05 05:15:00,-657269049.8145592,620055.0715105418,620055071.5105418,0.004144812146116609
1979-03-05 05:16:00,-657268989.8145592,619091.7175823383,619091717.5823382,0.004138372522853952
1979-03-05 05:17:00,-657268929.8145592,618128.72875507,618128728.75507,0.004131935340140306
1979-03-05 05:18:00,-657268869.8145592,617166.1086024618,617166108.6024617,0.004125500621864545
1979-03-05 05:19:00,-657268809.8145592,616203.8607208589,616203860.7208589,0.004119068392066752
1979-03-05 05:20:00,-657268749.8145592,615241.9887297396,615241988.7297395,0.004112638674941645
1979-03-05 05:21:00,-657268689.8145592,614280.4962813132,614280496.2813133,0.004106211494902736
1979-03-05 05:22:00,-657268629.8145592,613319.3870499632,613319387.0499632,0.004099786876511761
1979-03-05 05:23:00,-657268569.8145592,612358.6647432128,612358664.7432127,0.004093364844551981
1979-03-05 05:24:00,-657268509.8145592,611398.3330929324,611398333.0929323,0.00408694542396941
1979-03-05 05:25:00,-657268449.8145592,610438.395862749,610438395.862749,0.00408052863992234
1979-03-05 05:26:00,-657268389.8145592,609478.8568352298,609478856.8352298,0.004074114517695671
1979-03-05 05:27:00,-657268329.8145592,608519.7198301071,608519719.8301071,0.004067703082822736
1979-03-05 05:28:00,-657268269.8145592,607560.9886954213,607560988.6954212,0.004061294361026098
1979-03-05 05:29:00,-657268209.8145592,606602.6673056444,606602667.3056444,0.004054888378205001
1979-03-05 05:30:00,-657268149.8145592,605644.759561282,605644759.561282,0.004048485160432715
1979-03-05 05:31:00,-657268089.8145592,604687.2693947547,604687269.3947546,0.004042084733995848
1979-03-05 05:32:00,-657268029.8145592,603730.2007735491,603730200.7735492,0.00403568712541541
1979-03-05 05:33:00,-657267969.8145592,602773.5576839066,602773557.6839067,0.0040292923613377786
1979-03-05 05:34:00,-657267909.8145592,601817.3441529694,601817344.1529695,0.004022900468682737
1979-03-05 05:35:00,-657267849.8145592,600861.5642267436,600861564.2267437,0.004016511474496165
1979-03-05 05:36:00,-657267789.8145592,599906.2219929454,599906221.9929454,0.004010125406102759
1979-03-05 05:37:00,-657267729.8145592,598951.3215614088,598951321.5614088,0.00400374229097506
1979-03-05 05:38:00,-657267669.8145592,597996.8670784895,597996867.0784895,0.003997362156829746
1979-03-05 05:39:00,-657267609.8145592,597042.8627155403,597042862.7155403,0.003990985031550588
1979-03-05 05:40:00,-657267549.8145592,596089.3126812365,596089312.6812365,0.003984610943270843
1979-03-05 05:41:00,-657267489.8145592,595136.2212126742,595136221.2126741,0.003978239920313747
1979-03-05 05:42:00,-657267429.8145592,594183.5925790381,594183592.5790381,0.003971871991217039
1979-03-05 05:43:00,-657267369.8145592,593231.4310781785,593231431.0781784,0.003965507184710073
1979-03-05 05:44:00,-657267309.8145592,592279.7410490377,592279741.0490377,0.003959145529796887
1979-03-05 05:45:00,-657267249.8145592,591328.5268569597,591328526.8569597,0.0039527870556580035
1979-03-05 05:46:00,-657267189.8145592,590377.7928972541,590377792.8972541,0.0039464317916742524
1979-03-05 05:47:00,-657267129.8145592,589427.5436012273,589427543.6012273,0.003940079767467087
1979-03-05 05:48:00,-657267069.8145592,588477.7834358523,588477783.4358523,0.003933731012896378
1979-03-05 05:49:00,-657267009.8145592,587528.516898988,587528516.898988,0.003927385558028454
1979-03-05 05:50:00,-657266949.8145592,586579.7485215397,586579748.5215397,0.003921043433150548
1979-03-05 05:51:00,-657266889.8145592,585631.4828662178,585631482.8662179,0.003914704668762494
1979-03-05 05:52:00,-657266829.8145592,584683.7245379194,584683724.5379194,0.0039083692956461275
1979-03-05 05:53:00,-657266769.8145592,583736.4781703285,583736478.1703285,0.003902037344775714
1979-03-05 05:54:00,-657266709.8145592,582789.7484291748,582789748.4291748,0.003895708847339729
1979-03-05 05:55:00,-657266649.8145592,581843.5400174182,581843540.0174183,0.003889383834775519
1979-03-05 05:56:00,-657266589.8145592,580897.8576764496,580897857.6764495,0.0038830623387773235
1979-03-05 05:57:00,-657266529.8145592,579952.7061802202,579952706.1802202,0.003876744391257036
1979-03-05 05:58:00,-657266469.8145592,579008.0903380763,579008090.3380764,0.00387043002436315
1979-03-05 05:59:00,-657266409.8145592,578064.0149953101,578064014.9953101,0.003864119270484444
1979-03-05 06:00:00,-657266349.8145592,577120.4850365566,577120485.0365566,0.0038578121622726857
1979-03-05 06:01:00,-657266289.8145592,576177.5053767158,576177505.3767158,0.0038515087325819526
1979-03-05 06:02:00,-657266229.8145592,575235.0809709522,575235080.9709522,0.0038452090145354736
1979-03-05 06:03:00,-657266169.8145592,574293.2168131969,574293216.8131969,0.0038389130415156167
1979-03-05 06:04:00,-657266109.8145592,573351.9179327484,573351917.9327484,0.003832620847141165
1979-03-05 06:05:00,-657266049.8145592,572411.1893931386,572411189.3931386,0.003826332465259739
1979-03-05 06:06:00,-657265989.8145592,571471.0363043215,571471036.3043215,0.003820047930029271
1979-03-05 06:07:00,-657265929.8145592,570531.4638084936,570531463.8084936,0.003813767275823222
1979-03-05 06:08:00,-657265869.8145592,569592.4770803989,569592477.0803989,0.0038074905372326197
1979-03-05 06:09:00,-657265809.8145592,568654.081345116,568654081.345116,0.003801217749184956
1979-03-05 06:10:00,-657265749.8145592,567716.2818605577,567716281.8605577,0.0037949489468272076
1979-03-05 06:11:00,-657265689.8145592,566779.0839210689,566779083.9210689,0.003788684165549884
1979-03-05 06:12:00,-657265629.8145592,565842.4928689367,565842492.8689368,0.0037824234410639697
1979-03-05 06:13:00,-657265569.8145592,564906.5140774861,564906514.0774862,0.0037761668092879223
1979-03-05 06:14:00,-657265509.8145592,563971.1529633348,563971152.9633348,0.0037699143064295958
1979-03-05 06:15:00,-657265449.8145592,563036.414982621,563036414.982621,0.003763665968961021
1979-03-05 06:16:00,-657265389.8145592,562102.3056356739,562102305.6356739,0.003757421833649628
1979-03-05 06:17:00,-657265329.8145592,561168.8304602064,561168830.4602064,0.0037511819375127403
1979-03-05 06:18:00,-657265269.8145592,560235.9950352454,560235995.0352454,0.0037449463178438505
1979-03-05 06:19:00,-657265209.8145592,559303.8049814951,559303804.9814951,0.0037387150122150446
1979-03-05 06:20:00,-657265149.8145592,558372.2659609905,558372265.9609904,0.0037324880584746886
1979-03-05 06:21:00,-657265089.8145592,557441.3836778663,557441383.6778663,0.003726265494752569
1979-03-05 06:22:00,-657265029.8145592,556511.1638815043,556511163.8815043,0.0037200473594809287
1979-03-05 06:23:00,-657264969.8145592,555581.61235801,555581612.35801,0.0037138336913374935
1979-03-05 06:24:00,-657264909.8145592,554652.7349452397,554652734.9452398,0.003707624529345923
1979-03-05 06:25:00,-657264849.8145592,553724.5375125367,553724537.5125368,0.0037014199127403543
1979-03-05 06:26:00,-657264789.8145592,552797.0259840323,552797025.9840323,0.003695219881121158
1979-03-05 06:27:00,-657264729.8145592,551870.2063192222,551870206.3192222,0.0036890244743251034
1979-03-05 06:28:00,-657264669.8145592,550944.0845276209,550944084.5276209,0.003682833732523313
1979-03-05 06:29:00,-657264609.8145592,550018.6666571002,550018666.6571002,0.003676647696143313
1979-03-05 06:30:00,-657264549.8145592,549093.9588057039,549093958.8057039,0.003670466405948009
1979-03-05 06:31:00,-657264489.8145592,548169.9671144447,548169967.1144447,0.003664289902987535
1979-03-05 06:32:00,-657264429.8145592,547246.6977715852,547246697.7715852,0.0036581182286278707
1979-03-05 06:33:00,-657264369.8145592,546324.1570028414,546324157.0028414,0.003651951424485358
1979-03-05 06:34:00,-657264309.8145592,545402.3510941067,545402351.0941067,0.0036457895325785993
1979-03-05 06:35:00,-657264249.8145592,544481.2863632595,544481286.3632596,0.0036396325951400027
1979-03-05 06:36:00,-657264189.8145592,543560.9691831226,543560969.1831226,0.003633480654769257
1979-03-05 06:37:00,-657264129.8145592,542641.4059705433,542641405.9705433,0.0036273337543603376
1979-03-05 06:38:00,-657264069.8145592,541722.6031924051,541722603.1924051,0.0036211919371416904
1979-03-05 06:39:00,-657264009.8145592,540804.5673546538,540804567.3546538,0.0036150552466028777
1979-03-05 06:40:00,-657263949.8145592,539887.3050252266,539887305.0252266,0.003608923726647846
1979-03-05 06:41:00,-657263889.8145592,538970.8228055922,538970822.8055922,0.0036027974214046903
1979-03-05 06:42:00,-657263829.8145592,538055.1273575784,538055127.3575784,0.003596676375404977
1979-03-05 06:43:00,-657263769.8145592,537140.225379824,537140225.379824,0.0035905606334263426
1979-03-05 06:44:00,-657263709.8145592,536226.1236319307,536226123.63193065,0.0035844502406539316
1979-03-05 06:45:00,-657263649.8145592,535312.8289170437,535312828.91704375,0.0035783452425639625
1979-03-05 06:46:00,-657263589.8145592,534400.3480847816,534400348.0847815,0.0035722456849433056
1979-03-05 06:47:00,-657263529.8145592,533488.6880407324,533488688.0407324,0.0035661516139529684
1979-03-05 06:48:00,-657263469.8145592,532577.8557413563,532577855.74135625,0.003560063076094012
1979-03-05 06:49:00,-657263409.8145592,531667.858187351,531667858.18735105,0.003553980118163213
1979-03-05 06:50:00,-657263349.8145592,530758.7024337221,530758702.4337221,0.003547902787320369
1979-03-05 06:51:00,-657263289.8145592,529850.3955895633,529850395.5895633,0.0035418311310868368
1979-03-05 06:52:00,-657263229.8145592,528942.9448123397,528942944.8123397,0.0035357651973073156
1979-03-05 06:53:00,-657263169.8145592,528036.3573154726,528036357.31547254,0.0035297050342005475
1979-03-05 06:54:00,-657263109.8145592,527130.6403549182,527130640.3549182,0.003523650690269606
1979-03-05 06:55:00,-657263049.8145592,526225.8012542387,526225801.2542387,0.0035176022144694785
1979-03-05 06:56:00,-657262989.8145592,525321.8473726895,525321847.37268955,0.0035115596559937502
1979-03-05 06:57:00,-657262929.8145592,524418.7861402823,524418786.1402823,0.003505523064508981
1979-03-05 06:58:00,-657262869.8145592,523516.6250315694,523516625.03156936,0.0034994924899794675
1979-03-05 06:59:00,-657262809.8145592,522615.3715693849,522615371.5693849,0.0034934679826922493
1979-03-05 07:00:00,-657262749.8145592,521715.0333432658,521715033.34326583,0.003487449593380248
1979-03-05 07:01:00,-657262689.8145592,520815.61799050664,520815617.99050665,0.003481437373095623
1979-03-05 07:02:00,-657262629.8145592,519917.1332039221,519917133.2039221,0.0034754313732616657
1979-03-05 07:03:00,-657262569.8145592,519019.58673458744,519019586.73458743,0.003469431645691114
1979-03-05 07:04:00,-657262509.8145592,518122.9863804173,518122986.3804173,0.003463438242509807
1979-03-05 07:05:00,-657262449.8145592,517227.3400098756,517227340.0098756,0.0034574512163151774
1979-03-05 07:06:00,-657262389.8145592,516332.65553307993,516332655.5330799,0.0034514706199830956
1979-03-05 07:07:00,-657262329.8145592,515438.9409287773,515438940.9287773,0.0034454965068481907
1979-03-05 07:08:00,-657262269.8145592,514546.2042237608,514546204.2237608,0.0034395289305662615
1979-03-05 07:09:00,-657262209.8145592,513654.453505071,513654453.505071,0.0034335679451958337
1979-03-05 07:10:00,-657262149.8145592,512763.69692026137,512763696.9202614,0.0034276136051999396
1979-03-05 07:11:00,-657262089.8145592,511873.9426752115,511873942.67521155,0.0034216659654314955
1979-03-05 07:12:00,-657262029.8145592,510985.1990252757,510985199.0252757,0.003415725081074137
1979-03-05 07:13:00,-657261969.8145592,510097.474298804,510097474.298804,0.003409791007799445
1979-03-05 07:14:00,-657261909.8145592,509210.7768658674,509210776.8658674,0.0034038638015578882
1979-03-05 07:15:00,-657261849.8145592,508325.11517359776,508325115.17359775,0.003397943518815056
1979-03-05 07:16:00,-657261789.8145592,507440.49771685165,507440497.71685165,0.0033920302163555575
1979-03-05 07:17:00,-657261729.8145592,506556.93305655976,506556933.05655974,0.0033861239514056786
1979-03-05 07:18:00,-657261669.8145592,505674.4298079051,505674429.8079051,0.003380224781554362
1979-03-05 07:19:00,-657261609.8145592,504792.9966559432,504792996.6559432,0.0033743327648576168
1979-03-05 07:20:00,-657261549.8145592,503912.6423350193,503912642.3350193,0.0033684479597009356
1979-03-05 07:21:00,-657261489.8145592,503033.37565195095,503033375.65195096,0.003362570424954257
1979-03-05 07:22:00,-657261429.8145592,502155.20546730305,502155205.46730304,0.0033567002198467994
1979-03-05 07:23:00,-657261369.8145592,501278.14071196516,501278140.71196514,0.0033508374040778725
1979-03-05 07:24:00,-657261309.8145592,500402.1903675029,500402190.3675029,0.0033449820376855333
1979-03-05 07:25:00,-657261249.8145592,499527.3634937953,499527363.4937953,0.003339134181231333
1979-03-05 07:26:00,-657261189.8145592,498653.66919379093,498653669.1937909,0.0033332938955647246
1979-03-05 07:27:00,-657261129.8145592,497781.1166538613,497781116.6538613,0.0033274612420928083
1979-03-05 07:28:00,-657261069.8145592,496909.71511117514,496909715.1111751,0.0033216362825622438
1979-03-05 07:29:00,-657261009.8145592,496039.4738731474,496039473.87314737,0.0033158190791892565
1979-03-05 07:30:00,-657260949.8145592,495170.40230564686,495170402.30564684,0.0033100096945808126
1979-03-05 07:31:00,-657260889.8145592,494302.50984459964,494302509.84459966,0.0033042081918121823
1979-03-05 07:32:00,-657260829.8145592,493435.80598866934,493435805.98866934,0.0032984146343780106
1979-03-05 07:33:00,-657260769.8145592,492570.30030435836,492570300.30435836,0.003292629086226415
1979-03-05 07:34:00,-657260709.8145592,491706.0024207603,491706002.4207603,0.0032868516117239115
1979-03-05 07:35:00,-657260649.8145592,490842.9220335242,490842922.0335242,0.0032810822756819107
1979-03-05 07:36:00,-657260589.8145592,489981.06890407385,489981068.90407383,0.0032753211433515002
1979-03-05 07:37:00,-657260529.8145592,489120.4528632888,489120452.8632888,0.0032695682804480507
1979-03-05 07:38:00,-657260469.8145592,488261.0838032949,488261083.8032949,0.00326382375309634
1979-03-05 07:39:00,-657260409.8145592,487402.9716922868,487402971.6922868,0.003258087627929632
1979-03-05 07:40:00,-657260349.8145592,486546.12655991677,486546126.5599168,0.003252359971992013
1979-03-05 07:41:00,-657260289.8145592,485690.5585008385,485690558.5008385,0.0032466408527620744
1979-03-05 07:42:00,-657260229.8145592,484836.2776837136,484836277.6837136,0.00324093033821312
1979-03-05 07:43:00,-657260169.8145592,483983.29434251843,483983294.34251845,0.0032352284967550574
1979-03-05 07:44:00,-657260109.8145592,483131.6187833406,483131618.78334063,0.0032295353972798266
1979-03-05 07:45:00,-657260049.8145592,482281.26137761323,482281261.37761325,0.003223851109116176
1979-03-05 07:46:00,-657259989.8145592,481432.2325669765,481432232.5669765,0.0032181757020621586
1979-03-05 07:47:00,-657259929.8145592,480584.542864868,480584542.864868,0.0032125092463957646
1979-03-05 07:48:00,-657259869.8145592,479738.2028492684,479738202.8492684,0.003206851812826427
1979-03-05 07:49:00,-657259809.8145592,478893.22317385615,478893223.17385614,0.0032012034725695877
1979-03-05 07:50:00,-657259749.8145592,478049.6145628205,478049614.56282055,0.003195564297312024
1979-03-05 07:51:00,-657259689.8145592,477207.38780553424,477207387.80553424,0.0031899343591762384
1979-03-05 07:52:00,-657259629.8145592,476366.5537708018,476366553.7708018,0.003184313730815701
1979-03-05 07:53:00,-657259569.8145592,475527.1233903548,475527123.3903548,0.003178702485304524
1979-03-05 07:54:00,-657259509.8145592,474689.10766979604,474689107.66979605,0.0031731006962106185
1979-03-05 07:55:00,-657259449.8145592,473852.51769000216,473852517.69000214,0.0031675084376050697
1979-03-05 07:56:00,-657259389.8145592,473017.3646007869,473017364.60078686,0.0031619257840197782
1979-03-05 07:57:00,-657259329.8145592,472183.6596271841,472183659.6271841,0.003156352810489462
1979-03-05 07:58:00,-657259269.8145592,471351.4140638945,471351414.0638945,0.003150789592514531
1979-03-05 07:59:00,-657259209.8145592,470520.63927872403,470520639.278724,0.0031452362060840756
1979-03-05 08:00:00,-657259149.8145592,469691.34671204246,469691346.71204245,0.0031396927276722427
1979-03-05 08:01:00,-657259089.8145592,468863.54788088537,468863547.88088536,0.003134159234265661
1979-03-05 08:02:00,-657259029.8145592,468037.25437554787,468037254.3755479,0.003128635803340668
1979-03-05 08:03:00,-657258969.8145592,467212.47785142314,467212477.85142314,0.0031231225128087545
1979-03-05 08:04:00,-657258909.8145592,466389.23005263373,466389230.05263376,0.0031176194411745312
1979-03-05 08:05:00,-657258849.8145592,465567.5227854173,465567522.7854173,0.003112126667357822
1979-03-05 08:06:00,-657258789.8145592,464747.36793374654,464747367.9337465,0.0031066442707980775
1979-03-05 08:07:00,-657258729.8145592,463928.7774559663,463928777.4559663,0.003101172331431896
1979-03-05 08:08:00,-657258669.8145592,463111.76339131786,463111763.39131784,0.003095710929736635
1979-03-05 08:09:00,-657258609.8145592,462296.337847764,462296337.847764,0.0030902601466490263
1979-03-05 08:10:00,-657258549.8145592,461482.51300597197,461482513.00597197,0.003084820063591801
1979-03-05 08:11:00,-657258489.8145592,460670.3011279287,460670301.12792873,0.0030793907625312794
1979-03-05 08:12:00,-657258429.8145592,459859.7145503346,459859714.55033463,0.0030739723259332104
1979-03-05 08:13:00,-657258369.8145592,459050.76568355854,459050765.6835585,0.003068564836755785
1979-03-05 08:14:00,-657258309.8145592,458243.467013337,458243467.013337,0.003063168378460998
1979-03-05 08:15:00,-657258249.8145592,457437.8311018193,457437831.1018193,0.00305778303502163
1979-03-05 08:16:00,-657258189.8145592,456633.87059265067,456633870.59265065,0.003052408890955229
1979-03-05 08:17:00,-657258129.8145592,455831.59819454356,455831598.19454354,0.0030470460312142906
1979-03-05 08:18:00,-657258069.8145592,455031.02670413675,455031026.7041367,0.003041694541339062
1979-03-05 08:19:00,-657258009.8145592,454232.1689885753,454232168.9885753,0.003036354507341095
1979-03-05 08:20:00,-657257949.8145592,453435.0379952026,453435037.9952026,0.003031026015768035
1979-03-05 08:21:00,-657257889.8145592,452639.6467415203,452639646.74152035,0.003025709153636505
1979-03-05 08:22:00,-657257829.8145592,451846.0083283353,451846008.3283353,0.003020404008519991
1979-03-05 08:23:00,-657257769.8145592,451054.13593017455,451054135.9301745,0.003015110668484766
1979-03-05 08:24:00,-657257709.8145592,450264.0428043399,450264042.8043399,0.003009829222150419
1979-03-05 08:25:00,-657257649.8145592,449475.742274125,449475742.274125,0.003004559758577667
1979-03-05 08:26:00,-657257589.8145592,448689.2477509082,448689247.7509082,0.0029993023674160374
1979-03-05 08:27:00,-657257529.8145592,447904.5727180281,447904572.71802807,0.0029940571387960815
1979-03-05 08:28:00,-657257469.8145592,447121.73073862586,447121730.7386259,0.002988824163381798
1979-03-05 08:29:00,-657257409.8145592,446340.7354447189,446340735.4447189,0.0029836035322975954
1979-03-05 08:30:00,-657257349.8145592,445561.6005597112,445561600.5597112,0.002978395337278763
1979-03-05 08:31:00,-657257289.8145592,444784.3398761734,444784339.87617344,0.0029731996705229403
1979-03-05 08:32:00,-657257229.8145592,444008.9672607582,444008967.2607582,0.0029680166247229764
1979-03-05 08:33:00,-657257169.8145592,443235.4966659662,443235496.66596615,0.0029628462931455763
1979-03-05 08:34:00,-657257109.8145592,442463.9421134122,442463942.1134122,0.0029576887695194464
1979-03-05 08:35:00,-657257049.8145592,441694.317707076,441694317.707076,0.002952544148123868
1979-03-05 08:36:00,-657256989.8145592,440926.6376288269,440926637.6288269,0.002947412523758782
1979-03-05 08:37:00,-657256929.8145592,440160.91613137117,440160916.13137114,0.0029422939916976453
1979-03-05 08:38:00,-657256869.8145592,439397.16755054984,439397167.55054986,0.002937188647769636
1979-03-05 08:39:00,-657256809.8145592,438635.40630211803,438635406.30211806,0.002932096588338126
1979-03-05 08:40:00,-657256749.8145592,437875.6468667838,437875646.8667838,0.0029270179102006684
1979-03-05 08:41:00,-657256689.8145592,437117.9038111207,437117903.81112075,0.002921952710728795
1979-03-05 08:42:00,-657256629.8145592,436362.19178112654,436362191.78112656,0.0029169010878249526
1979-03-05 08:43:00,-657256569.8145592,435608.5254907931,435608525.4907931,0.002911863139846102
1979-03-05 08:44:00,-657256509.8145592,434856.9197332813,434856919.7332813,0.0029068389656784154
1979-03-05 08:45:00,-657256449.8145592,434107.3893806195,434107389.3806195,0.0029018286647352633
1979-03-05 08:46:00,-657256389.8145592,433359.9493813038,433359949.3813038,0.002896832336941169
1979-03-05 08:47:00,-657256329.8145592,432614.614756578,432614614.75657797,0.002891850082706946
1979-03-05 08:48:00,-657256269.8145592,431871.40060636285,431871400.6063628,0.0028868820029693304
1979-03-05 08:49:00,-657256209.8145592,431130.3220972899,431130322.0972899,0.0028819281991109913
1979-03-05 08:50:00,-657256149.8145592,430391.3944883391,430391394.48833907,0.00287698877313191
1979-03-05 08:51:00,-657256089.8145592,429654.6330937284,429654633.09372836,0.002872063827401311
1979-03-05 08:52:00,-657256029.8145592,428920.05331904936,428920053.31904936,0.0028671534648992128
1979-03-05 08:53:00,-657255969.8145592,428187.67063610046,428187670.6361005,0.0028622577890482
1979-03-05 08:54:00,-657255909.8145592,427457.5005879394,427457500.5879394,0.0028573769037471964
1979-03-05 08:55:00,-657255849.8145592,426729.5587967572,426729558.7967572,0.002852510913424099
1979-03-05 08:56:00,-657255789.8145592,426003.8609613629,426003860.9613629,0.002847659923018964
1979-03-05 08:57:00,-657255729.8145592,425280.42284223123,425280422.8422312,0.002842824037884058
1979-03-05 08:58:00,-657255669.8145592,424559.2602869158,424559260.28691584,0.0028380033639537347
1979-03-05 08:59:00,-657255609.8145592,423840.3892008837,423840389.2008837,0.002833198007549473
1979-03-05 09:00:00,-657255549.8145592,423123.8255729146,423123825.5729146,0.002828408075549665
1979-03-05 09:01:00,-657255489.8145592,422409.58545804024,422409585.45804024,0.0028236336752755684
1979-03-05 09:02:00,-657255429.8145592,421697.6849848291,421697684.9848291,0.0028188749145400043
1979-03-05 09:03:00,-657255369.8145592,420988.14034731657,420988140.34731656,0.0028141319015934137
1979-03-05 09:04:00,-657255309.8145592,420280.9678172899,420280967.8172899,0.002809404745205975
1979-03-05 09:05:00,-657255249.8145592,419576.1837288269,419576183.7288269,0.0028046935545642557
1979-03-05 09:06:00,-657255189.8145592,418873.8044929418,418873804.4929418,0.00279999843936911
1979-03-05 09:07:00,-657255129.8145592,418173.8465836574,418173846.5836574,0.002795319509742577
1979-03-05 09:08:00,-657255069.8145592,417476.32654351473,417476326.5435147,0.002790656876264715
1979-03-05 09:09:00,-657255009.8145592,416781.26098493364,416781260.9849336,0.0027860106499826916
1979-03-05 09:10:00,-657254949.8145592,416088.666582042,416088666.582042,0.002781380942356167
1979-03-05 09:11:00,-657254889.8145592,415398.5600856956,415398560.08569556,0.002776767865357696
1979-03-05 09:12:00,-657254829.8145592,414710.9582993563,414710958.2993563,0.0027721715313114834
1979-03-05 09:13:00,-657254769.8145592,414025.8781019514,414025878.10195136,0.0027675920530461895
1979-03-05 09:14:00,-657254709.8145592,413343.3364317012,413343336.4317012,0.0027630295437868235
1979-03-05 09:15:00,-657254649.8145592,412663.3502924583,412663350.2924583,0.0027584841171971195
1979-03-05 09:16:00,-657254589.8145592,411985.93674632325,411985936.7463232,0.002753955887330175
1979-03-05 09:17:00,-657254529.8145592,411311.11292533675,411311112.9253368,0.0027494449687066086
1979-03-05 09:18:00,-657254469.8145592,410638.896017089,410638896.017089,0.002744951476218365
1979-03-05 09:19:00,-657254409.8145592,409969.30327306583,409969303.2730658,0.002740475525184503
1979-03-05 09:20:00,-657254349.8145592,409302.35199884296,409302351.99884295,0.0027360172312856524
1979-03-05 09:21:00,-657254289.8145592,408638.0595667736,408638059.5667736,0.002731576710648821
1979-03-05 09:22:00,-657254229.8145592,407976.4433996262,407976443.3996262,0.002727154079738023
1979-03-05 09:23:00,-657254169.8145592,407317.5209851146,407317520.98511463,0.002722749455451405
1979-03-05 09:24:00,-657254109.8145592,406661.30986173137,406661309.86173135,0.0027183629550265476
1979-03-05 09:25:00,-657254049.8145592,406007.82762642,406007827.62642,0.002713994696091754
1979-03-05 09:26:00,-657253989.8145592,405357.0919247437,405357091.9247437,0.0027096447966003284
1979-03-05 09:27:00,-657253929.8145592,404709.12046087923,404709120.4608792,0.0027053133748973827
1979-03-05 09:28:00,-657253869.8145592,404063.9309918947,404063930.99189466,0.0027010005496815852
1979-03-05 09:29:00,-657253809.8145592,403421.5413254636,403421541.3254636,0.002696706439989882
1979-03-05 09:30:00,-657253749.8145592,402781.96931718197,402781969.31718194,0.0026924311651795587
1979-03-05 09:31:00,-657253689.8145592,402145.2328692628,402145232.8692628,0.0026881748449195195
1979-03-05 09:32:00,-657253629.8145592,401511.3499425265,401511349.94252646,0.0026839375992704323
1979-03-05 09:33:00,-657253569.8145592,400880.33853415895,400880338.53415895,0.002679719548536054
1979-03-05 09:34:00,-657253509.8145592,400252.21669206454,400252216.6920645,0.002675520813359174
1979-03-05 09:35:00,-657253449.8145592,399627.00250658125,399627002.50658125,0.002671341514666233
1979-03-05 09:36:00,-657253389.8145592,399004.71411327546,399004714.11327547,0.002667181773686004
1979-03-05 09:37:00,-657253329.8145592,398385.3696907205,398385369.6907205,0.0026630417119347443
1979-03-05 09:38:00,-657253269.8145592,397768.9874521935,397768987.4521935,0.002658921451160692
1979-03-05 09:39:00,-657253209.8145592,397155.58565890463,397155585.6589046,0.002654821113432497
1979-03-05 09:40:00,-657253149.8145592,396545.18260459666,396545182.6045967,0.0026507408210362762
1979-03-05 09:41:00,-657253089.8145592,395937.79662010033,395937796.6201003,0.0026466806965060657
1979-03-05 09:42:00,-657253029.8145592,395333.44607432216,395333446.07432216,0.002642640862630421
1979-03-05 09:43:00,-657252969.8145592,394732.14936988876,394732149.3698888,0.002638621442423303
1979-03-05 09:44:00,-657252909.8145592,394133.9249370416,394133924.9370416,0.0026346225590832668
1979-03-05 09:45:00,-657252849.8145592,393538.7912454091,393538791.24540913,0.002630644336072152
1979-03-05 09:46:00,-657252789.8145592,392946.7667902075,392946766.7902075,0.002626686897022843
1979-03-05 09:47:00,-657252729.8145592,392357.8700884861,392357870.08848614,0.0026227503657141704
1979-03-05 09:48:00,-657252669.8145592,391772.1196960616,391772119.6960616,0.0026188348661841053
1979-03-05 09:49:00,-657252609.8145592,391189.5341834371,391189534.1834371,0.002614940522568796
1979-03-05 09:50:00,-657252549.8145592,390610.13214957213,390610132.14957213,0.002611067459194606
1979-03-05 09:51:00,-657252489.8145592,390033.93221542507,390033932.2154251,0.0026072158005349543
1979-03-05 09:52:00,-657252429.8145592,389460.9530190803,389460953.0190803,0.0026033856711777403
1979-03-05 09:53:00,-657252369.8145592,388891.2132198007,388891213.21980065,0.002599577195852432
1979-03-05 09:54:00,-657252309.8145592,388324.73148810625,388324731.48810625,0.002595790499363747
1979-03-05 09:55:00,-657252249.8145592,387761.5265198634,387761526.5198634,0.0025920257066858335
1979-03-05 09:56:00,-657252189.8145592,387201.61701385904,387201617.01385903,0.002588282942812361
1979-03-05 09:57:00,-657252129.8145592,386645.0216822984,386645021.6822984,0.0025845623328266958
1979-03-05 09:58:00,-657252069.8145592,386091.75925248413,386091759.25248414,0.0025808640019131246
1979-03-05 09:59:00,-657252009.8145592,385541.84845103463,385541848.4510346,0.0025771880752513588
1979-03-05 10:00:00,-657251949.8145592,384995.3080185394,384995308.01853937,0.002573534678114502
1979-03-05 10:01:00,-657251889.8145592,384452.15669393365,384452156.69393367,0.0025699039357645996
1979-03-05 10:02:00,-657251829.8145592,383912.4132179025,383912413.2179025,0.0025662959734753933
1979-03-05 10:03:00,-657251769.8145592,383376.09633370314,383376096.33370316,0.0025627109165378193
1979-03-05 10:04:00,-657251709.8145592,382843.2247797681,382843224.7797681,0.0025591488902105618
1979-03-05 10:05:00,-657251649.8145592,382313.817292986,382313817.292986,0.0025556100197419857
1979-03-05 10:06:00,-657251589.8145592,381787.8926038953,381787892.6038953,0.002552094430338007
1979-03-05 10:07:00,-657251529.8145592,381265.4694319323,381265469.43193233,0.0025486022471303284
1979-03-05 10:08:00,-657251469.8145592,380746.5664866548,380746566.4866548,0.0025451335951846192
1979-03-05 10:09:00,-657251409.8145592,380231.2024671599,380231202.46715987,0.002541688599496623
1979-03-05 10:10:00,-657251349.8145592,379719.3960576014,379719396.0576014,0.002538267384962194
1979-03-05 10:11:00,-657251289.8145592,379211.1659230028,379211165.92300284,0.002534870076349308
1979-03-05 10:12:00,-657251229.8145592,378706.5307112229,378706530.7112229,0.0025314967983112004
1979-03-05 10:13:00,-657251169.8145592,378205.5090445546,378205509.0445546,0.002528147675330212
1979-03-05 10:14:00,-657251109.8145592,377708.1195282335,377708119.52823347,0.0025248228317746603
1979-03-05 10:15:00,-657251049.8145592,377214.3807391983,377214380.7391983,0.0025215223918237115
1979-03-05 10:16:00,-657250989.8145592,376724.31122142327,376724311.22142327,0.002518246479436176
1979-03-05 10:17:00,-657250929.8145592,376237.92949253035,376237929.49253035,0.002514995218394712
1979-03-05 10:18:00,-657250869.8145592,375755.2540376909,375755254.0376909,0.002511768732265057
1979-03-05 10:19:00,-657250809.8145592,375276.3033041022,375276303.30410224,0.002508567144359109
1979-03-05 10:20:00,-657250749.8145592,374801.095702934,374801095.702934,0.002505390577747936
1979-03-05 10:21:00,-657250689.8145592,374329.64960332133,374329649.6033213,0.0025022391552216214
1979-03-05 10:22:00,-657250629.8145592,373861.98333349917,373861983.3334992,0.0024991129992968488
1979-03-05 10:23:00,-657250569.8145592,373398.11517722165,373398115.17722166,0.002496012232192966
1979-03-05 10:24:00,-657250509.8145592,372938.0633643991,372938063.3643991,0.0024929369757693957
1979-03-05 10:25:00,-657250449.8145592,372481.84608047525,372481846.0804753,0.0024898873515883223
1979-03-05 10:26:00,-657250389.8145592,372029.48145760247,372029481.45760244,0.002486863480855697
1979-03-05 10:27:00,-657250329.8145592,371580.9875726705,371580987.5726705,0.002483865484408065
1979-03-05 10:28:00,-657250269.8145592,371136.38243970176,371136382.43970174,0.0024808934826617275
1979-03-05 10:29:00,-657250209.8145592,370695.6840186577,370695684.01865774,0.002477947595671612
1979-03-05 10:30:00,-657250149.8145592,370258.91020033334,370258910.20033336,0.0024750279430302974
1979-03-05 10:31:00,-657250089.8145592,369826.0788159069,369826078.8159069,0.0024721346439318466
1979-03-05 10:32:00,-657250029.8145592,369397.2076207594,369397207.62075937,0.002469267817063652
1979-03-05 10:33:00,-657249969.8145592,368972.3143063478,368972314.3063478,0.0024664275806857983
1979-03-05 10:34:00,-657249909.8145592,368551.4164854135,368551416.4854135,0.00246361405253219
1979-03-05 10:35:00,-657249849.8145592,368134.5316940483,368134531.69404835,0.0024608273498243605
1979-03-05 10:36:00,-657249789.8145592,367721.67739121785,367721677.3912178,0.002458067589268287
1979-03-05 10:37:00,-657249729.8145592,367312.8709513653,367312870.9513653,0.0024553348870049478
1979-03-05 10:38:00,-657249669.8145592,366908.1296666338,366908129.6666338,0.002452629358625181
1979-03-05 10:39:00,-657249609.8145592,366507.4707390051,366507470.7390051,0.0024499511191171325
1979-03-05 10:40:00,-657249549.8145592,366110.91128211893,366110911.2821189,0.0024473002828784176
1979-03-05 10:41:00,-657249489.8145592,365718.46831186255,365718468.3118625,0.0024446769636532173
1979-03-05 10:42:00,-657249429.8145592,365330.15875768015,365330158.7576802,0.0024420812746078755
1979-03-05 10:43:00,-657249369.8145592,364945.9994406067,364945999.4406067,0.002439513328184067
1979-03-05 10:44:00,-657249309.8145592,364566.0070822975,364566007.0822975,0.0024369732361591533
1979-03-05 10:45:00,-657249249.8145592,364190.19830471784,364190198.30471784,0.0024344611096441086
1979-03-05 10:46:00,-657249189.8145592,363818.5896152489,363818589.6152489,0.0024319770589839615
1979-03-05 10:47:00,-657249129.8145592,363451.19741640403,363451197.416404,0.002429521193822741
1979-03-05 10:48:00,-657249069.8145592,363088.03799478745,363088037.99478745,0.0024270936230296725
1979-03-05 10:49:00,-657249009.8145592,362729.12752362347,362729127.52362347,0.0024246944547160823
1979-03-05 10:50:00,-657248949.8145592,362374.4820576718,362374482.05767184,0.002422323796201411
1979-03-05 10:51:00,-657248889.8145592,362024.1175251583,362024117.5251583,0.0024199817539592716
1979-03-05 10:52:00,-657248829.8145592,361678.04973727145,361678049.7372714,0.0024176684336809314
1979-03-05 10:53:00,-657248769.8145592,361336.29437066516,361336294.37066513,0.002415383940158349
1979-03-05 10:54:00,-657248709.8145592,360998.8669790194,360998866.9790194,0.002413128377361453
1979-03-05 10:55:00,-657248649.8145592,360665.7829760586,360665782.9760586,0.0024109018483246276
1979-03-05 10:56:00,-657248589.8145592,360337.0576446974,360337057.64469737,0.002408704455207847
1979-03-05 10:57:00,-657248529.8145592,360012.7061265993,360012706.12659925,0.00240653629922688
1979-03-05 10:58:00,-657248469.8145592,359692.743424297,359692743.42429703,0.002404397480667464
1979-03-05 10:59:00,-657248409.8145592,359377.18439575104,359377184.39575106,0.00240228809884893
1979-03-05 11:00:00,-657248349.8145592,359066.0437479856,359066043.7479856,0.0024002082520816633
1979-03-05 11:01:00,-657248289.8145592,358759.3360421948,358759336.0421948,0.0023981580377012333
1979-03-05 11:02:00,-657248229.8145592,358457.0756845034,358457075.68450344,0.0023961375520066375
1979-03-05 11:03:00,-657248169.8145592,358159.2769280212,358159276.92802125,0.0023941468902740288
1979-03-05 11:04:00,-657248109.8145592,357865.9538675373,357865953.8675373,0.0023921861467212538
1979-03-05 11:05:00,-657248049.8145592,357577.12043209025,357577120.4320902,0.002390255414458184
1979-03-05 11:06:00,-657247989.8145592,357292.7903937413,357292790.39374125,0.002388354785545362
1979-03-05 11:07:00,-657247929.8145592,357012.977349217,357012977.349217,0.0023864843508712924
1979-03-05 11:08:00,-657247869.8145592,356737.69473699713,356737694.7369971,0.002384644200266663
1979-03-05 11:09:00,-657247809.8145592,356466.95581252396,356466955.81252396,0.0023828344223386327
1979-03-05 11:10:00,-657247749.8145592,356200.77366527426,356200773.66527426,0.0023810551045849496
1979-03-05 11:11:00,-657247689.8145592,355939.16120298527,355939161.2029853,0.0023793063332885078
1979-03-05 11:12:00,-657247629.8145592,355682.1311537979,355682131.1537979,0.002377588193531674
1979-03-05 11:13:00,-657247569.8145592,355429.69606463175,355429696.06463176,0.0023759007691854252
1979-03-05 11:14:00,-657247509.8145592,355181.86829611653,355181868.29611653,0.0023742441428754677
1979-03-05 11:15:00,-657247449.8145592,354938.66002027754,354938660.02027756,0.0023726183959667654
1979-03-05 11:16:00,-657247389.8145592,354700.08321917057,354700083.2191706,0.0023710236085544138
1979-03-05 11:17:00,-657247329.8145592,354466.14968604344,354466149.68604344,0.0023694598594714055
1979-03-05 11:18:00,-657247269.8145592,354236.8710126273,354236871.0126273,0.002367927226203677
1979-03-05 11:19:00,-657247209.8145592,354012.25859485974,354012258.5948597,0.0023664257849283664
1979-03-05 11:20:00,-657247149.8145592,353792.3236308555,353792323.6308555,0.002364955610500247
1979-03-05 11:21:00,-657247089.8145592,353577.0771132554,353577077.1132554,0.0023635167764005844
1979-03-05 11:22:00,-657247029.8145592,353366.52983236854,353366529.83236855,0.0023621093547581394
1979-03-05 11:23:00,-657246969.8145592,353160.6923687331,353160692.3687331,0.002360733416299442
1979-03-05 11:24:00,-657246909.8145592,352959.5750934303,352959575.0934303,0.0023593890303508867
1979-03-05 11:25:00,-657246849.8145592,352763.18816575705,352763188.16575706,0.00235807626482318
1979-03-05 11:26:00,-657246789.8145592,352571.5415319588,352571541.5319588,0.002356795186202866
1979-03-05 11:27:00,-657246729.8145592,352384.6449193148,352384644.91931474,0.0023555458595127905
1979-03-05 11:28:00,-657246669.8145592,352202.5078411139,352202507.8411139,0.0023543283483453614
1979-03-05 11:29:00,-657246609.8145592,352025.1395873627,352025139.5873627,0.002353142714800437
1979-03-05 11:30:00,-657246549.8145592,351852.5492223922,351852549.2223922,0.0023519890194693273
1979-03-05 11:31:00,-657246489.8145592,351684.74558979657,351684745.58979654,0.002350867321467809
1979-03-05 11:32:00,-657246429.8145592,351521.7373051132,351521737.3051132,0.002349777678387191
1979-03-05 11:33:00,-657246369.8145592,351363.532754602,351363532.754602,0.00234872014628616
1979-03-05 11:34:00,-657246309.8145592,351210.1400957341,351210140.0957341,0.002347694779694041
1979-03-05 11:35:00,-657246249.8145592,351061.5672541587,351061567.25415874,0.0023467016315905274
1979-03-05 11:36:00,-657246189.8145592,350917.8219155839,350917821.9155839,0.002345740753351404
1979-03-05 11:37:00,-657246129.8145592,350778.91153449926,350778911.5344993,0.0023448121948068563
1979-03-05 11:38:00,-657246069.8145592,350644.84332830575,350644843.3283058,0.0023439160042022294
1979-03-05 11:39:00,-657246009.8145592,350515.62427320215,350515624.2732021,0.0023430522281705324
1979-03-05 11:40:00,-657245949.8145592,350391.2611025593,350391261.10255927,0.0023422209117215684
1979-03-05 11:41:00,-657245889.8145592,350271.76031218935,350271760.31218934,0.002341422098277161
1979-03-05 11:42:00,-657245829.8145592,350157.12814893405,350157128.14893407,0.0023406558295948664
1979-03-05 11:43:00,-657245769.8145592,350047.3706159156,350047370.61591566,0.0023399221458030796
1979-03-05 11:44:00,-657245709.8145592,349942.4934705031,349942493.4705031,0.002339221085387435
1979-03-05 11:45:00,-657245649.8145592,349842.50221941626,349842502.21941626,0.0023385526851580803
1979-03-05 11:46:00,-657245589.8145592,349747.40212379,349747402.12379,0.0023379169802835303
1979-03-05 11:47:00,-657245529.8145592,349657.1981878713,349657198.18787134,0.0023373140042151105
1979-03-05 11:48:00,-657245469.8145592,349571.89517053904,349571895.170539,0.0023367437887639605
1979-03-05 11:49:00,-657245409.8145592,349491.49757089256,349491497.5708926,0.002336206364004702
1979-03-05 11:50:00,-657245349.8145592,349416.00964240346,349416009.6424035,0.0023357017583700373
1979-03-05 11:51:00,-657245289.8145592,349345.4353730518,349345435.37305176,0.0023352299985179657
1979-03-05 11:52:00,-657245229.8145592,349279.77850338566,349279778.50338566,0.002334791109452507
1979-03-05 11:53:00,-657245169.8145592,349219.0425133804,349219042.5133804,0.0023343851144358597
1979-03-05 11:54:00,-657245109.8145592,349163.2306253158,349163230.6253158,0.0023340120350076334
1979-03-05 11:55:00,-657245049.8145592,349112.3458030416,349112345.8030416,0.0023336718909799403
1979-03-05 11:56:00,-657244989.8145592,349066.3907496334,349066390.74963343,0.002333364700421725
1979-03-05 11:57:00,-657244929.8145592,349025.3679124855,349025367.9124855,0.002333090479692807
1979-03-05 11:58:00,-657244869.8145592,348989.27947422606,348989279.47422606,0.0023328492433831553
1979-03-05 11:59:00,-657244809.8145592,348958.12735677185,348958127.3567718,0.002332641004339989
1979-03-05 12:00:00,-657244749.8145592,348931.9132240931,348931913.2240931,0.0023324657736862636
1979-03-05 12:01:00,-657244689.8145592,348910.6384766074,348910638.4766074,0.002332323560783191
1979-03-05 12:02:00,-657244629.8145592,348894.3042483913,348894304.24839133,0.0023322143732116057
1979-03-05 12:03:00,-657244569.8145592,348882.9114182016,348882911.41820157,0.002332138216845633
1979-03-05 12:04:00,-657244509.8145592,348876.46059616253,348876460.59616256,0.002332095095763703
1979-03-05 12:05:00,-657244449.8145592,348874.9521324933,348874952.1324933,0.0023320850123068853
1979-03-05 12:06:00,-657244389.8145592,348878.38611522294,348878386.11522293,0.002332107967063618
1979-03-05 12:07:00,-657244329.8145592,348886.76236665784,348886762.36665785,0.0023321639588460927
1979-03-05 12:08:00,-657244269.8145592,348900.0804482593,348900080.4482593,0.002332252984722859
1979-03-05 12:09:00,-657244209.8145592,348918.33965765376,348918339.65765375,0.00233237503999884
1979-03-05 12:10:00,-657244149.8145592,348941.53903239395,348941539.03239393,0.0023325301182404727
1979-03-05 12:11:00,-657244089.8145592,348969.67734395695,348969677.34395695,0.0023327182112355895
1979-03-05 12:12:00,-657244029.8145592,349002.75310423103,349002753.104231,0.0023329393090367767
1979-03-05 12:13:00,-657243969.8145592,349040.7645622964,349040764.5622964,0.002333193399939859
1979-03-05 12:14:00,-657243909.8145592,349083.70970691234,349083709.70691234,0.002333480470500523
1979-03-05 12:15:00,-657243849.8145592,349131.58626548864,349131586.2654886,0.0023338005055274402
1979-03-05 12:16:00,-657243789.8145592,349184.39170568244,349184391.70568246,0.0023341534880929457
1979-03-05 12:17:00,-657243729.8145592,349242.12323471,349242123.23471004,0.002334539399528432
1979-03-05 12:18:00,-657243669.8145592,349304.7778021912,349304777.8021912,0.0023349582194433682
1979-03-05 12:19:00,-657243609.8145592,349372.3520971379,349372352.09713787,0.0023354099257051654
1979-03-05 12:20:00,-657243549.8145592,349444.8425541041,349444842.5541041,0.002335894494480289
1979-03-05 12:21:00,-657243489.8145592,349522.24534987216,349522245.3498722,0.0023364119002121076
1979-03-05 12:22:00,-657243429.8145592,349604.5564031345,349604556.40313447,0.002336962115618765
1979-03-05 12:23:00,-657243369.8145592,349691.771382642,349691771.382642,0.00233754511174765
1979-03-05 12:24:00,-657243309.8145592,349783.8857000209,349783885.7000209,0.0023381608579273777
1979-03-05 12:25:00,-657243249.8145592,349880.8945156975,349880894.5156975,0.002338809321807396
1979-03-05 12:26:00,-657243189.8145592,349982.7927387708,349982792.7387708,0.0023394904693571335
1979-03-05 12:27:00,-657243129.8145592,350089.575027675,350089575.02767503,0.0023402042648704292
1979-03-05 12:28:00,-657243069.8145592,350201.2357912521,350201235.79125214,0.0023409506709726993
1979-03-05 12:29:00,-657243009.8145592,350317.7691914581,350317769.1914581,0.002341729648639031
1979-03-05 12:30:00,-657242949.8145592,350439.1691457387,350439169.1457387,0.002342541157210059
1979-03-05 12:31:00,-657242889.8145592,350565.42932332,350565429.32332,0.002343385154367174
1979-03-05 12:32:00,-657242829.8145592,350696.5431536785,350696543.1536785,0.0023442615961891396
1979-03-05 12:33:00,-657242769.8145592,350832.5038211698,350832503.8211698,0.0023451704371161867
1979-03-05 12:34:00,-657242709.8145592,350973.3042715376,350973304.2715376,0.002346111629993525
1979-03-05 12:35:00,-657242649.8145592,351118.9372136355,351118937.2136355,0.002347085126082851
1979-03-05 12:36:00,-657242589.8145592,351269.3951156078,351269395.1156078,0.0023480908750368188
1979-03-05 12:37:00,-657242529.8145592,351424.6702150107,351424670.2150107,0.002349128824966696
1979-03-05 12:38:00,-657242469.8145592,351584.7545115189,351584754.51151896,0.0023501989223936124
1979-03-05 12:39:00,-657242409.8145592,351749.63977611874,351749639.77611876,0.002351301112310008
1979-03-05 12:40:00,-657242349.8145592,351919.31754968053,351919317.54968053,0.0023524353381700943
1979-03-05 12:41:00,-657242289.8145592,352093.7791463141,352093779.1463141,0.0023536015419122814
1979-03-05 12:42:00,-657242229.8145592,352273.01565137174,352273015.6513717,0.00235479966394583
1979-03-05 12:43:00,-657242169.8145592,352457.0179288622,352457017.9288622,0.002356029643200411
1979-03-05 12:44:00,-657242109.8145592,352645.77662118245,352645776.62118244,0.0023572914171243113
1979-03-05 12:45:00,-657242049.8145592,352839.2821505879,352839282.15058786,0.0023585849216942625
1979-03-05 12:46:00,-657241989.8145592,353037.524722009,353037524.722009,0.0023599100914342697
1979-03-05 12:47:00,-657241929.8145592,353240.4943248864,353240494.32488644,0.002361266859427876
1979-03-05 12:48:00,-657241869.8145592,353448.18073596933,353448180.7359693,0.002362655157336871
1979-03-05 12:49:00,-657241809.8145592,353660.5735212249,353660573.5212249,0.002364074915414053
1979-03-05 12:50:00,-657241749.8145592,353877.66203766986,353877662.03766984,0.0023655260625154734
1979-03-05 12:51:00,-657241689.8145592,354099.4354368142,354099435.4368142,0.0023670085261234554
1979-03-05 12:52:00,-657241629.8145592,354325.8826664283,354325882.66642827,0.002368522232358407
1979-03-05 12:53:00,-657241569.8145592,354556.9924721242,354556992.4721242,0.002370067105989392
1979-03-05 12:54:00,-657241509.8145592,354792.75340188533,354792753.40188533,0.002371643070464407
1979-03-05 12:55:00,-657241449.8145592,355033.1538054872,355033153.8054872,0.0023732500479065124
1979-03-05 12:56:00,-657241389.8145592,355278.1818400615,355278181.8400615,0.0023748879591510225
1979-03-05 12:57:00,-657241329.8145592,355527.8254708151,355527825.4708151,0.002376556723750314
1979-03-05 12:58:00,-657241269.8145592,355782.0724742532,355782072.4742532,0.0023782562599953716
1979-03-05 12:59:00,-657241209.8145592,356040.91043987585,356040910.43987584,0.0023799864849271273
1979-03-05 13:00:00,-657241149.8145592,356304.3267742927,356304326.7742927,0.002381747314363965
1979-03-05 13:01:00,-657241089.8145592,356572.30870178173,356572308.70178175,0.002383538662905459
1979-03-05 13:02:00,-657241029.8145592,356844.8432700552,356844843.2700552,0.002385360443970913
1979-03-05 13:03:00,-657240969.8145592,357121.917348236,357121917.348236,0.002387212569785835
1979-03-05 13:04:00,-657240909.8145592,357403.51763474336,357403517.63474333,0.002389094951434649
1979-03-05 13:05:00,-657240849.8145592,357689.6306573115,357689630.65731156,0.0023910074988608213
1979-03-05 13:06:00,-657240789.8145592,357980.2427743676,357980242.77436763,0.0023929501208760696
1979-03-05 13:07:00,-657240729.8145592,358275.3401805229,358275340.18052286,0.0023949227251970698
1979-03-05 13:08:00,-657240669.8145592,358574.90890882805,358574908.908828,0.002396925218460533
1979-03-05 13:09:00,-657240609.8145592,358878.93483107624,358878934.83107626,0.002398957506225229
1979-03-05 13:10:00,-657240549.8145592,359187.40366430953,359187403.6643095,0.0024010194930154816
1979-03-05 13:11:00,-657240489.8145592,359500.30097017647,359500300.97017646,0.002403111082316872
1979-03-05 13:12:00,-657240429.8145592,359817.61216075026,359817612.16075027,0.0024052321766151333
1979-03-05 13:13:00,-657240369.8145592,360139.3224983294,360139322.4983294,0.0024073826773948156
1979-03-05 13:14:00,-657240309.8145592,360465.4171011635,360465417.10116345,0.0024095624851775614
1979-03-05 13:15:00,-657240249.8145592,360795.8809451141,360795880.94511414,0.002411771499533209
1979-03-05 13:16:00,-657240189.8145592,361130.69886461383,361130698.86461383,0.002414009619086202
1979-03-05 13:17:00,-657240129.8145592,361469.85555934726,361469855.5593473,0.002416276741560248
1979-03-05 13:18:00,-657240069.8145592,361813.3355938728,361813335.59387285,0.002418572763775794
1979-03-05 13:19:00,-657240009.8145592,362161.1234019473,362161123.4019473,0.0024208975816789307
1979-03-05 13:20:00,-657239949.8145592,362513.20329001005,362513203.29001004,0.0024232510903646844
1979-03-05 13:21:00,-657239889.8145592,362869.5594365702,362869559.4365702,0.002425633184072922
1979-03-05 13:22:00,-657239829.8145592,363230.1759005124,363230175.9005124,0.0024280437562438674
1979-03-05 13:23:00,-657239769.8145592,363595.0366198218,363595036.6198218,0.0024304826995095847
1979-03-05 13:24:00,-657239709.8145592,363964.12541582715,363964125.41582716,0.002432949905722336
1979-03-05 13:25:00,-657239649.8145592,364337.425996312,364337425.996312,0.0024354452659753802
1979-03-05 13:26:00,-657239589.8145592,364714.92195822764,364714921.95822763,0.00243796867062111
1979-03-05 13:27:00,-657239529.8145592,365096.59678986337,365096596.78986335,0.002440520009285556
1979-03-05 13:28:00,-657239469.8145592,365482.4338747325,365482433.8747325,0.0024430991708943657
1979-03-05 13:29:00,-657239409.8145592,365872.41649381054,365872416.49381053,0.0024457060436877632
1979-03-05 13:30:00,-657239349.8145592,366266.52782845654,366266527.8284565,0.002448340515240078
1979-03-05 13:31:00,-657239289.8145592,366664.7509634886,366664750.9634886,0.0024510024724803026
1979-03-05 13:32:00,-657239229.8145592,367067.0688897348,367067068.8897348,0.0024536918017091457
1979-03-05 13:33:00,-657239169.8145592,367473.46450785117,367473464.5078512,0.002456408388624553
1979-03-05 13:34:00,-657239109.8145592,367883.9206283987,367883920.6283987,0.002459152118322221
1979-03-05 13:35:00,-657239049.8145592,368298.4199785605,368298419.97856045,0.002461922875340501
1979-03-05 13:36:00,-657238989.8145592,368716.9452021741,368716945.20217407,0.002464720543660613
1979-03-05 13:37:00,-657238929.8145592,369139.4788633047,369139478.86330473,0.0024675450067305317
1979-03-05 13:38:00,-657238869.8145592,369566.00344846817,369566003.44846815,0.0024703961474798466
1979-03-05 13:39:00,-657238809.8145592,369996.50137121684,369996501.37121683,0.0024732738483504157
1979-03-05 13:40:00,-657238749.8145592,370430.95497207396,370430954.972074,0.002476177991295928
1979-03-05 13:41:00,-657238689.8145592,370869.34652464115,370869346.52464116,0.00247910845782273
1979-03-05 13:42:00,-657238629.8145592,371311.6582348983,371311658.23489827,0.0024820651289851436
1979-03-05 13:43:00,-657238569.8145592,371757.8722458616,371757872.24586165,0.002485047885416605
1979-03-05 13:44:00,-657238509.8145592,372207.97064117825,372207970.64117825,0.002488056607353692
1979-03-05 13:45:00,-657238449.8145592,372661.93544445885,372661935.44445884,0.0024910911746316646
1979-03-05 13:46:00,-657238389.8145592,373119.7486257835,373119748.6257835,0.002494151466727952
1979-03-05 13:47:00,-657238329.8145592,373581.3921012789,373581392.1012789,0.0024972373627593276
1979-03-05 13:48:00,-657238269.8145592,374046.8477400329,374046847.7400329,0.00250034874152813
1979-03-05 13:49:00,-657238209.8145592,374516.0973583725,374516097.3583725,0.0025034854814840126
1979-03-05 13:50:00,-657238149.8145592,374989.1227335958,374989122.7335958,0.002506647460815736
1979-03-05 13:51:00,-657238089.8145592,375465.90559693665,375465905.59693664,0.0025098345574041427
1979-03-05 13:52:00,-657238029.8145592,375946.4276417354,375946427.64173543,0.0025130466488767706
1979-03-05 13:53:00,-657237969.8145592,376430.6705232079,376430670.5232079,0.002516283612606312
1979-03-05 13:54:00,-657237909.8145592,376918.61586267524,376918615.86267525,0.002519545325738886
1979-03-05 13:55:00,-657237849.8145592,377410.2452489152,377410245.2489152,0.0025228316652030746
1979-03-05 13:56:00,-657237789.8145592,377905.5402416602,377905540.2416602,0.002526142507733302
1979-03-05 13:57:00,-657237729.8145592,378404.48237239226,378404482.37239224,0.0025294777298751504
1979-03-05 13:58:00,-657237669.8145592,378907.0531488656,378907053.1488656,0.0025328372080155926
1979-03-05 13:59:00,-657237609.8145592,379413.2340561085,379413234.05610853,0.002536220818389687
1979-03-05 14:00:00,-657237549.8145592,379923.0065588992,379923006.55889916,0.002539628437097128
1979-03-05 14:01:00,-657237489.8145592,380436.3521048426,380436352.1048426,0.002543059940122815
1979-03-05 14:02:00,-657237429.8145592,380953.25212627737,380953252.1262774,0.002546515203349598
1979-03-05 14:03:00,-657237369.8145592,381473.6880424043,381473688.0424043,0.0025499941025725063
1979-03-05 14:04:00,-657237309.8145592,381997.64126207307,381997641.26207304,0.002553496513517375
1979-03-05 14:05:00,-657237249.8145592,382525.09318539425,382525093.1853942,0.0025570223118516235
1979-03-05 14:06:00,-657237189.8145592,383056.02520668076,383056025.2066808,0.0025605713732039155
1979-03-05 14:07:00,-657237129.8145592,383590.4187168412,383590418.7168412,0.002564143573180158
1979-03-05 14:08:00,-657237069.8145592,384128.25510414975,384128255.10414976,0.0025677387873686477
1979-03-05 14:09:00,-657237009.8145592,384669.5157582766,384669515.75827664,0.002571356891367015
1979-03-05 14:10:00,-657236949.8145592,385214.18207151676,385214182.07151675,0.0025749977607904336
1979-03-05 14:11:00,-657236889.8145592,385762.23544095055,385762235.4409506,0.0025786612712860664
1979-03-05 14:12:00,-657236829.8145592,386313.65727006696,386313657.270067,0.0025823472985439157
1979-03-05 14:13:00,-657236769.8145592,386868.4289726859,386868428.9726859,0.002586055718323041
1979-03-05 14:14:00,-657236709.8145592,387426.5319728318,387426531.9728318,0.0025897864064507157
1979-03-05 14:15:00,-657236649.8145592,387987.94770783,387987947.70783,0.002593539238843124
1979-03-05 14:16:00,-657236589.8145592,388552.6576305849,388552657.6305849,0.0025973140915205883
1979-03-05 14:17:00,-657236529.8145592,389120.6432111716,389120643.2111716,0.0026011108406182124
1979-03-05 14:18:00,-657236469.8145592,389691.88593873195,389691885.93873197,0.002604929362398552
1979-03-05 14:19:00,-657236409.8145592,390266.36732357275,390266367.32357275,0.0026087695332656416
1979-03-05 14:20:00,-657236349.8145592,390844.0688989784,390844068.8989784,0.0026126312297771125
1979-03-05 14:21:00,-657236289.8145592,391424.97222332156,391424972.22332156,0.0026165143286582993
1979-03-05 14:22:00,-657236229.8145592,392009.05888153985,392009058.8815398,0.0026204187068121143
1979-03-05 14:23:00,-657236169.8145592,392596.3104873908,392596310.4873908,0.002624344241334117
1979-03-05 14:24:00,-657236109.8145592,393186.7086846864,393186708.6846864,0.0026282908095207696
1979-03-05 14:25:00,-657236049.8145592,393780.23515099235,393780235.15099233,0.002632258288894164
1979-03-05 14:26:00,-657235989.8145592,394376.8715939541,394376871.5939541,0.0026362465571774622
1979-03-05 14:27:00,-657235929.8145592,394976.5997602598,394976599.7602598,0.0026402554923548108
1979-03-05 14:28:00,-657235869.8145592,395579.4014320349,395579401.4320349,0.0026442849726472407
1979-03-05 14:29:00,-657235809.8145592,396185.25843059784,396185258.43059784,0.0026483348765377708
1979-03-05 14:30:00,-657235749.8145592,396794.1526170547,396794152.6170547,0.0026524050827753842
1979-03-05 14:31:00,-657235689.8145592,397406.06589371356,397406065.89371353,0.002656495470384483
1979-03-05 14:32:00,-657235629.8145592,398020.980206264,398020980.206264,0.0026606059186794566
1979-03-05 14:33:00,-657235569.8145592,398638.8775438788,398638877.5438788,0.0026647363072653603
1979-03-05 14:34:00,-657235509.8145592,399259.7399422721,399259739.94227207,0.0026688865160583606
1979-03-05 14:35:00,-657235449.8145592,399883.5494817273,399883549.4817273,0.002673056425272551
1979-03-05 14:36:00,-657235389.8145592,400510.2882911471,400510288.2911471,0.0026772459154470246
1979-03-05 14:37:00,-657235329.8145592,401139.9385462519,401139938.5462519,0.0026814548674338316
1979-03-05 14:38:00,-657235269.8145592,401772.48247197334,401772482.47197336,0.002685683162413978
1979-03-05 14:39:00,-657235209.8145592,402407.9023431298,402407902.3431298,0.002689930681901944
1979-03-05 14:40:00,-657235149.8145592,403046.18048188905,403046180.48188907,0.0026941973077287194
1979-03-05 14:41:00,-657235089.8145592,403687.2992618848,403687299.2618848,0.0026984829220693235
1979-03-05 14:42:00,-657235029.8145592,404331.2411037354,404331241.1037354,0.0027027874074128477
1979-03-05 14:43:00,-657234969.8145592,404977.9884790148,404977988.47901475,0.002707110646589001
1979-03-05 14:44:00,-657234909.8145592,405627.5239040617,405627523.9040617,0.002711452522726727
1979-03-05 14:45:00,-657234849.8145592,406279.82994384796,406279829.94384795,0.0027158129192800602
1979-03-05 14:46:00,-657234789.8145592,406934.8892074642,406934889.20746416,0.0027201917199979517
1979-03-05 14:47:00,-657234729.8145592,407592.68434587086,407592684.34587085,0.002724588808909236
1979-03-05 14:48:00,-657234669.8145592,408253.19805091165,408253198.05091166,0.0027290040703160335
1979-03-05 14:49:00,-657234609.8145592,408916.4130512903,408916413.05129033,0.00273343738876686
1979-03-05 14:50:00,-657234549.8145592,409582.3121077122,409582312.1077122,0.0027378886490241486
1979-03-05 14:51:00,-657234489.8145592,410250.878011334,410250878.011334,0.002742357736053886
1979-03-05 14:52:00,-657234429.8145592,410922.093575573,410922093.575573,0.0027468445349708645
1979-03-05 14:53:00,-657234369.8145592,411595.9416317686,411595941.6317686,0.0027513489310096754
1979-03-05 14:54:00,-657234309.8145592,412272.40502321406,412272405.02321404,0.002755870809484818
1979-03-05 14:55:00,-657234249.8145592,412951.4665991393,412951466.59913933,0.002760410055750475
1979-03-05 14:56:00,-657234189.8145592,413633.1092033716,413633109.20337164,0.002764966555124716
1979-03-05 14:57:00,-657234129.8145592,414317.3156713077,414317315.6713077,0.002769540192869254
1979-03-05 14:58:00,-657234069.8145592,415004.0688151948,415004068.81519485,0.0027741308540910592
1979-03-05 14:59:00,-657234009.8145592,415693.3514216745,415693351.4216745,0.002778738423725937
1979-03-05 15:00:00,-657233949.8145592,416385.146240985,416385146.24098504,0.0027833627864663523
1979-03-05 15:01:00,-657233889.8145592,417079.435975342,417079435.975342,0.0027880038266837577
1979-03-05 15:02:00,-657233829.8145592,417776.2032785588,417776203.2785588,0.0027926614284260586
1979-03-05 15:03:00,-657233769.8145592,418475.4307432196,418475430.7432196,0.002797335475331867
1979-03-05 15:04:00,-657233709.8145592,419177.1009015754,419177100.9015754,0.002802025850636492
1979-03-05 15:05:00,-657233649.8145592,419881.19621733547,419881196.21733546,0.0028067324371170714
1979-03-05 15:06:00,-657233589.8145592,420587.69909578987,420587699.09578985,0.002811455117160233
1979-03-05 15:07:00,-657233529.8145592,421296.5918746117,421296591.8746117,0.0028161937727006147
1979-03-05 15:08:00,-657233469.8145592,422007.85684317624,422007856.84317625,0.0028209482853500016
1979-03-05 15:09:00,-657233409.8145592,422721.4762439487,422721476.2439487,0.0028257185364066063
1979-03-05 15:10:00,-657233349.8145592,423437.43229336495,423437432.29336494,0.0028305044069946443
1979-03-05 15:11:00,-657233289.8145592,424155.70719731203,424155707.19731206,0.0028353057781678177
1979-03-05 15:12:00,-657233229.8145592,424876.28317172604,424876283.17172605,0.0028401225310470016
1979-03-05 15:13:00,-657233169.8145592,425599.14246776665,425599142.46776664,0.0028449545469885268
1979-03-05 15:14:00,-657233109.8145592,426324.2673989735,426324267.3989735,0.002849801707765708
1979-03-05 15:15:00,-657233049.8145592,427051.6403617898,427051640.36178976,0.0028546638957060357
1979-03-05 15:16:00,-657232989.8145592,427781.2438710605,427781243.8710605,0.0028595409939284684
1979-03-05 15:17:00,-657232929.8145592,428513.06057509565,428513060.57509565,0.002864432886444123
1979-03-05 15:18:00,-657232869.8145592,429247.0732855774,429247073.2855774,0.0028693394583561905
1979-03-05 15:19:00,-657232809.8145592,429983.26499266195,429983264.99266195,0.0028742605959608887
1979-03-05 15:20:00,-657232749.8145592,430721.6188844576,430721618.88445765,0.0028791961868776627
1979-03-05 15:21:00,-657232689.8145592,431462.11835522216,431462118.35522217,0.002884146120103982
1979-03-05 15:22:00,-657232629.8145592,432204.7470205225,432204747.0205225,0.002889110286116676
1979-03-05 15:23:00,-657232569.8145592,432949.48838812136,432949488.38812137,0.002894088574671948
1979-03-05 15:24:00,-657232509.8145592,433696.3268366939,433696326.83669394,0.002899080881347691
1979-03-05 15:25:00,-657232449.8145592,434445.2466479267,434445246.6479267,0.0029040871010734695
1979-03-05 15:26:00,-657232389.8145592,435196.2323103198,435196232.3103198,0.0029091071301613107
1979-03-05 15:27:00,-657232329.8145592,435949.2685204814,435949268.5204814,0.0029141408663143588
1979-03-05 15:28:00,-657232269.8145592,436704.34017127624,436704340.1712763,0.002919188208547652
1979-03-05 15:29:00,-657232209.8145592,437461.43234443915,437461432.34443915,0.002924249057138747
1979-03-05 15:30:00,-657232149.8145592,438220.53029394796,438220530.29394794,0.002929323313516574
1979-03-05 15:31:00,-657232089.8145592,438981.6194426786,438981619.4426786,0.002934410880239077
1979-03-05 15:32:00,-657232029.8145592,439744.6853685567,439744685.3685567,0.002939511660900644
1979-03-05 15:33:00,-657231969.8145592,440509.7137914943,440509713.7914943,0.0029446255600447816
1979-03-05 15:34:00,-657231909.8145592,441276.6905694349,441276690.5694349,0.002949752483137682
1979-03-05 15:35:00,-657231849.8145592,442045.6016826053,442045601.68260527,0.00295489233646295
1979-03-05 15:36:00,-657231789.8145592,442816.43323070026,442816433.23070025,0.002960045027102784
1979-03-05 15:37:00,-657231729.8145592,443589.17142022063,443589171.4202206,0.002965210462853337
1979-03-05 15:38:00,-657231669.8145592,444363.8025626602,444363802.5626602,0.0029703885522125964
1979-03-05 15:39:00,-657231609.8145592,445140.31306540815,445140313.0654082,0.0029755792043195716
1979-03-05 15:40:00,-657231549.8145592,445918.68942571717,445918689.4257172,0.0029807823289139715
1979-03-05 15:41:00,-657231489.8145592,446698.91823175026,446698918.23175025,0.0029859978363432032
1979-03-05 15:42:00,-657231429.8145592,447480.98614959075,447480986.14959073,0.002991225637475539
1979-03-05 15:43:00,-657231369.8145592,448264.8799292308,448264879.9292308,0.0029964656437401474
1979-03-05 15:44:00,-657231309.8145592,449050.5863946344,449050586.39463437,0.0030017177670606673
1979-03-05 15:45:00,-657231249.8145592,449838.09244622337,449838092.4462234,0.0030069819198718273
1979-03-05 15:46:00,-657231189.8145592,450627.3850556105,450627385.0556105,0.0030122580150842384
1979-03-05 15:47:00,-657231129.8145592,451418.4512648301,451418451.26483005,0.003017545966079249
1979-03-05 15:48:00,-657231069.8145592,452211.27818753984,452211278.1875398,0.0030228456867169825
1979-03-05 15:49:00,-657231009.8145592,453005.8530026522,453005853.00265217,0.0030281570912937613
1979-03-05 15:50:00,-657230949.8145592,453802.16295848245,453802162.95848244,0.003033480094569839
1979-03-05 15:51:00,-657230889.8145592,454600.1953721586,454600195.3721586,0.003038814611765451
1979-03-05 15:52:00,-657230829.8145592,455399.93762236915,455399937.62236917,0.0030441605585123425
1979-03-05 15:53:00,-657230769.8145592,456201.37715903425,456201377.15903425,0.0030495178509184107
1979-03-05 15:54:00,-657230709.8145592,457004.501494089,457004501.494089,0.0030548864055060985
1979-03-05 15:55:00,-657230649.8145592,457809.29820762866,457809298.20762867,0.0030602661392534693
1979-03-05 15:56:00,-657230589.8145592,458615.75494427193,458615754.9442719,0.0030656569695699017
1979-03-05 15:57:00,-657230529.8145592,459423.85941335803,459423859.41335803,0.0030710588142974023
1979-03-05 15:58:00,-657230469.8145592,460233.5993897163,460233599.38971627,0.0030764715917157522
1979-03-05 15:59:00,-657230409.8145592,461044.9627170532,461044962.7170532,0.0030818952205651498
1979-03-05 16:00:00,-657230349.8145592,461857.9372997916,461857937.29979163,0.0030873296199916546
1979-03-05 16:01:00,-657230289.8145592,462672.5111134625,462672511.1134625,0.0030927747096166558
1979-03-05 16:02:00,-657230229.8145592,463488.67219217593,463488672.1921759,0.0030982304094531203
1979-03-05 16:03:00,-657230169.8145592,464306.40864244784,464306408.6424478,0.0031036966399980177
1979-03-05 16:04:00,-657230109.8145592,465125.70863409253,465125708.6340925,0.0031091733221714404
1979-03-05 16:05:00,-657230049.8145592,465946.5604042678,465946560.4042678,0.003114660377343645
1979-03-05 16:06:00,-657229989.8145592,466768.95225543133,466768952.25543135,0.003120157727321391
1979-03-05 16:07:00,-657229929.8145592,467592.8725560095,467592872.55600953,0.003125665294352412
1979-03-05 16:08:00,-657229869.8145592,468418.30974191515,468418309.74191517,0.0031311830011355583
1979-03-05 16:09:00,-657229809.8145592,469245.25231424096,469245252.314241,0.0031367107708053826
1979-03-05 16:10:00,-657229749.8145592,470073.6888431406,470073688.8431406,0.003142248526958082
1979-03-05 16:11:00,-657229689.8145592,470903.6079620157,470903607.96201575,0.0031477961936126394
1979-03-05 16:12:00,-657229629.8145592,471734.99837370304,471734998.37370306,0.0031533536952521816
1979-03-05 16:13:00,-657229569.8145592,472567.8488463171,472567848.8463171,0.0031589209567961926
1979-03-05 16:14:00,-657229509.8145592,473402.14821577177,473402148.2157718,0.0031644979036173663
1979-03-05 16:15:00,-657229449.8145592,474237.88538372004,474237885.38372004,0.0031700844615278343
1979-03-05 16:16:00,-657229389.8145592,475075.0493172457,475075049.3172457,0.0031756805567771077
1979-03-05 16:17:00,-657229329.8145592,475913.6290540107,475913629.0540107,0.0031812861160864818
1979-03-05 16:18:00,-657229269.8145592,476753.61369421746,476753613.69421744,0.0031869010665953115
1979-03-05 16:19:00,-657229209.8145592,477594.9924088092,477594992.4088092,0.0031925253359158224
1979-03-05 16:20:00,-657229149.8145592,478437.75443153945,478437754.4315395,0.0031981588520801018
1979-03-05 16:21:00,-657229089.8145592,479281.88906318933,479281889.0631893,0.0032038015435682894
1979-03-05 16:22:00,-657229029.8145592,480127.38567467977,480127385.67467976,0.00320945333932938
1979-03-05 16:23:00,-657228969.8145592,480974.23369712615,480974233.69712615,0.0032151141687147434
1979-03-05 16:24:00,-657228909.8145592,481822.4226336547,481822422.6336547,0.003220783961557113
1979-03-05 16:25:00,-657228849.8145592,482671.9420502943,482671942.05029434,0.003226462648109699
1979-03-05 16:26:00,-657228789.8145592,483522.7815794626,483522781.5794626,0.003232150159069494
1979-03-05 16:27:00,-657228729.8145592,484374.93091938813,484374930.9193881,0.0032378464255734102
1979-03-05 16:28:00,-657228669.8145592,485228.37983534264,485228379.83534265,0.0032435513792065133
1979-03-05 16:29:00,-657228609.8145592,486083.1181563056,486083118.15630555,0.0032492649519797316
1979-03-05 16:30:00,-657228549.8145592,486939.1357770441,486939135.7770441,0.0032549870763437555
1979-03-05 16:31:00,-657228489.8145592,487796.42265763076,487796422.65763074,0.0032607176851858146
1979-03-05 16:32:00,-657228429.8145592,488654.96882561635,488654968.82561636,0.003266456711844204
1979-03-05 16:33:00,-657228369.8145592,489514.76436766656,489514764.36766654,0.0032722040900523765
1979-03-05 16:34:00,-657228309.8145592,490375.7994396191,490375799.4396191,0.003277959754006172
1979-03-05 16:35:00,-657228249.8145592,491238.0642632044,491238064.2632044,0.0032837236383418955
1979-03-05 16:36:00,-657228189.8145592,492101.54911840335,492101549.1184033,0.003289495678085232
1979-03-05 16:37:00,-657228129.8145592,492966.24435324076,492966244.3532408,0.0032952758087167132
1979-03-05 16:38:00,-657228069.8145592,493832.14037847845,493832140.37847847,0.0033010639661362404
1979-03-05 16:39:00,-657228009.8145592,494699.2276706709,494699227.67067087,0.003306860086683513
1979-03-05 16:40:00,-657227949.8145592,495567.4967647459,495567496.7647459,0.0033126641070884305
1979-03-05 16:41:00,-657227889.8145592,496436.9382644028,496436938.2644028,0.0033184759645406023
1979-03-05 16:42:00,-657227829.8145592,497307.5428322927,497307542.8322927,0.003324295596623707
1979-03-05 16:43:00,-657227769.8145592,498179.3011951071,498179301.1951071,0.0033301229413495066
1979-03-05 16:44:00,-657227709.8145592,499052.20413912047,499052204.13912046,0.0033359579371280484
1979-03-05 16:45:00,-657227649.8145592,499926.24251856864,499926242.51856863,0.003341800522823676
1979-03-05 16:46:00,-657227589.8145592,500801.4072432314,500801407.2432314,0.0033476506376720204
1979-03-05 16:47:00,-657227529.8145592,501677.6892883049,501677689.28830487,0.0033535082213459935
1979-03-05 16:48:00,-657227469.8145592,502555.0796887784,502555079.6887784,0.0033593732139182006
1979-03-05 16:49:00,-657227409.8145592,503433.5695406227,503433569.5406227,0.003365245555868883
1979-03-05 16:50:00,-657227349.8145592,504313.15000146476,504313150.0014648,0.0033711251880904265
1979-03-05 16:51:00,-657227289.8145592,505193.8122878704,505193812.2878704,0.003377012051869201
1979-03-05 16:52:00,-657227229.8145592,506075.54767652863,506075547.67652863,0.0033829060888934744
1979-03-05 16:53:00,-657227169.8145592,506958.3475068876,506958347.5068876,0.003388807241271033
1979-03-05 16:54:00,-657227109.8145592,507842.20317415724,507842203.17415726,0.0033947154514824074
1979-03-05 16:55:00,-657227049.8145592,508727.1061338421,508727106.1338421,0.0034006306624111736
1979-03-05 16:56:00,-657226989.8145592,509613.0479038643,509613047.9038643,0.003406552817358144
1979-03-05 16:57:00,-657226929.8145592,510500.02005582873,510500020.05582875,0.003412481859982976
1979-03-05 16:58:00,-657226869.8145592,511388.01422238414,511388014.22238415,0.003418417734353382
1979-03-05 16:59:00,-657226809.8145592,512277.02209427266,512277022.0942727,0.003424360384925403
1979-03-05 17:00:00,-657226749.8145592,513167.03541946295,513167035.4194629,0.0034303097565376176
1979-03-05 17:01:00,-657226689.8145592,514058.04600334255,514058046.00334257,0.003436265794412424
1979-03-05 17:02:00,-657226629.8145592,514950.0457080762,514950045.70807624,0.003442228444151754
1979-03-05 17:03:00,-657226569.8145592,515843.026454657,515843026.454657,0.003448197651750782
1979-03-05 17:04:00,-657226509.8145592,516736.98021889204,516736980.21889204,0.0034541733635710904
1979-03-05 17:05:00,-657226449.8145592,517631.89903145836,517631899.0314584,0.003460155526341047
1979-03-05 17:06:00,-657226389.8145592,518527.7749833602,518527774.9833602,0.00346614408719228
1979-03-05 17:07:00,-657226329.8145592,519424.60021839675,519424600.2183967,0.0034721389936093307
1979-03-05 17:08:00,-657226269.8145592,520322.3669342967,520322366.93429667,0.0034781401934372365
1979-03-05 17:09:00,-657226209.8145592,521221.0673870145,521221067.3870145,0.003484147634910251
1979-03-05 17:10:00,-657226149.8145592,522120.6938851429,522120693.8851429,0.0034901612666144916
1979-03-05 17:11:00,-657226089.8145592,523021.23879141384,523021238.79141384,0.003496181037497975
1979-03-05 17:12:00,-657226029.8145592,523922.6945236299,523922694.5236299,0.0035022068968768414
1979-03-05 17:13:00,-657225969.8145592,524825.0535566603,524825053.5566603,0.003508238794448699
1979-03-05 17:14:00,-657225909.8145592,525728.3084110591,525728308.4110591,0.0035142766802165396
1979-03-05 17:15:00,-657225849.8145592,526632.451666604,526632451.66660404,0.003520320504579241
1979-03-05 17:16:00,-657225789.8145592,527537.4759553673,527537475.9553673,0.0035263702182852484
1979-03-05 17:17:00,-657225729.8145592,528443.3739608206,528443373.9608206,0.00353242577242659
1979-03-05 17:18:00,-657225669.8145592,529350.1384165105,529350138.4165105,0.0035384871184300257
1979-03-05 17:19:00,-657225609.8145592,530257.7621111886,530257762.1111886,0.0035445542080913364
1979-03-05 17:20:00,-657225549.8145592,531166.2378838065,531166237.88380647,0.0035506269935418706
1979-03-05 17:21:00,-657225489.8145592,532075.5586261491,532075558.62614906,0.003556705427266146
1979-03-05 17:22:00,-657225429.8145592,532985.7172777328,532985717.2777328,0.0035627894620677432
1979-03-05 17:23:00,-657225369.8145592,533896.7068317845,533896706.8317844,0.0035688790511092783
1979-03-05 17:24:00,-657225309.8145592,534808.5203308994,534808520.3308994,0.0035749741478833725
1979-03-05 17:25:00,-657225249.8145592,535721.1508667574,535721150.8667574,0.003581074706210758
1979-03-05 17:26:00,-657225189.8145592,536634.5915813649,536634591.58136487,0.0035871806802485785
1979-03-05 17:27:00,-657225129.8145592,537548.8356677727,537548835.6677727,0.0035932920244951903
1979-03-05 17:28:00,-657225069.8145592,538463.8763640352,538463876.3640351,0.0035994086937497782
1979-03-05 17:29:00,-657225009.8145592,539379.7069638234,539379706.9638234,0.003605530643183302
1979-03-05 17:30:00,-657224949.8145592,540296.3208004058,540296320.8004059,0.003611657828231414
1979-03-05 17:31:00,-657224889.8145592,541213.7112633872,541213711.2633872,0.0036177902047063513
1979-03-05 17:32:00,-657224829.8145592,542131.8717866176,542131871.7866175,0.003623927728716112
1979-03-05 17:33:00,-657224769.8145592,543050.7958470418,543050795.8470417,0.003630070356656766
1979-03-05 17:34:00,-657224709.8145592,543970.476979269,543970476.9792689,0.0036362180453098454
1979-03-05 17:35:00,-657224649.8145592,544890.908756416,544890908.7564161,0.0036423707517142896
1979-03-05 17:36:00,-657224589.8145592,545812.0847997955,545812084.7997955,0.0036485284332312064
1979-03-05 17:37:00,-657224529.8145592,546733.9987796423,546733998.7796422,0.003654691047548729
1979-03-05 17:38:00,-657224469.8145592,547656.644411238,547656644.4112381,0.0036608585526561113
1979-03-05 17:39:00,-657224409.8145592,548580.015452719,548580015.452719,0.00366703090682907
1979-03-05 17:40:00,-657224349.8145592,549504.1057136753,549504105.7136753,0.0036732080686872723
1979-03-05 17:41:00,-657224289.8145592,550428.9090404182,550428909.0404183,0.0036793899970958494
1979-03-05 17:42:00,-657224229.8145592,551354.4193329904,551354419.3329904,0.0036855766512791043
1979-03-05 17:43:00,-657224169.8145592,552280.630529392,552280630.529392,0.0036917679907150715
1979-03-05 17:44:00,-657224109.8145592,553207.5366135242,553207536.6135242,0.0036979639751886137
1979-03-05 17:45:00,-657224049.8145592,554135.1316176458,554135131.6176459,0.0037041645648078457
1979-03-05 17:46:00,-657223989.8145592,555063.4096098606,555063409.6098607,0.00371036971992049
1979-03-05 17:47:00,-657223929.8145592,555992.3647069697,555992364.7069697,0.003716579401199791
1979-03-05 17:48:00,-657223869.8145592,556921.9910696627,556921991.0696627,0.00372279356961237
1979-03-05 17:49:00,-657223809.8145592,557852.2828967904,557852282.8967904,0.003729012186379939
1979-03-05 17:50:00,-657223749.8145592,558783.234431813,558783234.431813,0.0037352352130224074
1979-03-05 17:51:00,-657223689.8145592,559714.8399624977,559714839.9624977,0.003741462611355856
1979-03-05 17:52:00,-657223629.8145592,560647.0938164945,560647093.8164945,0.0037476943434629683
1979-03-05 17:53:00,-657223569.8145592,561579.9903629613,561579990.3629613,0.0037539303717038894
1979-03-05 17:54:00,-657223509.8145592,562513.5240125064,562513524.0125064,0.0037601706587158425
1979-03-05 17:55:00,-657223449.8145592,563447.6892185156,563447689.2185156,0.0037664151674220033
1979-03-05 17:56:00,-657223389.8145592,564382.4804716841,564382480.4716841,0.0037726638609949423
1979-03-05 17:57:00,-657223329.8145592,565317.8923045947,565317892.3045948,0.0037789167028872343
1979-03-05 17:58:00,-657223269.8145592,566253.9192943443,566253919.2943443,0.0037851736568490094
1979-03-05 17:59:00,-657223209.8145592,567190.55605006,567190556.0500599,0.0037914346868445103
1979-03-05 18:00:00,-657223149.8145592,568127.7972260374,568127797.2260374,0.0037976997571399084
1979-03-05 18:01:00,-657223089.8145592,569065.6375165692,569065637.5165693,0.0038039688322687422
