# Data for PTB_In_CombKnoten-INRIM_ITYb1 
# File generated on: 2025-01-20T17:01:57+01:00
# With the script: 06-procclocks-v3.py 
# 
# t           	ΔA→B             	flag	uA_sys	uB_sys     
59639.737431	-1.2008346283e-14	1	2e-17	2.52485e-18
59639.737442	-1.0841269560e-14	1	2e-17	2.52485e-18
59639.737454	-9.3100355848e-15	1	2e-17	2.52485e-18
59639.737465	-8.8243553632e-15	1	2e-17	2.52485e-18
59639.737477	-5.7752739223e-15	1	2e-17	2.52485e-18
59639.737488	-5.4795357569e-15	1	2e-17	2.52485e-18
59639.737500	-3.7294462562e-15	1	2e-17	2.52485e-18
59639.737512	-4.9356677599e-15	1	2e-17	2.52485e-18
59639.737523	-8.6791840804e-15	1	2e-17	2.52485e-18
59639.737535	-8.5596397795e-15	1	2e-17	2.52485e-18
59639.737546	-8.0326074094e-15	1	2e-17	2.52485e-18
59639.737558	-1.2668536467e-14	1	2e-17	2.52485e-18
59639.737569	-1.1164802264e-14	1	2e-17	2.52485e-18
59639.737581	-7.0972263846e-15	1	2e-17	2.52485e-18
59639.737593	-7.9229310422e-15	1	2e-17	2.52485e-18
59639.737604	-9.6216395243e-15	1	2e-17	2.52485e-18
59639.737616	-8.6932948023e-15	1	2e-17	2.52485e-18
59639.737627	-8.7482087953e-15	1	2e-17	2.52485e-18
59639.737639	-9.6152122383e-15	1	2e-17	2.52485e-18
59639.737650	-6.4214169125e-15	1	2e-17	2.52485e-18
59639.737662	-6.4601415648e-15	1	2e-17	2.52485e-18
59639.737674	-5.9327314180e-15	1	2e-17	2.52485e-18
59639.737708	-9.1385376710e-15	1	2e-17	2.52485e-18
59639.737720	-6.9706406988e-15	1	2e-17	2.52485e-18
59639.737731	-8.6787317648e-15	1	2e-17	2.52485e-18
59639.737743	-7.2197979813e-15	1	2e-17	2.52485e-18
59639.737755	-8.5930179598e-15	1	2e-17	2.52485e-18
59639.737766	-7.0127526358e-15	1	2e-17	2.52485e-18
59639.737778	-7.8690741464e-15	1	2e-17	2.52485e-18
59639.737789	-1.0139010637e-14	1	2e-17	2.52485e-18
59639.737801	-1.0773019033e-14	1	2e-17	2.52485e-18
59639.737812	-9.5513315546e-15	1	2e-17	2.52485e-18
59639.737824	-8.9442359362e-15	1	2e-17	2.52485e-18
59639.737836	-9.1680762510e-15	1	2e-17	2.52485e-18
59639.737847	-9.4781580723e-15	1	2e-17	2.52485e-18
59639.737859	-9.0527535622e-15	1	2e-17	2.52485e-18
59639.737870	-8.1463419113e-15	1	2e-17	2.52485e-18
59639.737882	-1.0394504573e-14	1	2e-17	2.52485e-18
59639.737894	-3.9714173112e-15	1	2e-17	2.52485e-18
59639.737905	-6.2273091482e-15	1	2e-17	2.52485e-18
59639.737917	-1.0819045956e-14	1	2e-17	2.52485e-18
59639.737928	-1.1023370632e-14	1	2e-17	2.52485e-18
59639.737940	-8.7657754116e-15	1	2e-17	2.52485e-18
59639.737951	-5.3830527750e-15	1	2e-17	2.52485e-18
59639.737963	-6.4440005049e-15	1	2e-17	2.52485e-18
59639.737975	-9.1363540201e-15	1	2e-17	2.52485e-18
59639.737986	-8.5271399723e-15	1	2e-17	2.52485e-18
59639.737998	-1.1220271064e-14	1	2e-17	2.52485e-18
59639.738009	-7.1132539420e-15	1	2e-17	2.52485e-18
59639.738021	-7.6288937190e-15	1	2e-17	2.52485e-18
59639.738032	-7.5469593750e-15	1	2e-17	2.52485e-18
59639.738044	-8.8663766677e-15	1	2e-17	2.52485e-18
59639.738056	-7.9690934908e-15	1	2e-17	2.52485e-18
59639.738067	-1.0015137997e-14	1	2e-17	2.52485e-18
59639.738079	-1.0195160451e-14	1	2e-17	2.52485e-18
59639.738090	-6.2296799934e-15	1	2e-17	2.52485e-18
59639.738102	-8.9571498005e-15	1	2e-17	2.52485e-18
59639.738113	-8.4912308575e-15	1	2e-17	2.52485e-18
59639.738125	-8.2628563754e-15	1	2e-17	2.52485e-18
59639.738137	-8.7403593410e-15	1	2e-17	2.52485e-18
59639.738148	-7.6119522130e-15	1	2e-17	2.52485e-18
59639.738160	-1.3271664583e-14	1	2e-17	2.52485e-18
59639.738171	-1.1347569104e-14	1	2e-17	2.52485e-18
59639.738183	-7.8431786551e-15	1	2e-17	2.52485e-18
59639.738194	-8.9338021844e-15	1	2e-17	2.52485e-18
59639.738206	-8.3638133854e-15	1	2e-17	2.52485e-18
59639.738218	-9.6808666091e-15	1	2e-17	2.52485e-18
59639.738229	-7.4811508442e-15	1	2e-17	2.52485e-18
59639.738241	-9.1249698973e-15	1	2e-17	2.52485e-18
59639.738252	-9.1703750984e-15	1	2e-17	2.52485e-18
59639.738264	-1.0215277483e-14	1	2e-17	2.52485e-18
59639.738275	-7.8335919362e-15	1	2e-17	2.52485e-18
59639.738310	-1.0124676298e-14	1	2e-17	2.52485e-18
59639.738322	-5.8113651491e-15	1	2e-17	2.52485e-18
59639.738333	-5.0433730814e-15	1	2e-17	2.52485e-18
59639.738345	-7.8789090459e-15	1	2e-17	2.52485e-18
59639.738356	-1.1525053847e-14	1	2e-17	2.52485e-18
59639.738368	-8.9290875990e-15	1	2e-17	2.52485e-18
59639.738380	-9.9608575850e-15	1	2e-17	2.52485e-18
59639.738391	-8.5706884772e-15	1	2e-17	2.52485e-18
59639.738403	-9.6784203780e-15	1	2e-17	2.52485e-18
59639.738414	-1.0305798200e-14	1	2e-17	2.52485e-18
59639.738426	-8.0459744363e-15	1	2e-17	2.52485e-18
59639.738437	-6.9659091727e-15	1	2e-17	2.52485e-18
59639.738449	-5.8841642428e-15	1	2e-17	2.52485e-18
59639.738461	-1.0336930896e-14	1	2e-17	2.52485e-18
59639.738472	-8.9818077766e-15	1	2e-17	2.52485e-18
59639.738484	-8.1903842364e-15	1	2e-17	2.52485e-18
59639.738495	-9.2181070990e-15	1	2e-17	2.52485e-18
59639.738507	-7.3621969252e-15	1	2e-17	2.52485e-18
59639.738519	-8.4107381636e-15	1	2e-17	2.52485e-18
59639.738530	-7.5835046115e-15	1	2e-17	2.52485e-18
59639.738542	-1.0293564503e-14	1	2e-17	2.52485e-18
59639.738553	-7.7675716472e-15	1	2e-17	2.52485e-18
59639.738565	-7.1240934227e-15	1	2e-17	2.52485e-18
59639.738576	-1.1910425886e-14	1	2e-17	2.52485e-18
59639.738588	-7.2488376589e-15	1	2e-17	2.52485e-18
59639.738600	-1.1624245640e-14	1	2e-17	2.52485e-18
59639.738634	-7.4766048184e-15	1	2e-17	2.52485e-18
59639.738646	-8.9800569595e-15	1	2e-17	2.52485e-18
59639.738657	-7.7102673272e-15	1	2e-17	2.52485e-18
59639.738669	-8.9299507255e-15	1	2e-17	2.52485e-18
59639.738681	-9.1291178176e-15	1	2e-17	2.52485e-18
59639.738692	-6.5727461248e-15	1	2e-17	2.52485e-18
59639.738704	-6.0120272543e-15	1	2e-17	2.52485e-18
59639.738715	-8.2720365185e-15	1	2e-17	2.52485e-18
59639.738727	-6.7609703982e-15	1	2e-17	2.52485e-18
59639.738738	-8.5283165011e-15	1	2e-17	2.52485e-18
59639.738750	-7.1071874921e-15	1	2e-17	2.52485e-18
59639.738785	-8.0750649358e-15	1	2e-17	2.52485e-18
59639.738819	-6.5452073896e-15	1	2e-17	2.52485e-18
59639.738831	-6.2422923140e-15	1	2e-17	2.52485e-18
59639.738843	-8.1202016275e-15	1	2e-17	2.52485e-18
59639.738854	-7.6276748386e-15	1	2e-17	2.52485e-18
59639.738866	-7.3799609002e-15	1	2e-17	2.52485e-18
59639.738877	-9.1981967426e-15	1	2e-17	2.52485e-18
59639.738889	-6.2875746954e-15	1	2e-17	2.52485e-18
59639.738900	-7.7739286295e-15	1	2e-17	2.52485e-18
59639.738912	-8.2566357654e-15	1	2e-17	2.52485e-18
59639.738924	-8.0183967376e-15	1	2e-17	2.52485e-18
59639.738935	-9.1367029976e-15	1	2e-17	2.52485e-18
59639.738947	-1.0894747832e-14	1	2e-17	2.52485e-18
59639.738981	-1.0612737529e-14	1	2e-17	2.52485e-18
59639.738993	-1.0684648932e-14	1	2e-17	2.52485e-18
59639.739005	-8.0285221695e-15	1	2e-17	2.52485e-18
59639.739016	-9.6053459986e-15	1	2e-17	2.52485e-18
59639.739028	-9.9118541879e-15	1	2e-17	2.52485e-18
59639.739039	-5.7214322730e-15	1	2e-17	2.52485e-18
59639.739051	-4.5803814843e-15	1	2e-17	2.52485e-18
59639.739062	-6.4709403878e-15	1	2e-17	2.52485e-18
59639.739074	-9.8705299915e-15	1	2e-17	2.52485e-18
59639.739086	-6.8969200332e-15	1	2e-17	2.52485e-18
59639.739097	-1.0094177183e-14	1	2e-17	2.52485e-18
59639.739109	-1.1209212202e-14	1	2e-17	2.52485e-18
59639.739120	-7.0363679144e-15	1	2e-17	2.52485e-18
59639.739155	-8.8049591557e-15	1	2e-17	2.52485e-18
59639.739167	-6.5790014631e-15	1	2e-17	2.52485e-18
59639.739178	-8.2998886559e-15	1	2e-17	2.52485e-18
59639.739213	-9.2356694802e-15	1	2e-17	2.52485e-18
59639.739225	-1.3114742412e-14	1	2e-17	2.52485e-18
59639.739236	-1.6249838355e-14	1	2e-17	2.52485e-18
59639.739248	-1.5911325873e-14	1	2e-17	2.52485e-18
59639.739259	-1.3981299469e-14	1	2e-17	2.52485e-18
59639.739271	-1.8252025190e-14	1	2e-17	2.52485e-18
59639.739282	-1.7248300464e-14	1	2e-17	2.52485e-18
59639.739294	-1.8459005314e-14	1	2e-17	2.52485e-18
59639.739306	-1.3741231697e-14	1	2e-17	2.52485e-18
59639.739317	-1.4245351826e-14	1	2e-17	2.52485e-18
59639.739329	-1.6407855740e-14	1	2e-17	2.52485e-18
59639.739340	-1.3804152693e-14	1	2e-17	2.52485e-18
59639.739352	-1.5483233727e-14	1	2e-17	2.52485e-18
59639.739363	-1.3713780206e-14	1	2e-17	2.52485e-18
59639.739375	-1.1161395498e-14	1	2e-17	2.52485e-18
59639.739387	-1.1143834811e-14	1	2e-17	2.52485e-18
59639.739398	-7.6244849125e-15	1	2e-17	2.52485e-18
59639.739410	-7.0835052979e-15	1	2e-17	2.52485e-18
59639.739421	-8.7123132330e-15	1	2e-17	2.52485e-18
59639.739433	-9.5677436649e-15	1	2e-17	2.52485e-18
59639.739444	-9.8273880624e-15	1	2e-17	2.52485e-18
59639.739456	-9.4723990953e-15	1	2e-17	2.52485e-18
59639.739468	-6.6254222567e-15	1	2e-17	2.52485e-18
59639.739479	-6.7747346836e-15	1	2e-17	2.52485e-18
59639.739491	-1.1008986318e-14	1	2e-17	2.52485e-18
59639.739502	-1.2779690060e-14	1	2e-17	2.52485e-18
59639.739514	-1.0773899100e-14	1	2e-17	2.52485e-18
59639.739525	-9.7089982674e-15	1	2e-17	2.52485e-18
59639.739537	-1.1389576009e-14	1	2e-17	2.52485e-18
59639.739549	-1.0599613601e-14	1	2e-17	2.52485e-18
59639.739560	-8.6991969279e-15	1	2e-17	2.52485e-18
59639.739572	-8.7217398627e-15	1	2e-17	2.52485e-18
59639.739583	-7.3709764217e-15	1	2e-17	2.52485e-18
59639.739595	-7.8316852650e-15	1	2e-17	2.52485e-18
59639.739606	-7.7300497817e-15	1	2e-17	2.52485e-18
59639.739618	-1.0894095616e-14	1	2e-17	2.52485e-18
59639.739630	-1.0961073900e-14	1	2e-17	2.52485e-18
59639.739641	-7.2318224610e-15	1	2e-17	2.52485e-18
59639.739676	-8.3368353860e-15	1	2e-17	2.52485e-18
59639.739687	-9.4625565725e-15	1	2e-17	2.52485e-18
59639.739699	-9.2720546274e-15	1	2e-17	2.52485e-18
59639.739711	-9.7034002266e-15	1	2e-17	2.52485e-18
59639.739722	-1.1187406185e-14	1	2e-17	2.52485e-18
59639.739734	-8.6167992568e-15	1	2e-17	2.52485e-18
59639.739745	-1.0629440172e-14	1	2e-17	2.52485e-18
59639.739757	-6.7910807254e-15	1	2e-17	2.52485e-18
59639.739769	-7.6045084875e-15	1	2e-17	2.52485e-18
59639.739780	-9.0796121300e-15	1	2e-17	2.52485e-18
59639.739792	-8.1673212234e-15	1	2e-17	2.52485e-18
59639.739803	-9.9969513529e-15	1	2e-17	2.52485e-18
59639.739815	-9.0006381661e-15	1	2e-17	2.52485e-18
59639.739826	-8.4431795255e-15	1	2e-17	2.52485e-18
59639.739838	-8.7413850979e-15	1	2e-17	2.52485e-18
59639.739850	-8.5720454240e-15	1	2e-17	2.52485e-18
59639.739861	-1.0990270278e-14	1	2e-17	2.52485e-18
59639.739873	-1.0334140770e-14	1	2e-17	2.52485e-18
59639.739884	-9.1774114011e-15	1	2e-17	2.52485e-18
59639.739896	-7.2943631387e-15	1	2e-17	2.52485e-18
59639.739907	-8.4169308215e-15	1	2e-17	2.52485e-18
59639.739919	-9.6979682043e-15	1	2e-17	2.52485e-18
59639.739931	-1.0145935978e-14	1	2e-17	2.52485e-18
59639.739942	-1.3085202985e-14	1	2e-17	2.52485e-18
59639.739954	-1.1330317584e-14	1	2e-17	2.52485e-18
59639.739965	-1.1929183430e-14	1	2e-17	2.52485e-18
59639.739977	-1.0506167232e-14	1	2e-17	2.52485e-18
59639.739988	-1.0480148921e-14	1	2e-17	2.52485e-18
59639.740000	-9.3654789734e-15	1	2e-17	2.52485e-18
59639.740012	-6.6136628983e-15	1	2e-17	2.52485e-18
59639.740023	-7.0772956994e-15	1	2e-17	2.52485e-18
59639.740035	-7.9717743501e-15	1	2e-17	2.52485e-18
59639.740046	-1.2272771334e-14	1	2e-17	2.52485e-18
59639.740058	-8.1537627670e-15	1	2e-17	2.52485e-18
59639.740069	-8.1526455305e-15	1	2e-17	2.52485e-18
59639.740081	-1.0262679141e-14	1	2e-17	2.52485e-18
59639.740093	-9.9159326515e-15	1	2e-17	2.52485e-18
59639.740104	-7.7731222541e-15	1	2e-17	2.52485e-18
59639.740116	-8.5951897523e-15	1	2e-17	2.52485e-18
59639.740127	-8.3535431109e-15	1	2e-17	2.52485e-18
59639.740139	-8.0795703041e-15	1	2e-17	2.52485e-18
59639.740150	-7.3041988853e-15	1	2e-17	2.52485e-18
59639.740162	-8.4101003478e-15	1	2e-17	2.52485e-18
59639.740174	-7.1233522688e-15	1	2e-17	2.52485e-18
59639.766134	-6.8941078839e-15	1	2e-17	2.52485e-18
59639.766146	-6.1983575621e-15	1	2e-17	2.52485e-18
59639.766157	-8.4893148690e-15	1	2e-17	2.52485e-18
59639.766169	-8.3103478187e-15	1	2e-17	2.52485e-18
59639.766181	-9.9058292425e-15	1	2e-17	2.52485e-18
59639.766192	-9.2694135787e-15	1	2e-17	2.52485e-18
59639.766204	-1.0857381820e-14	1	2e-17	2.52485e-18
59639.766215	-9.8228361073e-15	1	2e-17	2.52485e-18
59639.766227	-9.0845952248e-15	1	2e-17	2.52485e-18
59639.766238	-9.6534312120e-15	1	2e-17	2.52485e-18
59639.766250	-1.0239803322e-14	1	2e-17	2.52485e-18
59639.766262	-1.1099668819e-14	1	2e-17	2.52485e-18
59639.766273	-8.8648460792e-15	1	2e-17	2.52485e-18
59639.766285	-1.0816188067e-14	1	2e-17	2.52485e-18
59639.766296	-9.4890102584e-15	1	2e-17	2.52485e-18
59639.766308	-8.7981041181e-15	1	2e-17	2.52485e-18
59639.766319	-8.7423269985e-15	1	2e-17	2.52485e-18
59639.766331	-8.4474146902e-15	1	2e-17	2.52485e-18
59639.766389	-8.5368478169e-15	1	2e-17	2.52485e-18
59639.766400	-7.6144551954e-15	1	2e-17	2.52485e-18
59639.766412	-9.1517107274e-15	1	2e-17	2.52485e-18
59639.766424	-9.6652439334e-15	1	2e-17	2.52485e-18
59639.766435	-1.1917354615e-14	1	2e-17	2.52485e-18
59639.766447	-1.0262588508e-14	1	2e-17	2.52485e-18
59639.766458	-7.8237460252e-15	1	2e-17	2.52485e-18
59639.766470	-7.5732521247e-15	1	2e-17	2.52485e-18
59639.766481	-7.3147173404e-15	1	2e-17	2.52485e-18
59639.766493	-6.9746827400e-15	1	2e-17	2.52485e-18
59639.766505	-7.9730660754e-15	1	2e-17	2.52485e-18
59639.766516	-8.6955970378e-15	1	2e-17	2.52485e-18
59639.766528	-7.3899381013e-15	1	2e-17	2.52485e-18
59639.766539	-8.0292650173e-15	1	2e-17	2.52485e-18
59639.766551	-8.4114581416e-15	1	2e-17	2.52485e-18
59639.766563	-6.0721437237e-15	1	2e-17	2.52485e-18
59639.766574	-6.7787013389e-15	1	2e-17	2.52485e-18
59639.766586	-9.5534762420e-15	1	2e-17	2.52485e-18
59639.766597	-9.6827537985e-15	1	2e-17	2.52485e-18
59639.766609	-6.7581328378e-15	1	2e-17	2.52485e-18
59639.766620	-7.1483956449e-15	1	2e-17	2.52485e-18
59639.766632	-6.9085370901e-15	1	2e-17	2.52485e-18
59639.768542	-6.5547026289e-15	1	2e-17	2.52485e-18
59639.768553	-6.5507740901e-15	1	2e-17	2.52485e-18
59639.768565	-7.5749766838e-15	1	2e-17	2.52485e-18
59639.768576	-8.9049327604e-15	1	2e-17	2.52485e-18
59639.768588	-8.0355152735e-15	1	2e-17	2.52485e-18
59639.768600	-1.0250825762e-14	1	2e-17	2.52485e-18
59639.768611	-7.2266047381e-15	1	2e-17	2.52485e-18
59639.768623	-9.3620019032e-15	1	2e-17	2.52485e-18
59639.768634	-7.9154204011e-15	1	2e-17	2.52485e-18
59639.768646	-9.5155164604e-15	1	2e-17	2.52485e-18
59639.768657	-8.9903196107e-15	1	2e-17	2.52485e-18
59639.768669	-9.2528989773e-15	1	2e-17	2.52485e-18
59639.768681	-9.1388697079e-15	1	2e-17	2.52485e-18
59639.768692	-7.0195068765e-15	1	2e-17	2.52485e-18
59639.768704	-9.3571068997e-15	1	2e-17	2.52485e-18
59639.768715	-9.7214056060e-15	1	2e-17	2.52485e-18
59639.768727	-1.2817943762e-14	1	2e-17	2.52485e-18
59639.768738	-1.0221037307e-14	1	2e-17	2.52485e-18
59639.768750	-8.6074463190e-15	1	2e-17	2.52485e-18
59639.768762	-9.6527789966e-15	1	2e-17	2.52485e-18
59639.768773	-7.7621438601e-15	1	2e-17	2.52485e-18
59639.768785	-4.5189207736e-15	1	2e-17	2.52485e-18
59639.768796	-7.4931651595e-15	1	2e-17	2.52485e-18
59639.768808	-7.7886415918e-15	1	2e-17	2.52485e-18
59639.768843	-9.5384143021e-15	1	2e-17	2.52485e-18
59639.768854	-7.9161632490e-15	1	2e-17	2.52485e-18
59639.768866	-8.5975428098e-15	1	2e-17	2.52485e-18
59639.768877	-9.7384563792e-15	1	2e-17	2.52485e-18
59639.768889	-7.5499282255e-15	1	2e-17	2.52485e-18
59639.768900	-8.4957938240e-15	1	2e-17	2.52485e-18
59639.768912	-9.0662891487e-15	1	2e-17	2.52485e-18
59639.768924	-6.2117500000e-15	1	2e-17	2.52485e-18
59639.768935	-4.5650832222e-15	1	2e-17	2.52485e-18
59639.768947	-7.7850967589e-15	1	2e-17	2.52485e-18
59639.768958	-8.9630197388e-15	1	2e-17	2.52485e-18
59639.768970	-9.4051573848e-15	1	2e-17	2.52485e-18
59639.768981	-9.5033268093e-15	1	2e-17	2.52485e-18
59639.768993	-1.0171950054e-14	1	2e-17	2.52485e-18
59639.769005	-8.9185183219e-15	1	2e-17	2.52485e-18
59639.769016	-6.3048838137e-15	1	2e-17	2.52485e-18
59639.769028	-7.0518889461e-15	1	2e-17	2.52485e-18
59639.769039	-8.9459198377e-15	1	2e-17	2.52485e-18
59639.769051	-9.6825877801e-15	1	2e-17	2.52485e-18
59639.769062	-9.6655200662e-15	1	2e-17	2.52485e-18
59639.769097	-8.3900620894e-15	1	2e-17	2.52485e-18
59639.769109	-8.5026395443e-15	1	2e-17	2.52485e-18
59639.769120	-6.6187950709e-15	1	2e-17	2.52485e-18
59639.769132	-7.8618006744e-15	1	2e-17	2.52485e-18
59639.769144	-8.2489540236e-15	1	2e-17	2.52485e-18
59639.769155	-8.9225002237e-15	1	2e-17	2.52485e-18
59639.769167	-7.0493131189e-15	1	2e-17	2.52485e-18
59639.769178	-9.4931505555e-15	1	2e-17	2.52485e-18
59639.769190	-8.1931286232e-15	1	2e-17	2.52485e-18
59639.769201	-7.2175338622e-15	1	2e-17	2.52485e-18
59639.769213	-9.4399102996e-15	1	2e-17	2.52485e-18
59639.769225	-7.9028690669e-15	1	2e-17	2.52485e-18
59639.769236	-7.8877588461e-15	1	2e-17	2.52485e-18
59639.769248	-7.9950118520e-15	1	2e-17	2.52485e-18
59639.769259	-8.8906051981e-15	1	2e-17	2.52485e-18
59639.769271	-8.0097366727e-15	1	2e-17	2.52485e-18
59639.769282	-9.3864811553e-15	1	2e-17	2.52485e-18
59639.769294	-6.6311592109e-15	1	2e-17	2.52485e-18
59639.769306	-7.6861827924e-15	1	2e-17	2.52485e-18
59639.769317	-1.0620591219e-14	1	2e-17	2.52485e-18
59639.769329	-9.1682041530e-15	1	2e-17	2.52485e-18
59639.769340	-8.4618506727e-15	1	2e-17	2.52485e-18
59639.769352	-4.2140482049e-15	1	2e-17	2.52485e-18
59639.769363	-3.5283843515e-15	1	2e-17	2.52485e-18
59639.769375	-8.0258557097e-15	1	2e-17	2.52485e-18
59639.769387	-8.6944086506e-15	1	2e-17	2.52485e-18
59639.769398	-9.2753783847e-15	1	2e-17	2.52485e-18
59639.769410	-8.2377274490e-15	1	2e-17	2.52485e-18
59639.769421	-6.6502081348e-15	1	2e-17	2.52485e-18
59639.769433	-8.5372171233e-15	1	2e-17	2.52485e-18
59639.769444	-9.2718420222e-15	1	2e-17	2.52485e-18
59639.769456	-9.9978534430e-15	1	2e-17	2.52485e-18
59639.769468	-9.8091328083e-15	1	2e-17	2.52485e-18
59639.769479	-9.7908716250e-15	1	2e-17	2.52485e-18
59639.769491	-6.1457788389e-15	1	2e-17	2.52485e-18
59639.769502	-9.5735543110e-15	1	2e-17	2.52485e-18
59639.769514	-9.5849037054e-15	1	2e-17	2.52485e-18
59639.769525	-8.5673240624e-15	1	2e-17	2.52485e-18
59639.769537	-8.8435779289e-15	1	2e-17	2.52485e-18
59639.769549	-9.0727969029e-15	1	2e-17	2.52485e-18
59639.769560	-7.6522006776e-15	1	2e-17	2.52485e-18
59639.769572	-1.0239595799e-14	1	2e-17	2.52485e-18
59639.769583	-9.5138681343e-15	1	2e-17	2.52485e-18
59639.769595	-9.4325665239e-15	1	2e-17	2.52485e-18
59639.769606	-1.0424667416e-14	1	2e-17	2.52485e-18
59639.769618	-9.6597492307e-15	1	2e-17	2.52485e-18
59639.769630	-7.8536429001e-15	1	2e-17	2.52485e-18
59639.769641	-8.7859424190e-15	1	2e-17	2.52485e-18
59639.769653	-7.3811501345e-15	1	2e-17	2.52485e-18
59639.769664	-8.2307326509e-15	1	2e-17	2.52485e-18
59639.769676	-1.2240075862e-14	1	2e-17	2.52485e-18
59639.769687	-1.2396267891e-14	1	2e-17	2.52485e-18
59639.769699	-9.8648531767e-15	1	2e-17	2.52485e-18
59639.769711	-1.0839554318e-14	1	2e-17	2.52485e-18
59639.769722	-1.0846929434e-14	1	2e-17	2.52485e-18
59639.769734	-1.1334864457e-14	1	2e-17	2.52485e-18
59639.769745	-8.0270737431e-15	1	2e-17	2.52485e-18
59639.769757	-8.9741777039e-15	1	2e-17	2.52485e-18
59639.769769	-1.0175605848e-14	1	2e-17	2.52485e-18
59639.769780	-1.1750419668e-14	1	2e-17	2.52485e-18
59639.769792	-1.1204337527e-14	1	2e-17	2.52485e-18
59639.769803	-7.4735707464e-15	1	2e-17	2.52485e-18
59639.769815	-6.9376546947e-15	1	2e-17	2.52485e-18
59639.769826	-1.1892514527e-14	1	2e-17	2.52485e-18
59639.769838	-1.1133268075e-14	1	2e-17	2.52485e-18
59639.769850	-9.5489310632e-15	1	2e-17	2.52485e-18
59639.769861	-1.0407087247e-14	1	2e-17	2.52485e-18
59639.769873	-8.3459079559e-15	1	2e-17	2.52485e-18
59639.769884	-7.5935199291e-15	1	2e-17	2.52485e-18
59639.769896	-7.3785488963e-15	1	2e-17	2.52485e-18
59639.769907	-5.8146372374e-15	1	2e-17	2.52485e-18
59639.769919	-7.7308976617e-15	1	2e-17	2.52485e-18
59639.769931	-9.5535168996e-15	1	2e-17	2.52485e-18
59639.769942	-8.1460878014e-15	1	2e-17	2.52485e-18
59639.769954	-3.4464593248e-15	1	2e-17	2.52485e-18
59639.769965	-5.6277385706e-15	1	2e-17	2.52485e-18
59639.769977	-5.6178765660e-15	1	2e-17	2.52485e-18
59639.769988	-8.9670795678e-15	1	2e-17	2.52485e-18
59639.770000	-8.1399146253e-15	1	2e-17	2.52485e-18
59639.770012	-8.5492797195e-15	1	2e-17	2.52485e-18
59639.770023	-1.0182267762e-14	1	2e-17	2.52485e-18
59639.770035	-8.0866955452e-15	1	2e-17	2.52485e-18
59639.770046	-8.9998876949e-15	1	2e-17	2.52485e-18
59639.770058	-1.0731453432e-14	1	2e-17	2.52485e-18
59639.770069	-8.2383906758e-15	1	2e-17	2.52485e-18
59639.770081	-1.1427126674e-14	1	2e-17	2.52485e-18
59639.770093	-1.0520373669e-14	1	2e-17	2.52485e-18
59639.770104	-1.1038217425e-14	1	2e-17	2.52485e-18
59639.770116	-9.5640226492e-15	1	2e-17	2.52485e-18
59639.770127	-8.9937060485e-15	1	2e-17	2.52485e-18
59639.770139	-7.3911637580e-15	1	2e-17	2.52485e-18
59639.770150	-7.8353918812e-15	1	2e-17	2.52485e-18
59639.770162	-8.3563510251e-15	1	2e-17	2.52485e-18
59639.770174	-6.1962721670e-15	1	2e-17	2.52485e-18
59639.770185	-8.9274934830e-15	1	2e-17	2.52485e-18
59639.770197	-6.7952388101e-15	1	2e-17	2.52485e-18
59639.770208	-4.4614758462e-15	1	2e-17	2.52485e-18
59639.770220	-7.9375906415e-15	1	2e-17	2.52485e-18
59639.770231	-6.5491105174e-15	1	2e-17	2.52485e-18
59639.770243	-8.9867485198e-15	1	2e-17	2.52485e-18
59639.770255	-6.5606056015e-15	1	2e-17	2.52485e-18
59639.770266	-1.0858382166e-14	1	2e-17	2.52485e-18
59639.770278	-9.9742720458e-15	1	2e-17	2.52485e-18
59639.770289	-8.3367625412e-15	1	2e-17	2.52485e-18
59639.770301	-7.6801493767e-15	1	2e-17	2.52485e-18
59639.770312	-8.6427582756e-15	1	2e-17	2.52485e-18
59639.770324	-9.9004234783e-15	1	2e-17	2.52485e-18
59639.770336	-1.0746936347e-14	1	2e-17	2.52485e-18
59639.770347	-7.9434986963e-15	1	2e-17	2.52485e-18
59639.770359	-5.2386844794e-15	1	2e-17	2.52485e-18
59639.770370	-8.3390148018e-15	1	2e-17	2.52485e-18
59639.770382	-1.0440258751e-14	1	2e-17	2.52485e-18
59639.770394	-8.9644774825e-15	1	2e-17	2.52485e-18
59639.770405	-7.7099234318e-15	1	2e-17	2.52485e-18
59639.770417	-8.7207132588e-15	1	2e-17	2.52485e-18
59639.770451	-6.8201475080e-15	1	2e-17	2.52485e-18
59639.770463	-1.0762992704e-14	1	2e-17	2.52485e-18
59639.770475	-5.2747011674e-15	1	2e-17	2.52485e-18
59639.770486	-7.4903572453e-15	1	2e-17	2.52485e-18
59639.770498	-6.7945772774e-15	1	2e-17	2.52485e-18
59639.770509	-7.0595435828e-15	1	2e-17	2.52485e-18
59639.770521	-6.1268781457e-15	1	2e-17	2.52485e-18
59639.770532	-8.1290522748e-15	1	2e-17	2.52485e-18
59639.770544	-8.6521679646e-15	1	2e-17	2.52485e-18
59639.770556	-7.4936064637e-15	1	2e-17	2.52485e-18
59639.770567	-8.4354410325e-15	1	2e-17	2.52485e-18
59639.770579	-1.0719332391e-14	1	2e-17	2.52485e-18
59639.770590	-9.5884976662e-15	1	2e-17	2.52485e-18
59639.770602	-1.0097284100e-14	1	2e-17	2.52485e-18
59639.770613	-1.0751077491e-14	1	2e-17	2.52485e-18
59639.770625	-7.3136416086e-15	1	2e-17	2.52485e-18
59639.770637	-7.2461347767e-15	1	2e-17	2.52485e-18
59639.770648	-7.4083822437e-15	1	2e-17	2.52485e-18
59639.770660	-1.1165359612e-14	1	2e-17	2.52485e-18
59639.770671	-1.0766557866e-14	1	2e-17	2.52485e-18
59639.770683	-9.4028619255e-15	1	2e-17	2.52485e-18
59639.770694	-9.0126313056e-15	1	2e-17	2.52485e-18
59639.770706	-7.8938947528e-15	1	2e-17	2.52485e-18
59639.770718	-1.0468078701e-14	1	2e-17	2.52485e-18
59639.770729	-8.7124411350e-15	1	2e-17	2.52485e-18
59639.770741	-7.9529541251e-15	1	2e-17	2.52485e-18
59639.770752	-6.3888916943e-15	1	2e-17	2.52485e-18
59639.770764	-8.0202153173e-15	1	2e-17	2.52485e-18
59639.770775	-7.5990247962e-15	1	2e-17	2.52485e-18
59639.770787	-7.0086877247e-15	1	2e-17	2.52485e-18
59639.770799	-7.8214446367e-15	1	2e-17	2.52485e-18
59639.770810	-1.0728830171e-14	1	2e-17	2.52485e-18
59639.770822	-9.5952129434e-15	1	2e-17	2.52485e-18
59639.770833	-7.6881309682e-15	1	2e-17	2.52485e-18
59639.770845	-7.6621668672e-15	1	2e-17	2.52485e-18
59639.770856	-8.9768915974e-15	1	2e-17	2.52485e-18
59639.770868	-8.6169966155e-15	1	2e-17	2.52485e-18
59639.770880	-8.7964430865e-15	1	2e-17	2.52485e-18
59639.770891	-6.7032518791e-15	1	2e-17	2.52485e-18
59639.770903	-7.6356792999e-15	1	2e-17	2.52485e-18
59639.770914	-9.1737378192e-15	1	2e-17	2.52485e-18
59639.770926	-8.1184423401e-15	1	2e-17	2.52485e-18
59639.770937	-9.5691090821e-15	1	2e-17	2.52485e-18
59639.770949	-8.7373278100e-15	1	2e-17	2.52485e-18
59639.770961	-1.0523202759e-14	1	2e-17	2.52485e-18
59639.770972	-5.1117362635e-15	1	2e-17	2.52485e-18
59639.770984	-5.9439842507e-15	1	2e-17	2.52485e-18
59639.770995	-9.8999906444e-15	1	2e-17	2.52485e-18
59639.771007	-8.4746230826e-15	1	2e-17	2.52485e-18
59639.771019	-9.6872667901e-15	1	2e-17	2.52485e-18
59639.771030	-9.7263980182e-15	1	2e-17	2.52485e-18
59639.771042	-8.7860034054e-15	1	2e-17	2.52485e-18
59639.771053	-8.8727319559e-15	1	2e-17	2.52485e-18
59639.771065	-7.8206772249e-15	1	2e-17	2.52485e-18
59639.771076	-7.9601073183e-15	1	2e-17	2.52485e-18
59639.771088	-1.0425101097e-14	1	2e-17	2.52485e-18
59639.771100	-9.5746317369e-15	1	2e-17	2.52485e-18
59639.771111	-9.3787299568e-15	1	2e-17	2.52485e-18
59639.771123	-7.2598008063e-15	1	2e-17	2.52485e-18
59639.771134	-8.7967988403e-15	1	2e-17	2.52485e-18
59639.771146	-6.9864243107e-15	1	2e-17	2.52485e-18
59639.771157	-8.0093910833e-15	1	2e-17	2.52485e-18
59639.771169	-9.4288387319e-15	1	2e-17	2.52485e-18
59639.771181	-9.7354400949e-15	1	2e-17	2.52485e-18
59639.771192	-1.2099476016e-14	1	2e-17	2.52485e-18
59639.771204	-9.4983979246e-15	1	2e-17	2.52485e-18
59639.771215	-9.0023559489e-15	1	2e-17	2.52485e-18
59639.771227	-9.0845994600e-15	1	2e-17	2.52485e-18
59639.771238	-8.2679572078e-15	1	2e-17	2.52485e-18
59639.771250	-9.6888422713e-15	1	2e-17	2.52485e-18
59639.771262	-1.0808285250e-14	1	2e-17	2.52485e-18
59639.771273	-9.6457579405e-15	1	2e-17	2.52485e-18
59639.771285	-8.1741262861e-15	1	2e-17	2.52485e-18
59639.771296	-6.5744232500e-15	1	2e-17	2.52485e-18
59639.771308	-8.2119784944e-15	1	2e-17	2.52485e-18
59639.771319	-7.8829061944e-15	1	2e-17	2.52485e-18
59639.771331	-8.6674636855e-15	1	2e-17	2.52485e-18
59639.771343	-6.4502804072e-15	1	2e-17	2.52485e-18
59639.771354	-1.1777144405e-14	1	2e-17	2.52485e-18
59639.771366	-1.0253030589e-14	1	2e-17	2.52485e-18
59639.771377	-7.7803855616e-15	1	2e-17	2.52485e-18
59639.771389	-1.0661605401e-14	1	2e-17	2.52485e-18
59639.771400	-9.1474171174e-15	1	2e-17	2.52485e-18
59639.771412	-8.8157994834e-15	1	2e-17	2.52485e-18
59639.771424	-6.0459272070e-15	1	2e-17	2.52485e-18
59639.771435	-1.0233613205e-14	1	2e-17	2.52485e-18
59639.771447	-9.0718058743e-15	1	2e-17	2.52485e-18
59639.771458	-6.4818891357e-15	1	2e-17	2.52485e-18
59639.771470	-7.1888634910e-15	1	2e-17	2.52485e-18
59639.771481	-1.1085219284e-14	1	2e-17	2.52485e-18
59639.771493	-9.9525786850e-15	1	2e-17	2.52485e-18
59639.771505	-9.7982314943e-15	1	2e-17	2.52485e-18
59639.771516	-8.2558395545e-15	1	2e-17	2.52485e-18
59639.771528	-7.5738535181e-15	1	2e-17	2.52485e-18
59639.771586	-1.2218069946e-14	1	2e-17	2.52485e-18
59639.771597	-6.7451723867e-15	1	2e-17	2.52485e-18
59639.771609	-7.2458984545e-15	1	2e-17	2.52485e-18
59639.771620	-7.3140693602e-15	1	2e-17	2.52485e-18
59639.771632	-9.3757805881e-15	1	2e-17	2.52485e-18
59639.771644	-1.0041126662e-14	1	2e-17	2.52485e-18
59639.771655	-7.8106517429e-15	1	2e-17	2.52485e-18
59639.771667	-8.4116885346e-15	1	2e-17	2.52485e-18
59639.771678	-7.6621135042e-15	1	2e-17	2.52485e-18
59639.771690	-5.8010118654e-15	1	2e-17	2.52485e-18
59639.771701	-7.9132901132e-15	1	2e-17	2.52485e-18
59639.771713	-1.0186585089e-14	1	2e-17	2.52485e-18
59639.771725	-1.0027895161e-14	1	2e-17	2.52485e-18
59639.771736	-6.9910364051e-15	1	2e-17	2.52485e-18
59639.771748	-7.1000419221e-15	1	2e-17	2.52485e-18
59639.771759	-5.7914014296e-15	1	2e-17	2.52485e-18
59639.771794	-1.0241468589e-14	1	2e-17	2.52485e-18
59639.771806	-6.9023257975e-15	1	2e-17	2.52485e-18
59639.771817	-9.3276174477e-15	1	2e-17	2.52485e-18
59639.771829	-8.1965108258e-15	1	2e-17	2.52485e-18
59639.771840	-9.2622773261e-15	1	2e-17	2.52485e-18
59639.771852	-6.7761068769e-15	1	2e-17	2.52485e-18
59639.771863	-9.6921956748e-15	1	2e-17	2.52485e-18
59639.771875	-8.2373860947e-15	1	2e-17	2.52485e-18
59639.771887	-9.5423784163e-15	1	2e-17	2.52485e-18
59639.771898	-7.8664127688e-15	1	2e-17	2.52485e-18
59639.771910	-9.8419866752e-15	1	2e-17	2.52485e-18
59639.771921	-1.1059952291e-14	1	2e-17	2.52485e-18
59639.771933	-8.3617076615e-15	1	2e-17	2.52485e-18
59639.771944	-1.0254583200e-14	1	2e-17	2.52485e-18
59639.771956	-8.1132983090e-15	1	2e-17	2.52485e-18
59639.771968	-9.3367061112e-15	1	2e-17	2.52485e-18
59639.771979	-8.9619363837e-15	1	2e-17	2.52485e-18
59639.771991	-8.7414799656e-15	1	2e-17	2.52485e-18
59639.772002	-1.2116895249e-14	1	2e-17	2.52485e-18
59639.772014	-8.6853276104e-15	1	2e-17	2.52485e-18
59639.772025	-8.2650764488e-15	1	2e-17	2.52485e-18
59639.772060	-7.4996280209e-15	1	2e-17	2.52485e-18
59639.772072	-7.6419566611e-15	1	2e-17	2.52485e-18
59639.772083	-9.9926204735e-15	1	2e-17	2.52485e-18
59639.772095	-9.3888215074e-15	1	2e-17	2.52485e-18
59639.772106	-9.2019575689e-15	1	2e-17	2.52485e-18
59639.772118	-9.8440398831e-15	1	2e-17	2.52485e-18
59639.772130	-8.4941166988e-15	1	2e-17	2.52485e-18
59639.772141	-8.0878983320e-15	1	2e-17	2.52485e-18
59639.772153	-8.0073853093e-15	1	2e-17	2.52485e-18
59639.772164	-8.3902958705e-15	1	2e-17	2.52485e-18
59639.772176	-8.3030209837e-15	1	2e-17	2.52485e-18
59639.772187	-8.3453988891e-15	1	2e-17	2.52485e-18
59639.772199	-8.8738898499e-15	1	2e-17	2.52485e-18
59639.772211	-7.2300030343e-15	1	2e-17	2.52485e-18
59639.772245	-7.6578275174e-15	1	2e-17	2.52485e-18
59639.772257	-1.0002942417e-14	1	2e-17	2.52485e-18
59639.772269	-6.4861243004e-15	1	2e-17	2.52485e-18
59639.772280	-9.8703893840e-15	1	2e-17	2.52485e-18
59639.772292	-7.6142053207e-15	1	2e-17	2.52485e-18
59639.772303	-9.4665825200e-15	1	2e-17	2.52485e-18
59639.772315	-8.4319156814e-15	1	2e-17	2.52485e-18
59639.772326	-9.3453797286e-15	1	2e-17	2.52485e-18
59639.772338	-9.5457690892e-15	1	2e-17	2.52485e-18
59639.772350	-8.4831035764e-15	1	2e-17	2.52485e-18
59639.772361	-8.8620966102e-15	1	2e-17	2.52485e-18
59639.772373	-1.0952869539e-14	1	2e-17	2.52485e-18
59639.772384	-8.8106825573e-15	1	2e-17	2.52485e-18
59639.772396	-1.0846723605e-14	1	2e-17	2.52485e-18
59639.772407	-8.8183473585e-15	1	2e-17	2.52485e-18
59639.772419	-9.2107472298e-15	1	2e-17	2.52485e-18
59639.772431	-8.3390774822e-15	1	2e-17	2.52485e-18
59639.772465	-6.8380317616e-15	1	2e-17	2.52485e-18
59639.772477	-1.1227823209e-14	1	2e-17	2.52485e-18
59639.772488	-8.0061130658e-15	1	2e-17	2.52485e-18
59639.772500	-9.8710432935e-15	1	2e-17	2.52485e-18
59639.772512	-8.9692369607e-15	1	2e-17	2.52485e-18
59639.772523	-9.6042253740e-15	1	2e-17	2.52485e-18
59639.772535	-7.6634280993e-15	1	2e-17	2.52485e-18
59639.772546	-9.3849692015e-15	1	2e-17	2.52485e-18
59639.772558	-7.8468208968e-15	1	2e-17	2.52485e-18
59639.772569	-8.9342401004e-15	1	2e-17	2.52485e-18
59639.772581	-8.4019154684e-15	1	2e-17	2.52485e-18
59639.772593	-8.9615459015e-15	1	2e-17	2.52485e-18
59639.772604	-7.1490995293e-15	1	2e-17	2.52485e-18
59639.772639	-1.2989557719e-14	1	2e-17	2.52485e-18
59639.772650	-8.7756103111e-15	1	2e-17	2.52485e-18
59639.772662	-7.5194629914e-15	1	2e-17	2.52485e-18
59639.772674	-7.9179445593e-15	1	2e-17	2.52485e-18
59639.772685	-8.0210750558e-15	1	2e-17	2.52485e-18
59639.772697	-1.1091538149e-14	1	2e-17	2.52485e-18
59639.772708	-5.6054751566e-15	1	2e-17	2.52485e-18
59639.772720	-9.7850330269e-15	1	2e-17	2.52485e-18
59639.772731	-7.8765475181e-15	1	2e-17	2.52485e-18
59639.772743	-1.1369965502e-14	1	2e-17	2.52485e-18
59639.772755	-5.9659317214e-15	1	2e-17	2.52485e-18
59639.772766	-8.9461807238e-15	1	2e-17	2.52485e-18
59639.772778	-9.2474567907e-15	1	2e-17	2.52485e-18
59639.772789	-9.1481032141e-15	1	2e-17	2.52485e-18
59639.772801	-5.8341342418e-15	1	2e-17	2.52485e-18
59639.772812	-7.5379342389e-15	1	2e-17	2.52485e-18
59639.772824	-7.5719256711e-15	1	2e-17	2.52485e-18
59639.772836	-1.0248848787e-14	1	2e-17	2.52485e-18
59639.772847	-8.9807921841e-15	1	2e-17	2.52485e-18
59639.772859	-9.2775688119e-15	1	2e-17	2.52485e-18
59639.772870	-9.5352463989e-15	1	2e-17	2.52485e-18
59639.772882	-8.0701970375e-15	1	2e-17	2.52485e-18
59639.772894	-9.9571289460e-15	1	2e-17	2.52485e-18
59639.772905	-1.0404802799e-14	1	2e-17	2.52485e-18
59639.772917	-9.9736325359e-15	1	2e-17	2.52485e-18
59639.772928	-8.5137322878e-15	1	2e-17	2.52485e-18
59639.772940	-8.7393954175e-15	1	2e-17	2.52485e-18
59639.772951	-9.6716508906e-15	1	2e-17	2.52485e-18
59639.772963	-7.8378880873e-15	1	2e-17	2.52485e-18
59639.772975	-9.6496466687e-15	1	2e-17	2.52485e-18
59639.772986	-9.1082020330e-15	1	2e-17	2.52485e-18
59639.772998	-8.2025577940e-15	1	2e-17	2.52485e-18
59639.773009	-6.9479918848e-15	1	2e-17	2.52485e-18
59639.773021	-9.3580928461e-15	1	2e-17	2.52485e-18
59639.773032	-8.5065409781e-15	1	2e-17	2.52485e-18
59639.773044	-7.9606087618e-15	1	2e-17	2.52485e-18
59639.773056	-1.0842627353e-14	1	2e-17	2.52485e-18
59639.773067	-8.0978602865e-15	1	2e-17	2.52485e-18
59639.773079	-9.3770147151e-15	1	2e-17	2.52485e-18
59639.773090	-1.0898915234e-14	1	2e-17	2.52485e-18
59639.773102	-8.4747941832e-15	1	2e-17	2.52485e-18
59639.773113	-9.2909587088e-15	1	2e-17	2.52485e-18
59639.773125	-6.2196079247e-15	1	2e-17	2.52485e-18
59639.773137	-1.0244303608e-14	1	2e-17	2.52485e-18
59639.773148	-8.4237096262e-15	1	2e-17	2.52485e-18
59639.773160	-9.1765372631e-15	1	2e-17	2.52485e-18
59639.773171	-9.6206781419e-15	1	2e-17	2.52485e-18
59639.773183	-8.5428371869e-15	1	2e-17	2.52485e-18
59639.773194	-9.4077230476e-15	1	2e-17	2.52485e-18
59639.773206	-1.1134775793e-14	1	2e-17	2.52485e-18
59639.773218	-8.1487966128e-15	1	2e-17	2.52485e-18
59639.773229	-6.3023579614e-15	1	2e-17	2.52485e-18
59639.773241	-5.4975191134e-15	1	2e-17	2.52485e-18
59639.773252	-5.8354183437e-15	1	2e-17	2.52485e-18
59639.773264	-7.2420181966e-15	1	2e-17	2.52485e-18
59639.773275	-8.2976745117e-15	1	2e-17	2.52485e-18
59639.773287	-7.1275162828e-15	1	2e-17	2.52485e-18
59639.773299	-8.3055561533e-15	1	2e-17	2.52485e-18
59639.773310	-8.3630688434e-15	1	2e-17	2.52485e-18
59639.773322	-9.9003701152e-15	1	2e-17	2.52485e-18
59639.773333	-7.7516618273e-15	1	2e-17	2.52485e-18
59639.773345	-9.7010539453e-15	1	2e-17	2.52485e-18
59639.773356	-6.7924410603e-15	1	2e-17	2.52485e-18
59639.773368	-9.4706271024e-15	1	2e-17	2.52485e-18
59639.773380	-7.3745381953e-15	1	2e-17	2.52485e-18
59639.773391	-1.1352166799e-14	1	2e-17	2.52485e-18
59639.773403	-1.1473754144e-14	1	2e-17	2.52485e-18
59639.773414	-1.0185750762e-14	1	2e-17	2.52485e-18
59639.773426	-8.9246466052e-15	1	2e-17	2.52485e-18
59639.773438	-8.4532202540e-15	1	2e-17	2.52485e-18
59639.773449	-9.6845842367e-15	1	2e-17	2.52485e-18
59639.773461	-9.2324016271e-15	1	2e-17	2.52485e-18
59639.773472	-8.8337616641e-15	1	2e-17	2.52485e-18
59639.773484	-7.4901420989e-15	1	2e-17	2.52485e-18
59639.773495	-7.2307509643e-15	1	2e-17	2.52485e-18
59639.773507	-1.1449955059e-14	1	2e-17	2.52485e-18
59639.773519	-1.0617175135e-14	1	2e-17	2.52485e-18
59639.773530	-9.5594977992e-15	1	2e-17	2.52485e-18
59639.773542	-9.3289981114e-15	1	2e-17	2.52485e-18
59639.773553	-8.1225504499e-15	1	2e-17	2.52485e-18
59639.773565	-9.4186091150e-15	1	2e-17	2.52485e-18
59639.773576	-7.6684865801e-15	1	2e-17	2.52485e-18
59639.773588	-9.5919442433e-15	1	2e-17	2.52485e-18
59639.773600	-7.3396472141e-15	1	2e-17	2.52485e-18
59639.773611	-7.1916891929e-15	1	2e-17	2.52485e-18
59639.773623	-7.4892603376e-15	1	2e-17	2.52485e-18
59639.773634	-1.0139808542e-14	1	2e-17	2.52485e-18
59639.773646	-7.9390246682e-15	1	2e-17	2.52485e-18
59639.773657	-8.9979657771e-15	1	2e-17	2.52485e-18
59639.773669	-6.6512465972e-15	1	2e-17	2.52485e-18
59639.773681	-1.0829577117e-14	1	2e-17	2.52485e-18
59639.773692	-7.3049180162e-15	1	2e-17	2.52485e-18
59639.773704	-8.2916936121e-15	1	2e-17	2.52485e-18
59639.773715	-9.1832372937e-15	1	2e-17	2.52485e-18
59639.773727	-1.0456530254e-14	1	2e-17	2.52485e-18
59639.773738	-1.1018134274e-14	1	2e-17	2.52485e-18
59639.773750	-8.5622977689e-15	1	2e-17	2.52485e-18
59639.773762	-9.3812041401e-15	1	2e-17	2.52485e-18
59639.773773	-7.4097086973e-15	1	2e-17	2.52485e-18
59639.773785	-8.7894652290e-15	1	2e-17	2.52485e-18
59639.773796	-8.9339893786e-15	1	2e-17	2.52485e-18
59639.773808	-9.1014172991e-15	1	2e-17	2.52485e-18
59639.773819	-9.5619050668e-15	1	2e-17	2.52485e-18
59639.773831	-1.1881771608e-14	1	2e-17	2.52485e-18
59639.773843	-9.3638763871e-15	1	2e-17	2.52485e-18
59639.773854	-7.4827085378e-15	1	2e-17	2.52485e-18
59639.773866	-9.3287355312e-15	1	2e-17	2.52485e-18
59639.773877	-8.7865107781e-15	1	2e-17	2.52485e-18
59639.773889	-1.0387664782e-14	1	2e-17	2.52485e-18
59639.773900	-8.3288656530e-15	1	2e-17	2.52485e-18
59639.773912	-7.0366423531e-15	1	2e-17	2.52485e-18
59639.773924	-7.8625240406e-15	1	2e-17	2.52485e-18
59639.773935	-9.7812722006e-15	1	2e-17	2.52485e-18
59639.773947	-7.3518224657e-15	1	2e-17	2.52485e-18
59639.773958	-8.5465768374e-15	1	2e-17	2.52485e-18
59639.773970	-7.9859358940e-15	1	2e-17	2.52485e-18
59639.773981	-9.8549352679e-15	1	2e-17	2.52485e-18
59639.773993	-7.5351517357e-15	1	2e-17	2.52485e-18
59639.774005	-7.8920219630e-15	1	2e-17	2.52485e-18
59639.774016	-5.5712313086e-15	1	2e-17	2.52485e-18
59639.774028	-8.2127882579e-15	1	2e-17	2.52485e-18
59639.774039	-8.9528663549e-15	1	2e-17	2.52485e-18
59639.774051	-8.6855334394e-15	1	2e-17	2.52485e-18
59639.774063	-5.9034876054e-15	1	2e-17	2.52485e-18
59639.774074	-9.3651359251e-15	1	2e-17	2.52485e-18
59639.774086	-8.0543998730e-15	1	2e-17	2.52485e-18
59639.774097	-9.1217443958e-15	1	2e-17	2.52485e-18
59639.774109	-7.8535039867e-15	1	2e-17	2.52485e-18
59639.774120	-6.7537223372e-15	1	2e-17	2.52485e-18
59639.774132	-7.4763354619e-15	1	2e-17	2.52485e-18
59639.774144	-9.2601817666e-15	1	2e-17	2.52485e-18
59639.774155	-9.8265223947e-15	1	2e-17	2.52485e-18
59639.774167	-6.7500563786e-15	1	2e-17	2.52485e-18
59639.774178	-8.2746072635e-15	1	2e-17	2.52485e-18
59639.774190	-8.1106225319e-15	1	2e-17	2.52485e-18
59639.774201	-9.5861920425e-15	1	2e-17	2.52485e-18
59639.774213	-9.5941812573e-15	1	2e-17	2.52485e-18
59639.774225	-7.9368122182e-15	1	2e-17	2.52485e-18
59639.774236	-9.7799364297e-15	1	2e-17	2.52485e-18
59639.774248	-9.6261559040e-15	1	2e-17	2.52485e-18
59639.774259	-1.0048374723e-14	1	2e-17	2.52485e-18
59639.774271	-9.0556139925e-15	1	2e-17	2.52485e-18
59639.774282	-7.8088467157e-15	1	2e-17	2.52485e-18
59639.774294	-1.1015803239e-14	1	2e-17	2.52485e-18
59639.774306	-9.1408094134e-15	1	2e-17	2.52485e-18
59639.774317	-8.2793574243e-15	1	2e-17	2.52485e-18
59639.774329	-9.8578753193e-15	1	2e-17	2.52485e-18
59639.774340	-9.9703892467e-15	1	2e-17	2.52485e-18
59639.774352	-7.8905642193e-15	1	2e-17	2.52485e-18
59639.774363	-7.9324643981e-15	1	2e-17	2.52485e-18
59639.774375	-8.5653555578e-15	1	2e-17	2.52485e-18
59639.774387	-8.4353122835e-15	1	2e-17	2.52485e-18
59639.774398	-1.0564528649e-14	1	2e-17	2.52485e-18
59639.774410	-1.2326965349e-14	1	2e-17	2.52485e-18
59639.774421	-7.8951051629e-15	1	2e-17	2.52485e-18
59639.774433	-9.3775847683e-15	1	2e-17	2.52485e-18
59639.774444	-9.0815721642e-15	1	2e-17	2.52485e-18
59639.774456	-7.5921553590e-15	1	2e-17	2.52485e-18
59639.774468	-9.9966193160e-15	1	2e-17	2.52485e-18
59639.774479	-6.0337756723e-15	1	2e-17	2.52485e-18
59639.774491	-8.2762479663e-15	1	2e-17	2.52485e-18
59639.774502	-6.4123968586e-15	1	2e-17	2.52485e-18
59639.774514	-9.0044150860e-15	1	2e-17	2.52485e-18
59639.774525	-6.9466755956e-15	1	2e-17	2.52485e-18
59639.774537	-7.7706226599e-15	1	2e-17	2.52485e-18
59639.774549	-7.4829084376e-15	1	2e-17	2.52485e-18
59639.774560	-6.5480889957e-15	1	2e-17	2.52485e-18
59639.774572	-7.2664262980e-15	1	2e-17	2.52485e-18
59639.774583	-8.0927171025e-15	1	2e-17	2.52485e-18
59639.774595	-7.9058243648e-15	1	2e-17	2.52485e-18
59639.774606	-9.5925126024e-15	1	2e-17	2.52485e-18
59639.774618	-6.1018161349e-15	1	2e-17	2.52485e-18
59639.774630	-8.4004179142e-15	1	2e-17	2.52485e-18
59639.774641	-8.5622952278e-15	1	2e-17	2.52485e-18
59639.774653	-8.8862929534e-15	1	2e-17	2.52485e-18
59639.774664	-1.0331761454e-14	1	2e-17	2.52485e-18
59639.774676	-7.8834821768e-15	1	2e-17	2.52485e-18
59639.774688	-6.4663265993e-15	1	2e-17	2.52485e-18
59639.774699	-8.3364432097e-15	1	2e-17	2.52485e-18
59639.774711	-9.1767464802e-15	1	2e-17	2.52485e-18
59639.774722	-6.3059764862e-15	1	2e-17	2.52485e-18
59639.774734	-7.0501135650e-15	1	2e-17	2.52485e-18
59639.774745	-8.2802857724e-15	1	2e-17	2.52485e-18
59639.774757	-1.1213083989e-14	1	2e-17	2.52485e-18
59639.774769	-1.1344972948e-14	1	2e-17	2.52485e-18
59639.774780	-8.0502680463e-15	1	2e-17	2.52485e-18
59639.774792	-7.7770084413e-15	1	2e-17	2.52485e-18
59639.774803	-5.9828232524e-15	1	2e-17	2.52485e-18
59639.774815	-8.6323804279e-15	1	2e-17	2.52485e-18
59639.774826	-7.9745475360e-15	1	2e-17	2.52485e-18
59639.774838	-8.7252982481e-15	1	2e-17	2.52485e-18
59639.774850	-8.2905509647e-15	1	2e-17	2.52485e-18
59639.774861	-8.2914174794e-15	1	2e-17	2.52485e-18
59639.774873	-7.4908019376e-15	1	2e-17	2.52485e-18
59639.774884	-9.6907311548e-15	1	2e-17	2.52485e-18
59639.774896	-7.0735170854e-15	1	2e-17	2.52485e-18
59639.774907	-9.5825345543e-15	1	2e-17	2.52485e-18
59639.774919	-8.5210514995e-15	1	2e-17	2.52485e-18
59639.774931	-7.4987183075e-15	1	2e-17	2.52485e-18
59639.774942	-7.4750191727e-15	1	2e-17	2.52485e-18
59639.774954	-6.9319270579e-15	1	2e-17	2.52485e-18
59639.774965	-9.9019549138e-15	1	2e-17	2.52485e-18
59639.774977	-8.6071108940e-15	1	2e-17	2.52485e-18
59639.774988	-8.8758973180e-15	1	2e-17	2.52485e-18
59639.775000	-9.6798586399e-15	1	2e-17	2.52485e-18
59639.775012	-5.8137622524e-15	1	2e-17	2.52485e-18
59639.775023	-8.9356690450e-15	1	2e-17	2.52485e-18
59639.775035	-8.3651847317e-15	1	2e-17	2.52485e-18
59639.775046	-1.0579521979e-14	1	2e-17	2.52485e-18
59639.775058	-1.1607572644e-14	1	2e-17	2.52485e-18
59639.775069	-8.5668268540e-15	1	2e-17	2.52485e-18
59639.775081	-1.1017388038e-14	1	2e-17	2.52485e-18
59639.775093	-9.9519976204e-15	1	2e-17	2.52485e-18
59639.775104	-7.0473378381e-15	1	2e-17	2.52485e-18
59639.775116	-9.4915987911e-15	1	2e-17	2.52485e-18
59639.775127	-1.0455320691e-14	1	2e-17	2.52485e-18
59639.775139	-6.6543746899e-15	1	2e-17	2.52485e-18
59639.775150	-8.8344392904e-15	1	2e-17	2.52485e-18
59639.775162	-1.0060699053e-14	1	2e-17	2.52485e-18
59639.775174	-7.8368072733e-15	1	2e-17	2.52485e-18
59639.775185	-8.3230990527e-15	1	2e-17	2.52485e-18
59639.775220	-1.4102991846e-14	1	2e-17	2.52485e-18
59639.775231	-8.7854248819e-15	1	2e-17	2.52485e-18
59639.775243	-9.1233994982e-15	1	2e-17	2.52485e-18
59639.775255	-8.2341428055e-15	1	2e-17	2.52485e-18
59639.775266	-7.9191752982e-15	1	2e-17	2.52485e-18
59639.775278	-8.3302945976e-15	1	2e-17	2.52485e-18
59639.775289	-6.5968704701e-15	1	2e-17	2.52485e-18
59639.775301	-1.0240301378e-14	1	2e-17	2.52485e-18
59639.775313	-7.6181101426e-15	1	2e-17	2.52485e-18
59639.775324	-9.5139757075e-15	1	2e-17	2.52485e-18
59639.775336	-8.4629967083e-15	1	2e-17	2.52485e-18
59639.775347	-8.0996585375e-15	1	2e-17	2.52485e-18
59639.775359	-1.0278274712e-14	1	2e-17	2.52485e-18
59639.775370	-1.1816161283e-14	1	2e-17	2.52485e-18
59639.775382	-9.9294665440e-15	1	2e-17	2.52485e-18
59639.775394	-8.2450390374e-15	1	2e-17	2.52485e-18
59639.775405	-8.9320522143e-15	1	2e-17	2.52485e-18
59639.775417	-9.7206390412e-15	1	2e-17	2.52485e-18
59639.775428	-8.0942502321e-15	1	2e-17	2.52485e-18
59639.775440	-9.4129627934e-15	1	2e-17	2.52485e-18
59639.775451	-8.7409827572e-15	1	2e-17	2.52485e-18
59639.775463	-8.7012907933e-15	1	2e-17	2.52485e-18
59639.775475	-1.0860862279e-14	1	2e-17	2.52485e-18
59639.775486	-1.1076958171e-14	1	2e-17	2.52485e-18
59639.775498	-9.0725394049e-15	1	2e-17	2.52485e-18
59639.775509	-7.1503573733e-15	1	2e-17	2.52485e-18
59639.775521	-9.3667749338e-15	1	2e-17	2.52485e-18
59639.775532	-1.0137228479e-14	1	2e-17	2.52485e-18
59639.775544	-8.7746684105e-15	1	2e-17	2.52485e-18
59639.775556	-6.7069483309e-15	1	2e-17	2.52485e-18
59639.775567	-9.0114276718e-15	1	2e-17	2.52485e-18
59639.775579	-9.5154385334e-15	1	2e-17	2.52485e-18
59639.775590	-4.5479723096e-15	1	2e-17	2.52485e-18
59639.775602	-9.4497723042e-15	1	2e-17	2.52485e-18
59639.775613	-1.1411425224e-14	1	2e-17	2.52485e-18
59639.775625	-9.2184958872e-15	1	2e-17	2.52485e-18
59639.775637	-1.0030803872e-14	1	2e-17	2.52485e-18
59639.775648	-1.0573109940e-14	1	2e-17	2.52485e-18
59639.775683	-1.0743762515e-14	1	2e-17	2.52485e-18
59639.775694	-1.0132232679e-14	1	2e-17	2.52485e-18
59639.775706	-1.0153605014e-14	1	2e-17	2.52485e-18
59639.775718	-9.4420482107e-15	1	2e-17	2.52485e-18
59639.775729	-1.0139169032e-14	1	2e-17	2.52485e-18
59639.775741	-7.8625782507e-15	1	2e-17	2.52485e-18
59639.775752	-1.0296735795e-14	1	2e-17	2.52485e-18
59639.775764	-9.7786108231e-15	1	2e-17	2.52485e-18
59639.775775	-8.0190176128e-15	1	2e-17	2.52485e-18
59639.775787	-7.2410347914e-15	1	2e-17	2.52485e-18
59639.775799	-5.5350934949e-15	1	2e-17	2.52485e-18
59639.775810	-7.8167258162e-15	1	2e-17	2.52485e-18
59639.775822	-8.2403718858e-15	1	2e-17	2.52485e-18
59639.775833	-9.7279870520e-15	1	2e-17	2.52485e-18
59639.775845	-7.8019044336e-15	1	2e-17	2.52485e-18
59639.775856	-9.7077692225e-15	1	2e-17	2.52485e-18
59639.775868	-9.2450715459e-15	1	2e-17	2.52485e-18
59639.775880	-8.0175429284e-15	1	2e-17	2.52485e-18
59639.775891	-8.2546799664e-15	1	2e-17	2.52485e-18
59639.775903	-9.0785863731e-15	1	2e-17	2.52485e-18
59639.775914	-5.6868165775e-15	1	2e-17	2.52485e-18
59639.775926	-7.0181321421e-15	1	2e-17	2.52485e-18
59639.775938	-9.1495812866e-15	1	2e-17	2.52485e-18
59639.775949	-9.9096425849e-15	1	2e-17	2.52485e-18
59639.775961	-8.5130699080e-15	1	2e-17	2.52485e-18
59639.775972	-7.8313286642e-15	1	2e-17	2.52485e-18
59639.775984	-7.9807613697e-15	1	2e-17	2.52485e-18
59639.775995	-8.1454237276e-15	1	2e-17	2.52485e-18
59639.776007	-8.4958759862e-15	1	2e-17	2.52485e-18
59639.776019	-7.5972672028e-15	1	2e-17	2.52485e-18
59639.776030	-8.0196215472e-15	1	2e-17	2.52485e-18
59639.776042	-7.8740580882e-15	1	2e-17	2.52485e-18
59639.776053	-9.4113966295e-15	1	2e-17	2.52485e-18
59639.776065	-9.8643042993e-15	1	2e-17	2.52485e-18
59639.776076	-9.3362343139e-15	1	2e-17	2.52485e-18
59639.776088	-8.0097553075e-15	1	2e-17	2.52485e-18
59639.776100	-9.2825324250e-15	1	2e-17	2.52485e-18
59639.776111	-8.5281555648e-15	1	2e-17	2.52485e-18
59639.776123	-9.6038687731e-15	1	2e-17	2.52485e-18
59639.776134	-8.6412607213e-15	1	2e-17	2.52485e-18
59639.776146	-8.0752199429e-15	1	2e-17	2.52485e-18
59639.776157	-7.4586544962e-15	1	2e-17	2.52485e-18
59639.776169	-9.5570058283e-15	1	2e-17	2.52485e-18
59639.776181	-6.8222769488e-15	1	2e-17	2.52485e-18
59639.776192	-5.5514657948e-15	1	2e-17	2.52485e-18
59639.776204	-7.7238791467e-15	1	2e-17	2.52485e-18
59639.776215	-9.1311837310e-15	1	2e-17	2.52485e-18
59639.776227	-9.1024727022e-15	1	2e-17	2.52485e-18
59639.776238	-8.3649983845e-15	1	2e-17	2.52485e-18
59639.776250	-9.5706371295e-15	1	2e-17	2.52485e-18
59639.776262	-9.4264695808e-15	1	2e-17	2.52485e-18
59639.776273	-7.1389969674e-15	1	2e-17	2.52485e-18
59639.776285	-1.0043825309e-14	1	2e-17	2.52485e-18
59639.776296	-9.2027309099e-15	1	2e-17	2.52485e-18
59639.776308	-1.1552404541e-14	1	2e-17	2.52485e-18
59639.776319	-8.9725378481e-15	1	2e-17	2.52485e-18
59639.776331	-7.7725555891e-15	1	2e-17	2.52485e-18
59639.776343	-9.4776625580e-15	1	2e-17	2.52485e-18
59639.776354	-1.0273314487e-14	1	2e-17	2.52485e-18
59639.776366	-8.9796351371e-15	1	2e-17	2.52485e-18
59639.776377	-5.0300399357e-15	1	2e-17	2.52485e-18
59639.776389	-8.3867019097e-15	1	2e-17	2.52485e-18
59639.776400	-4.9220118947e-15	1	2e-17	2.52485e-18
59639.776412	-5.5478023773e-15	1	2e-17	2.52485e-18
59639.776424	-9.7539350593e-15	1	2e-17	2.52485e-18
59639.776435	-9.4334313446e-15	1	2e-17	2.52485e-18
59639.776447	-8.5061504959e-15	1	2e-17	2.52485e-18
59639.776458	-5.5856012225e-15	1	2e-17	2.52485e-18
59639.776470	-5.6827347258e-15	1	2e-17	2.52485e-18
59639.776481	-5.9271977517e-15	1	2e-17	2.52485e-18
59639.776493	-8.3330389843e-15	1	2e-17	2.52485e-18
59639.776505	-8.4012903581e-15	1	2e-17	2.52485e-18
59639.776516	-6.5223654521e-15	1	2e-17	2.52485e-18
59639.776528	-6.6940276903e-15	1	2e-17	2.52485e-18
59639.776539	-8.3249032329e-15	1	2e-17	2.52485e-18
59639.776551	-7.9455595274e-15	1	2e-17	2.52485e-18
59639.776563	-1.0136389917e-14	1	2e-17	2.52485e-18
59639.776574	-7.9004219887e-15	1	2e-17	2.52485e-18
59639.776586	-8.5947111787e-15	1	2e-17	2.52485e-18
59639.776597	-8.6020092145e-15	1	2e-17	2.52485e-18
59639.776609	-8.6620172637e-15	1	2e-17	2.52485e-18
59639.776620	-9.0258365492e-15	1	2e-17	2.52485e-18
59639.776632	-8.2441284769e-15	1	2e-17	2.52485e-18
59639.776644	-7.6030981776e-15	1	2e-17	2.52485e-18
59639.776655	-7.7057035137e-15	1	2e-17	2.52485e-18
59639.776667	-7.7899671983e-15	1	2e-17	2.52485e-18
59639.776678	-1.1018362126e-14	1	2e-17	2.52485e-18
59639.776690	-8.1467823685e-15	1	2e-17	2.52485e-18
59639.776701	-7.2382201009e-15	1	2e-17	2.52485e-18
59639.776713	-7.7871126973e-15	1	2e-17	2.52485e-18
59639.776725	-9.8872504219e-15	1	2e-17	2.52485e-18
59639.776736	-8.4610324389e-15	1	2e-17	2.52485e-18
59639.776748	-7.5461555407e-15	1	2e-17	2.52485e-18
59639.776759	-6.8696472664e-15	1	2e-17	2.52485e-18
59639.776771	-7.8256323676e-15	1	2e-17	2.52485e-18
59639.776782	-9.4768163721e-15	1	2e-17	2.52485e-18
59639.776794	-1.0159923880e-14	1	2e-17	2.52485e-18
59639.776806	-6.4985477327e-15	1	2e-17	2.52485e-18
59639.776817	-1.0082809154e-14	1	2e-17	2.52485e-18
59639.776829	-1.1218158564e-14	1	2e-17	2.52485e-18
59639.776840	-1.1673460796e-14	1	2e-17	2.52485e-18
59639.776852	-8.7938528597e-15	1	2e-17	2.52485e-18
59639.776863	-1.1584290249e-14	1	2e-17	2.52485e-18
59639.776875	-1.0932641545e-14	1	2e-17	2.52485e-18
59639.776887	-1.0024425714e-14	1	2e-17	2.52485e-18
59639.776898	-1.2546369752e-14	1	2e-17	2.52485e-18
59639.776910	-8.4213472513e-15	1	2e-17	2.52485e-18
59639.776921	-1.1193531928e-14	1	2e-17	2.52485e-18
59639.776933	-9.0592231999e-15	1	2e-17	2.52485e-18
59639.776944	-8.5348691480e-15	1	2e-17	2.52485e-18
59639.776956	-8.9959591561e-15	1	2e-17	2.52485e-18
59639.776968	-9.3112366775e-15	1	2e-17	2.52485e-18
59639.776979	-1.0326944378e-14	1	2e-17	2.52485e-18
59639.776991	-1.0485516569e-14	1	2e-17	2.52485e-18
59639.777002	-1.0438393585e-14	1	2e-17	2.52485e-18
59639.777014	-1.0734306239e-14	1	2e-17	2.52485e-18
59639.777025	-8.5237518405e-15	1	2e-17	2.52485e-18
59639.777037	-8.7641736723e-15	1	2e-17	2.52485e-18
59639.777049	-1.0772267715e-14	1	2e-17	2.52485e-18
59639.777060	-1.0149218231e-14	1	2e-17	2.52485e-18
59639.777072	-1.0555643274e-14	1	2e-17	2.52485e-18
59639.777083	-8.8516781050e-15	1	2e-17	2.52485e-18
59639.777095	-5.8662350964e-15	1	2e-17	2.52485e-18
59639.777106	-4.0133971111e-15	1	2e-17	2.52485e-18
59639.777118	-5.0561166920e-15	1	2e-17	2.52485e-18
59639.777130	-9.9203702571e-15	1	2e-17	2.52485e-18
59639.777141	-8.6932829438e-15	1	2e-17	2.52485e-18
59639.777153	-1.0173218909e-14	1	2e-17	2.52485e-18
59639.777164	-7.6257393683e-15	1	2e-17	2.52485e-18
59639.777176	-1.0138297435e-14	1	2e-17	2.52485e-18
59639.777188	-9.6579831670e-15	1	2e-17	2.52485e-18
59639.777199	-6.7654173211e-15	1	2e-17	2.52485e-18
59639.777234	-1.0054403057e-14	1	2e-17	2.52485e-18
59639.777245	-8.2266347055e-15	1	2e-17	2.52485e-18
59639.777257	-6.9679632276e-15	1	2e-17	2.52485e-18
59639.777269	-9.4696284505e-15	1	2e-17	2.52485e-18
59639.777280	-8.7890366304e-15	1	2e-17	2.52485e-18
59639.777292	-1.0452819403e-14	1	2e-17	2.52485e-18
59639.777303	-8.0394675292e-15	1	2e-17	2.52485e-18
59639.777315	-1.1066953865e-14	1	2e-17	2.52485e-18
59639.777326	-1.0961487252e-14	1	2e-17	2.52485e-18
59639.777338	-7.1683652937e-15	1	2e-17	2.52485e-18
59639.777350	-7.8232183237e-15	1	2e-17	2.52485e-18
59639.777361	-6.6822175099e-15	1	2e-17	2.52485e-18
59639.777373	-9.1685649890e-15	1	2e-17	2.52485e-18
59639.777384	-7.4855757443e-15	1	2e-17	2.52485e-18
59639.777396	-9.9474270306e-15	1	2e-17	2.52485e-18
59639.777407	-1.0836090800e-14	1	2e-17	2.52485e-18
59639.777419	-6.2636697315e-15	1	2e-17	2.52485e-18
59639.777431	-9.6437386139e-15	1	2e-17	2.52485e-18
59639.777465	-1.0888314617e-14	1	2e-17	2.52485e-18
59639.777477	-5.6282738954e-15	1	2e-17	2.52485e-18
59639.777512	-7.9638528980e-15	1	2e-17	2.52485e-18
59639.777523	-1.0078095415e-14	1	2e-17	2.52485e-18
59639.777535	-9.9528378770e-15	1	2e-17	2.52485e-18
59639.777546	-7.3390195627e-15	1	2e-17	2.52485e-18
59639.777558	-6.4596020048e-15	1	2e-17	2.52485e-18
59639.777569	-8.4576544715e-15	1	2e-17	2.52485e-18
59639.777581	-7.9430836501e-15	1	2e-17	2.52485e-18
59639.777593	-6.2236016850e-15	1	2e-17	2.52485e-18
59639.777604	-9.0414414372e-15	1	2e-17	2.52485e-18
59639.777616	-7.2452276044e-15	1	2e-17	2.52485e-18
59639.777627	-9.5302895621e-15	1	2e-17	2.52485e-18
59639.777639	-9.5604464761e-15	1	2e-17	2.52485e-18
59639.777650	-7.2422875531e-15	1	2e-17	2.52485e-18
59639.777685	-1.0853432106e-14	1	2e-17	2.52485e-18
59639.777697	-9.1202985106e-15	1	2e-17	2.52485e-18
59639.777708	-1.1313480263e-14	1	2e-17	2.52485e-18
59639.777720	-1.1828903200e-14	1	2e-17	2.52485e-18
59639.777731	-6.2211283488e-15	1	2e-17	2.52485e-18
59639.777743	-1.1474740090e-14	1	2e-17	2.52485e-18
59639.777755	-9.0011489270e-15	1	2e-17	2.52485e-18
59639.777766	-9.2312742262e-15	1	2e-17	2.52485e-18
59639.777778	-9.2887420235e-15	1	2e-17	2.52485e-18
59639.777789	-6.8788994073e-15	1	2e-17	2.52485e-18
59639.777801	-1.2829741237e-14	1	2e-17	2.52485e-18
59639.777813	-8.6810094364e-15	1	2e-17	2.52485e-18
59639.777824	-1.1136913704e-14	1	2e-17	2.52485e-18
59639.777836	-5.9293542976e-15	1	2e-17	2.52485e-18
59639.777847	-8.9907024696e-15	1	2e-17	2.52485e-18
59639.777859	-9.2898423193e-15	1	2e-17	2.52485e-18
59639.777870	-9.1143591155e-15	1	2e-17	2.52485e-18
59639.777882	-9.1596974011e-15	1	2e-17	2.52485e-18
59639.777894	-7.5368093792e-15	1	2e-17	2.52485e-18
59639.777905	-6.7550479438e-15	1	2e-17	2.52485e-18
59639.777917	-1.1650881438e-14	1	2e-17	2.52485e-18
59639.777928	-6.8005463186e-15	1	2e-17	2.52485e-18
59639.777940	-1.0595111621e-14	1	2e-17	2.52485e-18
59639.777951	-5.8691471957e-15	1	2e-17	2.52485e-18
59639.777963	-7.6955577531e-15	1	2e-17	2.52485e-18
59639.777975	-8.8485618707e-15	1	2e-17	2.52485e-18
59639.777986	-1.0281809380e-14	1	2e-17	2.52485e-18
59639.777998	-1.0524873955e-14	1	2e-17	2.52485e-18
59639.778032	-1.0937616169e-14	1	2e-17	2.52485e-18
59639.778044	-9.1773690494e-15	1	2e-17	2.52485e-18
59639.778056	-1.0973405852e-14	1	2e-17	2.52485e-18
59639.778067	-7.0050564945e-15	1	2e-17	2.52485e-18
59639.778079	-8.2719441919e-15	1	2e-17	2.52485e-18
59639.778090	-6.7213733020e-15	1	2e-17	2.52485e-18
59639.778102	-1.1123079962e-14	1	2e-17	2.52485e-18
59639.778113	-8.3787262474e-15	1	2e-17	2.52485e-18
59639.778125	-6.8183026702e-15	1	2e-17	2.52485e-18
59639.778137	-4.6396043339e-15	1	2e-17	2.52485e-18
59639.778148	-1.0360525846e-14	1	2e-17	2.52485e-18
59639.778160	-8.3444722350e-15	1	2e-17	2.52485e-18
59639.778171	-1.1175746777e-14	1	2e-17	2.52485e-18
59639.778183	-9.4216220112e-15	1	2e-17	2.52485e-18
59639.778194	-1.1555524163e-14	1	2e-17	2.52485e-18
59639.778206	-9.5114261383e-15	1	2e-17	2.52485e-18
59639.778241	-9.7481710001e-15	1	2e-17	2.52485e-18
59639.778252	-9.5869120205e-15	1	2e-17	2.52485e-18
59639.778264	-6.2089514031e-15	1	2e-17	2.52485e-18
59639.778275	-9.6565855626e-15	1	2e-17	2.52485e-18
59639.778287	-9.0234123409e-15	1	2e-17	2.52485e-18
59639.778299	-9.7180767665e-15	1	2e-17	2.52485e-18
59639.778310	-1.0157120201e-14	1	2e-17	2.52485e-18
59639.778322	-1.0835395386e-14	1	2e-17	2.52485e-18
59639.778333	-8.4124838985e-15	1	2e-17	2.52485e-18
59639.778345	-8.5569606143e-15	1	2e-17	2.52485e-18
59639.778356	-6.3584984581e-15	1	2e-17	2.52485e-18
59639.778368	-1.1581810984e-14	1	2e-17	2.52485e-18
59639.778380	-5.9974811575e-15	1	2e-17	2.52485e-18
59639.778391	-8.4715288712e-15	1	2e-17	2.52485e-18
59639.778449	-1.0712556974e-14	1	2e-17	2.52485e-18
59639.778461	-8.7657745645e-15	1	2e-17	2.52485e-18
59639.778472	-9.9896634815e-15	1	2e-17	2.52485e-18
59639.778484	-9.0378923692e-15	1	2e-17	2.52485e-18
59639.778495	-8.2897140961e-15	1	2e-17	2.52485e-18
59639.778507	-9.6696832331e-15	1	2e-17	2.52485e-18
59639.778519	-8.0932092286e-15	1	2e-17	2.52485e-18
59639.778553	-1.0556740181e-14	1	2e-17	2.52485e-18
59639.778565	-9.2381716155e-15	1	2e-17	2.52485e-18
59639.778576	-1.1159664162e-14	1	2e-17	2.52485e-18
59639.778588	-7.7949596105e-15	1	2e-17	2.52485e-18
59639.778600	-7.0127932934e-15	1	2e-17	2.52485e-18
59639.778611	-1.1695729292e-14	1	2e-17	2.52485e-18
59639.778623	-9.0641995185e-15	1	2e-17	2.52485e-18
59639.778634	-8.8253582502e-15	1	2e-17	2.52485e-18
59639.778646	-8.8161874245e-15	1	2e-17	2.52485e-18
59639.778657	-9.1151053516e-15	1	2e-17	2.52485e-18
59639.778669	-8.4636946635e-15	1	2e-17	2.52485e-18
59639.778704	-1.0740753007e-14	1	2e-17	2.52485e-18
59639.778738	-6.4286988547e-15	1	2e-17	2.52485e-18
59639.778750	-1.1170908525e-14	1	2e-17	2.52485e-18
59639.778762	-7.8344931793e-15	1	2e-17	2.52485e-18
59639.778773	-9.0944275832e-15	1	2e-17	2.52485e-18
59639.778785	-1.0207158672e-14	1	2e-17	2.52485e-18
59639.778796	-9.7794951255e-15	1	2e-17	2.52485e-18
59639.778808	-7.9487630060e-15	1	2e-17	2.52485e-18
59639.778819	-7.1567770360e-15	1	2e-17	2.52485e-18
59639.778831	-7.9228031403e-15	1	2e-17	2.52485e-18
59639.778843	-7.8833195465e-15	1	2e-17	2.52485e-18
59639.778854	-7.6933427619e-15	1	2e-17	2.52485e-18
59639.778866	-8.3585550048e-15	1	2e-17	2.52485e-18
59639.778877	-6.8524296277e-15	1	2e-17	2.52485e-18
59639.778889	-5.9330194092e-15	1	2e-17	2.52485e-18
59639.778900	-5.5253161936e-15	1	2e-17	2.52485e-18
59639.778912	-8.7671984269e-15	1	2e-17	2.52485e-18
59639.778924	-7.6300550012e-15	1	2e-17	2.52485e-18
59639.778935	-7.9005609021e-15	1	2e-17	2.52485e-18
59639.778947	-8.6186661174e-15	1	2e-17	2.52485e-18
59639.778958	-8.2129508882e-15	1	2e-17	2.52485e-18
59639.778970	-7.9743755883e-15	1	2e-17	2.52485e-18
59639.778981	-9.1347810799e-15	1	2e-17	2.52485e-18
59639.778993	-6.6163335932e-15	1	2e-17	2.52485e-18
59639.779005	-1.0069508195e-14	1	2e-17	2.52485e-18
59639.779016	-7.4395649146e-15	1	2e-17	2.52485e-18
59639.779028	-9.8522450913e-15	1	2e-17	2.52485e-18
59639.779039	-7.5840416304e-15	1	2e-17	2.52485e-18
59639.779051	-7.6263297503e-15	1	2e-17	2.52485e-18
59639.779063	-7.6947352841e-15	1	2e-17	2.52485e-18
59639.779074	-8.6247766131e-15	1	2e-17	2.52485e-18
59639.779086	-8.0225819274e-15	1	2e-17	2.52485e-18
59639.779097	-9.9710499324e-15	1	2e-17	2.52485e-18
59639.779109	-7.8369580451e-15	1	2e-17	2.52485e-18
59639.779120	-8.7194613441e-15	1	2e-17	2.52485e-18
59639.779132	-6.8773205379e-15	1	2e-17	2.52485e-18
59639.779144	-5.6304922747e-15	1	2e-17	2.52485e-18
59639.779155	-8.9179694445e-15	1	2e-17	2.52485e-18
59639.779167	-8.5023676467e-15	1	2e-17	2.52485e-18
59639.779178	-8.9526156331e-15	1	2e-17	2.52485e-18
59639.779190	-8.1116245719e-15	1	2e-17	2.52485e-18
59639.779201	-7.8967916055e-15	1	2e-17	2.52485e-18
59639.779213	-8.9031531442e-15	1	2e-17	2.52485e-18
59639.779225	-7.9441246536e-15	1	2e-17	2.52485e-18
59639.779236	-9.8720029818e-15	1	2e-17	2.52485e-18
59639.779248	-5.7131186446e-15	1	2e-17	2.52485e-18
59639.779259	-6.8358057591e-15	1	2e-17	2.52485e-18
59639.779271	-6.4399898039e-15	1	2e-17	2.52485e-18
59639.779282	-9.0655276661e-15	1	2e-17	2.52485e-18
59639.779294	-8.6226996883e-15	1	2e-17	2.52485e-18
59639.779306	-6.6448650510e-15	1	2e-17	2.52485e-18
59639.779340	-7.1790565436e-15	1	2e-17	2.52485e-18
59639.779352	-7.0589362602e-15	1	2e-17	2.52485e-18
59639.779387	-7.0493317536e-15	1	2e-17	2.52485e-18
59639.779398	-7.2897273274e-15	1	2e-17	2.52485e-18
59639.779410	-6.3763251135e-15	1	2e-17	2.52485e-18
59639.779421	-5.7995541217e-15	1	2e-17	2.52485e-18
59639.779433	-8.7412673603e-15	1	2e-17	2.52485e-18
59639.779444	-8.6721570951e-15	1	2e-17	2.52485e-18
59639.779456	-8.0833463770e-15	1	2e-17	2.52485e-18
59639.779514	-9.3152262027e-15	1	2e-17	2.52485e-18
59639.779525	-6.9445817301e-15	1	2e-17	2.52485e-18
59639.779537	-6.8471348247e-15	1	2e-17	2.52485e-18
59639.779549	-8.1749385906e-15	1	2e-17	2.52485e-18
59639.779583	-9.0945698848e-15	1	2e-17	2.52485e-18
59639.779618	-7.4733971046e-15	1	2e-17	2.52485e-18
59639.779630	-8.4488961508e-15	1	2e-17	2.52485e-18
59639.779641	-7.9341838750e-15	1	2e-17	2.52485e-18
59639.779653	-8.5068221930e-15	1	2e-17	2.52485e-18
59639.779664	-7.1942311388e-15	1	2e-17	2.52485e-18
59639.779676	-9.2560219878e-15	1	2e-17	2.52485e-18
59639.779687	-6.5078286727e-15	1	2e-17	2.52485e-18
59639.779699	-8.7471652507e-15	1	2e-17	2.52485e-18
59639.779711	-1.2216463125e-14	1	2e-17	2.52485e-18
59639.779722	-8.0698988819e-15	1	2e-17	2.52485e-18
59639.779734	-6.4583221380e-15	1	2e-17	2.52485e-18
59639.779745	-7.2690275362e-15	1	2e-17	2.52485e-18
59639.779757	-7.1939626294e-15	1	2e-17	2.52485e-18
59639.779769	-6.8267738467e-15	1	2e-17	2.52485e-18
59639.779780	-6.0100968663e-15	1	2e-17	2.52485e-18
59639.779792	-8.3999181647e-15	1	2e-17	2.52485e-18
59639.779803	-7.9255271982e-15	1	2e-17	2.52485e-18
59639.779815	-8.5075006664e-15	1	2e-17	2.52485e-18
59639.779826	-8.6488569128e-15	1	2e-17	2.52485e-18
59639.779838	-9.9839739612e-15	1	2e-17	2.52485e-18
59639.779850	-8.1521771213e-15	1	2e-17	2.52485e-18
59639.779861	-8.5004372587e-15	1	2e-17	2.52485e-18
59639.779873	-7.8668803310e-15	1	2e-17	2.52485e-18
59639.779884	-8.6732099570e-15	1	2e-17	2.52485e-18
59639.779896	-7.3694797145e-15	1	2e-17	2.52485e-18
59639.779907	-8.9268980188e-15	1	2e-17	2.52485e-18
59639.779919	-9.1874233305e-15	1	2e-17	2.52485e-18
59639.779931	-7.9428117526e-15	1	2e-17	2.52485e-18
59639.779942	-9.1398031382e-15	1	2e-17	2.52485e-18
59639.779954	-5.9983019325e-15	1	2e-17	2.52485e-18
59639.779965	-9.5022248194e-15	1	2e-17	2.52485e-18
59639.779977	-8.1544226056e-15	1	2e-17	2.52485e-18
59639.779988	-1.1234014173e-14	1	2e-17	2.52485e-18
59639.780000	-1.2140027719e-14	1	2e-17	2.52485e-18
59639.780012	-1.1728071551e-14	1	2e-17	2.52485e-18
59639.780023	-1.0829001981e-14	1	2e-17	2.52485e-18
59639.780035	-8.5022727791e-15	1	2e-17	2.52485e-18
59639.780046	-8.0275413053e-15	1	2e-17	2.52485e-18
59639.780058	-7.8736667590e-15	1	2e-17	2.52485e-18
59639.780069	-9.2965516673e-15	1	2e-17	2.52485e-18
59639.780081	-7.6737102322e-15	1	2e-17	2.52485e-18
59639.780093	-8.3103130903e-15	1	2e-17	2.52485e-18
59639.780104	-1.0653705972e-14	1	2e-17	2.52485e-18
59639.780116	-1.1016683307e-14	1	2e-17	2.52485e-18
59639.780127	-8.9341223628e-15	1	2e-17	2.52485e-18
59639.780139	-1.0080932129e-14	1	2e-17	2.52485e-18
59639.780150	-8.6186457886e-15	1	2e-17	2.52485e-18
59639.780162	-8.1541396966e-15	1	2e-17	2.52485e-18
59639.780174	-7.4779583770e-15	1	2e-17	2.52485e-18
59639.780185	-9.0134021056e-15	1	2e-17	2.52485e-18
59639.780197	-7.2954812222e-15	1	2e-17	2.52485e-18
59639.780231	-8.6116315088e-15	1	2e-17	2.52485e-18
59639.780243	-9.8555552960e-15	1	2e-17	2.52485e-18
59639.780255	-8.0754045961e-15	1	2e-17	2.52485e-18
59639.780266	-6.6502750504e-15	1	2e-17	2.52485e-18
59639.780278	-8.6714803158e-15	1	2e-17	2.52485e-18
59639.780289	-8.7597928179e-15	1	2e-17	2.52485e-18
59639.780301	-1.0691712340e-14	1	2e-17	2.52485e-18
59639.780312	-7.4566046764e-15	1	2e-17	2.52485e-18
59639.780324	-7.9233105130e-15	1	2e-17	2.52485e-18
59639.780336	-9.1630228524e-15	1	2e-17	2.52485e-18
59639.780347	-1.0546383509e-14	1	2e-17	2.52485e-18
59639.780359	-1.0453148052e-14	1	2e-17	2.52485e-18
59639.780370	-6.2736875902e-15	1	2e-17	2.52485e-18
59639.780382	-8.0892620551e-15	1	2e-17	2.52485e-18
59639.780394	-9.3615445054e-15	1	2e-17	2.52485e-18
59639.780405	-7.6284481797e-15	1	2e-17	2.52485e-18
59639.780417	-8.8649146888e-15	1	2e-17	2.52485e-18
59639.780428	-8.1709143371e-15	1	2e-17	2.52485e-18
59639.780440	-1.0325185937e-14	1	2e-17	2.52485e-18
59639.780451	-8.0171643047e-15	1	2e-17	2.52485e-18
59639.780463	-9.2300485695e-15	1	2e-17	2.52485e-18
59639.780475	-5.8884578528e-15	1	2e-17	2.52485e-18
59639.780486	-6.5989999110e-15	1	2e-17	2.52485e-18
59639.780498	-8.1452890494e-15	1	2e-17	2.52485e-18
59639.780509	-1.0441286202e-14	1	2e-17	2.52485e-18
59639.780521	-9.1920032377e-15	1	2e-17	2.52485e-18
59639.780532	-9.4574963976e-15	1	2e-17	2.52485e-18
59639.780544	-8.5034382964e-15	1	2e-17	2.52485e-18
59639.780556	-8.2304666825e-15	1	2e-17	2.52485e-18
59639.780567	-9.1681457077e-15	1	2e-17	2.52485e-18
59639.780579	-8.9542546419e-15	1	2e-17	2.52485e-18
59639.780590	-8.9576800431e-15	1	2e-17	2.52485e-18
59639.780602	-8.1250652907e-15	1	2e-17	2.52485e-18
59639.780613	-9.3332832511e-15	1	2e-17	2.52485e-18
59639.780625	-1.0122253784e-14	1	2e-17	2.52485e-18
59639.780637	-8.1440244292e-15	1	2e-17	2.52485e-18
59639.780648	-1.0722825554e-14	1	2e-17	2.52485e-18
59639.780660	-1.1711209666e-14	1	2e-17	2.52485e-18
59639.780671	-7.8748746280e-15	1	2e-17	2.52485e-18
59639.780683	-6.6750575404e-15	1	2e-17	2.52485e-18
59639.780718	-6.9341242614e-15	1	2e-17	2.52485e-18
59639.780729	-9.1638927552e-15	1	2e-17	2.52485e-18
59639.780741	-7.5671628048e-15	1	2e-17	2.52485e-18
59639.780752	-8.8714563243e-15	1	2e-17	2.52485e-18
59639.780764	-7.3094335489e-15	1	2e-17	2.52485e-18
59639.780775	-7.8213294402e-15	1	2e-17	2.52485e-18
59639.780787	-1.1408929865e-14	1	2e-17	2.52485e-18
59639.780799	-8.2346332376e-15	1	2e-17	2.52485e-18
59639.780810	-8.4151359587e-15	1	2e-17	2.52485e-18
59639.780822	-8.0362742150e-15	1	2e-17	2.52485e-18
59639.780833	-7.8033393075e-15	1	2e-17	2.52485e-18
59639.780845	-5.9505928017e-15	1	2e-17	2.52485e-18
59639.780856	-7.9184095804e-15	1	2e-17	2.52485e-18
59639.780868	-8.6030646176e-15	1	2e-17	2.52485e-18
59639.780880	-6.8831388072e-15	1	2e-17	2.52485e-18
59639.780891	-8.8844269398e-15	1	2e-17	2.52485e-18
59639.780903	-9.2850904645e-15	1	2e-17	2.52485e-18
59639.780914	-9.3819596935e-15	1	2e-17	2.52485e-18
59639.780926	-7.8718761314e-15	1	2e-17	2.52485e-18
59639.780937	-8.6208802616e-15	1	2e-17	2.52485e-18
59639.780949	-7.8553056258e-15	1	2e-17	2.52485e-18
59639.780961	-6.2004658271e-15	1	2e-17	2.52485e-18
59639.780972	-8.4412567607e-15	1	2e-17	2.52485e-18
59639.780984	-8.0917125214e-15	1	2e-17	2.52485e-18
59639.780995	-7.2437232739e-15	1	2e-17	2.52485e-18
59639.781007	-7.2639529618e-15	1	2e-17	2.52485e-18
59639.781019	-6.1175014910e-15	1	2e-17	2.52485e-18
59639.781030	-7.5462021275e-15	1	2e-17	2.52485e-18
59639.781065	-8.1291513777e-15	1	2e-17	2.52485e-18
59639.781076	-8.3443180750e-15	1	2e-17	2.52485e-18
59639.781088	-9.0533617319e-15	1	2e-17	2.52485e-18
59639.781100	-6.3527775976e-15	1	2e-17	2.52485e-18
59639.781111	-9.1328591621e-15	1	2e-17	2.52485e-18
59639.781123	-1.0969224051e-14	1	2e-17	2.52485e-18
59639.781134	-8.8435533649e-15	1	2e-17	2.52485e-18
59639.781146	-8.0075606451e-15	1	2e-17	2.52485e-18
59639.781157	-7.6361350037e-15	1	2e-17	2.52485e-18
59639.781169	-7.2711281779e-15	1	2e-17	2.52485e-18
59639.781181	-1.0575400317e-14	1	2e-17	2.52485e-18
59639.781192	-8.8245061350e-15	1	2e-17	2.52485e-18
59639.781204	-8.6863804723e-15	1	2e-17	2.52485e-18
59639.781215	-8.7460564846e-15	1	2e-17	2.52485e-18
59639.781227	-1.0550026598e-14	1	2e-17	2.52485e-18
59639.781238	-9.5750052784e-15	1	2e-17	2.52485e-18
59639.781250	-8.1969978697e-15	1	2e-17	2.52485e-18
59639.781262	-9.7073236832e-15	1	2e-17	2.52485e-18
59639.781273	-1.0806106681e-14	1	2e-17	2.52485e-18
59639.781285	-1.1047561893e-14	1	2e-17	2.52485e-18
59639.781296	-1.1992493214e-14	1	2e-17	2.52485e-18
59639.781308	-8.2763428340e-15	1	2e-17	2.52485e-18
59639.781319	-9.4879675609e-15	1	2e-17	2.52485e-18
59639.781331	-8.7058520657e-15	1	2e-17	2.52485e-18
59639.781343	-7.9052246655e-15	1	2e-17	2.52485e-18
59639.781354	-9.3196002808e-15	1	2e-17	2.52485e-18
59639.781366	-9.6313981909e-15	1	2e-17	2.52485e-18
59639.781377	-1.0592756022e-14	1	2e-17	2.52485e-18
59639.781389	-6.2042740872e-15	1	2e-17	2.52485e-18
59639.781400	-1.0240906159e-14	1	2e-17	2.52485e-18
59639.781412	-6.6395634718e-15	1	2e-17	2.52485e-18
59639.781424	-7.1145575257e-15	1	2e-17	2.52485e-18
59639.781458	-8.6197342260e-15	1	2e-17	2.52485e-18
59639.781470	-9.2689494047e-15	1	2e-17	2.52485e-18
59639.781505	-6.1279403250e-15	1	2e-17	2.52485e-18
59639.781516	-1.0561731746e-14	1	2e-17	2.52485e-18
59639.781528	-7.9057777780e-15	1	2e-17	2.52485e-18
59639.781539	-8.2574650107e-15	1	2e-17	2.52485e-18
59639.781551	-9.0391019322e-15	1	2e-17	2.52485e-18
59639.781586	-8.7203863041e-15	1	2e-17	2.52485e-18
59639.781597	-6.0060548250e-15	1	2e-17	2.52485e-18
59639.781609	-7.3102365361e-15	1	2e-17	2.52485e-18
59639.781620	-6.7791722892e-15	1	2e-17	2.52485e-18
59639.781632	-9.8785657931e-15	1	2e-17	2.52485e-18
59639.781644	-6.7598413033e-15	1	2e-17	2.52485e-18
59639.781655	-9.9345377302e-15	1	2e-17	2.52485e-18
59639.781667	-6.2734521151e-15	1	2e-17	2.52485e-18
59639.781678	-8.5504664127e-15	1	2e-17	2.52485e-18
59639.781690	-8.3208967670e-15	1	2e-17	2.52485e-18
59639.781701	-8.5538435330e-15	1	2e-17	2.52485e-18
59639.781713	-8.7690610524e-15	1	2e-17	2.52485e-18
59639.781725	-9.1631583777e-15	1	2e-17	2.52485e-18
59639.781736	-9.5395145979e-15	1	2e-17	2.52485e-18
59639.781748	-8.8251202339e-15	1	2e-17	2.52485e-18
59639.781759	-9.5299126324e-15	1	2e-17	2.52485e-18
59639.781771	-9.9493201492e-15	1	2e-17	2.52485e-18
59639.781782	-1.1833707571e-14	1	2e-17	2.52485e-18
59639.781817	-8.2762920120e-15	1	2e-17	2.52485e-18
59639.781829	-1.1011466431e-14	1	2e-17	2.52485e-18
59639.781840	-9.5583060238e-15	1	2e-17	2.52485e-18
59639.781852	-9.8731236064e-15	1	2e-17	2.52485e-18
59639.781863	-4.8269451519e-15	1	2e-17	2.52485e-18
59639.781875	-7.0365474854e-15	1	2e-17	2.52485e-18
59639.781887	-8.9246288175e-15	1	2e-17	2.52485e-18
59639.781898	-6.4656201739e-15	1	2e-17	2.52485e-18
59639.781910	-7.8986203496e-15	1	2e-17	2.52485e-18
59639.781921	-7.8133351433e-15	1	2e-17	2.52485e-18
59639.781933	-8.4952898394e-15	1	2e-17	2.52485e-18
59639.781944	-7.3159014925e-15	1	2e-17	2.52485e-18
59639.781956	-1.1159436310e-14	1	2e-17	2.52485e-18
59639.781968	-9.7522706395e-15	1	2e-17	2.52485e-18
59639.781979	-8.9085216390e-15	1	2e-17	2.52485e-18
59639.781991	-8.9127771325e-15	1	2e-17	2.52485e-18
59639.782002	-7.5510276742e-15	1	2e-17	2.52485e-18
59639.782014	-8.6995535287e-15	1	2e-17	2.52485e-18
59639.782025	-9.2040438110e-15	1	2e-17	2.52485e-18
59639.782037	-9.2348427760e-15	1	2e-17	2.52485e-18
59639.782049	-9.9748099117e-15	1	2e-17	2.52485e-18
59639.782060	-8.8645572409e-15	1	2e-17	2.52485e-18
59639.782072	-9.3972655788e-15	1	2e-17	2.52485e-18
59639.782083	-8.2240131385e-15	1	2e-17	2.52485e-18
59639.782095	-8.2559251048e-15	1	2e-17	2.52485e-18
59639.782106	-7.5850580699e-15	1	2e-17	2.52485e-18
59639.782118	-8.5959063421e-15	1	2e-17	2.52485e-18
59639.782130	-5.6624432045e-15	1	2e-17	2.52485e-18
59639.782141	-7.2112175375e-15	1	2e-17	2.52485e-18
59639.782153	-9.6403733520e-15	1	2e-17	2.52485e-18
59639.782164	-1.0463658884e-14	1	2e-17	2.52485e-18
59639.782176	-7.6639566479e-15	1	2e-17	2.52485e-18
59639.782188	-6.0587275689e-15	1	2e-17	2.52485e-18
59639.782199	-8.2900147928e-15	1	2e-17	2.52485e-18
59639.782211	-9.1752972069e-15	1	2e-17	2.52485e-18
59639.782222	-7.2503199665e-15	1	2e-17	2.52485e-18
59639.782234	-8.1695294382e-15	1	2e-17	2.52485e-18
59639.782245	-9.3066881106e-15	1	2e-17	2.52485e-18
59639.782257	-9.4770569295e-15	1	2e-17	2.52485e-18
59639.782269	-9.9179553662e-15	1	2e-17	2.52485e-18
59639.782280	-9.0139425126e-15	1	2e-17	2.52485e-18
59639.782292	-8.9484329845e-15	1	2e-17	2.52485e-18
59639.782303	-8.5245192524e-15	1	2e-17	2.52485e-18
59639.782315	-7.6642310865e-15	1	2e-17	2.52485e-18
59639.782326	-5.4768811556e-15	1	2e-17	2.52485e-18
59639.782338	-7.8628950410e-15	1	2e-17	2.52485e-18
59639.782350	-8.6068762658e-15	1	2e-17	2.52485e-18
59639.782361	-9.0353699051e-15	1	2e-17	2.52485e-18
59639.782373	-9.3920046572e-15	1	2e-17	2.52485e-18
59639.782384	-1.2961901246e-14	1	2e-17	2.52485e-18
59639.782396	-1.0124723732e-14	1	2e-17	2.52485e-18
59639.782407	-8.8766748943e-15	1	2e-17	2.52485e-18
59639.782419	-9.1666566238e-15	1	2e-17	2.52485e-18
59639.782431	-9.0985136702e-15	1	2e-17	2.52485e-18
59639.782442	-8.6226590307e-15	1	2e-17	2.52485e-18
59639.782454	-8.7000380316e-15	1	2e-17	2.52485e-18
59639.782465	-8.9387725737e-15	1	2e-17	2.52485e-18
59639.782477	-8.5152899814e-15	1	2e-17	2.52485e-18
59639.782488	-9.0410966948e-15	1	2e-17	2.52485e-18
59639.782500	-1.0219447426e-14	1	2e-17	2.52485e-18
59639.782512	-8.7177825248e-15	1	2e-17	2.52485e-18
59639.782523	-9.8635741569e-15	1	2e-17	2.52485e-18
59639.782535	-6.3881022596e-15	1	2e-17	2.52485e-18
59639.782546	-8.3812817458e-15	1	2e-17	2.52485e-18
59639.782558	-8.1480088722e-15	1	2e-17	2.52485e-18
59639.782569	-7.6167421843e-15	1	2e-17	2.52485e-18
59639.782581	-7.8749059682e-15	1	2e-17	2.52485e-18
59639.782593	-4.8390373943e-15	1	2e-17	2.52485e-18
59639.782604	-6.2617156265e-15	1	2e-17	2.52485e-18
59639.782616	-8.0154058643e-15	1	2e-17	2.52485e-18
59639.782650	-9.3705111961e-15	1	2e-17	2.52485e-18
59639.782662	-7.3161234151e-15	1	2e-17	2.52485e-18
59639.782674	-8.6513150024e-15	1	2e-17	2.52485e-18
59639.782685	-9.7138077204e-15	1	2e-17	2.52485e-18
59639.782697	-7.3004278946e-15	1	2e-17	2.52485e-18
59639.782708	-9.4248796999e-15	1	2e-17	2.52485e-18
59639.782720	-8.5087788391e-15	1	2e-17	2.52485e-18
59639.782731	-7.0441648527e-15	1	2e-17	2.52485e-18
59639.782743	-1.0216889387e-14	1	2e-17	2.52485e-18
59639.782755	-1.1073388774e-14	1	2e-17	2.52485e-18
59639.782766	-8.5148842526e-15	1	2e-17	2.52485e-18
59639.782778	-8.2578529518e-15	1	2e-17	2.52485e-18
59639.782789	-8.9025136343e-15	1	2e-17	2.52485e-18
59639.782801	-1.0150103380e-14	1	2e-17	2.52485e-18
59639.782813	-1.1110521852e-14	1	2e-17	2.52485e-18
59639.782824	-9.6995741788e-15	1	2e-17	2.52485e-18
59639.782836	-9.8152424570e-15	1	2e-17	2.52485e-18
59639.782847	-9.1902464913e-15	1	2e-17	2.52485e-18
59639.782859	-8.8476792624e-15	1	2e-17	2.52485e-18
59639.782870	-8.4237477426e-15	1	2e-17	2.52485e-18
59639.782882	-8.3943429939e-15	1	2e-17	2.52485e-18
59639.782894	-8.1883056176e-15	1	2e-17	2.52485e-18
59639.782905	-8.1890704883e-15	1	2e-17	2.52485e-18
59639.782917	-7.5247467830e-15	1	2e-17	2.52485e-18
59639.782928	-6.6798822401e-15	1	2e-17	2.52485e-18
59639.782940	-6.5835762880e-15	1	2e-17	2.52485e-18
59639.782951	-7.6459224694e-15	1	2e-17	2.52485e-18
59639.782963	-9.7053068978e-15	1	2e-17	2.52485e-18
59639.782975	-7.4035507678e-15	1	2e-17	2.52485e-18
59639.782986	-8.7955054210e-15	1	2e-17	2.52485e-18
59639.782998	-1.1008988012e-14	1	2e-17	2.52485e-18
59639.783009	-8.5011428371e-15	1	2e-17	2.52485e-18
59639.783021	-7.7748612127e-15	1	2e-17	2.52485e-18
59639.783032	-8.8072478387e-15	1	2e-17	2.52485e-18
59639.783044	-8.3960302835e-15	1	2e-17	2.52485e-18
59639.783056	-8.0293022868e-15	1	2e-17	2.52485e-18
59639.783067	-8.3639717805e-15	1	2e-17	2.52485e-18
59639.783079	-1.1899055316e-14	1	2e-17	2.52485e-18
59639.783090	-1.0284252223e-14	1	2e-17	2.52485e-18
59639.783102	-7.7612163590e-15	1	2e-17	2.52485e-18
59639.783113	-8.5990717043e-15	1	2e-17	2.52485e-18
59639.783125	-8.8686018232e-15	1	2e-17	2.52485e-18
59639.783137	-1.0826365168e-14	1	2e-17	2.52485e-18
59639.783148	-1.1818355946e-14	1	2e-17	2.52485e-18
59639.783160	-9.9928025856e-15	1	2e-17	2.52485e-18
59639.783171	-5.8373792250e-15	1	2e-17	2.52485e-18
59639.783183	-7.9679940421e-15	1	2e-17	2.52485e-18
59639.783194	-8.3100047704e-15	1	2e-17	2.52485e-18
59639.783206	-9.5855313568e-15	1	2e-17	2.52485e-18
59639.783218	-7.0661470517e-15	1	2e-17	2.52485e-18
59639.783229	-6.7845001264e-15	1	2e-17	2.52485e-18
59639.783241	-7.4913863903e-15	1	2e-17	2.52485e-18
59639.783275	-7.2174881225e-15	1	2e-17	2.52485e-18
59639.783287	-7.5609142428e-15	1	2e-17	2.52485e-18
59639.783299	-9.5898181906e-15	1	2e-17	2.52485e-18
59639.783310	-8.6705850019e-15	1	2e-17	2.52485e-18
59639.783322	-8.2420752691e-15	1	2e-17	2.52485e-18
59639.783333	-8.5873699441e-15	1	2e-17	2.52485e-18
59639.783345	-8.7703290607e-15	1	2e-17	2.52485e-18
59639.783356	-9.2848651537e-15	1	2e-17	2.52485e-18
59639.783368	-9.3542278348e-15	1	2e-17	2.52485e-18
59639.783380	-8.1606923435e-15	1	2e-17	2.52485e-18
59639.783391	-5.6298883402e-15	1	2e-17	2.52485e-18
59639.783403	-7.3870243079e-15	1	2e-17	2.52485e-18
59639.783414	-1.0071864641e-14	1	2e-17	2.52485e-18
59639.783426	-6.5941802935e-15	1	2e-17	2.52485e-18
59639.783437	-8.0281105114e-15	1	2e-17	2.52485e-18
59639.783449	-1.0320849976e-14	1	2e-17	2.52485e-18
59639.783461	-8.0924384286e-15	1	2e-17	2.52485e-18
59639.783472	-8.7765335770e-15	1	2e-17	2.52485e-18
59639.783484	-9.2081985076e-15	1	2e-17	2.52485e-18
59639.783495	-9.4641913460e-15	1	2e-17	2.52485e-18
59639.783507	-8.4681305750e-15	1	2e-17	2.52485e-18
59639.783519	-8.9878894732e-15	1	2e-17	2.52485e-18
59639.783530	-1.0145973247e-14	1	2e-17	2.52485e-18
59639.783542	-1.2484522795e-14	1	2e-17	2.52485e-18
59639.783553	-1.2001896127e-14	1	2e-17	2.52485e-18
59639.783565	-1.0753486453e-14	1	2e-17	2.52485e-18
59639.783576	-1.1052118930e-14	1	2e-17	2.52485e-18
59639.783588	-8.5762704244e-15	1	2e-17	2.52485e-18
59639.783600	-6.3915861061e-15	1	2e-17	2.52485e-18
59639.783611	-8.0463954117e-15	1	2e-17	2.52485e-18
59639.783623	-8.9088900983e-15	1	2e-17	2.52485e-18
59639.783634	-1.1554638167e-14	1	2e-17	2.52485e-18
59639.783646	-1.1360365231e-14	1	2e-17	2.52485e-18
59639.783657	-9.7848991957e-15	1	2e-17	2.52485e-18
59639.783669	-1.0041689939e-14	1	2e-17	2.52485e-18
59639.783681	-7.8466201500e-15	1	2e-17	2.52485e-18
59639.783692	-9.7603733567e-15	1	2e-17	2.52485e-18
59639.783704	-8.9454759924e-15	1	2e-17	2.52485e-18
59639.783715	-1.0442338217e-14	1	2e-17	2.52485e-18
59639.783727	-9.2760195887e-15	1	2e-17	2.52485e-18
59639.783738	-7.2930409203e-15	1	2e-17	2.52485e-18
59639.783750	-1.1262019624e-14	1	2e-17	2.52485e-18
59639.783762	-1.0159679088e-14	1	2e-17	2.52485e-18
59639.783773	-9.5715824183e-15	1	2e-17	2.52485e-18
59639.783785	-7.1632441325e-15	1	2e-17	2.52485e-18
59639.783796	-9.0458544789e-15	1	2e-17	2.52485e-18
59639.783808	-1.1271536886e-14	1	2e-17	2.52485e-18
59639.783819	-1.2010686635e-14	1	2e-17	2.52485e-18
59639.783831	-1.0457626315e-14	1	2e-17	2.52485e-18
59639.783843	-1.1605404239e-14	1	2e-17	2.52485e-18
59639.783854	-1.0128132193e-14	1	2e-17	2.52485e-18
59639.783866	-8.9969772897e-15	1	2e-17	2.52485e-18
59639.783877	-7.2712704794e-15	1	2e-17	2.52485e-18
59639.783889	-7.3564557359e-15	1	2e-17	2.52485e-18
59639.783900	-7.6393257768e-15	1	2e-17	2.52485e-18
59639.783912	-8.3520955316e-15	1	2e-17	2.52485e-18
59639.783924	-8.3594494716e-15	1	2e-17	2.52485e-18
59639.783935	-8.2700883427e-15	1	2e-17	2.52485e-18
59639.783947	-9.3239447128e-15	1	2e-17	2.52485e-18
59639.783958	-7.9809146827e-15	1	2e-17	2.52485e-18
59639.783970	-7.9648015749e-15	1	2e-17	2.52485e-18
59639.783981	-9.8243057095e-15	1	2e-17	2.52485e-18
59639.783993	-7.8665296594e-15	1	2e-17	2.52485e-18
59639.784005	-8.8150820465e-15	1	2e-17	2.52485e-18
59639.784016	-8.0339245456e-15	1	2e-17	2.52485e-18
59639.784028	-1.1848623821e-14	1	2e-17	2.52485e-18
59639.784039	-8.2546045804e-15	1	2e-17	2.52485e-18
59639.784051	-8.4375010166e-15	1	2e-17	2.52485e-18
59639.784062	-8.8053199918e-15	1	2e-17	2.52485e-18
59639.784074	-8.2558344723e-15	1	2e-17	2.52485e-18
59639.784086	-8.8317897714e-15	1	2e-17	2.52485e-18
59639.784097	-7.5427394568e-15	1	2e-17	2.52485e-18
59639.784109	-8.6313470477e-15	1	2e-17	2.52485e-18
59639.784120	-6.7156465122e-15	1	2e-17	2.52485e-18
59639.784132	-6.9573998797e-15	1	2e-17	2.52485e-18
59639.784144	-1.0806848682e-14	1	2e-17	2.52485e-18
59639.784155	-8.3518185518e-15	1	2e-17	2.52485e-18
59639.784167	-8.5605994678e-15	1	2e-17	2.52485e-18
59639.784178	-8.2996912972e-15	1	2e-17	2.52485e-18
59639.784190	-9.6997571379e-15	1	2e-17	2.52485e-18
59639.784201	-1.1103258544e-14	1	2e-17	2.52485e-18
59639.784213	-1.1327356357e-14	1	2e-17	2.52485e-18
59639.784225	-9.1690740558e-15	1	2e-17	2.52485e-18
59639.784236	-5.7121589563e-15	1	2e-17	2.52485e-18
59639.784248	-7.3826561590e-15	1	2e-17	2.52485e-18
59639.784259	-9.5018953236e-15	1	2e-17	2.52485e-18
59639.784271	-8.2780419821e-15	1	2e-17	2.52485e-18
59639.784282	-8.7617384526e-15	1	2e-17	2.52485e-18
59639.784294	-8.9649281041e-15	1	2e-17	2.52485e-18
59639.784306	-8.0624526153e-15	1	2e-17	2.52485e-18
59639.784317	-9.6956625806e-15	1	2e-17	2.52485e-18
59639.784329	-9.8413344599e-15	1	2e-17	2.52485e-18
59639.784340	-9.2601605908e-15	1	2e-17	2.52485e-18
59639.784352	-9.5042280524e-15	1	2e-17	2.52485e-18
59639.784363	-1.1925842733e-14	1	2e-17	2.52485e-18
59639.784375	-9.2505670956e-15	1	2e-17	2.52485e-18
59639.784387	-7.0789186145e-15	1	2e-17	2.52485e-18
59639.784398	-7.7081505919e-15	1	2e-17	2.52485e-18
59639.784410	-8.0928102761e-15	1	2e-17	2.52485e-18
59639.784421	-1.2912094015e-14	1	2e-17	2.52485e-18
59639.784456	-1.0001335595e-14	1	2e-17	2.52485e-18
59639.784468	-7.2607376247e-15	1	2e-17	2.52485e-18
59639.784479	-9.2643102052e-15	1	2e-17	2.52485e-18
59639.784491	-9.4230518028e-15	1	2e-17	2.52485e-18
59639.784502	-7.6760878537e-15	1	2e-17	2.52485e-18
59639.784514	-8.5789665302e-15	1	2e-17	2.52485e-18
59639.784525	-8.8966301435e-15	1	2e-17	2.52485e-18
59639.784537	-5.9602142490e-15	1	2e-17	2.52485e-18
59639.784549	-6.0791817205e-15	1	2e-17	2.52485e-18
59639.784560	-9.1421350199e-15	1	2e-17	2.52485e-18
59639.784572	-8.9378747188e-15	1	2e-17	2.52485e-18
59639.784583	-9.2066967182e-15	1	2e-17	2.52485e-18
59639.784595	-6.6487995190e-15	1	2e-17	2.52485e-18
59639.784606	-9.7905522936e-15	1	2e-17	2.52485e-18
59639.784618	-1.1010931953e-14	1	2e-17	2.52485e-18
59639.784630	-9.8551563435e-15	1	2e-17	2.52485e-18
59639.784641	-9.9217170395e-15	1	2e-17	2.52485e-18
59639.784653	-8.6035830017e-15	1	2e-17	2.52485e-18
59639.784664	-6.7660212556e-15	1	2e-17	2.52485e-18
59639.784676	-8.9886695905e-15	1	2e-17	2.52485e-18
59639.784687	-9.0744130417e-15	1	2e-17	2.52485e-18
59639.784699	-9.5620897200e-15	1	2e-17	2.52485e-18
59639.784711	-9.6298108512e-15	1	2e-17	2.52485e-18
59639.784722	-9.4529249608e-15	1	2e-17	2.52485e-18
59639.784734	-1.2330688059e-14	1	2e-17	2.52485e-18
59639.784745	-7.3810637371e-15	1	2e-17	2.52485e-18
59639.784757	-9.2328454723e-15	1	2e-17	2.52485e-18
59639.784769	-1.0915257888e-14	1	2e-17	2.52485e-18
59639.784780	-7.3361997900e-15	1	2e-17	2.52485e-18
59639.784792	-8.4885669389e-15	1	2e-17	2.52485e-18
59639.784803	-8.5742383923e-15	1	2e-17	2.52485e-18
59639.784815	-7.4273278296e-15	1	2e-17	2.52485e-18
59639.784826	-5.5951362724e-15	1	2e-17	2.52485e-18
59639.784838	-1.0500838548e-14	1	2e-17	2.52485e-18
59639.784850	-8.1851173856e-15	1	2e-17	2.52485e-18
59639.784861	-7.4418188693e-15	1	2e-17	2.52485e-18
59639.784896	-8.2265694839e-15	1	2e-17	2.52485e-18
59639.784907	-7.0771550919e-15	1	2e-17	2.52485e-18
59639.784942	-7.4873816186e-15	1	2e-17	2.52485e-18
59639.784954	-8.0253322434e-15	1	2e-17	2.52485e-18
59639.784965	-5.5952480808e-15	1	2e-17	2.52485e-18
59639.784977	-6.3891330987e-15	1	2e-17	2.52485e-18
59639.784988	-9.8853064813e-15	1	2e-17	2.52485e-18
59639.785000	-7.5043121131e-15	1	2e-17	2.52485e-18
59639.785012	-9.3263435101e-15	1	2e-17	2.52485e-18
59639.785023	-9.9010782347e-15	1	2e-17	2.52485e-18
59639.785035	-1.1336432315e-14	1	2e-17	2.52485e-18
59639.785046	-9.2942731487e-15	1	2e-17	2.52485e-18
59639.785058	-8.1247036076e-15	1	2e-17	2.52485e-18
59639.785069	-9.7550895652e-15	1	2e-17	2.52485e-18
59639.785081	-6.9714801084e-15	1	2e-17	2.52485e-18
59639.785093	-8.9203640067e-15	1	2e-17	2.52485e-18
59639.785104	-1.1454182600e-14	1	2e-17	2.52485e-18
59639.785116	-7.0884850046e-15	1	2e-17	2.52485e-18
59639.785127	-9.4560022315e-15	1	2e-17	2.52485e-18
59639.785139	-9.0782958408e-15	1	2e-17	2.52485e-18
59639.785150	-7.7022018795e-15	1	2e-17	2.52485e-18
59639.785185	-8.7491888124e-15	1	2e-17	2.52485e-18
59639.785197	-7.6929946314e-15	1	2e-17	2.52485e-18
59639.785231	-9.0349235187e-15	1	2e-17	2.52485e-18
59639.785243	-8.8733138675e-15	1	2e-17	2.52485e-18
59639.785255	-7.9345320055e-15	1	2e-17	2.52485e-18
59639.785266	-9.7728594694e-15	1	2e-17	2.52485e-18
59639.785278	-8.1774661370e-15	1	2e-17	2.52485e-18
59639.785289	-9.4207385558e-15	1	2e-17	2.52485e-18
59639.785301	-6.5270554735e-15	1	2e-17	2.52485e-18
59639.785312	-5.7230069072e-15	1	2e-17	2.52485e-18
59639.785324	-5.8991575730e-15	1	2e-17	2.52485e-18
59639.785336	-8.0412310518e-15	1	2e-17	2.52485e-18
59639.785347	-8.8066845618e-15	1	2e-17	2.52485e-18
59639.785359	-1.1997616916e-14	1	2e-17	2.52485e-18
59639.785370	-1.3138533874e-14	1	2e-17	2.52485e-18
59639.785382	-8.8755889980e-15	1	2e-17	2.52485e-18
59639.785394	-8.1441506371e-15	1	2e-17	2.52485e-18
59639.785405	-8.8496867305e-15	1	2e-17	2.52485e-18
59639.785417	-9.5204504274e-15	1	2e-17	2.52485e-18
59639.785428	-1.0778248614e-14	1	2e-17	2.52485e-18
59639.785440	-8.2268566281e-15	1	2e-17	2.52485e-18
59639.785451	-6.9912176702e-15	1	2e-17	2.52485e-18
59639.785463	-7.7183497156e-15	1	2e-17	2.52485e-18
59639.785475	-1.1532417104e-14	1	2e-17	2.52485e-18
59639.785486	-1.1330656397e-14	1	2e-17	2.52485e-18
59639.785498	-8.6148417637e-15	1	2e-17	2.52485e-18
59639.785509	-1.0073124179e-14	1	2e-17	2.52485e-18
59639.785521	-7.4647751562e-15	1	2e-17	2.52485e-18
59639.785556	-7.8298666853e-15	1	2e-17	2.52485e-18
59639.785567	-8.4664195685e-15	1	2e-17	2.52485e-18
59639.785579	-7.3840275054e-15	1	2e-17	2.52485e-18
59639.785590	-9.3579962843e-15	1	2e-17	2.52485e-18
59639.785602	-7.4230503133e-15	1	2e-17	2.52485e-18
59639.785613	-8.6470332508e-15	1	2e-17	2.52485e-18
59639.785625	-8.2178916314e-15	1	2e-17	2.52485e-18
59639.785637	-8.3207273604e-15	1	2e-17	2.52485e-18
59639.785648	-7.4332629895e-15	1	2e-17	2.52485e-18
59639.785660	-1.0844562824e-14	1	2e-17	2.52485e-18
59639.785671	-8.0798396606e-15	1	2e-17	2.52485e-18
59639.785683	-7.7859742850e-15	1	2e-17	2.52485e-18
59639.785694	-1.0130413252e-14	1	2e-17	2.52485e-18
59639.785706	-9.9586298883e-15	1	2e-17	2.52485e-18
59639.785718	-9.4646326502e-15	1	2e-17	2.52485e-18
59639.785729	-5.3391595276e-15	1	2e-17	2.52485e-18
59639.785741	-8.6812330531e-15	1	2e-17	2.52485e-18
59639.785752	-7.3582404343e-15	1	2e-17	2.52485e-18
59639.785764	-1.0654065114e-14	1	2e-17	2.52485e-18
59639.785775	-8.6028088136e-15	1	2e-17	2.52485e-18
59639.785810	-9.2815676545e-15	1	2e-17	2.52485e-18
59639.785822	-9.1983280327e-15	1	2e-17	2.52485e-18
59639.785833	-9.3568815890e-15	1	2e-17	2.52485e-18
59639.785845	-8.7269499624e-15	1	2e-17	2.52485e-18
59639.785856	-9.2639569925e-15	1	2e-17	2.52485e-18
59639.785868	-8.8984910749e-15	1	2e-17	2.52485e-18
59639.785880	-7.5447206669e-15	1	2e-17	2.52485e-18
59639.785891	-8.1057266815e-15	1	2e-17	2.52485e-18
59639.785903	-6.3513461119e-15	1	2e-17	2.52485e-18
59639.785914	-7.8095082484e-15	1	2e-17	2.52485e-18
59639.785926	-8.3035148039e-15	1	2e-17	2.52485e-18
59639.785937	-8.5348437370e-15	1	2e-17	2.52485e-18
59639.785949	-8.7872527790e-15	1	2e-17	2.52485e-18
59639.785961	-8.0057259717e-15	1	2e-17	2.52485e-18
59639.785972	-7.5826575785e-15	1	2e-17	2.52485e-18
59639.785984	-1.0035703957e-14	1	2e-17	2.52485e-18
59639.785995	-6.4430543691e-15	1	2e-17	2.52485e-18
59639.786007	-6.0720844314e-15	1	2e-17	2.52485e-18
59639.786019	-8.0837944574e-15	1	2e-17	2.52485e-18
59639.786030	-7.3275880060e-15	1	2e-17	2.52485e-18
59639.786042	-6.7613168346e-15	1	2e-17	2.52485e-18
59639.786053	-9.4306259714e-15	1	2e-17	2.52485e-18
59639.786065	-7.8853719073e-15	1	2e-17	2.52485e-18
59639.786076	-9.1545008539e-15	1	2e-17	2.52485e-18
59639.786088	-5.8761623226e-15	1	2e-17	2.52485e-18
59639.786100	-7.4139328506e-15	1	2e-17	2.52485e-18
59639.786111	-8.5411422740e-15	1	2e-17	2.52485e-18
59639.786123	-6.8854969469e-15	1	2e-17	2.52485e-18
59639.786134	-7.1174086386e-15	1	2e-17	2.52485e-18
59639.786146	-1.0769919739e-14	1	2e-17	2.52485e-18
59639.786157	-8.2002038894e-15	1	2e-17	2.52485e-18
59639.786169	-9.3977128122e-15	1	2e-17	2.52485e-18
59639.786181	-6.7731608963e-15	1	2e-17	2.52485e-18
59639.786192	-1.0428486687e-14	1	2e-17	2.52485e-18
59639.786204	-9.0065750200e-15	1	2e-17	2.52485e-18
59639.786215	-8.8595690639e-15	1	2e-17	2.52485e-18
59639.786227	-8.1379579792e-15	1	2e-17	2.52485e-18
59639.786238	-8.9827352777e-15	1	2e-17	2.52485e-18
59639.786250	-8.6932329689e-15	1	2e-17	2.52485e-18
59639.786262	-9.3562505494e-15	1	2e-17	2.52485e-18
59639.786273	-8.0626982548e-15	1	2e-17	2.52485e-18
59639.786285	-7.5555940288e-15	1	2e-17	2.52485e-18
59639.786296	-8.6569596299e-15	1	2e-17	2.52485e-18
59639.786308	-7.5263205702e-15	1	2e-17	2.52485e-18
59639.786319	-9.0940472655e-15	1	2e-17	2.52485e-18
59639.786331	-7.0866384728e-15	1	2e-17	2.52485e-18
59639.786343	-9.3792652816e-15	1	2e-17	2.52485e-18
59639.786354	-7.6254606945e-15	1	2e-17	2.52485e-18
59639.786366	-1.3262088029e-14	1	2e-17	2.52485e-18
59639.786377	-1.0414428482e-14	1	2e-17	2.52485e-18
59639.786389	-8.5576729690e-15	1	2e-17	2.52485e-18
59639.786400	-7.1189807318e-15	1	2e-17	2.52485e-18
59639.786412	-1.0445679762e-14	1	2e-17	2.52485e-18
59639.786424	-1.1144241386e-14	1	2e-17	2.52485e-18
59639.786435	-1.0367627370e-14	1	2e-17	2.52485e-18
59639.786447	-7.3795128198e-15	1	2e-17	2.52485e-18
59639.786481	-9.4836273640e-15	1	2e-17	2.52485e-18
59639.786493	-1.1005634609e-14	1	2e-17	2.52485e-18
59639.786505	-9.8247758128e-15	1	2e-17	2.52485e-18
59639.786516	-1.1227991769e-14	1	2e-17	2.52485e-18
59639.786528	-9.2038625460e-15	1	2e-17	2.52485e-18
59639.786539	-9.3853935650e-15	1	2e-17	2.52485e-18
59639.786551	-1.2165786838e-14	1	2e-17	2.52485e-18
59639.786562	-7.3202399952e-15	1	2e-17	2.52485e-18
59639.786574	-1.1121468906e-14	1	2e-17	2.52485e-18
59639.786586	-1.0585667203e-14	1	2e-17	2.52485e-18
59639.786597	-8.6455611076e-15	1	2e-17	2.52485e-18
59639.786609	-9.1584514156e-15	1	2e-17	2.52485e-18
59639.786620	-8.9832290979e-15	1	2e-17	2.52485e-18
59639.786632	-8.6389313807e-15	1	2e-17	2.52485e-18
59639.786644	-7.8884144496e-15	1	2e-17	2.52485e-18
59639.786655	-8.9876709387e-15	1	2e-17	2.52485e-18
59639.786667	-1.0171528232e-14	1	2e-17	2.52485e-18
59639.786678	-9.4290132207e-15	1	2e-17	2.52485e-18
59639.786690	-7.1838812432e-15	1	2e-17	2.52485e-18
59639.786701	-5.2192848838e-15	1	2e-17	2.52485e-18
59639.786713	-9.1136831832e-15	1	2e-17	2.52485e-18
59639.786725	-9.3410852716e-15	1	2e-17	2.52485e-18
59639.786759	-1.3503082455e-14	1	2e-17	2.52485e-18
59639.786771	-1.7004556570e-14	1	2e-17	2.52485e-18
59639.786782	-1.9088632008e-14	1	2e-17	2.52485e-18
59639.786794	-1.6542258692e-14	1	2e-17	2.52485e-18
59639.786806	-1.4156553127e-14	1	2e-17	2.52485e-18
59639.786817	-7.6876710293e-15	1	2e-17	2.52485e-18
59639.786829	-8.4314760713e-15	1	2e-17	2.52485e-18
59639.786840	-7.3321399611e-15	1	2e-17	2.52485e-18
59639.786852	-5.6479555530e-15	1	2e-17	2.52485e-18
59639.786863	-8.6368112572e-15	1	2e-17	2.52485e-18
59639.786875	-7.2783787799e-15	1	2e-17	2.52485e-18
59639.786887	-1.0076464877e-14	1	2e-17	2.52485e-18
59639.786898	-8.0510159764e-15	1	2e-17	2.52485e-18
59639.786910	-9.2480607252e-15	1	2e-17	2.52485e-18
59639.786921	-8.5480828619e-15	1	2e-17	2.52485e-18
59639.786933	-7.4837004134e-15	1	2e-17	2.52485e-18
59639.786944	-8.3306503514e-15	1	2e-17	2.52485e-18
59639.786956	-7.8926445322e-15	1	2e-17	2.52485e-18
59639.786968	-8.6607441732e-15	1	2e-17	2.52485e-18
59639.786979	-9.1261371087e-15	1	2e-17	2.52485e-18
59639.786991	-9.2671901172e-15	1	2e-17	2.52485e-18
59639.787002	-8.0113841518e-15	1	2e-17	2.52485e-18
59639.787014	-8.9884112455e-15	1	2e-17	2.52485e-18
59639.787025	-8.9406089411e-15	1	2e-17	2.52485e-18
59639.787037	-9.6167309684e-15	1	2e-17	2.52485e-18
59639.787049	-9.8169763334e-15	1	2e-17	2.52485e-18
59639.787060	-5.7553017324e-15	1	2e-17	2.52485e-18
59639.787072	-7.9354688239e-15	1	2e-17	2.52485e-18
59639.787083	-9.1442187210e-15	1	2e-17	2.52485e-18
59639.787095	-9.4886883859e-15	1	2e-17	2.52485e-18
59639.787106	-8.2317067388e-15	1	2e-17	2.52485e-18
59639.787118	-7.7752356013e-15	1	2e-17	2.52485e-18
59639.787130	-9.2974173350e-15	1	2e-17	2.52485e-18
59639.787141	-7.7036528469e-15	1	2e-17	2.52485e-18
59639.787153	-7.4634902073e-15	1	2e-17	2.52485e-18
59639.787187	-7.6022757086e-15	1	2e-17	2.52485e-18
59639.787199	-8.8586500331e-15	1	2e-17	2.52485e-18
59639.787211	-7.6042501424e-15	1	2e-17	2.52485e-18
59639.787222	-8.4677587275e-15	1	2e-17	2.52485e-18
59639.787234	-9.3405575700e-15	1	2e-17	2.52485e-18
59639.787245	-1.1808963197e-14	1	2e-17	2.52485e-18
59639.787257	-1.1986559748e-14	1	2e-17	2.52485e-18
59639.787269	-8.5778687755e-15	1	2e-17	2.52485e-18
59639.787280	-7.9713897972e-15	1	2e-17	2.52485e-18
59639.787292	-1.0472524777e-14	1	2e-17	2.52485e-18
59639.787303	-1.0514581657e-14	1	2e-17	2.52485e-18
59639.787315	-1.0526673053e-14	1	2e-17	2.52485e-18
59639.787326	-9.4670958220e-15	1	2e-17	2.52485e-18
59639.787338	-8.2193654687e-15	1	2e-17	2.52485e-18
59639.787350	-9.7857530049e-15	1	2e-17	2.52485e-18
59639.787361	-1.1120409267e-14	1	2e-17	2.52485e-18
59639.787373	-1.0362440140e-14	1	2e-17	2.52485e-18
59639.787384	-8.4644180296e-15	1	2e-17	2.52485e-18
59639.787396	-9.4214187233e-15	1	2e-17	2.52485e-18
59639.787407	-8.3213482356e-15	1	2e-17	2.52485e-18
59639.787419	-9.1295243934e-15	1	2e-17	2.52485e-18
59639.787431	-9.3373337626e-15	1	2e-17	2.52485e-18
59639.787442	-8.3025085288e-15	1	2e-17	2.52485e-18
59639.787454	-1.0536566397e-14	1	2e-17	2.52485e-18
59639.787465	-8.3595096110e-15	1	2e-17	2.52485e-18
59639.787477	-9.0284242349e-15	1	2e-17	2.52485e-18
59639.787488	-9.0008024905e-15	1	2e-17	2.52485e-18
59639.787500	-7.7278635897e-15	1	2e-17	2.52485e-18
59639.787512	-6.8221524350e-15	1	2e-17	2.52485e-18
59639.787523	-6.0855403968e-15	1	2e-17	2.52485e-18
59639.787535	-9.1802565848e-15	1	2e-17	2.52485e-18
59639.787546	-9.0360314378e-15	1	2e-17	2.52485e-18
59639.787558	-9.2363233896e-15	1	2e-17	2.52485e-18
59639.787569	-9.2111809106e-15	1	2e-17	2.52485e-18
59639.787581	-8.2409758203e-15	1	2e-17	2.52485e-18
59639.787593	-9.0492222819e-15	1	2e-17	2.52485e-18
59639.787604	-8.0206057995e-15	1	2e-17	2.52485e-18
59639.787616	-6.4097973145e-15	1	2e-17	2.52485e-18
59639.787627	-8.8193121290e-15	1	2e-17	2.52485e-18
59639.787639	-7.5763454890e-15	1	2e-17	2.52485e-18
59639.787650	-1.0942416305e-14	1	2e-17	2.52485e-18
59639.787662	-7.4490787887e-15	1	2e-17	2.52485e-18
59639.787674	-1.1034050023e-14	1	2e-17	2.52485e-18
59639.787685	-8.3509943887e-15	1	2e-17	2.52485e-18
59639.787697	-7.5427038815e-15	1	2e-17	2.52485e-18
59639.787708	-8.3949765745e-15	1	2e-17	2.52485e-18
59639.787720	-7.3931712260e-15	1	2e-17	2.52485e-18
59639.787731	-6.9012195725e-15	1	2e-17	2.52485e-18
59639.787743	-9.7952973722e-15	1	2e-17	2.52485e-18
59639.787755	-6.1133781346e-15	1	2e-17	2.52485e-18
59639.787766	-7.0422759692e-15	1	2e-17	2.52485e-18
59639.787778	-6.2956477664e-15	1	2e-17	2.52485e-18
59639.787789	-1.0595687603e-14	1	2e-17	2.52485e-18
59639.787801	-8.3949596339e-15	1	2e-17	2.52485e-18
59639.787812	-8.9499415501e-15	1	2e-17	2.52485e-18
59639.787824	-1.0811550562e-14	1	2e-17	2.52485e-18
59639.787836	-1.0405054368e-14	1	2e-17	2.52485e-18
59639.787847	-9.4450340019e-15	1	2e-17	2.52485e-18
59639.787859	-9.3013306272e-15	1	2e-17	2.52485e-18
59639.787870	-8.4335089503e-15	1	2e-17	2.52485e-18
59639.787882	-8.9457343375e-15	1	2e-17	2.52485e-18
59639.787894	-1.0288007120e-14	1	2e-17	2.52485e-18
59639.787905	-9.3010155309e-15	1	2e-17	2.52485e-18
59639.787917	-7.5539626434e-15	1	2e-17	2.52485e-18
59639.787928	-8.8777590964e-15	1	2e-17	2.52485e-18
59639.787940	-1.0311903614e-14	1	2e-17	2.52485e-18
59639.787951	-1.0876733135e-14	1	2e-17	2.52485e-18
59639.787963	-9.0759842879e-15	1	2e-17	2.52485e-18
59639.787975	-5.6675940118e-15	1	2e-17	2.52485e-18
59639.787986	-7.9050154484e-15	1	2e-17	2.52485e-18
59639.787998	-9.4332102690e-15	1	2e-17	2.52485e-18
59639.788009	-1.0602754399e-14	1	2e-17	2.52485e-18
59639.788021	-9.0940930052e-15	1	2e-17	2.52485e-18
59639.788032	-9.7724977863e-15	1	2e-17	2.52485e-18
59639.788044	-1.1394098318e-14	1	2e-17	2.52485e-18
59639.788056	-8.6106929963e-15	1	2e-17	2.52485e-18
59639.788067	-9.2505010271e-15	1	2e-17	2.52485e-18
59639.788079	-9.9688120714e-15	1	2e-17	2.52485e-18
59639.788090	-9.0456579672e-15	1	2e-17	2.52485e-18
59639.788102	-8.6194157416e-15	1	2e-17	2.52485e-18
59639.788113	-8.9103952759e-15	1	2e-17	2.52485e-18
59639.788125	-6.7618021845e-15	1	2e-17	2.52485e-18
59639.788137	-9.3976958715e-15	1	2e-17	2.52485e-18
59639.788148	-9.5078770703e-15	1	2e-17	2.52485e-18
59639.788160	-6.1998432579e-15	1	2e-17	2.52485e-18
59639.788171	-7.9345904508e-15	1	2e-17	2.52485e-18
59639.788183	-8.9089146623e-15	1	2e-17	2.52485e-18
59639.788194	-9.8839249705e-15	1	2e-17	2.52485e-18
59639.788206	-7.7074992235e-15	1	2e-17	2.52485e-18
59639.788218	-6.1323542137e-15	1	2e-17	2.52485e-18
59639.788229	-1.0956906498e-14	1	2e-17	2.52485e-18
59639.788241	-9.8620317099e-15	1	2e-17	2.52485e-18
59639.788252	-1.0222691563e-14	1	2e-17	2.52485e-18
59639.788264	-8.9478409084e-15	1	2e-17	2.52485e-18
59639.788275	-8.7964913673e-15	1	2e-17	2.52485e-18
59639.788287	-9.8291100804e-15	1	2e-17	2.52485e-18
59639.788299	-9.4677582018e-15	1	2e-17	2.52485e-18
59639.788310	-8.7154777481e-15	1	2e-17	2.52485e-18
59639.788322	-7.0981377921e-15	1	2e-17	2.52485e-18
59639.788333	-1.0548406224e-14	1	2e-17	2.52485e-18
59639.788345	-9.4741812526e-15	1	2e-17	2.52485e-18
59639.788356	-1.0503344071e-14	1	2e-17	2.52485e-18
59639.788368	-9.8195691013e-15	1	2e-17	2.52485e-18
59639.788380	-1.0838379483e-14	1	2e-17	2.52485e-18
59639.788391	-8.4598262640e-15	1	2e-17	2.52485e-18
59639.788403	-8.8008806921e-15	1	2e-17	2.52485e-18
59639.788414	-1.0312245815e-14	1	2e-17	2.52485e-18
59639.788426	-8.4395694711e-15	1	2e-17	2.52485e-18
59639.788437	-9.3770206443e-15	1	2e-17	2.52485e-18
59639.788449	-9.0327983130e-15	1	2e-17	2.52485e-18
59639.788461	-9.1654555310e-15	1	2e-17	2.52485e-18
59639.788472	-8.6435146760e-15	1	2e-17	2.52485e-18
59639.788484	-7.7166895310e-15	1	2e-17	2.52485e-18
59639.788495	-1.0094228852e-14	1	2e-17	2.52485e-18
59639.788507	-9.1333275713e-15	1	2e-17	2.52485e-18
59639.788519	-1.0032606358e-14	1	2e-17	2.52485e-18
59639.788530	-1.0447667749e-14	1	2e-17	2.52485e-18
59639.788611	-1.0145890238e-14	1	2e-17	2.52485e-18
59639.788623	-7.1407249146e-15	1	2e-17	2.52485e-18
59639.788634	-8.7984818948e-15	1	2e-17	2.52485e-18
59639.788646	-6.3472939063e-15	1	2e-17	2.52485e-18
59639.788657	-9.0482016072e-15	1	2e-17	2.52485e-18
59639.788669	-1.1436236513e-14	1	2e-17	2.52485e-18
59639.788681	-1.0071728269e-14	1	2e-17	2.52485e-18
59639.788692	-9.5389030401e-15	1	2e-17	2.52485e-18
59639.788704	-8.3259374601e-15	1	2e-17	2.52485e-18
59639.788715	-8.6171228234e-15	1	2e-17	2.52485e-18
59639.788727	-9.2193192032e-15	1	2e-17	2.52485e-18
59639.788738	-7.4838062925e-15	1	2e-17	2.52485e-18
59639.788750	-9.0769617639e-15	1	2e-17	2.52485e-18
59639.788762	-7.4768597753e-15	1	2e-17	2.52485e-18
59639.788773	-9.4126731081e-15	1	2e-17	2.52485e-18
59639.788785	-9.1516641406e-15	1	2e-17	2.52485e-18
59639.788796	-6.5492418075e-15	1	2e-17	2.52485e-18
59639.788808	-8.8483323248e-15	1	2e-17	2.52485e-18
59639.788819	-9.4684739446e-15	1	2e-17	2.52485e-18
59639.788831	-9.9239345718e-15	1	2e-17	2.52485e-18
59639.788843	-9.5439649090e-15	1	2e-17	2.52485e-18
59639.788854	-7.0486761501e-15	1	2e-17	2.52485e-18
59639.788866	-8.1335008918e-15	1	2e-17	2.52485e-18
59639.788877	-8.8907390293e-15	1	2e-17	2.52485e-18
59639.788889	-1.0695488413e-14	1	2e-17	2.52485e-18
59639.788900	-1.1504118581e-14	1	2e-17	2.52485e-18
59639.788912	-1.0982054059e-14	1	2e-17	2.52485e-18
59639.788924	-9.8484529248e-15	1	2e-17	2.52485e-18
59639.788935	-8.9514501158e-15	1	2e-17	2.52485e-18
59639.788947	-9.7504020849e-15	1	2e-17	2.52485e-18
59639.788958	-1.1410440125e-14	1	2e-17	2.52485e-18
59639.788970	-8.0932532743e-15	1	2e-17	2.52485e-18
59639.788981	-9.3464868007e-15	1	2e-17	2.52485e-18
59639.788993	-8.3208798264e-15	1	2e-17	2.52485e-18
59639.789005	-7.5818613676e-15	1	2e-17	2.52485e-18
59639.789016	-8.5340907247e-15	1	2e-17	2.52485e-18
59639.789028	-1.1049382167e-14	1	2e-17	2.52485e-18
59639.789039	-1.1338550744e-14	1	2e-17	2.52485e-18
59639.789051	-7.9660280786e-15	1	2e-17	2.52485e-18
59639.789062	-8.3972059652e-15	1	2e-17	2.52485e-18
59639.789074	-9.6794351234e-15	1	2e-17	2.52485e-18
59639.789086	-7.8183817656e-15	1	2e-17	2.52485e-18
59639.789097	-8.6235797556e-15	1	2e-17	2.52485e-18
59639.789109	-8.4436216767e-15	1	2e-17	2.52485e-18
59639.789120	-1.1650469780e-14	1	2e-17	2.52485e-18
59639.789132	-1.0216060142e-14	1	2e-17	2.52485e-18
59639.789144	-9.1767744323e-15	1	2e-17	2.52485e-18
59639.789155	-7.0040807125e-15	1	2e-17	2.52485e-18
59639.789167	-6.5305274616e-15	1	2e-17	2.52485e-18
59639.789178	-1.0538099527e-14	1	2e-17	2.52485e-18
59639.789190	-9.7688665561e-15	1	2e-17	2.52485e-18
59639.789201	-6.2108877205e-15	1	2e-17	2.52485e-18
59639.789213	-6.5422571738e-15	1	2e-17	2.52485e-18
59639.789225	-8.7888401187e-15	1	2e-17	2.52485e-18
59639.789236	-9.2037549728e-15	1	2e-17	2.52485e-18
59639.789248	-7.0548594907e-15	1	2e-17	2.52485e-18
59639.789259	-8.7202194386e-15	1	2e-17	2.52485e-18
59639.789271	-8.0221372351e-15	1	2e-17	2.52485e-18
59639.789282	-9.3135905821e-15	1	2e-17	2.52485e-18
59639.789294	-9.9572119552e-15	1	2e-17	2.52485e-18
59639.789306	-8.1836596419e-15	1	2e-17	2.52485e-18
59639.789317	-9.2559245790e-15	1	2e-17	2.52485e-18
59639.789329	-8.4203740104e-15	1	2e-17	2.52485e-18
59639.789340	-7.9867905502e-15	1	2e-17	2.52485e-18
59639.789352	-8.7546394694e-15	1	2e-17	2.52485e-18
59639.789363	-9.2732235329e-15	1	2e-17	2.52485e-18
59639.789375	-8.4710257336e-15	1	2e-17	2.52485e-18
59639.789387	-1.0896909460e-14	1	2e-17	2.52485e-18
59639.789398	-1.0471192395e-14	1	2e-17	2.52485e-18
59639.789410	-1.1600934446e-14	1	2e-17	2.52485e-18
59639.789421	-8.7813032196e-15	1	2e-17	2.52485e-18
59639.789433	-7.8155196412e-15	1	2e-17	2.52485e-18
59639.789444	-1.0104317014e-14	1	2e-17	2.52485e-18
59639.789456	-9.9167474972e-15	1	2e-17	2.52485e-18
59639.789468	-1.1028320692e-14	1	2e-17	2.52485e-18
59639.789479	-8.9971492374e-15	1	2e-17	2.52485e-18
59639.789491	-1.0113130392e-14	1	2e-17	2.52485e-18
59639.789502	-7.1625656591e-15	1	2e-17	2.52485e-18
59639.789514	-9.9058419480e-15	1	2e-17	2.52485e-18
59639.789525	-9.6577027991e-15	1	2e-17	2.52485e-18
59639.789537	-7.6094416074e-15	1	2e-17	2.52485e-18
59639.789549	-7.8349404127e-15	1	2e-17	2.52485e-18
59639.789560	-1.0198279226e-14	1	2e-17	2.52485e-18
59639.789572	-7.5107046708e-15	1	2e-17	2.52485e-18
59639.789583	-7.3052102426e-15	1	2e-17	2.52485e-18
59639.789595	-7.0450008742e-15	1	2e-17	2.52485e-18
59639.789606	-9.5293019217e-15	1	2e-17	2.52485e-18
59639.789618	-7.4409489665e-15	1	2e-17	2.52485e-18
59639.789630	-8.6204491218e-15	1	2e-17	2.52485e-18
59639.789641	-1.2361366745e-14	1	2e-17	2.52485e-18
59639.789653	-1.0539659762e-14	1	2e-17	2.52485e-18
59639.789664	-7.9175761000e-15	1	2e-17	2.52485e-18
59639.789676	-1.0129890633e-14	1	2e-17	2.52485e-18
59639.789688	-9.4358563999e-15	1	2e-17	2.52485e-18
59639.789699	-8.4217318042e-15	1	2e-17	2.52485e-18
59639.789711	-8.9162431914e-15	1	2e-17	2.52485e-18
59639.789722	-9.6158534423e-15	1	2e-17	2.52485e-18
59639.789734	-7.4533698576e-15	1	2e-17	2.52485e-18
59639.789745	-6.9710828500e-15	1	2e-17	2.52485e-18
59639.789757	-8.2122359924e-15	1	2e-17	2.52485e-18
59639.789769	-7.8546779744e-15	1	2e-17	2.52485e-18
59639.789780	-9.4835358845e-15	1	2e-17	2.52485e-18
59639.789792	-8.3971356615e-15	1	2e-17	2.52485e-18
59639.789803	-8.1160308373e-15	1	2e-17	2.52485e-18
59639.789815	-9.1862561191e-15	1	2e-17	2.52485e-18
59639.789826	-1.0009650918e-14	1	2e-17	2.52485e-18
59639.789838	-1.1452386043e-14	1	2e-17	2.52485e-18
59639.789850	-7.5487948954e-15	1	2e-17	2.52485e-18
59639.789861	-6.9006613778e-15	1	2e-17	2.52485e-18
59639.789873	-9.1733405607e-15	1	2e-17	2.52485e-18
59639.789884	-9.1398759831e-15	1	2e-17	2.52485e-18
59639.789896	-1.0005343755e-14	1	2e-17	2.52485e-18
59639.789907	-8.4516176677e-15	1	2e-17	2.52485e-18
59639.789919	-8.9549356564e-15	1	2e-17	2.52485e-18
59639.789931	-9.9234941147e-15	1	2e-17	2.52485e-18
59639.789942	-9.2048535745e-15	1	2e-17	2.52485e-18
59639.789954	-8.7715360827e-15	1	2e-17	2.52485e-18
59639.789965	-9.9252288381e-15	1	2e-17	2.52485e-18
59639.789977	-1.2492257052e-14	1	2e-17	2.52485e-18
59639.789988	-1.2319441155e-14	1	2e-17	2.52485e-18
59639.790000	-1.0704538960e-14	1	2e-17	2.52485e-18
59639.790012	-1.1897160503e-14	1	2e-17	2.52485e-18
59639.790023	-9.0648119233e-15	1	2e-17	2.52485e-18
59639.790035	-9.4370752803e-15	1	2e-17	2.52485e-18
59639.790046	-6.1770724711e-15	1	2e-17	2.52485e-18
59639.790058	-9.1523925889e-15	1	2e-17	2.52485e-18
59639.790069	-1.0869242823e-14	1	2e-17	2.52485e-18
59639.790081	-8.3776098580e-15	1	2e-17	2.52485e-18
59639.790093	-9.7771700200e-15	1	2e-17	2.52485e-18
59639.790104	-8.9119021475e-15	1	2e-17	2.52485e-18
59639.790116	-8.0073954737e-15	1	2e-17	2.52485e-18
59639.790127	-1.0036251141e-14	1	2e-17	2.52485e-18
59639.790139	-7.7354428405e-15	1	2e-17	2.52485e-18
59639.790150	-9.8820843679e-15	1	2e-17	2.52485e-18
59639.790162	-1.5871008799e-14	1	2e-17	2.52485e-18
59639.790174	-1.4032925280e-14	1	2e-17	2.52485e-18
59639.790185	-1.4702202434e-14	1	2e-17	2.52485e-18
59639.790197	-1.0421651132e-14	1	2e-17	2.52485e-18
59639.790208	-1.2470837283e-14	1	2e-17	2.52485e-18
59639.790220	-1.0209651490e-14	1	2e-17	2.52485e-18
59639.790231	-8.1025265910e-15	1	2e-17	2.52485e-18
59639.790243	-1.0044774833e-14	1	2e-17	2.52485e-18
59639.790255	-7.1771397080e-15	1	2e-17	2.52485e-18
59639.790266	-1.0445227447e-14	1	2e-17	2.52485e-18
59639.790278	-9.0823014596e-15	1	2e-17	2.52485e-18
59639.790289	-1.0403229012e-14	1	2e-17	2.52485e-18
59639.790301	-9.4278036577e-15	1	2e-17	2.52485e-18
59639.790313	-6.4994955625e-15	1	2e-17	2.52485e-18
59639.790324	-7.6653373116e-15	1	2e-17	2.52485e-18
59639.790336	-8.3305859769e-15	1	2e-17	2.52485e-18
59639.790347	-8.6628075454e-15	1	2e-17	2.52485e-18
59639.790359	-8.6035558967e-15	1	2e-17	2.52485e-18
59639.790370	-5.8400177326e-15	1	2e-17	2.52485e-18
59639.790382	-6.3545639901e-15	1	2e-17	2.52485e-18
59639.790394	-8.3173476990e-15	1	2e-17	2.52485e-18
59639.790405	-8.0091564552e-15	1	2e-17	2.52485e-18
59639.790417	-7.3696296393e-15	1	2e-17	2.52485e-18
59639.790428	-7.0265618139e-15	1	2e-17	2.52485e-18
59639.790440	-8.4485370089e-15	1	2e-17	2.52485e-18
59639.790451	-6.4303192288e-15	1	2e-17	2.52485e-18
59639.790463	-7.1647535452e-15	1	2e-17	2.52485e-18
59639.790475	-8.2121673827e-15	1	2e-17	2.52485e-18
59639.790486	-7.6576657342e-15	1	2e-17	2.52485e-18
59639.790498	-7.8459349003e-15	1	2e-17	2.52485e-18
59639.790509	-7.2353215541e-15	1	2e-17	2.52485e-18
59639.790521	-8.1684985992e-15	1	2e-17	2.52485e-18
59639.790532	-9.7559560799e-15	1	2e-17	2.52485e-18
59639.790544	-6.7457297344e-15	1	2e-17	2.52485e-18
59639.790556	-6.0871692412e-15	1	2e-17	2.52485e-18
59639.790567	-5.8765036768e-15	1	2e-17	2.52485e-18
59639.790579	-7.5249543060e-15	1	2e-17	2.52485e-18
59639.790590	-9.0402115454e-15	1	2e-17	2.52485e-18
59639.790602	-7.4185779793e-15	1	2e-17	2.52485e-18
59639.790613	-9.2399173504e-15	1	2e-17	2.52485e-18
59639.790625	-7.4088362534e-15	1	2e-17	2.52485e-18
59639.790637	-8.5452088791e-15	1	2e-17	2.52485e-18
59639.790648	-7.4124437667e-15	1	2e-17	2.52485e-18
59639.790660	-8.2017310898e-15	1	2e-17	2.52485e-18
59639.790671	-9.5073663094e-15	1	2e-17	2.52485e-18
59639.790683	-9.3723102941e-15	1	2e-17	2.52485e-18
59639.790694	-7.4638230912e-15	1	2e-17	2.52485e-18
59639.790706	-7.4800242904e-15	1	2e-17	2.52485e-18
59639.790718	-9.7031672925e-15	1	2e-17	2.52485e-18
59639.790729	-9.4716037314e-15	1	2e-17	2.52485e-18
59639.790741	-7.1784111045e-15	1	2e-17	2.52485e-18
59639.790752	-7.8711697059e-15	1	2e-17	2.52485e-18
59639.790764	-1.0336171108e-14	1	2e-17	2.52485e-18
59639.790775	-7.8480296128e-15	1	2e-17	2.52485e-18
59639.790787	-8.2465272743e-15	1	2e-17	2.52485e-18
59639.790799	-9.2705384385e-15	1	2e-17	2.52485e-18
59639.790810	-8.7288473162e-15	1	2e-17	2.52485e-18
59639.790822	-9.2868023181e-15	1	2e-17	2.52485e-18
59639.790833	-8.5210074538e-15	1	2e-17	2.52485e-18
59639.790845	-6.4155842436e-15	1	2e-17	2.52485e-18
59639.790856	-6.7311514503e-15	1	2e-17	2.52485e-18
59639.790868	-7.1434210205e-15	1	2e-17	2.52485e-18
59639.790880	-9.3425133691e-15	1	2e-17	2.52485e-18
59639.790891	-1.0722058990e-14	1	2e-17	2.52485e-18
59639.790903	-8.6342726995e-15	1	2e-17	2.52485e-18
59639.790914	-6.6653624013e-15	1	2e-17	2.52485e-18
59639.790926	-1.0439100010e-14	1	2e-17	2.52485e-18
59639.790938	-8.2832461525e-15	1	2e-17	2.52485e-18
59639.790949	-9.5631349587e-15	1	2e-17	2.52485e-18
59639.790961	-8.8796335803e-15	1	2e-17	2.52485e-18
59639.790972	-8.5219891650e-15	1	2e-17	2.52485e-18
59639.790984	-7.3828018487e-15	1	2e-17	2.52485e-18
59639.790995	-8.3598433419e-15	1	2e-17	2.52485e-18
59639.791007	-8.2445689341e-15	1	2e-17	2.52485e-18
59639.791019	-5.6831717948e-15	1	2e-17	2.52485e-18
59639.791030	-8.5144607361e-15	1	2e-17	2.52485e-18
59639.791042	-9.6797298909e-15	1	2e-17	2.52485e-18
59639.791053	-1.0195217202e-14	1	2e-17	2.52485e-18
59639.791065	-9.8798498950e-15	1	2e-17	2.52485e-18
59639.791076	-1.0904647106e-14	1	2e-17	2.52485e-18
59639.791088	-8.1025037211e-15	1	2e-17	2.52485e-18
59639.791100	-7.7488166437e-15	1	2e-17	2.52485e-18
59639.791111	-6.7765549574e-15	1	2e-17	2.52485e-18
59639.791123	-9.0949417322e-15	1	2e-17	2.52485e-18
59639.791134	-8.2932640112e-15	1	2e-17	2.52485e-18
59639.791146	-5.9893826755e-15	1	2e-17	2.52485e-18
59639.791157	-8.5764169611e-15	1	2e-17	2.52485e-18
59639.791169	-6.8528641556e-15	1	2e-17	2.52485e-18
59639.791181	-7.6133430411e-15	1	2e-17	2.52485e-18
59639.791192	-7.1553345389e-15	1	2e-17	2.52485e-18
59639.791204	-7.8405155835e-15	1	2e-17	2.52485e-18
59639.791215	-7.3103491915e-15	1	2e-17	2.52485e-18
59639.791227	-7.8052349672e-15	1	2e-17	2.52485e-18
59639.791238	-7.5458438326e-15	1	2e-17	2.52485e-18
59639.791250	-9.2118238086e-15	1	2e-17	2.52485e-18
59639.791262	-7.0984503472e-15	1	2e-17	2.52485e-18
59639.791273	-7.7212448742e-15	1	2e-17	2.52485e-18
59639.791285	-7.6347526459e-15	1	2e-17	2.52485e-18
59639.791296	-7.8520098206e-15	1	2e-17	2.52485e-18
59639.791308	-8.3313855760e-15	1	2e-17	2.52485e-18
59639.791319	-9.9507821281e-15	1	2e-17	2.52485e-18
59639.791331	-6.7302366547e-15	1	2e-17	2.52485e-18
59639.791343	-1.0361469441e-14	1	2e-17	2.52485e-18
59639.791354	-9.4892770738e-15	1	2e-17	2.52485e-18
59639.791366	-7.6452041854e-15	1	2e-17	2.52485e-18
59639.791377	-9.3176715868e-15	1	2e-17	2.52485e-18
59639.791389	-1.1645712843e-14	1	2e-17	2.52485e-18
59639.791400	-6.4069478957e-15	1	2e-17	2.52485e-18
59639.791412	-9.0612823370e-15	1	2e-17	2.52485e-18
59639.791424	-8.8686458690e-15	1	2e-17	2.52485e-18
59639.791435	-6.2216484270e-15	1	2e-17	2.52485e-18
59639.791447	-7.7647154521e-15	1	2e-17	2.52485e-18
59639.791458	-9.8126302074e-15	1	2e-17	2.52485e-18
59639.791493	-9.9867649347e-15	1	2e-17	2.52485e-18
59639.791505	-1.1213161916e-14	1	2e-17	2.52485e-18
59639.791516	-1.3777254314e-14	1	2e-17	2.52485e-18
59639.791528	-1.0083615529e-14	1	2e-17	2.52485e-18
59639.791539	-1.0121190758e-14	1	2e-17	2.52485e-18
59639.791551	-8.8064524748e-15	1	2e-17	2.52485e-18
59639.791563	-1.0700639220e-14	1	2e-17	2.52485e-18
59639.791574	-9.3236143700e-15	1	2e-17	2.52485e-18
59639.791586	-1.0318580774e-14	1	2e-17	2.52485e-18
59639.791597	-8.3142263826e-15	1	2e-17	2.52485e-18
59639.791609	-8.3589963090e-15	1	2e-17	2.52485e-18
59639.791620	-7.1454259474e-15	1	2e-17	2.52485e-18
59639.791632	-7.7349981482e-15	1	2e-17	2.52485e-18
59639.791644	-7.1600016904e-15	1	2e-17	2.52485e-18
59639.791655	-8.3317938459e-15	1	2e-17	2.52485e-18
59639.791667	-8.7847752076e-15	1	2e-17	2.52485e-18
59639.791678	-8.3921347790e-15	1	2e-17	2.52485e-18
59639.791690	-7.5756432987e-15	1	2e-17	2.52485e-18
59639.791701	-8.1100041979e-15	1	2e-17	2.52485e-18
59639.791736	-6.9648478404e-15	1	2e-17	2.52485e-18
59639.791748	-8.7279926599e-15	1	2e-17	2.52485e-18
59639.791759	-7.5570678662e-15	1	2e-17	2.52485e-18
59639.791771	-7.0933961016e-15	1	2e-17	2.52485e-18
59639.791782	-8.0000423807e-15	1	2e-17	2.52485e-18
59639.791794	-1.2007527202e-14	1	2e-17	2.52485e-18
59639.791806	-9.9119524437e-15	1	2e-17	2.52485e-18
59639.791817	-8.2708430491e-15	1	2e-17	2.52485e-18
59639.791829	-7.0086047155e-15	1	2e-17	2.52485e-18
59639.791840	-1.0906597823e-14	1	2e-17	2.52485e-18
59639.791852	-8.3231100641e-15	1	2e-17	2.52485e-18
59639.791863	-8.6564641157e-15	1	2e-17	2.52485e-18
59639.791875	-1.1152767620e-14	1	2e-17	2.52485e-18
59639.791887	-9.0095201536e-15	1	2e-17	2.52485e-18
59639.791898	-7.3456687713e-15	1	2e-17	2.52485e-18
59639.791910	-1.1145364552e-14	1	2e-17	2.52485e-18
59639.791921	-9.4063381487e-15	1	2e-17	2.52485e-18
59639.791933	-7.8126270237e-15	1	2e-17	2.52485e-18
59639.791944	-1.0097446730e-14	1	2e-17	2.52485e-18
59639.791956	-9.8583513518e-15	1	2e-17	2.52485e-18
59639.791968	-7.9359524797e-15	1	2e-17	2.52485e-18
59639.791979	-8.0710144243e-15	1	2e-17	2.52485e-18
59639.791991	-7.8973193070e-15	1	2e-17	2.52485e-18
59639.792002	-9.3791111217e-15	1	2e-17	2.52485e-18
59639.792014	-1.0659465796e-14	1	2e-17	2.52485e-18
59639.792025	-1.0521948303e-14	1	2e-17	2.52485e-18
59639.792037	-1.0396266401e-14	1	2e-17	2.52485e-18
59639.792049	-9.6713442647e-15	1	2e-17	2.52485e-18
59639.792060	-8.4395118728e-15	1	2e-17	2.52485e-18
59639.792072	-8.0908485478e-15	1	2e-17	2.52485e-18
59639.792083	-8.6824951322e-15	1	2e-17	2.52485e-18
59639.792095	-8.3432745305e-15	1	2e-17	2.52485e-18
59639.792106	-5.7651357849e-15	1	2e-17	2.52485e-18
59639.792118	-7.4189981076e-15	1	2e-17	2.52485e-18
59639.792130	-6.5656107192e-15	1	2e-17	2.52485e-18
59639.792141	-9.1451013293e-15	1	2e-17	2.52485e-18
59639.792153	-7.1118614199e-15	1	2e-17	2.52485e-18
59639.792164	-8.8078568554e-15	1	2e-17	2.52485e-18
59639.792176	-7.8920609265e-15	1	2e-17	2.52485e-18
59639.792188	-1.0582289236e-14	1	2e-17	2.52485e-18
59639.792199	-8.9614899973e-15	1	2e-17	2.52485e-18
59639.792211	-9.2370179566e-15	1	2e-17	2.52485e-18
59639.792222	-1.0024035231e-14	1	2e-17	2.52485e-18
59639.792234	-8.1125529200e-15	1	2e-17	2.52485e-18
59639.792245	-7.9661034645e-15	1	2e-17	2.52485e-18
59639.792257	-9.3201872747e-15	1	2e-17	2.52485e-18
59639.792269	-8.2912997418e-15	1	2e-17	2.52485e-18
59639.792280	-9.6965375657e-15	1	2e-17	2.52485e-18
59639.792315	-8.7237735888e-15	1	2e-17	2.52485e-18
59639.792326	-9.0023898302e-15	1	2e-17	2.52485e-18
59639.792338	-7.8606207575e-15	1	2e-17	2.52485e-18
59639.792350	-7.4465503954e-15	1	2e-17	2.52485e-18
59639.792361	-8.4733186518e-15	1	2e-17	2.52485e-18
59639.792373	-5.9476476682e-15	1	2e-17	2.52485e-18
59639.792384	-6.7531141676e-15	1	2e-17	2.52485e-18
59639.792396	-8.3242984513e-15	1	2e-17	2.52485e-18
59639.792407	-9.5834798430e-15	1	2e-17	2.52485e-18
59639.792419	-8.9120402139e-15	1	2e-17	2.52485e-18
59639.792431	-8.6383189759e-15	1	2e-17	2.52485e-18
59639.792442	-1.0551435214e-14	1	2e-17	2.52485e-18
59639.792454	-8.6613142263e-15	1	2e-17	2.52485e-18
59639.792465	-9.5270581314e-15	1	2e-17	2.52485e-18
59639.792477	-8.8623117566e-15	1	2e-17	2.52485e-18
59639.792488	-1.1475425340e-14	1	2e-17	2.52485e-18
59639.792500	-9.6035181015e-15	1	2e-17	2.52485e-18
59639.792512	-9.6765501292e-15	1	2e-17	2.52485e-18
59639.792523	-1.0329628625e-14	1	2e-17	2.52485e-18
59639.792535	-8.6058750729e-15	1	2e-17	2.52485e-18
59639.792546	-1.1265859224e-14	1	2e-17	2.52485e-18
59639.792558	-8.9888500086e-15	1	2e-17	2.52485e-18
59639.792569	-1.0268632089e-14	1	2e-17	2.52485e-18
59639.792581	-7.9112826452e-15	1	2e-17	2.52485e-18
59639.792593	-6.8136533064e-15	1	2e-17	2.52485e-18
59639.792604	-8.6555162858e-15	1	2e-17	2.52485e-18
59639.792616	-7.6496443321e-15	1	2e-17	2.52485e-18
59639.792627	-8.4788218249e-15	1	2e-17	2.52485e-18
59639.792639	-8.5373882239e-15	1	2e-17	2.52485e-18
59639.792650	-9.3186524510e-15	1	2e-17	2.52485e-18
59639.792662	-8.4613992042e-15	1	2e-17	2.52485e-18
59639.792674	-9.1404206252e-15	1	2e-17	2.52485e-18
59639.792685	-1.0845802033e-14	1	2e-17	2.52485e-18
59639.792697	-8.7343437130e-15	1	2e-17	2.52485e-18
59639.792708	-8.2364069246e-15	1	2e-17	2.52485e-18
59639.792720	-7.7683924221e-15	1	2e-17	2.52485e-18
59639.792731	-9.3680522595e-15	1	2e-17	2.52485e-18
59639.792743	-8.1210706833e-15	1	2e-17	2.52485e-18
59639.792755	-7.8630873175e-15	1	2e-17	2.52485e-18
59639.792766	-8.2556633716e-15	1	2e-17	2.52485e-18
59639.792778	-7.7901306757e-15	1	2e-17	2.52485e-18
59639.792789	-8.3660766574e-15	1	2e-17	2.52485e-18
59639.792801	-1.0799804756e-14	1	2e-17	2.52485e-18
59639.792813	-8.9374512023e-15	1	2e-17	2.52485e-18
59639.792824	-8.2948056111e-15	1	2e-17	2.52485e-18
59639.792836	-6.7862102859e-15	1	2e-17	2.52485e-18
59639.792847	-7.8624283259e-15	1	2e-17	2.52485e-18
59639.792859	-9.4281373886e-15	1	2e-17	2.52485e-18
59639.792870	-7.2578238314e-15	1	2e-17	2.52485e-18
59639.792882	-9.0116182542e-15	1	2e-17	2.52485e-18
59639.792894	-6.7586503749e-15	1	2e-17	2.52485e-18
59639.792905	-6.7541831232e-15	1	2e-17	2.52485e-18
59639.792917	-6.9768519914e-15	1	2e-17	2.52485e-18
59639.792928	-7.9150544829e-15	1	2e-17	2.52485e-18
59639.792940	-9.7595881572e-15	1	2e-17	2.52485e-18
59639.792951	-8.8550018622e-15	1	2e-17	2.52485e-18
59639.792963	-9.3632173954e-15	1	2e-17	2.52485e-18
59639.792975	-9.7900245921e-15	1	2e-17	2.52485e-18
59639.792986	-7.9216443992e-15	1	2e-17	2.52485e-18
59639.792998	-6.8439872503e-15	1	2e-17	2.52485e-18
59639.793009	-7.9954319803e-15	1	2e-17	2.52485e-18
59639.793021	-6.9949098868e-15	1	2e-17	2.52485e-18
59639.793032	-7.4192606879e-15	1	2e-17	2.52485e-18
59639.793044	-8.2144645361e-15	1	2e-17	2.52485e-18
59639.793056	-7.8748094064e-15	1	2e-17	2.52485e-18
59639.793067	-8.3779918699e-15	1	2e-17	2.52485e-18
59639.793079	-7.7586981300e-15	1	2e-17	2.52485e-18
59639.793090	-9.0347083723e-15	1	2e-17	2.52485e-18
59639.793102	-1.0479463671e-14	1	2e-17	2.52485e-18
59639.793113	-1.0448141240e-14	1	2e-17	2.52485e-18
59639.793125	-8.6800514422e-15	1	2e-17	2.52485e-18
59639.793137	-7.9202662766e-15	1	2e-17	2.52485e-18
59639.793148	-9.3972316975e-15	1	2e-17	2.52485e-18
59639.793160	-8.6546065724e-15	1	2e-17	2.52485e-18
59639.793171	-1.1275250278e-14	1	2e-17	2.52485e-18
59639.793183	-9.0560874839e-15	1	2e-17	2.52485e-18
59639.793194	-1.0737734181e-14	1	2e-17	2.52485e-18
59639.793206	-9.0947579261e-15	1	2e-17	2.52485e-18
59639.793218	-9.0340112642e-15	1	2e-17	2.52485e-18
59639.793229	-1.0516777167e-14	1	2e-17	2.52485e-18
59639.793241	-1.0677743920e-14	1	2e-17	2.52485e-18
59639.793252	-6.3459293362e-15	1	2e-17	2.52485e-18
59639.793264	-1.0080600092e-14	1	2e-17	2.52485e-18
59639.793275	-1.0224333112e-14	1	2e-17	2.52485e-18
59639.793287	-8.4786278543e-15	1	2e-17	2.52485e-18
59639.793299	-6.7815033238e-15	1	2e-17	2.52485e-18
59639.793310	-9.9849234851e-15	1	2e-17	2.52485e-18
59639.793322	-1.0943967222e-14	1	2e-17	2.52485e-18
59639.793333	-1.0191217512e-14	1	2e-17	2.52485e-18
59639.793345	-9.2331741211e-15	1	2e-17	2.52485e-18
59639.793356	-1.0339510959e-14	1	2e-17	2.52485e-18
59639.793368	-7.2447871473e-15	1	2e-17	2.52485e-18
59639.793380	-1.0443307223e-14	1	2e-17	2.52485e-18
59639.793391	-7.7456800807e-15	1	2e-17	2.52485e-18
59639.793403	-8.6728042283e-15	1	2e-17	2.52485e-18
59639.793414	-5.8554447437e-15	1	2e-17	2.52485e-18
59639.793426	-8.5314208768e-15	1	2e-17	2.52485e-18
59639.793438	-9.8295928892e-15	1	2e-17	2.52485e-18
59639.793449	-1.0433154686e-14	1	2e-17	2.52485e-18
59639.793461	-8.0818047770e-15	1	2e-17	2.52485e-18
59639.793472	-6.6318097322e-15	1	2e-17	2.52485e-18
59639.793484	-7.8464566726e-15	1	2e-17	2.52485e-18
59639.793495	-7.1790235093e-15	1	2e-17	2.52485e-18
59639.793507	-9.6659393475e-15	1	2e-17	2.52485e-18
59639.793519	-8.9730028692e-15	1	2e-17	2.52485e-18
59639.793530	-6.9754526929e-15	1	2e-17	2.52485e-18
59639.793542	-8.8604872476e-15	1	2e-17	2.52485e-18
59639.793553	-7.7007856404e-15	1	2e-17	2.52485e-18
59639.793565	-1.0166590029e-14	1	2e-17	2.52485e-18
59639.793576	-7.2529339102e-15	1	2e-17	2.52485e-18
59639.793588	-1.0587490018e-14	1	2e-17	2.52485e-18
59639.793600	-1.2217203432e-14	1	2e-17	2.52485e-18
59639.793611	-7.3751285772e-15	1	2e-17	2.52485e-18
59639.793623	-8.5406569241e-15	1	2e-17	2.52485e-18
59639.793634	-9.4499730510e-15	1	2e-17	2.52485e-18
59639.793646	-7.9922556068e-15	1	2e-17	2.52485e-18
59639.793657	-8.2741642653e-15	1	2e-17	2.52485e-18
59639.793669	-7.4342023490e-15	1	2e-17	2.52485e-18
59639.793681	-1.0704477974e-14	1	2e-17	2.52485e-18
59639.793692	-9.8310735027e-15	1	2e-17	2.52485e-18
59639.793704	-1.0488038186e-14	1	2e-17	2.52485e-18
59639.793715	-7.9622164303e-15	1	2e-17	2.52485e-18
59639.793727	-8.5390941483e-15	1	2e-17	2.52485e-18
59639.793738	-8.5284452501e-15	1	2e-17	2.52485e-18
59639.793750	-7.6902790437e-15	1	2e-17	2.52485e-18
59639.793762	-6.9666096690e-15	1	2e-17	2.52485e-18
59639.793773	-7.8735871379e-15	1	2e-17	2.52485e-18
59639.793785	-6.3687314632e-15	1	2e-17	2.52485e-18
59639.793796	-8.9894302261e-15	1	2e-17	2.52485e-18
59639.793808	-8.9880216103e-15	1	2e-17	2.52485e-18
59639.793819	-8.2810574194e-15	1	2e-17	2.52485e-18
59639.793831	-9.0096268797e-15	1	2e-17	2.52485e-18
59639.793843	-7.3287941810e-15	1	2e-17	2.52485e-18
59639.793877	-9.2828839437e-15	1	2e-17	2.52485e-18
59639.793889	-7.6845742768e-15	1	2e-17	2.52485e-18
59639.793900	-9.1469165209e-15	1	2e-17	2.52485e-18
59639.793912	-1.0837950885e-14	1	2e-17	2.52485e-18
59639.793924	-1.2269808413e-14	1	2e-17	2.52485e-18
59639.793935	-9.3033211546e-15	1	2e-17	2.52485e-18
59639.793947	-9.4761506042e-15	1	2e-17	2.52485e-18
59639.793958	-8.7923442940e-15	1	2e-17	2.52485e-18
59639.793970	-7.9207008045e-15	1	2e-17	2.52485e-18
59639.793981	-7.4448698820e-15	1	2e-17	2.52485e-18
59639.793993	-6.2522415630e-15	1	2e-17	2.52485e-18
59639.794005	-7.8412753721e-15	1	2e-17	2.52485e-18
59639.794016	-9.1346184496e-15	1	2e-17	2.52485e-18
59639.794028	-8.3156324573e-15	1	2e-17	2.52485e-18
59639.794039	-8.2969291227e-15	1	2e-17	2.52485e-18
59639.794051	-9.1331573177e-15	1	2e-17	2.52485e-18
59639.794063	-1.0512894368e-14	1	2e-17	2.52485e-18
59639.794074	-1.0757752958e-14	1	2e-17	2.52485e-18
59639.794086	-1.1396612312e-14	1	2e-17	2.52485e-18
59639.794097	-8.0584571608e-15	1	2e-17	2.52485e-18
59639.794109	-9.3554611147e-15	1	2e-17	2.52485e-18
59639.794120	-9.5519803818e-15	1	2e-17	2.52485e-18
59639.794132	-8.4935813740e-15	1	2e-17	2.52485e-18
59639.794144	-9.6631839493e-15	1	2e-17	2.52485e-18
59639.794155	-7.8488207416e-15	1	2e-17	2.52485e-18
59639.794167	-1.0313449449e-14	1	2e-17	2.52485e-18
59639.794178	-7.1713764958e-15	1	2e-17	2.52485e-18
59639.794190	-9.9284924561e-15	1	2e-17	2.52485e-18
59639.794201	-9.0186706505e-15	1	2e-17	2.52485e-18
59639.794213	-9.8031680023e-15	1	2e-17	2.52485e-18
59639.794225	-9.2239575556e-15	1	2e-17	2.52485e-18
59639.794236	-8.4484421412e-15	1	2e-17	2.52485e-18
59639.794248	-8.7363867564e-15	1	2e-17	2.52485e-18
59639.794259	-8.2267202558e-15	1	2e-17	2.52485e-18
59639.794271	-1.0764125187e-14	1	2e-17	2.52485e-18
59639.794282	-9.0759410892e-15	1	2e-17	2.52485e-18
59639.794294	-7.3069034615e-15	1	2e-17	2.52485e-18
59639.794306	-4.9603299712e-15	1	2e-17	2.52485e-18
59639.794317	-1.1420459678e-14	1	2e-17	2.52485e-18
59639.794329	-1.0319654812e-14	1	2e-17	2.52485e-18
59639.794340	-8.2622829341e-15	1	2e-17	2.52485e-18
59639.794352	-8.1105335935e-15	1	2e-17	2.52485e-18
59639.794363	-9.3376708817e-15	1	2e-17	2.52485e-18
59639.794375	-8.7995745673e-15	1	2e-17	2.52485e-18
59639.794387	-9.2058691670e-15	1	2e-17	2.52485e-18
59639.794398	-8.9239249332e-15	1	2e-17	2.52485e-18
59639.794410	-9.0571835446e-15	1	2e-17	2.52485e-18
59639.794421	-7.7127059351e-15	1	2e-17	2.52485e-18
59639.794433	-9.4464231359e-15	1	2e-17	2.52485e-18
59639.794444	-9.1961113475e-15	1	2e-17	2.52485e-18
59639.794456	-8.8695606645e-15	1	2e-17	2.52485e-18
59639.794468	-9.6296600793e-15	1	2e-17	2.52485e-18
59639.794479	-9.1586004934e-15	1	2e-17	2.52485e-18
59639.794491	-9.2165248415e-15	1	2e-17	2.52485e-18
59639.794502	-1.0536188621e-14	1	2e-17	2.52485e-18
59639.794514	-9.6992531533e-15	1	2e-17	2.52485e-18
59639.794525	-7.0760480198e-15	1	2e-17	2.52485e-18
59639.794537	-8.8914623955e-15	1	2e-17	2.52485e-18
59639.794549	-9.2254195345e-15	1	2e-17	2.52485e-18
59639.794560	-6.8133712444e-15	1	2e-17	2.52485e-18
59639.794572	-6.8520484629e-15	1	2e-17	2.52485e-18
59639.794583	-6.9025570375e-15	1	2e-17	2.52485e-18
59639.794595	-7.6814919239e-15	1	2e-17	2.52485e-18
59639.794630	-7.8153858100e-15	1	2e-17	2.52485e-18
59639.794641	-7.1115353122e-15	1	2e-17	2.52485e-18
59639.794653	-7.2423476924e-15	1	2e-17	2.52485e-18
59639.794664	-8.7619688455e-15	1	2e-17	2.52485e-18
59639.794676	-6.8676914673e-15	1	2e-17	2.52485e-18
59639.794688	-7.9356492420e-15	1	2e-17	2.52485e-18
59639.794699	-8.3294763637e-15	1	2e-17	2.52485e-18
59639.794711	-7.3009267970e-15	1	2e-17	2.52485e-18
59639.794722	-6.7779779727e-15	1	2e-17	2.52485e-18
59639.794734	-7.4206811621e-15	1	2e-17	2.52485e-18
59639.794745	-9.0134046467e-15	1	2e-17	2.52485e-18
59639.794757	-8.1504288453e-15	1	2e-17	2.52485e-18
59639.794769	-7.3929814907e-15	1	2e-17	2.52485e-18
59639.794780	-8.6815718663e-15	1	2e-17	2.52485e-18
59639.794792	-8.7607186249e-15	1	2e-17	2.52485e-18
59639.794803	-9.7480710502e-15	1	2e-17	2.52485e-18
59639.794815	-1.0162640315e-14	1	2e-17	2.52485e-18
59639.794826	-7.6025687820e-15	1	2e-17	2.52485e-18
59639.794838	-8.4057245756e-15	1	2e-17	2.52485e-18
59639.794850	-7.8570234086e-15	1	2e-17	2.52485e-18
59639.794861	-1.0599170603e-14	1	2e-17	2.52485e-18
59639.794873	-1.0594049441e-14	1	2e-17	2.52485e-18
59639.794884	-1.0538794094e-14	1	2e-17	2.52485e-18
59639.794896	-9.0247125365e-15	1	2e-17	2.52485e-18
59639.794907	-1.0597771304e-14	1	2e-17	2.52485e-18
59639.794919	-1.1381144643e-14	1	2e-17	2.52485e-18
59639.794931	-1.0019306246e-14	1	2e-17	2.52485e-18
59639.794942	-7.4942163274e-15	1	2e-17	2.52485e-18
59639.794954	-1.0885209394e-14	1	2e-17	2.52485e-18
59639.794965	-1.0204764110e-14	1	2e-17	2.52485e-18
59639.794977	-7.4474728142e-15	1	2e-17	2.52485e-18
59639.794988	-9.7259092801e-15	1	2e-17	2.52485e-18
59639.795000	-9.2885785462e-15	1	2e-17	2.52485e-18
59639.795012	-9.0090398859e-15	1	2e-17	2.52485e-18
59639.795023	-1.0194566681e-14	1	2e-17	2.52485e-18
59639.795035	-9.1592467795e-15	1	2e-17	2.52485e-18
59639.795046	-8.4551667358e-15	1	2e-17	2.52485e-18
59639.795058	-5.9659368035e-15	1	2e-17	2.52485e-18
59639.795069	-3.7784750643e-15	1	2e-17	2.52485e-18
59639.795081	-5.0543243703e-15	1	2e-17	2.52485e-18
59639.795093	-4.0553625115e-15	1	2e-17	2.52485e-18
59639.795104	-6.4478392582e-15	1	2e-17	2.52485e-18
59639.795116	-8.5566480591e-15	1	2e-17	2.52485e-18
59639.795127	-7.9792917675e-15	1	2e-17	2.52485e-18
59639.795139	-8.9322715958e-15	1	2e-17	2.52485e-18
59639.795150	-9.2087499261e-15	1	2e-17	2.52485e-18
59639.795162	-8.8118700975e-15	1	2e-17	2.52485e-18
59639.795174	-7.9370875039e-15	1	2e-17	2.52485e-18
59639.795185	-8.1926348030e-15	1	2e-17	2.52485e-18
59639.795197	-9.4961634517e-15	1	2e-17	2.52485e-18
59639.795208	-9.2387865614e-15	1	2e-17	2.52485e-18
59639.795220	-5.6808670181e-15	1	2e-17	2.52485e-18
59639.795231	-7.4360277050e-15	1	2e-17	2.52485e-18
59639.795243	-7.5848344532e-15	1	2e-17	2.52485e-18
59639.795255	-6.1709365645e-15	1	2e-17	2.52485e-18
59639.795266	-7.2904108830e-15	1	2e-17	2.52485e-18
59639.795278	-9.9514402727e-15	1	2e-17	2.52485e-18
59639.795289	-7.2185477607e-15	1	2e-17	2.52485e-18
59639.795301	-1.0534983293e-14	1	2e-17	2.52485e-18
59639.795312	-9.4096864699e-15	1	2e-17	2.52485e-18
59639.795324	-8.4022229414e-15	1	2e-17	2.52485e-18
59639.795336	-8.1428258776e-15	1	2e-17	2.52485e-18
59639.795347	-8.2936112947e-15	1	2e-17	2.52485e-18
59639.795359	-7.9884117713e-15	1	2e-17	2.52485e-18
59639.795370	-7.3495507233e-15	1	2e-17	2.52485e-18
59639.795382	-8.7715470941e-15	1	2e-17	2.52485e-18
59639.795394	-8.4701287257e-15	1	2e-17	2.52485e-18
59639.795405	-9.6543858181e-15	1	2e-17	2.52485e-18
59639.795417	-1.0584048523e-14	1	2e-17	2.52485e-18
59639.795428	-8.3083140926e-15	1	2e-17	2.52485e-18
59639.795440	-5.4965856831e-15	1	2e-17	2.52485e-18
59639.795451	-8.4001782039e-15	1	2e-17	2.52485e-18
59639.795486	-1.0737574092e-14	1	2e-17	2.52485e-18
59639.795498	-8.3253648658e-15	1	2e-17	2.52485e-18
59639.795509	-8.2191875918e-15	1	2e-17	2.52485e-18
59639.795521	-8.8011559778e-15	1	2e-17	2.52485e-18
59639.795532	-7.1070477316e-15	1	2e-17	2.52485e-18
59639.795544	-8.3555285561e-15	1	2e-17	2.52485e-18
59639.795579	-1.0447632173e-14	1	2e-17	2.52485e-18
59639.795590	-1.2033099126e-14	1	2e-17	2.52485e-18
59639.795602	-1.1291606484e-14	1	2e-17	2.52485e-18
59639.795613	-8.7376861050e-15	1	2e-17	2.52485e-18
59639.795625	-7.5190318517e-15	1	2e-17	2.52485e-18
59639.795637	-7.9791105025e-15	1	2e-17	2.52485e-18
59639.795648	-8.6909078634e-15	1	2e-17	2.52485e-18
59639.795660	-1.0259214776e-14	1	2e-17	2.52485e-18
59639.795671	-9.4745158306e-15	1	2e-17	2.52485e-18
59639.795683	-9.4193519629e-15	1	2e-17	2.52485e-18
59639.795694	-1.0070259513e-14	1	2e-17	2.52485e-18
59639.795706	-9.1965577338e-15	1	2e-17	2.52485e-18
59639.795718	-6.7178216928e-15	1	2e-17	2.52485e-18
59639.795729	-8.4879392875e-15	1	2e-17	2.52485e-18
59639.795741	-9.7399352987e-15	1	2e-17	2.52485e-18
59639.795752	-7.5952478763e-15	1	2e-17	2.52485e-18
59639.795764	-7.3273652364e-15	1	2e-17	2.52485e-18
59639.795775	-5.4808249410e-15	1	2e-17	2.52485e-18
59639.795787	-5.4515912929e-15	1	2e-17	2.52485e-18
59639.795799	-1.0210283377e-14	1	2e-17	2.52485e-18
59639.795810	-9.5337911963e-15	1	2e-17	2.52485e-18
59639.795822	-1.2400913019e-14	1	2e-17	2.52485e-18
59639.795833	-7.2893952904e-15	1	2e-17	2.52485e-18
59639.795845	-9.1784227584e-15	1	2e-17	2.52485e-18
59639.795856	-1.1057141835e-14	1	2e-17	2.52485e-18
59639.795868	-1.0636585742e-14	1	2e-17	2.52485e-18
59639.795880	-9.5114761133e-15	1	2e-17	2.52485e-18
59639.795891	-7.7308561571e-15	1	2e-17	2.52485e-18
59639.795903	-6.7385638356e-15	1	2e-17	2.52485e-18
59639.795914	-8.0102186345e-15	1	2e-17	2.52485e-18
59639.795926	-9.3209258874e-15	1	2e-17	2.52485e-18
59639.795937	-9.0752202641e-15	1	2e-17	2.52485e-18
59639.795949	-8.6363885878e-15	1	2e-17	2.52485e-18
59639.795961	-1.0969977063e-14	1	2e-17	2.52485e-18
59639.795972	-8.4659664058e-15	1	2e-17	2.52485e-18
59639.795984	-9.5107823933e-15	1	2e-17	2.52485e-18
59639.795995	-6.6781924093e-15	1	2e-17	2.52485e-18
59639.796007	-7.1638218090e-15	1	2e-17	2.52485e-18
59639.796019	-8.4711638000e-15	1	2e-17	2.52485e-18
59639.796030	-6.9818977666e-15	1	2e-17	2.52485e-18
59639.796042	-9.0232920623e-15	1	2e-17	2.52485e-18
59639.796053	-7.3021414422e-15	1	2e-17	2.52485e-18
59639.796065	-7.0192773306e-15	1	2e-17	2.52485e-18
59639.796076	-1.1755698377e-14	1	2e-17	2.52485e-18
59639.796088	-1.1106508610e-14	1	2e-17	2.52485e-18
59639.796100	-9.0445593655e-15	1	2e-17	2.52485e-18
59639.796111	-8.6407669011e-15	1	2e-17	2.52485e-18
59639.796123	-1.0523460257e-14	1	2e-17	2.52485e-18
59639.796134	-1.0355477530e-14	1	2e-17	2.52485e-18
59639.796146	-1.0200899099e-14	1	2e-17	2.52485e-18
59639.796157	-8.6830329981e-15	1	2e-17	2.52485e-18
59639.796169	-1.0752265879e-14	1	2e-17	2.52485e-18
59639.796181	-8.2662614479e-15	1	2e-17	2.52485e-18
59639.796192	-9.3325759786e-15	1	2e-17	2.52485e-18
59639.796204	-9.4118032053e-15	1	2e-17	2.52485e-18
59639.796215	-7.7021468223e-15	1	2e-17	2.52485e-18
59639.796227	-8.3994260386e-15	1	2e-17	2.52485e-18
59639.796238	-1.0108547944e-14	1	2e-17	2.52485e-18
59639.796250	-9.8134010073e-15	1	2e-17	2.52485e-18
59639.796262	-7.3251621037e-15	1	2e-17	2.52485e-18
59639.800023	-6.3371210406e-15	1	2e-17	2.52485e-18
59639.800058	-7.1825666481e-15	1	2e-17	2.52485e-18
59639.800069	-1.3634663094e-14	1	2e-17	2.52485e-18
59639.800081	-8.4946028957e-15	1	2e-17	2.52485e-18
59639.800093	-1.0901925589e-14	1	2e-17	2.52485e-18
59639.800104	-8.8192867180e-15	1	2e-17	2.52485e-18
59639.800116	-5.1032430641e-15	1	2e-17	2.52485e-18
59639.800127	-7.6011576251e-15	1	2e-17	2.52485e-18
59639.800139	-6.1759831868e-15	1	2e-17	2.52485e-18
59639.800150	-1.0225302965e-14	1	2e-17	2.52485e-18
59639.800162	-6.5190383067e-15	1	2e-17	2.52485e-18
59639.800174	-9.7890589745e-15	1	2e-17	2.52485e-18
59639.800185	-1.0126836232e-14	1	2e-17	2.52485e-18
59639.800197	-9.4472964269e-15	1	2e-17	2.52485e-18
59639.800208	-5.1761310963e-15	1	2e-17	2.52485e-18
59639.800220	-7.8402589325e-15	1	2e-17	2.52485e-18
59639.800231	-6.1992909924e-15	1	2e-17	2.52485e-18
59639.800243	-6.9060917060e-15	1	2e-17	2.52485e-18
59639.800255	-7.3269569665e-15	1	2e-17	2.52485e-18
59639.800266	-9.8327421577e-15	1	2e-17	2.52485e-18
59639.800278	-6.8315045258e-15	1	2e-17	2.52485e-18
59639.800289	-7.1717627429e-15	1	2e-17	2.52485e-18
59639.800301	-9.6744393231e-15	1	2e-17	2.52485e-18
59639.800312	-6.7879441624e-15	1	2e-17	2.52485e-18
59639.800324	-8.1326259068e-15	1	2e-17	2.52485e-18
59639.800336	-6.8896160681e-15	1	2e-17	2.52485e-18
59639.800347	-7.0250100496e-15	1	2e-17	2.52485e-18
59639.800359	-1.0052789459e-14	1	2e-17	2.52485e-18
59639.800370	-9.8144877506e-15	1	2e-17	2.52485e-18
59639.800382	-7.6907288182e-15	1	2e-17	2.52485e-18
59639.800394	-8.7230764807e-15	1	2e-17	2.52485e-18
59639.800405	-9.8559627189e-15	1	2e-17	2.52485e-18
59639.800417	-8.4024363937e-15	1	2e-17	2.52485e-18
59639.800428	-8.6084060073e-15	1	2e-17	2.52485e-18
59639.800440	-9.0094820371e-15	1	2e-17	2.52485e-18
59639.800451	-6.7422247120e-15	1	2e-17	2.52485e-18
59639.800463	-7.4551689556e-15	1	2e-17	2.52485e-18
59639.800498	-9.9395369187e-15	1	2e-17	2.52485e-18
59639.800509	-9.2896119264e-15	1	2e-17	2.52485e-18
59639.800521	-1.0912775234e-14	1	2e-17	2.52485e-18
59639.800532	-8.7338964796e-15	1	2e-17	2.52485e-18
59639.800544	-9.2682472144e-15	1	2e-17	2.52485e-18
59639.800556	-8.8796225689e-15	1	2e-17	2.52485e-18
59639.800567	-7.7055739177e-15	1	2e-17	2.52485e-18
59639.800579	-9.3569112351e-15	1	2e-17	2.52485e-18
59639.800590	-1.1401395507e-14	1	2e-17	2.52485e-18
59639.800602	-1.2530745383e-14	1	2e-17	2.52485e-18
59639.800613	-1.0786043011e-14	1	2e-17	2.52485e-18
59639.800625	-8.9542876762e-15	1	2e-17	2.52485e-18
59639.800637	-7.8900856457e-15	1	2e-17	2.52485e-18
59639.800648	-8.1204201620e-15	1	2e-17	2.52485e-18
59639.800660	-6.5772718218e-15	1	2e-17	2.52485e-18
59639.800671	-5.8835797901e-15	1	2e-17	2.52485e-18
59639.800683	-5.1840923589e-15	1	2e-17	2.52485e-18
59639.800694	-8.1452331452e-15	1	2e-17	2.52485e-18
59639.800706	-9.2908316538e-15	1	2e-17	2.52485e-18
59639.800718	-9.5512798855e-15	1	2e-17	2.52485e-18
59639.800729	-8.1603255782e-15	1	2e-17	2.52485e-18
59639.800741	-8.6696227725e-15	1	2e-17	2.52485e-18
59639.800752	-1.0393994659e-14	1	2e-17	2.52485e-18
59639.800764	-1.0067921702e-14	1	2e-17	2.52485e-18
59639.800775	-9.8066992827e-15	1	2e-17	2.52485e-18
59639.800787	-1.0319404090e-14	1	2e-17	2.52485e-18
59639.800799	-1.0312611733e-14	1	2e-17	2.52485e-18
59639.800810	-7.9849177604e-15	1	2e-17	2.52485e-18
59639.800822	-1.0615057553e-14	1	2e-17	2.52485e-18
59639.800833	-1.0300302650e-14	1	2e-17	2.52485e-18
59639.800845	-8.6537629276e-15	1	2e-17	2.52485e-18
59639.800856	-1.1453957289e-14	1	2e-17	2.52485e-18
59639.800868	-1.0659026186e-14	1	2e-17	2.52485e-18
59639.800880	-8.5999780295e-15	1	2e-17	2.52485e-18
59639.800891	-8.3999774570e-15	1	2e-17	2.52485e-18
59639.800903	-9.0412110443e-15	1	2e-17	2.52485e-18
59639.800914	-1.1599409787e-14	1	2e-17	2.52485e-18
59639.800926	-9.2041454550e-15	1	2e-17	2.52485e-18
59639.800937	-6.1339195306e-15	1	2e-17	2.52485e-18
59639.800949	-6.2969445738e-15	1	2e-17	2.52485e-18
59639.800961	-6.3457590826e-15	1	2e-17	2.52485e-18
59639.800972	-1.1875151199e-14	1	2e-17	2.52485e-18
59639.800984	-7.7714188708e-15	1	2e-17	2.52485e-18
59639.800995	-8.7100491140e-15	1	2e-17	2.52485e-18
59639.801007	-6.0862341168e-15	1	2e-17	2.52485e-18
59639.801019	-9.1142921999e-15	1	2e-17	2.52485e-18
59639.801030	-8.1948167599e-15	1	2e-17	2.52485e-18
59639.801042	-6.8781277603e-15	1	2e-17	2.52485e-18
59639.801053	-1.0623740487e-14	1	2e-17	2.52485e-18
59639.801065	-1.2787530197e-14	1	2e-17	2.52485e-18
59639.801076	-9.7219866706e-15	1	2e-17	2.52485e-18
59639.801088	-8.4985653158e-15	1	2e-17	2.52485e-18
59639.801100	-6.6847069397e-15	1	2e-17	2.52485e-18
59639.801134	-1.0602141147e-14	1	2e-17	2.52485e-18
59639.801146	-8.0995848456e-15	1	2e-17	2.52485e-18
59639.801157	-6.1562778123e-15	1	2e-17	2.52485e-18
59639.801169	-1.0678920449e-14	1	2e-17	2.52485e-18
59639.801181	-1.3248948007e-14	1	2e-17	2.52485e-18
59639.801192	-1.2938119949e-14	1	2e-17	2.52485e-18
59639.801204	-8.4794765813e-15	1	2e-17	2.52485e-18
59639.801215	-1.0113166814e-14	1	2e-17	2.52485e-18
59639.801227	-1.0299568273e-14	1	2e-17	2.52485e-18
59639.801238	-7.9189364349e-15	1	2e-17	2.52485e-18
59639.801250	-8.6211995930e-15	1	2e-17	2.52485e-18
59639.801262	-9.4265492019e-15	1	2e-17	2.52485e-18
59639.801273	-8.5880255476e-15	1	2e-17	2.52485e-18
59639.801285	-1.0439353273e-14	1	2e-17	2.52485e-18
59639.801296	-9.6698102881e-15	1	2e-17	2.52485e-18
59639.801308	-9.3070608051e-15	1	2e-17	2.52485e-18
59639.801319	-8.3661359497e-15	1	2e-17	2.52485e-18
59639.801331	-8.4303198713e-15	1	2e-17	2.52485e-18
59639.801343	-6.9406362507e-15	1	2e-17	2.52485e-18
59639.801354	-8.0586324967e-15	1	2e-17	2.52485e-18
59639.801366	-1.0834454333e-14	1	2e-17	2.52485e-18
59639.801377	-8.0199984769e-15	1	2e-17	2.52485e-18
59639.801389	-8.0466935673e-15	1	2e-17	2.52485e-18
59639.801400	-8.9196584282e-15	1	2e-17	2.52485e-18
59639.801412	-7.7516940146e-15	1	2e-17	2.52485e-18
59639.801424	-8.1965430130e-15	1	2e-17	2.52485e-18
59639.801435	-1.0793936511e-14	1	2e-17	2.52485e-18
59639.801447	-1.0080716982e-14	1	2e-17	2.52485e-18
59639.801458	-9.5547620380e-15	1	2e-17	2.52485e-18
59639.801470	-9.2871961884e-15	1	2e-17	2.52485e-18
59639.801481	-9.5936103571e-15	1	2e-17	2.52485e-18
59639.801493	-8.4481507619e-15	1	2e-17	2.52485e-18
59639.801505	-1.0810120770e-14	1	2e-17	2.52485e-18
59639.801516	-5.4650133770e-15	1	2e-17	2.52485e-18
59639.801528	-5.8314703232e-15	1	2e-17	2.52485e-18
59639.801539	-8.5263022567e-15	1	2e-17	2.52485e-18
59639.801551	-7.9773867904e-15	1	2e-17	2.52485e-18
59639.801562	-8.0480056213e-15	1	2e-17	2.52485e-18
59639.801574	-6.7546091807e-15	1	2e-17	2.52485e-18
59639.801586	-7.9067273020e-15	1	2e-17	2.52485e-18
59639.801597	-8.2214474757e-15	1	2e-17	2.52485e-18
59639.801609	-6.8271685641e-15	1	2e-17	2.52485e-18
59639.801620	-6.1526957100e-15	1	2e-17	2.52485e-18
59639.801632	-7.8145870580e-15	1	2e-17	2.52485e-18
59639.801644	-1.0755515944e-14	1	2e-17	2.52485e-18
59639.801655	-9.2179241399e-15	1	2e-17	2.52485e-18
59639.801667	-4.9327997064e-15	1	2e-17	2.52485e-18
59639.801678	-7.0871560099e-15	1	2e-17	2.52485e-18
59639.801690	-8.7318110845e-15	1	2e-17	2.52485e-18
59639.801725	-7.6462638237e-15	1	2e-17	2.52485e-18
59639.801736	-6.3264264026e-15	1	2e-17	2.52485e-18
59639.801748	-6.4298398081e-15	1	2e-17	2.52485e-18
59639.801759	-1.0435523837e-14	1	2e-17	2.52485e-18
59639.801771	-8.8870679885e-15	1	2e-17	2.52485e-18
59639.801782	-7.9124549388e-15	1	2e-17	2.52485e-18
59639.801794	-7.3187585346e-15	1	2e-17	2.52485e-18
59639.801806	-7.1223815691e-15	1	2e-17	2.52485e-18
59639.801817	-8.8906687256e-15	1	2e-17	2.52485e-18
59639.801829	-9.0526993521e-15	1	2e-17	2.52485e-18
59639.801840	-9.1689639415e-15	1	2e-17	2.52485e-18
59639.801852	-7.9282851375e-15	1	2e-17	2.52485e-18
59639.801863	-7.1156341046e-15	1	2e-17	2.52485e-18
59639.801875	-9.4251524445e-15	1	2e-17	2.52485e-18
59639.801887	-7.2516557375e-15	1	2e-17	2.52485e-18
59639.801898	-8.6479065418e-15	1	2e-17	2.52485e-18
59639.801910	-8.8960101154e-15	1	2e-17	2.52485e-18
59639.801921	-8.4766686671e-15	1	2e-17	2.52485e-18
59639.801933	-8.7703341429e-15	1	2e-17	2.52485e-18
59639.801944	-8.5499819098e-15	1	2e-17	2.52485e-18
59639.801956	-9.3371084519e-15	1	2e-17	2.52485e-18
59639.801968	-7.4218924192e-15	1	2e-17	2.52485e-18
59639.801979	-1.0642686920e-14	1	2e-17	2.52485e-18
59639.801991	-9.9339151610e-15	1	2e-17	2.52485e-18
59639.802002	-1.0924648095e-14	1	2e-17	2.52485e-18
59639.802014	-9.6751067851e-15	1	2e-17	2.52485e-18
59639.802025	-1.0090906789e-14	1	2e-17	2.52485e-18
59639.802037	-9.7390891128e-15	1	2e-17	2.52485e-18
59639.802049	-1.0274546920e-14	1	2e-17	2.52485e-18
59639.802060	-8.4485835957e-15	1	2e-17	2.52485e-18
59639.802072	-9.9489999708e-15	1	2e-17	2.52485e-18
59639.802083	-1.1863128413e-14	1	2e-17	2.52485e-18
59639.802095	-9.3037912579e-15	1	2e-17	2.52485e-18
59639.802106	-1.0203019222e-14	1	2e-17	2.52485e-18
59639.802118	-8.7673000709e-15	1	2e-17	2.52485e-18
59639.802130	-1.1611109853e-14	1	2e-17	2.52485e-18
59639.802141	-1.0329554933e-14	1	2e-17	2.52485e-18
59639.802153	-9.5398364704e-15	1	2e-17	2.52485e-18
59639.802187	-7.7553320211e-15	1	2e-17	2.52485e-18
59639.802199	-7.3069237903e-15	1	2e-17	2.52485e-18
59639.802211	-8.5272382281e-15	1	2e-17	2.52485e-18
59639.802222	-9.6065318447e-15	1	2e-17	2.52485e-18
59639.802234	-8.5407128283e-15	1	2e-17	2.52485e-18
59639.802245	-8.0339474155e-15	1	2e-17	2.52485e-18
59639.802257	-9.6378974747e-15	1	2e-17	2.52485e-18
59639.802269	-7.3524162358e-15	1	2e-17	2.52485e-18
59639.802280	-8.0097671659e-15	1	2e-17	2.52485e-18
59639.802292	-9.4464493939e-15	1	2e-17	2.52485e-18
59639.802303	-7.2756784389e-15	1	2e-17	2.52485e-18
59639.802315	-8.1465274115e-15	1	2e-17	2.52485e-18
59639.802326	-7.5769299418e-15	1	2e-17	2.52485e-18
59639.802338	-1.1714946775e-14	1	2e-17	2.52485e-18
59639.802350	-1.1096570372e-14	1	2e-17	2.52485e-18
59639.802361	-7.4481436643e-15	1	2e-17	2.52485e-18
59639.802373	-8.9873804064e-15	1	2e-17	2.52485e-18
59639.802384	-9.1246819061e-15	1	2e-17	2.52485e-18
59639.802396	-5.9261313372e-15	1	2e-17	2.52485e-18
59639.802407	-1.0449004367e-14	1	2e-17	2.52485e-18
59639.802419	-7.4948600725e-15	1	2e-17	2.52485e-18
59639.802431	-9.3723865271e-15	1	2e-17	2.52485e-18
59639.802442	-8.5287832162e-15	1	2e-17	2.52485e-18
59639.802454	-9.1152019133e-15	1	2e-17	2.52485e-18
59639.802465	-8.3905965672e-15	1	2e-17	2.52485e-18
59639.802477	-8.0588103736e-15	1	2e-17	2.52485e-18
59639.802488	-5.8151403750e-15	1	2e-17	2.52485e-18
59639.802500	-5.9481186185e-15	1	2e-17	2.52485e-18
59639.802512	-7.9620927635e-15	1	2e-17	2.52485e-18
59639.802523	-6.2931490192e-15	1	2e-17	2.52485e-18
59639.802535	-7.6402930884e-15	1	2e-17	2.52485e-18
59639.802546	-1.1479153979e-14	1	2e-17	2.52485e-18
59639.802558	-8.9973093266e-15	1	2e-17	2.52485e-18
59639.802569	-9.2257295485e-15	1	2e-17	2.52485e-18
59639.802581	-4.8457857057e-15	1	2e-17	2.52485e-18
59639.802593	-7.9002712168e-15	1	2e-17	2.52485e-18
59639.802604	-1.0131549970e-14	1	2e-17	2.52485e-18
59639.802616	-1.0226960609e-14	1	2e-17	2.52485e-18
59639.802627	-1.0354207827e-14	1	2e-17	2.52485e-18
59639.802639	-6.4878302248e-15	1	2e-17	2.52485e-18
59639.802650	-7.6418228299e-15	1	2e-17	2.52485e-18
59639.802662	-8.3319683347e-15	1	2e-17	2.52485e-18
59639.802674	-9.0365794681e-15	1	2e-17	2.52485e-18
59639.802685	-8.7697928888e-15	1	2e-17	2.52485e-18
59639.802697	-8.2367923246e-15	1	2e-17	2.52485e-18
59639.802708	-7.1943480294e-15	1	2e-17	2.52485e-18
59639.802743	-7.7713155328e-15	1	2e-17	2.52485e-18
59639.802755	-8.8217177026e-15	1	2e-17	2.52485e-18
59639.802766	-7.3472798280e-15	1	2e-17	2.52485e-18
59639.802778	-9.0232192174e-15	1	2e-17	2.52485e-18
59639.802789	-9.1490806901e-15	1	2e-17	2.52485e-18
59639.802801	-7.2328499120e-15	1	2e-17	2.52485e-18
59639.802812	-9.8001542591e-15	1	2e-17	2.52485e-18
59639.802824	-6.3689203515e-15	1	2e-17	2.52485e-18
59639.802836	-6.3220031966e-15	1	2e-17	2.52485e-18
59639.802847	-7.9896026996e-15	1	2e-17	2.52485e-18
59639.802859	-7.5125105450e-15	1	2e-17	2.52485e-18
59639.802870	-7.0634755098e-15	1	2e-17	2.52485e-18
59639.802882	-1.1147102664e-14	1	2e-17	2.52485e-18
59639.802894	-9.1098893227e-15	1	2e-17	2.52485e-18
59639.802905	-9.8137271150e-15	1	2e-17	2.52485e-18
59639.802917	-1.0494535776e-14	1	2e-17	2.52485e-18
59639.802928	-7.4015111124e-15	1	2e-17	2.52485e-18
59639.802940	-1.2188882038e-14	1	2e-17	2.52485e-18
59639.802951	-1.0104394094e-14	1	2e-17	2.52485e-18
59639.802963	-9.0766813960e-15	1	2e-17	2.52485e-18
59639.802975	-7.9259109042e-15	1	2e-17	2.52485e-18
59639.802986	-6.2321109780e-15	1	2e-17	2.52485e-18
59639.802998	-8.3253250553e-15	1	2e-17	2.52485e-18
59639.803009	-7.4473389830e-15	1	2e-17	2.52485e-18
59639.803021	-8.6514073290e-15	1	2e-17	2.52485e-18
59639.803032	-6.1641518306e-15	1	2e-17	2.52485e-18
59639.803044	-7.4988021638e-15	1	2e-17	2.52485e-18
59639.803056	-8.2138733071e-15	1	2e-17	2.52485e-18
59639.803067	-6.6225304862e-15	1	2e-17	2.52485e-18
59639.803079	-4.2446116947e-15	1	2e-17	2.52485e-18
59639.803090	-5.8640175642e-15	1	2e-17	2.52485e-18
59639.803102	-9.4137505340e-15	1	2e-17	2.52485e-18
59639.803113	-7.5838112374e-15	1	2e-17	2.52485e-18
59639.803125	-6.5193271449e-15	1	2e-17	2.52485e-18
59639.803137	-7.1109195192e-15	1	2e-17	2.52485e-18
59639.803148	-1.0337787247e-14	1	2e-17	2.52485e-18
59639.803160	-9.7317665130e-15	1	2e-17	2.52485e-18
59639.803171	-8.1795244270e-15	1	2e-17	2.52485e-18
59639.803183	-8.5698787137e-15	1	2e-17	2.52485e-18
59639.803194	-1.1732634517e-14	1	2e-17	2.52485e-18
59639.803206	-8.4444111114e-15	1	2e-17	2.52485e-18
59639.803218	-9.9340040995e-15	1	2e-17	2.52485e-18
59639.803229	-8.7285991355e-15	1	2e-17	2.52485e-18
59639.803241	-9.0217267454e-15	1	2e-17	2.52485e-18
59639.803252	-9.1148131252e-15	1	2e-17	2.52485e-18
59639.803264	-1.0962570607e-14	1	2e-17	2.52485e-18
59639.803275	-9.5905737440e-15	1	2e-17	2.52485e-18
59639.803287	-1.0040061942e-14	1	2e-17	2.52485e-18
59639.803299	-9.4321226787e-15	1	2e-17	2.52485e-18
59639.803310	-8.8753941804e-15	1	2e-17	2.52485e-18
59639.803322	-9.8957766555e-15	1	2e-17	2.52485e-18
59639.803333	-7.9157922486e-15	1	2e-17	2.52485e-18
59639.803345	-7.9721250218e-15	1	2e-17	2.52485e-18
59639.803356	-1.0429793659e-14	1	2e-17	2.52485e-18
59639.803368	-1.1670796030e-14	1	2e-17	2.52485e-18
59639.803380	-1.0252353809e-14	1	2e-17	2.52485e-18
59639.803391	-8.5214521461e-15	1	2e-17	2.52485e-18
59639.803403	-9.3597784417e-15	1	2e-17	2.52485e-18
59639.803414	-9.2898423193e-15	1	2e-17	2.52485e-18
59639.803426	-9.4460894049e-15	1	2e-17	2.52485e-18
59639.803437	-1.1563043275e-14	1	2e-17	2.52485e-18
59639.803449	-9.3237092377e-15	1	2e-17	2.52485e-18
59639.803461	-8.9133590442e-15	1	2e-17	2.52485e-18
59639.803472	-1.1367246527e-14	1	2e-17	2.52485e-18
59639.803484	-1.3078127719e-14	1	2e-17	2.52485e-18
59639.803495	-1.2448812733e-14	1	2e-17	2.52485e-18
59639.803530	-6.5431838279e-15	1	2e-17	2.52485e-18
59639.803542	-6.7321145268e-15	1	2e-17	2.52485e-18
59639.803553	-6.4382533864e-15	1	2e-17	2.52485e-18
59639.803565	-6.5161499243e-15	1	2e-17	2.52485e-18
59639.803576	-7.7107264191e-15	1	2e-17	2.52485e-18
59639.803588	-8.6550944634e-15	1	2e-17	2.52485e-18
59639.803600	-7.6467008927e-15	1	2e-17	2.52485e-18
59639.803611	-1.0066232719e-14	1	2e-17	2.52485e-18
59639.803623	-7.3705774692e-15	1	2e-17	2.52485e-18
59639.803634	-9.6476027782e-15	1	2e-17	2.52485e-18
59639.803646	-6.3100642672e-15	1	2e-17	2.52485e-18
59639.803657	-9.0009405569e-15	1	2e-17	2.52485e-18
59639.803669	-1.0461637016e-14	1	2e-17	2.52485e-18
59639.803681	-1.0995706536e-14	1	2e-17	2.52485e-18
59639.803692	-1.1135553369e-14	1	2e-17	2.52485e-18
59639.803704	-6.0068612004e-15	1	2e-17	2.52485e-18
59639.803715	-9.5216760840e-15	1	2e-17	2.52485e-18
59639.803727	-7.8344000056e-15	1	2e-17	2.52485e-18
59639.803762	-7.7274112741e-15	1	2e-17	2.52485e-18
59639.806250	-7.4407448315e-15	1	2e-17	2.52485e-18
59639.806262	-8.4519861270e-15	1	2e-17	2.52485e-18
59639.806273	-9.1628144823e-15	1	2e-17	2.52485e-18
59639.806285	-7.2345846355e-15	1	2e-17	2.52485e-18
59639.806296	-9.2289787669e-15	1	2e-17	2.52485e-18
59639.806308	-6.1283308072e-15	1	2e-17	2.52485e-18
59639.806319	-7.9623841429e-15	1	2e-17	2.52485e-18
59639.806331	-6.4861996863e-15	1	2e-17	2.52485e-18
59639.806343	-1.0288901587e-14	1	2e-17	2.52485e-18
59639.806354	-1.0780212884e-14	1	2e-17	2.52485e-18
59639.806366	-9.1423823536e-15	1	2e-17	2.52485e-18
59639.806377	-8.6415317718e-15	1	2e-17	2.52485e-18
59639.806389	-9.2710661400e-15	1	2e-17	2.52485e-18
59639.806400	-8.3339715676e-15	1	2e-17	2.52485e-18
59639.806412	-6.8061968754e-15	1	2e-17	2.52485e-18
59639.806424	-7.6803077719e-15	1	2e-17	2.52485e-18
59639.806435	-9.5467618118e-15	1	2e-17	2.52485e-18
59639.806447	-1.0909026266e-14	1	2e-17	2.52485e-18
59639.806458	-1.0781494445e-14	1	2e-17	2.52485e-18
59639.806470	-9.5969832423e-15	1	2e-17	2.52485e-18
59639.806481	-9.9743338792e-15	1	2e-17	2.52485e-18
59639.806493	-7.9922124081e-15	1	2e-17	2.52485e-18
59639.806505	-5.0402797170e-15	1	2e-17	2.52485e-18
59639.806516	-7.8871337358e-15	1	2e-17	2.52485e-18
59639.806528	-9.0421165225e-15	1	2e-17	2.52485e-18
59639.806539	-8.7135329605e-15	1	2e-17	2.52485e-18
59639.806551	-9.8673536179e-15	1	2e-17	2.52485e-18
59639.806563	-9.6468438367e-15	1	2e-17	2.52485e-18
59639.806574	-9.8007319355e-15	1	2e-17	2.52485e-18
59639.806586	-1.0066335210e-14	1	2e-17	2.52485e-18
59639.806597	-8.8005257853e-15	1	2e-17	2.52485e-18
59639.806609	-8.9124705066e-15	1	2e-17	2.52485e-18
59639.806620	-1.2385049786e-14	1	2e-17	2.52485e-18
59639.806632	-1.0808620675e-14	1	2e-17	2.52485e-18
59639.806644	-6.9531206693e-15	1	2e-17	2.52485e-18
59639.806655	-8.5244277728e-15	1	2e-17	2.52485e-18
59639.806667	-8.5455417631e-15	1	2e-17	2.52485e-18
59639.806678	-8.1066050547e-15	1	2e-17	2.52485e-18
59639.806690	-8.7769469291e-15	1	2e-17	2.52485e-18
59639.806701	-7.9059175385e-15	1	2e-17	2.52485e-18
59639.806713	-1.1648440289e-14	1	2e-17	2.52485e-18
59639.806725	-8.9771067438e-15	1	2e-17	2.52485e-18
59639.806736	-1.0025825012e-14	1	2e-17	2.52485e-18
59639.806748	-7.1326857249e-15	1	2e-17	2.52485e-18
59639.806759	-6.9655856061e-15	1	2e-17	2.52485e-18
59639.806771	-9.1343668808e-15	1	2e-17	2.52485e-18
59639.806782	-1.0287923264e-14	1	2e-17	2.52485e-18
59639.806794	-8.3587608338e-15	1	2e-17	2.52485e-18
59639.806806	-8.2551119532e-15	1	2e-17	2.52485e-18
59639.806817	-9.9912542093e-15	1	2e-17	2.52485e-18
59639.806829	-1.1458671028e-14	1	2e-17	2.52485e-18
59639.806840	-1.0378588824e-14	1	2e-17	2.52485e-18
59639.806852	-1.0490370915e-14	1	2e-17	2.52485e-18
59639.806863	-1.0404022682e-14	1	2e-17	2.52485e-18
59639.806875	-9.7943071906e-15	1	2e-17	2.52485e-18
59639.806887	-9.6219732553e-15	1	2e-17	2.52485e-18
59639.806898	-8.0683640582e-15	1	2e-17	2.52485e-18
59639.806910	-8.5061140735e-15	1	2e-17	2.52485e-18
59639.806921	-9.6010811877e-15	1	2e-17	2.52485e-18
59639.806933	-1.0304136322e-14	1	2e-17	2.52485e-18
59639.806944	-8.8750875545e-15	1	2e-17	2.52485e-18
59639.806956	-7.8559586882e-15	1	2e-17	2.52485e-18
59639.806968	-9.3293750411e-15	1	2e-17	2.52485e-18
59639.806979	-9.7651853509e-15	1	2e-17	2.52485e-18
59639.806991	-9.3001566395e-15	1	2e-17	2.52485e-18
59639.807002	-8.9330559483e-15	1	2e-17	2.52485e-18
59639.807014	-1.0082101881e-14	1	2e-17	2.52485e-18
59639.807025	-9.7490425970e-15	1	2e-17	2.52485e-18
59639.807037	-1.1253368876e-14	1	2e-17	2.52485e-18
59639.807049	-1.1652938034e-14	1	2e-17	2.52485e-18
59639.807060	-1.2087047502e-14	1	2e-17	2.52485e-18
59639.807072	-1.1285172422e-14	1	2e-17	2.52485e-18
59639.807083	-1.0011509308e-14	1	2e-17	2.52485e-18
59639.807095	-9.6980664601e-15	1	2e-17	2.52485e-18
59639.807106	-9.4350779766e-15	1	2e-17	2.52485e-18
59639.807118	-9.1557239695e-15	1	2e-17	2.52485e-18
59639.807130	-8.8001835840e-15	1	2e-17	2.52485e-18
59639.807141	-5.3766475118e-15	1	2e-17	2.52485e-18
59639.807153	-9.2175785505e-15	1	2e-17	2.52485e-18
59639.807164	-1.0031881298e-14	1	2e-17	2.52485e-18
59639.807176	-9.4728149885e-15	1	2e-17	2.52485e-18
59639.807188	-7.7864054248e-15	1	2e-17	2.52485e-18
59639.807199	-7.9701412706e-15	1	2e-17	2.52485e-18
59639.807211	-8.7096764195e-15	1	2e-17	2.52485e-18
59639.807222	-7.6975804677e-15	1	2e-17	2.52485e-18
59639.807234	-8.3599280452e-15	1	2e-17	2.52485e-18
59639.807245	-8.5642162985e-15	1	2e-17	2.52485e-18
59639.807257	-8.5096055433e-15	1	2e-17	2.52485e-18
59639.807269	-7.3764355491e-15	1	2e-17	2.52485e-18
59639.807280	-1.0046857687e-14	1	2e-17	2.52485e-18
59639.807292	-7.8207526108e-15	1	2e-17	2.52485e-18
59639.807303	-5.9131802035e-15	1	2e-17	2.52485e-18
59639.807315	-6.3100786667e-15	1	2e-17	2.52485e-18
59639.807326	-1.0579315303e-14	1	2e-17	2.52485e-18
59639.807338	-9.0911885293e-15	1	2e-17	2.52485e-18
59639.807350	-8.6953759622e-15	1	2e-17	2.52485e-18
59639.807361	-6.7124345633e-15	1	2e-17	2.52485e-18
59639.807373	-8.5983703610e-15	1	2e-17	2.52485e-18
59639.809282	-8.3403310910e-15	1	2e-17	2.52485e-18
59639.809294	-8.4428246187e-15	1	2e-17	2.52485e-18
59639.809306	-7.6263560083e-15	1	2e-17	2.52485e-18
59639.809317	-1.1064634689e-14	1	2e-17	2.52485e-18
59639.809329	-1.1055672233e-14	1	2e-17	2.52485e-18
59639.809340	-9.4293681275e-15	1	2e-17	2.52485e-18
59639.809352	-9.8308193929e-15	1	2e-17	2.52485e-18
59639.809387	-6.0326355659e-15	1	2e-17	2.52485e-18
59639.809398	-9.1217545602e-15	1	2e-17	2.52485e-18
59639.809410	-8.0956622360e-15	1	2e-17	2.52485e-18
59639.809421	-9.3750741626e-15	1	2e-17	2.52485e-18
59639.809433	-9.9347740524e-15	1	2e-17	2.52485e-18
59639.809444	-8.1112933820e-15	1	2e-17	2.52485e-18
59639.809456	-7.6456497248e-15	1	2e-17	2.52485e-18
59639.809468	-9.0494094762e-15	1	2e-17	2.52485e-18
59639.809479	-7.5619755751e-15	1	2e-17	2.52485e-18
59639.809491	-1.0109901502e-14	1	2e-17	2.52485e-18
59639.809502	-9.0267047580e-15	1	2e-17	2.52485e-18
59639.809514	-9.3540796040e-15	1	2e-17	2.52485e-18
59639.809525	-8.3992168215e-15	1	2e-17	2.52485e-18
59639.809537	-1.1694275783e-14	1	2e-17	2.52485e-18
59639.809549	-1.0495992672e-14	1	2e-17	2.52485e-18
59639.809560	-7.4494260722e-15	1	2e-17	2.52485e-18
59639.809572	-7.7759149217e-15	1	2e-17	2.52485e-18
59639.809583	-1.0977261546e-14	1	2e-17	2.52485e-18
59639.809595	-9.7560390891e-15	1	2e-17	2.52485e-18
59639.809606	-9.6046522786e-15	1	2e-17	2.52485e-18
59639.809618	-8.9238647938e-15	1	2e-17	2.52485e-18
59639.809630	-8.7249009897e-15	1	2e-17	2.52485e-18
59639.809641	-8.8846386980e-15	1	2e-17	2.52485e-18
59639.809653	-9.2141302794e-15	1	2e-17	2.52485e-18
59639.809664	-7.4094359527e-15	1	2e-17	2.52485e-18
59639.809722	-5.9978843452e-15	1	2e-17	2.52485e-18
59639.809734	-8.3749400102e-15	1	2e-17	2.52485e-18
59639.809745	-7.8709088197e-15	1	2e-17	2.52485e-18
59639.809757	-4.6304368963e-15	1	2e-17	2.52485e-18
59639.809769	-8.7600062702e-15	1	2e-17	2.52485e-18
59639.809780	-1.2347807442e-14	1	2e-17	2.52485e-18
59639.809792	-9.2989936633e-15	1	2e-17	2.52485e-18
59639.809803	-6.9875864399e-15	1	2e-17	2.52485e-18
59639.809815	-7.1530661846e-15	1	2e-17	2.52485e-18
59639.809826	-9.3990367247e-15	1	2e-17	2.52485e-18
59639.809838	-9.5112931542e-15	1	2e-17	2.52485e-18
59639.809850	-1.0505857218e-14	1	2e-17	2.52485e-18
59639.809861	-9.0281692780e-15	1	2e-17	2.52485e-18
59639.809873	-9.9907332841e-15	1	2e-17	2.52485e-18
59639.809884	-9.9452535440e-15	1	2e-17	2.52485e-18
59639.809896	-7.3001602322e-15	1	2e-17	2.52485e-18
59639.809907	-8.5999721003e-15	1	2e-17	2.52485e-18
59639.809919	-9.0167690615e-15	1	2e-17	2.52485e-18
59639.809931	-5.3113929406e-15	1	2e-17	2.52485e-18
59639.809942	-7.5970825496e-15	1	2e-17	2.52485e-18
59639.809954	-7.4694795772e-15	1	2e-17	2.52485e-18
59639.809965	-6.5028963998e-15	1	2e-17	2.52485e-18
59639.809977	-6.2574135462e-15	1	2e-17	2.52485e-18
59639.809988	-1.0331428570e-14	1	2e-17	2.52485e-18
59639.810000	-1.0105349547e-14	1	2e-17	2.52485e-18
59639.810012	-8.7910576510e-15	1	2e-17	2.52485e-18
59639.810093	-1.1800919772e-14	1	2e-17	2.52485e-18
59639.810104	-9.2800734884e-15	1	2e-17	2.52485e-18
59639.810116	-7.3012012357e-15	1	2e-17	2.52485e-18
59639.810127	-8.8583671241e-15	1	2e-17	2.52485e-18
59639.810139	-9.6936779824e-15	1	2e-17	2.52485e-18
59639.810150	-9.7029318174e-15	1	2e-17	2.52485e-18
59639.810162	-8.2564257013e-15	1	2e-17	2.52485e-18
59639.810174	-1.2369816746e-14	1	2e-17	2.52485e-18
59639.810185	-1.2097205968e-14	1	2e-17	2.52485e-18
59639.810197	-8.1847387618e-15	1	2e-17	2.52485e-18
59639.810208	-6.8057538771e-15	1	2e-17	2.52485e-18
59639.810220	-7.7037333151e-15	1	2e-17	2.52485e-18
59639.810231	-8.5382691382e-15	1	2e-17	2.52485e-18
59639.810243	-1.0215061490e-14	1	2e-17	2.52485e-18
59639.810255	-7.5035057378e-15	1	2e-17	2.52485e-18
59639.810266	-1.0427722664e-14	1	2e-17	2.52485e-18
59639.810278	-8.9450202887e-15	1	2e-17	2.52485e-18
59639.810313	-7.5824974893e-15	1	2e-17	2.52485e-18
59639.810324	-7.3654884953e-15	1	2e-17	2.52485e-18
59639.810359	-8.5269316022e-15	1	2e-17	2.52485e-18
59639.810370	-9.6412491841e-15	1	2e-17	2.52485e-18
59639.810382	-9.3835309396e-15	1	2e-17	2.52485e-18
59639.810394	-9.1233308885e-15	1	2e-17	2.52485e-18
59639.810405	-7.8549888355e-15	1	2e-17	2.52485e-18
59639.810417	-8.8101311389e-15	1	2e-17	2.52485e-18
59639.810428	-9.0228532992e-15	1	2e-17	2.52485e-18
59639.810440	-7.7276382789e-15	1	2e-17	2.52485e-18
59639.810451	-9.9726559069e-15	1	2e-17	2.52485e-18
59639.810463	-1.0149343592e-14	1	2e-17	2.52485e-18
59639.810475	-9.7012801031e-15	1	2e-17	2.52485e-18
59639.810486	-6.5172485261e-15	1	2e-17	2.52485e-18
59639.810498	-8.4282022889e-15	1	2e-17	2.52485e-18
59639.810509	-8.7082483219e-15	1	2e-17	2.52485e-18
59639.810521	-9.1101103983e-15	1	2e-17	2.52485e-18
59639.810532	-9.9240294395e-15	1	2e-17	2.52485e-18
59639.810544	-7.7870008889e-15	1	2e-17	2.52485e-18
59639.810556	-8.5109955243e-15	1	2e-17	2.52485e-18
59639.810567	-7.1077211228e-15	1	2e-17	2.52485e-18
59639.810579	-6.8440668714e-15	1	2e-17	2.52485e-18
59639.810590	-8.6793543340e-15	1	2e-17	2.52485e-18
59639.810602	-9.6692470111e-15	1	2e-17	2.52485e-18
59639.810613	-8.8064016528e-15	1	2e-17	2.52485e-18
59639.810625	-1.0334139923e-14	1	2e-17	2.52485e-18
59639.810637	-1.0285055210e-14	1	2e-17	2.52485e-18
59639.810648	-1.1976801929e-14	1	2e-17	2.52485e-18
59639.810683	-8.2526276055e-15	1	2e-17	2.52485e-18
59639.810694	-6.0098046399e-15	1	2e-17	2.52485e-18
59639.810706	-8.5691714412e-15	1	2e-17	2.52485e-18
59639.810718	-7.0988332061e-15	1	2e-17	2.52485e-18
59639.810729	-9.8071405868e-15	1	2e-17	2.52485e-18
59639.810741	-9.8153000552e-15	1	2e-17	2.52485e-18
59639.810752	-1.0049200580e-14	1	2e-17	2.52485e-18
59639.810764	-1.0463575874e-14	1	2e-17	2.52485e-18
59639.810775	-7.2011319162e-15	1	2e-17	2.52485e-18
59639.810787	-8.0622289986e-15	1	2e-17	2.52485e-18
59639.810799	-8.9743911562e-15	1	2e-17	2.52485e-18
59639.810810	-8.4854235997e-15	1	2e-17	2.52485e-18
59639.810822	-7.0233329244e-15	1	2e-17	2.52485e-18
59639.810833	-1.0575618852e-14	1	2e-17	2.52485e-18
59639.810845	-8.2112898566e-15	1	2e-17	2.52485e-18
59639.810856	-7.1695096352e-15	1	2e-17	2.52485e-18
59639.810868	-9.5980369513e-15	1	2e-17	2.52485e-18
59639.810880	-1.2171944767e-14	1	2e-17	2.52485e-18
59639.810891	-7.1195787371e-15	1	2e-17	2.52485e-18
59639.810903	-1.0031345973e-14	1	2e-17	2.52485e-18
59639.810914	-8.8469626725e-15	1	2e-17	2.52485e-18
59639.810926	-9.2518622090e-15	1	2e-17	2.52485e-18
59639.810937	-8.9938381856e-15	1	2e-17	2.52485e-18
59639.810949	-8.7537983657e-15	1	2e-17	2.52485e-18
59639.810961	-8.0125962560e-15	1	2e-17	2.52485e-18
59639.810972	-8.5184400969e-15	1	2e-17	2.52485e-18
59639.810984	-1.0147465720e-14	1	2e-17	2.52485e-18
59639.810995	-8.1282772397e-15	1	2e-17	2.52485e-18
59639.811007	-7.8575909207e-15	1	2e-17	2.52485e-18
59639.811019	-8.0273812161e-15	1	2e-17	2.52485e-18
59639.811030	-5.9273730875e-15	1	2e-17	2.52485e-18
59639.811042	-8.3611689485e-15	1	2e-17	2.52485e-18
59639.811053	-8.5584200520e-15	1	2e-17	2.52485e-18
59639.811065	-8.5501360698e-15	1	2e-17	2.52485e-18
59639.811076	-9.4710455366e-15	1	2e-17	2.52485e-18
59639.811088	-8.6606552347e-15	1	2e-17	2.52485e-18
59639.811100	-9.2715328552e-15	1	2e-17	2.52485e-18
59639.811111	-7.5124427824e-15	1	2e-17	2.52485e-18
59639.811123	-6.7210319477e-15	1	2e-17	2.52485e-18
59639.811134	-7.6402185495e-15	1	2e-17	2.52485e-18
59639.811146	-9.7192380487e-15	1	2e-17	2.52485e-18
59639.811157	-8.7191437067e-15	1	2e-17	2.52485e-18
59639.811169	-8.8691617120e-15	1	2e-17	2.52485e-18
59639.811181	-1.0193953429e-14	1	2e-17	2.52485e-18
59639.811192	-8.5147402570e-15	1	2e-17	2.52485e-18
59639.811204	-9.1123812936e-15	1	2e-17	2.52485e-18
59639.811215	-9.0248268860e-15	1	2e-17	2.52485e-18
59639.811227	-9.1581896824e-15	1	2e-17	2.52485e-18
59639.811238	-6.4974804711e-15	1	2e-17	2.52485e-18
59639.811250	-8.0688714309e-15	1	2e-17	2.52485e-18
59639.811262	-1.0225273319e-14	1	2e-17	2.52485e-18
59639.811273	-1.1101103692e-14	1	2e-17	2.52485e-18
59639.811285	-7.9508458601e-15	1	2e-17	2.52485e-18
59639.811296	-9.0369911261e-15	1	2e-17	2.52485e-18
59639.811308	-8.0081933787e-15	1	2e-17	2.52485e-18
59639.811319	-1.0781181042e-14	1	2e-17	2.52485e-18
59639.811331	-8.5139245643e-15	1	2e-17	2.52485e-18
59639.811343	-6.8307549016e-15	1	2e-17	2.52485e-18
59639.811354	-7.7188096545e-15	1	2e-17	2.52485e-18
59639.811366	-6.0910257822e-15	1	2e-17	2.52485e-18
59639.811377	-8.9184691939e-15	1	2e-17	2.52485e-18
59639.811389	-4.6597086609e-15	1	2e-17	2.52485e-18
59639.811400	-7.3971929385e-15	1	2e-17	2.52485e-18
59639.811412	-8.8596707078e-15	1	2e-17	2.52485e-18
59639.811424	-8.2713055291e-15	1	2e-17	2.52485e-18
59639.811435	-9.7108168471e-15	1	2e-17	2.52485e-18
59639.811447	-9.3878406432e-15	1	2e-17	2.52485e-18
59639.811458	-9.0177473846e-15	1	2e-17	2.52485e-18
59639.811470	-7.1446890288e-15	1	2e-17	2.52485e-18
59639.811481	-9.2617225196e-15	1	2e-17	2.52485e-18
59639.811493	-8.4541469081e-15	1	2e-17	2.52485e-18
59639.811505	-7.0464967344e-15	1	2e-17	2.52485e-18
59639.811516	-7.7689633223e-15	1	2e-17	2.52485e-18
59639.811528	-9.6456266504e-15	1	2e-17	2.52485e-18
59639.811562	-8.5910951950e-15	1	2e-17	2.52485e-18
59639.811574	-1.0912729494e-14	1	2e-17	2.52485e-18
59639.811586	-7.9552716072e-15	1	2e-17	2.52485e-18
59639.811597	-8.3436870355e-15	1	2e-17	2.52485e-18
59639.811609	-1.0358192270e-14	1	2e-17	2.52485e-18
59639.811620	-8.6291752552e-15	1	2e-17	2.52485e-18
59639.811632	-9.7014020759e-15	1	2e-17	2.52485e-18
59639.811644	-9.9533452498e-15	1	2e-17	2.52485e-18
59639.811655	-9.1689292132e-15	1	2e-17	2.52485e-18
59639.811667	-1.0672798095e-14	1	2e-17	2.52485e-18
59639.811678	-9.3787121691e-15	1	2e-17	2.52485e-18
59639.811690	-7.6147118464e-15	1	2e-17	2.52485e-18
59639.811701	-4.9744169762e-15	1	2e-17	2.52485e-18
59639.811713	-5.6815903843e-15	1	2e-17	2.52485e-18
59639.811725	-8.9774082875e-15	1	2e-17	2.52485e-18
59639.811736	-9.5273647573e-15	1	2e-17	2.52485e-18
59639.811748	-1.0050691358e-14	1	2e-17	2.52485e-18
59639.811759	-1.0151030881e-14	1	2e-17	2.52485e-18
59639.811771	-8.9887348121e-15	1	2e-17	2.52485e-18
59639.811782	-6.4065464021e-15	1	2e-17	2.52485e-18
59639.811794	-9.9307235409e-15	1	2e-17	2.52485e-18
59639.811806	-9.7601124706e-15	1	2e-17	2.52485e-18
59639.811817	-1.1117386207e-14	1	2e-17	2.52485e-18
59639.811829	-1.1130248402e-14	1	2e-17	2.52485e-18
59639.811840	-1.2674617317e-14	1	2e-17	2.52485e-18
59639.811852	-1.2154711035e-14	1	2e-17	2.52485e-18
59639.811863	-9.8046418396e-15	1	2e-17	2.52485e-18
59639.811875	-8.7271320745e-15	1	2e-17	2.52485e-18
59639.811887	-8.4983467813e-15	1	2e-17	2.52485e-18
59639.811898	-8.5614710647e-15	1	2e-17	2.52485e-18
59639.811910	-9.8344328354e-15	1	2e-17	2.52485e-18
59639.811921	-8.1741991309e-15	1	2e-17	2.52485e-18
59639.811933	-7.6573269210e-15	1	2e-17	2.52485e-18
59639.811944	-8.1971960754e-15	1	2e-17	2.52485e-18
59639.811956	-8.1586086425e-15	1	2e-17	2.52485e-18
59639.811968	-6.8374955898e-15	1	2e-17	2.52485e-18
59639.811979	-8.0385527336e-15	1	2e-17	2.52485e-18
59639.811991	-9.8395904190e-15	1	2e-17	2.52485e-18
59639.812002	-9.9419026817e-15	1	2e-17	2.52485e-18
59639.812014	-7.0210349240e-15	1	2e-17	2.52485e-18
59639.812025	-8.5284562615e-15	1	2e-17	2.52485e-18
59639.812037	-5.6040233421e-15	1	2e-17	2.52485e-18
59639.812049	-8.9489903321e-15	1	2e-17	2.52485e-18
59639.812060	-8.0558872629e-15	1	2e-17	2.52485e-18
59639.812072	-7.3339424472e-15	1	2e-17	2.52485e-18
59639.812083	-8.9482203792e-15	1	2e-17	2.52485e-18
59639.812095	-7.4153592541e-15	1	2e-17	2.52485e-18
59639.812106	-9.3267162046e-15	1	2e-17	2.52485e-18
59639.812118	-8.3434710421e-15	1	2e-17	2.52485e-18
59639.812130	-8.5812992590e-15	1	2e-17	2.52485e-18
59639.812141	-8.1752316640e-15	1	2e-17	2.52485e-18
59639.812153	-8.0520036168e-15	1	2e-17	2.52485e-18
59639.812164	-9.2966473820e-15	1	2e-17	2.52485e-18
59639.812176	-9.4672474409e-15	1	2e-17	2.52485e-18
59639.812187	-1.1416399849e-14	1	2e-17	2.52485e-18
59639.812199	-1.0081015985e-14	1	2e-17	2.52485e-18
59639.812211	-8.0852293312e-15	1	2e-17	2.52485e-18
59639.812222	-8.4503767644e-15	1	2e-17	2.52485e-18
59639.812234	-8.6706578468e-15	1	2e-17	2.52485e-18
59639.812245	-7.9411769790e-15	1	2e-17	2.52485e-18
59639.812257	-8.1791508855e-15	1	2e-17	2.52485e-18
59639.812269	-7.9858062979e-15	1	2e-17	2.52485e-18
59639.812280	-8.9798418132e-15	1	2e-17	2.52485e-18
59639.812292	-7.2227905487e-15	1	2e-17	2.52485e-18
59639.812303	-7.5095848932e-15	1	2e-17	2.52485e-18
59639.812315	-7.3832024953e-15	1	2e-17	2.52485e-18
59639.812326	-7.9948229636e-15	1	2e-17	2.52485e-18
59639.812338	-9.8859282034e-15	1	2e-17	2.52485e-18
59639.812350	-8.7361140118e-15	1	2e-17	2.52485e-18
59639.812361	-1.0566875777e-14	1	2e-17	2.52485e-18
59639.812373	-9.7243083879e-15	1	2e-17	2.52485e-18
59639.812384	-8.9674293924e-15	1	2e-17	2.52485e-18
59639.812396	-7.1316980845e-15	1	2e-17	2.52485e-18
59639.812407	-8.0641958091e-15	1	2e-17	2.52485e-18
59639.812419	-8.1043053602e-15	1	2e-17	2.52485e-18
59639.812431	-6.3183846718e-15	1	2e-17	2.52485e-18
59639.812442	-7.7085690262e-15	1	2e-17	2.52485e-18
59639.812454	-6.3003936920e-15	1	2e-17	2.52485e-18
59639.812465	-8.4855083030e-15	1	2e-17	2.52485e-18
59639.812477	-1.1550076047e-14	1	2e-17	2.52485e-18
59639.812488	-1.0315592442e-14	1	2e-17	2.52485e-18
59639.812500	-9.6967561002e-15	1	2e-17	2.52485e-18
59639.812512	-5.1308775140e-15	1	2e-17	2.52485e-18
59639.812523	-7.0219344730e-15	1	2e-17	2.52485e-18
59639.812535	-9.2910586587e-15	1	2e-17	2.52485e-18
59639.812546	-6.8139590853e-15	1	2e-17	2.52485e-18
59639.812558	-1.0946472746e-14	1	2e-17	2.52485e-18
59639.812569	-8.1227927013e-15	1	2e-17	2.52485e-18
59639.812581	-9.3809373247e-15	1	2e-17	2.52485e-18
59639.812593	-9.5137791959e-15	1	2e-17	2.52485e-18
59639.812604	-8.4893123279e-15	1	2e-17	2.52485e-18
59639.812616	-8.4475459803e-15	1	2e-17	2.52485e-18
59639.812627	-7.9794620211e-15	1	2e-17	2.52485e-18
59639.812639	-9.2338771585e-15	1	2e-17	2.52485e-18
59639.812650	-8.6259980346e-15	1	2e-17	2.52485e-18
59639.812662	-8.2454430721e-15	1	2e-17	2.52485e-18
59639.812674	-9.5846733125e-15	1	2e-17	2.52485e-18
59639.812685	-1.0180870158e-14	1	2e-17	2.52485e-18
59639.812697	-1.3906816474e-14	1	2e-17	2.52485e-18
59639.812708	-1.1035399347e-14	1	2e-17	2.52485e-18
59639.812720	-7.9384554621e-15	1	2e-17	2.52485e-18
59639.812731	-5.4255323243e-15	1	2e-17	2.52485e-18
59639.812743	-3.6080732111e-15	1	2e-17	2.52485e-18
59639.812755	-3.8943838998e-15	1	2e-17	2.52485e-18
59639.812766	-7.1728655798e-15	1	2e-17	2.52485e-18
59639.812778	-9.1983077039e-15	1	2e-17	2.52485e-18
59639.812789	-8.9491106108e-15	1	2e-17	2.52485e-18
59639.812801	-7.9644085516e-15	1	2e-17	2.52485e-18
59639.812813	-1.0352974547e-14	1	2e-17	2.52485e-18
59639.812824	-9.5318345502e-15	1	2e-17	2.52485e-18
59639.812836	-9.1684006646e-15	1	2e-17	2.52485e-18
59639.812847	-9.1684743565e-15	1	2e-17	2.52485e-18
59639.812859	-1.0246832002e-14	1	2e-17	2.52485e-18
59639.812870	-1.0339482159e-14	1	2e-17	2.52485e-18
59639.812882	-8.0633741871e-15	1	2e-17	2.52485e-18
59639.812917	-9.6765967160e-15	1	2e-17	2.52485e-18
59639.812928	-9.2649666557e-15	1	2e-17	2.52485e-18
59639.812940	-6.3444953094e-15	1	2e-17	2.52485e-18
59639.812951	-7.5226605408e-15	1	2e-17	2.52485e-18
59639.812963	-6.9795387799e-15	1	2e-17	2.52485e-18
59639.812975	-8.5005075624e-15	1	2e-17	2.52485e-18
59639.812986	-7.0247389990e-15	1	2e-17	2.52485e-18
59639.812998	-8.6600987340e-15	1	2e-17	2.52485e-18
59639.813009	-7.6552398318e-15	1	2e-17	2.52485e-18
59639.813021	-1.0017503760e-14	1	2e-17	2.52485e-18
59639.813032	-8.5160489229e-15	1	2e-17	2.52485e-18
59639.813044	-8.6466258280e-15	1	2e-17	2.52485e-18
59639.813056	-1.2193609329e-14	1	2e-17	2.52485e-18
59639.813067	-1.2275795242e-14	1	2e-17	2.52485e-18
59639.813079	-7.9495185594e-15	1	2e-17	2.52485e-18
59639.813090	-9.3550647033e-15	1	2e-17	2.52485e-18
59639.813102	-9.6857463659e-15	1	2e-17	2.52485e-18
59639.813113	-1.0675318865e-14	1	2e-17	2.52485e-18
59639.813125	-1.0894625859e-14	1	2e-17	2.52485e-18
59639.813137	-8.8731224381e-15	1	2e-17	2.52485e-18
59639.813148	-8.6401248501e-15	1	2e-17	2.52485e-18
59639.813160	-1.0093636776e-14	1	2e-17	2.52485e-18
59639.813171	-7.8713763819e-15	1	2e-17	2.52485e-18
59639.813183	-6.2623415839e-15	1	2e-17	2.52485e-18
59639.813194	-2.8532270947e-15	1	2e-17	2.52485e-18
59639.813206	-4.0302437494e-15	1	2e-17	2.52485e-18
59639.813218	-5.6114967138e-15	1	2e-17	2.52485e-18
59639.813229	-8.2092163200e-15	1	2e-17	2.52485e-18
59639.813241	-9.1679635956e-15	1	2e-17	2.52485e-18
59639.813252	-9.1544169977e-15	1	2e-17	2.52485e-18
59639.813264	-9.3100093268e-15	1	2e-17	2.52485e-18
59639.813275	-9.0696637280e-15	1	2e-17	2.52485e-18
59639.813287	-8.6409989881e-15	1	2e-17	2.52485e-18
59639.813299	-9.3412233379e-15	1	2e-17	2.52485e-18
59639.813310	-1.0606785429e-14	1	2e-17	2.52485e-18
59639.813322	-9.6428238184e-15	1	2e-17	2.52485e-18
59639.813333	-1.0008934328e-14	1	2e-17	2.52485e-18
59639.813345	-8.0922241293e-15	1	2e-17	2.52485e-18
59639.813356	-7.2071517794e-15	1	2e-17	2.52485e-18
59639.813368	-6.7370247768e-15	1	2e-17	2.52485e-18
59639.813380	-7.4957816443e-15	1	2e-17	2.52485e-18
59639.813391	-8.3463738240e-15	1	2e-17	2.52485e-18
59639.813403	-8.7754519160e-15	1	2e-17	2.52485e-18
59639.813414	-9.5843150175e-15	1	2e-17	2.52485e-18
59639.813426	-9.0343771824e-15	1	2e-17	2.52485e-18
59639.813438	-7.3901981404e-15	1	2e-17	2.52485e-18
59639.813449	-9.3734334598e-15	1	2e-17	2.52485e-18
59639.813461	-8.7561006013e-15	1	2e-17	2.52485e-18
59639.813472	-8.2248279842e-15	1	2e-17	2.52485e-18
59639.813484	-8.1180001889e-15	1	2e-17	2.52485e-18
59639.813495	-9.0492205878e-15	1	2e-17	2.52485e-18
59639.813507	-6.1291600525e-15	1	2e-17	2.52485e-18
59639.813519	-6.5059541887e-15	1	2e-17	2.52485e-18
59639.813530	-9.0864714028e-15	1	2e-17	2.52485e-18
59639.813542	-6.9749707312e-15	1	2e-17	2.52485e-18
59639.813553	-4.2667201017e-15	1	2e-17	2.52485e-18
59639.813565	-7.3041268875e-15	1	2e-17	2.52485e-18
59639.813576	-6.5500193838e-15	1	2e-17	2.52485e-18
59639.813588	-8.9600983222e-15	1	2e-17	2.52485e-18
59639.813600	-1.0221126246e-14	1	2e-17	2.52485e-18
59639.813611	-8.2529901356e-15	1	2e-17	2.52485e-18
59639.813623	-7.1634745255e-15	1	2e-17	2.52485e-18
59639.813634	-6.3710252284e-15	1	2e-17	2.52485e-18
59639.813646	-8.5896416865e-15	1	2e-17	2.52485e-18
59639.813657	-7.4392769234e-15	1	2e-17	2.52485e-18
59639.813669	-8.1168168839e-15	1	2e-17	2.52485e-18
59639.813681	-9.9787460738e-15	1	2e-17	2.52485e-18
59639.813692	-8.7190530742e-15	1	2e-17	2.52485e-18
59639.813704	-8.6976485516e-15	1	2e-17	2.52485e-18
59639.813715	-9.3146951130e-15	1	2e-17	2.52485e-18
59639.813727	-8.6135542736e-15	1	2e-17	2.52485e-18
59639.813738	-8.0075530218e-15	1	2e-17	2.52485e-18
59639.813750	-9.0335809715e-15	1	2e-17	2.52485e-18
59639.813762	-8.6368976546e-15	1	2e-17	2.52485e-18
59639.813773	-8.7864099812e-15	1	2e-17	2.52485e-18
59639.813785	-6.0236570167e-15	1	2e-17	2.52485e-18
59639.813796	-9.7694874312e-15	1	2e-17	2.52485e-18
59639.813808	-7.1238892877e-15	1	2e-17	2.52485e-18
59639.813819	-5.3097928954e-15	1	2e-17	2.52485e-18
59639.813831	-9.3880617188e-15	1	2e-17	2.52485e-18
59639.813843	-6.7483894178e-15	1	2e-17	2.52485e-18
59639.813854	-6.0469504228e-15	1	2e-17	2.52485e-18
59639.813866	-9.0813443123e-15	1	2e-17	2.52485e-18
59639.813877	-8.3312449685e-15	1	2e-17	2.52485e-18
59639.813889	-6.3769544590e-15	1	2e-17	2.52485e-18
59639.813900	-7.5876364382e-15	1	2e-17	2.52485e-18
59639.813912	-7.6890271290e-15	1	2e-17	2.52485e-18
59639.813924	-8.3453328205e-15	1	2e-17	2.52485e-18
59639.813935	-9.1830678871e-15	1	2e-17	2.52485e-18
59639.813947	-5.7671415590e-15	1	2e-17	2.52485e-18
59639.813958	-7.9475593722e-15	1	2e-17	2.52485e-18
59639.813970	-1.1565265042e-14	1	2e-17	2.52485e-18
59639.813981	-9.5847342988e-15	1	2e-17	2.52485e-18
59639.813993	-9.6507520467e-15	1	2e-17	2.52485e-18
59639.814005	-5.2262745997e-15	1	2e-17	2.52485e-18
59639.814016	-7.9626662048e-15	1	2e-17	2.52485e-18
59639.814028	-1.2528353362e-14	1	2e-17	2.52485e-18
59639.814039	-8.2805339530e-15	1	2e-17	2.52485e-18
59639.814051	-8.9594723649e-15	1	2e-17	2.52485e-18
59639.814063	-8.2402422898e-15	1	2e-17	2.52485e-18
59639.814074	-9.0294262749e-15	1	2e-17	2.52485e-18
59639.814086	-8.4364159674e-15	1	2e-17	2.52485e-18
59639.814097	-6.7776010431e-15	1	2e-17	2.52485e-18
59639.814109	-9.1841199020e-15	1	2e-17	2.52485e-18
59639.814120	-7.1444459303e-15	1	2e-17	2.52485e-18
59639.814132	-1.0485511487e-14	1	2e-17	2.52485e-18
59639.814144	-8.2011229201e-15	1	2e-17	2.52485e-18
59639.814155	-8.9664705511e-15	1	2e-17	2.52485e-18
59639.814167	-1.1196231422e-14	1	2e-17	2.52485e-18
59639.814178	-7.7754736176e-15	1	2e-17	2.52485e-18
59639.814190	-8.7838925993e-15	1	2e-17	2.52485e-18
59639.814201	-8.2024493737e-15	1	2e-17	2.52485e-18
59639.814213	-7.4556229652e-15	1	2e-17	2.52485e-18
59639.814248	-6.6248632150e-15	1	2e-17	2.52485e-18
59639.814259	-7.4427988864e-15	1	2e-17	2.52485e-18
59639.814271	-1.0394336013e-14	1	2e-17	2.52485e-18
59639.814282	-9.6225983656e-15	1	2e-17	2.52485e-18
59639.814294	-7.9094606773e-15	1	2e-17	2.52485e-18
59639.814306	-9.6280151413e-15	1	2e-17	2.52485e-18
59639.814317	-1.4386285403e-14	1	2e-17	2.52485e-18
59639.814329	-1.2766195978e-14	1	2e-17	2.52485e-18
59639.814340	-1.3038717817e-14	1	2e-17	2.52485e-18
59639.814352	-8.7369805265e-15	1	2e-17	2.52485e-18
59639.814363	-8.0230511836e-15	1	2e-17	2.52485e-18
59639.814375	-9.0209220641e-15	1	2e-17	2.52485e-18
59639.814387	-8.8701569757e-15	1	2e-17	2.52485e-18
59639.814398	-8.5984643816e-15	1	2e-17	2.52485e-18
59639.814410	-6.8820275000e-15	1	2e-17	2.52485e-18
59639.814421	-7.6847521537e-15	1	2e-17	2.52485e-18
59639.814433	-4.7887956350e-15	1	2e-17	2.52485e-18
59639.814444	-1.0658480697e-14	1	2e-17	2.52485e-18
59639.814456	-8.7791187216e-15	1	2e-17	2.52485e-18
59639.814468	-7.6471176329e-15	1	2e-17	2.52485e-18
59639.814479	-9.9346927373e-15	1	2e-17	2.52485e-18
59639.814491	-8.3197863068e-15	1	2e-17	2.52485e-18
59639.814502	-9.1911163942e-15	1	2e-17	2.52485e-18
59639.814514	-1.0103594495e-14	1	2e-17	2.52485e-18
59639.814525	-9.9363258168e-15	1	2e-17	2.52485e-18
59639.814537	-7.4690848599e-15	1	2e-17	2.52485e-18
59639.814549	-9.8273889094e-15	1	2e-17	2.52485e-18
59639.814560	-8.3315600648e-15	1	2e-17	2.52485e-18
59639.814572	-6.8880490572e-15	1	2e-17	2.52485e-18
59639.814583	-1.1411731850e-14	1	2e-17	2.52485e-18
59639.814595	-9.4195628741e-15	1	2e-17	2.52485e-18
59639.814606	-9.6458273972e-15	1	2e-17	2.52485e-18
59639.814618	-1.0726343282e-14	1	2e-17	2.52485e-18
59639.814630	-8.6339423566e-15	1	2e-17	2.52485e-18
59639.814641	-1.0477401993e-14	1	2e-17	2.52485e-18
59639.814653	-1.0774991773e-14	1	2e-17	2.52485e-18
59639.814664	-1.0727526587e-14	1	2e-17	2.52485e-18
59639.814676	-8.5419300146e-15	1	2e-17	2.52485e-18
59639.814687	-8.8294629718e-15	1	2e-17	2.52485e-18
59639.814699	-7.8676655306e-15	1	2e-17	2.52485e-18
59639.814711	-8.4510078040e-15	1	2e-17	2.52485e-18
59639.814722	-1.2455752474e-14	1	2e-17	2.52485e-18
59639.814734	-1.1779849828e-14	1	2e-17	2.52485e-18
59639.814745	-1.1340588706e-14	1	2e-17	2.52485e-18
59639.814757	-8.4384801867e-15	1	2e-17	2.52485e-18
59639.814769	-1.0273622807e-14	1	2e-17	2.52485e-18
59639.814780	-7.4431334644e-15	1	2e-17	2.52485e-18
59639.814792	-7.4453908072e-15	1	2e-17	2.52485e-18
59639.814803	-9.5171139646e-15	1	2e-17	2.52485e-18
59639.814815	-7.7801339928e-15	1	2e-17	2.52485e-18
59639.814826	-9.6246083748e-15	1	2e-17	2.52485e-18
59639.814838	-1.0665283218e-14	1	2e-17	2.52485e-18
59639.814850	-1.2015951792e-14	1	2e-17	2.52485e-18
59639.814861	-1.0376710105e-14	1	2e-17	2.52485e-18
59639.814873	-8.8230585557e-15	1	2e-17	2.52485e-18
59639.814884	-6.8751385810e-15	1	2e-17	2.52485e-18
59639.814896	-8.4985966561e-15	1	2e-17	2.52485e-18
59639.814907	-9.7998332336e-15	1	2e-17	2.52485e-18
59639.814919	-8.4505631117e-15	1	2e-17	2.52485e-18
59639.814931	-8.3752999992e-15	1	2e-17	2.52485e-18
59639.814942	-9.7544754663e-15	1	2e-17	2.52485e-18
59639.814954	-7.8796603641e-15	1	2e-17	2.52485e-18
59639.814988	-7.4038531585e-15	1	2e-17	2.52485e-18
59639.815000	-7.1881477482e-15	1	2e-17	2.52485e-18
59639.815012	-8.6905614270e-15	1	2e-17	2.52485e-18
59639.815023	-6.3497782539e-15	1	2e-17	2.52485e-18
59639.815035	-7.4253432314e-15	1	2e-17	2.52485e-18
59639.815046	-6.3260325323e-15	1	2e-17	2.52485e-18
59639.815058	-7.6969756862e-15	1	2e-17	2.52485e-18
59639.815069	-7.0531857535e-15	1	2e-17	2.52485e-18
59639.815081	-6.5521030848e-15	1	2e-17	2.52485e-18
59639.815093	-7.1920195358e-15	1	2e-17	2.52485e-18
59639.815104	-4.2477795980e-15	1	2e-17	2.52485e-18
59639.815116	-5.9489749688e-15	1	2e-17	2.52485e-18
59639.815127	-6.1603240887e-15	1	2e-17	2.52485e-18
59639.815139	-7.9521045510e-15	1	2e-17	2.52485e-18
59639.815150	-9.0720006919e-15	1	2e-17	2.52485e-18
59639.815162	-5.2530357587e-15	1	2e-17	2.52485e-18
59639.815174	-9.6188629503e-15	1	2e-17	2.52485e-18
59639.815185	-8.3708700168e-15	1	2e-17	2.52485e-18
59639.815197	-8.7699377315e-15	1	2e-17	2.52485e-18
59639.815208	-8.0008411327e-15	1	2e-17	2.52485e-18
59639.815220	-8.0318450797e-15	1	2e-17	2.52485e-18
59639.815231	-6.2363436016e-15	1	2e-17	2.52485e-18
59639.815243	-6.5663010511e-15	1	2e-17	2.52485e-18
59639.815255	-6.7889733074e-15	1	2e-17	2.52485e-18
59639.815266	-8.8993059205e-15	1	2e-17	2.52485e-18
59639.815278	-9.5563129553e-15	1	2e-17	2.52485e-18
59639.815289	-8.5382911611e-15	1	2e-17	2.52485e-18
59639.815301	-5.7220497600e-15	1	2e-17	2.52485e-18
59639.815312	-8.2116566219e-15	1	2e-17	2.52485e-18
59639.815324	-8.4778519721e-15	1	2e-17	2.52485e-18
59639.815336	-7.9949822058e-15	1	2e-17	2.52485e-18
59639.815347	-9.0151707104e-15	1	2e-17	2.52485e-18
59639.815359	-8.3176687245e-15	1	2e-17	2.52485e-18
59639.815370	-1.0299603848e-14	1	2e-17	2.52485e-18
59639.815382	-8.4930697661e-15	1	2e-17	2.52485e-18
59639.815394	-9.3123615373e-15	1	2e-17	2.52485e-18
59639.815405	-8.4303495174e-15	1	2e-17	2.52485e-18
59639.815417	-8.5160006420e-15	1	2e-17	2.52485e-18
59639.815428	-7.6616950699e-15	1	2e-17	2.52485e-18
59639.815440	-5.6808246665e-15	1	2e-17	2.52485e-18
59639.815451	-7.2431100221e-15	1	2e-17	2.52485e-18
59639.815463	-9.2875409308e-15	1	2e-17	2.52485e-18
59639.815475	-7.5125257916e-15	1	2e-17	2.52485e-18
59639.815486	-8.2206546529e-15	1	2e-17	2.52485e-18
59639.815498	-7.2597423610e-15	1	2e-17	2.52485e-18
59639.815509	-9.1259651610e-15	1	2e-17	2.52485e-18
59639.815521	-5.3578332160e-15	1	2e-17	2.52485e-18
59639.815532	-7.9797567886e-15	1	2e-17	2.52485e-18
59639.815544	-8.0377150180e-15	1	2e-17	2.52485e-18
59639.815556	-5.6023877215e-15	1	2e-17	2.52485e-18
59639.815567	-9.6859445716e-15	1	2e-17	2.52485e-18
59639.815579	-9.0501192898e-15	1	2e-17	2.52485e-18
59639.815590	-7.9816871767e-15	1	2e-17	2.52485e-18
59639.815602	-6.1114308059e-15	1	2e-17	2.52485e-18
59639.815613	-8.1684189781e-15	1	2e-17	2.52485e-18
59639.815625	-8.0900591131e-15	1	2e-17	2.52485e-18
59639.815637	-6.4736178589e-15	1	2e-17	2.52485e-18
59639.815648	-8.9096464988e-15	1	2e-17	2.52485e-18
59639.815660	-8.8068514273e-15	1	2e-17	2.52485e-18
59639.815671	-8.1730115907e-15	1	2e-17	2.52485e-18
59639.815683	-9.2228631890e-15	1	2e-17	2.52485e-18
59639.815694	-1.0099482997e-14	1	2e-17	2.52485e-18
59639.815706	-9.1534191929e-15	1	2e-17	2.52485e-18
59639.815718	-7.9304425304e-15	1	2e-17	2.52485e-18
59639.815729	-7.3155584441e-15	1	2e-17	2.52485e-18
59639.815741	-8.9594952347e-15	1	2e-17	2.52485e-18
59639.815752	-8.1415875154e-15	1	2e-17	2.52485e-18
59639.815764	-9.6414507779e-15	1	2e-17	2.52485e-18
59639.815775	-6.9649672721e-15	1	2e-17	2.52485e-18
59639.815787	-6.5045591255e-15	1	2e-17	2.52485e-18
59639.815799	-7.2008778064e-15	1	2e-17	2.52485e-18
59639.815810	-7.2733507924e-15	1	2e-17	2.52485e-18
59639.815822	-1.0949490724e-14	1	2e-17	2.52485e-18
59639.815833	-7.3050374479e-15	1	2e-17	2.52485e-18
59639.815845	-8.8304489182e-15	1	2e-17	2.52485e-18
59639.815856	-1.0665597467e-14	1	2e-17	2.52485e-18
59639.815868	-7.7513416489e-15	1	2e-17	2.52485e-18
59639.815880	-1.0282797021e-14	1	2e-17	2.52485e-18
59639.815891	-9.1412278476e-15	1	2e-17	2.52485e-18
59639.815903	-9.8392067131e-15	1	2e-17	2.52485e-18
59639.815914	-1.0786124327e-14	1	2e-17	2.52485e-18
59639.815926	-1.0217035077e-14	1	2e-17	2.52485e-18
59639.815937	-9.3543099970e-15	1	2e-17	2.52485e-18
59639.815949	-1.0320817788e-14	1	2e-17	2.52485e-18
59639.815961	-1.0423972002e-14	1	2e-17	2.52485e-18
59639.815972	-9.8110784430e-15	1	2e-17	2.52485e-18
59639.815984	-7.7187003872e-15	1	2e-17	2.52485e-18
59639.815995	-8.1179324263e-15	1	2e-17	2.52485e-18
59639.816007	-9.8047875293e-15	1	2e-17	2.52485e-18
59639.816019	-1.1074101976e-14	1	2e-17	2.52485e-18
59639.816030	-8.3066276500e-15	1	2e-17	2.52485e-18
59639.827199	-9.2737351408e-15	1	2e-17	2.52485e-18
59639.827211	-9.3329495201e-15	1	2e-17	2.52485e-18
59639.827222	-7.9535758472e-15	1	2e-17	2.52485e-18
59639.827234	-9.2450300413e-15	1	2e-17	2.52485e-18
59639.827245	-7.4105345544e-15	1	2e-17	2.52485e-18
59639.827257	-8.5241533341e-15	1	2e-17	2.52485e-18
59639.827269	-9.5799400923e-15	1	2e-17	2.52485e-18
59639.827280	-9.6533431205e-15	1	2e-17	2.52485e-18
59639.827292	-9.7508095077e-15	1	2e-17	2.52485e-18
59639.827303	-1.0566427697e-14	1	2e-17	2.52485e-18
59639.827315	-1.0393262822e-14	1	2e-17	2.52485e-18
59639.827326	-9.4183279001e-15	1	2e-17	2.52485e-18
59639.827338	-1.1876450547e-14	1	2e-17	2.52485e-18
59639.827350	-9.0949679903e-15	1	2e-17	2.52485e-18
59639.827361	-8.0041166091e-15	1	2e-17	2.52485e-18
59639.827373	-8.9407681833e-15	1	2e-17	2.52485e-18
59639.827384	-8.5720437299e-15	1	2e-17	2.52485e-18
59639.827396	-9.1327456597e-15	1	2e-17	2.52485e-18
59639.827407	-7.2877893160e-15	1	2e-17	2.52485e-18
59639.827419	-1.0405128907e-14	1	2e-17	2.52485e-18
59639.827431	-9.9668723659e-15	1	2e-17	2.52485e-18
59639.827512	-8.2683256672e-15	1	2e-17	2.52485e-18
59639.827523	-5.6584714670e-15	1	2e-17	2.52485e-18
59639.827535	-8.2759930094e-15	1	2e-17	2.52485e-18
59639.827546	-9.2199807359e-15	1	2e-17	2.52485e-18
59639.827558	-6.5279457052e-15	1	2e-17	2.52485e-18
59639.827569	-7.7460256701e-15	1	2e-17	2.52485e-18
59639.827581	-8.2951012256e-15	1	2e-17	2.52485e-18
59639.827593	-9.1670140717e-15	1	2e-17	2.52485e-18
59639.827604	-7.2761578595e-15	1	2e-17	2.52485e-18
59639.827616	-6.5832383219e-15	1	2e-17	2.52485e-18
59639.827627	-9.1267825478e-15	1	2e-17	2.52485e-18
59639.827639	-9.1932644697e-15	1	2e-17	2.52485e-18
59639.827650	-1.0056681575e-14	1	2e-17	2.52485e-18
59639.827662	-5.8431898710e-15	1	2e-17	2.52485e-18
59639.827674	-6.8885276308e-15	1	2e-17	2.52485e-18
59639.827685	-7.5539355383e-15	1	2e-17	2.52485e-18
59639.827697	-1.0541890000e-14	1	2e-17	2.52485e-18
59639.827708	-1.0316027817e-14	1	2e-17	2.52485e-18
59639.827720	-8.2827624967e-15	1	2e-17	2.52485e-18
59639.827731	-7.8751253497e-15	1	2e-17	2.52485e-18
59639.827743	-8.7135321135e-15	1	2e-17	2.52485e-18
59639.827755	-9.2908189483e-15	1	2e-17	2.52485e-18
59639.827766	-1.0060920128e-14	1	2e-17	2.52485e-18
59639.827778	-8.7378995573e-15	1	2e-17	2.52485e-18
59639.827789	-9.5415449359e-15	1	2e-17	2.52485e-18
59639.827801	-8.1809847118e-15	1	2e-17	2.52485e-18
59639.827812	-9.8762703338e-15	1	2e-17	2.52485e-18
59639.827824	-9.5478155208e-15	1	2e-17	2.52485e-18
59639.827836	-8.8014964850e-15	1	2e-17	2.52485e-18
59639.827847	-6.4711792511e-15	1	2e-17	2.52485e-18
59639.827859	-5.6463656721e-15	1	2e-17	2.52485e-18
59639.827870	-6.5225052125e-15	1	2e-17	2.52485e-18
59639.827882	-6.3287980949e-15	1	2e-17	2.52485e-18
59639.827894	-6.7415216747e-15	1	2e-17	2.52485e-18
59639.827905	-8.8390420675e-15	1	2e-17	2.52485e-18
59639.827917	-6.4858769668e-15	1	2e-17	2.52485e-18
59639.827928	-8.2459970316e-15	1	2e-17	2.52485e-18
59639.827940	-8.7446868323e-15	1	2e-17	2.52485e-18
59639.827951	-9.1278904669e-15	1	2e-17	2.52485e-18
59639.827963	-8.5321671129e-15	1	2e-17	2.52485e-18
59639.827975	-6.3808779156e-15	1	2e-17	2.52485e-18
59639.828009	-1.0413169791e-14	1	2e-17	2.52485e-18
59639.828021	-8.5359796082e-15	1	2e-17	2.52485e-18
59639.828032	-8.8363408794e-15	1	2e-17	2.52485e-18
59639.828044	-8.4118477768e-15	1	2e-17	2.52485e-18
59639.828056	-1.0092278982e-14	1	2e-17	2.52485e-18
59639.828067	-1.0042434481e-14	1	2e-17	2.52485e-18
59639.828079	-8.9895776099e-15	1	2e-17	2.52485e-18
59639.828090	-1.0089004353e-14	1	2e-17	2.52485e-18
59639.828102	-1.1532048645e-14	1	2e-17	2.52485e-18
59639.828113	-8.3963699437e-15	1	2e-17	2.52485e-18
59639.828125	-6.5083546801e-15	1	2e-17	2.52485e-18
59639.828137	-8.4551709709e-15	1	2e-17	2.52485e-18
59639.828148	-9.3573474571e-15	1	2e-17	2.52485e-18
59639.828160	-1.1295474037e-14	1	2e-17	2.52485e-18
59639.828171	-1.2191790749e-14	1	2e-17	2.52485e-18
59639.828183	-1.0994340272e-14	1	2e-17	2.52485e-18
59639.828194	-7.5422947645e-15	1	2e-17	2.52485e-18
59639.828206	-8.5245802387e-15	1	2e-17	2.52485e-18
59639.828218	-6.5134224782e-15	1	2e-17	2.52485e-18
59639.828229	-6.4894624573e-15	1	2e-17	2.52485e-18
59639.828241	-8.5805487878e-15	1	2e-17	2.52485e-18
59639.828252	-5.3866679116e-15	1	2e-17	2.52485e-18
59639.828264	-7.5459624172e-15	1	2e-17	2.52485e-18
59639.828275	-7.7480627844e-15	1	2e-17	2.52485e-18
59639.828287	-7.1551346391e-15	1	2e-17	2.52485e-18
59639.828299	-7.2293440426e-15	1	2e-17	2.52485e-18
59639.828310	-7.9580888388e-15	1	2e-17	2.52485e-18
59639.828322	-7.9297233995e-15	1	2e-17	2.52485e-18
59639.828333	-1.1077533307e-14	1	2e-17	2.52485e-18
59639.828345	-8.0326353614e-15	1	2e-17	2.52485e-18
59639.828356	-8.8353286750e-15	1	2e-17	2.52485e-18
59639.828368	-6.1602512438e-15	1	2e-17	2.52485e-18
59639.828380	-8.4387317555e-15	1	2e-17	2.52485e-18
59639.828391	-8.7691288150e-15	1	2e-17	2.52485e-18
59639.828403	-7.7593469573e-15	1	2e-17	2.52485e-18
59639.828414	-8.3135631558e-15	1	2e-17	2.52485e-18
59639.828426	-9.2777585473e-15	1	2e-17	2.52485e-18
59639.828438	-8.4340027705e-15	1	2e-17	2.52485e-18
59639.828449	-8.0486984943e-15	1	2e-17	2.52485e-18
59639.828461	-7.0309485976e-15	1	2e-17	2.52485e-18
59639.828472	-9.1510525828e-15	1	2e-17	2.52485e-18
59639.828484	-8.7926754839e-15	1	2e-17	2.52485e-18
59639.828495	-1.0378410100e-14	1	2e-17	2.52485e-18
59639.828507	-8.6827526302e-15	1	2e-17	2.52485e-18
59639.828519	-1.0068684879e-14	1	2e-17	2.52485e-18
59639.828530	-8.2212568933e-15	1	2e-17	2.52485e-18
59639.828542	-8.7744752870e-15	1	2e-17	2.52485e-18
59639.828553	-7.9081630228e-15	1	2e-17	2.52485e-18
59639.828565	-7.5716004105e-15	1	2e-17	2.52485e-18
59639.828576	-7.6163567844e-15	1	2e-17	2.52485e-18
59639.828588	-6.9108198439e-15	1	2e-17	2.52485e-18
59639.828600	-6.8393776970e-15	1	2e-17	2.52485e-18
59639.828611	-8.6265748641e-15	1	2e-17	2.52485e-18
59639.828623	-9.3392489041e-15	1	2e-17	2.52485e-18
59639.828634	-7.4939368066e-15	1	2e-17	2.52485e-18
59639.828646	-7.2262964181e-15	1	2e-17	2.52485e-18
59639.828657	-9.5999766567e-15	1	2e-17	2.52485e-18
59639.828669	-9.3687476735e-15	1	2e-17	2.52485e-18
59639.828681	-9.8288754522e-15	1	2e-17	2.52485e-18
59639.828692	-1.0878109564e-14	1	2e-17	2.52485e-18
59639.828704	-9.1064757799e-15	1	2e-17	2.52485e-18
59639.828715	-9.3634647291e-15	1	2e-17	2.52485e-18
59639.828727	-1.0771671403e-14	1	2e-17	2.52485e-18
59639.828738	-9.9472008728e-15	1	2e-17	2.52485e-18
59639.828750	-8.7598207700e-15	1	2e-17	2.52485e-18
59639.828762	-8.3842988772e-15	1	2e-17	2.52485e-18
59639.828773	-1.0563483410e-14	1	2e-17	2.52485e-18
59639.828785	-9.1105440791e-15	1	2e-17	2.52485e-18
59639.828796	-9.4913379050e-15	1	2e-17	2.52485e-18
59639.828808	-9.8301358373e-15	1	2e-17	2.52485e-18
59639.828819	-6.4099480864e-15	1	2e-17	2.52485e-18
59639.828831	-8.9699730323e-15	1	2e-17	2.52485e-18
59639.828843	-9.1852252800e-15	1	2e-17	2.52485e-18
59639.828854	-1.1545967937e-14	1	2e-17	2.52485e-18
59639.828866	-9.4051836428e-15	1	2e-17	2.52485e-18
59639.828877	-1.0109843057e-14	1	2e-17	2.52485e-18
59639.828889	-9.0745468729e-15	1	2e-17	2.52485e-18
59639.828900	-5.6335864860e-15	1	2e-17	2.52485e-18
59639.828912	-6.5307426079e-15	1	2e-17	2.52485e-18
59639.828924	-7.8585760200e-15	1	2e-17	2.52485e-18
59639.828935	-8.7726812712e-15	1	2e-17	2.52485e-18
59639.828947	-9.3246096337e-15	1	2e-17	2.52485e-18
59639.828958	-8.6187118572e-15	1	2e-17	2.52485e-18
59639.828970	-1.0681667377e-14	1	2e-17	2.52485e-18
59639.828981	-9.0442501985e-15	1	2e-17	2.52485e-18
59639.828993	-7.0931386036e-15	1	2e-17	2.52485e-18
59639.829005	-5.4462710790e-15	1	2e-17	2.52485e-18
59639.829016	-8.5629618427e-15	1	2e-17	2.52485e-18
59639.829028	-1.0298562845e-14	1	2e-17	2.52485e-18
59639.829039	-6.9849140510e-15	1	2e-17	2.52485e-18
59639.829051	-7.0617365511e-15	1	2e-17	2.52485e-18
59639.829063	-6.1287314538e-15	1	2e-17	2.52485e-18
59639.829074	-7.7348143420e-15	1	2e-17	2.52485e-18
59639.829086	-7.4059554943e-15	1	2e-17	2.52485e-18
59639.829097	-9.3390710272e-15	1	2e-17	2.52485e-18
59639.829109	-9.0071713312e-15	1	2e-17	2.52485e-18
59639.829120	-1.0955825684e-14	1	2e-17	2.52485e-18
59639.829132	-8.6970454642e-15	1	2e-17	2.52485e-18
59639.829144	-7.6993592369e-15	1	2e-17	2.52485e-18
59639.829155	-6.1231740706e-15	1	2e-17	2.52485e-18
59639.829167	-7.6809447406e-15	1	2e-17	2.52485e-18
59639.829178	-8.5682752804e-15	1	2e-17	2.52485e-18
59639.829190	-9.5341452561e-15	1	2e-17	2.52485e-18
59639.829201	-8.7230485286e-15	1	2e-17	2.52485e-18
59639.829213	-9.0359840040e-15	1	2e-17	2.52485e-18
59639.829225	-8.1905324672e-15	1	2e-17	2.52485e-18
59639.829236	-6.7284621207e-15	1	2e-17	2.52485e-18
59639.829248	-8.8162822922e-15	1	2e-17	2.52485e-18
59639.829259	-8.0430682663e-15	1	2e-17	2.52485e-18
59639.829271	-9.9169109746e-15	1	2e-17	2.52485e-18
59639.829282	-1.2386694724e-14	1	2e-17	2.52485e-18
59639.829294	-9.1689681767e-15	1	2e-17	2.52485e-18
59639.829306	-9.0627519391e-15	1	2e-17	2.52485e-18
59639.829340	-9.3815310948e-15	1	2e-17	2.52485e-18
59639.829352	-8.0731794405e-15	1	2e-17	2.52485e-18
59639.829363	-1.0235768057e-14	1	2e-17	2.52485e-18
59639.829375	-8.0949634338e-15	1	2e-17	2.52485e-18
59639.829387	-7.0852772908e-15	1	2e-17	2.52485e-18
59639.829398	-8.7022140592e-15	1	2e-17	2.52485e-18
59639.829410	-7.8441756129e-15	1	2e-17	2.52485e-18
59639.829421	-1.0258321157e-14	1	2e-17	2.52485e-18
59639.829433	-7.8824022098e-15	1	2e-17	2.52485e-18
59639.829444	-8.4911097318e-15	1	2e-17	2.52485e-18
59639.829456	-9.9166416181e-15	1	2e-17	2.52485e-18
59639.829468	-8.5447201411e-15	1	2e-17	2.52485e-18
59639.829479	-9.1885431081e-15	1	2e-17	2.52485e-18
59639.829491	-5.8119877184e-15	1	2e-17	2.52485e-18
59639.829502	-8.1656144520e-15	1	2e-17	2.52485e-18
59639.829514	-1.0762555635e-14	1	2e-17	2.52485e-18
59639.829525	-8.3508012652e-15	1	2e-17	2.52485e-18
59639.829537	-8.0297503672e-15	1	2e-17	2.52485e-18
59639.829549	-8.0337678445e-15	1	2e-17	2.52485e-18
59639.829560	-9.4923848377e-15	1	2e-17	2.52485e-18
59639.829572	-9.0191094136e-15	1	2e-17	2.52485e-18
59639.829583	-7.6394901012e-15	1	2e-17	2.52485e-18
59639.829595	-1.0786495327e-14	1	2e-17	2.52485e-18
59639.829606	-7.8257407878e-15	1	2e-17	2.52485e-18
59639.829618	-5.8386413041e-15	1	2e-17	2.52485e-18
59639.829630	-8.7281756191e-15	1	2e-17	2.52485e-18
59639.829641	-9.1248563948e-15	1	2e-17	2.52485e-18
59639.829653	-9.0720057741e-15	1	2e-17	2.52485e-18
59639.829664	-9.2971776247e-15	1	2e-17	2.52485e-18
59639.829676	-8.2467898545e-15	1	2e-17	2.52485e-18
59639.829688	-7.1215667234e-15	1	2e-17	2.52485e-18
59639.829699	-7.3056998277e-15	1	2e-17	2.52485e-18
59639.829734	-1.0302711612e-14	1	2e-17	2.52485e-18
59639.829745	-9.7479778766e-15	1	2e-17	2.52485e-18
59639.829757	-8.7678074436e-15	1	2e-17	2.52485e-18
59639.829769	-9.1508425186e-15	1	2e-17	2.52485e-18
59639.829780	-8.3952950589e-15	1	2e-17	2.52485e-18
59639.829792	-7.8057770683e-15	1	2e-17	2.52485e-18
59639.829803	-8.5779695724e-15	1	2e-17	2.52485e-18
59639.829815	-7.2586098780e-15	1	2e-17	2.52485e-18
59639.829826	-9.6294288393e-15	1	2e-17	2.52485e-18
59639.829838	-7.4528548616e-15	1	2e-17	2.52485e-18
59639.829850	-9.6008719705e-15	1	2e-17	2.52485e-18
59639.829861	-9.0994835229e-15	1	2e-17	2.52485e-18
59639.829873	-9.3373693380e-15	1	2e-17	2.52485e-18
59639.829884	-5.8626843343e-15	1	2e-17	2.52485e-18
59639.829896	-5.8795767124e-15	1	2e-17	2.52485e-18
59639.829907	-9.5097134377e-15	1	2e-17	2.52485e-18
59639.829919	-5.1692667413e-15	1	2e-17	2.52485e-18
59639.829931	-1.0245854526e-14	1	2e-17	2.52485e-18
59639.829942	-5.4407712941e-15	1	2e-17	2.52485e-18
59639.829954	-6.4879089988e-15	1	2e-17	2.52485e-18
59639.829965	-8.6009360238e-15	1	2e-17	2.52485e-18
59639.829977	-9.3344555447e-15	1	2e-17	2.52485e-18
59639.829988	-9.8451986242e-15	1	2e-17	2.52485e-18
59639.830000	-7.0098845822e-15	1	2e-17	2.52485e-18
59639.830012	-8.9061999217e-15	1	2e-17	2.52485e-18
59639.830023	-8.8226638384e-15	1	2e-17	2.52485e-18
59639.830035	-6.8825746832e-15	1	2e-17	2.52485e-18
59639.830046	-1.0620236312e-14	1	2e-17	2.52485e-18
59639.830058	-8.4705098906e-15	1	2e-17	2.52485e-18
59639.830069	-8.9082480474e-15	1	2e-17	2.52485e-18
59639.830081	-9.2853022227e-15	1	2e-17	2.52485e-18
59639.830093	-1.0827185096e-14	1	2e-17	2.52485e-18
59639.830104	-1.0605231123e-14	1	2e-17	2.52485e-18
59639.830116	-8.2452516426e-15	1	2e-17	2.52485e-18
59639.830127	-1.0224181494e-14	1	2e-17	2.52485e-18
59639.830139	-9.6007550800e-15	1	2e-17	2.52485e-18
59639.830150	-7.0557276994e-15	1	2e-17	2.52485e-18
59639.830162	-5.8939390030e-15	1	2e-17	2.52485e-18
59639.830174	-9.1291771099e-15	1	2e-17	2.52485e-18
59639.830185	-7.4796829361e-15	1	2e-17	2.52485e-18
59639.830197	-9.0984509897e-15	1	2e-17	2.52485e-18
59639.830208	-1.0715666432e-14	1	2e-17	2.52485e-18
59639.830220	-9.9282163233e-15	1	2e-17	2.52485e-18
59639.830231	-9.4150337889e-15	1	2e-17	2.52485e-18
59639.830243	-7.7053757119e-15	1	2e-17	2.52485e-18
59639.830255	-8.2207766256e-15	1	2e-17	2.52485e-18
59639.830266	-8.2850757437e-15	1	2e-17	2.52485e-18
59639.830278	-9.1607163817e-15	1	2e-17	2.52485e-18
59639.830289	-9.5271318233e-15	1	2e-17	2.52485e-18
59639.830301	-9.0197184303e-15	1	2e-17	2.52485e-18
59639.830312	-1.0386179933e-14	1	2e-17	2.52485e-18
59639.830324	-1.0320939761e-14	1	2e-17	2.52485e-18
59639.830336	-9.4024866899e-15	1	2e-17	2.52485e-18
59639.830347	-9.2888063980e-15	1	2e-17	2.52485e-18
59639.830359	-8.6761322207e-15	1	2e-17	2.52485e-18
59639.830370	-9.5510503396e-15	1	2e-17	2.52485e-18
59639.830382	-9.9652858732e-15	1	2e-17	2.52485e-18
59639.830394	-8.0824612275e-15	1	2e-17	2.52485e-18
59639.830405	-1.0730074462e-14	1	2e-17	2.52485e-18
59639.830417	-1.0340018331e-14	1	2e-17	2.52485e-18
59639.830428	-7.1964605295e-15	1	2e-17	2.52485e-18
59639.830440	-1.0202825252e-14	1	2e-17	2.52485e-18
59639.830451	-8.3722278107e-15	1	2e-17	2.52485e-18
59639.830463	-8.1288794801e-15	1	2e-17	2.52485e-18
59639.830475	-9.5711063857e-15	1	2e-17	2.52485e-18
59639.830486	-1.0301338572e-14	1	2e-17	2.52485e-18
59639.830498	-9.8597701320e-15	1	2e-17	2.52485e-18
59639.830509	-8.5410821346e-15	1	2e-17	2.52485e-18
59639.830521	-5.9350641467e-15	1	2e-17	2.52485e-18
59639.830532	-9.4640609030e-15	1	2e-17	2.52485e-18
59639.830544	-7.0304285194e-15	1	2e-17	2.52485e-18
59639.830556	-7.9192159557e-15	1	2e-17	2.52485e-18
59639.830567	-8.4494204642e-15	1	2e-17	2.52485e-18
59639.830579	-1.1375641470e-14	1	2e-17	2.52485e-18
59639.830590	-1.0449375367e-14	1	2e-17	2.52485e-18
59639.830602	-8.2398687483e-15	1	2e-17	2.52485e-18
59639.830613	-7.5919105665e-15	1	2e-17	2.52485e-18
59639.830625	-9.0189078197e-15	1	2e-17	2.52485e-18
59639.830637	-7.3605054004e-15	1	2e-17	2.52485e-18
59639.830648	-7.5389074798e-15	1	2e-17	2.52485e-18
59639.830660	-9.0164785292e-15	1	2e-17	2.52485e-18
59639.830671	-9.9104498073e-15	1	2e-17	2.52485e-18
59639.830683	-7.3176726384e-15	1	2e-17	2.52485e-18
59639.830694	-8.6725780705e-15	1	2e-17	2.52485e-18
59639.830706	-7.3438298628e-15	1	2e-17	2.52485e-18
59639.830718	-9.3930143204e-15	1	2e-17	2.52485e-18
59639.830729	-6.7120110468e-15	1	2e-17	2.52485e-18
59639.830741	-7.4576583854e-15	1	2e-17	2.52485e-18
59639.830752	-8.4884254844e-15	1	2e-17	2.52485e-18
59639.830764	-7.2723318117e-15	1	2e-17	2.52485e-18
59639.830775	-8.8674261415e-15	1	2e-17	2.52485e-18
59639.830787	-1.0813170936e-14	1	2e-17	2.52485e-18
59639.830799	-9.2447013925e-15	1	2e-17	2.52485e-18
59639.830810	-8.3914825636e-15	1	2e-17	2.52485e-18
59639.830822	-8.8784257114e-15	1	2e-17	2.52485e-18
59639.830833	-1.0807707573e-14	1	2e-17	2.52485e-18
59639.830845	-9.9872291088e-15	1	2e-17	2.52485e-18
59639.830856	-9.9674297136e-15	1	2e-17	2.52485e-18
59639.830868	-1.0241991208e-14	1	2e-17	2.52485e-18
59639.830880	-8.9907854789e-15	1	2e-17	2.52485e-18
59639.830891	-8.2240368554e-15	1	2e-17	2.52485e-18
59639.830903	-7.7353039271e-15	1	2e-17	2.52485e-18
59639.830914	-8.3722583038e-15	1	2e-17	2.52485e-18
59639.830926	-6.9924501031e-15	1	2e-17	2.52485e-18
59639.830937	-9.1214386169e-15	1	2e-17	2.52485e-18
59639.830949	-6.7529489962e-15	1	2e-17	2.52485e-18
59639.830961	-7.7200005828e-15	1	2e-17	2.52485e-18
59639.830972	-9.4684044879e-15	1	2e-17	2.52485e-18
59639.830984	-9.4303650853e-15	1	2e-17	2.52485e-18
59639.830995	-8.9274790834e-15	1	2e-17	2.52485e-18
59639.831007	-7.6989204739e-15	1	2e-17	2.52485e-18
59639.831019	-6.9275360391e-15	1	2e-17	2.52485e-18
59639.831030	-7.9419037332e-15	1	2e-17	2.52485e-18
59639.831042	-6.7990487643e-15	1	2e-17	2.52485e-18
59639.831053	-8.4436911334e-15	1	2e-17	2.52485e-18
59639.831065	-8.8670475178e-15	1	2e-17	2.52485e-18
59639.831076	-1.0764262406e-14	1	2e-17	2.52485e-18
59639.831088	-1.0351194931e-14	1	2e-17	2.52485e-18
59639.831100	-1.3752091507e-14	1	2e-17	2.52485e-18
59639.831111	-1.1639280475e-14	1	2e-17	2.52485e-18
59639.831123	-8.7937232637e-15	1	2e-17	2.52485e-18
59639.831134	-7.5669747635e-15	1	2e-17	2.52485e-18
59639.831146	-1.0795830477e-14	1	2e-17	2.52485e-18
59639.831157	-8.3617296843e-15	1	2e-17	2.52485e-18
59639.831169	-1.0292891112e-14	1	2e-17	2.52485e-18
59639.831181	-9.4678903389e-15	1	2e-17	2.52485e-18
59639.831192	-9.8036262471e-15	1	2e-17	2.52485e-18
59639.831204	-9.9462937005e-15	1	2e-17	2.52485e-18
59639.831215	-9.2950591953e-15	1	2e-17	2.52485e-18
59639.831227	-1.0741207016e-14	1	2e-17	2.52485e-18
59639.831238	-7.9881983190e-15	1	2e-17	2.52485e-18
59639.831250	-7.6610640303e-15	1	2e-17	2.52485e-18
59639.831262	-8.4209711686e-15	1	2e-17	2.52485e-18
59639.831273	-8.0708424766e-15	1	2e-17	2.52485e-18
59639.831285	-7.7996496319e-15	1	2e-17	2.52485e-18
59639.831296	-9.4683799240e-15	1	2e-17	2.52485e-18
59639.831308	-8.8628995974e-15	1	2e-17	2.52485e-18
59639.831319	-8.1605076903e-15	1	2e-17	2.52485e-18
59639.831331	-9.0241594240e-15	1	2e-17	2.52485e-18
59639.831343	-6.1614726654e-15	1	2e-17	2.52485e-18
59639.831354	-7.9966796599e-15	1	2e-17	2.52485e-18
59639.831366	-9.6579602971e-15	1	2e-17	2.52485e-18
59639.831377	-1.0181081069e-14	1	2e-17	2.52485e-18
59639.831389	-9.1610763707e-15	1	2e-17	2.52485e-18
59639.831400	-9.0321901434e-15	1	2e-17	2.52485e-18
59639.831412	-8.9273833687e-15	1	2e-17	2.52485e-18
59639.831424	-1.0340215690e-14	1	2e-17	2.52485e-18
59639.831435	-7.4737130479e-15	1	2e-17	2.52485e-18
59639.831447	-8.4817796639e-15	1	2e-17	2.52485e-18
59639.831458	-6.9160968592e-15	1	2e-17	2.52485e-18
59639.831470	-5.6077833214e-15	1	2e-17	2.52485e-18
59639.831481	-8.6841883511e-15	1	2e-17	2.52485e-18
59639.831493	-8.6195402554e-15	1	2e-17	2.52485e-18
59639.831505	-8.1293961702e-15	1	2e-17	2.52485e-18
59639.831516	-6.9363892275e-15	1	2e-17	2.52485e-18
59639.831528	-9.1129852281e-15	1	2e-17	2.52485e-18
59639.831539	-9.2277361696e-15	1	2e-17	2.52485e-18
59639.831551	-9.6394610976e-15	1	2e-17	2.52485e-18
59639.831562	-1.1849716493e-14	1	2e-17	2.52485e-18
59639.831574	-9.1065240608e-15	1	2e-17	2.52485e-18
59639.831586	-7.3958393798e-15	1	2e-17	2.52485e-18
59639.831597	-7.8931417405e-15	1	2e-17	2.52485e-18
59639.831609	-8.7019108214e-15	1	2e-17	2.52485e-18
59639.831620	-1.1123425552e-14	1	2e-17	2.52485e-18
59639.831632	-8.2541395593e-15	1	2e-17	2.52485e-18
59639.831644	-6.9093028079e-15	1	2e-17	2.52485e-18
59639.831655	-9.7903608641e-15	1	2e-17	2.52485e-18
59639.831667	-7.7576537384e-15	1	2e-17	2.52485e-18
59639.831678	-8.0095926771e-15	1	2e-17	2.52485e-18
59639.831690	-7.6200244370e-15	1	2e-17	2.52485e-18
59639.831701	-9.4646165566e-15	1	2e-17	2.52485e-18
59639.831713	-8.7802156293e-15	1	2e-17	2.52485e-18
59639.831725	-9.1588825554e-15	1	2e-17	2.52485e-18
59639.831736	-1.1367902977e-14	1	2e-17	2.52485e-18
59639.831748	-7.8233436846e-15	1	2e-17	2.52485e-18
59639.831759	-1.0148743045e-14	1	2e-17	2.52485e-18
59639.831771	-9.9438601748e-15	1	2e-17	2.52485e-18
59639.831782	-9.6612510201e-15	1	2e-17	2.52485e-18
59639.831794	-1.0652022070e-14	1	2e-17	2.52485e-18
59639.831806	-8.4246269628e-15	1	2e-17	2.52485e-18
59639.831817	-8.6979856707e-15	1	2e-17	2.52485e-18
59639.831829	-8.3697985202e-15	1	2e-17	2.52485e-18
59639.831840	-9.1785523545e-15	1	2e-17	2.52485e-18
59639.831875	-8.1262003149e-15	1	2e-17	2.52485e-18
59639.831887	-7.2687556386e-15	1	2e-17	2.52485e-18
59639.831898	-7.3093302109e-15	1	2e-17	2.52485e-18
59639.831910	-6.5224764134e-15	1	2e-17	2.52485e-18
59639.831921	-3.2240276258e-15	1	2e-17	2.52485e-18
59639.831933	-8.7231069739e-15	1	2e-17	2.52485e-18
59639.831944	-6.5428712727e-15	1	2e-17	2.52485e-18
59639.831956	-7.9480675920e-15	1	2e-17	2.52485e-18
59639.831968	-8.8553999677e-15	1	2e-17	2.52485e-18
59639.831979	-1.0856351828e-14	1	2e-17	2.52485e-18
59639.831991	-1.1412172307e-14	1	2e-17	2.52485e-18
59639.832002	-6.7715625452e-15	1	2e-17	2.52485e-18
59639.832014	-8.1116491359e-15	1	2e-17	2.52485e-18
59639.832025	-8.9723455716e-15	1	2e-17	2.52485e-18
59639.832037	-6.9348433924e-15	1	2e-17	2.52485e-18
59639.832049	-7.0406945587e-15	1	2e-17	2.52485e-18
59639.832060	-7.8759342662e-15	1	2e-17	2.52485e-18
59639.832072	-1.0202944684e-14	1	2e-17	2.52485e-18
59639.832083	-9.0602582742e-15	1	2e-17	2.52485e-18
59639.832095	-9.9851682776e-15	1	2e-17	2.52485e-18
59639.832106	-8.0249036447e-15	1	2e-17	2.52485e-18
59639.832118	-8.7563987569e-15	1	2e-17	2.52485e-18
59639.832130	-1.1467161686e-14	1	2e-17	2.52485e-18
59639.832141	-8.9671778236e-15	1	2e-17	2.52485e-18
59639.832153	-9.8948813417e-15	1	2e-17	2.52485e-18
59639.832164	-6.4833689022e-15	1	2e-17	2.52485e-18
59639.832176	-7.6049591090e-15	1	2e-17	2.52485e-18
59639.832187	-1.1032707476e-14	1	2e-17	2.52485e-18
59639.832199	-1.0013435461e-14	1	2e-17	2.52485e-18
59639.832211	-8.2823982725e-15	1	2e-17	2.52485e-18
59639.832222	-8.3629849871e-15	1	2e-17	2.52485e-18
59639.832234	-8.1097746520e-15	1	2e-17	2.52485e-18
59639.832245	-1.2401483920e-14	1	2e-17	2.52485e-18
59639.832257	-7.7233937968e-15	1	2e-17	2.52485e-18
59639.832269	-6.0955133627e-15	1	2e-17	2.52485e-18
59639.832280	-1.0124253629e-14	1	2e-17	2.52485e-18
59639.832292	-9.5146228407e-15	1	2e-17	2.52485e-18
59639.832303	-8.2541090662e-15	1	2e-17	2.52485e-18
59639.832315	-6.4301244112e-15	1	2e-17	2.52485e-18
59639.832326	-6.7813982918e-15	1	2e-17	2.52485e-18
59639.832338	-7.8824996186e-15	1	2e-17	2.52485e-18
59639.832350	-8.9800849116e-15	1	2e-17	2.52485e-18
59639.832361	-9.1774918692e-15	1	2e-17	2.52485e-18
59639.832373	-1.0546836672e-14	1	2e-17	2.52485e-18
59639.832384	-9.9523237280e-15	1	2e-17	2.52485e-18
59639.832396	-8.6313046960e-15	1	2e-17	2.52485e-18
59639.832407	-7.9083917217e-15	1	2e-17	2.52485e-18
59639.832419	-8.8922984170e-15	1	2e-17	2.52485e-18
59639.832431	-1.0880910702e-14	1	2e-17	2.52485e-18
59639.832442	-1.0002031857e-14	1	2e-17	2.52485e-18
59639.832454	-8.5759917505e-15	1	2e-17	2.52485e-18
59639.832465	-8.7728837121e-15	1	2e-17	2.52485e-18
59639.832477	-8.2488227335e-15	1	2e-17	2.52485e-18
59639.832488	-8.8805068713e-15	1	2e-17	2.52485e-18
59639.832500	-7.8496559160e-15	1	2e-17	2.52485e-18
59639.832512	-8.7575566509e-15	1	2e-17	2.52485e-18
59639.832523	-9.0876716485e-15	1	2e-17	2.52485e-18
59639.832535	-9.4219887765e-15	1	2e-17	2.52485e-18
59639.832546	-1.0292948710e-14	1	2e-17	2.52485e-18
59639.832558	-1.1829731598e-14	1	2e-17	2.52485e-18
59639.832569	-1.0692875316e-14	1	2e-17	2.52485e-18
59639.832581	-8.9426485965e-15	1	2e-17	2.52485e-18
59639.832593	-9.8246648515e-15	1	2e-17	2.52485e-18
59639.832604	-1.0203399540e-14	1	2e-17	2.52485e-18
59639.832616	-5.2328314818e-15	1	2e-17	2.52485e-18
59639.832627	-7.4376091156e-15	1	2e-17	2.52485e-18
59639.832639	-7.8241593773e-15	1	2e-17	2.52485e-18
59639.832650	-7.4433240469e-15	1	2e-17	2.52485e-18
59639.832662	-1.1569977086e-14	1	2e-17	2.52485e-18
59639.832674	-1.1137893721e-14	1	2e-17	2.52485e-18
59639.832685	-1.0825453760e-14	1	2e-17	2.52485e-18
59639.832697	-9.3619993621e-15	1	2e-17	2.52485e-18
59639.832708	-7.7372258448e-15	1	2e-17	2.52485e-18
59639.832720	-9.9419323279e-15	1	2e-17	2.52485e-18
59639.832731	-9.9908925263e-15	1	2e-17	2.52485e-18
59639.832743	-1.0691360822e-14	1	2e-17	2.52485e-18
59639.832755	-8.6033068690e-15	1	2e-17	2.52485e-18
59639.832789	-7.1998918600e-15	1	2e-17	2.52485e-18
59639.832801	-8.8386566675e-15	1	2e-17	2.52485e-18
59639.832812	-7.1812842402e-15	1	2e-17	2.52485e-18
59639.832824	-1.0981745739e-14	1	2e-17	2.52485e-18
59639.832836	-9.3353847398e-15	1	2e-17	2.52485e-18
59639.832847	-9.2054956255e-15	1	2e-17	2.52485e-18
59639.832859	-1.0245866384e-14	1	2e-17	2.52485e-18
59639.832870	-1.1155873690e-14	1	2e-17	2.52485e-18
59639.832882	-1.0654319224e-14	1	2e-17	2.52485e-18
59639.832894	-1.1001407068e-14	1	2e-17	2.52485e-18
59639.832905	-9.7782237290e-15	1	2e-17	2.52485e-18
59639.832917	-8.0918014598e-15	1	2e-17	2.52485e-18
59639.832928	-7.4071930095e-15	1	2e-17	2.52485e-18
59639.832940	-1.0012332624e-14	1	2e-17	2.52485e-18
59639.832951	-1.0023500754e-14	1	2e-17	2.52485e-18
59639.832963	-7.5924975603e-15	1	2e-17	2.52485e-18
59639.832975	-8.7575744386e-15	1	2e-17	2.52485e-18
59639.832986	-8.7780599304e-15	1	2e-17	2.52485e-18
59639.832998	-7.0383042317e-15	1	2e-17	2.52485e-18
59639.833009	-9.6590860039e-15	1	2e-17	2.52485e-18
59639.833021	-8.7703866589e-15	1	2e-17	2.52485e-18
59639.833032	-8.7619485167e-15	1	2e-17	2.52485e-18
59639.833044	-7.8648059473e-15	1	2e-17	2.52485e-18
59639.833056	-7.1920491820e-15	1	2e-17	2.52485e-18
59639.833067	-6.4540598682e-15	1	2e-17	2.52485e-18
59639.833079	-6.3629072646e-15	1	2e-17	2.52485e-18
59639.833090	-8.3683094362e-15	1	2e-17	2.52485e-18
59639.833102	-8.1141741411e-15	1	2e-17	2.52485e-18
59639.833113	-9.1296768593e-15	1	2e-17	2.52485e-18
59639.833125	-6.7597294949e-15	1	2e-17	2.52485e-18
59639.833137	-1.0556231114e-14	1	2e-17	2.52485e-18
59639.833148	-8.8521050096e-15	1	2e-17	2.52485e-18
59639.833160	-8.4996207189e-15	1	2e-17	2.52485e-18
59639.833171	-1.1478689804e-14	1	2e-17	2.52485e-18
59639.833183	-9.2150882736e-15	1	2e-17	2.52485e-18
59639.833194	-7.6749850168e-15	1	2e-17	2.52485e-18
59639.833206	-8.4098470849e-15	1	2e-17	2.52485e-18
59639.833218	-8.4245913875e-15	1	2e-17	2.52485e-18
59639.833229	-1.0613968268e-14	1	2e-17	2.52485e-18
59639.833241	-8.5122279573e-15	1	2e-17	2.52485e-18
59639.833252	-8.9322097624e-15	1	2e-17	2.52485e-18
59639.833264	-7.3646050399e-15	1	2e-17	2.52485e-18
59639.833275	-9.1689783411e-15	1	2e-17	2.52485e-18
59639.833287	-5.4070644650e-15	1	2e-17	2.52485e-18
59639.833299	-7.2919812820e-15	1	2e-17	2.52485e-18
59639.833310	-7.7779622004e-15	1	2e-17	2.52485e-18
59639.833322	-7.7743241939e-15	1	2e-17	2.52485e-18
59639.833333	-9.1312641991e-15	1	2e-17	2.52485e-18
59639.833345	-9.6058923348e-15	1	2e-17	2.52485e-18
59639.833356	-7.6964657724e-15	1	2e-17	2.52485e-18
59639.833368	-8.2133989687e-15	1	2e-17	2.52485e-18
59639.833380	-8.8862768598e-15	1	2e-17	2.52485e-18
59639.833391	-8.7436653106e-15	1	2e-17	2.52485e-18
59639.833403	-1.0824585552e-14	1	2e-17	2.52485e-18
59639.833414	-7.9736666217e-15	1	2e-17	2.52485e-18
59639.833426	-9.3535349618e-15	1	2e-17	2.52485e-18
59639.833437	-9.5671609063e-15	1	2e-17	2.52485e-18
59639.833449	-9.5652068013e-15	1	2e-17	2.52485e-18
59639.833461	-9.0072492582e-15	1	2e-17	2.52485e-18
59639.833472	-7.7412272285e-15	1	2e-17	2.52485e-18
59639.833484	-8.8490141863e-15	1	2e-17	2.52485e-18
59639.833495	-9.9297630055e-15	1	2e-17	2.52485e-18
59639.833507	-8.5702285383e-15	1	2e-17	2.52485e-18
59639.833519	-9.9723679157e-15	1	2e-17	2.52485e-18
59639.833530	-6.4680308296e-15	1	2e-17	2.52485e-18
59639.833565	-9.3337550484e-15	1	2e-17	2.52485e-18
59639.833576	-9.7239704217e-15	1	2e-17	2.52485e-18
59639.833588	-7.5895939314e-15	1	2e-17	2.52485e-18
59639.833600	-1.1282522903e-14	1	2e-17	2.52485e-18
59639.833611	-8.1163078171e-15	1	2e-17	2.52485e-18
59639.833623	-1.0206979948e-14	1	2e-17	2.52485e-18
59639.833634	-7.4091953953e-15	1	2e-17	2.52485e-18
59639.833646	-7.9304603181e-15	1	2e-17	2.52485e-18
59639.833657	-7.5513902043e-15	1	2e-17	2.52485e-18
59639.833669	-8.4710130281e-15	1	2e-17	2.52485e-18
59639.833681	-5.6721976359e-15	1	2e-17	2.52485e-18
59639.833692	-6.9987113706e-15	1	2e-17	2.52485e-18
59639.833704	-7.7059279774e-15	1	2e-17	2.52485e-18
59639.833715	-5.0930820569e-15	1	2e-17	2.52485e-18
59639.833727	-9.1817134814e-15	1	2e-17	2.52485e-18
59639.833738	-8.3898604955e-15	1	2e-17	2.52485e-18
59639.833750	-7.9229869464e-15	1	2e-17	2.52485e-18
59639.833762	-9.5996259851e-15	1	2e-17	2.52485e-18
59639.833773	-9.0546958088e-15	1	2e-17	2.52485e-18
59639.833785	-9.7350750237e-15	1	2e-17	2.52485e-18
59639.833796	-7.9479337608e-15	1	2e-17	2.52485e-18
59639.833808	-8.1799809778e-15	1	2e-17	2.52485e-18
59639.833819	-7.8951602200e-15	1	2e-17	2.52485e-18
59639.833831	-1.0384293590e-14	1	2e-17	2.52485e-18
59639.833843	-8.2267482079e-15	1	2e-17	2.52485e-18
59639.833854	-8.2611546862e-15	1	2e-17	2.52485e-18
59639.833866	-9.1256797109e-15	1	2e-17	2.52485e-18
59639.833877	-7.7679494239e-15	1	2e-17	2.52485e-18
59639.833889	-8.2706905831e-15	1	2e-17	2.52485e-18
59639.833900	-1.0299251483e-14	1	2e-17	2.52485e-18
59639.833912	-1.0542846300e-14	1	2e-17	2.52485e-18
59639.833924	-9.5610504106e-15	1	2e-17	2.52485e-18
59639.833935	-8.1653256137e-15	1	2e-17	2.52485e-18
59639.833947	-1.0516845776e-14	1	2e-17	2.52485e-18
59639.833958	-9.3218796465e-15	1	2e-17	2.52485e-18
59639.833970	-9.2908282657e-15	1	2e-17	2.52485e-18
59639.833981	-9.8689367225e-15	1	2e-17	2.52485e-18
59639.833993	-7.3689884354e-15	1	2e-17	2.52485e-18
59639.834005	-1.2551163959e-14	1	2e-17	2.52485e-18
59639.834016	-1.1301208450e-14	1	2e-17	2.52485e-18
59639.834028	-9.3291709061e-15	1	2e-17	2.52485e-18
59639.834039	-1.0413902474e-14	1	2e-17	2.52485e-18
59639.834051	-8.9346415940e-15	1	2e-17	2.52485e-18
59639.834062	-8.1874374088e-15	1	2e-17	2.52485e-18
59639.834074	-7.4346428062e-15	1	2e-17	2.52485e-18
59639.834086	-8.4277008454e-15	1	2e-17	2.52485e-18
59639.834097	-8.8438362739e-15	1	2e-17	2.52485e-18
59639.834109	-8.6495709615e-15	1	2e-17	2.52485e-18
59639.834120	-7.8638191540e-15	1	2e-17	2.52485e-18
59639.834132	-7.5021140626e-15	1	2e-17	2.52485e-18
59639.834144	-6.0824910782e-15	1	2e-17	2.52485e-18
59639.834155	-7.9877316038e-15	1	2e-17	2.52485e-18
59639.834167	-9.7980231242e-15	1	2e-17	2.52485e-18
59639.834178	-8.5069416247e-15	1	2e-17	2.52485e-18
59639.834190	-6.7036033978e-15	1	2e-17	2.52485e-18
59639.834201	-9.3201915098e-15	1	2e-17	2.52485e-18
59639.834213	-9.0644222881e-15	1	2e-17	2.52485e-18
59639.834225	-1.3164220995e-14	1	2e-17	2.52485e-18
59639.834236	-9.0495390722e-15	1	2e-17	2.52485e-18
59639.834248	-9.1643882695e-15	1	2e-17	2.52485e-18
59639.834259	-7.5265145407e-15	1	2e-17	2.52485e-18
59639.834271	-9.3217475094e-15	1	2e-17	2.52485e-18
59639.834282	-8.0149781126e-15	1	2e-17	2.52485e-18
59639.834294	-8.0092276059e-15	1	2e-17	2.52485e-18
59639.834306	-1.0256567798e-14	1	2e-17	2.52485e-18
59639.834317	-1.0494131741e-14	1	2e-17	2.52485e-18
59639.834329	-1.0560989745e-14	1	2e-17	2.52485e-18
59639.834340	-8.0101856002e-15	1	2e-17	2.52485e-18
59639.834352	-1.0563670605e-14	1	2e-17	2.52485e-18
59639.834363	-1.0333487707e-14	1	2e-17	2.52485e-18
59639.834375	-7.4126275728e-15	1	2e-17	2.52485e-18
59639.834387	-8.2779039157e-15	1	2e-17	2.52485e-18
59639.834398	-8.9221351525e-15	1	2e-17	2.52485e-18
59639.834410	-9.6222553173e-15	1	2e-17	2.52485e-18
59639.834421	-1.0161888150e-14	1	2e-17	2.52485e-18
59639.834433	-9.4481172018e-15	1	2e-17	2.52485e-18
59639.834444	-9.3291302485e-15	1	2e-17	2.52485e-18
59639.834456	-8.1679014409e-15	1	2e-17	2.52485e-18
59639.834468	-7.1845114358e-15	1	2e-17	2.52485e-18
59639.834479	-8.6603316681e-15	1	2e-17	2.52485e-18
59639.834491	-7.3291041950e-15	1	2e-17	2.52485e-18
59639.834502	-1.1294572794e-14	1	2e-17	2.52485e-18
59639.834514	-7.6820416483e-15	1	2e-17	2.52485e-18
59639.834525	-1.0378542237e-14	1	2e-17	2.52485e-18
59639.834537	-8.3868077888e-15	1	2e-17	2.52485e-18
59639.834549	-1.0062552361e-14	1	2e-17	2.52485e-18
59639.834560	-8.3647688385e-15	1	2e-17	2.52485e-18
59639.834572	-7.4985192548e-15	1	2e-17	2.52485e-18
59639.834583	-9.5501490966e-15	1	2e-17	2.52485e-18
59639.834595	-8.6385087113e-15	1	2e-17	2.52485e-18
59639.834606	-9.8958622058e-15	1	2e-17	2.52485e-18
59639.834618	-8.4397092315e-15	1	2e-17	2.52485e-18
59639.834630	-7.4787986337e-15	1	2e-17	2.52485e-18
59639.834641	-9.4101099864e-15	1	2e-17	2.52485e-18
59639.834653	-7.9818540422e-15	1	2e-17	2.52485e-18
59639.834664	-9.1379464420e-15	1	2e-17	2.52485e-18
59639.834676	-6.9475107701e-15	1	2e-17	2.52485e-18
59639.834687	-8.7274056661e-15	1	2e-17	2.52485e-18
59639.834699	-8.1036497567e-15	1	2e-17	2.52485e-18
59639.834711	-9.1840504453e-15	1	2e-17	2.52485e-18
59639.834722	-1.0743372033e-14	1	2e-17	2.52485e-18
59639.834734	-8.9153309369e-15	1	2e-17	2.52485e-18
59639.834745	-1.2060790328e-14	1	2e-17	2.52485e-18
59639.834757	-1.0528556854e-14	1	2e-17	2.52485e-18
59639.834769	-1.1132523533e-14	1	2e-17	2.52485e-18
59639.834780	-9.7515633670e-15	1	2e-17	2.52485e-18
59639.834792	-9.4402796059e-15	1	2e-17	2.52485e-18
59639.834803	-1.1058851148e-14	1	2e-17	2.52485e-18
59639.834815	-9.2159463180e-15	1	2e-17	2.52485e-18
59639.834826	-8.8584001584e-15	1	2e-17	2.52485e-18
59639.834838	-6.3633350162e-15	1	2e-17	2.52485e-18
59639.834850	-1.0083419017e-14	1	2e-17	2.52485e-18
59639.834861	-8.7053438460e-15	1	2e-17	2.52485e-18
59639.834873	-1.1777656012e-14	1	2e-17	2.52485e-18
59639.834884	-8.7440515576e-15	1	2e-17	2.52485e-18
59639.834896	-7.2043540296e-15	1	2e-17	2.52485e-18
59639.834907	-9.7211099915e-15	1	2e-17	2.52485e-18
59639.834919	-6.3966649157e-15	1	2e-17	2.52485e-18
59639.834931	-9.8067297758e-15	1	2e-17	2.52485e-18
59639.834942	-7.6093746918e-15	1	2e-17	2.52485e-18
59639.834954	-9.2735979215e-15	1	2e-17	2.52485e-18
59639.834965	-8.7470534423e-15	1	2e-17	2.52485e-18
59639.834977	-1.0328264055e-14	1	2e-17	2.52485e-18
59639.834988	-7.2472206730e-15	1	2e-17	2.52485e-18
59639.835000	-9.0712121042e-15	1	2e-17	2.52485e-18
59639.835012	-6.3204717610e-15	1	2e-17	2.52485e-18
59639.835023	-4.8961180975e-15	1	2e-17	2.52485e-18
59639.835035	-5.8481365434e-15	1	2e-17	2.52485e-18
59639.835046	-6.3008078911e-15	1	2e-17	2.52485e-18
59639.835058	-8.1688331772e-15	1	2e-17	2.52485e-18
59639.835069	-9.6582669230e-15	1	2e-17	2.52485e-18
59639.835081	-5.0875077331e-15	1	2e-17	2.52485e-18
59639.835093	-8.6761093508e-15	1	2e-17	2.52485e-18
59639.835104	-8.3825717770e-15	1	2e-17	2.52485e-18
59639.835116	-8.0272744899e-15	1	2e-17	2.52485e-18
59639.835127	-8.8920214372e-15	1	2e-17	2.52485e-18
59639.835139	-9.8295446083e-15	1	2e-17	2.52485e-18
59639.835150	-1.0609719551e-14	1	2e-17	2.52485e-18
59639.835162	-9.9171184977e-15	1	2e-17	2.52485e-18
59639.835174	-8.4578848645e-15	1	2e-17	2.52485e-18
59639.835185	-9.7345566395e-15	1	2e-17	2.52485e-18
59639.835197	-6.7030740022e-15	1	2e-17	2.52485e-18
59639.835208	-8.4991734855e-15	1	2e-17	2.52485e-18
59639.835220	-7.9771843496e-15	1	2e-17	2.52485e-18
59639.835231	-9.9977111415e-15	1	2e-17	2.52485e-18
59639.835243	-9.6283912240e-15	1	2e-17	2.52485e-18
59639.835255	-1.0428968649e-14	1	2e-17	2.52485e-18
59639.835312	-8.9593258282e-15	1	2e-17	2.52485e-18
59639.835324	-1.1625516190e-14	1	2e-17	2.52485e-18
59639.835336	-1.0530877724e-14	1	2e-17	2.52485e-18
59639.835347	-7.1670261346e-15	1	2e-17	2.52485e-18
59639.835359	-7.0302370899e-15	1	2e-17	2.52485e-18
59639.835370	-1.0327392458e-14	1	2e-17	2.52485e-18
59639.835382	-7.1268242569e-15	1	2e-17	2.52485e-18
59639.835394	-8.3631374531e-15	1	2e-17	2.52485e-18
59639.835405	-8.3005103780e-15	1	2e-17	2.52485e-18
59639.835417	-8.3307342077e-15	1	2e-17	2.52485e-18
59639.835428	-9.5124662948e-15	1	2e-17	2.52485e-18
59639.835440	-7.0499255237e-15	1	2e-17	2.52485e-18
59639.835451	-8.6329284582e-15	1	2e-17	2.52485e-18
59639.835463	-7.1832756147e-15	1	2e-17	2.52485e-18
59639.835475	-1.0270432881e-14	1	2e-17	2.52485e-18
59639.835486	-8.1901513024e-15	1	2e-17	2.52485e-18
59639.835498	-9.4022537558e-15	1	2e-17	2.52485e-18
59639.835509	-1.0892315153e-14	1	2e-17	2.52485e-18
59639.835521	-8.5502800654e-15	1	2e-17	2.52485e-18
59639.835532	-6.9501653713e-15	1	2e-17	2.52485e-18
59639.835544	-4.1763679442e-15	1	2e-17	2.52485e-18
59639.835556	-6.2492498426e-15	1	2e-17	2.52485e-18
59639.835567	-9.4249906612e-15	1	2e-17	2.52485e-18
59639.835579	-7.8896790698e-15	1	2e-17	2.52485e-18
59639.835590	-9.0719549521e-15	1	2e-17	2.52485e-18
59639.835602	-9.1458035196e-15	1	2e-17	2.52485e-18
59639.835613	-8.0953674686e-15	1	2e-17	2.52485e-18
59639.835625	-8.4245744468e-15	1	2e-17	2.52485e-18
59639.835637	-7.4429013774e-15	1	2e-17	2.52485e-18
59639.835648	-6.5810648353e-15	1	2e-17	2.52485e-18
59639.835660	-5.9402988103e-15	1	2e-17	2.52485e-18
59639.835671	-8.6479319528e-15	1	2e-17	2.52485e-18
59639.835683	-5.7701248090e-15	1	2e-17	2.52485e-18
59639.835694	-6.7231969639e-15	1	2e-17	2.52485e-18
59639.835706	-7.2087696123e-15	1	2e-17	2.52485e-18
59639.835718	-4.8125117105e-15	1	2e-17	2.52485e-18
59639.835729	-7.8539961129e-15	1	2e-17	2.52485e-18
59639.835741	-8.4666753724e-15	1	2e-17	2.52485e-18
59639.835752	-6.8468104111e-15	1	2e-17	2.52485e-18
59639.835764	-8.5877621204e-15	1	2e-17	2.52485e-18
59639.835775	-6.0121704029e-15	1	2e-17	2.52485e-18
59639.835787	-8.3721278608e-15	1	2e-17	2.52485e-18
59639.835799	-9.5964928102e-15	1	2e-17	2.52485e-18
59639.835810	-9.8711229146e-15	1	2e-17	2.52485e-18
59639.835822	-7.7780113283e-15	1	2e-17	2.52485e-18
59639.835833	-8.7998650996e-15	1	2e-17	2.52485e-18
59639.835845	-6.6644459116e-15	1	2e-17	2.52485e-18
59639.835856	-7.9176243808e-15	1	2e-17	2.52485e-18
59639.835868	-1.0377139550e-14	1	2e-17	2.52485e-18
59639.835903	-7.9255695499e-15	1	2e-17	2.52485e-18
59639.835914	-9.4008747862e-15	1	2e-17	2.52485e-18
59639.835926	-8.2157850605e-15	1	2e-17	2.52485e-18
59639.835938	-7.0539836586e-15	1	2e-17	2.52485e-18
59639.835949	-8.1266094318e-15	1	2e-17	2.52485e-18
59639.835961	-9.0056187198e-15	1	2e-17	2.52485e-18
59639.835972	-9.2089074742e-15	1	2e-17	2.52485e-18
59639.835984	-1.0484434061e-14	1	2e-17	2.52485e-18
59639.835995	-1.0746374764e-14	1	2e-17	2.52485e-18
59639.836007	-8.1895990369e-15	1	2e-17	2.52485e-18
59639.836019	-9.2240388708e-15	1	2e-17	2.52485e-18
59639.836030	-8.9705278389e-15	1	2e-17	2.52485e-18
59639.836042	-7.7682704494e-15	1	2e-17	2.52485e-18
59639.836053	-5.8292917544e-15	1	2e-17	2.52485e-18
59639.836065	-7.0644157164e-15	1	2e-17	2.52485e-18
59639.836076	-9.4725041274e-15	1	2e-17	2.52485e-18
59639.836088	-9.0002426017e-15	1	2e-17	2.52485e-18
59639.836100	-9.1489062013e-15	1	2e-17	2.52485e-18
59639.836111	-9.3222565762e-15	1	2e-17	2.52485e-18
59639.836123	-7.7268835725e-15	1	2e-17	2.52485e-18
59639.836134	-7.7697739329e-15	1	2e-17	2.52485e-18
59639.836146	-7.6298601836e-15	1	2e-17	2.52485e-18
59639.836157	-8.0828982965e-15	1	2e-17	2.52485e-18
59639.836169	-9.5622896198e-15	1	2e-17	2.52485e-18
59639.836181	-9.8418884194e-15	1	2e-17	2.52485e-18
59639.836192	-7.1628731321e-15	1	2e-17	2.52485e-18
59639.836204	-7.1013082364e-15	1	2e-17	2.52485e-18
59639.836215	-1.0813873126e-14	1	2e-17	2.52485e-18
59639.836227	-1.4116678204e-14	1	2e-17	2.52485e-18
59639.836238	-7.1130387957e-15	1	2e-17	2.52485e-18
59639.836250	-8.4365684333e-15	1	2e-17	2.52485e-18
59639.836262	-8.2518432530e-15	1	2e-17	2.52485e-18
59639.836273	-9.0874954656e-15	1	2e-17	2.52485e-18
59639.836285	-7.9197936322e-15	1	2e-17	2.52485e-18
59639.836296	-9.9772790127e-15	1	2e-17	2.52485e-18
59639.836308	-8.6528845544e-15	1	2e-17	2.52485e-18
59639.836319	-6.3048617908e-15	1	2e-17	2.52485e-18
59639.836331	-5.4173652326e-15	1	2e-17	2.52485e-18
59639.836343	-6.9620111271e-15	1	2e-17	2.52485e-18
59639.836354	-7.6713893620e-15	1	2e-17	2.52485e-18
59639.836366	-7.8208593369e-15	1	2e-17	2.52485e-18
59639.836377	-7.3348115030e-15	1	2e-17	2.52485e-18
59639.836389	-6.7271178794e-15	1	2e-17	2.52485e-18
59639.836400	-6.5658800757e-15	1	2e-17	2.52485e-18
59639.836412	-7.8468522370e-15	1	2e-17	2.52485e-18
59639.836424	-7.2696805986e-15	1	2e-17	2.52485e-18
59639.836435	-8.8486533503e-15	1	2e-17	2.52485e-18
59639.836447	-9.8849769854e-15	1	2e-17	2.52485e-18
59639.836458	-7.8188882913e-15	1	2e-17	2.52485e-18
59639.836470	-8.7430376591e-15	1	2e-17	2.52485e-18
59639.836481	-8.8926329950e-15	1	2e-17	2.52485e-18
59639.836493	-8.5301333868e-15	1	2e-17	2.52485e-18
59639.836505	-5.6404864164e-15	1	2e-17	2.52485e-18
59639.836516	-7.7118029979e-15	1	2e-17	2.52485e-18
59639.836528	-8.2477774949e-15	1	2e-17	2.52485e-18
59639.836539	-7.0599628642e-15	1	2e-17	2.52485e-18
59639.836551	-8.3315490534e-15	1	2e-17	2.52485e-18
59639.836563	-7.7085402270e-15	1	2e-17	2.52485e-18
59639.836574	-1.1707065981e-14	1	2e-17	2.52485e-18
59639.836586	-1.1583827769e-14	1	2e-17	2.52485e-18
59639.836597	-8.0860518002e-15	1	2e-17	2.52485e-18
59639.836609	-7.5555609946e-15	1	2e-17	2.52485e-18
59639.836620	-6.5330499257e-15	1	2e-17	2.52485e-18
59639.836632	-7.7327992506e-15	1	2e-17	2.52485e-18
59639.836644	-7.8909386078e-15	1	2e-17	2.52485e-18
59639.836655	-9.1265877302e-15	1	2e-17	2.52485e-18
59639.836667	-8.9035741196e-15	1	2e-17	2.52485e-18
59639.836678	-6.9850360237e-15	1	2e-17	2.52485e-18
59639.836690	-8.4864832379e-15	1	2e-17	2.52485e-18
59639.836701	-8.3459189673e-15	1	2e-17	2.52485e-18
59639.836713	-7.6711826859e-15	1	2e-17	2.52485e-18
59639.836725	-1.0115770594e-14	1	2e-17	2.52485e-18
59639.836736	-1.0118235460e-14	1	2e-17	2.52485e-18
59639.836748	-1.0492015853e-14	1	2e-17	2.52485e-18
59639.836759	-1.0105286020e-14	1	2e-17	2.52485e-18
59639.836771	-9.6664365558e-15	1	2e-17	2.52485e-18
59639.836782	-4.6519498391e-15	1	2e-17	2.52485e-18
59639.836794	-5.9323112896e-15	1	2e-17	2.52485e-18
59639.836806	-3.9343130330e-15	1	2e-17	2.52485e-18
59639.836817	-6.9684612830e-15	1	2e-17	2.52485e-18
59639.836829	-7.8050409966e-15	1	2e-17	2.52485e-18
59639.836840	-6.9359445352e-15	1	2e-17	2.52485e-18
59639.836852	-9.2996424905e-15	1	2e-17	2.52485e-18
59639.836863	-5.9495373987e-15	1	2e-17	2.52485e-18
59639.836875	-4.8967974180e-15	1	2e-17	2.52485e-18
59639.836887	-7.0357783794e-15	1	2e-17	2.52485e-18
59639.836898	-8.6545743852e-15	1	2e-17	2.52485e-18
59639.836910	-8.0951336875e-15	1	2e-17	2.52485e-18
59639.836921	-8.0433833625e-15	1	2e-17	2.52485e-18
59639.836933	-9.0325484383e-15	1	2e-17	2.52485e-18
59639.836944	-5.8222249586e-15	1	2e-17	2.52485e-18
59639.836956	-8.6044842448e-15	1	2e-17	2.52485e-18
59639.836968	-9.7429515830e-15	1	2e-17	2.52485e-18
59639.836979	-9.1601149883e-15	1	2e-17	2.52485e-18
59639.836991	-1.2310972520e-14	1	2e-17	2.52485e-18
59639.837002	-1.0732280136e-14	1	2e-17	2.52485e-18
59639.837014	-9.4680546633e-15	1	2e-17	2.52485e-18
59639.837025	-9.8627372884e-15	1	2e-17	2.52485e-18
59639.837037	-1.0404823128e-14	1	2e-17	2.52485e-18
59639.837049	-6.4132345742e-15	1	2e-17	2.52485e-18
59639.837060	-8.5284799784e-15	1	2e-17	2.52485e-18
59639.837072	-1.1141563915e-14	1	2e-17	2.52485e-18
59639.837083	-8.6403984418e-15	1	2e-17	2.52485e-18
59639.837095	-9.1055016920e-15	1	2e-17	2.52485e-18
59639.837106	-1.0375928293e-14	1	2e-17	2.52485e-18
59639.837118	-1.2556582429e-14	1	2e-17	2.52485e-18
59639.837130	-1.0029471489e-14	1	2e-17	2.52485e-18
59639.837141	-8.6967168154e-15	1	2e-17	2.52485e-18
59639.837153	-8.1509946633e-15	1	2e-17	2.52485e-18
59639.837164	-7.4472695263e-15	1	2e-17	2.52485e-18
59639.837176	-4.9856274572e-15	1	2e-17	2.52485e-18
59639.837188	-8.7305659460e-15	1	2e-17	2.52485e-18
59639.837199	-8.8597494819e-15	1	2e-17	2.52485e-18
59639.837211	-1.1274812362e-14	1	2e-17	2.52485e-18
59639.837222	-8.7339269728e-15	1	2e-17	2.52485e-18
59639.837234	-9.4163322905e-15	1	2e-17	2.52485e-18
59639.837245	-8.7369839147e-15	1	2e-17	2.52485e-18
59639.837257	-7.9780186770e-15	1	2e-17	2.52485e-18
59639.837269	-6.8914431182e-15	1	2e-17	2.52485e-18
59639.837280	-8.1749148737e-15	1	2e-17	2.52485e-18
59639.837292	-8.0600131604e-15	1	2e-17	2.52485e-18
59639.837303	-6.0271950733e-15	1	2e-17	2.52485e-18
59639.837315	-1.0071630013e-14	1	2e-17	2.52485e-18
59639.837326	-8.7814023224e-15	1	2e-17	2.52485e-18
59639.837338	-9.8674603441e-15	1	2e-17	2.52485e-18
59639.837350	-9.8778331096e-15	1	2e-17	2.52485e-18
59639.837361	-8.6568325750e-15	1	2e-17	2.52485e-18
59639.837373	-9.9555551587e-15	1	2e-17	2.52485e-18
59639.837384	-7.3705054714e-15	1	2e-17	2.52485e-18
59639.837396	-8.1504169868e-15	1	2e-17	2.52485e-18
59639.837407	-9.9952013829e-15	1	2e-17	2.52485e-18
59639.837419	-8.0887055544e-15	1	2e-17	2.52485e-18
59639.837431	-9.0731958554e-15	1	2e-17	2.52485e-18
59639.837442	-9.5268667019e-15	1	2e-17	2.52485e-18
59639.837454	-8.0490339193e-15	1	2e-17	2.52485e-18
59639.837465	-6.5161871938e-15	1	2e-17	2.52485e-18
59639.837477	-6.7441059722e-15	1	2e-17	2.52485e-18
59639.837488	-6.7050518241e-15	1	2e-17	2.52485e-18
59639.837500	-6.3882377849e-15	1	2e-17	2.52485e-18
59639.837512	-5.5523899077e-15	1	2e-17	2.52485e-18
59639.837523	-5.9331346056e-15	1	2e-17	2.52485e-18
59639.837535	-5.9100809099e-15	1	2e-17	2.52485e-18
59639.837546	-5.6677117494e-15	1	2e-17	2.52485e-18
59639.837558	-7.3141269584e-15	1	2e-17	2.52485e-18
59639.837569	-8.8453041820e-15	1	2e-17	2.52485e-18
59639.837581	-6.9766436213e-15	1	2e-17	2.52485e-18
59639.837593	-8.2551534578e-15	1	2e-17	2.52485e-18
59639.837604	-7.4487814801e-15	1	2e-17	2.52485e-18
59639.837616	-8.4931968210e-15	1	2e-17	2.52485e-18
59639.837627	-1.0130076133e-14	1	2e-17	2.52485e-18
59639.837639	-9.1748474324e-15	1	2e-17	2.52485e-18
59639.837650	-8.6694228727e-15	1	2e-17	2.52485e-18
59639.837662	-1.0656358879e-14	1	2e-17	2.52485e-18
59639.837674	-1.0561241314e-14	1	2e-17	2.52485e-18
59639.837685	-8.9158611795e-15	1	2e-17	2.52485e-18
59639.837697	-9.2611617837e-15	1	2e-17	2.52485e-18
59639.837708	-9.2066416611e-15	1	2e-17	2.52485e-18
59639.837720	-1.0013501530e-14	1	2e-17	2.52485e-18
59639.837731	-8.4481304331e-15	1	2e-17	2.52485e-18
59639.837743	-1.0430436557e-14	1	2e-17	2.52485e-18
59639.837755	-1.0901186129e-14	1	2e-17	2.52485e-18
59639.837766	-8.1486560053e-15	1	2e-17	2.52485e-18
59639.837778	-7.4585511581e-15	1	2e-17	2.52485e-18
59639.837789	-8.2355217752e-15	1	2e-17	2.52485e-18
59639.837801	-7.8110168141e-15	1	2e-17	2.52485e-18
59639.837813	-1.0342607711e-14	1	2e-17	2.52485e-18
59639.837824	-8.5553487106e-15	1	2e-17	2.52485e-18
59639.837836	-9.8913661550e-15	1	2e-17	2.52485e-18
59639.837847	-9.5347458024e-15	1	2e-17	2.52485e-18
59639.837859	-8.8659870325e-15	1	2e-17	2.52485e-18
59639.837870	-7.7748188611e-15	1	2e-17	2.52485e-18
59639.837882	-9.1307441209e-15	1	2e-17	2.52485e-18
59639.837894	-7.3167468313e-15	1	2e-17	2.52485e-18
59639.837905	-8.1442150116e-15	1	2e-17	2.52485e-18
59639.837917	-7.0631494021e-15	1	2e-17	2.52485e-18
59639.837928	-1.0293537398e-14	1	2e-17	2.52485e-18
59639.837940	-9.1148580179e-15	1	2e-17	2.52485e-18
59639.837951	-9.8735132415e-15	1	2e-17	2.52485e-18
59639.837963	-1.0338303937e-14	1	2e-17	2.52485e-18
59639.837975	-9.4740516566e-15	1	2e-17	2.52485e-18
59639.837986	-9.5107934047e-15	1	2e-17	2.52485e-18
59639.837998	-7.5978745254e-15	1	2e-17	2.52485e-18
59639.838009	-9.7832551047e-15	1	2e-17	2.52485e-18
59639.838021	-8.2004435997e-15	1	2e-17	2.52485e-18
59639.838032	-1.1551822629e-14	1	2e-17	2.52485e-18
59639.838044	-9.5845183054e-15	1	2e-17	2.52485e-18
59639.838056	-8.7287084028e-15	1	2e-17	2.52485e-18
59639.838067	-7.4957460689e-15	1	2e-17	2.52485e-18
59639.838079	-8.0136033782e-15	1	2e-17	2.52485e-18
59639.838090	-5.1703162151e-15	1	2e-17	2.52485e-18
59639.838102	-6.7718776414e-15	1	2e-17	2.52485e-18
59639.838113	-1.0030806413e-14	1	2e-17	2.52485e-18
59639.838125	-8.7379503793e-15	1	2e-17	2.52485e-18
59639.838137	-8.4665957513e-15	1	2e-17	2.52485e-18
59639.838148	-9.2850032201e-15	1	2e-17	2.52485e-18
59639.838160	-7.5277291860e-15	1	2e-17	2.52485e-18
59639.838171	-9.3087955286e-15	1	2e-17	2.52485e-18
59639.838183	-9.4650375320e-15	1	2e-17	2.52485e-18
59639.838194	-9.4101413266e-15	1	2e-17	2.52485e-18
59639.838206	-8.6096409814e-15	1	2e-17	2.52485e-18
59639.838218	-8.6024437424e-15	1	2e-17	2.52485e-18
59639.838229	-8.9305521189e-15	1	2e-17	2.52485e-18
59639.838241	-5.6273938282e-15	1	2e-17	2.52485e-18
59639.838252	-8.1668706018e-15	1	2e-17	2.52485e-18
59639.838264	-1.1074987973e-14	1	2e-17	2.52485e-18
59639.838275	-1.0501557679e-14	1	2e-17	2.52485e-18
59639.838287	-9.1416835514e-15	1	2e-17	2.52485e-18
59639.838299	-8.0296715932e-15	1	2e-17	2.52485e-18
59639.838310	-1.1123275627e-14	1	2e-17	2.52485e-18
59639.838322	-1.1061970770e-14	1	2e-17	2.52485e-18
59639.838333	-9.5532119677e-15	1	2e-17	2.52485e-18
59639.838345	-9.8687342816e-15	1	2e-17	2.52485e-18
59639.838356	-9.1628957975e-15	1	2e-17	2.52485e-18
59639.838368	-1.0031335808e-14	1	2e-17	2.52485e-18
59639.838380	-1.0197528755e-14	1	2e-17	2.52485e-18
59639.838391	-8.5055829838e-15	1	2e-17	2.52485e-18
59639.838403	-8.1477183399e-15	1	2e-17	2.52485e-18
59639.838414	-1.2756690574e-14	1	2e-17	2.52485e-18
59639.838426	-9.2179910555e-15	1	2e-17	2.52485e-18
59639.838438	-9.6799272496e-15	1	2e-17	2.52485e-18
59639.838449	-8.1680064730e-15	1	2e-17	2.52485e-18
59639.838461	-7.6512248956e-15	1	2e-17	2.52485e-18
59639.838472	-9.7069027078e-15	1	2e-17	2.52485e-18
59639.838484	-9.8632683780e-15	1	2e-17	2.52485e-18
59639.838495	-9.3960356870e-15	1	2e-17	2.52485e-18
59639.838507	-1.0487091203e-14	1	2e-17	2.52485e-18
59639.838519	-9.1040515716e-15	1	2e-17	2.52485e-18
59639.838530	-7.7451938838e-15	1	2e-17	2.52485e-18
59639.838542	-6.8661854427e-15	1	2e-17	2.52485e-18
59639.838553	-7.6540505975e-15	1	2e-17	2.52485e-18
59639.838565	-8.2564214661e-15	1	2e-17	2.52485e-18
59639.838576	-8.4459840516e-15	1	2e-17	2.52485e-18
59639.838588	-8.5299732975e-15	1	2e-17	2.52485e-18
59639.838600	-7.7501803667e-15	1	2e-17	2.52485e-18
59639.838611	-9.5182261188e-15	1	2e-17	2.52485e-18
59639.838623	-9.0750754215e-15	1	2e-17	2.52485e-18
59639.838634	-6.5052689391e-15	1	2e-17	2.52485e-18
59639.838646	-9.2898025088e-15	1	2e-17	2.52485e-18
59639.838657	-1.1073173628e-14	1	2e-17	2.52485e-18
59639.838669	-9.5242773222e-15	1	2e-17	2.52485e-18
59639.838681	-8.1971833699e-15	1	2e-17	2.52485e-18
59639.838692	-6.7111640138e-15	1	2e-17	2.52485e-18
59639.838704	-1.0040238972e-14	1	2e-17	2.52485e-18
59639.838715	-8.6789994272e-15	1	2e-17	2.52485e-18
59639.838727	-9.2873367959e-15	1	2e-17	2.52485e-18
59639.838738	-8.3684288679e-15	1	2e-17	2.52485e-18
59639.838750	-7.4798921533e-15	1	2e-17	2.52485e-18
59639.838762	-6.7023870584e-15	1	2e-17	2.52485e-18
59639.838773	-8.7701977706e-15	1	2e-17	2.52485e-18
59639.838785	-1.0363791158e-14	1	2e-17	2.52485e-18
59639.838796	-7.1546221841e-15	1	2e-17	2.52485e-18
59639.838808	-8.4700491046e-15	1	2e-17	2.52485e-18
59639.838819	-9.2103423480e-15	1	2e-17	2.52485e-18
59639.838854	-1.0719368813e-14	1	2e-17	2.52485e-18
59639.838866	-1.3026161401e-14	1	2e-17	2.52485e-18
59639.838877	-1.1694724711e-14	1	2e-17	2.52485e-18
59639.838889	-8.9187504089e-15	1	2e-17	2.52485e-18
59639.838900	-7.7312025935e-15	1	2e-17	2.52485e-18
59639.838912	-1.0413606013e-14	1	2e-17	2.52485e-18
59639.838924	-7.9030545671e-15	1	2e-17	2.52485e-18
59639.838935	-8.3345992190e-15	1	2e-17	2.52485e-18
59639.838947	-8.6089769075e-15	1	2e-17	2.52485e-18
59639.838958	-1.0682776990e-14	1	2e-17	2.52485e-18
59639.838970	-1.0991028373e-14	1	2e-17	2.52485e-18
59639.838981	-8.2570135421e-15	1	2e-17	2.52485e-18
59639.838993	-6.9019793610e-15	1	2e-17	2.52485e-18
59639.839005	-6.6679212878e-15	1	2e-17	2.52485e-18
59639.839016	-8.7959119968e-15	1	2e-17	2.52485e-18
59639.839028	-8.7530555178e-15	1	2e-17	2.52485e-18
59639.839039	-8.4449498243e-15	1	2e-17	2.52485e-18
59639.839051	-1.0199744593e-14	1	2e-17	2.52485e-18
59639.839063	-1.1650112332e-14	1	2e-17	2.52485e-18
59639.839074	-1.1763258993e-14	1	2e-17	2.52485e-18
59639.839086	-1.1545801919e-14	1	2e-17	2.52485e-18
59639.839097	-1.0266914306e-14	1	2e-17	2.52485e-18
59639.839109	-8.6108048046e-15	1	2e-17	2.52485e-18
59639.839120	-9.0653184490e-15	1	2e-17	2.52485e-18
59639.839132	-8.6414275868e-15	1	2e-17	2.52485e-18
59639.839144	-1.0426319130e-14	1	2e-17	2.52485e-18
59639.839155	-1.0102988867e-14	1	2e-17	2.52485e-18
59639.839167	-9.1788911676e-15	1	2e-17	2.52485e-18
59639.839178	-7.8097445706e-15	1	2e-17	2.52485e-18
59639.839190	-1.0463298895e-14	1	2e-17	2.52485e-18
59639.839201	-1.0299841865e-14	1	2e-17	2.52485e-18
59639.839213	-1.2163941153e-14	1	2e-17	2.52485e-18
59639.839225	-9.9828711243e-15	1	2e-17	2.52485e-18
59639.839236	-1.2134341587e-14	1	2e-17	2.52485e-18
59639.839248	-1.1047338276e-14	1	2e-17	2.52485e-18
59639.839259	-1.0167427745e-14	1	2e-17	2.52485e-18
59639.839271	-9.9929914739e-15	1	2e-17	2.52485e-18
59639.839282	-9.3922909543e-15	1	2e-17	2.52485e-18
59639.839294	-8.5782558696e-15	1	2e-17	2.52485e-18
59639.839306	-7.6521710314e-15	1	2e-17	2.52485e-18
59639.839317	-9.2006827843e-15	1	2e-17	2.52485e-18
59639.839329	-1.0819861649e-14	1	2e-17	2.52485e-18
59639.839340	-8.6621095903e-15	1	2e-17	2.52485e-18
59639.839352	-7.6004478115e-15	1	2e-17	2.52485e-18
59639.839363	-5.8111034160e-15	1	2e-17	2.52485e-18
59639.839375	-6.1262411769e-15	1	2e-17	2.52485e-18
59639.839387	-8.7351814286e-15	1	2e-17	2.52485e-18
59639.839398	-8.2738110525e-15	1	2e-17	2.52485e-18
59639.839410	-8.6101703770e-15	1	2e-17	2.52485e-18
59639.839421	-8.9644402131e-15	1	2e-17	2.52485e-18
59639.839433	-9.4570330706e-15	1	2e-17	2.52485e-18
59639.839444	-9.3674076674e-15	1	2e-17	2.52485e-18
59639.839456	-1.0157093943e-14	1	2e-17	2.52485e-18
59639.839468	-1.0495137169e-14	1	2e-17	2.52485e-18
59639.839479	-8.7683376862e-15	1	2e-17	2.52485e-18
59639.839491	-9.0746535991e-15	1	2e-17	2.52485e-18
59639.839502	-9.0589961951e-15	1	2e-17	2.52485e-18
59639.839514	-6.3886884064e-15	1	2e-17	2.52485e-18
59639.839525	-8.0171583754e-15	1	2e-17	2.52485e-18
59639.839537	-9.3305253118e-15	1	2e-17	2.52485e-18
59639.839549	-7.6385990225e-15	1	2e-17	2.52485e-18
59639.839560	-6.2711719024e-15	1	2e-17	2.52485e-18
59639.839572	-7.6490471739e-15	1	2e-17	2.52485e-18
59639.839583	-7.5749385673e-15	1	2e-17	2.52485e-18
59639.839595	-8.4027286201e-15	1	2e-17	2.52485e-18
59639.839606	-7.6626420527e-15	1	2e-17	2.52485e-18
59639.839618	-6.7034263679e-15	1	2e-17	2.52485e-18
59639.839630	-8.9952874590e-15	1	2e-17	2.52485e-18
59639.839688	-1.0929035725e-14	1	2e-17	2.52485e-18
59639.839699	-9.3854926679e-15	1	2e-17	2.52485e-18
59639.839711	-9.0649381312e-15	1	2e-17	2.52485e-18
59639.839722	-8.5692307335e-15	1	2e-17	2.52485e-18
59639.839734	-8.1395444719e-15	1	2e-17	2.52485e-18
59639.839745	-9.4310189947e-15	1	2e-17	2.52485e-18
59639.839757	-9.2784116097e-15	1	2e-17	2.52485e-18
59639.839769	-1.0245279390e-14	1	2e-17	2.52485e-18
59639.839780	-8.7715945279e-15	1	2e-17	2.52485e-18
59639.839792	-7.8425560859e-15	1	2e-17	2.52485e-18
59639.839803	-8.2774736230e-15	1	2e-17	2.52485e-18
59639.839815	-9.7786082820e-15	1	2e-17	2.52485e-18
59639.839826	-1.1177490818e-14	1	2e-17	2.52485e-18
59639.839838	-8.7592727396e-15	1	2e-17	2.52485e-18
59639.839850	-8.8262637284e-15	1	2e-17	2.52485e-18
59639.839861	-9.3403339533e-15	1	2e-17	2.52485e-18
59639.839873	-7.1165421239e-15	1	2e-17	2.52485e-18
59639.839884	-8.9989203833e-15	1	2e-17	2.52485e-18
59639.839896	-7.9239466348e-15	1	2e-17	2.52485e-18
59639.839907	-8.3965766198e-15	1	2e-17	2.52485e-18
59639.839919	-7.3984236774e-15	1	2e-17	2.52485e-18
59639.839931	-7.6693463185e-15	1	2e-17	2.52485e-18
59639.839942	-7.5862964321e-15	1	2e-17	2.52485e-18
59639.839954	-7.2261278585e-15	1	2e-17	2.52485e-18
59639.839965	-8.4784999524e-15	1	2e-17	2.52485e-18
59639.839977	-7.8473138699e-15	1	2e-17	2.52485e-18
59639.839988	-7.8618870718e-15	1	2e-17	2.52485e-18
59639.840000	-5.2249371347e-15	1	2e-17	2.52485e-18
59639.840012	-7.4718258585e-15	1	2e-17	2.52485e-18
59639.840023	-7.0003368269e-15	1	2e-17	2.52485e-18
59639.840035	-6.0189805478e-15	1	2e-17	2.52485e-18
59639.840046	-9.0786761586e-15	1	2e-17	2.52485e-18
59639.840058	-9.4196365660e-15	1	2e-17	2.52485e-18
59639.840069	-7.9523925422e-15	1	2e-17	2.52485e-18
59639.840081	-1.0307127195e-14	1	2e-17	2.52485e-18
59639.840093	-1.0499146176e-14	1	2e-17	2.52485e-18
59639.840104	-9.3214222487e-15	1	2e-17	2.52485e-18
59639.840116	-7.0262755168e-15	1	2e-17	2.52485e-18
59639.840127	-8.3260848438e-15	1	2e-17	2.52485e-18
59639.840139	-9.0527882906e-15	1	2e-17	2.52485e-18
59639.840150	-8.0035770492e-15	1	2e-17	2.52485e-18
59639.840162	-8.9261754997e-15	1	2e-17	2.52485e-18
59639.840174	-9.1689851173e-15	1	2e-17	2.52485e-18
59639.840185	-1.0252242848e-14	1	2e-17	2.52485e-18
59639.840197	-8.5177175778e-15	1	2e-17	2.52485e-18
59639.840208	-9.4963303172e-15	1	2e-17	2.52485e-18
59639.840220	-8.6460786447e-15	1	2e-17	2.52485e-18
59639.840231	-7.0682061888e-15	1	2e-17	2.52485e-18
59639.840243	-9.3109647799e-15	1	2e-17	2.52485e-18
59639.840255	-9.5088409938e-15	1	2e-17	2.52485e-18
59639.840266	-7.0554041328e-15	1	2e-17	2.52485e-18
59639.840278	-9.0402259450e-15	1	2e-17	2.52485e-18
59639.840289	-8.0930423631e-15	1	2e-17	2.52485e-18
59639.840301	-9.9805248430e-15	1	2e-17	2.52485e-18
59639.840313	-5.9220706613e-15	1	2e-17	2.52485e-18
59639.840324	-1.0879142097e-14	1	2e-17	2.52485e-18
59639.840336	-1.4141636877e-14	1	2e-17	2.52485e-18
59639.840347	-8.6995365881e-15	1	2e-17	2.52485e-18
59639.840359	-7.8744087599e-15	1	2e-17	2.52485e-18
59639.840370	-6.5118520792e-15	1	2e-17	2.52485e-18
59639.840382	-6.9589990779e-15	1	2e-17	2.52485e-18
59639.840394	-1.0722490976e-14	1	2e-17	2.52485e-18
59639.840405	-8.9276611955e-15	1	2e-17	2.52485e-18
59639.840417	-8.6189803667e-15	1	2e-17	2.52485e-18
59639.840428	-8.0601283568e-15	1	2e-17	2.52485e-18
59639.840440	-8.3021671745e-15	1	2e-17	2.52485e-18
59639.840451	-6.5513416022e-15	1	2e-17	2.52485e-18
59639.840463	-7.1242374183e-15	1	2e-17	2.52485e-18
59639.840475	-9.9460607664e-15	1	2e-17	2.52485e-18
59639.840486	-9.2909925901e-15	1	2e-17	2.52485e-18
59639.840498	-1.0021705891e-14	1	2e-17	2.52485e-18
59639.840509	-1.0924996225e-14	1	2e-17	2.52485e-18
59639.840521	-1.0377529185e-14	1	2e-17	2.52485e-18
59639.840532	-6.8366688856e-15	1	2e-17	2.52485e-18
59639.840544	-6.9287151090e-15	1	2e-17	2.52485e-18
59639.840556	-9.5291265858e-15	1	2e-17	2.52485e-18
59639.840567	-9.0997816785e-15	1	2e-17	2.52485e-18
59639.840579	-9.7667396563e-15	1	2e-17	2.52485e-18
59639.840590	-8.0036693757e-15	1	2e-17	2.52485e-18
59639.840602	-7.1603565972e-15	1	2e-17	2.52485e-18
59639.840613	-9.6390189464e-15	1	2e-17	2.52485e-18
59639.840625	-9.5967206621e-15	1	2e-17	2.52485e-18
59639.840637	-1.1187263037e-14	1	2e-17	2.52485e-18
59639.840648	-8.9161008898e-15	1	2e-17	2.52485e-18
59639.840660	-7.9464184188e-15	1	2e-17	2.52485e-18
59639.840671	-7.5612200217e-15	1	2e-17	2.52485e-18
59639.840683	-9.2688833361e-15	1	2e-17	2.52485e-18
59639.840694	-7.5341158144e-15	1	2e-17	2.52485e-18
59639.840706	-5.7132855101e-15	1	2e-17	2.52485e-18
59639.840718	-8.9030066075e-15	1	2e-17	2.52485e-18
59639.840729	-8.8396527782e-15	1	2e-17	2.52485e-18
59639.840741	-7.8085511012e-15	1	2e-17	2.52485e-18
59639.840752	-9.4964836301e-15	1	2e-17	2.52485e-18
59639.840764	-8.5155661141e-15	1	2e-17	2.52485e-18
59639.840775	-9.8490187428e-15	1	2e-17	2.52485e-18
59639.840787	-1.1016175934e-14	1	2e-17	2.52485e-18
59639.840799	-9.1471824893e-15	1	2e-17	2.52485e-18
59639.840810	-7.7514576924e-15	1	2e-17	2.52485e-18
59639.840822	-8.1562767608e-15	1	2e-17	2.52485e-18
59639.840833	-9.8095334549e-15	1	2e-17	2.52485e-18
59639.840845	-8.3855770499e-15	1	2e-17	2.52485e-18
59639.840856	-1.0122868730e-14	1	2e-17	2.52485e-18
59639.840868	-7.7460858095e-15	1	2e-17	2.52485e-18
59639.840880	-8.6538205258e-15	1	2e-17	2.52485e-18
59639.840891	-9.6725241816e-15	1	2e-17	2.52485e-18
59639.840903	-6.7505688336e-15	1	2e-17	2.52485e-18
59639.840914	-4.3582343883e-15	1	2e-17	2.52485e-18
59639.840926	-5.7145213312e-15	1	2e-17	2.52485e-18
59639.840938	-7.1597306398e-15	1	2e-17	2.52485e-18
59639.840949	-8.1932743129e-15	1	2e-17	2.52485e-18
59639.840961	-7.5722475436e-15	1	2e-17	2.52485e-18
59639.840972	-9.9522576595e-15	1	2e-17	2.52485e-18
59639.840984	-8.6703275039e-15	1	2e-17	2.52485e-18
59639.840995	-5.7744827935e-15	1	2e-17	2.52485e-18
59639.841007	-6.7460329721e-15	1	2e-17	2.52485e-18
59639.841019	-7.5864929437e-15	1	2e-17	2.52485e-18
59639.841030	-9.2415402655e-15	1	2e-17	2.52485e-18
59639.841042	-1.0285499903e-14	1	2e-17	2.52485e-18
59639.841053	-8.6149374784e-15	1	2e-17	2.52485e-18
59639.841065	-8.5041735210e-15	1	2e-17	2.52485e-18
59639.841076	-1.0018510883e-14	1	2e-17	2.52485e-18
59639.841088	-1.1115965733e-14	1	2e-17	2.52485e-18
59639.841100	-1.0699354271e-14	1	2e-17	2.52485e-18
59639.841111	-1.0860208369e-14	1	2e-17	2.52485e-18
59639.841123	-9.1641705821e-15	1	2e-17	2.52485e-18
59639.841134	-9.4706601367e-15	1	2e-17	2.52485e-18
59639.841146	-6.4921136704e-15	1	2e-17	2.52485e-18
59639.841157	-6.5635939338e-15	1	2e-17	2.52485e-18
59639.841169	-9.9460997300e-15	1	2e-17	2.52485e-18
59639.841181	-1.0754297911e-14	1	2e-17	2.52485e-18
59639.841192	-1.1891616672e-14	1	2e-17	2.52485e-18
59639.841204	-6.7496447206e-15	1	2e-17	2.52485e-18
59639.841215	-6.2705688149e-15	1	2e-17	2.52485e-18
59639.841227	-1.0317052727e-14	1	2e-17	2.52485e-18
59639.841238	-1.0565429045e-14	1	2e-17	2.52485e-18
59639.841250	-8.2830403235e-15	1	2e-17	2.52485e-18
59639.841262	-6.0309457352e-15	1	2e-17	2.52485e-18
59639.841273	-8.9590014145e-15	1	2e-17	2.52485e-18
59639.841285	-9.9506813312e-15	1	2e-17	2.52485e-18
59639.841296	-7.7575614118e-15	1	2e-17	2.52485e-18
59639.841308	-8.4833966498e-15	1	2e-17	2.52485e-18
59639.841319	-7.9910511259e-15	1	2e-17	2.52485e-18
59639.841331	-1.1111828824e-14	1	2e-17	2.52485e-18
59639.841343	-7.0913530581e-15	1	2e-17	2.52485e-18
59639.841354	-7.6442173921e-15	1	2e-17	2.52485e-18
59639.841366	-1.1992256045e-14	1	2e-17	2.52485e-18
59639.841377	-1.0574438088e-14	1	2e-17	2.52485e-18
59639.841389	-9.5441097516e-15	1	2e-17	2.52485e-18
59639.841400	-8.5447455521e-15	1	2e-17	2.52485e-18
59639.841412	-9.0038382566e-15	1	2e-17	2.52485e-18
59639.841424	-7.9476838861e-15	1	2e-17	2.52485e-18
59639.841435	-5.7199457302e-15	1	2e-17	2.52485e-18
59639.841447	-9.4936562341e-15	1	2e-17	2.52485e-18
59639.841458	-1.0185350962e-14	1	2e-17	2.52485e-18
59639.841470	-8.4627951145e-15	1	2e-17	2.52485e-18
59639.841481	-1.1126058977e-14	1	2e-17	2.52485e-18
59639.841493	-9.5734941716e-15	1	2e-17	2.52485e-18
59639.841505	-9.7750397322e-15	1	2e-17	2.52485e-18
59639.841516	-8.4524231960e-15	1	2e-17	2.52485e-18
59639.841528	-8.7240641211e-15	1	2e-17	2.52485e-18
59639.841539	-8.2856042922e-15	1	2e-17	2.52485e-18
59639.841551	-8.7344334985e-15	1	2e-17	2.52485e-18
59639.841563	-9.5350371817e-15	1	2e-17	2.52485e-18
59639.841574	-8.8849681939e-15	1	2e-17	2.52485e-18
59639.841586	-9.1463981368e-15	1	2e-17	2.52485e-18
59639.841597	-9.5529095769e-15	1	2e-17	2.52485e-18
59639.841609	-1.0661338586e-14	1	2e-17	2.52485e-18
59639.841620	-9.0571691450e-15	1	2e-17	2.52485e-18
59639.841632	-7.8720743371e-15	1	2e-17	2.52485e-18
59639.841644	-8.0811373150e-15	1	2e-17	2.52485e-18
59639.841655	-9.7184706368e-15	1	2e-17	2.52485e-18
59639.841667	-1.0889208236e-14	1	2e-17	2.52485e-18
59639.841678	-1.0103990906e-14	1	2e-17	2.52485e-18
59639.841690	-8.5198868292e-15	1	2e-17	2.52485e-18
59639.841701	-8.7764141454e-15	1	2e-17	2.52485e-18
59639.841713	-7.9857622522e-15	1	2e-17	2.52485e-18
59639.841725	-9.1046572001e-15	1	2e-17	2.52485e-18
59639.841736	-7.5537009102e-15	1	2e-17	2.52485e-18
59639.841748	-9.2900913470e-15	1	2e-17	2.52485e-18
59639.841759	-9.8464335982e-15	1	2e-17	2.52485e-18
59639.841771	-1.0231698911e-14	1	2e-17	2.52485e-18
59639.841782	-6.9047135834e-15	1	2e-17	2.52485e-18
59639.841794	-7.0132261272e-15	1	2e-17	2.52485e-18
59639.841806	-9.8005557527e-15	1	2e-17	2.52485e-18
59639.841817	-9.8593415333e-15	1	2e-17	2.52485e-18
59639.841829	-1.0236913246e-14	1	2e-17	2.52485e-18
59639.841840	-9.5980767618e-15	1	2e-17	2.52485e-18
59639.841852	-8.6596328659e-15	1	2e-17	2.52485e-18
59639.841863	-9.3219397858e-15	1	2e-17	2.52485e-18
59639.841875	-8.3626893726e-15	1	2e-17	2.52485e-18
59639.841887	-9.7443635870e-15	1	2e-17	2.52485e-18
59639.841898	-5.8822406310e-15	1	2e-17	2.52485e-18
59639.841910	-8.6387391042e-15	1	2e-17	2.52485e-18
59639.841921	-9.7735404839e-15	1	2e-17	2.52485e-18
59639.841933	-9.2758154537e-15	1	2e-17	2.52485e-18
59639.841944	-8.3647154754e-15	1	2e-17	2.52485e-18
59639.841956	-8.2165634837e-15	1	2e-17	2.52485e-18
59639.841968	-7.8942081550e-15	1	2e-17	2.52485e-18
59639.841979	-8.9456691159e-15	1	2e-17	2.52485e-18
59639.841991	-7.2729433695e-15	1	2e-17	2.52485e-18
59639.842002	-7.8947036693e-15	1	2e-17	2.52485e-18
59639.842014	-9.6918111218e-15	1	2e-17	2.52485e-18
59639.842025	-8.0086999044e-15	1	2e-17	2.52485e-18
59639.842037	-6.1972115265e-15	1	2e-17	2.52485e-18
59639.842049	-7.7485684630e-15	1	2e-17	2.52485e-18
59639.842060	-9.4741795586e-15	1	2e-17	2.52485e-18
59639.842072	-9.4029974508e-15	1	2e-17	2.52485e-18
59639.842083	-8.2306818289e-15	1	2e-17	2.52485e-18
59639.842095	-7.6436490329e-15	1	2e-17	2.52485e-18
59639.842106	-7.8041761760e-15	1	2e-17	2.52485e-18
59639.842118	-1.0114629640e-14	1	2e-17	2.52485e-18
59639.842130	-9.5421573407e-15	1	2e-17	2.52485e-18
59639.842141	-8.7128062062e-15	1	2e-17	2.52485e-18
59639.842153	-9.2215968748e-15	1	2e-17	2.52485e-18
59639.842164	-8.8360994750e-15	1	2e-17	2.52485e-18
59639.842176	-9.6448304394e-15	1	2e-17	2.52485e-18
59639.842187	-9.8335273572e-15	1	2e-17	2.52485e-18
59639.842199	-9.9461581752e-15	1	2e-17	2.52485e-18
59639.842211	-8.5376169228e-15	1	2e-17	2.52485e-18
59639.842222	-8.2067184198e-15	1	2e-17	2.52485e-18
59639.842234	-1.0931241399e-14	1	2e-17	2.52485e-18
59639.842245	-1.0686243048e-14	1	2e-17	2.52485e-18
59639.842257	-9.2522806433e-15	1	2e-17	2.52485e-18
59639.842269	-9.2276607837e-15	1	2e-17	2.52485e-18
59639.842280	-8.1123818194e-15	1	2e-17	2.52485e-18
59639.842292	-7.7353733838e-15	1	2e-17	2.52485e-18
59639.842303	-9.5035140036e-15	1	2e-17	2.52485e-18
59639.842315	-9.9642457168e-15	1	2e-17	2.52485e-18
59639.842326	-9.4303972725e-15	1	2e-17	2.52485e-18
59639.842338	-9.9023479371e-15	1	2e-17	2.52485e-18
59639.842350	-7.7785432650e-15	1	2e-17	2.52485e-18
59639.842361	-9.5642335604e-15	1	2e-17	2.52485e-18
59639.842373	-1.0786550384e-14	1	2e-17	2.52485e-18
59639.842384	-8.8517399384e-15	1	2e-17	2.52485e-18
59639.842396	-9.9689442085e-15	1	2e-17	2.52485e-18
59639.842407	-7.8033842002e-15	1	2e-17	2.52485e-18
59639.842419	-8.8978193777e-15	1	2e-17	2.52485e-18
59639.842431	-8.4601176433e-15	1	2e-17	2.52485e-18
59639.842442	-7.8601718301e-15	1	2e-17	2.52485e-18
59639.842454	-7.5022207888e-15	1	2e-17	2.52485e-18
59639.842465	-6.8133534567e-15	1	2e-17	2.52485e-18
59639.842477	-7.2886998764e-15	1	2e-17	2.52485e-18
59639.842488	-5.6283069297e-15	1	2e-17	2.52485e-18
59639.842500	-7.9950101579e-15	1	2e-17	2.52485e-18
59639.842512	-8.7828761598e-15	1	2e-17	2.52485e-18
59639.842523	-7.0494477972e-15	1	2e-17	2.52485e-18
59639.842535	-7.6701721756e-15	1	2e-17	2.52485e-18
59639.842546	-5.7458734087e-15	1	2e-17	2.52485e-18
59639.842558	-8.6825908469e-15	1	2e-17	2.52485e-18
59639.842569	-8.0761720079e-15	1	2e-17	2.52485e-18
59639.842581	-8.5361905194e-15	1	2e-17	2.52485e-18
59639.842593	-1.0329061960e-14	1	2e-17	2.52485e-18
59639.842604	-5.3000952151e-15	1	2e-17	2.52485e-18
59639.842616	-6.6580228608e-15	1	2e-17	2.52485e-18
59639.842627	-7.1631001369e-15	1	2e-17	2.52485e-18
59639.842639	-7.0409571389e-15	1	2e-17	2.52485e-18
59639.842650	-8.1226266829e-15	1	2e-17	2.52485e-18
59639.842662	-7.2507655059e-15	1	2e-17	2.52485e-18
59639.842674	-7.3786276703e-15	1	2e-17	2.52485e-18
59639.842685	-8.8187158178e-15	1	2e-17	2.52485e-18
59639.842697	-8.0188371947e-15	1	2e-17	2.52485e-18
59639.842708	-8.3585245116e-15	1	2e-17	2.52485e-18
59639.842720	-8.2700519203e-15	1	2e-17	2.52485e-18
59639.842731	-1.0606952294e-14	1	2e-17	2.52485e-18
59639.842743	-7.7986331924e-15	1	2e-17	2.52485e-18
59639.842755	-6.1021998408e-15	1	2e-17	2.52485e-18
59639.842766	-5.8540886440e-15	1	2e-17	2.52485e-18
59639.842778	-7.6381738120e-15	1	2e-17	2.52485e-18
59639.842789	-8.3408452400e-15	1	2e-17	2.52485e-18
59639.842801	-1.0155330420e-14	1	2e-17	2.52485e-18
59639.842812	-1.0465692610e-14	1	2e-17	2.52485e-18
59639.842824	-9.0474028551e-15	1	2e-17	2.52485e-18
59639.842836	-6.8686850370e-15	1	2e-17	2.52485e-18
59639.842847	-8.6560693983e-15	1	2e-17	2.52485e-18
59639.842859	-8.2306708175e-15	1	2e-17	2.52485e-18
59639.842870	-8.1231679369e-15	1	2e-17	2.52485e-18
59639.842882	-7.5266077144e-15	1	2e-17	2.52485e-18
59639.842894	-8.4049791866e-15	1	2e-17	2.52485e-18
59639.842905	-8.7967556416e-15	1	2e-17	2.52485e-18
59639.842917	-8.4439926771e-15	1	2e-17	2.52485e-18
59639.842928	-7.0449077006e-15	1	2e-17	2.52485e-18
59639.842940	-9.4572422877e-15	1	2e-17	2.52485e-18
59639.842951	-9.1725443498e-15	1	2e-17	2.52485e-18
59639.842963	-6.6223991961e-15	1	2e-17	2.52485e-18
59639.842975	-9.4831411671e-15	1	2e-17	2.52485e-18
59639.842986	-1.1158873034e-14	1	2e-17	2.52485e-18
59639.842998	-9.0045971981e-15	1	2e-17	2.52485e-18
59639.843009	-9.2605815662e-15	1	2e-17	2.52485e-18
59639.843021	-8.7160046026e-15	1	2e-17	2.52485e-18
59639.843032	-9.7279548647e-15	1	2e-17	2.52485e-18
59639.843044	-1.0686318434e-14	1	2e-17	2.52485e-18
59639.843056	-9.3624593009e-15	1	2e-17	2.52485e-18
59639.843067	-1.2629268020e-14	1	2e-17	2.52485e-18
59639.843079	-1.0743106911e-14	1	2e-17	2.52485e-18
59639.843090	-8.1149500233e-15	1	2e-17	2.52485e-18
59639.843102	-8.7945372623e-15	1	2e-17	2.52485e-18
59639.843113	-8.7401137014e-15	1	2e-17	2.52485e-18
59639.843125	-8.9544901171e-15	1	2e-17	2.52485e-18
59639.843137	-1.0693120956e-14	1	2e-17	2.52485e-18
59639.843148	-9.8397513553e-15	1	2e-17	2.52485e-18
59639.843160	-1.0625124539e-14	1	2e-17	2.52485e-18
59639.843171	-9.6887567210e-15	1	2e-17	2.52485e-18
59639.843183	-8.1783919440e-15	1	2e-17	2.52485e-18
59639.843194	-7.3481836122e-15	1	2e-17	2.52485e-18
59639.843206	-8.4224543233e-15	1	2e-17	2.52485e-18
59639.843218	-6.5699814092e-15	1	2e-17	2.52485e-18
59639.843229	-7.6826853934e-15	1	2e-17	2.52485e-18
59639.843241	-1.1271422536e-14	1	2e-17	2.52485e-18
59639.843252	-6.1486282577e-15	1	2e-17	2.52485e-18
59639.843264	-7.5238624806e-15	1	2e-17	2.52485e-18
59639.843275	-7.2078582049e-15	1	2e-17	2.52485e-18
59639.843287	-9.0246108926e-15	1	2e-17	2.52485e-18
59639.843299	-7.7805422627e-15	1	2e-17	2.52485e-18
59639.843310	-6.6093531947e-15	1	2e-17	2.52485e-18
59639.843322	-8.7171946839e-15	1	2e-17	2.52485e-18
59639.843333	-8.9256469511e-15	1	2e-17	2.52485e-18
59639.843345	-8.5781694722e-15	1	2e-17	2.52485e-18
59639.843356	-7.8623851272e-15	1	2e-17	2.52485e-18
59639.843368	-7.8064436832e-15	1	2e-17	2.52485e-18
59639.843380	-7.6873101932e-15	1	2e-17	2.52485e-18
59639.843391	-6.5969195980e-15	1	2e-17	2.52485e-18
59639.843403	-8.8929658789e-15	1	2e-17	2.52485e-18
59639.843414	-7.1537929389e-15	1	2e-17	2.52485e-18
59639.843426	-7.7762461116e-15	1	2e-17	2.52485e-18
59639.843437	-8.7288235993e-15	1	2e-17	2.52485e-18
59639.843449	-8.5910884187e-15	1	2e-17	2.52485e-18
59639.843461	-7.7860564472e-15	1	2e-17	2.52485e-18
59639.843472	-8.4526730708e-15	1	2e-17	2.52485e-18
59639.843484	-8.6039938127e-15	1	2e-17	2.52485e-18
59639.843495	-7.9329793941e-15	1	2e-17	2.52485e-18
59639.843507	-9.1844112814e-15	1	2e-17	2.52485e-18
59639.843519	-9.0661044956e-15	1	2e-17	2.52485e-18
59639.843530	-8.2268888154e-15	1	2e-17	2.52485e-18
59639.843542	-1.0946239812e-14	1	2e-17	2.52485e-18
59639.843553	-1.2479700636e-14	1	2e-17	2.52485e-18
59639.843565	-1.1231605212e-14	1	2e-17	2.52485e-18
59639.843576	-7.7240790465e-15	1	2e-17	2.52485e-18
59639.843588	-7.2067655324e-15	1	2e-17	2.52485e-18
59639.843600	-1.0464326346e-14	1	2e-17	2.52485e-18
59639.843611	-7.4113350006e-15	1	2e-17	2.52485e-18
59639.843623	-1.0156893196e-14	1	2e-17	2.52485e-18
59639.843634	-5.1167261346e-15	1	2e-17	2.52485e-18
59639.843646	-5.8198185380e-15	1	2e-17	2.52485e-18
59639.843657	-9.1876630408e-15	1	2e-17	2.52485e-18
59639.843669	-9.4942745682e-15	1	2e-17	2.52485e-18
59639.843681	-9.2865219502e-15	1	2e-17	2.52485e-18
59639.843692	-9.7866118963e-15	1	2e-17	2.52485e-18
59639.843704	-9.5216811662e-15	1	2e-17	2.52485e-18
59639.843715	-9.7005982416e-15	1	2e-17	2.52485e-18
59639.843727	-8.8489515059e-15	1	2e-17	2.52485e-18
59639.843738	-7.8520326905e-15	1	2e-17	2.52485e-18
59639.843750	-9.6444577449e-15	1	2e-17	2.52485e-18
59639.843762	-9.8997119706e-15	1	2e-17	2.52485e-18
59639.843773	-1.1260577127e-14	1	2e-17	2.52485e-18
59639.843785	-8.2738415457e-15	1	2e-17	2.52485e-18
59639.843796	-7.4944306268e-15	1	2e-17	2.52485e-18
59639.843808	-7.3605121767e-15	1	2e-17	2.52485e-18
59639.843819	-9.3202923068e-15	1	2e-17	2.52485e-18
59639.843831	-8.2933741255e-15	1	2e-17	2.52485e-18
59639.843843	-7.8952644051e-15	1	2e-17	2.52485e-18
59639.843854	-9.0571920149e-15	1	2e-17	2.52485e-18
59639.843866	-1.0046025054e-14	1	2e-17	2.52485e-18
59639.843877	-1.0385162646e-14	1	2e-17	2.52485e-18
59639.843889	-1.0388195871e-14	1	2e-17	2.52485e-18
59639.843900	-8.8167862768e-15	1	2e-17	2.52485e-18
59639.843912	-8.1010078609e-15	1	2e-17	2.52485e-18
59639.843924	-1.0816996136e-14	1	2e-17	2.52485e-18
59639.843935	-9.6116623233e-15	1	2e-17	2.52485e-18
59639.843947	-7.0404302844e-15	1	2e-17	2.52485e-18
59639.843958	-9.1857902510e-15	1	2e-17	2.52485e-18
59639.843970	-9.7283555113e-15	1	2e-17	2.52485e-18
59639.843981	-9.9558821135e-15	1	2e-17	2.52485e-18
59639.843993	-9.6141627645e-15	1	2e-17	2.52485e-18
59639.844005	-6.4732697284e-15	1	2e-17	2.52485e-18
59639.844016	-9.8358109580e-15	1	2e-17	2.52485e-18
59639.844028	-9.2997949565e-15	1	2e-17	2.52485e-18
59639.844039	-6.8075470459e-15	1	2e-17	2.52485e-18
59639.844051	-7.9626560404e-15	1	2e-17	2.52485e-18
59639.844063	-8.7180052945e-15	1	2e-17	2.52485e-18
59639.844074	-7.8847501851e-15	1	2e-17	2.52485e-18
59639.844086	-6.2887724000e-15	1	2e-17	2.52485e-18
59639.844097	-9.0629653915e-15	1	2e-17	2.52485e-18
59639.844109	-9.3060901053e-15	1	2e-17	2.52485e-18
59639.844120	-8.0896279733e-15	1	2e-17	2.52485e-18
59639.844132	-8.8241537693e-15	1	2e-17	2.52485e-18
59639.844144	-7.7980792329e-15	1	2e-17	2.52485e-18
59639.844155	-9.1398378666e-15	1	2e-17	2.52485e-18
59639.844167	-7.8129277204e-15	1	2e-17	2.52485e-18
59639.844178	-8.3723701122e-15	1	2e-17	2.52485e-18
59639.844190	-1.0970529328e-14	1	2e-17	2.52485e-18
59639.844201	-9.1599252529e-15	1	2e-17	2.52485e-18
59639.844213	-1.0626739831e-14	1	2e-17	2.52485e-18
59639.844225	-9.8588273843e-15	1	2e-17	2.52485e-18
59639.844236	-9.3457244710e-15	1	2e-17	2.52485e-18
59639.844248	-9.4040892762e-15	1	2e-17	2.52485e-18
59639.844259	-1.1212605416e-14	1	2e-17	2.52485e-18
59639.844271	-8.2740312811e-15	1	2e-17	2.52485e-18
59639.844282	-8.0796236672e-15	1	2e-17	2.52485e-18
59639.844294	-9.4614808406e-15	1	2e-17	2.52485e-18
59639.844306	-6.6397261021e-15	1	2e-17	2.52485e-18
59639.844317	-7.4359108145e-15	1	2e-17	2.52485e-18
59639.844329	-9.0872117096e-15	1	2e-17	2.52485e-18
59639.844340	-9.9218136013e-15	1	2e-17	2.52485e-18
59639.844352	-9.3128739922e-15	1	2e-17	2.52485e-18
59639.844363	-9.1033578516e-15	1	2e-17	2.52485e-18
59639.844375	-1.1160062268e-14	1	2e-17	2.52485e-18
59639.844387	-9.0218792113e-15	1	2e-17	2.52485e-18
59639.844398	-7.7732162748e-15	1	2e-17	2.52485e-18
59639.844410	-1.0370785956e-14	1	2e-17	2.52485e-18
59639.844421	-8.2952384450e-15	1	2e-17	2.52485e-18
59639.844433	-4.6650907082e-15	1	2e-17	2.52485e-18
59639.844444	-2.9645416235e-15	1	2e-17	2.52485e-18
59639.844456	-3.9423115651e-16	1	2e-17	2.52485e-18
59639.844468	-5.7081567256e-15	1	2e-17	2.52485e-18
59639.844479	-7.7091153624e-15	1	2e-17	2.52485e-18
59639.844491	-8.3187351389e-15	1	2e-17	2.52485e-18
59639.844502	-1.0205111394e-14	1	2e-17	2.52485e-18
59639.844514	-1.1513348699e-14	1	2e-17	2.52485e-18
59639.844525	-1.1620062144e-14	1	2e-17	2.52485e-18
59639.844537	-1.0307226298e-14	1	2e-17	2.52485e-18
59639.844549	-6.8087023988e-15	1	2e-17	2.52485e-18
59639.844560	-8.0677203132e-15	1	2e-17	2.52485e-18
59639.844572	-9.9017999068e-15	1	2e-17	2.52485e-18
59639.844583	-7.6828742817e-15	1	2e-17	2.52485e-18
59639.844595	-7.5083118027e-15	1	2e-17	2.52485e-18
59639.844606	-9.6079277550e-15	1	2e-17	2.52485e-18
59639.844618	-8.9976540690e-15	1	2e-17	2.52485e-18
59639.844630	-8.0527261359e-15	1	2e-17	2.52485e-18
59639.844641	-7.0929217632e-15	1	2e-17	2.52485e-18
59639.844653	-7.7328288968e-15	1	2e-17	2.52485e-18
59639.844664	-8.2108968333e-15	1	2e-17	2.52485e-18
59639.844676	-8.7438448815e-15	1	2e-17	2.52485e-18
59639.844688	-9.2212174040e-15	1	2e-17	2.52485e-18
59639.844699	-6.6638538356e-15	1	2e-17	2.52485e-18
59639.844711	-9.6881553276e-15	1	2e-17	2.52485e-18
59639.844722	-7.4763193683e-15	1	2e-17	2.52485e-18
59639.844734	-1.0471392294e-14	1	2e-17	2.52485e-18
59639.844745	-1.1324009730e-14	1	2e-17	2.52485e-18
59639.844757	-7.7234835823e-15	1	2e-17	2.52485e-18
59639.844769	-5.5062986099e-15	1	2e-17	2.52485e-18
59639.844780	-7.8144210395e-15	1	2e-17	2.52485e-18
59639.844792	-8.8337328649e-15	1	2e-17	2.52485e-18
59639.844803	-8.4011234926e-15	1	2e-17	2.52485e-18
59639.844815	-9.5505861656e-15	1	2e-17	2.52485e-18
59639.844826	-7.9048756879e-15	1	2e-17	2.52485e-18
59639.844838	-6.4639227198e-15	1	2e-17	2.52485e-18
59639.844850	-1.0454159409e-14	1	2e-17	2.52485e-18
59639.844861	-8.9500948631e-15	1	2e-17	2.52485e-18
59639.844873	-7.9227489302e-15	1	2e-17	2.52485e-18
59639.844884	-9.3283357316e-15	1	2e-17	2.52485e-18
59639.844896	-1.0276144424e-14	1	2e-17	2.52485e-18
59639.844907	-1.0034905205e-14	1	2e-17	2.52485e-18
59639.844919	-1.0327314531e-14	1	2e-17	2.52485e-18
59639.844931	-1.1315242939e-14	1	2e-17	2.52485e-18
59639.844942	-8.0793500755e-15	1	2e-17	2.52485e-18
59639.844954	-7.5274047724e-15	1	2e-17	2.52485e-18
59639.844965	-8.7970707379e-15	1	2e-17	2.52485e-18
59639.844977	-9.9848777453e-15	1	2e-17	2.52485e-18
59639.844988	-1.0168979509e-14	1	2e-17	2.52485e-18
59639.845000	-9.3750487516e-15	1	2e-17	2.52485e-18
59639.845012	-1.1297549268e-14	1	2e-17	2.52485e-18
59639.845023	-9.1272780620e-15	1	2e-17	2.52485e-18
59639.845035	-8.0641551515e-15	1	2e-17	2.52485e-18
59639.845046	-8.0225217881e-15	1	2e-17	2.52485e-18
59639.845058	-6.6455528417e-15	1	2e-17	2.52485e-18
59639.845069	-9.8534597365e-15	1	2e-17	2.52485e-18
59639.845081	-9.8995171530e-15	1	2e-17	2.52485e-18
59639.845093	-9.1170611506e-15	1	2e-17	2.52485e-18
59639.845104	-1.0359362870e-14	1	2e-17	2.52485e-18
59639.845116	-1.0701086454e-14	1	2e-17	2.52485e-18
59639.845127	-1.3355533551e-14	1	2e-17	2.52485e-18
59639.845139	-1.0222766949e-14	1	2e-17	2.52485e-18
59639.845150	-9.6891760023e-15	1	2e-17	2.52485e-18
59639.845162	-1.1295421521e-14	1	2e-17	2.52485e-18
59639.845174	-1.0665900705e-14	1	2e-17	2.52485e-18
59639.845185	-9.8988166568e-15	1	2e-17	2.52485e-18
59639.845197	-8.9654676641e-15	1	2e-17	2.52485e-18
59639.845208	-9.8580633606e-15	1	2e-17	2.52485e-18
59639.845220	-8.9443689204e-15	1	2e-17	2.52485e-18
59639.845231	-8.0262275572e-15	1	2e-17	2.52485e-18
59639.845243	-9.7207762605e-15	1	2e-17	2.52485e-18
59639.845255	-9.7680779684e-15	1	2e-17	2.52485e-18
59639.845266	-8.0983015907e-15	1	2e-17	2.52485e-18
59639.845278	-7.0918917711e-15	1	2e-17	2.52485e-18
59639.845289	-6.4257715089e-15	1	2e-17	2.52485e-18
59639.845301	-7.5899310505e-15	1	2e-17	2.52485e-18
59639.845313	-7.2752066415e-15	1	2e-17	2.52485e-18
59639.845324	-9.1332615028e-15	1	2e-17	2.52485e-18
59639.845336	-7.9418791693e-15	1	2e-17	2.52485e-18
59639.845347	-8.3865782429e-15	1	2e-17	2.52485e-18
59639.845359	-8.2072029226e-15	1	2e-17	2.52485e-18
59639.845370	-1.1054809954e-14	1	2e-17	2.52485e-18
59639.845382	-1.3269835839e-14	1	2e-17	2.52485e-18
59639.845394	-8.5562973875e-15	1	2e-17	2.52485e-18
59639.845405	-1.0373128849e-14	1	2e-17	2.52485e-18
59639.845417	-8.9271733045e-15	1	2e-17	2.52485e-18
59639.845428	-9.2105422478e-15	1	2e-17	2.52485e-18
59639.845440	-8.6586952005e-15	1	2e-17	2.52485e-18
59639.845451	-8.1198102983e-15	1	2e-17	2.52485e-18
59639.845463	-9.0150013038e-15	1	2e-17	2.52485e-18
59639.845475	-1.0213818045e-14	1	2e-17	2.52485e-18
59639.845486	-9.8042479693e-15	1	2e-17	2.52485e-18
59639.845498	-1.0003960551e-14	1	2e-17	2.52485e-18
59639.845509	-9.8033323267e-15	1	2e-17	2.52485e-18
59639.845521	-1.0954758422e-14	1	2e-17	2.52485e-18
59639.845532	-9.9175530256e-15	1	2e-17	2.52485e-18
59639.845544	-8.9934324568e-15	1	2e-17	2.52485e-18
59639.845556	-5.7640287129e-15	1	2e-17	2.52485e-18
59639.845567	-8.5361710376e-15	1	2e-17	2.52485e-18
59639.845579	-8.5577034622e-15	1	2e-17	2.52485e-18
59639.845590	-5.9731628416e-15	1	2e-17	2.52485e-18
59639.845602	-7.0820899058e-15	1	2e-17	2.52485e-18
59639.845613	-5.7993914914e-15	1	2e-17	2.52485e-18
59639.845625	-9.1288958950e-15	1	2e-17	2.52485e-18
59639.845637	-6.9628962765e-15	1	2e-17	2.52485e-18
59639.845648	-6.6240695451e-15	1	2e-17	2.52485e-18
59639.845660	-9.0692588463e-15	1	2e-17	2.52485e-18
59639.845671	-6.3763818647e-15	1	2e-17	2.52485e-18
59639.845683	-7.4570171815e-15	1	2e-17	2.52485e-18
59639.845694	-7.8947638086e-15	1	2e-17	2.52485e-18
59639.845706	-8.9085055454e-15	1	2e-17	2.52485e-18
59639.845718	-7.4536214264e-15	1	2e-17	2.52485e-18
59639.845729	-8.9701695439e-15	1	2e-17	2.52485e-18
59639.845741	-9.8974503926e-15	1	2e-17	2.52485e-18
59639.845752	-7.5779353699e-15	1	2e-17	2.52485e-18
59639.845764	-9.7927046043e-15	1	2e-17	2.52485e-18
59639.845775	-9.1089109996e-15	1	2e-17	2.52485e-18
59639.845787	-7.8904888333e-15	1	2e-17	2.52485e-18
59639.845799	-6.0407213425e-15	1	2e-17	2.52485e-18
59639.845810	-8.0144402467e-15	1	2e-17	2.52485e-18
59639.845822	-9.9823773040e-15	1	2e-17	2.52485e-18
59639.845833	-1.2010572285e-14	1	2e-17	2.52485e-18
59639.845845	-9.6776673657e-15	1	2e-17	2.52485e-18
59639.845856	-9.5028804229e-15	1	2e-17	2.52485e-18
59639.845868	-7.5019929369e-15	1	2e-17	2.52485e-18
59639.845880	-9.5562316402e-15	1	2e-17	2.52485e-18
59639.845891	-1.0161691638e-14	1	2e-17	2.52485e-18
59639.845903	-9.1123245424e-15	1	2e-17	2.52485e-18
59639.845914	-9.3379182154e-15	1	2e-17	2.52485e-18
59639.845926	-8.6833658821e-15	1	2e-17	2.52485e-18
59639.845937	-9.9361970678e-15	1	2e-17	2.52485e-18
59639.845949	-8.5589511417e-15	1	2e-17	2.52485e-18
59639.845961	-1.0266410321e-14	1	2e-17	2.52485e-18
59639.845972	-1.0425481415e-14	1	2e-17	2.52485e-18
59639.845984	-8.0723408779e-15	1	2e-17	2.52485e-18
59639.845995	-7.8369571981e-15	1	2e-17	2.52485e-18
59639.846007	-8.6160106691e-15	1	2e-17	2.52485e-18
59639.846019	-7.0722600885e-15	1	2e-17	2.52485e-18
59639.846030	-9.7960978183e-15	1	2e-17	2.52485e-18
59639.846042	-1.0239478062e-14	1	2e-17	2.52485e-18
59639.846053	-9.4754382495e-15	1	2e-17	2.52485e-18
59639.846065	-7.7499457386e-15	1	2e-17	2.52485e-18
59639.846076	-1.1665616423e-14	1	2e-17	2.52485e-18
59639.846088	-9.5363992107e-15	1	2e-17	2.52485e-18
59639.846100	-9.7896036167e-15	1	2e-17	2.52485e-18
59639.846111	-8.8766774354e-15	1	2e-17	2.52485e-18
59639.846123	-6.9247264308e-15	1	2e-17	2.52485e-18
59639.846134	-8.6686884952e-15	1	2e-17	2.52485e-18
59639.846146	-7.6704821897e-15	1	2e-17	2.52485e-18
59639.846157	-7.9168493457e-15	1	2e-17	2.52485e-18
59639.846169	-8.4504513033e-15	1	2e-17	2.52485e-18
59639.846181	-9.9284399400e-15	1	2e-17	2.52485e-18
59639.846192	-8.2783494550e-15	1	2e-17	2.52485e-18
59639.846204	-8.5572189593e-15	1	2e-17	2.52485e-18
59639.846215	-8.3717001091e-15	1	2e-17	2.52485e-18
59639.846227	-8.2414433825e-15	1	2e-17	2.52485e-18
59639.846238	-6.9937723215e-15	1	2e-17	2.52485e-18
59639.846250	-9.6889108810e-15	1	2e-17	2.52485e-18
59639.846262	-8.7441743774e-15	1	2e-17	2.52485e-18
59639.846273	-7.9844815384e-15	1	2e-17	2.52485e-18
59639.846285	-6.8369102900e-15	1	2e-17	2.52485e-18
59639.846296	-7.7911835376e-15	1	2e-17	2.52485e-18
59639.846308	-5.7754450229e-15	1	2e-17	2.52485e-18
59639.846319	-5.8425952539e-15	1	2e-17	2.52485e-18
59639.846331	-8.9835653700e-15	1	2e-17	2.52485e-18
59639.846343	-6.4123146964e-15	1	2e-17	2.52485e-18
59639.846354	-7.0014091706e-15	1	2e-17	2.52485e-18
59639.846366	-6.9668044866e-15	1	2e-17	2.52485e-18
59639.846377	-7.0403006884e-15	1	2e-17	2.52485e-18
59639.846389	-9.6082868970e-15	1	2e-17	2.52485e-18
59639.846400	-7.9855208478e-15	1	2e-17	2.52485e-18
59639.846412	-8.9365889228e-15	1	2e-17	2.52485e-18
59639.846424	-8.9701610736e-15	1	2e-17	2.52485e-18
59639.846435	-8.6696803707e-15	1	2e-17	2.52485e-18
59639.846447	-9.0159694624e-15	1	2e-17	2.52485e-18
59639.846458	-8.1680530598e-15	1	2e-17	2.52485e-18
59639.846470	-4.5507133082e-15	1	2e-17	2.52485e-18
59639.846481	-5.5204957291e-15	1	2e-17	2.52485e-18
59639.846493	-9.7896942492e-15	1	2e-17	2.52485e-18
59639.846505	-1.0024346093e-14	1	2e-17	2.52485e-18
59639.846516	-1.0192067086e-14	1	2e-17	2.52485e-18
59639.846528	-9.8236365535e-15	1	2e-17	2.52485e-18
59639.846539	-9.8948076498e-15	1	2e-17	2.52485e-18
59639.846551	-7.6884079479e-15	1	2e-17	2.52485e-18
59639.846562	-5.1048761437e-15	1	2e-17	2.52485e-18
59639.846574	-7.4838393268e-15	1	2e-17	2.52485e-18
59639.846586	-5.7327359277e-15	1	2e-17	2.52485e-18
59639.846597	-5.3363346728e-15	1	2e-17	2.52485e-18
59639.846609	-8.5065926471e-15	1	2e-17	2.52485e-18
59639.846620	-1.0074385411e-14	1	2e-17	2.52485e-18
59639.846632	-9.4167888412e-15	1	2e-17	2.52485e-18
59639.846644	-7.5700596575e-15	1	2e-17	2.52485e-18
59639.846655	-9.4978033075e-15	1	2e-17	2.52485e-18
59639.846667	-7.7819627370e-15	1	2e-17	2.52485e-18
59639.846678	-7.7126136085e-15	1	2e-17	2.52485e-18
59639.846690	-7.4732065222e-15	1	2e-17	2.52485e-18
59639.846701	-8.7549943762e-15	1	2e-17	2.52485e-18
59639.846713	-9.5410892322e-15	1	2e-17	2.52485e-18
59639.846725	-7.8565566935e-15	1	2e-17	2.52485e-18
59639.846736	-1.0256720264e-14	1	2e-17	2.52485e-18
59639.846748	-1.0713044018e-14	1	2e-17	2.52485e-18
59639.846759	-8.2476580632e-15	1	2e-17	2.52485e-18
59639.846771	-7.1297600731e-15	1	2e-17	2.52485e-18
59639.846782	-8.5647660229e-15	1	2e-17	2.52485e-18
59639.846794	-1.0349972662e-14	1	2e-17	2.52485e-18
59639.846806	-1.1268536695e-14	1	2e-17	2.52485e-18
59639.846817	-9.9420051727e-15	1	2e-17	2.52485e-18
59639.846829	-1.1981360660e-14	1	2e-17	2.52485e-18
59639.846840	-8.4439486314e-15	1	2e-17	2.52485e-18
59639.846852	-1.0078057299e-14	1	2e-17	2.52485e-18
59639.846863	-9.6076643277e-15	1	2e-17	2.52485e-18
59639.846875	-1.1024979147e-14	1	2e-17	2.52485e-18
59639.846887	-8.4694155240e-15	1	2e-17	2.52485e-18
59639.846898	-8.7503746585e-15	1	2e-17	2.52485e-18
59639.846910	-9.3543760655e-15	1	2e-17	2.52485e-18
59639.846921	-9.2617724945e-15	1	2e-17	2.52485e-18
59639.846933	-1.0280761600e-14	1	2e-17	2.52485e-18
59639.846944	-7.8886863472e-15	1	2e-17	2.52485e-18
59639.846956	-9.0525850027e-15	1	2e-17	2.52485e-18
59639.846968	-1.0037014317e-14	1	2e-17	2.52485e-18
59639.846979	-8.2925863848e-15	1	2e-17	2.52485e-18
59639.846991	-7.3900592270e-15	1	2e-17	2.52485e-18
59639.847002	-9.0742597288e-15	1	2e-17	2.52485e-18
59639.847014	-1.0836431307e-14	1	2e-17	2.52485e-18
59639.847025	-7.7255478016e-15	1	2e-17	2.52485e-18
59639.847060	-9.4257038630e-15	1	2e-17	2.52485e-18
59639.847072	-1.1014925713e-14	1	2e-17	2.52485e-18
59639.847083	-7.5618256502e-15	1	2e-17	2.52485e-18
59639.847095	-8.3898401667e-15	1	2e-17	2.52485e-18
59639.847106	-6.6585403979e-15	1	2e-17	2.52485e-18
59639.847118	-5.0426454801e-15	1	2e-17	2.52485e-18
59639.847130	-8.0471441888e-15	1	2e-17	2.52485e-18
59639.847141	-8.1358073626e-15	1	2e-17	2.52485e-18
59639.847153	-8.2852341388e-15	1	2e-17	2.52485e-18
59639.847164	-1.0090007240e-14	1	2e-17	2.52485e-18
59639.847176	-1.2644844109e-14	1	2e-17	2.52485e-18
59639.847187	-1.3927518806e-14	1	2e-17	2.52485e-18
59639.847199	-1.3408462098e-14	1	2e-17	2.52485e-18
59639.847211	-1.1080384420e-14	1	2e-17	2.52485e-18
59639.847222	-7.7645782328e-15	1	2e-17	2.52485e-18
59639.847234	-9.0010405067e-15	1	2e-17	2.52485e-18
59639.847245	-8.8885994241e-15	1	2e-17	2.52485e-18
59639.847257	-6.0096936786e-15	1	2e-17	2.52485e-18
59639.847269	-8.1100948304e-15	1	2e-17	2.52485e-18
59639.847280	-8.3759844018e-15	1	2e-17	2.52485e-18
59639.847292	-8.8079169948e-15	1	2e-17	2.52485e-18
59639.847303	-9.6229295555e-15	1	2e-17	2.52485e-18
59639.847315	-8.7005504865e-15	1	2e-17	2.52485e-18
59639.847326	-7.7595282223e-15	1	2e-17	2.52485e-18
59639.847338	-7.7923016211e-15	1	2e-17	2.52485e-18
59639.847350	-8.0450850517e-15	1	2e-17	2.52485e-18
59639.847361	-8.2114762039e-15	1	2e-17	2.52485e-18
59639.847373	-6.0831382114e-15	1	2e-17	2.52485e-18
59639.847384	-8.3369387240e-15	1	2e-17	2.52485e-18
59639.847396	-7.2847848901e-15	1	2e-17	2.52485e-18
59639.847407	-7.8307238826e-15	1	2e-17	2.52485e-18
59639.847419	-7.5460276387e-15	1	2e-17	2.52485e-18
59639.847431	-8.6218526554e-15	1	2e-17	2.52485e-18
59639.847442	-6.6753531549e-15	1	2e-17	2.52485e-18
59639.847454	-6.9980354384e-15	1	2e-17	2.52485e-18
59639.847465	-8.0493989905e-15	1	2e-17	2.52485e-18
59639.847477	-7.1888872080e-15	1	2e-17	2.52485e-18
59639.847488	-9.4663699148e-15	1	2e-17	2.52485e-18
59639.847500	-7.6251362809e-15	1	2e-17	2.52485e-18
59639.847512	-6.7221009033e-15	1	2e-17	2.52485e-18
59639.847523	-7.7631670759e-15	1	2e-17	2.52485e-18
59639.847535	-5.9501531916e-15	1	2e-17	2.52485e-18
59639.847546	-8.8459072695e-15	1	2e-17	2.52485e-18
59639.847558	-8.8923339924e-15	1	2e-17	2.52485e-18
59639.847569	-7.8605496068e-15	1	2e-17	2.52485e-18
59639.847581	-8.5582116819e-15	1	2e-17	2.52485e-18
59639.847593	-7.8791563795e-15	1	2e-17	2.52485e-18
59639.847604	-9.1009438077e-15	1	2e-17	2.52485e-18
59639.847616	-8.8576141119e-15	1	2e-17	2.52485e-18
59639.847627	-8.8137801568e-15	1	2e-17	2.52485e-18
59639.847639	-6.5935865234e-15	1	2e-17	2.52485e-18
59639.847650	-6.8138235600e-15	1	2e-17	2.52485e-18
59639.847662	-9.2305542482e-15	1	2e-17	2.52485e-18
59639.847674	-7.4959137815e-15	1	2e-17	2.52485e-18
59639.847685	-1.1795835881e-14	1	2e-17	2.52485e-18
59639.847697	-9.6108220666e-15	1	2e-17	2.52485e-18
59639.847708	-1.0367043765e-14	1	2e-17	2.52485e-18
59639.847720	-9.6026109292e-15	1	2e-17	2.52485e-18
59639.847731	-8.8843964466e-15	1	2e-17	2.52485e-18
59639.847743	-1.0125867226e-14	1	2e-17	2.52485e-18
59639.847755	-8.5551039180e-15	1	2e-17	2.52485e-18
59639.847766	-8.3380678189e-15	1	2e-17	2.52485e-18
59639.847778	-8.7770189269e-15	1	2e-17	2.52485e-18
59639.847789	-9.4340318909e-15	1	2e-17	2.52485e-18
59639.847801	-6.8812101132e-15	1	2e-17	2.52485e-18
59639.847812	-7.7751331103e-15	1	2e-17	2.52485e-18
59639.847824	-8.8410275127e-15	1	2e-17	2.52485e-18
59639.847836	-9.0972600614e-15	1	2e-17	2.52485e-18
59639.847847	-8.3651152750e-15	1	2e-17	2.52485e-18
59639.847859	-9.0957701305e-15	1	2e-17	2.52485e-18
59639.847870	-7.9210209830e-15	1	2e-17	2.52485e-18
59639.847882	-8.7924671138e-15	1	2e-17	2.52485e-18
59639.847894	-8.8582680213e-15	1	2e-17	2.52485e-18
59639.847905	-1.0507077792e-14	1	2e-17	2.52485e-18
59639.847917	-6.3431891846e-15	1	2e-17	2.52485e-18
59639.847928	-5.6754807356e-15	1	2e-17	2.52485e-18
59639.847940	-5.8679977720e-15	1	2e-17	2.52485e-18
59639.847951	-6.1822673242e-15	1	2e-17	2.52485e-18
59639.847963	-8.6323550169e-15	1	2e-17	2.52485e-18
59639.847975	-6.9479419099e-15	1	2e-17	2.52485e-18
59639.847986	-8.0475668582e-15	1	2e-17	2.52485e-18
59639.847998	-6.8921249797e-15	1	2e-17	2.52485e-18
59639.848009	-7.5005724627e-15	1	2e-17	2.52485e-18
59639.848021	-8.4369377397e-15	1	2e-17	2.52485e-18
59639.848032	-8.0747744035e-15	1	2e-17	2.52485e-18
59639.848044	-7.8900017894e-15	1	2e-17	2.52485e-18
59639.848056	-5.9739455001e-15	1	2e-17	2.52485e-18
59639.848067	-8.1779243818e-15	1	2e-17	2.52485e-18
59639.848079	-7.1045413611e-15	1	2e-17	2.52485e-18
59639.848090	-8.5481607890e-15	1	2e-17	2.52485e-18
59639.848102	-8.2193349755e-15	1	2e-17	2.52485e-18
59639.848113	-9.0925641108e-15	1	2e-17	2.52485e-18
59639.848125	-9.7740241397e-15	1	2e-17	2.52485e-18
59639.848137	-8.3423605819e-15	1	2e-17	2.52485e-18
59639.848148	-9.2396208889e-15	1	2e-17	2.52485e-18
59639.848160	-7.8470716185e-15	1	2e-17	2.52485e-18
59639.848171	-7.9878832227e-15	1	2e-17	2.52485e-18
59639.848183	-8.7042935251e-15	1	2e-17	2.52485e-18
59639.848194	-6.1365512620e-15	1	2e-17	2.52485e-18
59639.848206	-7.0952943025e-15	1	2e-17	2.52485e-18
59639.848218	-8.1085591597e-15	1	2e-17	2.52485e-18
59639.848229	-8.3063642227e-15	1	2e-17	2.52485e-18
59639.848241	-7.5169930434e-15	1	2e-17	2.52485e-18
59639.848252	-1.0952358778e-14	1	2e-17	2.52485e-18
59639.848264	-9.6930393196e-15	1	2e-17	2.52485e-18
59639.848275	-7.5239903826e-15	1	2e-17	2.52485e-18
59639.848287	-7.7544722827e-15	1	2e-17	2.52485e-18
59639.848299	-7.3025353126e-15	1	2e-17	2.52485e-18
59639.848310	-8.1162392074e-15	1	2e-17	2.52485e-18
59639.848322	-6.5281633926e-15	1	2e-17	2.52485e-18
59639.848333	-6.0790267134e-15	1	2e-17	2.52485e-18
59639.848345	-1.0342449316e-14	1	2e-17	2.52485e-18
59639.848356	-1.0610137985e-14	1	2e-17	2.52485e-18
59639.848368	-7.3120195405e-15	1	2e-17	2.52485e-18
59639.848380	-8.7089098547e-15	1	2e-17	2.52485e-18
59639.848391	-8.6603672435e-15	1	2e-17	2.52485e-18
59639.848403	-1.0130811358e-14	1	2e-17	2.52485e-18
59639.848414	-7.7520294396e-15	1	2e-17	2.52485e-18
59639.848426	-7.6791922295e-15	1	2e-17	2.52485e-18
59639.848437	-1.0747240432e-14	1	2e-17	2.52485e-18
59639.848449	-8.6010351266e-15	1	2e-17	2.52485e-18
59639.848461	-9.7404452126e-15	1	2e-17	2.52485e-18
59639.848472	-1.0100935659e-14	1	2e-17	2.52485e-18
59639.848484	-1.1994323652e-14	1	2e-17	2.52485e-18
59639.848495	-7.8278134774e-15	1	2e-17	2.52485e-18
59639.848507	-8.3836805431e-15	1	2e-17	2.52485e-18
59639.848519	-8.1393157730e-15	1	2e-17	2.52485e-18
59639.848530	-1.0426966263e-14	1	2e-17	2.52485e-18
59639.848542	-9.6691258854e-15	1	2e-17	2.52485e-18
59639.848553	-6.5746053621e-15	1	2e-17	2.52485e-18
59639.848565	-1.0540070573e-14	1	2e-17	2.52485e-18
59639.848576	-9.0248006279e-15	1	2e-17	2.52485e-18
59639.848588	-7.6038664365e-15	1	2e-17	2.52485e-18
59639.848600	-5.3535743343e-15	1	2e-17	2.52485e-18
59639.848611	-7.4717470844e-15	1	2e-17	2.52485e-18
59639.848623	-7.0969011240e-15	1	2e-17	2.52485e-18
59639.848634	-7.4933447305e-15	1	2e-17	2.52485e-18
59639.848646	-8.8834147354e-15	1	2e-17	2.52485e-18
59639.848657	-9.3780895999e-15	1	2e-17	2.52485e-18
59639.848669	-8.8574531756e-15	1	2e-17	2.52485e-18
59639.848681	-9.6496136345e-15	1	2e-17	2.52485e-18
59639.848692	-8.1559735230e-15	1	2e-17	2.52485e-18
59639.848704	-8.5287010540e-15	1	2e-17	2.52485e-18
59639.848715	-9.0871634287e-15	1	2e-17	2.52485e-18
59639.848727	-9.5324249321e-15	1	2e-17	2.52485e-18
59639.848738	-1.1529200920e-14	1	2e-17	2.52485e-18
59639.848750	-1.0984588381e-14	1	2e-17	2.52485e-18
59639.848762	-9.7820853522e-15	1	2e-17	2.52485e-18
59639.848773	-8.2579478195e-15	1	2e-17	2.52485e-18
59639.848785	-9.1997061553e-15	1	2e-17	2.52485e-18
59639.848796	-9.8733531523e-15	1	2e-17	2.52485e-18
59639.848808	-7.5891729560e-15	1	2e-17	2.52485e-18
59639.848819	-8.6779728233e-15	1	2e-17	2.52485e-18
59639.848831	-5.8013896421e-15	1	2e-17	2.52485e-18
59639.848843	-8.9429984211e-15	1	2e-17	2.52485e-18
59639.848854	-9.2895441637e-15	1	2e-17	2.52485e-18
59639.848866	-9.1053831074e-15	1	2e-17	2.52485e-18
59639.848877	-9.0719159886e-15	1	2e-17	2.52485e-18
59639.848889	-8.3449414913e-15	1	2e-17	2.52485e-18
59639.848900	-1.0869424935e-14	1	2e-17	2.52485e-18
59639.848912	-9.8289703199e-15	1	2e-17	2.52485e-18
59639.848924	-8.0874917562e-15	1	2e-17	2.52485e-18
59639.848935	-8.7827668925e-15	1	2e-17	2.52485e-18
59639.848947	-9.4259893131e-15	1	2e-17	2.52485e-18
59639.848958	-8.4590842631e-15	1	2e-17	2.52485e-18
59639.848970	-8.1726837889e-15	1	2e-17	2.52485e-18
59639.848981	-9.7022220038e-15	1	2e-17	2.52485e-18
59639.848993	-8.4450599386e-15	1	2e-17	2.52485e-18
59639.849005	-1.0945998407e-14	1	2e-17	2.52485e-18
59639.849016	-8.3294619642e-15	1	2e-17	2.52485e-18
59639.849028	-9.2105303893e-15	1	2e-17	2.52485e-18
59639.849039	-8.1985453989e-15	1	2e-17	2.52485e-18
59639.849051	-8.6519799232e-15	1	2e-17	2.52485e-18
59639.849062	-8.8090486308e-15	1	2e-17	2.52485e-18
59639.849074	-8.8230390740e-15	1	2e-17	2.52485e-18
59639.849086	-1.0530737117e-14	1	2e-17	2.52485e-18
59639.849097	-9.3732530418e-15	1	2e-17	2.52485e-18
59639.849109	-9.3963329955e-15	1	2e-17	2.52485e-18
59639.849120	-8.0768902918e-15	1	2e-17	2.52485e-18
59639.849132	-6.4644614328e-15	1	2e-17	2.52485e-18
59639.849144	-7.6420108712e-15	1	2e-17	2.52485e-18
59639.849155	-9.3777490927e-15	1	2e-17	2.52485e-18
59639.849167	-8.8994177289e-15	1	2e-17	2.52485e-18
59639.849178	-1.0834645762e-14	1	2e-17	2.52485e-18
59639.849190	-9.7172271924e-15	1	2e-17	2.52485e-18
59639.849201	-8.7380884456e-15	1	2e-17	2.52485e-18
59639.849213	-8.0264537150e-15	1	2e-17	2.52485e-18
59639.849225	-8.7260800595e-15	1	2e-17	2.52485e-18
59639.849236	-1.1000509213e-14	1	2e-17	2.52485e-18
59639.849248	-9.0950027186e-15	1	2e-17	2.52485e-18
59639.849259	-1.0575720495e-14	1	2e-17	2.52485e-18
59639.849271	-9.7324788677e-15	1	2e-17	2.52485e-18
59639.849282	-9.4283745579e-15	1	2e-17	2.52485e-18
59639.849294	-8.8584365808e-15	1	2e-17	2.52485e-18
59639.849306	-9.2503917598e-15	1	2e-17	2.52485e-18
59639.849317	-9.9976137327e-15	1	2e-17	2.52485e-18
59639.849329	-8.1500434453e-15	1	2e-17	2.52485e-18
59639.849340	-1.1184575401e-14	1	2e-17	2.52485e-18
59639.849352	-9.8353408547e-15	1	2e-17	2.52485e-18
59639.849363	-9.8017365166e-15	1	2e-17	2.52485e-18
59639.849375	-9.4551153880e-15	1	2e-17	2.52485e-18
59639.849387	-6.4851840938e-15	1	2e-17	2.52485e-18
59639.849398	-7.7663417554e-15	1	2e-17	2.52485e-18
59639.849410	-7.3701598820e-15	1	2e-17	2.52485e-18
59639.849421	-8.3836441207e-15	1	2e-17	2.52485e-18
59639.849433	-9.0301352414e-15	1	2e-17	2.52485e-18
59639.849444	-9.2823570892e-15	1	2e-17	2.52485e-18
59639.849479	-9.2624213217e-15	1	2e-17	2.52485e-18
59639.849491	-7.6712064029e-15	1	2e-17	2.52485e-18
59639.849502	-6.2065627702e-15	1	2e-17	2.52485e-18
59639.849514	-6.2951344644e-15	1	2e-17	2.52485e-18
59639.849525	-7.1444510125e-15	1	2e-17	2.52485e-18
59639.849537	-6.7619571916e-15	1	2e-17	2.52485e-18
59639.849549	-6.8299197271e-15	1	2e-17	2.52485e-18
59639.849560	-9.4693031899e-15	1	2e-17	2.52485e-18
59639.849572	-9.9472686354e-15	1	2e-17	2.52485e-18
59639.849583	-8.4062395716e-15	1	2e-17	2.52485e-18
59639.849595	-8.7410971067e-15	1	2e-17	2.52485e-18
59639.849606	-7.2212972296e-15	1	2e-17	2.52485e-18
59639.849618	-9.6373384330e-15	1	2e-17	2.52485e-18
59639.849630	-7.8143668294e-15	1	2e-17	2.52485e-18
59639.849641	-8.8635831530e-15	1	2e-17	2.52485e-18
59639.849653	-1.0969478161e-14	1	2e-17	2.52485e-18
59639.849664	-9.5839906039e-15	1	2e-17	2.52485e-18
59639.849676	-9.5920941681e-15	1	2e-17	2.52485e-18
59639.849687	-7.4381190294e-15	1	2e-17	2.52485e-18
59639.849699	-8.6402281881e-15	1	2e-17	2.52485e-18
59639.849711	-1.0404308132e-14	1	2e-17	2.52485e-18
59639.849722	-8.8915775919e-15	1	2e-17	2.52485e-18
59639.849734	-9.3505195245e-15	1	2e-17	2.52485e-18
59639.849745	-8.2491539234e-15	1	2e-17	2.52485e-18
59639.849757	-9.2185077456e-15	1	2e-17	2.52485e-18
59639.849769	-1.0253403283e-14	1	2e-17	2.52485e-18
59639.849780	-9.0540698514e-15	1	2e-17	2.52485e-18
59639.849792	-8.8698444206e-15	1	2e-17	2.52485e-18
59639.849803	-9.4898572914e-15	1	2e-17	2.52485e-18
59639.849815	-1.1023308798e-14	1	2e-17	2.52485e-18
59639.849826	-8.4366616070e-15	1	2e-17	2.52485e-18
59639.849838	-8.5081198475e-15	1	2e-17	2.52485e-18
59639.849850	-1.0265083868e-14	1	2e-17	2.52485e-18
59639.849861	-6.7133747698e-15	1	2e-17	2.52485e-18
59639.849873	-9.3927644457e-15	1	2e-17	2.52485e-18
59639.849884	-8.7384738456e-15	1	2e-17	2.52485e-18
59639.849896	-8.8364721695e-15	1	2e-17	2.52485e-18
59639.849907	-9.4227248481e-15	1	2e-17	2.52485e-18
59639.849919	-8.4831560925e-15	1	2e-17	2.52485e-18
59639.849931	-6.8197883660e-15	1	2e-17	2.52485e-18
59639.849942	-6.5827834652e-15	1	2e-17	2.52485e-18
59639.849954	-9.9866082336e-15	1	2e-17	2.52485e-18
59639.849965	-9.8049315249e-15	1	2e-17	2.52485e-18
59639.849977	-7.2340721805e-15	1	2e-17	2.52485e-18
59639.849988	-5.5713431169e-15	1	2e-17	2.52485e-18
59639.850000	-1.7754666078e-15	1	2e-17	2.52485e-18
59639.850012	-2.8046150268e-15	1	2e-17	2.52485e-18
59639.850023	-6.3240072765e-15	1	2e-17	2.52485e-18
59639.850035	-5.0993805939e-15	1	2e-17	2.52485e-18
59639.850046	-6.5995420121e-15	1	2e-17	2.52485e-18
59639.850058	-6.1467453035e-15	1	2e-17	2.52485e-18
59639.850069	-8.1252906015e-15	1	2e-17	2.52485e-18
59639.850081	-8.2576954037e-15	1	2e-17	2.52485e-18
59639.850093	-7.4539441459e-15	1	2e-17	2.52485e-18
59639.850104	-9.1482480567e-15	1	2e-17	2.52485e-18
59639.850116	-1.0240060820e-14	1	2e-17	2.52485e-18
59639.850127	-9.4754365554e-15	1	2e-17	2.52485e-18
59639.850139	-9.3138091166e-15	1	2e-17	2.52485e-18
59639.850150	-8.1204548904e-15	1	2e-17	2.52485e-18
59639.850162	-9.3202914597e-15	1	2e-17	2.52485e-18
59639.850174	-1.1567407188e-14	1	2e-17	2.52485e-18
59639.850185	-1.0214064532e-14	1	2e-17	2.52485e-18
59639.850197	-7.8146776905e-15	1	2e-17	2.52485e-18
59639.850208	-9.9442498100e-15	1	2e-17	2.52485e-18
59639.850220	-9.3394301692e-15	1	2e-17	2.52485e-18
59639.850231	-8.8489066132e-15	1	2e-17	2.52485e-18
59639.850243	-9.5107612175e-15	1	2e-17	2.52485e-18
59639.850255	-7.5370880530e-15	1	2e-17	2.52485e-18
59639.850266	-8.5024396445e-15	1	2e-17	2.52485e-18
59639.850278	-8.8385829756e-15	1	2e-17	2.52485e-18
59639.850289	-1.0072178890e-14	1	2e-17	2.52485e-18
59639.850301	-1.1034122868e-14	1	2e-17	2.52485e-18
59639.850312	-9.3236778975e-15	1	2e-17	2.52485e-18
59639.850324	-1.0190522945e-14	1	2e-17	2.52485e-18
59639.850336	-1.0125963788e-14	1	2e-17	2.52485e-18
59639.850347	-7.1783340245e-15	1	2e-17	2.52485e-18
59639.850359	-7.7793098298e-15	1	2e-17	2.52485e-18
59639.850370	-9.4376317809e-15	1	2e-17	2.52485e-18
59639.850382	-7.5003734099e-15	1	2e-17	2.52485e-18
59639.850394	-7.2921278187e-15	1	2e-17	2.52485e-18
59639.850405	-8.9698425892e-15	1	2e-17	2.52485e-18
59639.850417	-6.6543721488e-15	1	2e-17	2.52485e-18
59639.850428	-7.8064919641e-15	1	2e-17	2.52485e-18
59639.850440	-1.0540322989e-14	1	2e-17	2.52485e-18
59639.850451	-7.3245903564e-15	1	2e-17	2.52485e-18
59639.850463	-7.2122000958e-15	1	2e-17	2.52485e-18
59639.850475	-9.5829165661e-15	1	2e-17	2.52485e-18
59639.850486	-1.2170758921e-14	1	2e-17	2.52485e-18
59639.850498	-6.9279993661e-15	1	2e-17	2.52485e-18
59639.850509	-8.9280296548e-15	1	2e-17	2.52485e-18
59639.850521	-7.6347001299e-15	1	2e-17	2.52485e-18
59639.850532	-7.5839637034e-15	1	2e-17	2.52485e-18
59639.850544	-1.0547349127e-14	1	2e-17	2.52485e-18
59639.850556	-9.0050545959e-15	1	2e-17	2.52485e-18
59639.850567	-9.5045490778e-15	1	2e-17	2.52485e-18
59639.850579	-1.0043579670e-14	1	2e-17	2.52485e-18
59639.850590	-8.0892315619e-15	1	2e-17	2.52485e-18
59639.850602	-1.0767725077e-14	1	2e-17	2.52485e-18
59639.850613	-7.8977013189e-15	1	2e-17	2.52485e-18
59639.850625	-8.6491000112e-15	1	2e-17	2.52485e-18
59639.850637	-8.9266854135e-15	1	2e-17	2.52485e-18
59639.850648	-6.5208628156e-15	1	2e-17	2.52485e-18
59639.850660	-7.5578979585e-15	1	2e-17	2.52485e-18
59639.850671	-6.6133605076e-15	1	2e-17	2.52485e-18
59639.850683	-9.4079246414e-15	1	2e-17	2.52485e-18
59639.850694	-8.7406583436e-15	1	2e-17	2.52485e-18
59639.850706	-9.1688157107e-15	1	2e-17	2.52485e-18
59639.850718	-1.1855551703e-14	1	2e-17	2.52485e-18
59639.850729	-8.7819740697e-15	1	2e-17	2.52485e-18
59639.850741	-9.5302853269e-15	1	2e-17	2.52485e-18
59639.850752	-7.5153955392e-15	1	2e-17	2.52485e-18
59639.850764	-9.8003431474e-15	1	2e-17	2.52485e-18
59639.850775	-9.3704967966e-15	1	2e-17	2.52485e-18
59639.850787	-7.4569138435e-15	1	2e-17	2.52485e-18
59639.850799	-1.0579305139e-14	1	2e-17	2.52485e-18
59639.850810	-1.0879358937e-14	1	2e-17	2.52485e-18
59639.850822	-9.6485768661e-15	1	2e-17	2.52485e-18
59639.850833	-7.3658942240e-15	1	2e-17	2.52485e-18
59639.850845	-8.7513716163e-15	1	2e-17	2.52485e-18
59639.850856	-7.5774034332e-15	1	2e-17	2.52485e-18
59639.850868	-6.4209019164e-15	1	2e-17	2.52485e-18
59639.850880	-6.9701223146e-15	1	2e-17	2.52485e-18
59639.850891	-9.1279082546e-15	1	2e-17	2.52485e-18
59639.850903	-7.3018060172e-15	1	2e-17	2.52485e-18
59639.850914	-8.0252822684e-15	1	2e-17	2.52485e-18
59639.850926	-6.4382533864e-15	1	2e-17	2.52485e-18
59639.850937	-8.2550272499e-15	1	2e-17	2.52485e-18
59639.850949	-8.2348500780e-15	1	2e-17	2.52485e-18
59639.850961	-8.8218303580e-15	1	2e-17	2.52485e-18
59639.851019	-8.7363198408e-15	1	2e-17	2.52485e-18
59639.851030	-8.1043985338e-15	1	2e-17	2.52485e-18
59639.851042	-9.0688666700e-15	1	2e-17	2.52485e-18
59639.851053	-6.6480050021e-15	1	2e-17	2.52485e-18
59639.851065	-7.5642024247e-15	1	2e-17	2.52485e-18
59639.851076	-6.4667433395e-15	1	2e-17	2.52485e-18
59639.851088	-7.1916858048e-15	1	2e-17	2.52485e-18
59639.851100	-8.6342261127e-15	1	2e-17	2.52485e-18
59639.851111	-7.9799236541e-15	1	2e-17	2.52485e-18
59639.851123	-7.3695805114e-15	1	2e-17	2.52485e-18
59639.851134	-9.3132551570e-15	1	2e-17	2.52485e-18
59639.851146	-7.1662197593e-15	1	2e-17	2.52485e-18
59639.851157	-8.2902138455e-15	1	2e-17	2.52485e-18
59639.851169	-8.9404344523e-15	1	2e-17	2.52485e-18
59639.851181	-5.6596835711e-15	1	2e-17	2.52485e-18
59639.851192	-6.7698134221e-15	1	2e-17	2.52485e-18
59639.851204	-6.8862330185e-15	1	2e-17	2.52485e-18
59639.851215	-9.1545381234e-15	1	2e-17	2.52485e-18
59639.851227	-8.9536024265e-15	1	2e-17	2.52485e-18
59639.851238	-9.2811864897e-15	1	2e-17	2.52485e-18
59639.851250	-9.6319741733e-15	1	2e-17	2.52485e-18
59639.851262	-9.1066409513e-15	1	2e-17	2.52485e-18
59639.851273	-1.2419843359e-14	1	2e-17	2.52485e-18
59639.851285	-1.0591906448e-14	1	2e-17	2.52485e-18
59639.851296	-1.0429727591e-14	1	2e-17	2.52485e-18
59639.851308	-1.0702651771e-14	1	2e-17	2.52485e-18
59639.851319	-8.6173303465e-15	1	2e-17	2.52485e-18
59639.851331	-8.5299428043e-15	1	2e-17	2.52485e-18
59639.851343	-8.9500330297e-15	1	2e-17	2.52485e-18
59639.851354	-9.7995859000e-15	1	2e-17	2.52485e-18
59639.851366	-1.0081673282e-14	1	2e-17	2.52485e-18
59639.851377	-7.1007127722e-15	1	2e-17	2.52485e-18
59639.851389	-7.7393061577e-15	1	2e-17	2.52485e-18
59639.851400	-7.6454532131e-15	1	2e-17	2.52485e-18
59639.851412	-1.0053981234e-14	1	2e-17	2.52485e-18
59639.851424	-8.8001378442e-15	1	2e-17	2.52485e-18
59639.851435	-6.3625676044e-15	1	2e-17	2.52485e-18
59639.851447	-8.9105629884e-15	1	2e-17	2.52485e-18
59639.851458	-8.3086342710e-15	1	2e-17	2.52485e-18
59639.851470	-7.7407122324e-15	1	2e-17	2.52485e-18
59639.851481	-8.4535192567e-15	1	2e-17	2.52485e-18
59639.851493	-8.4621979562e-15	1	2e-17	2.52485e-18
59639.851505	-8.1971825229e-15	1	2e-17	2.52485e-18
59639.851516	-6.7314275830e-15	1	2e-17	2.52485e-18
59639.851528	-7.8623868212e-15	1	2e-17	2.52485e-18
59639.851539	-7.9604952594e-15	1	2e-17	2.52485e-18
59639.851551	-7.0497247769e-15	1	2e-17	2.52485e-18
59639.851562	-1.0543400259e-14	1	2e-17	2.52485e-18
59639.851574	-1.0357208865e-14	1	2e-17	2.52485e-18
59639.851586	-8.9580612080e-15	1	2e-17	2.52485e-18
59639.851597	-7.7744563310e-15	1	2e-17	2.52485e-18
59639.851609	-7.6591582062e-15	1	2e-17	2.52485e-18
59639.851620	-8.6884370683e-15	1	2e-17	2.52485e-18
59639.851632	-9.3571246874e-15	1	2e-17	2.52485e-18
59639.851644	-9.8047028260e-15	1	2e-17	2.52485e-18
59639.851655	-6.9984335438e-15	1	2e-17	2.52485e-18
59639.851667	-9.7915865208e-15	1	2e-17	2.52485e-18
59639.851678	-8.4490977447e-15	1	2e-17	2.52485e-18
59639.851690	-6.9339091150e-15	1	2e-17	2.52485e-18
59639.851701	-9.9552392155e-15	1	2e-17	2.52485e-18
59639.851713	-8.5534835440e-15	1	2e-17	2.52485e-18
59639.851725	-9.6993217630e-15	1	2e-17	2.52485e-18
59639.851736	-7.5499968351e-15	1	2e-17	2.52485e-18
59639.851748	-1.1125530429e-14	1	2e-17	2.52485e-18
59639.851759	-1.1094031814e-14	1	2e-17	2.52485e-18
59639.851771	-8.4496593275e-15	1	2e-17	2.52485e-18
59639.851782	-7.3743179667e-15	1	2e-17	2.52485e-18
59639.851794	-7.9154559765e-15	1	2e-17	2.52485e-18
59639.851806	-9.5021638331e-15	1	2e-17	2.52485e-18
59639.851817	-9.8743280872e-15	1	2e-17	2.52485e-18
59639.851829	-8.2139241291e-15	1	2e-17	2.52485e-18
59639.851840	-7.5691846725e-15	1	2e-17	2.52485e-18
59639.851852	-8.2529562543e-15	1	2e-17	2.52485e-18
59639.851863	-9.3803266139e-15	1	2e-17	2.52485e-18
59639.851875	-7.8775249941e-15	1	2e-17	2.52485e-18
59639.851887	-8.8130915190e-15	1	2e-17	2.52485e-18
59639.851898	-7.5473456220e-15	1	2e-17	2.52485e-18
59639.851910	-8.2245865798e-15	1	2e-17	2.52485e-18
59639.851921	-8.3986264395e-15	1	2e-17	2.52485e-18
59639.851933	-6.9335855484e-15	1	2e-17	2.52485e-18
59639.851944	-7.1770431463e-15	1	2e-17	2.52485e-18
59639.851956	-1.0134150362e-14	1	2e-17	2.52485e-18
59639.851968	-8.3454268412e-15	1	2e-17	2.52485e-18
59639.851979	-8.9821940237e-15	1	2e-17	2.52485e-18
59639.851991	-8.9930783970e-15	1	2e-17	2.52485e-18
59639.852002	-8.0116712960e-15	1	2e-17	2.52485e-18
59639.852014	-9.4721915722e-15	1	2e-17	2.52485e-18
59639.852025	-7.9060818629e-15	1	2e-17	2.52485e-18
59639.852037	-6.6659731120e-15	1	2e-17	2.52485e-18
59639.852049	-8.1289955236e-15	1	2e-17	2.52485e-18
59639.852060	-9.9863880051e-15	1	2e-17	2.52485e-18
59639.852072	-9.6514135795e-15	1	2e-17	2.52485e-18
59639.852083	-9.5895225761e-15	1	2e-17	2.52485e-18
59639.852095	-9.4103776488e-15	1	2e-17	2.52485e-18
59639.852106	-9.4452296665e-15	1	2e-17	2.52485e-18
59639.852118	-8.7091377065e-15	1	2e-17	2.52485e-18
59639.852130	-7.6812835538e-15	1	2e-17	2.52485e-18
59639.852141	-8.6148866564e-15	1	2e-17	2.52485e-18
59639.852153	-7.7912021724e-15	1	2e-17	2.52485e-18
59639.852164	-7.9319036623e-15	1	2e-17	2.52485e-18
59639.852176	-9.1044471360e-15	1	2e-17	2.52485e-18
59639.852188	-9.8220161794e-15	1	2e-17	2.52485e-18
59639.852199	-9.5660639986e-15	1	2e-17	2.52485e-18
59639.852211	-5.8591810060e-15	1	2e-17	2.52485e-18
59639.852222	-8.1875839455e-15	1	2e-17	2.52485e-18
59639.852234	-1.0348760558e-14	1	2e-17	2.52485e-18
59639.852245	-1.0567655895e-14	1	2e-17	2.52485e-18
59639.852257	-1.0255890172e-14	1	2e-17	2.52485e-18
59639.852269	-9.3822510728e-15	1	2e-17	2.52485e-18
59639.852280	-9.6488538459e-15	1	2e-17	2.52485e-18
59639.852292	-7.6048320541e-15	1	2e-17	2.52485e-18
59639.852303	-7.0258765643e-15	1	2e-17	2.52485e-18
59639.852315	-8.6950396902e-15	1	2e-17	2.52485e-18
59639.852326	-9.2874121818e-15	1	2e-17	2.52485e-18
59639.852338	-1.1568759900e-14	1	2e-17	2.52485e-18
59639.852350	-7.3007252032e-15	1	2e-17	2.52485e-18
59639.852361	-6.7034729547e-15	1	2e-17	2.52485e-18
59639.852373	-9.6915155073e-15	1	2e-17	2.52485e-18
59639.852384	-7.6829843960e-15	1	2e-17	2.52485e-18
59639.852396	-8.3340215425e-15	1	2e-17	2.52485e-18
59639.852407	-7.0614324663e-15	1	2e-17	2.52485e-18
59639.852419	-8.6022031851e-15	1	2e-17	2.52485e-18
59639.852431	-8.4615923277e-15	1	2e-17	2.52485e-18
59639.852442	-8.9109568587e-15	1	2e-17	2.52485e-18
59639.852454	-1.0989114078e-14	1	2e-17	2.52485e-18
59639.852465	-9.5612901209e-15	1	2e-17	2.52485e-18
59639.852477	-7.9065629776e-15	1	2e-17	2.52485e-18
59639.852488	-8.0437314931e-15	1	2e-17	2.52485e-18
59639.852500	-8.2251574800e-15	1	2e-17	2.52485e-18
59639.852512	-9.1738555568e-15	1	2e-17	2.52485e-18
59639.852523	-8.5611280164e-15	1	2e-17	2.52485e-18
59639.852535	-7.7532694959e-15	1	2e-17	2.52485e-18
59639.852546	-5.7560818498e-15	1	2e-17	2.52485e-18
59639.852558	-8.0803809146e-15	1	2e-17	2.52485e-18
59639.852569	-8.4871058071e-15	1	2e-17	2.52485e-18
59639.852581	-6.5158602391e-15	1	2e-17	2.52485e-18
59639.852593	-8.0440576007e-15	1	2e-17	2.52485e-18
59639.852604	-9.0606724733e-15	1	2e-17	2.52485e-18
59639.852616	-7.6427952237e-15	1	2e-17	2.52485e-18
59639.852627	-8.7566477845e-15	1	2e-17	2.52485e-18
59639.852639	-5.6650342783e-15	1	2e-17	2.52485e-18
59639.852650	-6.3399433544e-15	1	2e-17	2.52485e-18
59639.852662	-8.5079258769e-15	1	2e-17	2.52485e-18
59639.852674	-8.3887136129e-15	1	2e-17	2.52485e-18
59639.852685	-8.7075114033e-15	1	2e-17	2.52485e-18
59639.852697	-7.9796373570e-15	1	2e-17	2.52485e-18
59639.852708	-8.3033513266e-15	1	2e-17	2.52485e-18
59639.852720	-1.0664153276e-14	1	2e-17	2.52485e-18
59639.852731	-8.7460293795e-15	1	2e-17	2.52485e-18
59639.852743	-8.2154936811e-15	1	2e-17	2.52485e-18
59639.852755	-8.8089537631e-15	1	2e-17	2.52485e-18
59639.852766	-8.4815001431e-15	1	2e-17	2.52485e-18
59639.852778	-7.8305231358e-15	1	2e-17	2.52485e-18
59639.852789	-1.0554510790e-14	1	2e-17	2.52485e-18
59639.852801	-8.8006147237e-15	1	2e-17	2.52485e-18
59639.852813	-6.1754537912e-15	1	2e-17	2.52485e-18
59639.852824	-9.1797695408e-15	1	2e-17	2.52485e-18
59639.852836	-6.7598141982e-15	1	2e-17	2.52485e-18
59639.852847	-7.6674930104e-15	1	2e-17	2.52485e-18
59639.852859	-9.3864599795e-15	1	2e-17	2.52485e-18
59639.852870	-5.5603952161e-15	1	2e-17	2.52485e-18
59639.852882	-3.9173655978e-15	1	2e-17	2.52485e-18
59639.852894	-6.8781133607e-15	1	2e-17	2.52485e-18
59639.852905	-9.7696703903e-15	1	2e-17	2.52485e-18
59639.852917	-8.2785510489e-15	1	2e-17	2.52485e-18
59639.852928	-9.6191009666e-15	1	2e-17	2.52485e-18
59639.852940	-9.1640028695e-15	1	2e-17	2.52485e-18
59639.852951	-9.1195810736e-15	1	2e-17	2.52485e-18
59639.852963	-7.1558402175e-15	1	2e-17	2.52485e-18
59639.852975	-8.9993777811e-15	1	2e-17	2.52485e-18
59639.852986	-8.0153050673e-15	1	2e-17	2.52485e-18
59639.852998	-7.3141794745e-15	1	2e-17	2.52485e-18
59639.853009	-7.7363932114e-15	1	2e-17	2.52485e-18
59639.853021	-1.0537655682e-14	1	2e-17	2.52485e-18
59639.853032	-8.2081067068e-15	1	2e-17	2.52485e-18
59639.853044	-9.4197204222e-15	1	2e-17	2.52485e-18
59639.853056	-9.6571513807e-15	1	2e-17	2.52485e-18
59639.853067	-1.0530881959e-14	1	2e-17	2.52485e-18
59639.853079	-1.1558254997e-14	1	2e-17	2.52485e-18
59639.853090	-9.8540103079e-15	1	2e-17	2.52485e-18
59639.853102	-8.7289328665e-15	1	2e-17	2.52485e-18
59639.853113	-8.9926379399e-15	1	2e-17	2.52485e-18
59639.853125	-9.5321174592e-15	1	2e-17	2.52485e-18
59639.853137	-9.2793916268e-15	1	2e-17	2.52485e-18
59639.853148	-8.1964566156e-15	1	2e-17	2.52485e-18
59639.853160	-8.8032583136e-15	1	2e-17	2.52485e-18
59639.853171	-7.1558486879e-15	1	2e-17	2.52485e-18
59639.853183	-7.8085256902e-15	1	2e-17	2.52485e-18
59639.853194	-7.7815434557e-15	1	2e-17	2.52485e-18
59639.853206	-7.4651071932e-15	1	2e-17	2.52485e-18
59639.853218	-8.9607666312e-15	1	2e-17	2.52485e-18
59639.853229	-7.7179329754e-15	1	2e-17	2.52485e-18
59639.853241	-8.4837117461e-15	1	2e-17	2.52485e-18
59639.853252	-6.6703006034e-15	1	2e-17	2.52485e-18
59639.853264	-9.5534161026e-15	1	2e-17	2.52485e-18
59639.853275	-6.7283011844e-15	1	2e-17	2.52485e-18
59639.853287	-6.0900008723e-15	1	2e-17	2.52485e-18
59639.853299	-8.7224954161e-15	1	2e-17	2.52485e-18
59639.853310	-8.2862361788e-15	1	2e-17	2.52485e-18
59639.853322	-9.0096802428e-15	1	2e-17	2.52485e-18
59639.853333	-1.0895317038e-14	1	2e-17	2.52485e-18
59639.853345	-9.1124820905e-15	1	2e-17	2.52485e-18
59639.853356	-9.8106794905e-15	1	2e-17	2.52485e-18
59639.853368	-9.5283989845e-15	1	2e-17	2.52485e-18
59639.853380	-8.5089846681e-15	1	2e-17	2.52485e-18
59639.853391	-8.7017049924e-15	1	2e-17	2.52485e-18
59639.853403	-7.9807825455e-15	1	2e-17	2.52485e-18
59639.853414	-8.1790627941e-15	1	2e-17	2.52485e-18
59639.853426	-7.3051645028e-15	1	2e-17	2.52485e-18
59639.853438	-8.3404818628e-15	1	2e-17	2.52485e-18
59639.853449	-7.8833195465e-15	1	2e-17	2.52485e-18
59639.853461	-8.4181683366e-15	1	2e-17	2.52485e-18
59639.853472	-8.6972445169e-15	1	2e-17	2.52485e-18
59639.853484	-1.0997748732e-14	1	2e-17	2.52485e-18
59639.853495	-8.8440556555e-15	1	2e-17	2.52485e-18
59639.853507	-7.4859746968e-15	1	2e-17	2.52485e-18
59639.853519	-7.1030971700e-15	1	2e-17	2.52485e-18
59639.853530	-7.7841819633e-15	1	2e-17	2.52485e-18
59639.853542	-8.7541041446e-15	1	2e-17	2.52485e-18
59639.853553	-8.0322491144e-15	1	2e-17	2.52485e-18
59639.853565	-8.4063708617e-15	1	2e-17	2.52485e-18
59639.853576	-9.7881543433e-15	1	2e-17	2.52485e-18
59639.853588	-1.0145802147e-14	1	2e-17	2.52485e-18
59639.853600	-6.9323759854e-15	1	2e-17	2.52485e-18
59639.853611	-8.9335014877e-15	1	2e-17	2.52485e-18
59639.853623	-8.7278410410e-15	1	2e-17	2.52485e-18
59639.853634	-8.9538692419e-15	1	2e-17	2.52485e-18
59639.853646	-9.8938682903e-15	1	2e-17	2.52485e-18
59639.853657	-7.5374853115e-15	1	2e-17	2.52485e-18
59639.853669	-9.8482598012e-15	1	2e-17	2.52485e-18
59639.853681	-9.4074951957e-15	1	2e-17	2.52485e-18
59639.853692	-6.5372452799e-15	1	2e-17	2.52485e-18
59639.853704	-8.7273489149e-15	1	2e-17	2.52485e-18
59639.853715	-8.1224242420e-15	1	2e-17	2.52485e-18
59639.853727	-1.0847935709e-14	1	2e-17	2.52485e-18
59639.853738	-9.1891385722e-15	1	2e-17	2.52485e-18
59639.853750	-9.6876488019e-15	1	2e-17	2.52485e-18
59639.853762	-8.3726852084e-15	1	2e-17	2.52485e-18
59639.853773	-8.5048037135e-15	1	2e-17	2.52485e-18
59639.853785	-1.2151834511e-14	1	2e-17	2.52485e-18
59639.853796	-8.2131990689e-15	1	2e-17	2.52485e-18
59639.853808	-7.7477349826e-15	1	2e-17	2.52485e-18
59639.853819	-7.1265845466e-15	1	2e-17	2.52485e-18
59639.853831	-3.9334499064e-15	1	2e-17	2.52485e-18
59639.853843	-4.7040101781e-15	1	2e-17	2.52485e-18
59639.853854	-5.1884342498e-15	1	2e-17	2.52485e-18
59639.853866	-8.0649378099e-15	1	2e-17	2.52485e-18
59639.853877	-6.8616860037e-15	1	2e-17	2.52485e-18
59639.853889	-7.9355645387e-15	1	2e-17	2.52485e-18
59639.853900	-5.5991910191e-15	1	2e-17	2.52485e-18
59639.853912	-4.6142932953e-15	1	2e-17	2.52485e-18
59639.853924	-7.2951949250e-15	1	2e-17	2.52485e-18
59639.853935	-6.3230806225e-15	1	2e-17	2.52485e-18
59639.853947	-5.7927727759e-15	1	2e-17	2.52485e-18
59639.853958	-7.8464626018e-15	1	2e-17	2.52485e-18
59639.853970	-7.4335425104e-15	1	2e-17	2.52485e-18
59639.853981	-8.8135573872e-15	1	2e-17	2.52485e-18
59639.853993	-8.5278989138e-15	1	2e-17	2.52485e-18
59639.854005	-5.6434815249e-15	1	2e-17	2.52485e-18
59639.854016	-5.3929884714e-15	1	2e-17	2.52485e-18
59639.854028	-6.3437863429e-15	1	2e-17	2.52485e-18
59639.854039	-6.8604959224e-15	1	2e-17	2.52485e-18
59639.854051	-7.4347732493e-15	1	2e-17	2.52485e-18
59639.854063	-7.7540225082e-15	1	2e-17	2.52485e-18
59639.854074	-7.2497033265e-15	1	2e-17	2.52485e-18
59639.854086	-6.7555383759e-15	1	2e-17	2.52485e-18
59639.854097	-8.9282956232e-15	1	2e-17	2.52485e-18
59639.854109	-9.2397284621e-15	1	2e-17	2.52485e-18
59639.854120	-7.5985860331e-15	1	2e-17	2.52485e-18
59639.854132	-7.9423594370e-15	1	2e-17	2.52485e-18
59639.854144	-1.0372565572e-14	1	2e-17	2.52485e-18
59639.854155	-1.1045911873e-14	1	2e-17	2.52485e-18
59639.854167	-8.6509558604e-15	1	2e-17	2.52485e-18
59639.854178	-6.8194910575e-15	1	2e-17	2.52485e-18
59639.854190	-5.1710785447e-15	1	2e-17	2.52485e-18
59639.854201	-9.3895245447e-15	1	2e-17	2.52485e-18
59639.854213	-1.0391883006e-14	1	2e-17	2.52485e-18
59639.854225	-7.6072342395e-15	1	2e-17	2.52485e-18
59639.854236	-9.0749365081e-15	1	2e-17	2.52485e-18
59639.854248	-9.0795104860e-15	1	2e-17	2.52485e-18
59639.854259	-6.8321364123e-15	1	2e-17	2.52485e-18
59639.854271	-8.2563054226e-15	1	2e-17	2.52485e-18
59639.854282	-6.6905048803e-15	1	2e-17	2.52485e-18
59639.854294	-6.6920947611e-15	1	2e-17	2.52485e-18
59639.854306	-7.8388994447e-15	1	2e-17	2.52485e-18
59639.854317	-9.0240306750e-15	1	2e-17	2.52485e-18
59639.854329	-5.9380939835e-15	1	2e-17	2.52485e-18
59639.854340	-5.7548273940e-15	1	2e-17	2.52485e-18
59639.854352	-6.4812589432e-15	1	2e-17	2.52485e-18
59639.854363	-7.3708993417e-15	1	2e-17	2.52485e-18
59639.854375	-7.6356293250e-15	1	2e-17	2.52485e-18
59639.854387	-8.7954012359e-15	1	2e-17	2.52485e-18
59639.854398	-6.7156820876e-15	1	2e-17	2.52485e-18
59639.854410	-9.3493235140e-15	1	2e-17	2.52485e-18
59639.854421	-5.2671439394e-15	1	2e-17	2.52485e-18
59639.854433	-6.5925971889e-15	1	2e-17	2.52485e-18
59639.854444	-7.9154271774e-15	1	2e-17	2.52485e-18
59639.854456	-6.1053465682e-15	1	2e-17	2.52485e-18
59639.854468	-6.1035178241e-15	1	2e-17	2.52485e-18
59639.854479	-4.6279406902e-15	1	2e-17	2.52485e-18
59639.854491	-6.8721739657e-15	1	2e-17	2.52485e-18
59639.854502	-9.7859469754e-15	1	2e-17	2.52485e-18
59639.854514	-1.0414693603e-14	1	2e-17	2.52485e-18
59639.854525	-8.9141705017e-15	1	2e-17	2.52485e-18
59639.854537	-7.6967986563e-15	1	2e-17	2.52485e-18
59639.854549	-9.0546483749e-15	1	2e-17	2.52485e-18
59639.854560	-7.9809290822e-15	1	2e-17	2.52485e-18
59639.854572	-9.5341503383e-15	1	2e-17	2.52485e-18
59639.854583	-9.0052273906e-15	1	2e-17	2.52485e-18
59639.854595	-8.5640265631e-15	1	2e-17	2.52485e-18
59639.854606	-8.5453884501e-15	1	2e-17	2.52485e-18
59639.854618	-9.5241333266e-15	1	2e-17	2.52485e-18
59639.854630	-9.1950051224e-15	1	2e-17	2.52485e-18
59639.854641	-9.0378940632e-15	1	2e-17	2.52485e-18
59639.854653	-8.7072140947e-15	1	2e-17	2.52485e-18
59639.854664	-7.4347325917e-15	1	2e-17	2.52485e-18
59639.854676	-8.4205798394e-15	1	2e-17	2.52485e-18
59639.854688	-9.7066613035e-15	1	2e-17	2.52485e-18
59639.854699	-5.4704733514e-15	1	2e-17	2.52485e-18
59639.854711	-5.0986961913e-15	1	2e-17	2.52485e-18
59639.854722	-8.4709351011e-15	1	2e-17	2.52485e-18
59639.854734	-6.4132320331e-15	1	2e-17	2.52485e-18
59639.854745	-1.0479543292e-14	1	2e-17	2.52485e-18
59639.854757	-1.0191941726e-14	1	2e-17	2.52485e-18
59639.854769	-1.0419603853e-14	1	2e-17	2.52485e-18
59639.854780	-9.5197465430e-15	1	2e-17	2.52485e-18
59639.854792	-7.8999484973e-15	1	2e-17	2.52485e-18
59639.854803	-8.5647905868e-15	1	2e-17	2.52485e-18
59639.854815	-8.5527542486e-15	1	2e-17	2.52485e-18
59639.854826	-8.6310946319e-15	1	2e-17	2.52485e-18
59639.854838	-8.9381669451e-15	1	2e-17	2.52485e-18
59639.854850	-9.2308718856e-15	1	2e-17	2.52485e-18
59639.854861	-9.5830631028e-15	1	2e-17	2.52485e-18
59639.854873	-7.5417916270e-15	1	2e-17	2.52485e-18
59639.854884	-9.6758191398e-15	1	2e-17	2.52485e-18
59639.854896	-9.1293897152e-15	1	2e-17	2.52485e-18
59639.854907	-8.0606306474e-15	1	2e-17	2.52485e-18
59639.854919	-9.8625306123e-15	1	2e-17	2.52485e-18
59639.854931	-8.1407167655e-15	1	2e-17	2.52485e-18
59639.854942	-8.4593188913e-15	1	2e-17	2.52485e-18
59639.854954	-8.2328383748e-15	1	2e-17	2.52485e-18
59639.854965	-8.5153755317e-15	1	2e-17	2.52485e-18
59639.854977	-1.0422966574e-14	1	2e-17	2.52485e-18
59639.854988	-8.9180245016e-15	1	2e-17	2.52485e-18
59639.855000	-7.8498710624e-15	1	2e-17	2.52485e-18
59639.855012	-1.0217453511e-14	1	2e-17	2.52485e-18
59639.855023	-9.4235862806e-15	1	2e-17	2.52485e-18
59639.855035	-1.0347431564e-14	1	2e-17	2.52485e-18
59639.855046	-9.1381514240e-15	1	2e-17	2.52485e-18
59639.855058	-8.7356667784e-15	1	2e-17	2.52485e-18
59639.855069	-1.0131403434e-14	1	2e-17	2.52485e-18
59639.855081	-9.3075698719e-15	1	2e-17	2.52485e-18
59639.855093	-9.5311552298e-15	1	2e-17	2.52485e-18
59639.855104	-7.5447765711e-15	1	2e-17	2.52485e-18
59639.855116	-8.6016246616e-15	1	2e-17	2.52485e-18
59639.855127	-9.1183799809e-15	1	2e-17	2.52485e-18
59639.855139	-8.4603692121e-15	1	2e-17	2.52485e-18
59639.855150	-8.1314527662e-15	1	2e-17	2.52485e-18
59639.855162	-6.8074072854e-15	1	2e-17	2.52485e-18
59639.855174	-9.3645192851e-15	1	2e-17	2.52485e-18
59639.855185	-9.3455457471e-15	1	2e-17	2.52485e-18
59639.855197	-9.3712692906e-15	1	2e-17	2.52485e-18
59639.855208	-9.4878786224e-15	1	2e-17	2.52485e-18
59639.855220	-9.4548443375e-15	1	2e-17	2.52485e-18
59639.855231	-8.3852441660e-15	1	2e-17	2.52485e-18
59639.855243	-1.0575317308e-14	1	2e-17	2.52485e-18
59639.855255	-1.1113895584e-14	1	2e-17	2.52485e-18
59639.855266	-9.5606743280e-15	1	2e-17	2.52485e-18
59639.855278	-1.2768612563e-14	1	2e-17	2.52485e-18
59639.855289	-9.5171258230e-15	1	2e-17	2.52485e-18
59639.855301	-7.0060204179e-15	1	2e-17	2.52485e-18
59639.855313	-8.0241743493e-15	1	2e-17	2.52485e-18
59639.855324	-7.9499539344e-15	1	2e-17	2.52485e-18
59639.855336	-7.9634132879e-15	1	2e-17	2.52485e-18
59639.855347	-8.3803118931e-15	1	2e-17	2.52485e-18
59639.855359	-7.6478062707e-15	1	2e-17	2.52485e-18
59639.855370	-8.6834455032e-15	1	2e-17	2.52485e-18
59639.855382	-7.4546039846e-15	1	2e-17	2.52485e-18
59639.855394	-1.0571838543e-14	1	2e-17	2.52485e-18
59639.855405	-9.7673368146e-15	1	2e-17	2.52485e-18
59639.855417	-9.0012437947e-15	1	2e-17	2.52485e-18
59639.855428	-1.1513941622e-14	1	2e-17	2.52485e-18
59639.855440	-9.2274075208e-15	1	2e-17	2.52485e-18
59639.855451	-9.5271580813e-15	1	2e-17	2.52485e-18
59639.855463	-1.0491537279e-14	1	2e-17	2.52485e-18
59639.855475	-1.0019717057e-14	1	2e-17	2.52485e-18
59639.855486	-7.7552524000e-15	1	2e-17	2.52485e-18
59639.855498	-8.9421598584e-15	1	2e-17	2.52485e-18
59639.855509	-8.9341401505e-15	1	2e-17	2.52485e-18
59639.855521	-8.6846220319e-15	1	2e-17	2.52485e-18
59639.855532	-8.9909362507e-15	1	2e-17	2.52485e-18
59639.855544	-8.5979968195e-15	1	2e-17	2.52485e-18
59639.855556	-7.4109877171e-15	1	2e-17	2.52485e-18
59639.855567	-1.0195843159e-14	1	2e-17	2.52485e-18
59639.855579	-7.4302568696e-15	1	2e-17	2.52485e-18
59639.855590	-7.7316667676e-15	1	2e-17	2.52485e-18
59639.855602	-7.0302201492e-15	1	2e-17	2.52485e-18
59639.855613	-6.9781886094e-15	1	2e-17	2.52485e-18
59639.855625	-8.9375545403e-15	1	2e-17	2.52485e-18
59639.855637	-7.3831686140e-15	1	2e-17	2.52485e-18
59639.855648	-7.5044984604e-15	1	2e-17	2.52485e-18
59639.855660	-7.8106864712e-15	1	2e-17	2.52485e-18
59639.855671	-8.1774627488e-15	1	2e-17	2.52485e-18
59639.855683	-8.0494142371e-15	1	2e-17	2.52485e-18
59639.855694	-1.0307231380e-14	1	2e-17	2.52485e-18
59639.855706	-1.0352882221e-14	1	2e-17	2.52485e-18
59639.855718	-9.3556161218e-15	1	2e-17	2.52485e-18
59639.855729	-8.2184667668e-15	1	2e-17	2.52485e-18
59639.855741	-9.6355511935e-15	1	2e-17	2.52485e-18
59639.855752	-9.1327524360e-15	1	2e-17	2.52485e-18
59639.855764	-9.1796746731e-15	1	2e-17	2.52485e-18
59639.855775	-8.9678351211e-15	1	2e-17	2.52485e-18
59639.855787	-6.8823959593e-15	1	2e-17	2.52485e-18
59639.855799	-1.0304471747e-14	1	2e-17	2.52485e-18
59639.855810	-9.8487629388e-15	1	2e-17	2.52485e-18
59639.855822	-9.0059261928e-15	1	2e-17	2.52485e-18
59639.855833	-6.7427871419e-15	1	2e-17	2.52485e-18
59639.855845	-1.0482577364e-14	1	2e-17	2.52485e-18
59639.855856	-1.2834875103e-14	1	2e-17	2.52485e-18
59639.855868	-1.1216047757e-14	1	2e-17	2.52485e-18
59639.855880	-9.6187096374e-15	1	2e-17	2.52485e-18
59639.855891	-1.0695241079e-14	1	2e-17	2.52485e-18
59639.855903	-8.7945067691e-15	1	2e-17	2.52485e-18
59639.855914	-1.0977247994e-14	1	2e-17	2.52485e-18
59639.855926	-8.3676462094e-15	1	2e-17	2.52485e-18
59639.855938	-1.0622347118e-14	1	2e-17	2.52485e-18
59639.855949	-8.9486455897e-15	1	2e-17	2.52485e-18
59639.855961	-9.5689938856e-15	1	2e-17	2.52485e-18
59639.855972	-9.7437266182e-15	1	2e-17	2.52485e-18
59639.855984	-8.6372491733e-15	1	2e-17	2.52485e-18
59639.855995	-1.0479766062e-14	1	2e-17	2.52485e-18
59639.856007	-6.5690352734e-15	1	2e-17	2.52485e-18
59639.856019	-7.5903892953e-15	1	2e-17	2.52485e-18
59639.856030	-7.4458312644e-15	1	2e-17	2.52485e-18
59639.856042	-6.9218964938e-15	1	2e-17	2.52485e-18
59639.856053	-1.0181078528e-14	1	2e-17	2.52485e-18
59639.856065	-9.9996372944e-15	1	2e-17	2.52485e-18
59639.856076	-1.1263406217e-14	1	2e-17	2.52485e-18
59639.856088	-7.1106010348e-15	1	2e-17	2.52485e-18
59639.856100	-7.9482683388e-15	1	2e-17	2.52485e-18
59639.856111	-9.0207450342e-15	1	2e-17	2.52485e-18
59639.856123	-6.4741277728e-15	1	2e-17	2.52485e-18
59639.856134	-7.9634285345e-15	1	2e-17	2.52485e-18
59639.856146	-8.6810204478e-15	1	2e-17	2.52485e-18
59639.856157	-1.0170891263e-14	1	2e-17	2.52485e-18
59639.856169	-1.0207602518e-14	1	2e-17	2.52485e-18
59639.856181	-6.3787281460e-15	1	2e-17	2.52485e-18
59639.856192	-8.9550898164e-15	1	2e-17	2.52485e-18
59639.856204	-8.4283683074e-15	1	2e-17	2.52485e-18
59639.856215	-7.8889108110e-15	1	2e-17	2.52485e-18
59639.856227	-9.8965051039e-15	1	2e-17	2.52485e-18
59639.856238	-7.7407029151e-15	1	2e-17	2.52485e-18
59639.856250	-1.0449653194e-14	1	2e-17	2.52485e-18
59639.856262	-8.9074814826e-15	1	2e-17	2.52485e-18
59639.856273	-8.5754250855e-15	1	2e-17	2.52485e-18
59639.856285	-7.6106037366e-15	1	2e-17	2.52485e-18
59639.856296	-8.6985370892e-15	1	2e-17	2.52485e-18
59639.856308	-8.4876496022e-15	1	2e-17	2.52485e-18
59639.856319	-8.1981396701e-15	1	2e-17	2.52485e-18
59639.856331	-9.3866751259e-15	1	2e-17	2.52485e-18
59639.856343	-8.9677605822e-15	1	2e-17	2.52485e-18
59639.856354	-7.7784594087e-15	1	2e-17	2.52485e-18
59639.856366	-9.3014932575e-15	1	2e-17	2.52485e-18
59639.856377	-7.7189621204e-15	1	2e-17	2.52485e-18
59639.856389	-8.5699134421e-15	1	2e-17	2.52485e-18
59639.856400	-6.7563828677e-15	1	2e-17	2.52485e-18
59639.856412	-7.5353219893e-15	1	2e-17	2.52485e-18
59639.856424	-6.8461725953e-15	1	2e-17	2.52485e-18
59639.856435	-7.8148022043e-15	1	2e-17	2.52485e-18
59639.856447	-9.1801600230e-15	1	2e-17	2.52485e-18
59639.856458	-9.3855443369e-15	1	2e-17	2.52485e-18
59639.856470	-8.6472280684e-15	1	2e-17	2.52485e-18
59639.856505	-6.9902113950e-15	1	2e-17	2.52485e-18
59639.856516	-8.9521514591e-15	1	2e-17	2.52485e-18
59639.856528	-9.0259415813e-15	1	2e-17	2.52485e-18
59639.856539	-8.2503643335e-15	1	2e-17	2.52485e-18
59639.856551	-9.5846538307e-15	1	2e-17	2.52485e-18
59639.856563	-8.4336190646e-15	1	2e-17	2.52485e-18
59639.856574	-9.6734821759e-15	1	2e-17	2.52485e-18
59639.856586	-1.0500115182e-14	1	2e-17	2.52485e-18
59639.856597	-7.8978470085e-15	1	2e-17	2.52485e-18
59639.856609	-6.7212191420e-15	1	2e-17	2.52485e-18
59639.856620	-8.6715929711e-15	1	2e-17	2.52485e-18
59639.856632	-1.0414176913e-14	1	2e-17	2.52485e-18
59639.856644	-1.1842160112e-14	1	2e-17	2.52485e-18
59639.856655	-8.2638897556e-15	1	2e-17	2.52485e-18
59639.856667	-6.3830979890e-15	1	2e-17	2.52485e-18
59639.856678	-8.0146926625e-15	1	2e-17	2.52485e-18
59639.856690	-9.8171889387e-15	1	2e-17	2.52485e-18
59639.856701	-8.6303636424e-15	1	2e-17	2.52485e-18
59639.856713	-7.5776439905e-15	1	2e-17	2.52485e-18
59639.856725	-1.1224031043e-14	1	2e-17	2.52485e-18
59639.856736	-1.0988523696e-14	1	2e-17	2.52485e-18
59639.856748	-1.0010648723e-14	1	2e-17	2.52485e-18
59639.856759	-8.4703523424e-15	1	2e-17	2.52485e-18
59639.856771	-8.3164447619e-15	1	2e-17	2.52485e-18
59639.856782	-8.0895949390e-15	1	2e-17	2.52485e-18
59639.856794	-6.3273191753e-15	1	2e-17	2.52485e-18
59639.856806	-8.6261860759e-15	1	2e-17	2.52485e-18
59639.856817	-8.5083256765e-15	1	2e-17	2.52485e-18
59639.856829	-1.0321260787e-14	1	2e-17	2.52485e-18
59639.856840	-9.6929037943e-15	1	2e-17	2.52485e-18
59639.856852	-1.1009842669e-14	1	2e-17	2.52485e-18
59639.856863	-9.5848062966e-15	1	2e-17	2.52485e-18
59639.856875	-8.1877652106e-15	1	2e-17	2.52485e-18
59639.856887	-7.9151391862e-15	1	2e-17	2.52485e-18
59639.856898	-8.4020272768e-15	1	2e-17	2.52485e-18
59639.856910	-9.0161041407e-15	1	2e-17	2.52485e-18
59639.856921	-7.8609468652e-15	1	2e-17	2.52485e-18
59639.856933	-6.9636907934e-15	1	2e-17	2.52485e-18
59639.856944	-8.1968284631e-15	1	2e-17	2.52485e-18
59639.856956	-7.2935931857e-15	1	2e-17	2.52485e-18
59639.856968	-7.3321611369e-15	1	2e-17	2.52485e-18
59639.856979	-7.1279381052e-15	1	2e-17	2.52485e-18
59639.856991	-8.1111070348e-15	1	2e-17	2.52485e-18
59639.857002	-8.1433705197e-15	1	2e-17	2.52485e-18
59639.857014	-5.8969790043e-15	1	2e-17	2.52485e-18
59639.857025	-9.1382954196e-15	1	2e-17	2.52485e-18
59639.857037	-1.0436056621e-14	1	2e-17	2.52485e-18
59639.857049	-9.0050418904e-15	1	2e-17	2.52485e-18
59639.857060	-6.9158749365e-15	1	2e-17	2.52485e-18
59639.857072	-8.6730710436e-15	1	2e-17	2.52485e-18
59639.857083	-9.1094852879e-15	1	2e-17	2.52485e-18
59639.857095	-1.0946692127e-14	1	2e-17	2.52485e-18
59639.857106	-1.0208456327e-14	1	2e-17	2.52485e-18
59639.857118	-9.9533571082e-15	1	2e-17	2.52485e-18
59639.857130	-9.3712523500e-15	1	2e-17	2.52485e-18
59639.857141	-9.5928293927e-15	1	2e-17	2.52485e-18
59639.857153	-1.2442754753e-14	1	2e-17	2.52485e-18
59639.857164	-1.1975235765e-14	1	2e-17	2.52485e-18
59639.857176	-8.9150954617e-15	1	2e-17	2.52485e-18
59639.857188	-5.8807989809e-15	1	2e-17	2.52485e-18
59639.857199	-7.7331304405e-15	1	2e-17	2.52485e-18
59639.857211	-1.0265556512e-14	1	2e-17	2.52485e-18
59639.857222	-8.5349834974e-15	1	2e-17	2.52485e-18
59639.857234	-7.2269969143e-15	1	2e-17	2.52485e-18
59639.857245	-7.2608900907e-15	1	2e-17	2.52485e-18
59639.857257	-6.0724367971e-15	1	2e-17	2.52485e-18
59639.857269	-9.6174856748e-15	1	2e-17	2.52485e-18
59639.857280	-6.9504423511e-15	1	2e-17	2.52485e-18
59639.857292	-7.4005675177e-15	1	2e-17	2.52485e-18
59639.857303	-7.4293225922e-15	1	2e-17	2.52485e-18
59639.857315	-7.5972367096e-15	1	2e-17	2.52485e-18
59639.857326	-9.0469717153e-15	1	2e-17	2.52485e-18
59639.857338	-8.8593251184e-15	1	2e-17	2.52485e-18
59639.857350	-9.1053170388e-15	1	2e-17	2.52485e-18
59639.857361	-7.9112123414e-15	1	2e-17	2.52485e-18
59639.857373	-9.6655403950e-15	1	2e-17	2.52485e-18
59639.857384	-7.9233698053e-15	1	2e-17	2.52485e-18
59639.857396	-9.2418985605e-15	1	2e-17	2.52485e-18
59639.857407	-8.8701552817e-15	1	2e-17	2.52485e-18
59639.857419	-7.4137592089e-15	1	2e-17	2.52485e-18
59639.857431	-7.0573938132e-15	1	2e-17	2.52485e-18
59639.857442	-7.1934781265e-15	1	2e-17	2.52485e-18
59639.857454	-7.4939418887e-15	1	2e-17	2.52485e-18
59639.857465	-8.0614497282e-15	1	2e-17	2.52485e-18
59639.857477	-7.5065169399e-15	1	2e-17	2.52485e-18
59639.857488	-7.2557553769e-15	1	2e-17	2.52485e-18
59639.857500	-8.3150683333e-15	1	2e-17	2.52485e-18
59639.857512	-8.2991669838e-15	1	2e-17	2.52485e-18
59639.857523	-7.6740939382e-15	1	2e-17	2.52485e-18
59639.857535	-7.4597370043e-15	1	2e-17	2.52485e-18
59639.857546	-1.0009462030e-14	1	2e-17	2.52485e-18
59639.857558	-1.0232251176e-14	1	2e-17	2.52485e-18
59639.857569	-9.3870588318e-15	1	2e-17	2.52485e-18
59639.857581	-6.9950970811e-15	1	2e-17	2.52485e-18
59639.857593	-9.0259771567e-15	1	2e-17	2.52485e-18
59639.857604	-1.0174283630e-14	1	2e-17	2.52485e-18
59639.857616	-9.9948337706e-15	1	2e-17	2.52485e-18
59639.857627	-1.1099798415e-14	1	2e-17	2.52485e-18
59639.857639	-7.1871685781e-15	1	2e-17	2.52485e-18
59639.857650	-6.4085047422e-15	1	2e-17	2.52485e-18
59639.857662	-9.2788588431e-15	1	2e-17	2.52485e-18
59639.857674	-9.5470328623e-15	1	2e-17	2.52485e-18
59639.857685	-9.4035285404e-15	1	2e-17	2.52485e-18
59639.857697	-9.2732091334e-15	1	2e-17	2.52485e-18
59639.857708	-8.8603678160e-15	1	2e-17	2.52485e-18
59639.857720	-8.3089544495e-15	1	2e-17	2.52485e-18
59639.857731	-7.5189911941e-15	1	2e-17	2.52485e-18
59639.857743	-8.7247239598e-15	1	2e-17	2.52485e-18
59639.857755	-9.7964950767e-15	1	2e-17	2.52485e-18
59639.857766	-9.8672545151e-15	1	2e-17	2.52485e-18
59639.857778	-9.7550497546e-15	1	2e-17	2.52485e-18
59639.857789	-9.2052364334e-15	1	2e-17	2.52485e-18
59639.857801	-8.4503572827e-15	1	2e-17	2.52485e-18
59639.857812	-8.5818422071e-15	1	2e-17	2.52485e-18
59639.857824	-9.4417153268e-15	1	2e-17	2.52485e-18
59639.857836	-8.1097839693e-15	1	2e-17	2.52485e-18
59639.857847	-9.2981889820e-15	1	2e-17	2.52485e-18
59639.857859	-1.1133406988e-14	1	2e-17	2.52485e-18
59639.857870	-9.8054820963e-15	1	2e-17	2.52485e-18
59639.857882	-7.4807798438e-15	1	2e-17	2.52485e-18
59639.857894	-7.9202933817e-15	1	2e-17	2.52485e-18
59639.857905	-9.9929762273e-15	1	2e-17	2.52485e-18
59639.857917	-1.0585285192e-14	1	2e-17	2.52485e-18
59639.857928	-8.6436705300e-15	1	2e-17	2.52485e-18
59639.857940	-7.9874808821e-15	1	2e-17	2.52485e-18
59639.857951	-1.0387665629e-14	1	2e-17	2.52485e-18
59639.857963	-7.7101470485e-15	1	2e-17	2.52485e-18
59639.857975	-1.0280970818e-14	1	2e-17	2.52485e-18
59639.857986	-6.3942330841e-15	1	2e-17	2.52485e-18
59639.857998	-8.0969869955e-15	1	2e-17	2.52485e-18
59639.858009	-4.9655485412e-15	1	2e-17	2.52485e-18
59639.858021	-8.2236590787e-15	1	2e-17	2.52485e-18
59639.858032	-8.7032703093e-15	1	2e-17	2.52485e-18
59639.858044	-1.0701282966e-14	1	2e-17	2.52485e-18
59639.858056	-8.9543156283e-15	1	2e-17	2.52485e-18
59639.858067	-9.5434261961e-15	1	2e-17	2.52485e-18
59639.858079	-1.0446300637e-14	1	2e-17	2.52485e-18
59639.858090	-8.2729513141e-15	1	2e-17	2.52485e-18
59639.858102	-1.0639967097e-14	1	2e-17	2.52485e-18
59639.858113	-9.9769918686e-15	1	2e-17	2.52485e-18
59639.858125	-8.0147299320e-15	1	2e-17	2.52485e-18
59639.858137	-7.5715868579e-15	1	2e-17	2.52485e-18
59639.858148	-9.5939855927e-15	1	2e-17	2.52485e-18
59639.858160	-7.7140044366e-15	1	2e-17	2.52485e-18
59639.858171	-8.8947048376e-15	1	2e-17	2.52485e-18
59639.858183	-7.9013791359e-15	1	2e-17	2.52485e-18
59639.858194	-6.7298732776e-15	1	2e-17	2.52485e-18
59639.858206	-8.7566045859e-15	1	2e-17	2.52485e-18
59639.858218	-7.2508942549e-15	1	2e-17	2.52485e-18
59639.858229	-6.9711717884e-15	1	2e-17	2.52485e-18
59639.858241	-8.4530821877e-15	1	2e-17	2.52485e-18
59639.858252	-8.5327642711e-15	1	2e-17	2.52485e-18
59639.858264	-7.0092704834e-15	1	2e-17	2.52485e-18
59639.858275	-7.5904113181e-15	1	2e-17	2.52485e-18
59639.858287	-9.8778771553e-15	1	2e-17	2.52485e-18
59639.858299	-8.8456599359e-15	1	2e-17	2.52485e-18
59639.858310	-8.2506751946e-15	1	2e-17	2.52485e-18
59639.858322	-7.4976137766e-15	1	2e-17	2.52485e-18
59639.858333	-6.0405197486e-15	1	2e-17	2.52485e-18
59639.858345	-8.2497121181e-15	1	2e-17	2.52485e-18
59639.858356	-8.1908865270e-15	1	2e-17	2.52485e-18
59639.858368	-7.3509678095e-15	1	2e-17	2.52485e-18
59639.858380	-8.4588530231e-15	1	2e-17	2.52485e-18
59639.858391	-9.5669576184e-15	1	2e-17	2.52485e-18
59639.858403	-9.0400141867e-15	1	2e-17	2.52485e-18
59639.858414	-7.7540098027e-15	1	2e-17	2.52485e-18
59639.858426	-5.2478747869e-15	1	2e-17	2.52485e-18
59639.858437	-7.6746504388e-15	1	2e-17	2.52485e-18
59639.858449	-8.7556694615e-15	1	2e-17	2.52485e-18
59639.858461	-8.2689761885e-15	1	2e-17	2.52485e-18
59639.858472	-8.9369658524e-15	1	2e-17	2.52485e-18
59639.858484	-8.8063110203e-15	1	2e-17	2.52485e-18
59639.858495	-7.4748777182e-15	1	2e-17	2.52485e-18
59639.858507	-8.4599795770e-15	1	2e-17	2.52485e-18
59639.858519	-9.9015322444e-15	1	2e-17	2.52485e-18
59639.858530	-7.8055864859e-15	1	2e-17	2.52485e-18
59639.858542	-9.6676715299e-15	1	2e-17	2.52485e-18
59639.858553	-8.1287236260e-15	1	2e-17	2.52485e-18
59639.858565	-9.9547013495e-15	1	2e-17	2.52485e-18
59639.858576	-9.2217510348e-15	1	2e-17	2.52485e-18
59639.858588	-9.4650849658e-15	1	2e-17	2.52485e-18
59639.858600	-9.2316325211e-15	1	2e-17	2.52485e-18
59639.858611	-7.7415812882e-15	1	2e-17	2.52485e-18
59639.858623	-9.0566253498e-15	1	2e-17	2.52485e-18
59639.858634	-1.0340298699e-14	1	2e-17	2.52485e-18
59639.858646	-6.7816168263e-15	1	2e-17	2.52485e-18
59639.858657	-1.0247907733e-14	1	2e-17	2.52485e-18
59639.858669	-9.4035734332e-15	1	2e-17	2.52485e-18
59639.858681	-9.4866631301e-15	1	2e-17	2.52485e-18
59639.858692	-9.6852533927e-15	1	2e-17	2.52485e-18
59639.858704	-9.6573453512e-15	1	2e-17	2.52485e-18
59639.858715	-7.0779470677e-15	1	2e-17	2.52485e-18
59639.858727	-9.1014020525e-15	1	2e-17	2.52485e-18
59639.858738	-1.2101166694e-14	1	2e-17	2.52485e-18
59639.858750	-9.9113417330e-15	1	2e-17	2.52485e-18
59639.858762	-8.5321120557e-15	1	2e-17	2.52485e-18
59639.858773	-9.1958513083e-15	1	2e-17	2.52485e-18
59639.858785	-1.1548226127e-14	1	2e-17	2.52485e-18
59639.858796	-1.2259383978e-14	1	2e-17	2.52485e-18
59639.858808	-8.7734918817e-15	1	2e-17	2.52485e-18
59639.858819	-1.1618119898e-14	1	2e-17	2.52485e-18
59639.858831	-1.0167368453e-14	1	2e-17	2.52485e-18
59639.858843	-5.2797503308e-15	1	2e-17	2.52485e-18
59639.858854	-7.3441788404e-15	1	2e-17	2.52485e-18
59639.858866	-5.5951659186e-15	1	2e-17	2.52485e-18
59639.858877	-7.4851903443e-15	1	2e-17	2.52485e-18
59639.858889	-7.1949722927e-15	1	2e-17	2.52485e-18
59639.858900	-7.3772326071e-15	1	2e-17	2.52485e-18
59639.858912	-9.9193622879e-15	1	2e-17	2.52485e-18
59639.858924	-8.8032371377e-15	1	2e-17	2.52485e-18
59639.858935	-8.2262899631e-15	1	2e-17	2.52485e-18
59639.858947	-7.6811446404e-15	1	2e-17	2.52485e-18
59639.858958	-8.7765327300e-15	1	2e-17	2.52485e-18
59639.858970	-7.8155035476e-15	1	2e-17	2.52485e-18
59639.858981	-5.5488061113e-15	1	2e-17	2.52485e-18
59639.858993	-8.5254670822e-15	1	2e-17	2.52485e-18
59639.859005	-7.3511931202e-15	1	2e-17	2.52485e-18
59639.859016	-3.8566223240e-15	1	2e-17	2.52485e-18
59639.859028	-9.7283250181e-15	1	2e-17	2.52485e-18
59639.859039	-8.0721511425e-15	1	2e-17	2.52485e-18
59639.859051	-1.0193560405e-14	1	2e-17	2.52485e-18
59639.859062	-8.9453184443e-15	1	2e-17	2.52485e-18
59639.859074	-6.6557638239e-15	1	2e-17	2.52485e-18
59639.859086	-9.0965502478e-15	1	2e-17	2.52485e-18
59639.859097	-6.5393450746e-15	1	2e-17	2.52485e-18
59639.859109	-8.4264828120e-15	1	2e-17	2.52485e-18
59639.859120	-8.5869210166e-15	1	2e-17	2.52485e-18
59639.859132	-6.5651939790e-15	1	2e-17	2.52485e-18
59639.859144	-7.2959733483e-15	1	2e-17	2.52485e-18
59639.859155	-6.8348215068e-15	1	2e-17	2.52485e-18
59639.859167	-6.5115005605e-15	1	2e-17	2.52485e-18
59639.859178	-7.7983079318e-15	1	2e-17	2.52485e-18
59639.859190	-1.1027273760e-14	1	2e-17	2.52485e-18
59639.859201	-8.4619870450e-15	1	2e-17	2.52485e-18
59639.859213	-8.8841059143e-15	1	2e-17	2.52485e-18
59639.859225	-1.0477584952e-14	1	2e-17	2.52485e-18
59639.859236	-8.7430935633e-15	1	2e-17	2.52485e-18
59639.859248	-8.2594199627e-15	1	2e-17	2.52485e-18
59639.859259	-8.4197480531e-15	1	2e-17	2.52485e-18
59639.859271	-7.2872785551e-15	1	2e-17	2.52485e-18
59639.859282	-7.1109805056e-15	1	2e-17	2.52485e-18
59639.859294	-7.5979050186e-15	1	2e-17	2.52485e-18
59639.859306	-9.1945036789e-15	1	2e-17	2.52485e-18
59639.859317	-8.5443787869e-15	1	2e-17	2.52485e-18
59639.859329	-8.8212213413e-15	1	2e-17	2.52485e-18
59639.859340	-9.9114797993e-15	1	2e-17	2.52485e-18
59639.859352	-1.0200053760e-14	1	2e-17	2.52485e-18
59639.859363	-8.5685454839e-15	1	2e-17	2.52485e-18
59639.859375	-7.9814610189e-15	1	2e-17	2.52485e-18
59639.859387	-9.1846213455e-15	1	2e-17	2.52485e-18
59639.859398	-8.4363244878e-15	1	2e-17	2.52485e-18
59639.859410	-6.8131645684e-15	1	2e-17	2.52485e-18
59639.859421	-9.9004167020e-15	1	2e-17	2.52485e-18
59639.859433	-7.1188308070e-15	1	2e-17	2.52485e-18
59639.859444	-9.1927215216e-15	1	2e-17	2.52485e-18
59639.859456	-8.4485099038e-15	1	2e-17	2.52485e-18
59639.859468	-8.0231765445e-15	1	2e-17	2.52485e-18
59639.859479	-6.9286736044e-15	1	2e-17	2.52485e-18
59639.859491	-9.3417357929e-15	1	2e-17	2.52485e-18
59639.859502	-5.4641392390e-15	1	2e-17	2.52485e-18
59639.859514	-8.9446950281e-15	1	2e-17	2.52485e-18
59639.859525	-8.6591653037e-15	1	2e-17	2.52485e-18
59639.859537	-7.3523755782e-15	1	2e-17	2.52485e-18
59639.859549	-9.1634717799e-15	1	2e-17	2.52485e-18
59639.859560	-8.5990615399e-15	1	2e-17	2.52485e-18
59639.859572	-9.3524973464e-15	1	2e-17	2.52485e-18
59639.859583	-7.9982390475e-15	1	2e-17	2.52485e-18
59639.859595	-8.7229612842e-15	1	2e-17	2.52485e-18
59639.859606	-7.9103559911e-15	1	2e-17	2.52485e-18
59639.859618	-8.0544498480e-15	1	2e-17	2.52485e-18
59639.859630	-9.4883470316e-15	1	2e-17	2.52485e-18
59639.859641	-9.0443374429e-15	1	2e-17	2.52485e-18
59639.859653	-9.6630247071e-15	1	2e-17	2.52485e-18
59639.859664	-9.2677212069e-15	1	2e-17	2.52485e-18
59639.859676	-9.9671781448e-15	1	2e-17	2.52485e-18
59639.859688	-9.0777740685e-15	1	2e-17	2.52485e-18
59639.859699	-9.4766520477e-15	1	2e-17	2.52485e-18
59639.859711	-8.3042373230e-15	1	2e-17	2.52485e-18
59639.859722	-7.7344907754e-15	1	2e-17	2.52485e-18
59639.859734	-9.5023044405e-15	1	2e-17	2.52485e-18
59639.859745	-6.7020728092e-15	1	2e-17	2.52485e-18
59639.859757	-7.7728732264e-15	1	2e-17	2.52485e-18
59639.859769	-8.3944700488e-15	1	2e-17	2.52485e-18
59639.859803	-8.2857076303e-15	1	2e-17	2.52485e-18
59639.859815	-8.9001842937e-15	1	2e-17	2.52485e-18
59639.859826	-8.2038639188e-15	1	2e-17	2.52485e-18
59639.859838	-6.7286950547e-15	1	2e-17	2.52485e-18
59639.859850	-7.9368342410e-15	1	2e-17	2.52485e-18
59639.859861	-7.6912048507e-15	1	2e-17	2.52485e-18
59639.859873	-9.0284216938e-15	1	2e-17	2.52485e-18
59639.859884	-1.0231106835e-14	1	2e-17	2.52485e-18
59639.859896	-1.0087328074e-14	1	2e-17	2.52485e-18
59639.859907	-8.4656419922e-15	1	2e-17	2.52485e-18
59639.859919	-7.7535812040e-15	1	2e-17	2.52485e-18
59639.859931	-9.3117796256e-15	1	2e-17	2.52485e-18
59639.859942	-1.0916865556e-14	1	2e-17	2.52485e-18
59639.859954	-1.0011837110e-14	1	2e-17	2.52485e-18
59639.859965	-9.7010268403e-15	1	2e-17	2.52485e-18
59639.859977	-1.0075462837e-14	1	2e-17	2.52485e-18
59639.859988	-8.8256699583e-15	1	2e-17	2.52485e-18
59639.860000	-8.1651985588e-15	1	2e-17	2.52485e-18
59639.860012	-1.1910906154e-14	1	2e-17	2.52485e-18
59639.860023	-8.2601026713e-15	1	2e-17	2.52485e-18
59639.860035	-8.6953920559e-15	1	2e-17	2.52485e-18
59639.860046	-7.5922578500e-15	1	2e-17	2.52485e-18
59639.860058	-8.5138246144e-15	1	2e-17	2.52485e-18
59639.860069	-9.7923725674e-15	1	2e-17	2.52485e-18
59639.860081	-9.4009552543e-15	1	2e-17	2.52485e-18
59639.860093	-7.9302282311e-15	1	2e-17	2.52485e-18
59639.860104	-1.1056718319e-14	1	2e-17	2.52485e-18
59639.860116	-7.8015063282e-15	1	2e-17	2.52485e-18
59639.860127	-8.2729386086e-15	1	2e-17	2.52485e-18
59639.860139	-9.2920784863e-15	1	2e-17	2.52485e-18
59639.860150	-7.7835881932e-15	1	2e-17	2.52485e-18
59639.860162	-9.4321125143e-15	1	2e-17	2.52485e-18
59639.860174	-8.5371358081e-15	1	2e-17	2.52485e-18
59639.860185	-9.5728885431e-15	1	2e-17	2.52485e-18
59639.860197	-8.1428589118e-15	1	2e-17	2.52485e-18
59639.860208	-7.7836271567e-15	1	2e-17	2.52485e-18
59639.860220	-6.8268339861e-15	1	2e-17	2.52485e-18
59639.860231	-8.7349688233e-15	1	2e-17	2.52485e-18
59639.860243	-8.4672903183e-15	1	2e-17	2.52485e-18
59639.860255	-9.1071906757e-15	1	2e-17	2.52485e-18
59639.860266	-1.1415232637e-14	1	2e-17	2.52485e-18
59639.860278	-1.3229501824e-14	1	2e-17	2.52485e-18
59639.860289	-9.2137381031e-15	1	2e-17	2.52485e-18
59639.860301	-9.5095279375e-15	1	2e-17	2.52485e-18
59639.860313	-7.8510679200e-15	1	2e-17	2.52485e-18
59639.860324	-9.9524338423e-15	1	2e-17	2.52485e-18
59639.860336	-9.2278920236e-15	1	2e-17	2.52485e-18
59639.860347	-7.7278483431e-15	1	2e-17	2.52485e-18
59639.860359	-9.7413735607e-15	1	2e-17	2.52485e-18
59639.860370	-7.1641047180e-15	1	2e-17	2.52485e-18
59639.860382	-6.1769826857e-15	1	2e-17	2.52485e-18
59639.860394	-8.7946084131e-15	1	2e-17	2.52485e-18
59639.860405	-9.1990378463e-15	1	2e-17	2.52485e-18
59639.860417	-7.3385392950e-15	1	2e-17	2.52485e-18
59639.860428	-7.6507014293e-15	1	2e-17	2.52485e-18
59639.860440	-9.9417934144e-15	1	2e-17	2.52485e-18
59639.860451	-1.1252662451e-14	1	2e-17	2.52485e-18
59639.860463	-7.3338560498e-15	1	2e-17	2.52485e-18
59639.860475	-8.2216278937e-15	1	2e-17	2.52485e-18
59639.860486	-9.2402366818e-15	1	2e-17	2.52485e-18
59639.860498	-1.2927061087e-14	1	2e-17	2.52485e-18
59639.860509	-9.6558579613e-15	1	2e-17	2.52485e-18
59639.860521	-9.2664642100e-15	1	2e-17	2.52485e-18
59639.860532	-6.7007887073e-15	1	2e-17	2.52485e-18
59639.860544	-7.7170656136e-15	1	2e-17	2.52485e-18
59639.860556	-9.3803571071e-15	1	2e-17	2.52485e-18
59639.860567	-8.1872205684e-15	1	2e-17	2.52485e-18
59639.860579	-1.0187471933e-14	1	2e-17	2.52485e-18
59639.860590	-9.3452950253e-15	1	2e-17	2.52485e-18
59639.860602	-7.5395690125e-15	1	2e-17	2.52485e-18
59639.860613	-9.0154603956e-15	1	2e-17	2.52485e-18
59639.860625	-6.4993981537e-15	1	2e-17	2.52485e-18
59639.860637	-8.1199754697e-15	1	2e-17	2.52485e-18
59639.860648	-6.6286104887e-15	1	2e-17	2.52485e-18
59639.860660	-8.0870606164e-15	1	2e-17	2.52485e-18
59639.860671	-1.0078806923e-14	1	2e-17	2.52485e-18
59639.860683	-8.9397686844e-15	1	2e-17	2.52485e-18
59639.860694	-9.3386432756e-15	1	2e-17	2.52485e-18
59639.860706	-9.6395822233e-15	1	2e-17	2.52485e-18
59639.860718	-1.1434949870e-14	1	2e-17	2.52485e-18
59639.860729	-1.0200710211e-14	1	2e-17	2.52485e-18
59639.860741	-1.1112690256e-14	1	2e-17	2.52485e-18
59639.860752	-8.9419481002e-15	1	2e-17	2.52485e-18
59639.860764	-8.1504186809e-15	1	2e-17	2.52485e-18
59639.860775	-6.8682157807e-15	1	2e-17	2.52485e-18
59639.860787	-8.0683090011e-15	1	2e-17	2.52485e-18
59639.860799	-8.1076943390e-15	1	2e-17	2.52485e-18
59639.860810	-7.5951004925e-15	1	2e-17	2.52485e-18
59639.860822	-9.3958823740e-15	1	2e-17	2.52485e-18
59639.860833	-8.8185260824e-15	1	2e-17	2.52485e-18
59639.860845	-8.5545152301e-15	1	2e-17	2.52485e-18
59639.860856	-9.7331598822e-15	1	2e-17	2.52485e-18
59639.860868	-9.3867623703e-15	1	2e-17	2.52485e-18
59639.860880	-8.8582561628e-15	1	2e-17	2.52485e-18
59639.860891	-1.0317908230e-14	1	2e-17	2.52485e-18
59639.860903	-9.4374454337e-15	1	2e-17	2.52485e-18
59639.860914	-6.9356243567e-15	1	2e-17	2.52485e-18
59639.860926	-6.2317408246e-15	1	2e-17	2.52485e-18
59639.860938	-8.3354911447e-15	1	2e-17	2.52485e-18
59639.860949	-8.7253033303e-15	1	2e-17	2.52485e-18
59639.860961	-1.1191693866e-14	1	2e-17	2.52485e-18
59639.860972	-8.2457590154e-15	1	2e-17	2.52485e-18
59639.860984	-9.6193745582e-15	1	2e-17	2.52485e-18
59639.860995	-8.8990899271e-15	1	2e-17	2.52485e-18
59639.861007	-8.7742855516e-15	1	2e-17	2.52485e-18
59639.861019	-8.8551560222e-15	1	2e-17	2.52485e-18
59639.861030	-1.0133561674e-14	1	2e-17	2.52485e-18
59639.861042	-7.4668021061e-15	1	2e-17	2.52485e-18
59639.861053	-7.7668677628e-15	1	2e-17	2.52485e-18
59639.861065	-7.8762010816e-15	1	2e-17	2.52485e-18
59639.861076	-5.8753796641e-15	1	2e-17	2.52485e-18
59639.861088	-7.4892171390e-15	1	2e-17	2.52485e-18
59639.861100	-1.0078885697e-14	1	2e-17	2.52485e-18
59639.861111	-7.5076401056e-15	1	2e-17	2.52485e-18
59639.861123	-9.2937318946e-15	1	2e-17	2.52485e-18
59639.861134	-8.9229508453e-15	1	2e-17	2.52485e-18
59639.861146	-8.0005192602e-15	1	2e-17	2.52485e-18
59639.861157	-7.9488832847e-15	1	2e-17	2.52485e-18
59639.861169	-6.1106244305e-15	1	2e-17	2.52485e-18
59639.861181	-8.0882710265e-15	1	2e-17	2.52485e-18
59639.861192	-7.7728672972e-15	1	2e-17	2.52485e-18
59639.861204	-8.1580487537e-15	1	2e-17	2.52485e-18
59639.861215	-9.0196015397e-15	1	2e-17	2.52485e-18
59639.861227	-6.7569774849e-15	1	2e-17	2.52485e-18
59639.861238	-1.0201746132e-14	1	2e-17	2.52485e-18
59639.861250	-6.9892923643e-15	1	2e-17	2.52485e-18
59639.861262	-8.7499943407e-15	1	2e-17	2.52485e-18
59639.861273	-1.0683880674e-14	1	2e-17	2.52485e-18
59639.861285	-6.1488781325e-15	1	2e-17	2.52485e-18
59639.861296	-7.9124676443e-15	1	2e-17	2.52485e-18
59639.861308	-9.0098606608e-15	1	2e-17	2.52485e-18
59639.861319	-7.9308008254e-15	1	2e-17	2.52485e-18
59639.861331	-7.8626062028e-15	1	2e-17	2.52485e-18
59639.861343	-1.0325934714e-14	1	2e-17	2.52485e-18
59639.861354	-9.6622962588e-15	1	2e-17	2.52485e-18
59639.861366	-7.0552694546e-15	1	2e-17	2.52485e-18
59639.861377	-7.1317378950e-15	1	2e-17	2.52485e-18
59639.861389	-8.7570950179e-15	1	2e-17	2.52485e-18
59639.861400	-8.9573090427e-15	1	2e-17	2.52485e-18
59639.861412	-9.0901644664e-15	1	2e-17	2.52485e-18
59639.861424	-8.4994030314e-15	1	2e-17	2.52485e-18
59639.861435	-8.1854553517e-15	1	2e-17	2.52485e-18
59639.861447	-7.8842224836e-15	1	2e-17	2.52485e-18
59639.861458	-8.6262064047e-15	1	2e-17	2.52485e-18
59639.861470	-7.7081632974e-15	1	2e-17	2.52485e-18
59639.861481	-9.7542467674e-15	1	2e-17	2.52485e-18
59639.861493	-6.9858381639e-15	1	2e-17	2.52485e-18
59639.861505	-5.0407379619e-15	1	2e-17	2.52485e-18
59639.861516	-7.2852753222e-15	1	2e-17	2.52485e-18
59639.861528	-8.9052995257e-15	1	2e-17	2.52485e-18
59639.861539	-8.4844910164e-15	1	2e-17	2.52485e-18
59639.861551	-8.0377184062e-15	1	2e-17	2.52485e-18
59639.861562	-9.8856910342e-15	1	2e-17	2.52485e-18
59639.861574	-8.3634415379e-15	1	2e-17	2.52485e-18
59639.861586	-9.7777476965e-15	1	2e-17	2.52485e-18
59639.861597	-8.4722640958e-15	1	2e-17	2.52485e-18
59639.861609	-9.6165081987e-15	1	2e-17	2.52485e-18
59639.861620	-6.2562378645e-15	1	2e-17	2.52485e-18
59639.861632	-7.3434766501e-15	1	2e-17	2.52485e-18
59639.861644	-8.9990669200e-15	1	2e-17	2.52485e-18
59639.861655	-9.6820770192e-15	1	2e-17	2.52485e-18
59639.861667	-8.1841543091e-15	1	2e-17	2.52485e-18
59639.861678	-9.8776569267e-15	1	2e-17	2.52485e-18
59639.861690	-8.7959433370e-15	1	2e-17	2.52485e-18
59639.861701	-6.8796888420e-15	1	2e-17	2.52485e-18
59639.861713	-7.5675210998e-15	1	2e-17	2.52485e-18
59639.861725	-8.5721225040e-15	1	2e-17	2.52485e-18
59639.861736	-6.9010984468e-15	1	2e-17	2.52485e-18
59639.861748	-1.0252010761e-14	1	2e-17	2.52485e-18
59639.861759	-8.5900821436e-15	1	2e-17	2.52485e-18
59639.861771	-8.3732281566e-15	1	2e-17	2.52485e-18
59639.861782	-7.4179130584e-15	1	2e-17	2.52485e-18
59639.861794	-8.5692137929e-15	1	2e-17	2.52485e-18
59639.861806	-1.0577505194e-14	1	2e-17	2.52485e-18
59639.861817	-9.5953560920e-15	1	2e-17	2.52485e-18
59639.861829	-7.8486259240e-15	1	2e-17	2.52485e-18
59639.861840	-8.5908622609e-15	1	2e-17	2.52485e-18
59639.861852	-9.0679959201e-15	1	2e-17	2.52485e-18
59639.861863	-8.2628292704e-15	1	2e-17	2.52485e-18
59639.861875	-7.7838270565e-15	1	2e-17	2.52485e-18
59639.861887	-8.5515548500e-15	1	2e-17	2.52485e-18
59639.861898	-6.7990123419e-15	1	2e-17	2.52485e-18
59639.861910	-6.9031169263e-15	1	2e-17	2.52485e-18
59639.861921	-6.9180484231e-15	1	2e-17	2.52485e-18
59639.861933	-7.5797234564e-15	1	2e-17	2.52485e-18
59639.861944	-7.3298919357e-15	1	2e-17	2.52485e-18
59639.861956	-4.9651377302e-15	1	2e-17	2.52485e-18
59639.861968	-6.1475804780e-15	1	2e-17	2.52485e-18
59639.861979	-9.0814772965e-15	1	2e-17	2.52485e-18
59639.861991	-8.3865960305e-15	1	2e-17	2.52485e-18
59639.862002	-8.7360775894e-15	1	2e-17	2.52485e-18
59639.862014	-8.0189261332e-15	1	2e-17	2.52485e-18
59639.862025	-7.5819325183e-15	1	2e-17	2.52485e-18
59639.862037	-9.0251546877e-15	1	2e-17	2.52485e-18
59639.862049	-9.3647717009e-15	1	2e-17	2.52485e-18
59639.862060	-9.8464047991e-15	1	2e-17	2.52485e-18
59639.862072	-7.5734206843e-15	1	2e-17	2.52485e-18
59639.862083	-1.1685791054e-14	1	2e-17	2.52485e-18
59639.862095	-9.2956334836e-15	1	2e-17	2.52485e-18
59639.862106	-8.2949250428e-15	1	2e-17	2.52485e-18
59639.862118	-9.9300399853e-15	1	2e-17	2.52485e-18
59639.862130	-9.2018144203e-15	1	2e-17	2.52485e-18
59639.862141	-1.1524968297e-14	1	2e-17	2.52485e-18
59639.862153	-7.8407756226e-15	1	2e-17	2.52485e-18
59639.862164	-9.4122013108e-15	1	2e-17	2.52485e-18
59639.862176	-8.1134101174e-15	1	2e-17	2.52485e-18
59639.862187	-7.0838288645e-15	1	2e-17	2.52485e-18
59639.862199	-9.5532627897e-15	1	2e-17	2.52485e-18
59639.862211	-9.6213684738e-15	1	2e-17	2.52485e-18
59639.862222	-1.0631728855e-14	1	2e-17	2.52485e-18
59639.862234	-8.6409879767e-15	1	2e-17	2.52485e-18
59639.862245	-8.6825230843e-15	1	2e-17	2.52485e-18
59639.862257	-9.6563416172e-15	1	2e-17	2.52485e-18
59639.862269	-1.4405725656e-14	1	2e-17	2.52485e-18
59639.862280	-1.5768902365e-14	1	2e-17	2.52485e-18
59639.862292	-1.2493902837e-14	1	2e-17	2.52485e-18
59639.862303	-8.1179883304e-15	1	2e-17	2.52485e-18
59639.862315	-8.6123472516e-15	1	2e-17	2.52485e-18
59639.862326	-6.6680458017e-15	1	2e-17	2.52485e-18
59639.862338	-9.2125666565e-15	1	2e-17	2.52485e-18
59639.862350	-1.0803137830e-14	1	2e-17	2.52485e-18
59639.862361	-7.4702681649e-15	1	2e-17	2.52485e-18
59639.862373	-8.9165515114e-15	1	2e-17	2.52485e-18
59639.862384	-7.4424304271e-15	1	2e-17	2.52485e-18
59639.862396	-1.0295522844e-14	1	2e-17	2.52485e-18
59639.862407	-8.3463526482e-15	1	2e-17	2.52485e-18
59639.862419	-7.3985778373e-15	1	2e-17	2.52485e-18
59639.862431	-8.8222420160e-15	1	2e-17	2.52485e-18
59639.862442	-8.4214438130e-15	1	2e-17	2.52485e-18
59639.862454	-8.4273044340e-15	1	2e-17	2.52485e-18
59639.862465	-9.6018062479e-15	1	2e-17	2.52485e-18
59639.862477	-1.0367100516e-14	1	2e-17	2.52485e-18
59639.862488	-9.1649456172e-15	1	2e-17	2.52485e-18
59639.862500	-5.9066233214e-15	1	2e-17	2.52485e-18
59639.862512	-7.4234475717e-15	1	2e-17	2.52485e-18
59639.862523	-8.7679006172e-15	1	2e-17	2.52485e-18
59639.862535	-8.4901441143e-15	1	2e-17	2.52485e-18
59639.862546	-9.2850260900e-15	1	2e-17	2.52485e-18
59639.862558	-6.7600894839e-15	1	2e-17	2.52485e-18
59639.862569	-7.6797190840e-15	1	2e-17	2.52485e-18
59639.862581	-6.8346580294e-15	1	2e-17	2.52485e-18
59639.862593	-9.5604922159e-15	1	2e-17	2.52485e-18
59639.862604	-9.1510220896e-15	1	2e-17	2.52485e-18
59639.862616	-7.3653682166e-15	1	2e-17	2.52485e-18
59639.862627	-7.2713484065e-15	1	2e-17	2.52485e-18
59639.862639	-6.8014560320e-15	1	2e-17	2.52485e-18
59639.862650	-8.8154318711e-15	1	2e-17	2.52485e-18
59639.862662	-8.8011873180e-15	1	2e-17	2.52485e-18
59639.862674	-9.5324122266e-15	1	2e-17	2.52485e-18
59639.862685	-9.2400621930e-15	1	2e-17	2.52485e-18
59639.862697	-8.2724634231e-15	1	2e-17	2.52485e-18
59639.862708	-8.7916802202e-15	1	2e-17	2.52485e-18
59639.862720	-1.0896181012e-14	1	2e-17	2.52485e-18
59639.862731	-9.6320724292e-15	1	2e-17	2.52485e-18
59639.862743	-1.0883452647e-14	1	2e-17	2.52485e-18
59639.862755	-1.0444976725e-14	1	2e-17	2.52485e-18
59639.862766	-8.6286263779e-15	1	2e-17	2.52485e-18
59639.862778	-8.0403077859e-15	1	2e-17	2.52485e-18
59639.862789	-8.6038811573e-15	1	2e-17	2.52485e-18
59639.862801	-9.3362241495e-15	1	2e-17	2.52485e-18
59639.862812	-8.7380740461e-15	1	2e-17	2.52485e-18
59639.862824	-7.1261635712e-15	1	2e-17	2.52485e-18
59639.862836	-6.7140811953e-15	1	2e-17	2.52485e-18
59639.862847	-8.4958624337e-15	1	2e-17	2.52485e-18
59639.862859	-9.4009095146e-15	1	2e-17	2.52485e-18
59639.862870	-8.6641924443e-15	1	2e-17	2.52485e-18
59639.862882	-9.2996297850e-15	1	2e-17	2.52485e-18
59639.862894	-9.9837325568e-15	1	2e-17	2.52485e-18
59639.862905	-1.0919754785e-14	1	2e-17	2.52485e-18
59639.862917	-8.1922951428e-15	1	2e-17	2.52485e-18
59639.862928	-9.3067363915e-15	1	2e-17	2.52485e-18
59639.862940	-9.5405479781e-15	1	2e-17	2.52485e-18
59639.862951	-8.4545797419e-15	1	2e-17	2.52485e-18
59639.862963	-1.0395123754e-14	1	2e-17	2.52485e-18
59639.862975	-8.0014221973e-15	1	2e-17	2.52485e-18
59639.862986	-8.8863056589e-15	1	2e-17	2.52485e-18
59639.863067	-8.2966191087e-15	1	2e-17	2.52485e-18
59639.863079	-8.1397181137e-15	1	2e-17	2.52485e-18
59639.863090	-9.3922613082e-15	1	2e-17	2.52485e-18
59639.863102	-8.1775051005e-15	1	2e-17	2.52485e-18
59639.863113	-9.9555636291e-15	1	2e-17	2.52485e-18
59639.863125	-7.8408493145e-15	1	2e-17	2.52485e-18
59639.863137	-7.3626602523e-15	1	2e-17	2.52485e-18
59639.863148	-6.7725967724e-15	1	2e-17	2.52485e-18
59639.863160	-8.2105664905e-15	1	2e-17	2.52485e-18
59639.863171	-8.7119193627e-15	1	2e-17	2.52485e-18
59639.863183	-7.5974052692e-15	1	2e-17	2.52485e-18
59639.863194	-6.5770422759e-15	1	2e-17	2.52485e-18
59639.863206	-7.1266514622e-15	1	2e-17	2.52485e-18
59639.863218	-1.0208127678e-14	1	2e-17	2.52485e-18
59639.863229	-9.7885990356e-15	1	2e-17	2.52485e-18
59639.863241	-1.1401763119e-14	1	2e-17	2.52485e-18
59639.863252	-7.3227116374e-15	1	2e-17	2.52485e-18
59639.863264	-6.9377554916e-15	1	2e-17	2.52485e-18
59639.863275	-8.8465213684e-15	1	2e-17	2.52485e-18
59639.863287	-7.7986594504e-15	1	2e-17	2.52485e-18
59639.863299	-7.8941175225e-15	1	2e-17	2.52485e-18
59639.863310	-7.7817789308e-15	1	2e-17	2.52485e-18
59639.863322	-8.4929715103e-15	1	2e-17	2.52485e-18
59639.863333	-9.2508000297e-15	1	2e-17	2.52485e-18
59639.863345	-8.5955133189e-15	1	2e-17	2.52485e-18
59639.863356	-7.2442052357e-15	1	2e-17	2.52485e-18
59639.863368	-7.5435763254e-15	1	2e-17	2.52485e-18
59639.863380	-7.5261867390e-15	1	2e-17	2.52485e-18
59639.863391	-8.3394611881e-15	1	2e-17	2.52485e-18
59639.863403	-8.4386097827e-15	1	2e-17	2.52485e-18
59639.863414	-9.7471825126e-15	1	2e-17	2.52485e-18
59639.863426	-9.9454542908e-15	1	2e-17	2.52485e-18
59639.863437	-9.5428290378e-15	1	2e-17	2.52485e-18
59639.863449	-8.4299675056e-15	1	2e-17	2.52485e-18
59639.863461	-7.3079918988e-15	1	2e-17	2.52485e-18
59639.863472	-9.5513544244e-15	1	2e-17	2.52485e-18
59639.863484	-9.4246349074e-15	1	2e-17	2.52485e-18
59639.863495	-1.0185863417e-14	1	2e-17	2.52485e-18
59639.863507	-8.0510278349e-15	1	2e-17	2.52485e-18
59639.863519	-8.4185740654e-15	1	2e-17	2.52485e-18
59639.863530	-8.0134619237e-15	1	2e-17	2.52485e-18
59639.863542	-8.5754564257e-15	1	2e-17	2.52485e-18
59639.863553	-8.7426895286e-15	1	2e-17	2.52485e-18
59639.863565	-8.5857275472e-15	1	2e-17	2.52485e-18
59639.863576	-9.9544269109e-15	1	2e-17	2.52485e-18
59639.863588	-8.6518198340e-15	1	2e-17	2.52485e-18
59639.863600	-7.0433296782e-15	1	2e-17	2.52485e-18
59639.863611	-9.8885658640e-15	1	2e-17	2.52485e-18
59639.863623	-6.8183899146e-15	1	2e-17	2.52485e-18
59639.863634	-8.4075711074e-15	1	2e-17	2.52485e-18
59639.863646	-8.9319336297e-15	1	2e-17	2.52485e-18
59639.863657	-8.0946297029e-15	1	2e-17	2.52485e-18
59639.863669	-8.7877677750e-15	1	2e-17	2.52485e-18
59639.863681	-6.1733124919e-15	1	2e-17	2.52485e-18
59639.863692	-9.9963846879e-15	1	2e-17	2.52485e-18
59639.863704	-9.9832827823e-15	1	2e-17	2.52485e-18
59639.863715	-8.9965885016e-15	1	2e-17	2.52485e-18
59639.863727	-8.6413572831e-15	1	2e-17	2.52485e-18
59639.863738	-8.2437896638e-15	1	2e-17	2.52485e-18
59639.863750	-9.3069803370e-15	1	2e-17	2.52485e-18
59639.863762	-9.5669889586e-15	1	2e-17	2.52485e-18
59639.863773	-8.1966455040e-15	1	2e-17	2.52485e-18
59639.863785	-1.0779940986e-14	1	2e-17	2.52485e-18
59639.863796	-1.0277856277e-14	1	2e-17	2.52485e-18
59639.863808	-7.1331710748e-15	1	2e-17	2.52485e-18
59639.863819	-6.8148433877e-15	1	2e-17	2.52485e-18
59639.863831	-6.9862294931e-15	1	2e-17	2.52485e-18
59639.863843	-9.4085666924e-15	1	2e-17	2.52485e-18
59639.863854	-9.6504242450e-15	1	2e-17	2.52485e-18
59639.863866	-9.2424211798e-15	1	2e-17	2.52485e-18
59639.863877	-7.5167482509e-15	1	2e-17	2.52485e-18
59639.863889	-6.9500976087e-15	1	2e-17	2.52485e-18
59639.863900	-7.0456547836e-15	1	2e-17	2.52485e-18
59639.863912	-8.3095651603e-15	1	2e-17	2.52485e-18
59639.863924	-1.0338046439e-14	1	2e-17	2.52485e-18
59639.863935	-9.8907715378e-15	1	2e-17	2.52485e-18
59639.863947	-8.4572453546e-15	1	2e-17	2.52485e-18
59639.863958	-1.2526866819e-14	1	2e-17	2.52485e-18
59639.863970	-1.3175171437e-14	1	2e-17	2.52485e-18
59639.863981	-1.0762463308e-14	1	2e-17	2.52485e-18
59639.863993	-1.0294894345e-14	1	2e-17	2.52485e-18
59639.864005	-1.0925436682e-14	1	2e-17	2.52485e-18
59639.864016	-8.7074029831e-15	1	2e-17	2.52485e-18
59639.864028	-9.4515790255e-15	1	2e-17	2.52485e-18
59639.864039	-9.9297435237e-15	1	2e-17	2.52485e-18
59639.864051	-8.7486356999e-15	1	2e-17	2.52485e-18
59639.864062	-9.5061948629e-15	1	2e-17	2.52485e-18
59639.864074	-1.0327137501e-14	1	2e-17	2.52485e-18
59639.864086	-8.4749170030e-15	1	2e-17	2.52485e-18
59639.864097	-8.8297416457e-15	1	2e-17	2.52485e-18
59639.864109	-8.9011795574e-15	1	2e-17	2.52485e-18
59639.864120	-1.0772731889e-14	1	2e-17	2.52485e-18
59639.864132	-8.7515401759e-15	1	2e-17	2.52485e-18
59639.864144	-9.5034640286e-15	1	2e-17	2.52485e-18
59639.864155	-7.8927758223e-15	1	2e-17	2.52485e-18
59639.864167	-7.9767210225e-15	1	2e-17	2.52485e-18
59639.864178	-7.1945479291e-15	1	2e-17	2.52485e-18
59639.864190	-7.8105060532e-15	1	2e-17	2.52485e-18
59639.864201	-6.3044831671e-15	1	2e-17	2.52485e-18
59639.864213	-6.5025457282e-15	1	2e-17	2.52485e-18
59639.864225	-8.1669883394e-15	1	2e-17	2.52485e-18
59639.864236	-9.3730260370e-15	1	2e-17	2.52485e-18
59639.864248	-8.3802695415e-15	1	2e-17	2.52485e-18
59639.864259	-7.8886024910e-15	1	2e-17	2.52485e-18
59639.864271	-6.6232894278e-15	1	2e-17	2.52485e-18
59639.864282	-7.8435233975e-15	1	2e-17	2.52485e-18
59639.864294	-7.0053715907e-15	1	2e-17	2.52485e-18
59639.864306	-5.0714979633e-15	1	2e-17	2.52485e-18
59639.864317	-9.2484579836e-15	1	2e-17	2.52485e-18
59639.864329	-1.0730326878e-14	1	2e-17	2.52485e-18
59639.864340	-9.1104737754e-15	1	2e-17	2.52485e-18
59639.864352	-7.6515594736e-15	1	2e-17	2.52485e-18
59639.864363	-9.2498352592e-15	1	2e-17	2.52485e-18
59639.864375	-1.0563548632e-14	1	2e-17	2.52485e-18
59639.864387	-7.3140193853e-15	1	2e-17	2.52485e-18
59639.864398	-6.9052853306e-15	1	2e-17	2.52485e-18
59639.864410	-9.2792239143e-15	1	2e-17	2.52485e-18
59639.864421	-6.6772047689e-15	1	2e-17	2.52485e-18
59639.864433	-1.0170201778e-14	1	2e-17	2.52485e-18
59639.864444	-8.4453631764e-15	1	2e-17	2.52485e-18
59639.864456	-9.7794714086e-15	1	2e-17	2.52485e-18
59639.864468	-9.9299806930e-15	1	2e-17	2.52485e-18
59639.864479	-1.0235129394e-14	1	2e-17	2.52485e-18
59639.864491	-9.6775538633e-15	1	2e-17	2.52485e-18
59639.864502	-8.8290165855e-15	1	2e-17	2.52485e-18
59639.864514	-1.0366982778e-14	1	2e-17	2.52485e-18
59639.864525	-9.9247934632e-15	1	2e-17	2.52485e-18
59639.864537	-9.1280234510e-15	1	2e-17	2.52485e-18
59639.864549	-9.0107229404e-15	1	2e-17	2.52485e-18
59639.864560	-8.7240276987e-15	1	2e-17	2.52485e-18
59639.864572	-1.0444601489e-14	1	2e-17	2.52485e-18
59639.864583	-9.2109598350e-15	1	2e-17	2.52485e-18
59639.864595	-1.1759510873e-14	1	2e-17	2.52485e-18
59639.864606	-1.1149358312e-14	1	2e-17	2.52485e-18
59639.864618	-8.5141837564e-15	1	2e-17	2.52485e-18
59639.864630	-8.3162075926e-15	1	2e-17	2.52485e-18
59639.864641	-9.1278006814e-15	1	2e-17	2.52485e-18
59639.864653	-1.0467346018e-14	1	2e-17	2.52485e-18
59639.864664	-9.7410101835e-15	1	2e-17	2.52485e-18
59639.864676	-7.9067705006e-15	1	2e-17	2.52485e-18
59639.864687	-9.1969304283e-15	1	2e-17	2.52485e-18
59639.864699	-8.0070100737e-15	1	2e-17	2.52485e-18
59639.864711	-9.6891488973e-15	1	2e-17	2.52485e-18
59639.864722	-8.2830411705e-15	1	2e-17	2.52485e-18
59639.864734	-8.5942131233e-15	1	2e-17	2.52485e-18
59639.864745	-1.0026850769e-14	1	2e-17	2.52485e-18
59639.864757	-9.7930781458e-15	1	2e-17	2.52485e-18
59639.864769	-9.9864159571e-15	1	2e-17	2.52485e-18
59639.864780	-9.4926355594e-15	1	2e-17	2.52485e-18
59639.864792	-9.9607406944e-15	1	2e-17	2.52485e-18
59639.864803	-1.0613853919e-14	1	2e-17	2.52485e-18
59639.864815	-9.8271195529e-15	1	2e-17	2.52485e-18
59639.864826	-1.0370890141e-14	1	2e-17	2.52485e-18
59639.864838	-9.1090507600e-15	1	2e-17	2.52485e-18
59639.864850	-1.0143698964e-14	1	2e-17	2.52485e-18
59639.864861	-8.5404815883e-15	1	2e-17	2.52485e-18
59639.864873	-7.1735643819e-15	1	2e-17	2.52485e-18
59639.864884	-9.1949000903e-15	1	2e-17	2.52485e-18
59639.864896	-9.5621125899e-15	1	2e-17	2.52485e-18
59639.864907	-8.6977391842e-15	1	2e-17	2.52485e-18
59639.864919	-8.8554490956e-15	1	2e-17	2.52485e-18
59639.864931	-8.6061757696e-15	1	2e-17	2.52485e-18
59639.864942	-9.2645685503e-15	1	2e-17	2.52485e-18
59639.864954	-7.5393674187e-15	1	2e-17	2.52485e-18
59639.864965	-8.5858063213e-15	1	2e-17	2.52485e-18
59639.864977	-8.6080638060e-15	1	2e-17	2.52485e-18
59639.864988	-6.2298654937e-15	1	2e-17	2.52485e-18
59639.865000	-6.6724224209e-15	1	2e-17	2.52485e-18
59639.865012	-8.3854745589e-15	1	2e-17	2.52485e-18
59639.865023	-1.0308223256e-14	1	2e-17	2.52485e-18
59639.865035	-8.2810032093e-15	1	2e-17	2.52485e-18
59639.865046	-7.8515032949e-15	1	2e-17	2.52485e-18
59639.865058	-7.6166015769e-15	1	2e-17	2.52485e-18
59639.865069	-7.8307340470e-15	1	2e-17	2.52485e-18
59639.865081	-9.3373354567e-15	1	2e-17	2.52485e-18
59639.865093	-7.9820361543e-15	1	2e-17	2.52485e-18
59639.865104	-7.1630493149e-15	1	2e-17	2.52485e-18
59639.865116	-6.8523339130e-15	1	2e-17	2.52485e-18
59639.865127	-8.4091703056e-15	1	2e-17	2.52485e-18
59639.865139	-8.8942321932e-15	1	2e-17	2.52485e-18
59639.865150	-6.1755130835e-15	1	2e-17	2.52485e-18
59639.865162	-8.1520043266e-15	1	2e-17	2.52485e-18
59639.865174	-8.1316382664e-15	1	2e-17	2.52485e-18
59639.865185	-9.6336640041e-15	1	2e-17	2.52485e-18
59639.865197	-9.2325718807e-15	1	2e-17	2.52485e-18
59639.865208	-8.4293466304e-15	1	2e-17	2.52485e-18
59639.865220	-7.0494384798e-15	1	2e-17	2.52485e-18
59639.865231	-8.1900217063e-15	1	2e-17	2.52485e-18
59639.865243	-6.7716523307e-15	1	2e-17	2.52485e-18
59639.865255	-9.5504447111e-15	1	2e-17	2.52485e-18
59639.865266	-9.0930604721e-15	1	2e-17	2.52485e-18
59639.865278	-8.2197195285e-15	1	2e-17	2.52485e-18
59639.865289	-8.6918506111e-15	1	2e-17	2.52485e-18
59639.865301	-1.1144142284e-14	1	2e-17	2.52485e-18
59639.865312	-8.9665239141e-15	1	2e-17	2.52485e-18
59639.865324	-9.3785224338e-15	1	2e-17	2.52485e-18
59639.865336	-8.8721559735e-15	1	2e-17	2.52485e-18
59639.865347	-9.7125727464e-15	1	2e-17	2.52485e-18
59639.865359	-9.1912400610e-15	1	2e-17	2.52485e-18
59639.865370	-9.8216333206e-15	1	2e-17	2.52485e-18
59639.865382	-9.8281266751e-15	1	2e-17	2.52485e-18
59639.865394	-8.1505033842e-15	1	2e-17	2.52485e-18
59639.865405	-8.9685440877e-15	1	2e-17	2.52485e-18
59639.865417	-8.6984523859e-15	1	2e-17	2.52485e-18
59639.865428	-9.5370988599e-15	1	2e-17	2.52485e-18
59639.865440	-1.0326277763e-14	1	2e-17	2.52485e-18
59639.865451	-1.0589483087e-14	1	2e-17	2.52485e-18
59639.865463	-9.9343327482e-15	1	2e-17	2.52485e-18
59639.865475	-8.5605528810e-15	1	2e-17	2.52485e-18
59639.865486	-8.0612760865e-15	1	2e-17	2.52485e-18
59639.865498	-9.8428616603e-15	1	2e-17	2.52485e-18
59639.865509	-9.8117933388e-15	1	2e-17	2.52485e-18
59639.865521	-9.6798467814e-15	1	2e-17	2.52485e-18
59639.865532	-1.1652955822e-14	1	2e-17	2.52485e-18
59639.865544	-1.0367064093e-14	1	2e-17	2.52485e-18
59639.865556	-9.8503960183e-15	1	2e-17	2.52485e-18
59639.865567	-7.9689893058e-15	1	2e-17	2.52485e-18
59639.865579	-8.4485937601e-15	1	2e-17	2.52485e-18
59639.865590	-8.4846748225e-15	1	2e-17	2.52485e-18
59639.865602	-7.6743522832e-15	1	2e-17	2.52485e-18
59639.865613	-9.0880409548e-15	1	2e-17	2.52485e-18
59639.865625	-7.7161787702e-15	1	2e-17	2.52485e-18
59639.865637	-7.1100292876e-15	1	2e-17	2.52485e-18
59639.865648	-6.3375928379e-15	1	2e-17	2.52485e-18
59639.865660	-1.0956292399e-14	1	2e-17	2.52485e-18
59639.865671	-1.1152029854e-14	1	2e-17	2.52485e-18
59639.865683	-1.1094930516e-14	1	2e-17	2.52485e-18
59639.865694	-1.0483924994e-14	1	2e-17	2.52485e-18
59639.865706	-7.7779977757e-15	1	2e-17	2.52485e-18
59639.865718	-7.5626938590e-15	1	2e-17	2.52485e-18
59639.865729	-9.7474417047e-15	1	2e-17	2.52485e-18
59639.865741	-1.0953050804e-14	1	2e-17	2.52485e-18
59639.865752	-1.4329880632e-14	1	2e-17	2.52485e-18
59639.865764	-1.1389842825e-14	1	2e-17	2.52485e-18
59639.865775	-9.4388286385e-15	1	2e-17	2.52485e-18
59639.865787	-8.8213636428e-15	1	2e-17	2.52485e-18
59639.865799	-9.7998942200e-15	1	2e-17	2.52485e-18
59639.865810	-9.0092296213e-15	1	2e-17	2.52485e-18
59639.865822	-8.5295446989e-15	1	2e-17	2.52485e-18
59639.865833	-9.2784700550e-15	1	2e-17	2.52485e-18
59639.865845	-5.8646130283e-15	1	2e-17	2.52485e-18
59639.865856	-8.4851898186e-15	1	2e-17	2.52485e-18
59639.865868	-8.4979978038e-15	1	2e-17	2.52485e-18
59639.865880	-7.3483369251e-15	1	2e-17	2.52485e-18
59639.865891	-8.8737306077e-15	1	2e-17	2.52485e-18
59639.865903	-9.5904814174e-15	1	2e-17	2.52485e-18
59639.865995	-8.7690796871e-15	1	2e-17	2.52485e-18
59639.866007	-1.0838630205e-14	1	2e-17	2.52485e-18
59639.866019	-8.2119293665e-15	1	2e-17	2.52485e-18
59639.866030	-8.1862532568e-15	1	2e-17	2.52485e-18
59639.866042	-8.7608456798e-15	1	2e-17	2.52485e-18
59639.866053	-8.9257418188e-15	1	2e-17	2.52485e-18
59639.866065	-9.6369750559e-15	1	2e-17	2.52485e-18
59639.866076	-9.4337023951e-15	1	2e-17	2.52485e-18
59639.866088	-8.1667266062e-15	1	2e-17	2.52485e-18
59639.866100	-6.1843628837e-15	1	2e-17	2.52485e-18
59639.866111	-6.9225808964e-15	1	2e-17	2.52485e-18
59639.866123	-7.1798214143e-15	1	2e-17	2.52485e-18
59639.866134	-8.2917215642e-15	1	2e-17	2.52485e-18
59639.866146	-1.0923133600e-14	1	2e-17	2.52485e-18
59639.866157	-7.6572828753e-15	1	2e-17	2.52485e-18
59639.866169	-9.0211719388e-15	1	2e-17	2.52485e-18
59639.866181	-9.8208269452e-15	1	2e-17	2.52485e-18
59639.866192	-7.6241732044e-15	1	2e-17	2.52485e-18
59639.866204	-8.5660679125e-15	1	2e-17	2.52485e-18
59639.866215	-9.6513542872e-15	1	2e-17	2.52485e-18
59639.866227	-8.4659409948e-15	1	2e-17	2.52485e-18
59639.866238	-9.0566753248e-15	1	2e-17	2.52485e-18
59639.866250	-1.0568368249e-14	1	2e-17	2.52485e-18
59639.866262	-9.9296147747e-15	1	2e-17	2.52485e-18
59639.866273	-8.7320016669e-15	1	2e-17	2.52485e-18
59639.866285	-1.0194772510e-14	1	2e-17	2.52485e-18
59639.866296	-7.1400955691e-15	1	2e-17	2.52485e-18
59639.866308	-8.2703017950e-15	1	2e-17	2.52485e-18
59639.866319	-1.0288114693e-14	1	2e-17	2.52485e-18
59639.866331	-7.0377672128e-15	1	2e-17	2.52485e-18
59639.866343	-8.2127789405e-15	1	2e-17	2.52485e-18
59639.866354	-8.2644081398e-15	1	2e-17	2.52485e-18
59639.866366	-1.0475106534e-14	1	2e-17	2.52485e-18
59639.866377	-8.4438029417e-15	1	2e-17	2.52485e-18
59639.866389	-6.9409361003e-15	1	2e-17	2.52485e-18
59639.866400	-7.6825998430e-15	1	2e-17	2.52485e-18
59639.866412	-7.7982062878e-15	1	2e-17	2.52485e-18
59639.866424	-7.4569960057e-15	1	2e-17	2.52485e-18
59639.866435	-6.8483409996e-15	1	2e-17	2.52485e-18
59639.866447	-7.4484028564e-15	1	2e-17	2.52485e-18
59639.866458	-8.4953406614e-15	1	2e-17	2.52485e-18
59639.866470	-7.3216486110e-15	1	2e-17	2.52485e-18
59639.866481	-9.1177387770e-15	1	2e-17	2.52485e-18
59639.866493	-7.8243999347e-15	1	2e-17	2.52485e-18
59639.866505	-1.0773392574e-14	1	2e-17	2.52485e-18
59639.866516	-9.9081306311e-15	1	2e-17	2.52485e-18
59639.866528	-6.7586817151e-15	1	2e-17	2.52485e-18
59639.866539	-5.9567371787e-15	1	2e-17	2.52485e-18
59639.866551	-6.1827560622e-15	1	2e-17	2.52485e-18
59639.866562	-6.7382351868e-15	1	2e-17	2.52485e-18
59639.866574	-6.4259417625e-15	1	2e-17	2.52485e-18
59639.866586	-7.4998609550e-15	1	2e-17	2.52485e-18
59639.866597	-9.5688812302e-15	1	2e-17	2.52485e-18
59639.866609	-8.5598396792e-15	1	2e-17	2.52485e-18
59639.866620	-8.9299414082e-15	1	2e-17	2.52485e-18
59639.866632	-9.2262665674e-15	1	2e-17	2.52485e-18
59639.866644	-1.0778077514e-14	1	2e-17	2.52485e-18
59639.866655	-1.0294056630e-14	1	2e-17	2.52485e-18
59639.866667	-1.0131439856e-14	1	2e-17	2.52485e-18
59639.866678	-9.8794331548e-15	1	2e-17	2.52485e-18
59639.866690	-8.3781087604e-15	1	2e-17	2.52485e-18
59639.866701	-8.7921638760e-15	1	2e-17	2.52485e-18
59639.867685	-8.8512046135e-15	1	2e-17	2.52485e-18
59639.867697	-1.1999188162e-14	1	2e-17	2.52485e-18
59639.867708	-1.3284837640e-14	1	2e-17	2.52485e-18
59639.867720	-1.1929728920e-14	1	2e-17	2.52485e-18
59639.867731	-9.9673483985e-15	1	2e-17	2.52485e-18
59639.867743	-1.1907013190e-14	1	2e-17	2.52485e-18
59639.867755	-1.1702752889e-14	1	2e-17	2.52485e-18
59639.867766	-9.0575672505e-15	1	2e-17	2.52485e-18
59639.867778	-1.1991421717e-14	1	2e-17	2.52485e-18
59639.867789	-1.2192168526e-14	1	2e-17	2.52485e-18
59639.867801	-8.8497680457e-15	1	2e-17	2.52485e-18
59639.867813	-9.1938785686e-15	1	2e-17	2.52485e-18
59639.867824	-7.3123414130e-15	1	2e-17	2.52485e-18
59639.867836	-8.9732629083e-15	1	2e-17	2.52485e-18
59639.867847	-8.4257577518e-15	1	2e-17	2.52485e-18
59639.867859	-7.9097020817e-15	1	2e-17	2.52485e-18
59639.867870	-7.7919594198e-15	1	2e-17	2.52485e-18
59639.867882	-9.6241416597e-15	1	2e-17	2.52485e-18
59639.867894	-9.1020085281e-15	1	2e-17	2.52485e-18
59639.867905	-6.8997601347e-15	1	2e-17	2.52485e-18
59639.867917	-9.2482580838e-15	1	2e-17	2.52485e-18
59639.867928	-7.8784076024e-15	1	2e-17	2.52485e-18
59639.867940	-1.0448721458e-14	1	2e-17	2.52485e-18
59639.867951	-1.1232701272e-14	1	2e-17	2.52485e-18
59639.867963	-7.5001065945e-15	1	2e-17	2.52485e-18
59639.867975	-8.8019894582e-15	1	2e-17	2.52485e-18
59639.867986	-8.3907473390e-15	1	2e-17	2.52485e-18
59639.867998	-9.9772451314e-15	1	2e-17	2.52485e-18
59639.868009	-7.8799441202e-15	1	2e-17	2.52485e-18
59639.868021	-9.3481486793e-15	1	2e-17	2.52485e-18
59639.868032	-1.1167936286e-14	1	2e-17	2.52485e-18
59639.868044	-8.0657704433e-15	1	2e-17	2.52485e-18
59639.868056	-9.8333105168e-15	1	2e-17	2.52485e-18
59639.868067	-8.3994633080e-15	1	2e-17	2.52485e-18
59639.868079	-9.5688007621e-15	1	2e-17	2.52485e-18
59639.868090	-1.0526241066e-14	1	2e-17	2.52485e-18
59639.868102	-9.4603627571e-15	1	2e-17	2.52485e-18
59639.868113	-9.3338101056e-15	1	2e-17	2.52485e-18
59639.868125	-9.2995696457e-15	1	2e-17	2.52485e-18
59639.868137	-8.5412633997e-15	1	2e-17	2.52485e-18
59639.868148	-9.0793309150e-15	1	2e-17	2.52485e-18
59639.868160	-7.0906991487e-15	1	2e-17	2.52485e-18
59639.868171	-1.0071565638e-14	1	2e-17	2.52485e-18
59639.868183	-8.9341249039e-15	1	2e-17	2.52485e-18
59639.868194	-7.8910851445e-15	1	2e-17	2.52485e-18
59639.868206	-9.6201199472e-15	1	2e-17	2.52485e-18
59639.868218	-8.4362228439e-15	1	2e-17	2.52485e-18
59639.868229	-8.5003711901e-15	1	2e-17	2.52485e-18
59639.868241	-7.9472510522e-15	1	2e-17	2.52485e-18
59639.868252	-9.0539555020e-15	1	2e-17	2.52485e-18
59639.868264	-9.2858062073e-15	1	2e-17	2.52485e-18
59639.868275	-8.0408651336e-15	1	2e-17	2.52485e-18
59639.868287	-8.3872880565e-15	1	2e-17	2.52485e-18
59639.868299	-5.8459156231e-15	1	2e-17	2.52485e-18
59639.868310	-7.5654382458e-15	1	2e-17	2.52485e-18
59639.868322	-7.1842708784e-15	1	2e-17	2.52485e-18
59639.868333	-6.2103828888e-15	1	2e-17	2.52485e-18
59639.868345	-8.1925788988e-15	1	2e-17	2.52485e-18
59639.868356	-7.5331019160e-15	1	2e-17	2.52485e-18
59639.868368	-8.8214297114e-15	1	2e-17	2.52485e-18
59639.868380	-7.3470756931e-15	1	2e-17	2.52485e-18
59639.868391	-5.8847461545e-15	1	2e-17	2.52485e-18
59639.868403	-7.3834820162e-15	1	2e-17	2.52485e-18
59639.868414	-6.5850619838e-15	1	2e-17	2.52485e-18
59639.868426	-7.2405570648e-15	1	2e-17	2.52485e-18
59639.868438	-7.0560648185e-15	1	2e-17	2.52485e-18
59639.868449	-8.1747751133e-15	1	2e-17	2.52485e-18
59639.868461	-8.0545209987e-15	1	2e-17	2.52485e-18
59639.868472	-8.1569569282e-15	1	2e-17	2.52485e-18
59639.868484	-9.8654825222e-15	1	2e-17	2.52485e-18
59639.868495	-1.0138617613e-14	1	2e-17	2.52485e-18
59639.868507	-7.9198046436e-15	1	2e-17	2.52485e-18
59639.868519	-1.0438839124e-14	1	2e-17	2.52485e-18
59639.868530	-1.0620872434e-14	1	2e-17	2.52485e-18
59639.868542	-8.7834902586e-15	1	2e-17	2.52485e-18
59639.868553	-8.5765965320e-15	1	2e-17	2.52485e-18
59639.868565	-1.0467501025e-14	1	2e-17	2.52485e-18
59639.868576	-8.5419147680e-15	1	2e-17	2.52485e-18
59639.868588	-7.4234009849e-15	1	2e-17	2.52485e-18
59639.868600	-1.0191649499e-14	1	2e-17	2.52485e-18
59639.868611	-8.9812394175e-15	1	2e-17	2.52485e-18
59639.868623	-9.4321768888e-15	1	2e-17	2.52485e-18
59639.868634	-8.4387664838e-15	1	2e-17	2.52485e-18
59639.868646	-9.4769874728e-15	1	2e-17	2.52485e-18
59639.868657	-1.0668318137e-14	1	2e-17	2.52485e-18
59639.868669	-1.0276908448e-14	1	2e-17	2.52485e-18
59639.868681	-1.0104986170e-14	1	2e-17	2.52485e-18
59639.868692	-8.7367628391e-15	1	2e-17	2.52485e-18
59639.868704	-9.1703047947e-15	1	2e-17	2.52485e-18
59639.868715	-8.7179265204e-15	1	2e-17	2.52485e-18
59639.868727	-8.2944032705e-15	1	2e-17	2.52485e-18
59639.868738	-7.5325936962e-15	1	2e-17	2.52485e-18
59639.868750	-7.8200148451e-15	1	2e-17	2.52485e-18
59639.868762	-8.9453870540e-15	1	2e-17	2.52485e-18
59639.868773	-8.7543447020e-15	1	2e-17	2.52485e-18
59639.868785	-9.9472830350e-15	1	2e-17	2.52485e-18
59639.868796	-1.0621728784e-14	1	2e-17	2.52485e-18
59639.868808	-9.0288418221e-15	1	2e-17	2.52485e-18
59639.868819	-9.2970692044e-15	1	2e-17	2.52485e-18
59639.868831	-7.6974728945e-15	1	2e-17	2.52485e-18
59639.868843	-6.0322400016e-15	1	2e-17	2.52485e-18
59639.868854	-5.4915543074e-15	1	2e-17	2.52485e-18
59639.868866	-7.5438194238e-15	1	2e-17	2.52485e-18
59639.868877	-8.6000830616e-15	1	2e-17	2.52485e-18
59639.868889	-6.8259996586e-15	1	2e-17	2.52485e-18
59639.868900	-9.0314066379e-15	1	2e-17	2.52485e-18
59639.868912	-6.8216298157e-15	1	2e-17	2.52485e-18
59639.868924	-6.4079109721e-15	1	2e-17	2.52485e-18
59639.868935	-9.1296582246e-15	1	2e-17	2.52485e-18
59639.868947	-6.4489988463e-15	1	2e-17	2.52485e-18
59639.868958	-9.3477522679e-15	1	2e-17	2.52485e-18
59639.868970	-1.0530410162e-14	1	2e-17	2.52485e-18
59639.868981	-8.3887424120e-15	1	2e-17	2.52485e-18
59639.868993	-8.6689451461e-15	1	2e-17	2.52485e-18
59639.869005	-5.0743270534e-15	1	2e-17	2.52485e-18
59639.869016	-8.7641092978e-15	1	2e-17	2.52485e-18
59639.869028	-9.0825598046e-15	1	2e-17	2.52485e-18
59639.869039	-1.0720679173e-14	1	2e-17	2.52485e-18
59639.869051	-1.0501918515e-14	1	2e-17	2.52485e-18
59639.869063	-1.0436391199e-14	1	2e-17	2.52485e-18
59639.869074	-1.1226415441e-14	1	2e-17	2.52485e-18
59639.869086	-8.4827130942e-15	1	2e-17	2.52485e-18
59639.869097	-8.7109393456e-15	1	2e-17	2.52485e-18
59639.869109	-8.1769477528e-15	1	2e-17	2.52485e-18
59639.869120	-8.4714484031e-15	1	2e-17	2.52485e-18
59639.869132	-1.0350335193e-14	1	2e-17	2.52485e-18
59639.869144	-7.3138364261e-15	1	2e-17	2.52485e-18
59639.869155	-7.8741199216e-15	1	2e-17	2.52485e-18
59639.869167	-8.6281994733e-15	1	2e-17	2.52485e-18
59639.869178	-7.0834409234e-15	1	2e-17	2.52485e-18
59639.869190	-9.9768919187e-15	1	2e-17	2.52485e-18
59639.869201	-9.4203548499e-15	1	2e-17	2.52485e-18
59639.869213	-7.8899848487e-15	1	2e-17	2.52485e-18
59639.869225	-7.3456298078e-15	1	2e-17	2.52485e-18
59639.869236	-8.0860805993e-15	1	2e-17	2.52485e-18
59639.869248	-1.0144040318e-14	1	2e-17	2.52485e-18
59639.869259	-9.0121078392e-15	1	2e-17	2.52485e-18
59639.869271	-7.9543695171e-15	1	2e-17	2.52485e-18
59639.869282	-5.8409985968e-15	1	2e-17	2.52485e-18
59639.869294	-1.0195914310e-14	1	2e-17	2.52485e-18
59639.869306	-1.1126078459e-14	1	2e-17	2.52485e-18
59639.869317	-9.7962960240e-15	1	2e-17	2.52485e-18
59639.869329	-9.2979814589e-15	1	2e-17	2.52485e-18
59639.869340	-9.6391409191e-15	1	2e-17	2.52485e-18
59639.869352	-8.5973395219e-15	1	2e-17	2.52485e-18
59639.869363	-5.6260605983e-15	1	2e-17	2.52485e-18
59639.869375	-7.9956886313e-15	1	2e-17	2.52485e-18
59639.869387	-1.0735751277e-14	1	2e-17	2.52485e-18
59639.869398	-9.9922528612e-15	1	2e-17	2.52485e-18
59639.869410	-8.9685813572e-15	1	2e-17	2.52485e-18
59639.869421	-7.9360752995e-15	1	2e-17	2.52485e-18
59639.869433	-8.2922797589e-15	1	2e-17	2.52485e-18
59639.869444	-9.7035476103e-15	1	2e-17	2.52485e-18
59639.869456	-6.6768346155e-15	1	2e-17	2.52485e-18
59639.869468	-5.7588457183e-15	1	2e-17	2.52485e-18
59639.869479	-8.2914615251e-15	1	2e-17	2.52485e-18
59639.869491	-7.9358652354e-15	1	2e-17	2.52485e-18
59639.869502	-8.8415941777e-15	1	2e-17	2.52485e-18
59639.869514	-5.4350123170e-15	1	2e-17	2.52485e-18
59639.869525	-7.4639509932e-15	1	2e-17	2.52485e-18
59639.869537	-9.0027379608e-15	1	2e-17	2.52485e-18
59639.869549	-1.0263224630e-14	1	2e-17	2.52485e-18
59639.869560	-8.7159885090e-15	1	2e-17	2.52485e-18
59639.869572	-8.1909449723e-15	1	2e-17	2.52485e-18
59639.869583	-7.5987147821e-15	1	2e-17	2.52485e-18
59639.869595	-7.6458462364e-15	1	2e-17	2.52485e-18
59639.869606	-8.5152865933e-15	1	2e-17	2.52485e-18
59639.869618	-8.2141697686e-15	1	2e-17	2.52485e-18
59639.869630	-7.6411053930e-15	1	2e-17	2.52485e-18
59639.869641	-9.0532939693e-15	1	2e-17	2.52485e-18
59639.869653	-8.6097968354e-15	1	2e-17	2.52485e-18
59639.869664	-8.9894005800e-15	1	2e-17	2.52485e-18
59639.869676	-8.2470702224e-15	1	2e-17	2.52485e-18
59639.869688	-8.1159088646e-15	1	2e-17	2.52485e-18
59639.869699	-1.0898494258e-14	1	2e-17	2.52485e-18
59639.869711	-9.2183239395e-15	1	2e-17	2.52485e-18
59639.869722	-7.8420402428e-15	1	2e-17	2.52485e-18
59639.869734	-8.3087460794e-15	1	2e-17	2.52485e-18
59639.869745	-1.0508881973e-14	1	2e-17	2.52485e-18
59639.869757	-1.0286768758e-14	1	2e-17	2.52485e-18
59639.869769	-6.7590273046e-15	1	2e-17	2.52485e-18
59639.869780	-8.4432972631e-15	1	2e-17	2.52485e-18
59639.869792	-8.0284120552e-15	1	2e-17	2.52485e-18
59639.869803	-8.8868680888e-15	1	2e-17	2.52485e-18
59639.869815	-1.0196448788e-14	1	2e-17	2.52485e-18
59639.869826	-9.8618868673e-15	1	2e-17	2.52485e-18
59639.869838	-9.9513733571e-15	1	2e-17	2.52485e-18
59639.869850	-9.1275906172e-15	1	2e-17	2.52485e-18
59639.869861	-9.5847486984e-15	1	2e-17	2.52485e-18
59639.869873	-8.9151166375e-15	1	2e-17	2.52485e-18
59639.869884	-8.5629338906e-15	1	2e-17	2.52485e-18
59639.869896	-8.6204542040e-15	1	2e-17	2.52485e-18
59639.869907	-8.0530581728e-15	1	2e-17	2.52485e-18
59639.869919	-8.8023375887e-15	1	2e-17	2.52485e-18
59639.869931	-8.8964005975e-15	1	2e-17	2.52485e-18
59639.869942	-1.0024421478e-14	1	2e-17	2.52485e-18
59639.869954	-1.0060826107e-14	1	2e-17	2.52485e-18
59639.869965	-8.7724873007e-15	1	2e-17	2.52485e-18
59639.869977	-6.6852719107e-15	1	2e-17	2.52485e-18
59639.869988	-8.8424386696e-15	1	2e-17	2.52485e-18
59639.870000	-8.2946090995e-15	1	2e-17	2.52485e-18
59639.870012	-8.0039184034e-15	1	2e-17	2.52485e-18
59639.870023	-9.7268139113e-15	1	2e-17	2.52485e-18
59639.870035	-8.3118233501e-15	1	2e-17	2.52485e-18
59639.870046	-7.8708825617e-15	1	2e-17	2.52485e-18
59639.870058	-7.9522341471e-15	1	2e-17	2.52485e-18
59639.870069	-9.5299253379e-15	1	2e-17	2.52485e-18
59639.870081	-7.2050748546e-15	1	2e-17	2.52485e-18
59639.870093	-9.7897586237e-15	1	2e-17	2.52485e-18
59639.870104	-1.1305525777e-14	1	2e-17	2.52485e-18
59639.870116	-8.1626616951e-15	1	2e-17	2.52485e-18
59639.870127	-9.8414657500e-15	1	2e-17	2.52485e-18
59639.870139	-7.1642521017e-15	1	2e-17	2.52485e-18
59639.870150	-9.9507414705e-15	1	2e-17	2.52485e-18
59639.870162	-7.3414945930e-15	1	2e-17	2.52485e-18
59639.870174	-9.2603427029e-15	1	2e-17	2.52485e-18
59639.870185	-7.8771480644e-15	1	2e-17	2.52485e-18
59639.870197	-7.9673638496e-15	1	2e-17	2.52485e-18
59639.870208	-9.8757663492e-15	1	2e-17	2.52485e-18
59639.870220	-7.9039515750e-15	1	2e-17	2.52485e-18
59639.870231	-8.8536144223e-15	1	2e-17	2.52485e-18
59639.870243	-7.8104628545e-15	1	2e-17	2.52485e-18
59639.870255	-7.0319057448e-15	1	2e-17	2.52485e-18
59639.870266	-8.2184108626e-15	1	2e-17	2.52485e-18
59639.870278	-6.3275004404e-15	1	2e-17	2.52485e-18
59639.870289	-8.9533305290e-15	1	2e-17	2.52485e-18
59639.870301	-8.7915150488e-15	1	2e-17	2.52485e-18
59639.870313	-1.0978794676e-14	1	2e-17	2.52485e-18
59639.870324	-9.3972435560e-15	1	2e-17	2.52485e-18
59639.870336	-6.8880236462e-15	1	2e-17	2.52485e-18
59639.870347	-8.7218330363e-15	1	2e-17	2.52485e-18
59639.870359	-8.0946703604e-15	1	2e-17	2.52485e-18
59639.870370	-7.8002298495e-15	1	2e-17	2.52485e-18
59639.870382	-4.4017015781e-15	1	2e-17	2.52485e-18
59639.870394	-7.0036512668e-15	1	2e-17	2.52485e-18
59639.870405	-9.1486461622e-15	1	2e-17	2.52485e-18
59639.870417	-9.3190666501e-15	1	2e-17	2.52485e-18
59639.870428	-9.2414775851e-15	1	2e-17	2.52485e-18
59639.870440	-1.0175846405e-14	1	2e-17	2.52485e-18
59639.870451	-7.2322248017e-15	1	2e-17	2.52485e-18
59639.870463	-7.6152132899e-15	1	2e-17	2.52485e-18
59639.870475	-8.0743881565e-15	1	2e-17	2.52485e-18
59639.870486	-6.9487728492e-15	1	2e-17	2.52485e-18
59639.870498	-5.3864883406e-15	1	2e-17	2.52485e-18
59639.870509	-8.3318472090e-15	1	2e-17	2.52485e-18
59639.870521	-9.6160745179e-15	1	2e-17	2.52485e-18
59639.870532	-1.1503222420e-14	1	2e-17	2.52485e-18
59639.870544	-1.0236414343e-14	1	2e-17	2.52485e-18
59639.870556	-9.9199831631e-15	1	2e-17	2.52485e-18
59639.870567	-8.2036106559e-15	1	2e-17	2.52485e-18
59639.870579	-9.9200814189e-15	1	2e-17	2.52485e-18
59639.870590	-1.0110120884e-14	1	2e-17	2.52485e-18
59639.870602	-9.8296318527e-15	1	2e-17	2.52485e-18
59639.870613	-9.6634228126e-15	1	2e-17	2.52485e-18
59639.870625	-1.1331002834e-14	1	2e-17	2.52485e-18
59639.870637	-7.0623819903e-15	1	2e-17	2.52485e-18
59639.870648	-6.6506189458e-15	1	2e-17	2.52485e-18
59639.870660	-1.1026994239e-14	1	2e-17	2.52485e-18
59639.870671	-9.7281047895e-15	1	2e-17	2.52485e-18
59639.870683	-9.1099850374e-15	1	2e-17	2.52485e-18
59639.870694	-9.6799967063e-15	1	2e-17	2.52485e-18
59639.870706	-9.2584851596e-15	1	2e-17	2.52485e-18
59639.870718	-1.1157938756e-14	1	2e-17	2.52485e-18
59639.870729	-8.5469537670e-15	1	2e-17	2.52485e-18
59639.870741	-1.0625260911e-14	1	2e-17	2.52485e-18
59639.870752	-8.6413640593e-15	1	2e-17	2.52485e-18
59639.870764	-7.2344499572e-15	1	2e-17	2.52485e-18
59639.870775	-8.7103447285e-15	1	2e-17	2.52485e-18
59639.870787	-8.6195156915e-15	1	2e-17	2.52485e-18
59639.870799	-8.2065422369e-15	1	2e-17	2.52485e-18
59639.870810	-7.7014700430e-15	1	2e-17	2.52485e-18
59639.870822	-7.9920718006e-15	1	2e-17	2.52485e-18
59639.870833	-7.8698644281e-15	1	2e-17	2.52485e-18
59639.870845	-9.5829038606e-15	1	2e-17	2.52485e-18
59639.870856	-1.0894558943e-14	1	2e-17	2.52485e-18
59639.870868	-8.2139546223e-15	1	2e-17	2.52485e-18
59639.870880	-8.9550525469e-15	1	2e-17	2.52485e-18
59639.870891	-8.4627934204e-15	1	2e-17	2.52485e-18
59639.870903	-9.3806899911e-15	1	2e-17	2.52485e-18
59639.870914	-9.0803083910e-15	1	2e-17	2.52485e-18
59639.870926	-1.0190079947e-14	1	2e-17	2.52485e-18
59639.870938	-8.7209309463e-15	1	2e-17	2.52485e-18
59639.870949	-9.8546303360e-15	1	2e-17	2.52485e-18
59639.870961	-9.1944079642e-15	1	2e-17	2.52485e-18
59639.870972	-1.1443101715e-14	1	2e-17	2.52485e-18
59639.870984	-1.1513987361e-14	1	2e-17	2.52485e-18
59639.870995	-1.1184267928e-14	1	2e-17	2.52485e-18
59639.871007	-8.3003977227e-15	1	2e-17	2.52485e-18
59639.871019	-9.0874031390e-15	1	2e-17	2.52485e-18
59639.871030	-9.8002127043e-15	1	2e-17	2.52485e-18
59639.871042	-1.1058093053e-14	1	2e-17	2.52485e-18
59639.871053	-1.0678505403e-14	1	2e-17	2.52485e-18
59639.871065	-7.7931740651e-15	1	2e-17	2.52485e-18
59639.871076	-7.9580532634e-15	1	2e-17	2.52485e-18
59639.871088	-8.0791408584e-15	1	2e-17	2.52485e-18
59639.871100	-7.4999693752e-15	1	2e-17	2.52485e-18
59639.871111	-9.0961267313e-15	1	2e-17	2.52485e-18
59639.871123	-1.0201631782e-14	1	2e-17	2.52485e-18
59639.871134	-1.1841879745e-14	1	2e-17	2.52485e-18
59639.871146	-9.7470020946e-15	1	2e-17	2.52485e-18
59639.871157	-9.2858942988e-15	1	2e-17	2.52485e-18
59639.871169	-9.7158914215e-15	1	2e-17	2.52485e-18
59639.871181	-8.4648390050e-15	1	2e-17	2.52485e-18
59639.871192	-8.2774372006e-15	1	2e-17	2.52485e-18
59639.871204	-8.8769230749e-15	1	2e-17	2.52485e-18
59639.871215	-9.0992175546e-15	1	2e-17	2.52485e-18
59639.871227	-9.5243569433e-15	1	2e-17	2.52485e-18
59639.871238	-8.5857326294e-15	1	2e-17	2.52485e-18
59639.871250	-1.0029483347e-14	1	2e-17	2.52485e-18
59639.871262	-9.2540619536e-15	1	2e-17	2.52485e-18
59639.871273	-9.4088385900e-15	1	2e-17	2.52485e-18
59639.871285	-8.2451093411e-15	1	2e-17	2.52485e-18
59639.871296	-6.2037684085e-15	1	2e-17	2.52485e-18
59639.871308	-9.0557444356e-15	1	2e-17	2.52485e-18
59639.871319	-8.5306017960e-15	1	2e-17	2.52485e-18
59639.871331	-9.4485305539e-15	1	2e-17	2.52485e-18
59639.871343	-7.4741551991e-15	1	2e-17	2.52485e-18
59639.871354	-6.6219993966e-15	1	2e-17	2.52485e-18
59639.871366	-8.2659776918e-15	1	2e-17	2.52485e-18
59639.871377	-8.3338639944e-15	1	2e-17	2.52485e-18
59639.871389	-9.8366935664e-15	1	2e-17	2.52485e-18
59639.871400	-8.1356337208e-15	1	2e-17	2.52485e-18
59639.871412	-6.9378876288e-15	1	2e-17	2.52485e-18
59639.871424	-8.7320990757e-15	1	2e-17	2.52485e-18
59639.871435	-5.6247358388e-15	1	2e-17	2.52485e-18
59639.871447	-6.3834596720e-15	1	2e-17	2.52485e-18
59639.871458	-8.5578601632e-15	1	2e-17	2.52485e-18
59639.871470	-7.6056096303e-15	1	2e-17	2.52485e-18
59639.871481	-6.3564359329e-15	1	2e-17	2.52485e-18
59639.871493	-7.7623657827e-15	1	2e-17	2.52485e-18
59639.871505	-8.7632792055e-15	1	2e-17	2.52485e-18
59639.871516	-8.1144494268e-15	1	2e-17	2.52485e-18
59639.871528	-8.4658291865e-15	1	2e-17	2.52485e-18
59639.871539	-9.7911918035e-15	1	2e-17	2.52485e-18
59639.871551	-9.2250265112e-15	1	2e-17	2.52485e-18
59639.871563	-7.0528892920e-15	1	2e-17	2.52485e-18
59639.871574	-7.5739949726e-15	1	2e-17	2.52485e-18
59639.871586	-7.2730035089e-15	1	2e-17	2.52485e-18
59639.871597	-8.0508143826e-15	1	2e-17	2.52485e-18
59639.871609	-9.4878625288e-15	1	2e-17	2.52485e-18
59639.871620	-9.6234394694e-15	1	2e-17	2.52485e-18
59639.871632	-7.7767043564e-15	1	2e-17	2.52485e-18
59639.871644	-7.5976754727e-15	1	2e-17	2.52485e-18
59639.871655	-8.0299604314e-15	1	2e-17	2.52485e-18
59639.871667	-1.1127765749e-14	1	2e-17	2.52485e-18
59639.871678	-9.9877449518e-15	1	2e-17	2.52485e-18
59639.871690	-8.4041990693e-15	1	2e-17	2.52485e-18
59639.871701	-9.2540517892e-15	1	2e-17	2.52485e-18
59639.871713	-9.3554280804e-15	1	2e-17	2.52485e-18
59639.871725	-9.3557321653e-15	1	2e-17	2.52485e-18
59639.871736	-9.4533467832e-15	1	2e-17	2.52485e-18
59639.871748	-8.4967518183e-15	1	2e-17	2.52485e-18
59639.871759	-1.0225115771e-14	1	2e-17	2.52485e-18
59639.871771	-9.9201542637e-15	1	2e-17	2.52485e-18
59639.871782	-9.3515063179e-15	1	2e-17	2.52485e-18
59639.871794	-1.0952283392e-14	1	2e-17	2.52485e-18
59639.871806	-9.5796012792e-15	1	2e-17	2.52485e-18
59639.871817	-8.7800072592e-15	1	2e-17	2.52485e-18
59639.871829	-8.3371411649e-15	1	2e-17	2.52485e-18
59639.871840	-8.8249999553e-15	1	2e-17	2.52485e-18
59639.871852	-7.3081629995e-15	1	2e-17	2.52485e-18
59639.871863	-8.9291790785e-15	1	2e-17	2.52485e-18
59639.871875	-9.2237076809e-15	1	2e-17	2.52485e-18
59639.871887	-8.5842825090e-15	1	2e-17	2.52485e-18
59639.871898	-9.2221288115e-15	1	2e-17	2.52485e-18
59639.871910	-9.7932814337e-15	1	2e-17	2.52485e-18
59639.871921	-1.0751719542e-14	1	2e-17	2.52485e-18
59639.871933	-1.0242618013e-14	1	2e-17	2.52485e-18
59639.871944	-8.5165579897e-15	1	2e-17	2.52485e-18
59639.871956	-8.2838831213e-15	1	2e-17	2.52485e-18
59639.871968	-9.9696269171e-15	1	2e-17	2.52485e-18
59639.871979	-9.1390992539e-15	1	2e-17	2.52485e-18
59639.871991	-9.8773757118e-15	1	2e-17	2.52485e-18
59639.872002	-8.3585219705e-15	1	2e-17	2.52485e-18
59639.872014	-8.4733813323e-15	1	2e-17	2.52485e-18
59639.872025	-9.0935966439e-15	1	2e-17	2.52485e-18
59639.872037	-9.1569038864e-15	1	2e-17	2.52485e-18
59639.872049	-8.0822028825e-15	1	2e-17	2.52485e-18
59639.872060	-9.5268624668e-15	1	2e-17	2.52485e-18
59639.872072	-1.3431916441e-14	1	2e-17	2.52485e-18
59639.872083	-9.7838598863e-15	1	2e-17	2.52485e-18
59639.872095	-8.8802756313e-15	1	2e-17	2.52485e-18
59639.872106	-9.2237568088e-15	1	2e-17	2.52485e-18
59639.872118	-8.0274040860e-15	1	2e-17	2.52485e-18
59639.872130	-7.8612026692e-15	1	2e-17	2.52485e-18
59639.872141	-8.0657865369e-15	1	2e-17	2.52485e-18
59639.872153	-9.4739212135e-15	1	2e-17	2.52485e-18
59639.872164	-8.8471151385e-15	1	2e-17	2.52485e-18
59639.872176	-7.3920582248e-15	1	2e-17	2.52485e-18
59639.872188	-9.7957293590e-15	1	2e-17	2.52485e-18
59639.872199	-6.0378820880e-15	1	2e-17	2.52485e-18
59639.872211	-8.6963856255e-15	1	2e-17	2.52485e-18
59639.872222	-6.8768834689e-15	1	2e-17	2.52485e-18
59639.872234	-8.9460307990e-15	1	2e-17	2.52485e-18
59639.872245	-8.8538956372e-15	1	2e-17	2.52485e-18
59639.872257	-9.1496600606e-15	1	2e-17	2.52485e-18
59639.872269	-9.5276764654e-15	1	2e-17	2.52485e-18
59639.872280	-6.2797802982e-15	1	2e-17	2.52485e-18
59639.872292	-9.0517837095e-15	1	2e-17	2.52485e-18
59639.872303	-9.7312565991e-15	1	2e-17	2.52485e-18
59639.872315	-7.5702366874e-15	1	2e-17	2.52485e-18
59639.872326	-8.3378755424e-15	1	2e-17	2.52485e-18
59639.872338	-8.3423487234e-15	1	2e-17	2.52485e-18
59639.872350	-7.8672648840e-15	1	2e-17	2.52485e-18
59639.872361	-8.0068516785e-15	1	2e-17	2.52485e-18
59639.872373	-1.0715535989e-14	1	2e-17	2.52485e-18
59639.872384	-1.0018870872e-14	1	2e-17	2.52485e-18
59639.872396	-6.3983505113e-15	1	2e-17	2.52485e-18
59639.872407	-7.6951994581e-15	1	2e-17	2.52485e-18
59639.872419	-9.2540102846e-15	1	2e-17	2.52485e-18
59639.872431	-1.0184040602e-14	1	2e-17	2.52485e-18
59639.872442	-8.3334108318e-15	1	2e-17	2.52485e-18
59639.872454	-8.3586549547e-15	1	2e-17	2.52485e-18
59639.872465	-8.4929655810e-15	1	2e-17	2.52485e-18
59639.872477	-9.6915273658e-15	1	2e-17	2.52485e-18
59639.872488	-1.0757447179e-14	1	2e-17	2.52485e-18
59639.872500	-1.0478027103e-14	1	2e-17	2.52485e-18
59639.872512	-9.3581402799e-15	1	2e-17	2.52485e-18
59639.872523	-1.0123473511e-14	1	2e-17	2.52485e-18
59639.872535	-8.9324418494e-15	1	2e-17	2.52485e-18
59639.872546	-7.7933765059e-15	1	2e-17	2.52485e-18
59639.872558	-8.3195321969e-15	1	2e-17	2.52485e-18
59639.872569	-1.0770880275e-14	1	2e-17	2.52485e-18
59639.872581	-8.3931834058e-15	1	2e-17	2.52485e-18
59639.872593	-8.8142528012e-15	1	2e-17	2.52485e-18
59639.872604	-8.8474734334e-15	1	2e-17	2.52485e-18
59639.872616	-9.0256925536e-15	1	2e-17	2.52485e-18
59639.872627	-9.4604110380e-15	1	2e-17	2.52485e-18
59639.872639	-1.0083814582e-14	1	2e-17	2.52485e-18
59639.872650	-8.2300448601e-15	1	2e-17	2.52485e-18
59639.872662	-9.4410046661e-15	1	2e-17	2.52485e-18
59639.872674	-6.1503748397e-15	1	2e-17	2.52485e-18
59639.872685	-8.3838601141e-15	1	2e-17	2.52485e-18
59639.872697	-8.2695149014e-15	1	2e-17	2.52485e-18
59639.872708	-6.8259166494e-15	1	2e-17	2.52485e-18
59639.872720	-7.9692756029e-15	1	2e-17	2.52485e-18
59639.872731	-9.2304576864e-15	1	2e-17	2.52485e-18
59639.872743	-1.0127870459e-14	1	2e-17	2.52485e-18
59639.872755	-8.5100891991e-15	1	2e-17	2.52485e-18
59639.872766	-7.9135374469e-15	1	2e-17	2.52485e-18
59639.872778	-8.4235165026e-15	1	2e-17	2.52485e-18
59639.872789	-8.9325062239e-15	1	2e-17	2.52485e-18
59639.872801	-8.6425744694e-15	1	2e-17	2.52485e-18
59639.872813	-8.0413064377e-15	1	2e-17	2.52485e-18
59639.872824	-5.6935962292e-15	1	2e-17	2.52485e-18
59639.872836	-6.5423926991e-15	1	2e-17	2.52485e-18
59639.872847	-8.0180706299e-15	1	2e-17	2.52485e-18
59639.872859	-5.3917899198e-15	1	2e-17	2.52485e-18
59639.872870	-7.1648806002e-15	1	2e-17	2.52485e-18
59639.872882	-9.0275551791e-15	1	2e-17	2.52485e-18
59639.872894	-6.7617115520e-15	1	2e-17	2.52485e-18
59639.872905	-6.9545877304e-15	1	2e-17	2.52485e-18
59639.872917	-8.9334303369e-15	1	2e-17	2.52485e-18
59639.872928	-9.0228270412e-15	1	2e-17	2.52485e-18
59639.872940	-8.9494595884e-15	1	2e-17	2.52485e-18
59639.872951	-9.9693075857e-15	1	2e-17	2.52485e-18
59639.872963	-7.9318502992e-15	1	2e-17	2.52485e-18
59639.872975	-7.6598239741e-15	1	2e-17	2.52485e-18
59639.872986	-7.1557919366e-15	1	2e-17	2.52485e-18
59639.872998	-7.4441083994e-15	1	2e-17	2.52485e-18
59639.873009	-7.7162863433e-15	1	2e-17	2.52485e-18
59639.873021	-7.7538522545e-15	1	2e-17	2.52485e-18
59639.873032	-9.6073932772e-15	1	2e-17	2.52485e-18
59639.873044	-8.6491305044e-15	1	2e-17	2.52485e-18
59639.873056	-8.4138095051e-15	1	2e-17	2.52485e-18
59639.873067	-7.8782712301e-15	1	2e-17	2.52485e-18
59639.873079	-8.4322883758e-15	1	2e-17	2.52485e-18
59639.873090	-9.6680628591e-15	1	2e-17	2.52485e-18
59639.873102	-7.9557781329e-15	1	2e-17	2.52485e-18
59639.873113	-9.6510400379e-15	1	2e-17	2.52485e-18
59639.873125	-8.0959993551e-15	1	2e-17	2.52485e-18
59639.873137	-8.4391078381e-15	1	2e-17	2.52485e-18
59639.873148	-9.8198892797e-15	1	2e-17	2.52485e-18
59639.873160	-9.1577407550e-15	1	2e-17	2.52485e-18
59639.873171	-1.0128619236e-14	1	2e-17	2.52485e-18
59639.873183	-8.5885295322e-15	1	2e-17	2.52485e-18
59639.873194	-1.0182913201e-14	1	2e-17	2.52485e-18
59639.873206	-9.6859615123e-15	1	2e-17	2.52485e-18
59639.873218	-8.3229491279e-15	1	2e-17	2.52485e-18
59639.873229	-1.0556137941e-14	1	2e-17	2.52485e-18
59639.873241	-8.6446403828e-15	1	2e-17	2.52485e-18
59639.873252	-8.9411315605e-15	1	2e-17	2.52485e-18
59639.873264	-9.2310167282e-15	1	2e-17	2.52485e-18
59639.873275	-1.0990024639e-14	1	2e-17	2.52485e-18
59639.873287	-8.4324874286e-15	1	2e-17	2.52485e-18
59639.873299	-8.5316004478e-15	1	2e-17	2.52485e-18
59639.873310	-8.2504541190e-15	1	2e-17	2.52485e-18
59639.873322	-6.5879495191e-15	1	2e-17	2.52485e-18
59639.873333	-8.9027694383e-15	1	2e-17	2.52485e-18
59639.873345	-1.0891424074e-14	1	2e-17	2.52485e-18
59639.873356	-9.8722494684e-15	1	2e-17	2.52485e-18
59639.873368	-1.0243247358e-14	1	2e-17	2.52485e-18
59639.873380	-7.7761376914e-15	1	2e-17	2.52485e-18
59639.873391	-1.0082653300e-14	1	2e-17	2.52485e-18
59639.873403	-8.9142060771e-15	1	2e-17	2.52485e-18
59639.873414	-7.8840590062e-15	1	2e-17	2.52485e-18
59639.873426	-9.9901454432e-15	1	2e-17	2.52485e-18
59639.873437	-1.1612870835e-14	1	2e-17	2.52485e-18
59639.873449	-1.0200091877e-14	1	2e-17	2.52485e-18
59639.873461	-7.9562194371e-15	1	2e-17	2.52485e-18
59639.873472	-7.3722444301e-15	1	2e-17	2.52485e-18
59639.873484	-9.3503967047e-15	1	2e-17	2.52485e-18
59639.873495	-8.7975086539e-15	1	2e-17	2.52485e-18
59639.873507	-8.4135909706e-15	1	2e-17	2.52485e-18
59639.873519	-9.1258999394e-15	1	2e-17	2.52485e-18
59639.873530	-9.6481008336e-15	1	2e-17	2.52485e-18
59639.873542	-9.5462823912e-15	1	2e-17	2.52485e-18
59639.873553	-1.1258627257e-14	1	2e-17	2.52485e-18
59639.873565	-1.1314945630e-14	1	2e-17	2.52485e-18
59639.873576	-7.8638310124e-15	1	2e-17	2.52485e-18
59639.873588	-9.7189873269e-15	1	2e-17	2.52485e-18
59639.873600	-8.7385136562e-15	1	2e-17	2.52485e-18
59639.873611	-8.5918083967e-15	1	2e-17	2.52485e-18
59639.873623	-1.0141976946e-14	1	2e-17	2.52485e-18
59639.873634	-9.6349777522e-15	1	2e-17	2.52485e-18
59639.873646	-9.6312431839e-15	1	2e-17	2.52485e-18
59639.873657	-8.1507583411e-15	1	2e-17	2.52485e-18
59639.873669	-8.5427084379e-15	1	2e-17	2.52485e-18
59639.873681	-8.0810339770e-15	1	2e-17	2.52485e-18
59639.873692	-9.7773301093e-15	1	2e-17	2.52485e-18
59639.873704	-8.0432122619e-15	1	2e-17	2.52485e-18
59639.873715	-8.2402744770e-15	1	2e-17	2.52485e-18
59639.873727	-8.3531246766e-15	1	2e-17	2.52485e-18
59639.873738	-9.8255821882e-15	1	2e-17	2.52485e-18
59639.873750	-9.6319961962e-15	1	2e-17	2.52485e-18
59639.873762	-9.6062667234e-15	1	2e-17	2.52485e-18
59639.873773	-9.1250003904e-15	1	2e-17	2.52485e-18
59639.873785	-8.7784326249e-15	1	2e-17	2.52485e-18
59639.873796	-8.4328999336e-15	1	2e-17	2.52485e-18
59639.873808	-8.3347745548e-15	1	2e-17	2.52485e-18
59639.873819	-1.0003952080e-14	1	2e-17	2.52485e-18
59639.873831	-7.9754885896e-15	1	2e-17	2.52485e-18
59639.873843	-9.2529811395e-15	1	2e-17	2.52485e-18
59639.873854	-7.3440297626e-15	1	2e-17	2.52485e-18
59639.873866	-6.9402889672e-15	1	2e-17	2.52485e-18
59639.873877	-8.9657793722e-15	1	2e-17	2.52485e-18
59639.873889	-7.0701636819e-15	1	2e-17	2.52485e-18
59639.873900	-6.3567391707e-15	1	2e-17	2.52485e-18
59639.873912	-1.0855525971e-14	1	2e-17	2.52485e-18
59639.873924	-5.2369861784e-15	1	2e-17	2.52485e-18
59639.873935	-7.7120486375e-15	1	2e-17	2.52485e-18
59639.873947	-7.7024949529e-15	1	2e-17	2.52485e-18
59639.873958	-8.0550190541e-15	1	2e-17	2.52485e-18
59639.873970	-8.7884894471e-15	1	2e-17	2.52485e-18
59639.873981	-8.8250321425e-15	1	2e-17	2.52485e-18
59639.873993	-7.6359986314e-15	1	2e-17	2.52485e-18
59639.874005	-4.7467353670e-15	1	2e-17	2.52485e-18
59639.874016	-8.4812849967e-15	1	2e-17	2.52485e-18
59639.874028	-9.2278572953e-15	1	2e-17	2.52485e-18
59639.874039	-6.6076328708e-15	1	2e-17	2.52485e-18
59639.874051	-5.5956571977e-15	1	2e-17	2.52485e-18
59639.874062	-5.7292224350e-15	1	2e-17	2.52485e-18
59639.874074	-8.9893734749e-15	1	2e-17	2.52485e-18
59639.874086	-8.9896657013e-15	1	2e-17	2.52485e-18
59639.874097	-8.9021494102e-15	1	2e-17	2.52485e-18
59639.874109	-1.0856740616e-14	1	2e-17	2.52485e-18
59639.874120	-8.0267103660e-15	1	2e-17	2.52485e-18
59639.874132	-9.2457669599e-15	1	2e-17	2.52485e-18
59639.874144	-9.2226014559e-15	1	2e-17	2.52485e-18
59639.874155	-1.0118459076e-14	1	2e-17	2.52485e-18
59639.874167	-8.0647167343e-15	1	2e-17	2.52485e-18
59639.874178	-8.4192237397e-15	1	2e-17	2.52485e-18
59639.874190	-1.0190314575e-14	1	2e-17	2.52485e-18
59639.874201	-9.1978342125e-15	1	2e-17	2.52485e-18
59639.874213	-8.6908832995e-15	1	2e-17	2.52485e-18
59639.874225	-7.7559630607e-15	1	2e-17	2.52485e-18
59639.874236	-8.8063957236e-15	1	2e-17	2.52485e-18
59639.874248	-9.1285325178e-15	1	2e-17	2.52485e-18
59639.874259	-6.4937416677e-15	1	2e-17	2.52485e-18
59639.874271	-7.4028562008e-15	1	2e-17	2.52485e-18
59639.874282	-9.8921344138e-15	1	2e-17	2.52485e-18
59639.874294	-1.0100851802e-14	1	2e-17	2.52485e-18
59639.874306	-8.8279611824e-15	1	2e-17	2.52485e-18
59639.874317	-9.8516064284e-15	1	2e-17	2.52485e-18
59639.874329	-9.5815613134e-15	1	2e-17	2.52485e-18
59639.874340	-7.2461449411e-15	1	2e-17	2.52485e-18
59639.874352	-7.3780466057e-15	1	2e-17	2.52485e-18
59639.874363	-7.8242339162e-15	1	2e-17	2.52485e-18
59639.874375	-6.8385636983e-15	1	2e-17	2.52485e-18
59639.874387	-8.3266252508e-15	1	2e-17	2.52485e-18
59639.874398	-8.2887493256e-15	1	2e-17	2.52485e-18
59639.874410	-1.0174486918e-14	1	2e-17	2.52485e-18
59639.874421	-8.1586154187e-15	1	2e-17	2.52485e-18
59639.874433	-8.3719355843e-15	1	2e-17	2.52485e-18
59639.874444	-8.5487088193e-15	1	2e-17	2.52485e-18
59639.874456	-8.2671965722e-15	1	2e-17	2.52485e-18
59639.874468	-8.6486798829e-15	1	2e-17	2.52485e-18
59639.874479	-8.7824357026e-15	1	2e-17	2.52485e-18
59639.874491	-8.4600812209e-15	1	2e-17	2.52485e-18
59639.874502	-7.7071993739e-15	1	2e-17	2.52485e-18
59639.874514	-7.3867253053e-15	1	2e-17	2.52485e-18
59639.874525	-9.4859922800e-15	1	2e-17	2.52485e-18
59639.874537	-7.3680592403e-15	1	2e-17	2.52485e-18
59639.874549	-9.8483301050e-15	1	2e-17	2.52485e-18
59639.874560	-8.6722113052e-15	1	2e-17	2.52485e-18
59639.874572	-8.0495624679e-15	1	2e-17	2.52485e-18
59639.874583	-8.6994137683e-15	1	2e-17	2.52485e-18
59639.874595	-7.4223523581e-15	1	2e-17	2.52485e-18
59639.874606	-9.0466998178e-15	1	2e-17	2.52485e-18
59639.874618	-9.5189986129e-15	1	2e-17	2.52485e-18
59639.874630	-9.5687872095e-15	1	2e-17	2.52485e-18
59639.874641	-9.1132672901e-15	1	2e-17	2.52485e-18
59639.874653	-6.1465996138e-15	1	2e-17	2.52485e-18
59639.874664	-8.7188294575e-15	1	2e-17	2.52485e-18
59639.874676	-9.5093568369e-15	1	2e-17	2.52485e-18
59639.874687	-8.2068115934e-15	1	2e-17	2.52485e-18
59639.874699	-7.7471124134e-15	1	2e-17	2.52485e-18
59639.874711	-6.2941696939e-15	1	2e-17	2.52485e-18
59639.874722	-9.3575626035e-15	1	2e-17	2.52485e-18
59639.874734	-9.5236157895e-15	1	2e-17	2.52485e-18
59639.874745	-1.0316112520e-14	1	2e-17	2.52485e-18
59639.874757	-7.6739440133e-15	1	2e-17	2.52485e-18
59639.874769	-9.6212744531e-15	1	2e-17	2.52485e-18
59639.874780	-8.9401845776e-15	1	2e-17	2.52485e-18
59639.874792	-7.1135978374e-15	1	2e-17	2.52485e-18
59639.874803	-8.0102228697e-15	1	2e-17	2.52485e-18
59639.874815	-8.9571684352e-15	1	2e-17	2.52485e-18
59639.874826	-7.6116176350e-15	1	2e-17	2.52485e-18
59639.874838	-7.2536843814e-15	1	2e-17	2.52485e-18
59639.874850	-6.6546559048e-15	1	2e-17	2.52485e-18
59639.874861	-9.7976631352e-15	1	2e-17	2.52485e-18
59639.874873	-7.6513121400e-15	1	2e-17	2.52485e-18
59639.874884	-6.9043950990e-15	1	2e-17	2.52485e-18
59639.874896	-8.5273686712e-15	1	2e-17	2.52485e-18
59639.874907	-8.5002415940e-15	1	2e-17	2.52485e-18
59639.874919	-6.9819807759e-15	1	2e-17	2.52485e-18
59639.874931	-5.6304660167e-15	1	2e-17	2.52485e-18
59639.874942	-7.6632976562e-15	1	2e-17	2.52485e-18
59639.874954	-8.0654180776e-15	1	2e-17	2.52485e-18
59639.874965	-7.1523834761e-15	1	2e-17	2.52485e-18
59639.874977	-1.0065112094e-14	1	2e-17	2.52485e-18
59639.874988	-8.4826563430e-15	1	2e-17	2.52485e-18
59639.877083	-7.3515175338e-15	1	2e-17	2.52485e-18
59639.877095	-7.7645316459e-15	1	2e-17	2.52485e-18
59639.877106	-6.3014389307e-15	1	2e-17	2.52485e-18
59639.877118	-7.5645005803e-15	1	2e-17	2.52485e-18
59639.877130	-8.9301260614e-15	1	2e-17	2.52485e-18
59639.877141	-8.6999567164e-15	1	2e-17	2.52485e-18
59639.877153	-8.5368283352e-15	1	2e-17	2.52485e-18
59639.877164	-8.8797809641e-15	1	2e-17	2.52485e-18
59639.877176	-1.1673174498e-14	1	2e-17	2.52485e-18
59639.877187	-9.5941448349e-15	1	2e-17	2.52485e-18
59639.877199	-6.7147240933e-15	1	2e-17	2.52485e-18
59639.877211	-6.4628630816e-15	1	2e-17	2.52485e-18
59639.877222	-8.8453482277e-15	1	2e-17	2.52485e-18
59639.877234	-1.0894091381e-14	1	2e-17	2.52485e-18
59639.877245	-1.1605865872e-14	1	2e-17	2.52485e-18
59639.877257	-1.1192042844e-14	1	2e-17	2.52485e-18
59639.877269	-1.2633825904e-14	1	2e-17	2.52485e-18
59639.877280	-1.1441692252e-14	1	2e-17	2.52485e-18
59639.877292	-1.2227678688e-14	1	2e-17	2.52485e-18
59639.877303	-9.0564127446e-15	1	2e-17	2.52485e-18
59639.877315	-8.2259096453e-15	1	2e-17	2.52485e-18
59639.877326	-8.8849190659e-15	1	2e-17	2.52485e-18
59639.877338	-1.0854776347e-14	1	2e-17	2.52485e-18
59639.877350	-9.1292092972e-15	1	2e-17	2.52485e-18
59639.877361	-1.2310986073e-14	1	2e-17	2.52485e-18
59639.877373	-7.4080620653e-15	1	2e-17	2.52485e-18
59639.877384	-7.2756386284e-15	1	2e-17	2.52485e-18
59639.877396	-7.9252112549e-15	1	2e-17	2.52485e-18
59639.877407	-7.8606707325e-15	1	2e-17	2.52485e-18
59639.877419	-9.7605097290e-15	1	2e-17	2.52485e-18
59639.877431	-8.2620516941e-15	1	2e-17	2.52485e-18
59639.877442	-9.5077423921e-15	1	2e-17	2.52485e-18
59639.877454	-1.0279523238e-14	1	2e-17	2.52485e-18
59639.877465	-9.7439510819e-15	1	2e-17	2.52485e-18
59639.877477	-9.3665047303e-15	1	2e-17	2.52485e-18
59639.877488	-8.6306202934e-15	1	2e-17	2.52485e-18
59639.877500	-8.8576234292e-15	1	2e-17	2.52485e-18
59639.877512	-7.0139469523e-15	1	2e-17	2.52485e-18
59639.877523	-7.8425916613e-15	1	2e-17	2.52485e-18
59639.877535	-9.3337940119e-15	1	2e-17	2.52485e-18
59639.877546	-7.7871414964e-15	1	2e-17	2.52485e-18
59639.877558	-8.4929223823e-15	1	2e-17	2.52485e-18
59639.877569	-9.1751337295e-15	1	2e-17	2.52485e-18
59639.877581	-8.5958724608e-15	1	2e-17	2.52485e-18
59639.877593	-7.7849341285e-15	1	2e-17	2.52485e-18
59639.877604	-9.5063015890e-15	1	2e-17	2.52485e-18
59639.877616	-8.1130001534e-15	1	2e-17	2.52485e-18
59639.877627	-9.2537781975e-15	1	2e-17	2.52485e-18
59639.877639	-1.0088868827e-14	1	2e-17	2.52485e-18
59639.877650	-9.6585845604e-15	1	2e-17	2.52485e-18
59639.877662	-1.1634436294e-14	1	2e-17	2.52485e-18
59639.877674	-1.1242520925e-14	1	2e-17	2.52485e-18
59639.877685	-9.4125223363e-15	1	2e-17	2.52485e-18
59639.877697	-8.3912411592e-15	1	2e-17	2.52485e-18
59639.877708	-8.4359492522e-15	1	2e-17	2.52485e-18
59639.877720	-7.9622198185e-15	1	2e-17	2.52485e-18
59639.877731	-8.1876618726e-15	1	2e-17	2.52485e-18
59639.877743	-1.0710447015e-14	1	2e-17	2.52485e-18
59639.877755	-1.2427187134e-14	1	2e-17	2.52485e-18
59639.877766	-8.6169347821e-15	1	2e-17	2.52485e-18
59639.877778	-7.3686072706e-15	1	2e-17	2.52485e-18
59639.877789	-7.3453545221e-15	1	2e-17	2.52485e-18
59639.877801	-9.8062850835e-15	1	2e-17	2.52485e-18
59639.877812	-8.5320171880e-15	1	2e-17	2.52485e-18
59639.877824	-7.9048460418e-15	1	2e-17	2.52485e-18
59639.877836	-9.7155432909e-15	1	2e-17	2.52485e-18
59639.877847	-1.0074662391e-14	1	2e-17	2.52485e-18
59639.877859	-9.3593464549e-15	1	2e-17	2.52485e-18
59639.877870	-5.0272481151e-15	1	2e-17	2.52485e-18
59639.877882	-8.5876130426e-15	1	2e-17	2.52485e-18
59639.877894	-7.3539976463e-15	1	2e-17	2.52485e-18
59639.877905	-6.8273540643e-15	1	2e-17	2.52485e-18
59639.877917	-7.9359677263e-15	1	2e-17	2.52485e-18
59639.877928	-7.3141794745e-15	1	2e-17	2.52485e-18
59639.877940	-8.1789645382e-15	1	2e-17	2.52485e-18
59639.877951	-8.5720013783e-15	1	2e-17	2.52485e-18
59639.877963	-1.0702420531e-14	1	2e-17	2.52485e-18
59639.877975	-9.2784022924e-15	1	2e-17	2.52485e-18
59639.877986	-7.3721436331e-15	1	2e-17	2.52485e-18
59639.877998	-6.8616665220e-15	1	2e-17	2.52485e-18
59639.878009	-8.5519292386e-15	1	2e-17	2.52485e-18
59639.878021	-5.5318603702e-15	1	2e-17	2.52485e-18
59639.878032	-5.9034274661e-15	1	2e-17	2.52485e-18
59639.878044	-6.7599166892e-15	1	2e-17	2.52485e-18
59639.878056	-7.7304749922e-15	1	2e-17	2.52485e-18
59639.878067	-8.5954336978e-15	1	2e-17	2.52485e-18
59639.878079	-8.8927126161e-15	1	2e-17	2.52485e-18
59639.878090	-9.2432699068e-15	1	2e-17	2.52485e-18
59639.878102	-9.9717360291e-15	1	2e-17	2.52485e-18
59639.878113	-9.5732095685e-15	1	2e-17	2.52485e-18
59639.878125	-9.8633657868e-15	1	2e-17	2.52485e-18
59639.878137	-9.7331090602e-15	1	2e-17	2.52485e-18
59639.878148	-9.6721887566e-15	1	2e-17	2.52485e-18
59639.878160	-9.5945480226e-15	1	2e-17	2.52485e-18
59639.878171	-9.3489626780e-15	1	2e-17	2.52485e-18
59639.878183	-1.0146217193e-14	1	2e-17	2.52485e-18
59639.878194	-7.6037029592e-15	1	2e-17	2.52485e-18
59639.878206	-9.4950013225e-15	1	2e-17	2.52485e-18
59639.878218	-8.3514534806e-15	1	2e-17	2.52485e-18
59639.878229	-1.0594539026e-14	1	2e-17	2.52485e-18
59639.878241	-1.0719954960e-14	1	2e-17	2.52485e-18
59639.878252	-8.1304109156e-15	1	2e-17	2.52485e-18
59639.878264	-7.6910574670e-15	1	2e-17	2.52485e-18
59639.878275	-9.1626916625e-15	1	2e-17	2.52485e-18
59639.878287	-8.4624715479e-15	1	2e-17	2.52485e-18
59639.878299	-7.6102208777e-15	1	2e-17	2.52485e-18
59639.878310	-7.5100329736e-15	1	2e-17	2.52485e-18
59639.878322	-6.2432138859e-15	1	2e-17	2.52485e-18
59639.878333	-5.7013364163e-15	1	2e-17	2.52485e-18
59639.878345	-8.6103880644e-15	1	2e-17	2.52485e-18
59639.878356	-1.1077512131e-14	1	2e-17	2.52485e-18
59639.878368	-7.0457089937e-15	1	2e-17	2.52485e-18
59639.878380	-8.5984457469e-15	1	2e-17	2.52485e-18
59639.878391	-5.6001727303e-15	1	2e-17	2.52485e-18
59639.878403	-9.0243245954e-15	1	2e-17	2.52485e-18
59639.878414	-1.0375237961e-14	1	2e-17	2.52485e-18
59639.878426	-9.1603106529e-15	1	2e-17	2.52485e-18
59639.878437	-7.5036353338e-15	1	2e-17	2.52485e-18
59639.878449	-8.2335312477e-15	1	2e-17	2.52485e-18
59639.878461	-9.6608503735e-15	1	2e-17	2.52485e-18
59639.878472	-8.8588533211e-15	1	2e-17	2.52485e-18
59639.878484	-7.4603841374e-15	1	2e-17	2.52485e-18
59639.878495	-1.0224079003e-14	1	2e-17	2.52485e-18
59639.878507	-1.0198233486e-14	1	2e-17	2.52485e-18
59639.878519	-1.0072857363e-14	1	2e-17	2.52485e-18
59639.878530	-9.8854902874e-15	1	2e-17	2.52485e-18
59639.878542	-1.1590161881e-14	1	2e-17	2.52485e-18
59639.878553	-9.1303375450e-15	1	2e-17	2.52485e-18
59639.878565	-8.4767542174e-15	1	2e-17	2.52485e-18
59639.878576	-8.0647133462e-15	1	2e-17	2.52485e-18
59639.878588	-7.5377123163e-15	1	2e-17	2.52485e-18
59639.878600	-8.5619538735e-15	1	2e-17	2.52485e-18
59639.878611	-1.0333037086e-14	1	2e-17	2.52485e-18
59639.878623	-1.0081452207e-14	1	2e-17	2.52485e-18
59639.878634	-8.7159622510e-15	1	2e-17	2.52485e-18
59639.878646	-8.2403473219e-15	1	2e-17	2.52485e-18
59639.878657	-9.7538207098e-15	1	2e-17	2.52485e-18
59639.878669	-8.6581302295e-15	1	2e-17	2.52485e-18
59639.878681	-8.4061345395e-15	1	2e-17	2.52485e-18
59639.878692	-9.5302827858e-15	1	2e-17	2.52485e-18
59639.878704	-9.5755600850e-15	1	2e-17	2.52485e-18
59639.878715	-8.3028736000e-15	1	2e-17	2.52485e-18
59639.878727	-6.6893241163e-15	1	2e-17	2.52485e-18
59639.878738	-8.7101914155e-15	1	2e-17	2.52485e-18
59639.878750	-7.8889302927e-15	1	2e-17	2.52485e-18
59639.878762	-9.5706743989e-15	1	2e-17	2.52485e-18
59639.878773	-8.3812292298e-15	1	2e-17	2.52485e-18
59639.878785	-8.6395573380e-15	1	2e-17	2.52485e-18
59639.878796	-1.0100419816e-14	1	2e-17	2.52485e-18
59639.878808	-9.6427255625e-15	1	2e-17	2.52485e-18
59639.878819	-1.0045689629e-14	1	2e-17	2.52485e-18
59639.878831	-1.0580789988e-14	1	2e-17	2.52485e-18
59639.878843	-8.7811143312e-15	1	2e-17	2.52485e-18
59639.878854	-1.0273307710e-14	1	2e-17	2.52485e-18
59639.878866	-9.0208466782e-15	1	2e-17	2.52485e-18
59639.878877	-9.6680916582e-15	1	2e-17	2.52485e-18
59639.878889	-9.3363927090e-15	1	2e-17	2.52485e-18
59639.878900	-7.4772790566e-15	1	2e-17	2.52485e-18
59639.878912	-7.6073850114e-15	1	2e-17	2.52485e-18
59639.878924	-9.6338495043e-15	1	2e-17	2.52485e-18
59639.878935	-1.0016976906e-14	1	2e-17	2.52485e-18
59639.878947	-7.3131410121e-15	1	2e-17	2.52485e-18
59639.878958	-8.8167854297e-15	1	2e-17	2.52485e-18
59639.878970	-7.9201671737e-15	1	2e-17	2.52485e-18
59639.878981	-7.3664320900e-15	1	2e-17	2.52485e-18
59639.878993	-8.8979074692e-15	1	2e-17	2.52485e-18
59639.879005	-7.7000597332e-15	1	2e-17	2.52485e-18
59639.879016	-1.0077903986e-14	1	2e-17	2.52485e-18
59639.879028	-8.4370512421e-15	1	2e-17	2.52485e-18
59639.879039	-8.5602022093e-15	1	2e-17	2.52485e-18
59639.879051	-9.0545933178e-15	1	2e-17	2.52485e-18
59639.879062	-8.5388696846e-15	1	2e-17	2.52485e-18
59639.879074	-9.5067733864e-15	1	2e-17	2.52485e-18
59639.879086	-1.0890447445e-14	1	2e-17	2.52485e-18
59639.879097	-1.0424873245e-14	1	2e-17	2.52485e-18
59639.879109	-7.4098611632e-15	1	2e-17	2.52485e-18
59639.879120	-7.9996806976e-15	1	2e-17	2.52485e-18
59639.879132	-9.5106604206e-15	1	2e-17	2.52485e-18
59639.879144	-6.1013587371e-15	1	2e-17	2.52485e-18
59639.879155	-7.9923521685e-15	1	2e-17	2.52485e-18
59639.879167	-8.0829474244e-15	1	2e-17	2.52485e-18
59639.879178	-9.5954221606e-15	1	2e-17	2.52485e-18
59639.879190	-7.8497177495e-15	1	2e-17	2.52485e-18
59639.879201	-9.9184373280e-15	1	2e-17	2.52485e-18
59639.879213	-9.8049179724e-15	1	2e-17	2.52485e-18
59639.879225	-8.2899444891e-15	1	2e-17	2.52485e-18
59639.879236	-8.9044245406e-15	1	2e-17	2.52485e-18
59639.879248	-1.0258978454e-14	1	2e-17	2.52485e-18
59639.879259	-9.8379014353e-15	1	2e-17	2.52485e-18
59639.879271	-1.0724894009e-14	1	2e-17	2.52485e-18
59639.879282	-8.4955092210e-15	1	2e-17	2.52485e-18
59639.879294	-8.8456785706e-15	1	2e-17	2.52485e-18
59639.879306	-8.2471464553e-15	1	2e-17	2.52485e-18
59639.879317	-9.8000864964e-15	1	2e-17	2.52485e-18
59639.879329	-8.2050802581e-15	1	2e-17	2.52485e-18
59639.879340	-7.4893120067e-15	1	2e-17	2.52485e-18
59639.879352	-9.6456291915e-15	1	2e-17	2.52485e-18
59639.879363	-9.5379111645e-15	1	2e-17	2.52485e-18
59639.879375	-8.6628659907e-15	1	2e-17	2.52485e-18
59639.879387	-7.6100218249e-15	1	2e-17	2.52485e-18
59639.879398	-7.0398602312e-15	1	2e-17	2.52485e-18
59639.879410	-9.0348786260e-15	1	2e-17	2.52485e-18
59639.879421	-6.6194134050e-15	1	2e-17	2.52485e-18
59639.879433	-8.3061287476e-15	1	2e-17	2.52485e-18
59639.879444	-8.1795972719e-15	1	2e-17	2.52485e-18
59639.879456	-9.8692696065e-15	1	2e-17	2.52485e-18
59639.879468	-9.2993663578e-15	1	2e-17	2.52485e-18
59639.879479	-6.0825207243e-15	1	2e-17	2.52485e-18
59639.879491	-6.4078889493e-15	1	2e-17	2.52485e-18
59639.879502	-8.8895667357e-15	1	2e-17	2.52485e-18
59639.879514	-7.9432810088e-15	1	2e-17	2.52485e-18
59639.879525	-8.3225637279e-15	1	2e-17	2.52485e-18
59639.879537	-1.2551352000e-14	1	2e-17	2.52485e-18
59639.879549	-1.1332494459e-14	1	2e-17	2.52485e-18
59639.879560	-9.3132111113e-15	1	2e-17	2.52485e-18
59639.879572	-1.3436667448e-14	1	2e-17	2.52485e-18
59639.879583	-1.6397471963e-14	1	2e-17	2.52485e-18
59639.879595	-1.2301101198e-14	1	2e-17	2.52485e-18
59639.879606	-1.0397255736e-14	1	2e-17	2.52485e-18
59639.879618	-8.8725845722e-15	1	2e-17	2.52485e-18
59639.879630	-1.0916226893e-14	1	2e-17	2.52485e-18
59639.879641	-9.9937834497e-15	1	2e-17	2.52485e-18
59639.879653	-9.3446682209e-15	1	2e-17	2.52485e-18
59639.879664	-7.3259024105e-15	1	2e-17	2.52485e-18
59639.879676	-9.2663092030e-15	1	2e-17	2.52485e-18
59639.879687	-8.6315757466e-15	1	2e-17	2.52485e-18
59639.879699	-9.1061124028e-15	1	2e-17	2.52485e-18
59639.879711	-7.0961387943e-15	1	2e-17	2.52485e-18
59639.879722	-7.3331343778e-15	1	2e-17	2.52485e-18
59639.879734	-7.2449362251e-15	1	2e-17	2.52485e-18
59639.879745	-8.3522818788e-15	1	2e-17	2.52485e-18
59639.879757	-8.7056038851e-15	1	2e-17	2.52485e-18
59639.879769	-9.2672841379e-15	1	2e-17	2.52485e-18
59639.879780	-8.5519893779e-15	1	2e-17	2.52485e-18
59639.879792	-8.3107764174e-15	1	2e-17	2.52485e-18
59639.879803	-9.2444574470e-15	1	2e-17	2.52485e-18
59639.879815	-1.0074830103e-14	1	2e-17	2.52485e-18
59639.879826	-9.6668456727e-15	1	2e-17	2.52485e-18
59639.879838	-5.8859320006e-15	1	2e-17	2.52485e-18
59639.879850	-5.9875319085e-15	1	2e-17	2.52485e-18
59639.879861	-8.1775593106e-15	1	2e-17	2.52485e-18
59639.879873	-9.0518302963e-15	1	2e-17	2.52485e-18
59639.879884	-8.8845531477e-15	1	2e-17	2.52485e-18
59639.879896	-8.7661769052e-15	1	2e-17	2.52485e-18
59639.879907	-9.1518496408e-15	1	2e-17	2.52485e-18
59639.879919	-8.3728105693e-15	1	2e-17	2.52485e-18
59639.879931	-9.7709375516e-15	1	2e-17	2.52485e-18
59639.879942	-8.6391600796e-15	1	2e-17	2.52485e-18
59639.879954	-8.3058119573e-15	1	2e-17	2.52485e-18
59639.879965	-9.0382667577e-15	1	2e-17	2.52485e-18
59639.879977	-9.2731625465e-15	1	2e-17	2.52485e-18
59639.879988	-8.4135469249e-15	1	2e-17	2.52485e-18
59639.880000	-8.5925775027e-15	1	2e-17	2.52485e-18
59639.880012	-8.5020694911e-15	1	2e-17	2.52485e-18
59639.880023	-7.9603148414e-15	1	2e-17	2.52485e-18
59639.880035	-8.5300588479e-15	1	2e-17	2.52485e-18
59639.880046	-7.7901662511e-15	1	2e-17	2.52485e-18
59639.880058	-6.7731151566e-15	1	2e-17	2.52485e-18
59639.880069	-9.9254914183e-15	1	2e-17	2.52485e-18
59639.880081	-9.3512420436e-15	1	2e-17	2.52485e-18
59639.880093	-9.9429911190e-15	1	2e-17	2.52485e-18
59639.880104	-8.8137564399e-15	1	2e-17	2.52485e-18
59639.880116	-7.7533448818e-15	1	2e-17	2.52485e-18
59639.880127	-7.4961255397e-15	1	2e-17	2.52485e-18
59639.880139	-1.0106715811e-14	1	2e-17	2.52485e-18
59639.880150	-9.5834273270e-15	1	2e-17	2.52485e-18
59639.880162	-1.0786437729e-14	1	2e-17	2.52485e-18
59639.880174	-6.4818154438e-15	1	2e-17	2.52485e-18
59639.880185	-7.9236679609e-15	1	2e-17	2.52485e-18
59639.880197	-8.1325013930e-15	1	2e-17	2.52485e-18
59639.880208	-8.4343627595e-15	1	2e-17	2.52485e-18
59639.880220	-7.2889048584e-15	1	2e-17	2.52485e-18
59639.880231	-8.8705499990e-15	1	2e-17	2.52485e-18
59639.880243	-8.3725124137e-15	1	2e-17	2.52485e-18
59639.880255	-7.1567109674e-15	1	2e-17	2.52485e-18
59639.880266	-9.7805268116e-15	1	2e-17	2.52485e-18
59639.880278	-7.6163813483e-15	1	2e-17	2.52485e-18
59639.880289	-8.4475273456e-15	1	2e-17	2.52485e-18
59639.880301	-6.5177796157e-15	1	2e-17	2.52485e-18
59639.880312	-8.0957189872e-15	1	2e-17	2.52485e-18
59639.880324	-8.1720146329e-15	1	2e-17	2.52485e-18
59639.880336	-8.1222616117e-15	1	2e-17	2.52485e-18
59639.880347	-6.9299941287e-15	1	2e-17	2.52485e-18
59639.880359	-6.7328226463e-15	1	2e-17	2.52485e-18
59639.880370	-5.0330426675e-15	1	2e-17	2.52485e-18
59639.880382	-1.0328793451e-14	1	2e-17	2.52485e-18
59639.880394	-7.7768458109e-15	1	2e-17	2.52485e-18
59639.880405	-7.4710144009e-15	1	2e-17	2.52485e-18
59639.880440	-9.3673991971e-15	1	2e-17	2.52485e-18
59639.880451	-8.5507137463e-15	1	2e-17	2.52485e-18
59639.880463	-9.0669921861e-15	1	2e-17	2.52485e-18
59639.880475	-8.0734301623e-15	1	2e-17	2.52485e-18
59639.880486	-9.4074562322e-15	1	2e-17	2.52485e-18
59639.880498	-6.9411893632e-15	1	2e-17	2.52485e-18
59639.880509	-1.0532094064e-14	1	2e-17	2.52485e-18
59639.880521	-8.4077371259e-15	1	2e-17	2.52485e-18
59639.880532	-8.2266355525e-15	1	2e-17	2.52485e-18
59639.880544	-1.0520084830e-14	1	2e-17	2.52485e-18
59639.880556	-8.4817864402e-15	1	2e-17	2.52485e-18
59639.880567	-1.1153371555e-14	1	2e-17	2.52485e-18
59639.880579	-9.4341428522e-15	1	2e-17	2.52485e-18
59639.880590	-7.9913492815e-15	1	2e-17	2.52485e-18
59639.880602	-7.5007359400e-15	1	2e-17	2.52485e-18
59639.880613	-7.6695021726e-15	1	2e-17	2.52485e-18
59639.880625	-7.7309959175e-15	1	2e-17	2.52485e-18
59639.880637	-6.1102906995e-15	1	2e-17	2.52485e-18
59639.880648	-8.0587222822e-15	1	2e-17	2.52485e-18
59639.880660	-8.9580891601e-15	1	2e-17	2.52485e-18
59639.880671	-9.2459863415e-15	1	2e-17	2.52485e-18
59639.880683	-9.2476804074e-15	1	2e-17	2.52485e-18
59639.880694	-9.4242029206e-15	1	2e-17	2.52485e-18
59639.880729	-1.0465971284e-14	1	2e-17	2.52485e-18
59639.880741	-9.6329914599e-15	1	2e-17	2.52485e-18
59639.880752	-7.7791937863e-15	1	2e-17	2.52485e-18
59639.880764	-9.2589315460e-15	1	2e-17	2.52485e-18
59639.880775	-1.0123359162e-14	1	2e-17	2.52485e-18
59639.880787	-9.9486509932e-15	1	2e-17	2.52485e-18
59639.880799	-9.9015009042e-15	1	2e-17	2.52485e-18
59639.880810	-9.3011434329e-15	1	2e-17	2.52485e-18
59639.880822	-1.0391288389e-14	1	2e-17	2.52485e-18
59639.880833	-1.1037094260e-14	1	2e-17	2.52485e-18
59639.880845	-1.2313572911e-14	1	2e-17	2.52485e-18
59639.880856	-1.1129268385e-14	1	2e-17	2.52485e-18
59639.880868	-9.0110795412e-15	1	2e-17	2.52485e-18
59639.880880	-1.1457900228e-14	1	2e-17	2.52485e-18
59639.880891	-8.8979981017e-15	1	2e-17	2.52485e-18
59639.880903	-9.4927888724e-15	1	2e-17	2.52485e-18
59639.880914	-6.6492831748e-15	1	2e-17	2.52485e-18
59639.880926	-7.8042507149e-15	1	2e-17	2.52485e-18
59639.880937	-7.7606014131e-15	1	2e-17	2.52485e-18
59639.880949	-7.5419034353e-15	1	2e-17	2.52485e-18
59639.880961	-8.0277649220e-15	1	2e-17	2.52485e-18
59639.880972	-8.1750859744e-15	1	2e-17	2.52485e-18
59639.880984	-8.3110949018e-15	1	2e-17	2.52485e-18
59639.880995	-6.5366701445e-15	1	2e-17	2.52485e-18
59639.881007	-7.5337100856e-15	1	2e-17	2.52485e-18
59639.881019	-7.4763651081e-15	1	2e-17	2.52485e-18
59639.881030	-6.3718934371e-15	1	2e-17	2.52485e-18
59639.881042	-7.2297353718e-15	1	2e-17	2.52485e-18
59639.881053	-8.1814319452e-15	1	2e-17	2.52485e-18
59639.881065	-7.3768675359e-15	1	2e-17	2.52485e-18
59639.881076	-9.0088620090e-15	1	2e-17	2.52485e-18
59639.881088	-8.5333309361e-15	1	2e-17	2.52485e-18
59639.881100	-9.3732259367e-15	1	2e-17	2.52485e-18
59639.881111	-7.5194900965e-15	1	2e-17	2.52485e-18
59639.881123	-7.5158427726e-15	1	2e-17	2.52485e-18
59639.881134	-8.8020182573e-15	1	2e-17	2.52485e-18
59639.881146	-8.2353777796e-15	1	2e-17	2.52485e-18
59639.881157	-8.6027850967e-15	1	2e-17	2.52485e-18
59639.881169	-7.8181861010e-15	1	2e-17	2.52485e-18
59639.881181	-7.6287463353e-15	1	2e-17	2.52485e-18
59639.881192	-8.6145724072e-15	1	2e-17	2.52485e-18
59639.881204	-9.0799628016e-15	1	2e-17	2.52485e-18
59639.881215	-7.2339061621e-15	1	2e-17	2.52485e-18
59639.881227	-4.4779048972e-15	1	2e-17	2.52485e-18
59639.881238	-6.5680518682e-15	1	2e-17	2.52485e-18
59639.881250	-6.2020506257e-15	1	2e-17	2.52485e-18
59639.881262	-1.0323109860e-14	1	2e-17	2.52485e-18
59639.881273	-9.9538077298e-15	1	2e-17	2.52485e-18
59639.881285	-8.7129485078e-15	1	2e-17	2.52485e-18
59639.881296	-8.5621588555e-15	1	2e-17	2.52485e-18
59639.881308	-7.8024118064e-15	1	2e-17	2.52485e-18
59639.881319	-8.3515602067e-15	1	2e-17	2.52485e-18
59639.881331	-9.1377567066e-15	1	2e-17	2.52485e-18
59639.881343	-7.3090735599e-15	1	2e-17	2.52485e-18
59639.881354	-7.2738920464e-15	1	2e-17	2.52485e-18
59639.881366	-1.0138155133e-14	1	2e-17	2.52485e-18
59639.881377	-8.6878763325e-15	1	2e-17	2.52485e-18
59639.881389	-6.0727984802e-15	1	2e-17	2.52485e-18
59639.881400	-7.8578399484e-15	1	2e-17	2.52485e-18
59639.881412	-9.3456855075e-15	1	2e-17	2.52485e-18
59639.881424	-9.7240263259e-15	1	2e-17	2.52485e-18
59639.881435	-1.0058362089e-14	1	2e-17	2.52485e-18
59639.881447	-8.5420731632e-15	1	2e-17	2.52485e-18
59639.881458	-7.4044926684e-15	1	2e-17	2.52485e-18
59639.881470	-8.3909099693e-15	1	2e-17	2.52485e-18
59639.881481	-1.0293345969e-14	1	2e-17	2.52485e-18
59639.881493	-9.4531655182e-15	1	2e-17	2.52485e-18
59639.881505	-8.5188670015e-15	1	2e-17	2.52485e-18
59639.881516	-1.0052679345e-14	1	2e-17	2.52485e-18
59639.881528	-8.8413612437e-15	1	2e-17	2.52485e-18
59639.881539	-8.7746997507e-15	1	2e-17	2.52485e-18
59639.881551	-7.5756305932e-15	1	2e-17	2.52485e-18
59639.881562	-7.6356428775e-15	1	2e-17	2.52485e-18
59639.881574	-7.2485860901e-15	1	2e-17	2.52485e-18
59639.881586	-6.1704817078e-15	1	2e-17	2.52485e-18
59639.881597	-9.1063656656e-15	1	2e-17	2.52485e-18
59639.881609	-7.2462974071e-15	1	2e-17	2.52485e-18
59639.881620	-8.1426192015e-15	1	2e-17	2.52485e-18
59639.881632	-7.9670512944e-15	1	2e-17	2.52485e-18
59639.881644	-6.8729422246e-15	1	2e-17	2.52485e-18
59639.881655	-7.7435235348e-15	1	2e-17	2.52485e-18
59639.881667	-7.8565939629e-15	1	2e-17	2.52485e-18
59639.881678	-8.4470640186e-15	1	2e-17	2.52485e-18
59639.881690	-7.7038756166e-15	1	2e-17	2.52485e-18
59639.881701	-7.9426525104e-15	1	2e-17	2.52485e-18
59639.881713	-9.3312681597e-15	1	2e-17	2.52485e-18
59639.881725	-8.3114633611e-15	1	2e-17	2.52485e-18
59639.881736	-1.0289207366e-14	1	2e-17	2.52485e-18
59639.881748	-7.7216378975e-15	1	2e-17	2.52485e-18
59639.881759	-8.1614682257e-15	1	2e-17	2.52485e-18
59639.881771	-8.1503119547e-15	1	2e-17	2.52485e-18
59639.881782	-8.4242898437e-15	1	2e-17	2.52485e-18
59639.881794	-9.5230160902e-15	1	2e-17	2.52485e-18
59639.881806	-8.3227864975e-15	1	2e-17	2.52485e-18
59639.881817	-8.5037084999e-15	1	2e-17	2.52485e-18
59639.881829	-8.6056988900e-15	1	2e-17	2.52485e-18
59639.881840	-9.5867155089e-15	1	2e-17	2.52485e-18
59639.881852	-1.0197140814e-14	1	2e-17	2.52485e-18
59639.881863	-8.7040775317e-15	1	2e-17	2.52485e-18
59639.881875	-9.7420198468e-15	1	2e-17	2.52485e-18
59639.881887	-7.7544731297e-15	1	2e-17	2.52485e-18
59639.881898	-8.2805034598e-15	1	2e-17	2.52485e-18
59639.881910	-9.7248640415e-15	1	2e-17	2.52485e-18
59639.881921	-8.1353813050e-15	1	2e-17	2.52485e-18
59639.881933	-8.5022837905e-15	1	2e-17	2.52485e-18
59639.881944	-9.0785457155e-15	1	2e-17	2.52485e-18
59639.881956	-9.1160336997e-15	1	2e-17	2.52485e-18
59639.881968	-9.3217441212e-15	1	2e-17	2.52485e-18
59639.881979	-8.4488902216e-15	1	2e-17	2.52485e-18
59639.881991	-1.0345851847e-14	1	2e-17	2.52485e-18
59639.882002	-8.8997717887e-15	1	2e-17	2.52485e-18
59639.882014	-9.9879423105e-15	1	2e-17	2.52485e-18
59639.882025	-1.0490676693e-14	1	2e-17	2.52485e-18
59639.882037	-1.1378369763e-14	1	2e-17	2.52485e-18
59639.882049	-1.2086534200e-14	1	2e-17	2.52485e-18
59639.882060	-8.1211858798e-15	1	2e-17	2.52485e-18
59639.882072	-9.7942597568e-15	1	2e-17	2.52485e-18
59639.882083	-9.7785854121e-15	1	2e-17	2.52485e-18
59639.882095	-1.1056907207e-14	1	2e-17	2.52485e-18
59639.882106	-8.7103608221e-15	1	2e-17	2.52485e-18
59639.882118	-7.2547804420e-15	1	2e-17	2.52485e-18
59639.882130	-7.8988981764e-15	1	2e-17	2.52485e-18
59639.882141	-9.5119030179e-15	1	2e-17	2.52485e-18
59639.882153	-7.8793486560e-15	1	2e-17	2.52485e-18
59639.882164	-7.9891580073e-15	1	2e-17	2.52485e-18
59639.882176	-7.6442123099e-15	1	2e-17	2.52485e-18
59639.882187	-8.9910395887e-15	1	2e-17	2.52485e-18
59639.882199	-7.6517314213e-15	1	2e-17	2.52485e-18
59639.882211	-1.1098268673e-14	1	2e-17	2.52485e-18
59639.882222	-8.3242925221e-15	1	2e-17	2.52485e-18
59639.882234	-8.6983160136e-15	1	2e-17	2.52485e-18
59639.882245	-9.3642533167e-15	1	2e-17	2.52485e-18
59639.882257	-8.1394580746e-15	1	2e-17	2.52485e-18
59639.882269	-1.0838615805e-14	1	2e-17	2.52485e-18
59639.882280	-7.9320298702e-15	1	2e-17	2.52485e-18
59639.882292	-8.6973825833e-15	1	2e-17	2.52485e-18
59639.882303	-6.8807561035e-15	1	2e-17	2.52485e-18
59639.882315	-7.1311314194e-15	1	2e-17	2.52485e-18
59639.882326	-8.6725560476e-15	1	2e-17	2.52485e-18
59639.882338	-7.6296628249e-15	1	2e-17	2.52485e-18
59639.882350	-9.8060733253e-15	1	2e-17	2.52485e-18
59639.882361	-9.8138372293e-15	1	2e-17	2.52485e-18
59639.882373	-1.0169165010e-14	1	2e-17	2.52485e-18
59639.882384	-9.0355401587e-15	1	2e-17	2.52485e-18
59639.882396	-6.3916013527e-15	1	2e-17	2.52485e-18
59639.882407	-9.1901677173e-15	1	2e-17	2.52485e-18
59639.882419	-9.4358436944e-15	1	2e-17	2.52485e-18
59639.882431	-1.0333005746e-14	1	2e-17	2.52485e-18
59639.882442	-9.3469628332e-15	1	2e-17	2.52485e-18
59639.882454	-1.0087180691e-14	1	2e-17	2.52485e-18
59639.882465	-9.8148926324e-15	1	2e-17	2.52485e-18
59639.882477	-8.6438153727e-15	1	2e-17	2.52485e-18
59639.882488	-7.8887524158e-15	1	2e-17	2.52485e-18
59639.882500	-9.2804995459e-15	1	2e-17	2.52485e-18
59639.882512	-8.8307733318e-15	1	2e-17	2.52485e-18
59639.882523	-9.6827631159e-15	1	2e-17	2.52485e-18
59639.882535	-8.9549500560e-15	1	2e-17	2.52485e-18
59639.882546	-9.8972852212e-15	1	2e-17	2.52485e-18
59639.882558	-9.5056968075e-15	1	2e-17	2.52485e-18
59639.882569	-7.4274447202e-15	1	2e-17	2.52485e-18
59639.882581	-7.1580721493e-15	1	2e-17	2.52485e-18
59639.882593	-8.5951177545e-15	1	2e-17	2.52485e-18
59639.882604	-9.2390948814e-15	1	2e-17	2.52485e-18
59639.882616	-6.6838539776e-15	1	2e-17	2.52485e-18
59639.882627	-1.0078075086e-14	1	2e-17	2.52485e-18
59639.882639	-1.0138064501e-14	1	2e-17	2.52485e-18
59639.882650	-8.0701318160e-15	1	2e-17	2.52485e-18
59639.882662	-8.5372933563e-15	1	2e-17	2.52485e-18
59639.882674	-1.0503288167e-14	1	2e-17	2.52485e-18
59639.882685	-1.1606099653e-14	1	2e-17	2.52485e-18
59639.882697	-1.3309548979e-14	1	2e-17	2.52485e-18
59639.882708	-1.2421320584e-14	1	2e-17	2.52485e-18
59639.882720	-9.4728531050e-15	1	2e-17	2.52485e-18
59639.882731	-8.8422997562e-15	1	2e-17	2.52485e-18
59639.882743	-8.8993542014e-15	1	2e-17	2.52485e-18
59639.882755	-6.4961362299e-15	1	2e-17	2.52485e-18
59639.882766	-7.1665001272e-15	1	2e-17	2.52485e-18
59639.882778	-7.5319135287e-15	1	2e-17	2.52485e-18
59639.882789	-8.5717184693e-15	1	2e-17	2.52485e-18
59639.882801	-9.7497481754e-15	1	2e-17	2.52485e-18
59639.882812	-9.3180857859e-15	1	2e-17	2.52485e-18
59639.882824	-1.0263881081e-14	1	2e-17	2.52485e-18
59639.882836	-7.8704632804e-15	1	2e-17	2.52485e-18
59639.882847	-1.0559853027e-14	1	2e-17	2.52485e-18
59639.882859	-8.6295276209e-15	1	2e-17	2.52485e-18
59639.882870	-9.1510703705e-15	1	2e-17	2.52485e-18
59639.882882	-1.1124505519e-14	1	2e-17	2.52485e-18
59639.882894	-8.7853384845e-15	1	2e-17	2.52485e-18
59639.882905	-7.1485565812e-15	1	2e-17	2.52485e-18
59639.882917	-8.5645017486e-15	1	2e-17	2.52485e-18
59639.882928	-8.7982557370e-15	1	2e-17	2.52485e-18
59639.882940	-9.3148272502e-15	1	2e-17	2.52485e-18
59639.882951	-8.2362138011e-15	1	2e-17	2.52485e-18
59639.882963	-1.0029219920e-14	1	2e-17	2.52485e-18
59639.882975	-9.5289808962e-15	1	2e-17	2.52485e-18
59639.882986	-9.4868410070e-15	1	2e-17	2.52485e-18
59639.882998	-8.8381509888e-15	1	2e-17	2.52485e-18
59639.883009	-7.5138674918e-15	1	2e-17	2.52485e-18
59639.883021	-1.1818070495e-14	1	2e-17	2.52485e-18
59639.883032	-1.1072377417e-14	1	2e-17	2.52485e-18
59639.883044	-1.0080987186e-14	1	2e-17	2.52485e-18
59639.883056	-8.0475998925e-15	1	2e-17	2.52485e-18
59639.883067	-9.8878069225e-15	1	2e-17	2.52485e-18
59639.883079	-1.0220654448e-14	1	2e-17	2.52485e-18
59639.883090	-7.8989295167e-15	1	2e-17	2.52485e-18
59639.883102	-1.0636695009e-14	1	2e-17	2.52485e-18
59639.883113	-1.0257130228e-14	1	2e-17	2.52485e-18
59639.883125	-9.6045319999e-15	1	2e-17	2.52485e-18
59639.883137	-9.4645411706e-15	1	2e-17	2.52485e-18
59639.883148	-1.0228524231e-14	1	2e-17	2.52485e-18
59639.883160	-9.9600647622e-15	1	2e-17	2.52485e-18
59639.883171	-6.8014890662e-15	1	2e-17	2.52485e-18
59639.883183	-6.2149204443e-15	1	2e-17	2.52485e-18
59639.883194	-8.3832595678e-15	1	2e-17	2.52485e-18
59639.883206	-8.3467050139e-15	1	2e-17	2.52485e-18
59639.883218	-8.5630380757e-15	1	2e-17	2.52485e-18
59639.883229	-8.3398211771e-15	1	2e-17	2.52485e-18
59639.883241	-8.6612202057e-15	1	2e-17	2.52485e-18
59639.883252	-8.6016178853e-15	1	2e-17	2.52485e-18
59639.883264	-8.4414668249e-15	1	2e-17	2.52485e-18
59639.883275	-7.2395067439e-15	1	2e-17	2.52485e-18
59639.883287	-8.8614537122e-15	1	2e-17	2.52485e-18
59639.883299	-9.0666482907e-15	1	2e-17	2.52485e-18
59639.883310	-7.3765956383e-15	1	2e-17	2.52485e-18
59639.883322	-8.8191334051e-15	1	2e-17	2.52485e-18
59639.883333	-9.5547298507e-15	1	2e-17	2.52485e-18
59639.883345	-9.1007727071e-15	1	2e-17	2.52485e-18
59639.883356	-9.8882617792e-15	1	2e-17	2.52485e-18
59639.883368	-9.9068660109e-15	1	2e-17	2.52485e-18
59639.883380	-8.9024983877e-15	1	2e-17	2.52485e-18
59639.883391	-7.4128638950e-15	1	2e-17	2.52485e-18
59639.883403	-9.0572216610e-15	1	2e-17	2.52485e-18
59639.883414	-8.3007492413e-15	1	2e-17	2.52485e-18
59639.883426	-9.5192095241e-15	1	2e-17	2.52485e-18
59639.883438	-1.0606520307e-14	1	2e-17	2.52485e-18
59639.883449	-8.7025469432e-15	1	2e-17	2.52485e-18
59639.883461	-8.6546963579e-15	1	2e-17	2.52485e-18
59639.883472	-9.4719713437e-15	1	2e-17	2.52485e-18
59639.883484	-1.1131578244e-14	1	2e-17	2.52485e-18
59639.883495	-1.0857552921e-14	1	2e-17	2.52485e-18
59639.883507	-8.4997901255e-15	1	2e-17	2.52485e-18
59639.883519	-7.2804048827e-15	1	2e-17	2.52485e-18
59639.883530	-7.2626307434e-15	1	2e-17	2.52485e-18
59639.883542	-9.2826755736e-15	1	2e-17	2.52485e-18
59639.883553	-9.9097510051e-15	1	2e-17	2.52485e-18
59639.883565	-8.7597436900e-15	1	2e-17	2.52485e-18
59639.883576	-1.0898597597e-14	1	2e-17	2.52485e-18
59639.883588	-9.0468090850e-15	1	2e-17	2.52485e-18
59639.883600	-8.7086811558e-15	1	2e-17	2.52485e-18
59639.883611	-8.3399321384e-15	1	2e-17	2.52485e-18
59639.883623	-7.5266305842e-15	1	2e-17	2.52485e-18
59639.883634	-8.8326096992e-15	1	2e-17	2.52485e-18
59639.883646	-8.9970043948e-15	1	2e-17	2.52485e-18
59639.883657	-9.3710304273e-15	1	2e-17	2.52485e-18
59639.883669	-6.4031252360e-15	1	2e-17	2.52485e-18
59639.883681	-8.2841982175e-15	1	2e-17	2.52485e-18
59639.883692	-1.0110723124e-14	1	2e-17	2.52485e-18
59639.883704	-1.1488948221e-14	1	2e-17	2.52485e-18
59639.883715	-1.0377595254e-14	1	2e-17	2.52485e-18
59639.883727	-8.4617812160e-15	1	2e-17	2.52485e-18
59639.883738	-7.3934346533e-15	1	2e-17	2.52485e-18
59639.883750	-9.0784771058e-15	1	2e-17	2.52485e-18
59639.883762	-7.6159663022e-15	1	2e-17	2.52485e-18
59639.883773	-9.2399495376e-15	1	2e-17	2.52485e-18
59639.883785	-9.3271431092e-15	1	2e-17	2.52485e-18
59639.883796	-9.1161192500e-15	1	2e-17	2.52485e-18
59639.883808	-9.6394873556e-15	1	2e-17	2.52485e-18
59639.883819	-7.6928150604e-15	1	2e-17	2.52485e-18
59639.883831	-8.3613722364e-15	1	2e-17	2.52485e-18
59639.883843	-5.7408750673e-15	1	2e-17	2.52485e-18
59639.883854	-8.4732915468e-15	1	2e-17	2.52485e-18
59639.883866	-8.1565511994e-15	1	2e-17	2.52485e-18
59639.883877	-1.0164491929e-14	1	2e-17	2.52485e-18
59639.883889	-1.0658171530e-14	1	2e-17	2.52485e-18
59639.883900	-7.3999822180e-15	1	2e-17	2.52485e-18
59639.883912	-6.6591417913e-15	1	2e-17	2.52485e-18
59639.883924	-6.3374945821e-15	1	2e-17	2.52485e-18
59639.883935	-8.7877855627e-15	1	2e-17	2.52485e-18
59639.883947	-9.0741292857e-15	1	2e-17	2.52485e-18
59639.883958	-7.3647151542e-15	1	2e-17	2.52485e-18
59639.883970	-7.0281322130e-15	1	2e-17	2.52485e-18
59639.883981	-6.4168547930e-15	1	2e-17	2.52485e-18
59639.883993	-8.8745869580e-15	1	2e-17	2.52485e-18
59639.884005	-9.9056242606e-15	1	2e-17	2.52485e-18
59639.884016	-8.3738346322e-15	1	2e-17	2.52485e-18
59639.884028	-1.1596625590e-14	1	2e-17	2.52485e-18
59639.884039	-8.0535909566e-15	1	2e-17	2.52485e-18
59639.884051	-1.0387682569e-14	1	2e-17	2.52485e-18
59639.884063	-9.4319236259e-15	1	2e-17	2.52485e-18
59639.884074	-9.6091864460e-15	1	2e-17	2.52485e-18
59639.884086	-8.5029376999e-15	1	2e-17	2.52485e-18
59639.884097	-7.2940378780e-15	1	2e-17	2.52485e-18
59639.884109	-8.4637158393e-15	1	2e-17	2.52485e-18
59639.884120	-7.6629766307e-15	1	2e-17	2.52485e-18
59639.884132	-7.5976195685e-15	1	2e-17	2.52485e-18
59639.884144	-9.3991612385e-15	1	2e-17	2.52485e-18
59639.884155	-8.2294485489e-15	1	2e-17	2.52485e-18
59639.884167	-9.8051703882e-15	1	2e-17	2.52485e-18
59639.884178	-7.7521996933e-15	1	2e-17	2.52485e-18
59639.884190	-7.5689212452e-15	1	2e-17	2.52485e-18
59639.884201	-7.5633172753e-15	1	2e-17	2.52485e-18
59639.884213	-7.8408467734e-15	1	2e-17	2.52485e-18
59639.884225	-7.2908327054e-15	1	2e-17	2.52485e-18
59639.884236	-6.4837170328e-15	1	2e-17	2.52485e-18
59639.884248	-7.6117133497e-15	1	2e-17	2.52485e-18
59639.884259	-8.4375992724e-15	1	2e-17	2.52485e-18
59639.884271	-7.4299028098e-15	1	2e-17	2.52485e-18
59639.884282	-1.0817927026e-14	1	2e-17	2.52485e-18
59639.884294	-8.3730248687e-15	1	2e-17	2.52485e-18
59639.884306	-9.5338013607e-15	1	2e-17	2.52485e-18
59639.884317	-7.6919519338e-15	1	2e-17	2.52485e-18
59639.884329	-8.1883276404e-15	1	2e-17	2.52485e-18
59639.884340	-6.4246991651e-15	1	2e-17	2.52485e-18
59639.884352	-8.8039071408e-15	1	2e-17	2.52485e-18
59639.884363	-9.9518722595e-15	1	2e-17	2.52485e-18
59639.884375	-8.2513265629e-15	1	2e-17	2.52485e-18
59639.884387	-9.3480817637e-15	1	2e-17	2.52485e-18
59639.884398	-6.7086051273e-15	1	2e-17	2.52485e-18
59639.884410	-9.4586636090e-15	1	2e-17	2.52485e-18
59639.884421	-1.0932965111e-14	1	2e-17	2.52485e-18
59639.884433	-1.2720734026e-14	1	2e-17	2.52485e-18
59639.884444	-9.3172302827e-15	1	2e-17	2.52485e-18
59639.884456	-7.1424088161e-15	1	2e-17	2.52485e-18
59639.884468	-8.4917848171e-15	1	2e-17	2.52485e-18
59639.884479	-8.2314602522e-15	1	2e-17	2.52485e-18
59639.884491	-1.4255373920e-14	1	2e-17	2.52485e-18
59639.884502	-9.9885072815e-15	1	2e-17	2.52485e-18
59639.884514	-8.5051467618e-15	1	2e-17	2.52485e-18
59639.884525	-7.2111946677e-15	1	2e-17	2.52485e-18
59639.884537	-8.1824365263e-15	1	2e-17	2.52485e-18
59639.884549	-9.7096733526e-15	1	2e-17	2.52485e-18
59639.884560	-1.0136312837e-14	1	2e-17	2.52485e-18
59639.884572	-8.8680936035e-15	1	2e-17	2.52485e-18
59639.884583	-8.2002513232e-15	1	2e-17	2.52485e-18
59639.884595	-9.3406998716e-15	1	2e-17	2.52485e-18
59639.884606	-8.7859051496e-15	1	2e-17	2.52485e-18
59639.884618	-1.0653167259e-14	1	2e-17	2.52485e-18
59639.884630	-7.9755521171e-15	1	2e-17	2.52485e-18
59639.884641	-1.0007264826e-14	1	2e-17	2.52485e-18
59639.884653	-1.1059011237e-14	1	2e-17	2.52485e-18
59639.884664	-6.3969596832e-15	1	2e-17	2.52485e-18
59639.884676	-7.2864281340e-15	1	2e-17	2.52485e-18
59639.884688	-7.1937618826e-15	1	2e-17	2.52485e-18
59639.884699	-9.9208327371e-15	1	2e-17	2.52485e-18
59639.884711	-9.5049683592e-15	1	2e-17	2.52485e-18
59639.884722	-8.4046047980e-15	1	2e-17	2.52485e-18
59639.884734	-9.4138199907e-15	1	2e-17	2.52485e-18
59639.884745	-8.9936730142e-15	1	2e-17	2.52485e-18
59639.884757	-7.7485447461e-15	1	2e-17	2.52485e-18
59639.884769	-7.6221242317e-15	1	2e-17	2.52485e-18
59639.884780	-8.3176763478e-15	1	2e-17	2.52485e-18
59639.884792	-8.0812465823e-15	1	2e-17	2.52485e-18
59639.884803	-7.3094454073e-15	1	2e-17	2.52485e-18
59639.884815	-7.4105828353e-15	1	2e-17	2.52485e-18
59639.884826	-9.8335256631e-15	1	2e-17	2.52485e-18
59639.884838	-9.3063831787e-15	1	2e-17	2.52485e-18
59639.884850	-7.2434928810e-15	1	2e-17	2.52485e-18
59639.884861	-6.4278746917e-15	1	2e-17	2.52485e-18
59639.884873	-8.9153639712e-15	1	2e-17	2.52485e-18
59639.884884	-7.9366351883e-15	1	2e-17	2.52485e-18
59639.884896	-8.9196584282e-15	1	2e-17	2.52485e-18
59639.884907	-8.1514884835e-15	1	2e-17	2.52485e-18
59639.884919	-5.5597565533e-15	1	2e-17	2.52485e-18
59639.884931	-8.2198838529e-15	1	2e-17	2.52485e-18
59639.884942	-6.8986479805e-15	1	2e-17	2.52485e-18
59639.884954	-8.9384989821e-15	1	2e-17	2.52485e-18
59639.884965	-1.0419005848e-14	1	2e-17	2.52485e-18
59639.884977	-1.0656992460e-14	1	2e-17	2.52485e-18
59639.884988	-1.0646691692e-14	1	2e-17	2.52485e-18
59639.885000	-7.9482183639e-15	1	2e-17	2.52485e-18
59639.885012	-1.0295441528e-14	1	2e-17	2.52485e-18
59639.885023	-8.0046942856e-15	1	2e-17	2.52485e-18
59639.885035	-6.8601156046e-15	1	2e-17	2.52485e-18
59639.885046	-7.8001138060e-15	1	2e-17	2.52485e-18
59639.885058	-8.2958305210e-15	1	2e-17	2.52485e-18
59639.885069	-1.1016711259e-14	1	2e-17	2.52485e-18
59639.885081	-8.1231679369e-15	1	2e-17	2.52485e-18
59639.885093	-7.9913052358e-15	1	2e-17	2.52485e-18
59639.885104	-1.0029418126e-14	1	2e-17	2.52485e-18
59639.885116	-8.4146650083e-15	1	2e-17	2.52485e-18
59639.885127	-7.4800039616e-15	1	2e-17	2.52485e-18
59639.885139	-8.3978098997e-15	1	2e-17	2.52485e-18
59639.885150	-8.8591828169e-15	1	2e-17	2.52485e-18
59639.885162	-5.6383586697e-15	1	2e-17	2.52485e-18
59639.885174	-7.8525705564e-15	1	2e-17	2.52485e-18
59639.885185	-9.4744539972e-15	1	2e-17	2.52485e-18
59639.885197	-7.5796082599e-15	1	2e-17	2.52485e-18
59639.885208	-8.3156256810e-15	1	2e-17	2.52485e-18
59639.885220	-7.2809808652e-15	1	2e-17	2.52485e-18
59639.885231	-7.7831519712e-15	1	2e-17	2.52485e-18
59639.885243	-1.0605302274e-14	1	2e-17	2.52485e-18
59639.885255	-8.7785207163e-15	1	2e-17	2.52485e-18
59639.885266	-9.4327079784e-15	1	2e-17	2.52485e-18
59639.885278	-9.5223833565e-15	1	2e-17	2.52485e-18
59639.885289	-9.1506104316e-15	1	2e-17	2.52485e-18
59639.885301	-8.2414798049e-15	1	2e-17	2.52485e-18
59639.885313	-8.1789992666e-15	1	2e-17	2.52485e-18
59639.885324	-8.4821582877e-15	1	2e-17	2.52485e-18
59639.885336	-7.1977615721e-15	1	2e-17	2.52485e-18
59639.885347	-7.1146591697e-15	1	2e-17	2.52485e-18
59639.885359	-8.3099776653e-15	1	2e-17	2.52485e-18
59639.885370	-1.0107925375e-14	1	2e-17	2.52485e-18
59639.885382	-8.2822830761e-15	1	2e-17	2.52485e-18
59639.885394	-8.1942577181e-15	1	2e-17	2.52485e-18
59639.885405	-9.1859782923e-15	1	2e-17	2.52485e-18
59639.885417	-1.0087020601e-14	1	2e-17	2.52485e-18
59639.885428	-7.6476665102e-15	1	2e-17	2.52485e-18
59639.885440	-8.0135872845e-15	1	2e-17	2.52485e-18
59639.885451	-7.4394514122e-15	1	2e-17	2.52485e-18
59639.885463	-1.0145726761e-14	1	2e-17	2.52485e-18
59639.885475	-8.5345472754e-15	1	2e-17	2.52485e-18
59639.885486	-1.0457832144e-14	1	2e-17	2.52485e-18
59639.885498	-7.3790054470e-15	1	2e-17	2.52485e-18
59639.885509	-7.7425731638e-15	1	2e-17	2.52485e-18
59639.885521	-1.1013107981e-14	1	2e-17	2.52485e-18
59639.885532	-8.3982105463e-15	1	2e-17	2.52485e-18
59639.885544	-8.2809981271e-15	1	2e-17	2.52485e-18
59639.885556	-8.9103122667e-15	1	2e-17	2.52485e-18
59639.885567	-8.3682492969e-15	1	2e-17	2.52485e-18
59639.885579	-7.2140212166e-15	1	2e-17	2.52485e-18
59639.885590	-5.8631891659e-15	1	2e-17	2.52485e-18
59639.885602	-8.5475831125e-15	1	2e-17	2.52485e-18
59639.885613	-9.4203828020e-15	1	2e-17	2.52485e-18
59639.885625	-7.1060143514e-15	1	2e-17	2.52485e-18
59639.885637	-9.4948734205e-15	1	2e-17	2.52485e-18
59639.885648	-8.0443726970e-15	1	2e-17	2.52485e-18
59639.885660	-9.3496403043e-15	1	2e-17	2.52485e-18
59639.885671	-9.2548700230e-15	1	2e-17	2.52485e-18
59639.885683	-8.2228840436e-15	1	2e-17	2.52485e-18
59639.885694	-8.8512537415e-15	1	2e-17	2.52485e-18
59639.885706	-8.3886297566e-15	1	2e-17	2.52485e-18
59639.885718	-8.5480134052e-15	1	2e-17	2.52485e-18
59639.885729	-8.5970371311e-15	1	2e-17	2.52485e-18
59639.885741	-1.0751959253e-14	1	2e-17	2.52485e-18
59639.885752	-9.2736148621e-15	1	2e-17	2.52485e-18
59639.885764	-8.0790553081e-15	1	2e-17	2.52485e-18
59639.885775	-8.7385865010e-15	1	2e-17	2.52485e-18
59639.885787	-6.9905044684e-15	1	2e-17	2.52485e-18
59639.885799	-6.9226418827e-15	1	2e-17	2.52485e-18
59639.885810	-7.5086209697e-15	1	2e-17	2.52485e-18
59639.885822	-7.6949978643e-15	1	2e-17	2.52485e-18
59639.885833	-8.5848813613e-15	1	2e-17	2.52485e-18
59639.885845	-7.3986447530e-15	1	2e-17	2.52485e-18
59639.885856	-7.4817073449e-15	1	2e-17	2.52485e-18
59639.885868	-7.4473643940e-15	1	2e-17	2.52485e-18
59639.885880	-6.4938441587e-15	1	2e-17	2.52485e-18
59639.885891	-4.5151607943e-15	1	2e-17	2.52485e-18
59639.885903	-7.0684611457e-15	1	2e-17	2.52485e-18
59639.885914	-8.5316453406e-15	1	2e-17	2.52485e-18
59639.885926	-5.9931646776e-15	1	2e-17	2.52485e-18
59639.885938	-7.7807277629e-15	1	2e-17	2.52485e-18
59639.885949	-8.7059045818e-15	1	2e-17	2.52485e-18
59639.885961	-1.0185782949e-14	1	2e-17	2.52485e-18
59639.885972	-9.0481041984e-15	1	2e-17	2.52485e-18
59639.885984	-8.4226914926e-15	1	2e-17	2.52485e-18
59639.885995	-8.3209543653e-15	1	2e-17	2.52485e-18
59639.886007	-8.8912514843e-15	1	2e-17	2.52485e-18
59639.886019	-9.0283124265e-15	1	2e-17	2.52485e-18
59639.886030	-9.0813460064e-15	1	2e-17	2.52485e-18
59639.886042	-7.0790676923e-15	1	2e-17	2.52485e-18
59639.886053	-8.6996534786e-15	1	2e-17	2.52485e-18
59639.886065	-7.5594556521e-15	1	2e-17	2.52485e-18
59639.886076	-7.9899135607e-15	1	2e-17	2.52485e-18
59639.886088	-9.6200987714e-15	1	2e-17	2.52485e-18
59639.886100	-4.2382394659e-15	1	2e-17	2.52485e-18
59639.886111	-7.8293339016e-15	1	2e-17	2.52485e-18
59639.886123	-6.6529110170e-15	1	2e-17	2.52485e-18
59639.886134	-4.3811584880e-15	1	2e-17	2.52485e-18
59639.886146	-8.0511515017e-15	1	2e-17	2.52485e-18
59639.886157	-1.0938371723e-14	1	2e-17	2.52485e-18
59639.886169	-1.0946531191e-14	1	2e-17	2.52485e-18
59639.886181	-9.0094125804e-15	1	2e-17	2.52485e-18
59639.886192	-9.6752753446e-15	1	2e-17	2.52485e-18
59639.886204	-8.6247003801e-15	1	2e-17	2.52485e-18
59639.886215	-1.0077311063e-14	1	2e-17	2.52485e-18
59639.886227	-9.8059640581e-15	1	2e-17	2.52485e-18
59639.886238	-8.8854281327e-15	1	2e-17	2.52485e-18
59639.886250	-7.7646468424e-15	1	2e-17	2.52485e-18
59639.886262	-8.6252678922e-15	1	2e-17	2.52485e-18
59639.886273	-8.8616282010e-15	1	2e-17	2.52485e-18
59639.886285	-7.9588596388e-15	1	2e-17	2.52485e-18
59639.886296	-1.0616688091e-14	1	2e-17	2.52485e-18
59639.886308	-8.5669615323e-15	1	2e-17	2.52485e-18
59639.886319	-9.9280367524e-15	1	2e-17	2.52485e-18
59639.886331	-8.3580764312e-15	1	2e-17	2.52485e-18
59639.886343	-5.0949082599e-15	1	2e-17	2.52485e-18
59639.886354	-8.7273607734e-15	1	2e-17	2.52485e-18
59639.886366	-8.5402469601e-15	1	2e-17	2.52485e-18
59639.886377	-6.5772726688e-15	1	2e-17	2.52485e-18
59639.886389	-6.9516180328e-15	1	2e-17	2.52485e-18
59639.886400	-7.2446473869e-15	1	2e-17	2.52485e-18
59639.886412	-7.5649274849e-15	1	2e-17	2.52485e-18
59639.886424	-7.9558170964e-15	1	2e-17	2.52485e-18
59639.886435	-9.0196498206e-15	1	2e-17	2.52485e-18
59639.886447	-9.3133762827e-15	1	2e-17	2.52485e-18
59639.886458	-6.4511994379e-15	1	2e-17	2.52485e-18
59639.886470	-7.7077423220e-15	1	2e-17	2.52485e-18
59639.886481	-7.7238308658e-15	1	2e-17	2.52485e-18
59639.886493	-8.3314118340e-15	1	2e-17	2.52485e-18
59639.886505	-7.7811258684e-15	1	2e-17	2.52485e-18
59639.886516	-8.2471227384e-15	1	2e-17	2.52485e-18
59639.886528	-7.0554608840e-15	1	2e-17	2.52485e-18
59639.886539	-7.5556499330e-15	1	2e-17	2.52485e-18
59639.886551	-8.6595430804e-15	1	2e-17	2.52485e-18
59639.886563	-9.0280930450e-15	1	2e-17	2.52485e-18
59639.886574	-7.0645309128e-15	1	2e-17	2.52485e-18
59639.886586	-1.0952938995e-14	1	2e-17	2.52485e-18
59639.886597	-1.0042157501e-14	1	2e-17	2.52485e-18
59639.886609	-9.0679806735e-15	1	2e-17	2.52485e-18
59639.886620	-6.4498374090e-15	1	2e-17	2.52485e-18
59639.886632	-8.5314827102e-15	1	2e-17	2.52485e-18
59639.886644	-1.0308699288e-14	1	2e-17	2.52485e-18
59639.886655	-8.5183816516e-15	1	2e-17	2.52485e-18
59639.886667	-9.6857302723e-15	1	2e-17	2.52485e-18
59639.886678	-8.3385023468e-15	1	2e-17	2.52485e-18
59639.886690	-7.2475586391e-15	1	2e-17	2.52485e-18
59639.886701	-6.2464825860e-15	1	2e-17	2.52485e-18
59639.886713	-9.1523570135e-15	1	2e-17	2.52485e-18
59639.886725	-9.2034525820e-15	1	2e-17	2.52485e-18
59639.886736	-8.2688067819e-15	1	2e-17	2.52485e-18
59639.886748	-7.7861453857e-15	1	2e-17	2.52485e-18
59639.886759	-8.9482220733e-15	1	2e-17	2.52485e-18
59639.886771	-7.4202356228e-15	1	2e-17	2.52485e-18
59639.886782	-7.6547426235e-15	1	2e-17	2.52485e-18
59639.886794	-5.7334033896e-15	1	2e-17	2.52485e-18
59639.886806	-7.0967520462e-15	1	2e-17	2.52485e-18
59639.886817	-8.5256009135e-15	1	2e-17	2.52485e-18
59639.886829	-6.7220898918e-15	1	2e-17	2.52485e-18
59639.886840	-7.0491504886e-15	1	2e-17	2.52485e-18
59639.886852	-9.3881760683e-15	1	2e-17	2.52485e-18
59639.886863	-1.2091357206e-14	1	2e-17	2.52485e-18
59639.886875	-8.4914925907e-15	1	2e-17	2.52485e-18
59639.886887	-9.1616794582e-15	1	2e-17	2.52485e-18
59639.886898	-7.4916760756e-15	1	2e-17	2.52485e-18
59639.886910	-7.7682018397e-15	1	2e-17	2.52485e-18
59639.886921	-8.9140553053e-15	1	2e-17	2.52485e-18
59639.886933	-8.4250030455e-15	1	2e-17	2.52485e-18
59639.886944	-9.8587375988e-15	1	2e-17	2.52485e-18
59639.886956	-8.7076697984e-15	1	2e-17	2.52485e-18
59639.886968	-8.2309350918e-15	1	2e-17	2.52485e-18
59639.886979	-1.1427798371e-14	1	2e-17	2.52485e-18
59639.886991	-1.0280136490e-14	1	2e-17	2.52485e-18
59639.887002	-9.8622731143e-15	1	2e-17	2.52485e-18
59639.887014	-8.3645130346e-15	1	2e-17	2.52485e-18
59639.887025	-7.9676044069e-15	1	2e-17	2.52485e-18
59639.887037	-8.8976550533e-15	1	2e-17	2.52485e-18
59639.887049	-6.9890704416e-15	1	2e-17	2.52485e-18
59639.887060	-9.7709477160e-15	1	2e-17	2.52485e-18
59639.887072	-8.6946339614e-15	1	2e-17	2.52485e-18
59639.887083	-8.0192446176e-15	1	2e-17	2.52485e-18
59639.887095	-8.3888398208e-15	1	2e-17	2.52485e-18
59639.887106	-8.5274372809e-15	1	2e-17	2.52485e-18
59639.887118	-9.5684136680e-15	1	2e-17	2.52485e-18
59639.887130	-7.6512545418e-15	1	2e-17	2.52485e-18
59639.887141	-1.0450656081e-14	1	2e-17	2.52485e-18
59639.887153	-8.2616044607e-15	1	2e-17	2.52485e-18
59639.887164	-7.3781702726e-15	1	2e-17	2.52485e-18
59639.887176	-1.0393616882e-14	1	2e-17	2.52485e-18
59639.887188	-1.0393648222e-14	1	2e-17	2.52485e-18
59639.887199	-1.0162202399e-14	1	2e-17	2.52485e-18
59639.887211	-9.3091140130e-15	1	2e-17	2.52485e-18
59639.887222	-1.0785309481e-14	1	2e-17	2.52485e-18
59639.887234	-9.3707085548e-15	1	2e-17	2.52485e-18
59639.887245	-8.7647301729e-15	1	2e-17	2.52485e-18
59639.887257	-9.6496458217e-15	1	2e-17	2.52485e-18
59639.887269	-7.8349209309e-15	1	2e-17	2.52485e-18
59639.887280	-1.1605739664e-14	1	2e-17	2.52485e-18
59639.887292	-1.1126443530e-14	1	2e-17	2.52485e-18
59639.887303	-9.3464859536e-15	1	2e-17	2.52485e-18
59639.887315	-9.5371251180e-15	1	2e-17	2.52485e-18
59639.887326	-7.3057760606e-15	1	2e-17	2.52485e-18
59639.887338	-8.4341196611e-15	1	2e-17	2.52485e-18
59639.887350	-7.9589019904e-15	1	2e-17	2.52485e-18
59639.887361	-5.9289163816e-15	1	2e-17	2.52485e-18
59639.887373	-6.0782415139e-15	1	2e-17	2.52485e-18
59639.887384	-8.5767642446e-15	1	2e-17	2.52485e-18
59639.887396	-7.8505469947e-15	1	2e-17	2.52485e-18
59639.887407	-7.3228835851e-15	1	2e-17	2.52485e-18
59639.887419	-8.0748701183e-15	1	2e-17	2.52485e-18
59639.887431	-8.2170132582e-15	1	2e-17	2.52485e-18
59639.887442	-6.1797186021e-15	1	2e-17	2.52485e-18
59639.887454	-8.3926260581e-15	1	2e-17	2.52485e-18
59639.887465	-8.9658725458e-15	1	2e-17	2.52485e-18
59639.887477	-8.6987141191e-15	1	2e-17	2.52485e-18
59639.887488	-7.3888428877e-15	1	2e-17	2.52485e-18
59639.887500	-8.5428617508e-15	1	2e-17	2.52485e-18
59639.887512	-8.4899476026e-15	1	2e-17	2.52485e-18
59639.887523	-1.1564334153e-14	1	2e-17	2.52485e-18
59639.887535	-1.0552460124e-14	1	2e-17	2.52485e-18
59639.887546	-9.2874875677e-15	1	2e-17	2.52485e-18
59639.887558	-1.1218305947e-14	1	2e-17	2.52485e-18
59639.887569	-1.0659365846e-14	1	2e-17	2.52485e-18
59639.887581	-1.0730806299e-14	1	2e-17	2.52485e-18
59639.887593	-1.0907460949e-14	1	2e-17	2.52485e-18
59639.887604	-9.1851676818e-15	1	2e-17	2.52485e-18
59639.887616	-9.0693537139e-15	1	2e-17	2.52485e-18
59639.887627	-8.5604131205e-15	1	2e-17	2.52485e-18
59639.887639	-9.4963277761e-15	1	2e-17	2.52485e-18
59639.887650	-1.1374184574e-14	1	2e-17	2.52485e-18
59639.887662	-8.4447456894e-15	1	2e-17	2.52485e-18
59639.887674	-9.5592995935e-15	1	2e-17	2.52485e-18
59639.887685	-6.5692665134e-15	1	2e-17	2.52485e-18
59639.887697	-9.3986437014e-15	1	2e-17	2.52485e-18
59639.887708	-9.0664356854e-15	1	2e-17	2.52485e-18
59639.887720	-8.5218756625e-15	1	2e-17	2.52485e-18
59639.887731	-9.4209393027e-15	1	2e-17	2.52485e-18
59639.887743	-1.0712929669e-14	1	2e-17	2.52485e-18
59639.887755	-8.3705710142e-15	1	2e-17	2.52485e-18
59639.887766	-9.2219577108e-15	1	2e-17	2.52485e-18
59639.887778	-8.6860391181e-15	1	2e-17	2.52485e-18
59639.887789	-8.6956851293e-15	1	2e-17	2.52485e-18
59639.887801	-5.9074940713e-15	1	2e-17	2.52485e-18
59639.887813	-8.4031140200e-15	1	2e-17	2.52485e-18
59639.887824	-8.1069201509e-15	1	2e-17	2.52485e-18
59639.887836	-9.9155887562e-15	1	2e-17	2.52485e-18
59639.887847	-1.1483122328e-14	1	2e-17	2.52485e-18
59639.887859	-8.9881706881e-15	1	2e-17	2.52485e-18
59639.887870	-9.1115283314e-15	1	2e-17	2.52485e-18
59639.887882	-7.0171597482e-15	1	2e-17	2.52485e-18
59639.887894	-7.7971856131e-15	1	2e-17	2.52485e-18
59639.887905	-8.4943106693e-15	1	2e-17	2.52485e-18
59639.887917	-7.2343669480e-15	1	2e-17	2.52485e-18
59639.887928	-6.8733318597e-15	1	2e-17	2.52485e-18
59639.887940	-8.5908055097e-15	1	2e-17	2.52485e-18
59639.887951	-8.8857127358e-15	1	2e-17	2.52485e-18
59639.887963	-7.7413881647e-15	1	2e-17	2.52485e-18
59639.887975	-8.0654384064e-15	1	2e-17	2.52485e-18
59639.887986	-9.1929908781e-15	1	2e-17	2.52485e-18
59639.887998	-7.4567774712e-15	1	2e-17	2.52485e-18
59639.888009	-1.1132208436e-14	1	2e-17	2.52485e-18
59639.888021	-1.0586146624e-14	1	2e-17	2.52485e-18
59639.888032	-9.3118753404e-15	1	2e-17	2.52485e-18
59639.888044	-9.0685100691e-15	1	2e-17	2.52485e-18
59639.888056	-8.9362551918e-15	1	2e-17	2.52485e-18
59639.888067	-1.1626037962e-14	1	2e-17	2.52485e-18
59639.888079	-7.8308433143e-15	1	2e-17	2.52485e-18
59639.888090	-9.8195784186e-15	1	2e-17	2.52485e-18
59639.888102	-8.9647459920e-15	1	2e-17	2.52485e-18
59639.888113	-9.4583078552e-15	1	2e-17	2.52485e-18
59639.888125	-9.5197338375e-15	1	2e-17	2.52485e-18
59639.888137	-7.5595098622e-15	1	2e-17	2.52485e-18
59639.888148	-1.0738441454e-14	1	2e-17	2.52485e-18
59639.888160	-8.0344691878e-15	1	2e-17	2.52485e-18
59639.888171	-7.6510605712e-15	1	2e-17	2.52485e-18
59639.888183	-8.3505556257e-15	1	2e-17	2.52485e-18
59639.888194	-6.7520367417e-15	1	2e-17	2.52485e-18
59639.888206	-9.8496480882e-15	1	2e-17	2.52485e-18
59639.888218	-7.5613834990e-15	1	2e-17	2.52485e-18
59639.888229	-9.0432557818e-15	1	2e-17	2.52485e-18
59639.888241	-7.9664600654e-15	1	2e-17	2.52485e-18
59639.888252	-7.3797305072e-15	1	2e-17	2.52485e-18
59639.888264	-8.2002098186e-15	1	2e-17	2.52485e-18
59639.888275	-7.8492052945e-15	1	2e-17	2.52485e-18
59639.888287	-6.8086354832e-15	1	2e-17	2.52485e-18
59639.888299	-7.7639150060e-15	1	2e-17	2.52485e-18
59639.888310	-9.9855867119e-15	1	2e-17	2.52485e-18
59639.888322	-8.6881787233e-15	1	2e-17	2.52485e-18
59639.888333	-7.5947362684e-15	1	2e-17	2.52485e-18
59639.888345	-8.1966683739e-15	1	2e-17	2.52485e-18
59639.888356	-8.2026712964e-15	1	2e-17	2.52485e-18
59639.888368	-8.7777211172e-15	1	2e-17	2.52485e-18
59639.888380	-1.1209389231e-14	1	2e-17	2.52485e-18
59639.888391	-1.0773394268e-14	1	2e-17	2.52485e-18
59639.888403	-8.4337478136e-15	1	2e-17	2.52485e-18
59639.888414	-8.9166946599e-15	1	2e-17	2.52485e-18
59639.888426	-8.0523187131e-15	1	2e-17	2.52485e-18
59639.888438	-7.9846848263e-15	1	2e-17	2.52485e-18
59639.888449	-8.7862126225e-15	1	2e-17	2.52485e-18
59639.888461	-7.6014693333e-15	1	2e-17	2.52485e-18
59639.888472	-6.9126079305e-15	1	2e-17	2.52485e-18
59639.888484	-1.0329296588e-14	1	2e-17	2.52485e-18
59639.888495	-8.2112161647e-15	1	2e-17	2.52485e-18
59639.888507	-7.7710732814e-15	1	2e-17	2.52485e-18
59639.888519	-1.1013145250e-14	1	2e-17	2.52485e-18
59639.888530	-1.0888234995e-14	1	2e-17	2.52485e-18
59639.888542	-1.0165343197e-14	1	2e-17	2.52485e-18
59639.888553	-7.2367742156e-15	1	2e-17	2.52485e-18
59639.888565	-7.0703432529e-15	1	2e-17	2.52485e-18
59639.888576	-9.2602325886e-15	1	2e-17	2.52485e-18
59639.888588	-6.9186574398e-15	1	2e-17	2.52485e-18
59639.888600	-9.2425152004e-15	1	2e-17	2.52485e-18
59639.888611	-7.9642196633e-15	1	2e-17	2.52485e-18
59639.888623	-6.3907272147e-15	1	2e-17	2.52485e-18
59639.888634	-9.0901094093e-15	1	2e-17	2.52485e-18
59639.888646	-7.4568537041e-15	1	2e-17	2.52485e-18
59639.888657	-8.3520438626e-15	1	2e-17	2.52485e-18
59639.888669	-8.7183652835e-15	1	2e-17	2.52485e-18
59639.888681	-7.6962362264e-15	1	2e-17	2.52485e-18
59639.888692	-7.3286891489e-15	1	2e-17	2.52485e-18
59639.888704	-9.2513683888e-15	1	2e-17	2.52485e-18
59639.888715	-7.2066003610e-15	1	2e-17	2.52485e-18
59639.888727	-7.1751847560e-15	1	2e-17	2.52485e-18
59639.888738	-7.1812249479e-15	1	2e-17	2.52485e-18
59639.888750	-6.7995205617e-15	1	2e-17	2.52485e-18
59639.888762	-7.8409933101e-15	1	2e-17	2.52485e-18
59639.888773	-7.0538820146e-15	1	2e-17	2.52485e-18
59639.888785	-8.7914981081e-15	1	2e-17	2.52485e-18
59639.888796	-9.9355922862e-15	1	2e-17	2.52485e-18
59639.888808	-1.0879094663e-14	1	2e-17	2.52485e-18
59639.888819	-9.7710315723e-15	1	2e-17	2.52485e-18
59639.888831	-6.6845104281e-15	1	2e-17	2.52485e-18
59639.888843	-8.3546230779e-15	1	2e-17	2.52485e-18
59639.888854	-1.0959142665e-14	1	2e-17	2.52485e-18
59639.888866	-1.0334521087e-14	1	2e-17	2.52485e-18
59639.888877	-9.0375366153e-15	1	2e-17	2.52485e-18
59639.888889	-9.0377576909e-15	1	2e-17	2.52485e-18
59639.888900	-1.1261713845e-14	1	2e-17	2.52485e-18
59639.888912	-9.2452197766e-15	1	2e-17	2.52485e-18
59639.888924	-7.5113128404e-15	1	2e-17	2.52485e-18
59639.888935	-9.0166081253e-15	1	2e-17	2.52485e-18
59639.888947	-1.0661801913e-14	1	2e-17	2.52485e-18
59639.888958	-8.4688810462e-15	1	2e-17	2.52485e-18
59639.888970	-9.5000886023e-15	1	2e-17	2.52485e-18
59639.888981	-1.0757056697e-14	1	2e-17	2.52485e-18
59639.888993	-8.1869529060e-15	1	2e-17	2.52485e-18
59639.889005	-6.8934802324e-15	1	2e-17	2.52485e-18
59639.889016	-7.5029661778e-15	1	2e-17	2.52485e-18
59639.889028	-9.1744628794e-15	1	2e-17	2.52485e-18
59639.889039	-1.1990781360e-14	1	2e-17	2.52485e-18
59639.889051	-1.0106698024e-14	1	2e-17	2.52485e-18
59639.889062	-1.0247422384e-14	1	2e-17	2.52485e-18
59639.889074	-9.5312289216e-15	1	2e-17	2.52485e-18
59639.889086	-7.8673639868e-15	1	2e-17	2.52485e-18
59639.889097	-9.5107222540e-15	1	2e-17	2.52485e-18
59639.889109	-1.0514613845e-14	1	2e-17	2.52485e-18
59639.889120	-9.8649294096e-15	1	2e-17	2.52485e-18
59639.889132	-9.3627837146e-15	1	2e-17	2.52485e-18
59639.889144	-7.8758969968e-15	1	2e-17	2.52485e-18
59639.889155	-1.0563324168e-14	1	2e-17	2.52485e-18
59639.889167	-8.4961292491e-15	1	2e-17	2.52485e-18
59639.889178	-6.2097721781e-15	1	2e-17	2.52485e-18
59639.889190	-6.6711374719e-15	1	2e-17	2.52485e-18
59639.889201	-6.4989924249e-15	1	2e-17	2.52485e-18
59639.889213	-7.9007760485e-15	1	2e-17	2.52485e-18
59639.889225	-8.4081564072e-15	1	2e-17	2.52485e-18
59639.889236	-1.1790331861e-14	1	2e-17	2.52485e-18
59639.889248	-8.3727699117e-15	1	2e-17	2.52485e-18
59639.889259	-8.6462023115e-15	1	2e-17	2.52485e-18
59639.889271	-9.6137256955e-15	1	2e-17	2.52485e-18
59639.889282	-8.0487128938e-15	1	2e-17	2.52485e-18
59639.889294	-6.7780474294e-15	1	2e-17	2.52485e-18
59639.889306	-8.4389697717e-15	1	2e-17	2.52485e-18
59639.889317	-9.6888964815e-15	1	2e-17	2.52485e-18
59639.889329	-1.0538807647e-14	1	2e-17	2.52485e-18
59639.889340	-9.6431228210e-15	1	2e-17	2.52485e-18
59639.889352	-9.6499168723e-15	1	2e-17	2.52485e-18
59639.889363	-8.1674254084e-15	1	2e-17	2.52485e-18
59639.889375	-1.0808641850e-14	1	2e-17	2.52485e-18
59639.889387	-9.7352850878e-15	1	2e-17	2.52485e-18
59639.889398	-8.3116175211e-15	1	2e-17	2.52485e-18
59639.889410	-8.7199729520e-15	1	2e-17	2.52485e-18
59639.889421	-6.4309333276e-15	1	2e-17	2.52485e-18
59639.889433	-1.0928568163e-14	1	2e-17	2.52485e-18
59639.889444	-9.7796247215e-15	1	2e-17	2.52485e-18
59639.889456	-8.7948150891e-15	1	2e-17	2.52485e-18
59639.889468	-9.9597073142e-15	1	2e-17	2.52485e-18
59639.889479	-8.8286684549e-15	1	2e-17	2.52485e-18
59639.889491	-8.2030863425e-15	1	2e-17	2.52485e-18
59639.889502	-7.3606502431e-15	1	2e-17	2.52485e-18
59639.889514	-7.0165041447e-15	1	2e-17	2.52485e-18
59639.889525	-1.0130564024e-14	1	2e-17	2.52485e-18
59639.889537	-8.0823561954e-15	1	2e-17	2.52485e-18
59639.889549	-1.0211150739e-14	1	2e-17	2.52485e-18
59639.889560	-6.8628269571e-15	1	2e-17	2.52485e-18
59639.889572	-9.0998333475e-15	1	2e-17	2.52485e-18
59639.889583	-8.5410135250e-15	1	2e-17	2.52485e-18
59639.889595	-8.5700438852e-15	1	2e-17	2.52485e-18
59639.889606	-9.3979017006e-15	1	2e-17	2.52485e-18
59639.889618	-1.1016012457e-14	1	2e-17	2.52485e-18
59639.889630	-1.1106124057e-14	1	2e-17	2.52485e-18
59639.889641	-7.4659889545e-15	1	2e-17	2.52485e-18
59639.889653	-1.0319993625e-14	1	2e-17	2.52485e-18
59639.889664	-8.6068703366e-15	1	2e-17	2.52485e-18
59639.889676	-9.8553282912e-15	1	2e-17	2.52485e-18
59639.889687	-1.0781088716e-14	1	2e-17	2.52485e-18
59639.889699	-8.6970073477e-15	1	2e-17	2.52485e-18
59639.889711	-9.4884063239e-15	1	2e-17	2.52485e-18
59639.889722	-8.9526283386e-15	1	2e-17	2.52485e-18
59639.889734	-9.0531093161e-15	1	2e-17	2.52485e-18
59639.889745	-1.0656175920e-14	1	2e-17	2.52485e-18
59639.889757	-8.6105447655e-15	1	2e-17	2.52485e-18
59639.889769	-1.0698165037e-14	1	2e-17	2.52485e-18
59639.889780	-4.6331423195e-15	1	2e-17	2.52485e-18
59639.889792	-7.9256085134e-15	1	2e-17	2.52485e-18
59639.889803	-8.8442758840e-15	1	2e-17	2.52485e-18
59639.889815	-9.5700162543e-15	1	2e-17	2.52485e-18
59639.889826	-8.5810019504e-15	1	2e-17	2.52485e-18
59639.889838	-8.8527834830e-15	1	2e-17	2.52485e-18
59639.889850	-9.3992865994e-15	1	2e-17	2.52485e-18
59639.889861	-6.2470467100e-15	1	2e-17	2.52485e-18
59639.889873	-3.7575635149e-15	1	2e-17	2.52485e-18
59639.889884	-2.7714519929e-15	1	2e-17	2.52485e-18
59639.889896	-7.8322070373e-15	1	2e-17	2.52485e-18
59639.889907	-9.2019118291e-15	1	2e-17	2.52485e-18
59639.889919	-8.8904307093e-15	1	2e-17	2.52485e-18
59639.889931	-9.8914085066e-15	1	2e-17	2.52485e-18
59639.889942	-9.0817398767e-15	1	2e-17	2.52485e-18
59639.889954	-7.3522459822e-15	1	2e-17	2.52485e-18
59639.889965	-7.6134175800e-15	1	2e-17	2.52485e-18
59639.889977	-7.5187260728e-15	1	2e-17	2.52485e-18
59639.889988	-6.8041758547e-15	1	2e-17	2.52485e-18
59639.890000	-7.9934583936e-15	1	2e-17	2.52485e-18
59639.890012	-8.5598074920e-15	1	2e-17	2.52485e-18
59639.890023	-7.3908520498e-15	1	2e-17	2.52485e-18
59639.890035	-8.2238123917e-15	1	2e-17	2.52485e-18
59639.890046	-7.8711188839e-15	1	2e-17	2.52485e-18
59639.890058	-7.9686284698e-15	1	2e-17	2.52485e-18
59639.890069	-8.3585982035e-15	1	2e-17	2.52485e-18
59639.890081	-7.8137908470e-15	1	2e-17	2.52485e-18
59639.890093	-7.0747486713e-15	1	2e-17	2.52485e-18
59639.890104	-9.2153305250e-15	1	2e-17	2.52485e-18
59639.890116	-8.8400381782e-15	1	2e-17	2.52485e-18
59639.890127	-9.1218756859e-15	1	2e-17	2.52485e-18
59639.890139	-7.0899012437e-15	1	2e-17	2.52485e-18
59639.890150	-8.1990570068e-15	1	2e-17	2.52485e-18
59639.890162	-9.6972592377e-15	1	2e-17	2.52485e-18
59639.890174	-7.9607578396e-15	1	2e-17	2.52485e-18
59639.890185	-9.2506357053e-15	1	2e-17	2.52485e-18
59639.890197	-7.7788981718e-15	1	2e-17	2.52485e-18
59639.890208	-9.6394382277e-15	1	2e-17	2.52485e-18
59639.890220	-1.0758817678e-14	1	2e-17	2.52485e-18
59639.890231	-8.4999180275e-15	1	2e-17	2.52485e-18
59639.890243	-7.3673536618e-15	1	2e-17	2.52485e-18
59639.890255	-8.3340206955e-15	1	2e-17	2.52485e-18
59639.890266	-9.1072270981e-15	1	2e-17	2.52485e-18
59639.890278	-8.5935719193e-15	1	2e-17	2.52485e-18
59639.890289	-5.6833124022e-15	1	2e-17	2.52485e-18
59639.890301	-6.7921852563e-15	1	2e-17	2.52485e-18
59639.890312	-9.5581620282e-15	1	2e-17	2.52485e-18
59639.890324	-8.1237871180e-15	1	2e-17	2.52485e-18
59639.890336	-7.2886499015e-15	1	2e-17	2.52485e-18
59639.890347	-4.7359814367e-15	1	2e-17	2.52485e-18
59639.890359	-7.9110463230e-15	1	2e-17	2.52485e-18
59639.890370	-7.4016915305e-15	1	2e-17	2.52485e-18
59639.890382	-9.5202098700e-15	1	2e-17	2.52485e-18
59639.890394	-9.9369678677e-15	1	2e-17	2.52485e-18
59639.890405	-6.2362258641e-15	1	2e-17	2.52485e-18
59639.890417	-6.0143252547e-15	1	2e-17	2.52485e-18
59639.890428	-7.4112494502e-15	1	2e-17	2.52485e-18
59639.890440	-8.7547394193e-15	1	2e-17	2.52485e-18
59639.890451	-8.5603783922e-15	1	2e-17	2.52485e-18
59639.890463	-8.7563293002e-15	1	2e-17	2.52485e-18
59639.890475	-1.0939560110e-14	1	2e-17	2.52485e-18
59639.890486	-8.3225213762e-15	1	2e-17	2.52485e-18
59639.890498	-9.6674699360e-15	1	2e-17	2.52485e-18
59639.890509	-9.4089292225e-15	1	2e-17	2.52485e-18
59639.890521	-9.6120985452e-15	1	2e-17	2.52485e-18
59639.890532	-7.8600354578e-15	1	2e-17	2.52485e-18
59639.890544	-7.7483600929e-15	1	2e-17	2.52485e-18
59639.890556	-9.9232544043e-15	1	2e-17	2.52485e-18
59639.890567	-8.5664956641e-15	1	2e-17	2.52485e-18
59639.890579	-8.9357291843e-15	1	2e-17	2.52485e-18
59639.890590	-9.1203671202e-15	1	2e-17	2.52485e-18
59639.890602	-9.2143183207e-15	1	2e-17	2.52485e-18
59639.890613	-8.9130905347e-15	1	2e-17	2.52485e-18
59639.890625	-8.4712247864e-15	1	2e-17	2.52485e-18
59639.890637	-7.7350540523e-15	1	2e-17	2.52485e-18
59639.890648	-6.4670321778e-15	1	2e-17	2.52485e-18
59639.890660	-7.0267939010e-15	1	2e-17	2.52485e-18
59639.890671	-7.6262569054e-15	1	2e-17	2.52485e-18
59639.890683	-7.4346910871e-15	1	2e-17	2.52485e-18
59639.890694	-7.4672755975e-15	1	2e-17	2.52485e-18
59639.890706	-6.5626537272e-15	1	2e-17	2.52485e-18
59639.890718	-6.6179903896e-15	1	2e-17	2.52485e-18
59639.890729	-5.2041052064e-15	1	2e-17	2.52485e-18
59639.890741	-7.6836086593e-15	1	2e-17	2.52485e-18
59639.890752	-6.8909933437e-15	1	2e-17	2.52485e-18
59639.890764	-7.3843603893e-15	1	2e-17	2.52485e-18
59639.890775	-9.7714313718e-15	1	2e-17	2.52485e-18
59639.890787	-7.1729706118e-15	1	2e-17	2.52485e-18
59639.890799	-9.2113079656e-15	1	2e-17	2.52485e-18
59639.890810	-9.7917398338e-15	1	2e-17	2.52485e-18
59639.890822	-8.5963061417e-15	1	2e-17	2.52485e-18
59639.890833	-8.6825535775e-15	1	2e-17	2.52485e-18
59639.890845	-9.5514763972e-15	1	2e-17	2.52485e-18
59639.890856	-8.4394288636e-15	1	2e-17	2.52485e-18
59639.890868	-7.3115884007e-15	1	2e-17	2.52485e-18
59639.890880	-7.4852970705e-15	1	2e-17	2.52485e-18
59639.890891	-9.7541061599e-15	1	2e-17	2.52485e-18
59639.890903	-9.3372117899e-15	1	2e-17	2.52485e-18
59639.890914	-9.2446497235e-15	1	2e-17	2.52485e-18
59639.890926	-8.4720252325e-15	1	2e-17	2.52485e-18
59639.890938	-8.2707270056e-15	1	2e-17	2.52485e-18
59639.890949	-9.7187781098e-15	1	2e-17	2.52485e-18
59639.890961	-1.0104851492e-14	1	2e-17	2.52485e-18
59639.890972	-1.0587911841e-14	1	2e-17	2.52485e-18
59639.890984	-8.9351498138e-15	1	2e-17	2.52485e-18
59639.890995	-1.1677595163e-14	1	2e-17	2.52485e-18
59639.891007	-1.1439530624e-14	1	2e-17	2.52485e-18
59639.891019	-1.2071888153e-14	1	2e-17	2.52485e-18
59639.891030	-1.1478710980e-14	1	2e-17	2.52485e-18
59639.891042	-1.0041825464e-14	1	2e-17	2.52485e-18
59639.891053	-8.5359897725e-15	1	2e-17	2.52485e-18
59639.891065	-1.0498662520e-14	1	2e-17	2.52485e-18
59639.891076	-8.5550098974e-15	1	2e-17	2.52485e-18
59639.891088	-1.0698575001e-14	1	2e-17	2.52485e-18
59639.891100	-8.9915715254e-15	1	2e-17	2.52485e-18
59639.891111	-8.5630245231e-15	1	2e-17	2.52485e-18
59639.891123	-7.9318392878e-15	1	2e-17	2.52485e-18
59639.891134	-6.9800165065e-15	1	2e-17	2.52485e-18
59639.891146	-9.7705411402e-15	1	2e-17	2.52485e-18
59639.891157	-9.6493764652e-15	1	2e-17	2.52485e-18
59639.891169	-1.1767657636e-14	1	2e-17	2.52485e-18
59639.891181	-8.8441013952e-15	1	2e-17	2.52485e-18
59639.891192	-9.3422380834e-15	1	2e-17	2.52485e-18
59639.891204	-6.6204357738e-15	1	2e-17	2.52485e-18
59639.891215	-8.3562154998e-15	1	2e-17	2.52485e-18
59639.891227	-8.5990962682e-15	1	2e-17	2.52485e-18
59639.891238	-7.3469791313e-15	1	2e-17	2.52485e-18
59639.891250	-8.3152927970e-15	1	2e-17	2.52485e-18
59639.891262	-9.2340076015e-15	1	2e-17	2.52485e-18
59639.891273	-7.9017730063e-15	1	2e-17	2.52485e-18
59639.891285	-9.3093291593e-15	1	2e-17	2.52485e-18
59639.891296	-1.0349892194e-14	1	2e-17	2.52485e-18
59639.891308	-9.8744390485e-15	1	2e-17	2.52485e-18
59639.891319	-7.7854431953e-15	1	2e-17	2.52485e-18
59639.891331	-8.2085065063e-15	1	2e-17	2.52485e-18
59639.891343	-8.1485264093e-15	1	2e-17	2.52485e-18
59639.891354	-9.4982005659e-15	1	2e-17	2.52485e-18
59639.891366	-1.0385644608e-14	1	2e-17	2.52485e-18
59639.891377	-7.8277973838e-15	1	2e-17	2.52485e-18
59639.891389	-8.4389308082e-15	1	2e-17	2.52485e-18
59639.891400	-8.0086033427e-15	1	2e-17	2.52485e-18
59639.891412	-7.4494997641e-15	1	2e-17	2.52485e-18
59639.891424	-6.6890445955e-15	1	2e-17	2.52485e-18
59639.891435	-1.0196156561e-14	1	2e-17	2.52485e-18
59639.891447	-8.3370081807e-15	1	2e-17	2.52485e-18
59639.891458	-7.9260277947e-15	1	2e-17	2.52485e-18
59639.891470	-6.1013485727e-15	1	2e-17	2.52485e-18
59639.891481	-7.3514565475e-15	1	2e-17	2.52485e-18
59639.891493	-8.1632292072e-15	1	2e-17	2.52485e-18
59639.891505	-9.6771481345e-15	1	2e-17	2.52485e-18
59639.891516	-6.2357091740e-15	1	2e-17	2.52485e-18
59639.891528	-7.8860647803e-15	1	2e-17	2.52485e-18
59639.891539	-7.4082467184e-15	1	2e-17	2.52485e-18
59639.891551	-8.7477920551e-15	1	2e-17	2.52485e-18
59639.891563	-8.7547893943e-15	1	2e-17	2.52485e-18
59639.891574	-9.9535612432e-15	1	2e-17	2.52485e-18
59639.891586	-9.1846230396e-15	1	2e-17	2.52485e-18
59639.891597	-5.6716936513e-15	1	2e-17	2.52485e-18
59639.891609	-6.9052946480e-15	1	2e-17	2.52485e-18
59639.891620	-8.0550470062e-15	1	2e-17	2.52485e-18
59639.891632	-9.6421080755e-15	1	2e-17	2.52485e-18
59639.891644	-8.4431922310e-15	1	2e-17	2.52485e-18
59639.891655	-8.9218903600e-15	1	2e-17	2.52485e-18
59639.891667	-6.6971346071e-15	1	2e-17	2.52485e-18
59639.891678	-9.2900557716e-15	1	2e-17	2.52485e-18
59639.891690	-1.1124364911e-14	1	2e-17	2.52485e-18
59639.891701	-9.3536484642e-15	1	2e-17	2.52485e-18
59639.891713	-6.0020246423e-15	1	2e-17	2.52485e-18
59639.891725	-9.0156450488e-15	1	2e-17	2.52485e-18
59639.891736	-8.1771408763e-15	1	2e-17	2.52485e-18
59639.891748	-8.3776750795e-15	1	2e-17	2.52485e-18
59639.891759	-8.2642463565e-15	1	2e-17	2.52485e-18
59639.891771	-7.6662233080e-15	1	2e-17	2.52485e-18
59639.891782	-6.6312108799e-15	1	2e-17	2.52485e-18
59639.891794	-8.5897187665e-15	1	2e-17	2.52485e-18
59639.891806	-9.7442924362e-15	1	2e-17	2.52485e-18
59639.891817	-7.4804655946e-15	1	2e-17	2.52485e-18
59639.891829	-7.8692791283e-15	1	2e-17	2.52485e-18
59639.891840	-8.6126284666e-15	1	2e-17	2.52485e-18
59639.891852	-8.7342090347e-15	1	2e-17	2.52485e-18
59639.891863	-9.4427859764e-15	1	2e-17	2.52485e-18
59639.891875	-1.0274389372e-14	1	2e-17	2.52485e-18
59639.891887	-8.5432276691e-15	1	2e-17	2.52485e-18
59639.891898	-9.6777596923e-15	1	2e-17	2.52485e-18
59639.891910	-9.0923633640e-15	1	2e-17	2.52485e-18
59639.891921	-9.7949839700e-15	1	2e-17	2.52485e-18
59639.891933	-8.9349439848e-15	1	2e-17	2.52485e-18
59639.891944	-8.8784960151e-15	1	2e-17	2.52485e-18
59639.891979	-8.6487544218e-15	1	2e-17	2.52485e-18
59639.891991	-7.7975168030e-15	1	2e-17	2.52485e-18
59639.892002	-8.1343343723e-15	1	2e-17	2.52485e-18
59639.892014	-8.9001859878e-15	1	2e-17	2.52485e-18
59639.892025	-7.9652809955e-15	1	2e-17	2.52485e-18
59639.892037	-7.6143213642e-15	1	2e-17	2.52485e-18
59639.892049	-9.7954430618e-15	1	2e-17	2.52485e-18
59639.892060	-8.9296322412e-15	1	2e-17	2.52485e-18
59639.892072	-8.3561723011e-15	1	2e-17	2.52485e-18
59639.892083	-8.1943153164e-15	1	2e-17	2.52485e-18
59639.892095	-9.2895517870e-15	1	2e-17	2.52485e-18
59639.892106	-6.9101218888e-15	1	2e-17	2.52485e-18
59639.892118	-9.4986774455e-15	1	2e-17	2.52485e-18
59639.892130	-7.8828308085e-15	1	2e-17	2.52485e-18
59639.892141	-8.5283427591e-15	1	2e-17	2.52485e-18
59639.892153	-8.5771293158e-15	1	2e-17	2.52485e-18
59639.892164	-1.0075205339e-14	1	2e-17	2.52485e-18
59639.892176	-1.1039628582e-14	1	2e-17	2.52485e-18
59639.892188	-9.1726570052e-15	1	2e-17	2.52485e-18
59639.892199	-1.0690694207e-14	1	2e-17	2.52485e-18
59639.892211	-1.3069082254e-14	1	2e-17	2.52485e-18
59639.892222	-9.1967601747e-15	1	2e-17	2.52485e-18
59639.892234	-6.8683436827e-15	1	2e-17	2.52485e-18
59639.892245	-9.3913041609e-15	1	2e-17	2.52485e-18
59639.892257	-8.5989827658e-15	1	2e-17	2.52485e-18
59639.892269	-1.0596468568e-14	1	2e-17	2.52485e-18
59639.892280	-9.2530887127e-15	1	2e-17	2.52485e-18
59639.892292	-9.2167357527e-15	1	2e-17	2.52485e-18
59639.892303	-8.0811508676e-15	1	2e-17	2.52485e-18
59639.892315	-8.9490801176e-15	1	2e-17	2.52485e-18
59639.892326	-9.4303151103e-15	1	2e-17	2.52485e-18
59639.892338	-9.2135178745e-15	1	2e-17	2.52485e-18
59639.892350	-8.1927355999e-15	1	2e-17	2.52485e-18
59639.892361	-8.1406388385e-15	1	2e-17	2.52485e-18
59639.892373	-9.6951094681e-15	1	2e-17	2.52485e-18
59639.892384	-8.4609003018e-15	1	2e-17	2.52485e-18
59639.892396	-9.8992113741e-15	1	2e-17	2.52485e-18
59639.892407	-8.5149867436e-15	1	2e-17	2.52485e-18
59639.892419	-6.7524721166e-15	1	2e-17	2.52485e-18
59639.892431	-6.8581454060e-15	1	2e-17	2.52485e-18
59639.892442	-1.0372350426e-14	1	2e-17	2.52485e-18
59639.892454	-1.0204746323e-14	1	2e-17	2.52485e-18
59639.892465	-8.8282695024e-15	1	2e-17	2.52485e-18
59639.892477	-9.4420050121e-15	1	2e-17	2.52485e-18
59639.892488	-1.0252519828e-14	1	2e-17	2.52485e-18
59639.892500	-9.0859479364e-15	1	2e-17	2.52485e-18
59639.892512	-1.0279939978e-14	1	2e-17	2.52485e-18
59639.892523	-8.2420608695e-15	1	2e-17	2.52485e-18
59639.892535	-9.0817856165e-15	1	2e-17	2.52485e-18
59639.892546	-8.3222994536e-15	1	2e-17	2.52485e-18
59639.892558	-9.0988194491e-15	1	2e-17	2.52485e-18
59639.892569	-9.7111742950e-15	1	2e-17	2.52485e-18
59639.892581	-8.9203665477e-15	1	2e-17	2.52485e-18
59639.892593	-8.8586983140e-15	1	2e-17	2.52485e-18
59639.892604	-9.4682816681e-15	1	2e-17	2.52485e-18
59639.892616	-9.6043397234e-15	1	2e-17	2.52485e-18
59639.892627	-1.0886518060e-14	1	2e-17	2.52485e-18
59639.892639	-8.6524330859e-15	1	2e-17	2.52485e-18
59639.892650	-9.9836783467e-15	1	2e-17	2.52485e-18
59639.892662	-8.9976498339e-15	1	2e-17	2.52485e-18
59639.892674	-9.3119913839e-15	1	2e-17	2.52485e-18
59639.892685	-1.2203841487e-14	1	2e-17	2.52485e-18
59639.892697	-1.0792962424e-14	1	2e-17	2.52485e-18
59639.892708	-1.0357858539e-14	1	2e-17	2.52485e-18
59639.892720	-9.2389847671e-15	1	2e-17	2.52485e-18
59639.892731	-8.7804604218e-15	1	2e-17	2.52485e-18
59639.892743	-7.9975182225e-15	1	2e-17	2.52485e-18
59639.892755	-9.9207353283e-15	1	2e-17	2.52485e-18
59639.892766	-9.5003613470e-15	1	2e-17	2.52485e-18
59639.892778	-7.3183206186e-15	1	2e-17	2.52485e-18
59639.892789	-9.7262201412e-15	1	2e-17	2.52485e-18
59639.892801	-8.7537534730e-15	1	2e-17	2.52485e-18
59639.892812	-9.2080435006e-15	1	2e-17	2.52485e-18
59639.892824	-1.0178569616e-14	1	2e-17	2.52485e-18
59639.892836	-8.4388918447e-15	1	2e-17	2.52485e-18
59639.892847	-1.0189487024e-14	1	2e-17	2.52485e-18
59639.892859	-9.1788903206e-15	1	2e-17	2.52485e-18
59639.892870	-8.4148877780e-15	1	2e-17	2.52485e-18
59639.892882	-7.9704716134e-15	1	2e-17	2.52485e-18
59639.892894	-9.5402557517e-15	1	2e-17	2.52485e-18
59639.892905	-1.0997417542e-14	1	2e-17	2.52485e-18
59639.892917	-9.2370501439e-15	1	2e-17	2.52485e-18
59639.892928	-1.0038896424e-14	1	2e-17	2.52485e-18
59639.892940	-9.4093866203e-15	1	2e-17	2.52485e-18
59639.892951	-9.5486498482e-15	1	2e-17	2.52485e-18
59639.892963	-1.0781236946e-14	1	2e-17	2.52485e-18
59639.892975	-1.0149545185e-14	1	2e-17	2.52485e-18
59639.892986	-1.0377515633e-14	1	2e-17	2.52485e-18
59639.892998	-6.9596911039e-15	1	2e-17	2.52485e-18
59639.893009	-9.8100459098e-15	1	2e-17	2.52485e-18
59639.893021	-7.6319980948e-15	1	2e-17	2.52485e-18
59639.893032	-7.1640547430e-15	1	2e-17	2.52485e-18
59639.893044	-9.7802422085e-15	1	2e-17	2.52485e-18
59639.893056	-1.1044942020e-14	1	2e-17	2.52485e-18
59639.893067	-8.9586863183e-15	1	2e-17	2.52485e-18
59639.893079	-8.4310457785e-15	1	2e-17	2.52485e-18
59639.893090	-8.0074412135e-15	1	2e-17	2.52485e-18
59639.893102	-9.3652460393e-15	1	2e-17	2.52485e-18
59639.893113	-7.9115265906e-15	1	2e-17	2.52485e-18
59639.893125	-7.1499347038e-15	1	2e-17	2.52485e-18
59639.893137	-6.5079531865e-15	1	2e-17	2.52485e-18
59639.893148	-9.8592585241e-15	1	2e-17	2.52485e-18
59639.893160	-9.8018661127e-15	1	2e-17	2.52485e-18
59639.893171	-9.1544186917e-15	1	2e-17	2.52485e-18
59639.893183	-9.0967077959e-15	1	2e-17	2.52485e-18
59639.893194	-8.4747145621e-15	1	2e-17	2.52485e-18
59639.893206	-1.0491496621e-14	1	2e-17	2.52485e-18
59639.893218	-8.8436948194e-15	1	2e-17	2.52485e-18
59639.893229	-8.1541015801e-15	1	2e-17	2.52485e-18
59639.893241	-9.3644328877e-15	1	2e-17	2.52485e-18
59639.893252	-1.0535504218e-14	1	2e-17	2.52485e-18
59639.893264	-1.1235431259e-14	1	2e-17	2.52485e-18
59639.893275	-7.6934096775e-15	1	2e-17	2.52485e-18
59639.893287	-8.7774576900e-15	1	2e-17	2.52485e-18
59639.893299	-7.9273965999e-15	1	2e-17	2.52485e-18
59639.893310	-7.8904024360e-15	1	2e-17	2.52485e-18
59639.893322	-1.0113452265e-14	1	2e-17	2.52485e-18
59639.893333	-9.1031808217e-15	1	2e-17	2.52485e-18
59639.893345	-8.9849511159e-15	1	2e-17	2.52485e-18
59639.893356	-9.8288618997e-15	1	2e-17	2.52485e-18
59639.893368	-9.4017218191e-15	1	2e-17	2.52485e-18
59639.893380	-9.9843890073e-15	1	2e-17	2.52485e-18
59639.893391	-1.1099136882e-14	1	2e-17	2.52485e-18
59639.893403	-9.3223336562e-15	1	2e-17	2.52485e-18
59639.893414	-7.4173938272e-15	1	2e-17	2.52485e-18
59639.893426	-8.3258442865e-15	1	2e-17	2.52485e-18
59639.893437	-8.3806303775e-15	1	2e-17	2.52485e-18
59639.893449	-6.9447833240e-15	1	2e-17	2.52485e-18
59639.893461	-9.0000037384e-15	1	2e-17	2.52485e-18
59639.893472	-8.9441461507e-15	1	2e-17	2.52485e-18
59639.893484	-9.4138394725e-15	1	2e-17	2.52485e-18
59639.893495	-8.7968284865e-15	1	2e-17	2.52485e-18
59639.893507	-7.1329881156e-15	1	2e-17	2.52485e-18
59639.893519	-7.9697109779e-15	1	2e-17	2.52485e-18
59639.893530	-7.8897137982e-15	1	2e-17	2.52485e-18
59639.893542	-6.6832805362e-15	1	2e-17	2.52485e-18
59639.893553	-7.0057281916e-15	1	2e-17	2.52485e-18
59639.893565	-9.9522305544e-15	1	2e-17	2.52485e-18
59639.893576	-9.3362402431e-15	1	2e-17	2.52485e-18
59639.893588	-7.1610765752e-15	1	2e-17	2.52485e-18
59639.893600	-9.4918918645e-15	1	2e-17	2.52485e-18
59639.893611	-1.0278406002e-14	1	2e-17	2.52485e-18
59639.893623	-1.0459829448e-14	1	2e-17	2.52485e-18
59639.893634	-9.7082833715e-15	1	2e-17	2.52485e-18
59639.893646	-8.6989792404e-15	1	2e-17	2.52485e-18
59639.893657	-8.8856221033e-15	1	2e-17	2.52485e-18
59639.893669	-7.6839423902e-15	1	2e-17	2.52485e-18
59639.893681	-8.6003871464e-15	1	2e-17	2.52485e-18
59639.893692	-7.7885306304e-15	1	2e-17	2.52485e-18
59639.893704	-8.9637371757e-15	1	2e-17	2.52485e-18
59639.893715	-9.7043090930e-15	1	2e-17	2.52485e-18
59639.893727	-1.0775474581e-14	1	2e-17	2.52485e-18
59639.893738	-9.3349917165e-15	1	2e-17	2.52485e-18
59639.893750	-9.0656360863e-15	1	2e-17	2.52485e-18
59639.893762	-9.4094560770e-15	1	2e-17	2.52485e-18
59639.893773	-9.8279996202e-15	1	2e-17	2.52485e-18
59639.893785	-8.0133230102e-15	1	2e-17	2.52485e-18
59639.893796	-1.0284647788e-14	1	2e-17	2.52485e-18
59639.893808	-7.4598378012e-15	1	2e-17	2.52485e-18
59639.893819	-9.2111817577e-15	1	2e-17	2.52485e-18
59639.893831	-1.0327860867e-14	1	2e-17	2.52485e-18
59639.893843	-9.2876459629e-15	1	2e-17	2.52485e-18
59639.893854	-9.5784874308e-15	1	2e-17	2.52485e-18
59639.893866	-9.5384193843e-15	1	2e-17	2.52485e-18
59639.893877	-9.9962711855e-15	1	2e-17	2.52485e-18
59639.893889	-9.2496429827e-15	1	2e-17	2.52485e-18
59639.893900	-7.7657581497e-15	1	2e-17	2.52485e-18
59639.893912	-7.4402738812e-15	1	2e-17	2.52485e-18
59639.893924	-7.2374069492e-15	1	2e-17	2.52485e-18
59639.893935	-9.1892292048e-15	1	2e-17	2.52485e-18
59639.893947	-8.1003861388e-15	1	2e-17	2.52485e-18
59639.893958	-6.4311450859e-15	1	2e-17	2.52485e-18
59639.893970	-7.2661645648e-15	1	2e-17	2.52485e-18
59639.893981	-7.5496741156e-15	1	2e-17	2.52485e-18
59639.893993	-7.8100910071e-15	1	2e-17	2.52485e-18
59639.894005	-9.5414017873e-15	1	2e-17	2.52485e-18
59639.894016	-7.2881272821e-15	1	2e-17	2.52485e-18
59639.894028	-6.4411527801e-15	1	2e-17	2.52485e-18
59639.894039	-7.2069730555e-15	1	2e-17	2.52485e-18
59639.894051	-7.0018360752e-15	1	2e-17	2.52485e-18
59639.894062	-3.2639906403e-15	1	2e-17	2.52485e-18
59639.894074	-7.1414584451e-15	1	2e-17	2.52485e-18
59639.894086	-5.5120618221e-15	1	2e-17	2.52485e-18
59639.894097	-6.7023133666e-15	1	2e-17	2.52485e-18
59639.894109	-8.5693442359e-15	1	2e-17	2.52485e-18
59639.894120	-9.6118579879e-15	1	2e-17	2.52485e-18
59639.894132	-9.0386648632e-15	1	2e-17	2.52485e-18
59639.894144	-6.6960758160e-15	1	2e-17	2.52485e-18
59639.894155	-8.1535933604e-15	1	2e-17	2.52485e-18
59639.894167	-8.1181314790e-15	1	2e-17	2.52485e-18
59639.894178	-7.7894064625e-15	1	2e-17	2.52485e-18
59639.894190	-7.1255452371e-15	1	2e-17	2.52485e-18
59639.894201	-7.5021132156e-15	1	2e-17	2.52485e-18
59639.894213	-6.7717590568e-15	1	2e-17	2.52485e-18
59639.894225	-8.9052842791e-15	1	2e-17	2.52485e-18
59639.894236	-8.0593643331e-15	1	2e-17	2.52485e-18
59639.894248	-8.6360633271e-15	1	2e-17	2.52485e-18
59639.894259	-8.5522866865e-15	1	2e-17	2.52485e-18
59639.894271	-1.1090670788e-14	1	2e-17	2.52485e-18
59639.894282	-7.4348935279e-15	1	2e-17	2.52485e-18
59639.894294	-1.0018367734e-14	1	2e-17	2.52485e-18
59639.894306	-9.3699064146e-15	1	2e-17	2.52485e-18
59639.894317	-9.3797514786e-15	1	2e-17	2.52485e-18
59639.894329	-1.0037780035e-14	1	2e-17	2.52485e-18
59639.894340	-9.2536011677e-15	1	2e-17	2.52485e-18
59639.894352	-1.0437708335e-14	1	2e-17	2.52485e-18
59639.894363	-9.1007498372e-15	1	2e-17	2.52485e-18
59639.894375	-9.3571441692e-15	1	2e-17	2.52485e-18
59639.894387	-1.0008472695e-14	1	2e-17	2.52485e-18
59639.894398	-9.1310549820e-15	1	2e-17	2.52485e-18
59639.894410	-9.1725392676e-15	1	2e-17	2.52485e-18
59639.894421	-6.0058388316e-15	1	2e-17	2.52485e-18
59639.894433	-9.0085096433e-15	1	2e-17	2.52485e-18
59639.894444	-1.0664891889e-14	1	2e-17	2.52485e-18
59639.894456	-8.3484185615e-15	1	2e-17	2.52485e-18
59639.894468	-9.4462901517e-15	1	2e-17	2.52485e-18
59639.894479	-7.1813791079e-15	1	2e-17	2.52485e-18
59639.894491	-7.6015955412e-15	1	2e-17	2.52485e-18
59639.894502	-7.3775409271e-15	1	2e-17	2.52485e-18
59639.894514	-8.1667333825e-15	1	2e-17	2.52485e-18
59639.894525	-9.4461732612e-15	1	2e-17	2.52485e-18
59639.894537	-9.4407785083e-15	1	2e-17	2.52485e-18
59639.894549	-1.0929115347e-14	1	2e-17	2.52485e-18
59639.894560	-9.1839123790e-15	1	2e-17	2.52485e-18
59639.894572	-8.8933351853e-15	1	2e-17	2.52485e-18
59639.894583	-9.0465905505e-15	1	2e-17	2.52485e-18
59639.894595	-8.7135295724e-15	1	2e-17	2.52485e-18
59639.894606	-1.0712296088e-14	1	2e-17	2.52485e-18
59639.894618	-7.9121220548e-15	1	2e-17	2.52485e-18
59639.894630	-1.0803822233e-14	1	2e-17	2.52485e-18
59639.894641	-9.4007502724e-15	1	2e-17	2.52485e-18
59639.894653	-7.7521082137e-15	1	2e-17	2.52485e-18
59639.894664	-8.7382714047e-15	1	2e-17	2.52485e-18
59639.894676	-1.0239214634e-14	1	2e-17	2.52485e-18
59639.894687	-7.0576877337e-15	1	2e-17	2.52485e-18
59639.894699	-8.8624261060e-15	1	2e-17	2.52485e-18
59639.894711	-9.6560985187e-15	1	2e-17	2.52485e-18
59639.894722	-7.8391628719e-15	1	2e-17	2.52485e-18
59639.894734	-8.9068987239e-15	1	2e-17	2.52485e-18
59639.894745	-1.0147657149e-14	1	2e-17	2.52485e-18
59639.894757	-1.0608165245e-14	1	2e-17	2.52485e-18
59639.894769	-9.8763414845e-15	1	2e-17	2.52485e-18
59639.894780	-9.1676993213e-15	1	2e-17	2.52485e-18
59639.894792	-1.0115595258e-14	1	2e-17	2.52485e-18
59639.894803	-1.0257795996e-14	1	2e-17	2.52485e-18
59639.894815	-7.4125386344e-15	1	2e-17	2.52485e-18
59639.894826	-8.5215834362e-15	1	2e-17	2.52485e-18
59639.894838	-9.1859918448e-15	1	2e-17	2.52485e-18
59639.894850	-9.7009633128e-15	1	2e-17	2.52485e-18
59639.894861	-8.8612284014e-15	1	2e-17	2.52485e-18
59639.894873	-8.2359478327e-15	1	2e-17	2.52485e-18
59639.894884	-9.3212113375e-15	1	2e-17	2.52485e-18
59639.894896	-8.5902337625e-15	1	2e-17	2.52485e-18
59639.894907	-9.1508755529e-15	1	2e-17	2.52485e-18
59639.894919	-8.6667767418e-15	1	2e-17	2.52485e-18
59639.894931	-7.3642628386e-15	1	2e-17	2.52485e-18
59639.894942	-7.7306681157e-15	1	2e-17	2.52485e-18
59639.894954	-8.0113172362e-15	1	2e-17	2.52485e-18
59639.894965	-9.6372622000e-15	1	2e-17	2.52485e-18
59639.894977	-8.8622338295e-15	1	2e-17	2.52485e-18
59639.894988	-9.6559375824e-15	1	2e-17	2.52485e-18
59639.895000	-9.4844015522e-15	1	2e-17	2.52485e-18
59639.895012	-8.6017559517e-15	1	2e-17	2.52485e-18
59639.895023	-1.0421337729e-14	1	2e-17	2.52485e-18
59639.895035	-1.1448918290e-14	1	2e-17	2.52485e-18
59639.895046	-1.0084351601e-14	1	2e-17	2.52485e-18
59639.895058	-9.5454268879e-15	1	2e-17	2.52485e-18
59639.895069	-8.2239724809e-15	1	2e-17	2.52485e-18
59639.895081	-8.7170015604e-15	1	2e-17	2.52485e-18
59639.895093	-7.3663084232e-15	1	2e-17	2.52485e-18
59639.895104	-7.4284281254e-15	1	2e-17	2.52485e-18
59639.895116	-8.9910980340e-15	1	2e-17	2.52485e-18
59639.895127	-9.2117221647e-15	1	2e-17	2.52485e-18
59639.895139	-9.6898011126e-15	1	2e-17	2.52485e-18
59639.895150	-9.4187124530e-15	1	2e-17	2.52485e-18
59639.895162	-1.1486018334e-14	1	2e-17	2.52485e-18
59639.895174	-1.0190720304e-14	1	2e-17	2.52485e-18
59639.895185	-1.0143538875e-14	1	2e-17	2.52485e-18
59639.895197	-9.3422795880e-15	1	2e-17	2.52485e-18
59639.895208	-8.5170374104e-15	1	2e-17	2.52485e-18
59639.895220	-9.7372806975e-15	1	2e-17	2.52485e-18
59639.895231	-8.2995845710e-15	1	2e-17	2.52485e-18
59639.895243	-7.3278124698e-15	1	2e-17	2.52485e-18
59639.895255	-5.8155452567e-15	1	2e-17	2.52485e-18
59639.895266	-5.4115655980e-15	1	2e-17	2.52485e-18
59639.895278	-7.6435372246e-15	1	2e-17	2.52485e-18
59639.895289	-7.5901436557e-15	1	2e-17	2.52485e-18
59639.895301	-6.3012720652e-15	1	2e-17	2.52485e-18
59639.895312	-9.5386946700e-15	1	2e-17	2.52485e-18
59639.895324	-8.5877570382e-15	1	2e-17	2.52485e-18
59639.895336	-8.8620949161e-15	1	2e-17	2.52485e-18
59639.895347	-8.6570350159e-15	1	2e-17	2.52485e-18
59639.895359	-1.0512426806e-14	1	2e-17	2.52485e-18
59639.895370	-7.1604455357e-15	1	2e-17	2.52485e-18
59639.895382	-8.6573052194e-15	1	2e-17	2.52485e-18
59639.895394	-7.8389409493e-15	1	2e-17	2.52485e-18
59639.895405	-8.0140277417e-15	1	2e-17	2.52485e-18
59639.895417	-8.3948791657e-15	1	2e-17	2.52485e-18
59639.895428	-8.6143360850e-15	1	2e-17	2.52485e-18
59639.895440	-8.8960168916e-15	1	2e-17	2.52485e-18
59639.895451	-6.4286302451e-15	1	2e-17	2.52485e-18
59639.895463	-7.6121648183e-15	1	2e-17	2.52485e-18
59639.895475	-8.1130018475e-15	1	2e-17	2.52485e-18
59639.895486	-6.9634375306e-15	1	2e-17	2.52485e-18
59639.895498	-8.2106088421e-15	1	2e-17	2.52485e-18
59639.895509	-6.3628267965e-15	1	2e-17	2.52485e-18
59639.895521	-6.2123505464e-15	1	2e-17	2.52485e-18
59639.895532	-7.9585674124e-15	1	2e-17	2.52485e-18
59639.895544	-7.9816710831e-15	1	2e-17	2.52485e-18
59639.895556	-7.0412883288e-15	1	2e-17	2.52485e-18
59639.895567	-7.2471512163e-15	1	2e-17	2.52485e-18
59639.895579	-8.9295975128e-15	1	2e-17	2.52485e-18
59639.895590	-8.7078324288e-15	1	2e-17	2.52485e-18
59639.895602	-7.2021288740e-15	1	2e-17	2.52485e-18
59639.895613	-9.6722870124e-15	1	2e-17	2.52485e-18
59639.895625	-7.9645085015e-15	1	2e-17	2.52485e-18
59639.895637	-8.7287380489e-15	1	2e-17	2.52485e-18
59639.895648	-8.2810845244e-15	1	2e-17	2.52485e-18
59639.895660	-7.0521659259e-15	1	2e-17	2.52485e-18
59639.895671	-8.6506001066e-15	1	2e-17	2.52485e-18
59639.895683	-7.7570531921e-15	1	2e-17	2.52485e-18
59639.895694	-8.8488574852e-15	1	2e-17	2.52485e-18
59639.895706	-7.9167968296e-15	1	2e-17	2.52485e-18
59639.895718	-8.9743488045e-15	1	2e-17	2.52485e-18
59639.895729	-1.0292048314e-14	1	2e-17	2.52485e-18
59639.895741	-9.1978325184e-15	1	2e-17	2.52485e-18
59639.895752	-1.0497233576e-14	1	2e-17	2.52485e-18
59639.895764	-9.4235439290e-15	1	2e-17	2.52485e-18
59639.895775	-8.1913303722e-15	1	2e-17	2.52485e-18
59639.895787	-7.8779722275e-15	1	2e-17	2.52485e-18
59639.895799	-8.9227865209e-15	1	2e-17	2.52485e-18
59639.895810	-7.6733646428e-15	1	2e-17	2.52485e-18
59639.895822	-6.9336948157e-15	1	2e-17	2.52485e-18
59639.895833	-8.6846881005e-15	1	2e-17	2.52485e-18
59639.895845	-7.1366151107e-15	1	2e-17	2.52485e-18
59639.895856	-7.9611093583e-15	1	2e-17	2.52485e-18
59639.895868	-7.6124960082e-15	1	2e-17	2.52485e-18
59639.895880	-8.0709356502e-15	1	2e-17	2.52485e-18
59639.895891	-8.9024170726e-15	1	2e-17	2.52485e-18
59639.895903	-5.8211229687e-15	1	2e-17	2.52485e-18
59639.895914	-8.4592384231e-15	1	2e-17	2.52485e-18
59639.895926	-9.7386639023e-15	1	2e-17	2.52485e-18
59639.895937	-1.0885069633e-14	1	2e-17	2.52485e-18
59639.895949	-9.8992842190e-15	1	2e-17	2.52485e-18
59639.895961	-8.3612197705e-15	1	2e-17	2.52485e-18
59639.895972	-9.2444837050e-15	1	2e-17	2.52485e-18
59639.895984	-7.5234567518e-15	1	2e-17	2.52485e-18
59639.895995	-9.6812367625e-15	1	2e-17	2.52485e-18
59639.896007	-8.1818334388e-15	1	2e-17	2.52485e-18
59639.896019	-7.6679105977e-15	1	2e-17	2.52485e-18
59639.896030	-7.4032051783e-15	1	2e-17	2.52485e-18
59639.896042	-8.1326674114e-15	1	2e-17	2.52485e-18
59639.896053	-8.4528916053e-15	1	2e-17	2.52485e-18
59639.896065	-6.5341595389e-15	1	2e-17	2.52485e-18
59639.896076	-8.0093597431e-15	1	2e-17	2.52485e-18
59639.896088	-8.1157309876e-15	1	2e-17	2.52485e-18
59639.896100	-8.2720204249e-15	1	2e-17	2.52485e-18
59639.896111	-7.8800525404e-15	1	2e-17	2.52485e-18
59639.896123	-9.2264232685e-15	1	2e-17	2.52485e-18
59639.896134	-8.7373566092e-15	1	2e-17	2.52485e-18
59639.896146	-7.6230373332e-15	1	2e-17	2.52485e-18
59639.896157	-6.8539093942e-15	1	2e-17	2.52485e-18
59639.896169	-8.0761432088e-15	1	2e-17	2.52485e-18
59639.896181	-7.3569088985e-15	1	2e-17	2.52485e-18
59639.896192	-8.2414467706e-15	1	2e-17	2.52485e-18
59639.896204	-9.1031308468e-15	1	2e-17	2.52485e-18
59639.896215	-7.8317902971e-15	1	2e-17	2.52485e-18
59639.896227	-9.1961672516e-15	1	2e-17	2.52485e-18
59639.896238	-9.2563650362e-15	1	2e-17	2.52485e-18
59639.896250	-1.0171911090e-14	1	2e-17	2.52485e-18
59639.896262	-1.0168499242e-14	1	2e-17	2.52485e-18
59639.896273	-1.2652154003e-14	1	2e-17	2.52485e-18
59639.896285	-9.9443633124e-15	1	2e-17	2.52485e-18
59639.896296	-9.9502857668e-15	1	2e-17	2.52485e-18
59639.896308	-1.0209177152e-14	1	2e-17	2.52485e-18
59639.896319	-9.4926541942e-15	1	2e-17	2.52485e-18
59639.896331	-8.3704854639e-15	1	2e-17	2.52485e-18
59639.896343	-7.9341567699e-15	1	2e-17	2.52485e-18
59639.896354	-8.9815672193e-15	1	2e-17	2.52485e-18
59639.896366	-1.0394318225e-14	1	2e-17	2.52485e-18
59639.896377	-1.0850553888e-14	1	2e-17	2.52485e-18
59639.896389	-1.0892987697e-14	1	2e-17	2.52485e-18
59639.896400	-9.2581310999e-15	1	2e-17	2.52485e-18
59639.896412	-9.3262113730e-15	1	2e-17	2.52485e-18
59639.896424	-8.8465552497e-15	1	2e-17	2.52485e-18
59639.896435	-8.5139000003e-15	1	2e-17	2.52485e-18
59639.896447	-9.1438299329e-15	1	2e-17	2.52485e-18
59639.896458	-7.9711356873e-15	1	2e-17	2.52485e-18
59639.896470	-9.2885116306e-15	1	2e-17	2.52485e-18
59639.896481	-8.1912837854e-15	1	2e-17	2.52485e-18
59639.896493	-8.0731582647e-15	1	2e-17	2.52485e-18
59639.896505	-8.4123271974e-15	1	2e-17	2.52485e-18
59639.896516	-8.4273103632e-15	1	2e-17	2.52485e-18
59639.896528	-8.8283016897e-15	1	2e-17	2.52485e-18
59639.896539	-7.4309539777e-15	1	2e-17	2.52485e-18
59639.896551	-6.9532392539e-15	1	2e-17	2.52485e-18
59639.896562	-8.5140016443e-15	1	2e-17	2.52485e-18
59639.896574	-7.9076844492e-15	1	2e-17	2.52485e-18
59639.896586	-7.1056882437e-15	1	2e-17	2.52485e-18
59639.896597	-7.4643084411e-15	1	2e-17	2.52485e-18
59639.896609	-7.9494507968e-15	1	2e-17	2.52485e-18
59639.896620	-8.0196596637e-15	1	2e-17	2.52485e-18
59639.896632	-1.0037575053e-14	1	2e-17	2.52485e-18
59639.896644	-9.5774049227e-15	1	2e-17	2.52485e-18
59639.896655	-7.9546854604e-15	1	2e-17	2.52485e-18
59639.896667	-8.8722525352e-15	1	2e-17	2.52485e-18
59639.896678	-9.2782455913e-15	1	2e-17	2.52485e-18
59639.896690	-9.0564779661e-15	1	2e-17	2.52485e-18
59639.896701	-1.1180712931e-14	1	2e-17	2.52485e-18
59639.896713	-9.8865575489e-15	1	2e-17	2.52485e-18
59639.896725	-9.9777702918e-15	1	2e-17	2.52485e-18
59639.896736	-8.8389167066e-15	1	2e-17	2.52485e-18
59639.896748	-9.3619121177e-15	1	2e-17	2.52485e-18
59639.896759	-7.6373716718e-15	1	2e-17	2.52485e-18
59639.896771	-7.8688615411e-15	1	2e-17	2.52485e-18
59639.896782	-8.2382161870e-15	1	2e-17	2.52485e-18
59639.896794	-6.7024209398e-15	1	2e-17	2.52485e-18
59639.896806	-8.4389714658e-15	1	2e-17	2.52485e-18
59639.896817	-8.7493006208e-15	1	2e-17	2.52485e-18
59639.896829	-8.3142441703e-15	1	2e-17	2.52485e-18
59639.896840	-7.8482600058e-15	1	2e-17	2.52485e-18
59639.896852	-7.6167692894e-15	1	2e-17	2.52485e-18
59639.896863	-9.8578583786e-15	1	2e-17	2.52485e-18
59639.896875	-8.1922519441e-15	1	2e-17	2.52485e-18
59639.896887	-8.9126737945e-15	1	2e-17	2.52485e-18
59639.896898	-8.9543952494e-15	1	2e-17	2.52485e-18
59639.896910	-8.0972758338e-15	1	2e-17	2.52485e-18
59639.896921	-8.2734425932e-15	1	2e-17	2.52485e-18
59639.896933	-7.3516699998e-15	1	2e-17	2.52485e-18
59639.896944	-7.4429555875e-15	1	2e-17	2.52485e-18
59639.896956	-8.2279001727e-15	1	2e-17	2.52485e-18
59639.896968	-9.5096507573e-15	1	2e-17	2.52485e-18
59639.896979	-7.7866552995e-15	1	2e-17	2.52485e-18
59639.896991	-7.9702751018e-15	1	2e-17	2.52485e-18
59639.897002	-9.3094638376e-15	1	2e-17	2.52485e-18
59639.897014	-9.0845333914e-15	1	2e-17	2.52485e-18
59639.897025	-9.0138154577e-15	1	2e-17	2.52485e-18
59639.897037	-8.6797312637e-15	1	2e-17	2.52485e-18
59639.897049	-7.6501415405e-15	1	2e-17	2.52485e-18
59639.897060	-7.9858418733e-15	1	2e-17	2.52485e-18
59639.897072	-6.4963683169e-15	1	2e-17	2.52485e-18
59639.897083	-9.1185824218e-15	1	2e-17	2.52485e-18
59639.897095	-5.1192274229e-15	1	2e-17	2.52485e-18
59639.897106	-6.0975021961e-15	1	2e-17	2.52485e-18
59639.897118	-7.8256493083e-15	1	2e-17	2.52485e-18
59639.897130	-8.5621952779e-15	1	2e-17	2.52485e-18
59639.897141	-8.3503421734e-15	1	2e-17	2.52485e-18
59639.897153	-8.1067473562e-15	1	2e-17	2.52485e-18
59639.897164	-9.2363936933e-15	1	2e-17	2.52485e-18
59639.897176	-7.8760062640e-15	1	2e-17	2.52485e-18
59639.897187	-7.5431689025e-15	1	2e-17	2.52485e-18
59639.897199	-7.7850620305e-15	1	2e-17	2.52485e-18
59639.897211	-7.6460952641e-15	1	2e-17	2.52485e-18
59639.897222	-8.7982828420e-15	1	2e-17	2.52485e-18
59639.897234	-8.2582231052e-15	1	2e-17	2.52485e-18
59639.897245	-1.0099235664e-14	1	2e-17	2.52485e-18
59639.897257	-9.1390721488e-15	1	2e-17	2.52485e-18
59639.897269	-7.3879933136e-15	1	2e-17	2.52485e-18
59639.897280	-6.6562271509e-15	1	2e-17	2.52485e-18
59639.897292	-8.4807081672e-15	1	2e-17	2.52485e-18
59639.897303	-8.4914443099e-15	1	2e-17	2.52485e-18
59639.897315	-9.4784443694e-15	1	2e-17	2.52485e-18
59639.897326	-8.9145991004e-15	1	2e-17	2.52485e-18
59639.897338	-9.0972270271e-15	1	2e-17	2.52485e-18
59639.897350	-8.9843895331e-15	1	2e-17	2.52485e-18
59639.897361	-6.9905857836e-15	1	2e-17	2.52485e-18
59639.897373	-8.2887467845e-15	1	2e-17	2.52485e-18
59639.897384	-9.0009905318e-15	1	2e-17	2.52485e-18
59639.897396	-1.0969860172e-14	1	2e-17	2.52485e-18
59639.897407	-8.1683444392e-15	1	2e-17	2.52485e-18
59639.897419	-9.1998908085e-15	1	2e-17	2.52485e-18
59639.897431	-1.0809049273e-14	1	2e-17	2.52485e-18
59639.897442	-1.0025144845e-14	1	2e-17	2.52485e-18
59639.897454	-8.7416968060e-15	1	2e-17	2.52485e-18
59639.897465	-1.0702896563e-14	1	2e-17	2.52485e-18
59639.897477	-1.1800216735e-14	1	2e-17	2.52485e-18
59639.897488	-1.0940823036e-14	1	2e-17	2.52485e-18
59639.897500	-1.2283514253e-14	1	2e-17	2.52485e-18
59639.897512	-7.0834307590e-15	1	2e-17	2.52485e-18
59639.897523	-3.5508739232e-15	1	2e-17	2.52485e-18
59639.897535	-7.9929323861e-15	1	2e-17	2.52485e-18
59639.897546	-6.4944006593e-15	1	2e-17	2.52485e-18
59639.897558	-6.1189295885e-15	1	2e-17	2.52485e-18
59639.897569	-7.6879996781e-15	1	2e-17	2.52485e-18
59639.897581	-8.8729911480e-15	1	2e-17	2.52485e-18
59639.897593	-9.8643712149e-15	1	2e-17	2.52485e-18
59639.897604	-8.2761861329e-15	1	2e-17	2.52485e-18
59639.897616	-8.5700845427e-15	1	2e-17	2.52485e-18
59639.897627	-8.4262879945e-15	1	2e-17	2.52485e-18
59639.897639	-7.0333228309e-15	1	2e-17	2.52485e-18
59639.897650	-7.7795038003e-15	1	2e-17	2.52485e-18
59639.897662	-8.8336803489e-15	1	2e-17	2.52485e-18
59639.897674	-1.0817088463e-14	1	2e-17	2.52485e-18
59639.897685	-9.3642126591e-15	1	2e-17	2.52485e-18
59639.897697	-9.0820016099e-15	1	2e-17	2.52485e-18
59639.897708	-8.5285723050e-15	1	2e-17	2.52485e-18
59639.897720	-8.5405019171e-15	1	2e-17	2.52485e-18
59639.897731	-1.1167628813e-14	1	2e-17	2.52485e-18
59639.897743	-9.2623366184e-15	1	2e-17	2.52485e-18
59639.897755	-1.0787156860e-14	1	2e-17	2.52485e-18
59639.897766	-8.3698332485e-15	1	2e-17	2.52485e-18
59639.897778	-9.9996669406e-15	1	2e-17	2.52485e-18
59639.897789	-1.1383452808e-14	1	2e-17	2.52485e-18
59639.897801	-9.7944647388e-15	1	2e-17	2.52485e-18
59639.897812	-9.9222091657e-15	1	2e-17	2.52485e-18
59639.897824	-8.9388250897e-15	1	2e-17	2.52485e-18
59639.897836	-1.0107619596e-14	1	2e-17	2.52485e-18
59639.897847	-1.0383097580e-14	1	2e-17	2.52485e-18
59639.897859	-8.4171552852e-15	1	2e-17	2.52485e-18
59639.897870	-1.0254996552e-14	1	2e-17	2.52485e-18
59639.897882	-8.0996509142e-15	1	2e-17	2.52485e-18
59639.897894	-8.6730219157e-15	1	2e-17	2.52485e-18
59639.897905	-8.8342343084e-15	1	2e-17	2.52485e-18
59639.897917	-8.7055251110e-15	1	2e-17	2.52485e-18
59639.897928	-9.2050382277e-15	1	2e-17	2.52485e-18
59639.897940	-1.0106648896e-14	1	2e-17	2.52485e-18
59639.897951	-1.0893054613e-14	1	2e-17	2.52485e-18
59639.897963	-8.3019740510e-15	1	2e-17	2.52485e-18
59639.897975	-7.8284013183e-15	1	2e-17	2.52485e-18
59639.897986	-8.9996234206e-15	1	2e-17	2.52485e-18
59639.897998	-7.0183167952e-15	1	2e-17	2.52485e-18
59639.898009	-9.2272465845e-15	1	2e-17	2.52485e-18
59639.898021	-9.2217112242e-15	1	2e-17	2.52485e-18
59639.898032	-1.1967900459e-14	1	2e-17	2.52485e-18
59639.898044	-1.0812242588e-14	1	2e-17	2.52485e-18
59639.898056	-8.8185904569e-15	1	2e-17	2.52485e-18
59639.898067	-8.4026879625e-15	1	2e-17	2.52485e-18
59639.898079	-9.2781659702e-15	1	2e-17	2.52485e-18
59639.898090	-1.1546050947e-14	1	2e-17	2.52485e-18
59639.898102	-6.4319633197e-15	1	2e-17	2.52485e-18
59639.898113	-8.8851062602e-15	1	2e-17	2.52485e-18
59639.898125	-7.7887999869e-15	1	2e-17	2.52485e-18
59639.898137	-9.7815957672e-15	1	2e-17	2.52485e-18
59639.898148	-9.8747329690e-15	1	2e-17	2.52485e-18
59639.898160	-7.9182545733e-15	1	2e-17	2.52485e-18
59639.898171	-9.5885815225e-15	1	2e-17	2.52485e-18
59639.898183	-1.0383058616e-14	1	2e-17	2.52485e-18
59639.898194	-9.9583605319e-15	1	2e-17	2.52485e-18
59639.898206	-8.4280853984e-15	1	2e-17	2.52485e-18
59639.898218	-8.4828181263e-15	1	2e-17	2.52485e-18
59639.898229	-9.3945999661e-15	1	2e-17	2.52485e-18
59639.898241	-8.3261991933e-15	1	2e-17	2.52485e-18
59639.898252	-8.7149254827e-15	1	2e-17	2.52485e-18
59639.898264	-9.6856481101e-15	1	2e-17	2.52485e-18
59639.898275	-7.9975766678e-15	1	2e-17	2.52485e-18
59639.898287	-9.1487156189e-15	1	2e-17	2.52485e-18
59639.898299	-7.5717232302e-15	1	2e-17	2.52485e-18
59639.898310	-7.9577296968e-15	1	2e-17	2.52485e-18
59639.898322	-8.5349377576e-15	1	2e-17	2.52485e-18
59639.898333	-1.0073924625e-14	1	2e-17	2.52485e-18
59639.898345	-8.6642076909e-15	1	2e-17	2.52485e-18
59639.898356	-7.6965928273e-15	1	2e-17	2.52485e-18
59639.898368	-8.2086250910e-15	1	2e-17	2.52485e-18
59639.898380	-8.2487481946e-15	1	2e-17	2.52485e-18
59639.898391	-1.0159692640e-14	1	2e-17	2.52485e-18
59639.898403	-9.6307883272e-15	1	2e-17	2.52485e-18
59639.898414	-5.7560378041e-15	1	2e-17	2.52485e-18
59639.898426	-9.9939867376e-15	1	2e-17	2.52485e-18
59639.898438	-9.0478483944e-15	1	2e-17	2.52485e-18
59639.898449	-9.4400991879e-15	1	2e-17	2.52485e-18
59639.898461	-7.9462286835e-15	1	2e-17	2.52485e-18
59639.898472	-9.6162523948e-15	1	2e-17	2.52485e-18
59639.898484	-9.7024778077e-15	1	2e-17	2.52485e-18
59639.898495	-9.9167314036e-15	1	2e-17	2.52485e-18
59639.898507	-8.1390455695e-15	1	2e-17	2.52485e-18
59639.898519	-7.6941652309e-15	1	2e-17	2.52485e-18
59639.898530	-8.7397393128e-15	1	2e-17	2.52485e-18
59639.898542	-9.1480888145e-15	1	2e-17	2.52485e-18
59639.898553	-9.7954328974e-15	1	2e-17	2.52485e-18
59639.898565	-9.2927781355e-15	1	2e-17	2.52485e-18
59639.898576	-6.4280932262e-15	1	2e-17	2.52485e-18
59639.898588	-7.7119834160e-15	1	2e-17	2.52485e-18
59639.898600	-9.8839198883e-15	1	2e-17	2.52485e-18
59639.898611	-1.1464303797e-14	1	2e-17	2.52485e-18
59639.898623	-9.9109385453e-15	1	2e-17	2.52485e-18
59639.898634	-7.0184785785e-15	1	2e-17	2.52485e-18
59639.898646	-6.9520974535e-15	1	2e-17	2.52485e-18
59639.898657	-9.3657017431e-15	1	2e-17	2.52485e-18
59639.898669	-7.7854635241e-15	1	2e-17	2.52485e-18
59639.898681	-9.7163301845e-15	1	2e-17	2.52485e-18
59639.898692	-9.3783530272e-15	1	2e-17	2.52485e-18
59639.898704	-8.6022065732e-15	1	2e-17	2.52485e-18
59639.898715	-8.6402129415e-15	1	2e-17	2.52485e-18
59639.898727	-9.0138933847e-15	1	2e-17	2.52485e-18
59639.898738	-1.1079763544e-14	1	2e-17	2.52485e-18
59639.898750	-8.8945269607e-15	1	2e-17	2.52485e-18
59639.898762	-1.0084379553e-14	1	2e-17	2.52485e-18
59639.898773	-8.4562416206e-15	1	2e-17	2.52485e-18
59639.898785	-9.1536800790e-15	1	2e-17	2.52485e-18
59639.898796	-8.2669729555e-15	1	2e-17	2.52485e-18
59639.898808	-7.6370650458e-15	1	2e-17	2.52485e-18
59639.898819	-9.1534547682e-15	1	2e-17	2.52485e-18
59639.898831	-6.9493573019e-15	1	2e-17	2.52485e-18
59639.898843	-8.9100454513e-15	1	2e-17	2.52485e-18
59639.898854	-6.4040154676e-15	1	2e-17	2.52485e-18
59639.898866	-7.1596959115e-15	1	2e-17	2.52485e-18
59639.898877	-9.4426555334e-15	1	2e-17	2.52485e-18
59639.898889	-7.0658827774e-15	1	2e-17	2.52485e-18
59639.898900	-8.7078095589e-15	1	2e-17	2.52485e-18
59639.898912	-7.3126294042e-15	1	2e-17	2.52485e-18
59639.898924	-6.3383136630e-15	1	2e-17	2.52485e-18
59639.898935	-7.4369187837e-15	1	2e-17	2.52485e-18
59639.898947	-6.9316780302e-15	1	2e-17	2.52485e-18
59639.898958	-8.4927013067e-15	1	2e-17	2.52485e-18
59639.898970	-8.9801247222e-15	1	2e-17	2.52485e-18
59639.898981	-8.7101134885e-15	1	2e-17	2.52485e-18
59639.898993	-8.8383525826e-15	1	2e-17	2.52485e-18
59639.899005	-9.1540544676e-15	1	2e-17	2.52485e-18
59639.899016	-9.6401167011e-15	1	2e-17	2.52485e-18
59639.899028	-8.3811970425e-15	1	2e-17	2.52485e-18
59639.899039	-9.9924036330e-15	1	2e-17	2.52485e-18
59639.899051	-9.6430465880e-15	1	2e-17	2.52485e-18
59639.899063	-8.4741284153e-15	1	2e-17	2.52485e-18
59639.899074	-4.9394514561e-15	1	2e-17	2.52485e-18
59639.899086	-8.4025422728e-15	1	2e-17	2.52485e-18
59639.899097	-1.0502347960e-14	1	2e-17	2.52485e-18
59639.899109	-7.5341420724e-15	1	2e-17	2.52485e-18
59639.899120	-9.7964154556e-15	1	2e-17	2.52485e-18
59639.899132	-9.4514816167e-15	1	2e-17	2.52485e-18
59639.899144	-7.7237995256e-15	1	2e-17	2.52485e-18
59639.899155	-6.1310972168e-15	1	2e-17	2.52485e-18
59639.899167	-4.6880478422e-15	1	2e-17	2.52485e-18
59639.899178	-8.5109413142e-15	1	2e-17	2.52485e-18
59639.899190	-1.0446280309e-14	1	2e-17	2.52485e-18
59639.899201	-8.1167237103e-15	1	2e-17	2.52485e-18
59639.899213	-1.0557948050e-14	1	2e-17	2.52485e-18
59639.899225	-8.1418018147e-15	1	2e-17	2.52485e-18
59639.899236	-9.3316112080e-15	1	2e-17	2.52485e-18
59639.899248	-8.2204191777e-15	1	2e-17	2.52485e-18
59639.899259	-7.8827638929e-15	1	2e-17	2.52485e-18
59639.899271	-9.7969778855e-15	1	2e-17	2.52485e-18
59639.899282	-8.7058054789e-15	1	2e-17	2.52485e-18
59639.899294	-9.5633551872e-15	1	2e-17	2.52485e-18
59639.899306	-6.3656245463e-15	1	2e-17	2.52485e-18
59639.899317	-7.8513389705e-15	1	2e-17	2.52485e-18
59639.899329	-9.2290965045e-15	1	2e-17	2.52485e-18
59639.899340	-7.8333259679e-15	1	2e-17	2.52485e-18
59639.899352	-1.0030920762e-14	1	2e-17	2.52485e-18
59639.899363	-7.9458517538e-15	1	2e-17	2.52485e-18
59639.899375	-8.3201988119e-15	1	2e-17	2.52485e-18
59639.899387	-8.3203665244e-15	1	2e-17	2.52485e-18
59639.899398	-8.9473335357e-15	1	2e-17	2.52485e-18
59639.899410	-9.2139752723e-15	1	2e-17	2.52485e-18
59639.899421	-5.0114289278e-15	1	2e-17	2.52485e-18
59639.899433	-5.1232635349e-15	1	2e-17	2.52485e-18
59639.899444	-8.4836245017e-15	1	2e-17	2.52485e-18
59639.899456	-7.8839370335e-15	1	2e-17	2.52485e-18
59639.899468	-8.8031905509e-15	1	2e-17	2.52485e-18
59639.899479	-7.5497664422e-15	1	2e-17	2.52485e-18
59639.899491	-8.1349637177e-15	1	2e-17	2.52485e-18
59639.899502	-9.7003678487e-15	1	2e-17	2.52485e-18
59639.899514	-8.9050911556e-15	1	2e-17	2.52485e-18
59639.899525	-7.3490331862e-15	1	2e-17	2.52485e-18
59639.899537	-7.0570346713e-15	1	2e-17	2.52485e-18
59639.899549	-7.5532231836e-15	1	2e-17	2.52485e-18
59639.899560	-8.8005596666e-15	1	2e-17	2.52485e-18
59639.899572	-1.1824821348e-14	1	2e-17	2.52485e-18
59639.899583	-8.7299366005e-15	1	2e-17	2.52485e-18
59639.899595	-7.3584589688e-15	1	2e-17	2.52485e-18
59639.899606	-9.0815713172e-15	1	2e-17	2.52485e-18
59639.899618	-1.0242219060e-14	1	2e-17	2.52485e-18
59639.899630	-8.7909898884e-15	1	2e-17	2.52485e-18
59639.899641	-5.7922349100e-15	1	2e-17	2.52485e-18
59639.899653	-6.5554115955e-15	1	2e-17	2.52485e-18
59639.899664	-8.5096572123e-15	1	2e-17	2.52485e-18
59639.899676	-9.5223452401e-15	1	2e-17	2.52485e-18
59639.899688	-1.0101923299e-14	1	2e-17	2.52485e-18
59639.899699	-9.0270672881e-15	1	2e-17	2.52485e-18
59639.899711	-8.7753833063e-15	1	2e-17	2.52485e-18
59639.899722	-8.0262876965e-15	1	2e-17	2.52485e-18
59639.899734	-9.0284572692e-15	1	2e-17	2.52485e-18
59639.899745	-8.6584122914e-15	1	2e-17	2.52485e-18
59639.899757	-7.8735989964e-15	1	2e-17	2.52485e-18
59639.899769	-7.4947270883e-15	1	2e-17	2.52485e-18
59639.899780	-8.2374064235e-15	1	2e-17	2.52485e-18
59639.899792	-6.0665397537e-15	1	2e-17	2.52485e-18
59639.899803	-6.7323694837e-15	1	2e-17	2.52485e-18
59639.899815	-8.9117039418e-15	1	2e-17	2.52485e-18
59639.899826	-1.0038212869e-14	1	2e-17	2.52485e-18
59639.899838	-8.0798184847e-15	1	2e-17	2.52485e-18
59639.899850	-6.8192505001e-15	1	2e-17	2.52485e-18
59639.899861	-7.2079437552e-15	1	2e-17	2.52485e-18
59639.899873	-8.6156235751e-15	1	2e-17	2.52485e-18
59639.899884	-8.8429163962e-15	1	2e-17	2.52485e-18
59639.899896	-7.7877996410e-15	1	2e-17	2.52485e-18
59639.899907	-8.8013236903e-15	1	2e-17	2.52485e-18
59639.899919	-7.4342853583e-15	1	2e-17	2.52485e-18
59639.899931	-8.4284284467e-15	1	2e-17	2.52485e-18
59639.899942	-9.6135173254e-15	1	2e-17	2.52485e-18
59639.899954	-1.1583366983e-14	1	2e-17	2.52485e-18
59639.899965	-1.0352751778e-14	1	2e-17	2.52485e-18
59639.899977	-6.8687062128e-15	1	2e-17	2.52485e-18
59639.899988	-9.3104125145e-15	1	2e-17	2.52485e-18
59639.900000	-8.8975449391e-15	1	2e-17	2.52485e-18
59639.900012	-8.0395437622e-15	1	2e-17	2.52485e-18
59639.900023	-1.0024365574e-14	1	2e-17	2.52485e-18
59639.900035	-7.4100508986e-15	1	2e-17	2.52485e-18
59639.900046	-7.8289984765e-15	1	2e-17	2.52485e-18
59639.900058	-9.1709078821e-15	1	2e-17	2.52485e-18
59639.900069	-5.8186885960e-15	1	2e-17	2.52485e-18
59639.900081	-4.4518925154e-15	1	2e-17	2.52485e-18
59639.900093	-4.4021835398e-15	1	2e-17	2.52485e-18
59639.900104	-5.0806510014e-15	1	2e-17	2.52485e-18
59639.900116	-8.2173275075e-15	1	2e-17	2.52485e-18
59639.900127	-7.6330204635e-15	1	2e-17	2.52485e-18
59639.900139	-7.5330011190e-15	1	2e-17	2.52485e-18
59639.900150	-8.8824652115e-15	1	2e-17	2.52485e-18
59639.900162	-1.1800288733e-14	1	2e-17	2.52485e-18
59639.900174	-8.7127943478e-15	1	2e-17	2.52485e-18
59639.900185	-9.9649030143e-15	1	2e-17	2.52485e-18
59639.900197	-1.0392497105e-14	1	2e-17	2.52485e-18
59639.900208	-8.3744487310e-15	1	2e-17	2.52485e-18
59639.900220	-8.5725866781e-15	1	2e-17	2.52485e-18
59639.900231	-7.3806944307e-15	1	2e-17	2.52485e-18
59639.900243	-8.9728792023e-15	1	2e-17	2.52485e-18
59639.900255	-8.4236867563e-15	1	2e-17	2.52485e-18
59639.900266	-8.9108509796e-15	1	2e-17	2.52485e-18
59639.900278	-1.1068263378e-14	1	2e-17	2.52485e-18
59639.900289	-1.1632575362e-14	1	2e-17	2.52485e-18
59639.900301	-9.3142783728e-15	1	2e-17	2.52485e-18
59639.900313	-8.4965612359e-15	1	2e-17	2.52485e-18
59639.900324	-8.1469051882e-15	1	2e-17	2.52485e-18
59639.900336	-9.7132851011e-15	1	2e-17	2.52485e-18
59639.900347	-1.0307295754e-14	1	2e-17	2.52485e-18
59639.900359	-9.8350486284e-15	1	2e-17	2.52485e-18
59639.900370	-5.3954745131e-15	1	2e-17	2.52485e-18
59639.900382	-8.5099773907e-15	1	2e-17	2.52485e-18
59639.900394	-9.2120008385e-15	1	2e-17	2.52485e-18
59639.900405	-7.5936579954e-15	1	2e-17	2.52485e-18
59639.900417	-8.2492250742e-15	1	2e-17	2.52485e-18
59639.900428	-7.5380079308e-15	1	2e-17	2.52485e-18
59639.900440	-1.1379462436e-14	1	2e-17	2.52485e-18
59639.900451	-1.0176151337e-14	1	2e-17	2.52485e-18
59639.900463	-8.6867379202e-15	1	2e-17	2.52485e-18
59639.900475	-9.8780457148e-15	1	2e-17	2.52485e-18
59639.900486	-6.6356908371e-15	1	2e-17	2.52485e-18
59639.900498	-9.5566653210e-15	1	2e-17	2.52485e-18
59639.900509	-8.5475670189e-15	1	2e-17	2.52485e-18
59639.900521	-8.8489642114e-15	1	2e-17	2.52485e-18
59639.900532	-8.4789446446e-15	1	2e-17	2.52485e-18
59639.900544	-8.0899473047e-15	1	2e-17	2.52485e-18
59639.900556	-8.5307161454e-15	1	2e-17	2.52485e-18
59639.900567	-8.2427842357e-15	1	2e-17	2.52485e-18
59639.900579	-7.8900373648e-15	1	2e-17	2.52485e-18
59639.900590	-8.1835749386e-15	1	2e-17	2.52485e-18
59639.900602	-8.6488933352e-15	1	2e-17	2.52485e-18
59639.900613	-9.0692817161e-15	1	2e-17	2.52485e-18
59639.900625	-7.8685142576e-15	1	2e-17	2.52485e-18
59639.900637	-8.2292427199e-15	1	2e-17	2.52485e-18
59639.900648	-8.8468051244e-15	1	2e-17	2.52485e-18
59639.900660	-8.9878716855e-15	1	2e-17	2.52485e-18
59639.900671	-7.1038137598e-15	1	2e-17	2.52485e-18
59639.900683	-6.8929432136e-15	1	2e-17	2.52485e-18
59639.900694	-8.5277820233e-15	1	2e-17	2.52485e-18
59639.900706	-9.3155099587e-15	1	2e-17	2.52485e-18
59639.900718	-9.1240695012e-15	1	2e-17	2.52485e-18
59639.900729	-6.9768740142e-15	1	2e-17	2.52485e-18
59639.900741	-5.3673208320e-15	1	2e-17	2.52485e-18
59639.900752	-7.7648814706e-15	1	2e-17	2.52485e-18
59639.900764	-6.5327788751e-15	1	2e-17	2.52485e-18
59639.900775	-4.1314447048e-15	1	2e-17	2.52485e-18
59639.900787	-7.5948777229e-15	1	2e-17	2.52485e-18
59639.900799	-5.5599352772e-15	1	2e-17	2.52485e-18
59639.900810	-7.7540530014e-15	1	2e-17	2.52485e-18
59639.900822	-7.7837516706e-15	1	2e-17	2.52485e-18
59639.900833	-9.4845870524e-15	1	2e-17	2.52485e-18
59639.900845	-7.4895356234e-15	1	2e-17	2.52485e-18
59639.900856	-7.8936126908e-15	1	2e-17	2.52485e-18
59639.900868	-7.2961461430e-15	1	2e-17	2.52485e-18
59639.900880	-7.7028668004e-15	1	2e-17	2.52485e-18
59639.900891	-9.7530304281e-15	1	2e-17	2.52485e-18
59639.900903	-6.9876118509e-15	1	2e-17	2.52485e-18
59639.900914	-8.7768012395e-15	1	2e-17	2.52485e-18
59639.900926	-9.7939023089e-15	1	2e-17	2.52485e-18
59639.900938	-7.8459010190e-15	1	2e-17	2.52485e-18
59639.900949	-8.6689265114e-15	1	2e-17	2.52485e-18
59639.900961	-6.4039553283e-15	1	2e-17	2.52485e-18
59639.900972	-8.2186166916e-15	1	2e-17	2.52485e-18
59639.900984	-7.7484261615e-15	1	2e-17	2.52485e-18
59639.900995	-8.1955773954e-15	1	2e-17	2.52485e-18
59639.901007	-9.2454645692e-15	1	2e-17	2.52485e-18
59639.901019	-1.1766943587e-14	1	2e-17	2.52485e-18
59639.901030	-9.1199012521e-15	1	2e-17	2.52485e-18
59639.901042	-9.9668249321e-15	1	2e-17	2.52485e-18
59639.901053	-1.0195750833e-14	1	2e-17	2.52485e-18
59639.901065	-1.0337562783e-14	1	2e-17	2.52485e-18
59639.901076	-1.0277414973e-14	1	2e-17	2.52485e-18
59639.901088	-1.0371637224e-14	1	2e-17	2.52485e-18
59639.901100	-6.1139160005e-15	1	2e-17	2.52485e-18
59639.901111	-7.2303020369e-15	1	2e-17	2.52485e-18
59639.901123	-9.0076160235e-15	1	2e-17	2.52485e-18
59639.901134	-9.9709033957e-15	1	2e-17	2.52485e-18
59639.901146	-9.7604589070e-15	1	2e-17	2.52485e-18
59639.901157	-9.7700219090e-15	1	2e-17	2.52485e-18
59639.901169	-8.4175788017e-15	1	2e-17	2.52485e-18
59639.901181	-7.8630559773e-15	1	2e-17	2.52485e-18
59639.901192	-9.4308089306e-15	1	2e-17	2.52485e-18
59639.901204	-1.1849522523e-14	1	2e-17	2.52485e-18
59639.901215	-8.1721289824e-15	1	2e-17	2.52485e-18
59639.901227	-1.1640128355e-14	1	2e-17	2.52485e-18
59639.901238	-9.8152297515e-15	1	2e-17	2.52485e-18
59639.901250	-5.8366482356e-15	1	2e-17	2.52485e-18
59639.901262	-8.5734616631e-15	1	2e-17	2.52485e-18
59639.901273	-8.8604576015e-15	1	2e-17	2.52485e-18
59639.901285	-9.1530075348e-15	1	2e-17	2.52485e-18
59639.901296	-1.0854634045e-14	1	2e-17	2.52485e-18
59639.901308	-8.6188821108e-15	1	2e-17	2.52485e-18
59639.901319	-7.6451592927e-15	1	2e-17	2.52485e-18
59639.901331	-8.9365474181e-15	1	2e-17	2.52485e-18
59639.901343	-8.4366099379e-15	1	2e-17	2.52485e-18
59639.901354	-7.6448416553e-15	1	2e-17	2.52485e-18
59639.901366	-9.8702453884e-15	1	2e-17	2.52485e-18
59639.901377	-9.1963247998e-15	1	2e-17	2.52485e-18
59639.901389	-7.3762449667e-15	1	2e-17	2.52485e-18
59639.901400	-1.1022742980e-14	1	2e-17	2.52485e-18
59639.901412	-7.9963806572e-15	1	2e-17	2.52485e-18
59639.901424	-9.5241638198e-15	1	2e-17	2.52485e-18
59639.901435	-8.5875291863e-15	1	2e-17	2.52485e-18
59639.901447	-8.5853150422e-15	1	2e-17	2.52485e-18
59639.901458	-9.3364850356e-15	1	2e-17	2.52485e-18
59639.901470	-7.4589551929e-15	1	2e-17	2.52485e-18
59639.901481	-1.0382862952e-14	1	2e-17	2.52485e-18
59639.901493	-8.2087563811e-15	1	2e-17	2.52485e-18
59639.901505	-8.5811959209e-15	1	2e-17	2.52485e-18
59639.901516	-8.6993375353e-15	1	2e-17	2.52485e-18
59639.901528	-7.4150712629e-15	1	2e-17	2.52485e-18
59639.901539	-9.4997099786e-15	1	2e-17	2.52485e-18
59639.901551	-8.4857505544e-15	1	2e-17	2.52485e-18
59639.901563	-8.0670308283e-15	1	2e-17	2.52485e-18
59639.901574	-8.5277854114e-15	1	2e-17	2.52485e-18
59639.901586	-1.1532176547e-14	1	2e-17	2.52485e-18
59639.901597	-1.0013653996e-14	1	2e-17	2.52485e-18
59639.901609	-8.4183453665e-15	1	2e-17	2.52485e-18
59639.901620	-1.0409744389e-14	1	2e-17	2.52485e-18
59639.901632	-8.0603892430e-15	1	2e-17	2.52485e-18
59639.901644	-8.4391984706e-15	1	2e-17	2.52485e-18
59639.901655	-8.9705964486e-15	1	2e-17	2.52485e-18
59639.901667	-9.3920707257e-15	1	2e-17	2.52485e-18
59639.901678	-1.1192916135e-14	1	2e-17	2.52485e-18
59639.901690	-1.0500949509e-14	1	2e-17	2.52485e-18
59639.901701	-9.7691071134e-15	1	2e-17	2.52485e-18
59639.901713	-1.1234089559e-14	1	2e-17	2.52485e-18
59639.901725	-1.0573504657e-14	1	2e-17	2.52485e-18
59639.901736	-8.0290600354e-15	1	2e-17	2.52485e-18
59639.901748	-6.3857940948e-15	1	2e-17	2.52485e-18
59639.901759	-8.5459779851e-15	1	2e-17	2.52485e-18
59639.901771	-8.9378704836e-15	1	2e-17	2.52485e-18
59639.901782	-8.5479778299e-15	1	2e-17	2.52485e-18
59639.901794	-9.7502335253e-15	1	2e-17	2.52485e-18
59639.901806	-9.1142074966e-15	1	2e-17	2.52485e-18
59639.901817	-9.6439224201e-15	1	2e-17	2.52485e-18
59639.901829	-8.4165183164e-15	1	2e-17	2.52485e-18
59639.901840	-9.9974367028e-15	1	2e-17	2.52485e-18
59639.901852	-1.0439187255e-14	1	2e-17	2.52485e-18
59639.901863	-8.6214020339e-15	1	2e-17	2.52485e-18
59639.901875	-8.0669579835e-15	1	2e-17	2.52485e-18
59639.901887	-6.2383121062e-15	1	2e-17	2.52485e-18
59639.901898	-7.8659477478e-15	1	2e-17	2.52485e-18
59639.901910	-8.1837604388e-15	1	2e-17	2.52485e-18
59639.901921	-8.4302876840e-15	1	2e-17	2.52485e-18
59639.901933	-8.1294249693e-15	1	2e-17	2.52485e-18
59639.901944	-9.1651666928e-15	1	2e-17	2.52485e-18
59639.901956	-9.8350723453e-15	1	2e-17	2.52485e-18
59639.901968	-8.6957063051e-15	1	2e-17	2.52485e-18
59639.901979	-7.0767993381e-15	1	2e-17	2.52485e-18
59639.901991	-9.6530254832e-15	1	2e-17	2.52485e-18
59639.902002	-7.8911097085e-15	1	2e-17	2.52485e-18
59639.902014	-9.1497024123e-15	1	2e-17	2.52485e-18
59639.902025	-6.8570129230e-15	1	2e-17	2.52485e-18
59639.902037	-1.0209250844e-14	1	2e-17	2.52485e-18
59639.902049	-8.1671382642e-15	1	2e-17	2.52485e-18
59639.902060	-8.4177643019e-15	1	2e-17	2.52485e-18
59639.902072	-9.2322559374e-15	1	2e-17	2.52485e-18
59639.902083	-8.1956375348e-15	1	2e-17	2.52485e-18
59639.902095	-8.2213127975e-15	1	2e-17	2.52485e-18
59639.902106	-9.3724365020e-15	1	2e-17	2.52485e-18
59639.902118	-1.0880811599e-14	1	2e-17	2.52485e-18
59639.902130	-8.3412060760e-15	1	2e-17	2.52485e-18
59639.902141	-6.8229037532e-15	1	2e-17	2.52485e-18
59639.902153	-8.9104918377e-15	1	2e-17	2.52485e-18
59639.902164	-7.5564071805e-15	1	2e-17	2.52485e-18
59639.902176	-7.8623139764e-15	1	2e-17	2.52485e-18
59639.902188	-8.7174369353e-15	1	2e-17	2.52485e-18
59639.902199	-8.8761844622e-15	1	2e-17	2.52485e-18
59639.902211	-1.1151930751e-14	1	2e-17	2.52485e-18
59639.902222	-7.4624788499e-15	1	2e-17	2.52485e-18
59639.902234	-9.1129615112e-15	1	2e-17	2.52485e-18
59639.902245	-8.7752604865e-15	1	2e-17	2.52485e-18
59639.902257	-5.1143053144e-15	1	2e-17	2.52485e-18
59639.902269	-6.0417386290e-15	1	2e-17	2.52485e-18
59639.902280	-8.2036386080e-15	1	2e-17	2.52485e-18
59639.902292	-8.2630181587e-15	1	2e-17	2.52485e-18
59639.902303	-7.6286726434e-15	1	2e-17	2.52485e-18
59639.902315	-9.2243183916e-15	1	2e-17	2.52485e-18
59639.902326	-7.8437868248e-15	1	2e-17	2.52485e-18
59639.902338	-9.6103993971e-15	1	2e-17	2.52485e-18
59639.902350	-1.1201643115e-14	1	2e-17	2.52485e-18
59639.902361	-8.3356038001e-15	1	2e-17	2.52485e-18
59639.902373	-9.6138493623e-15	1	2e-17	2.52485e-18
59639.902384	-9.3092690200e-15	1	2e-17	2.52485e-18
59639.902396	-9.3114780819e-15	1	2e-17	2.52485e-18
59639.902407	-7.9428930677e-15	1	2e-17	2.52485e-18
59639.902419	-8.8049549206e-15	1	2e-17	2.52485e-18
59639.902431	-1.0053916013e-14	1	2e-17	2.52485e-18
59639.902442	-1.0341057641e-14	1	2e-17	2.52485e-18
59639.902454	-1.0811497199e-14	1	2e-17	2.52485e-18
59639.902465	-1.0458141311e-14	1	2e-17	2.52485e-18
59639.902477	-5.8257824969e-15	1	2e-17	2.52485e-18
59639.902488	-8.8692413331e-15	1	2e-17	2.52485e-18
59639.902500	-7.9940436933e-15	1	2e-17	2.52485e-18
59639.902512	-7.5039080784e-15	1	2e-17	2.52485e-18
59639.902523	-7.3418054541e-15	1	2e-17	2.52485e-18
59639.902535	-9.3587188034e-15	1	2e-17	2.52485e-18
59639.902546	-9.3402822843e-15	1	2e-17	2.52485e-18
59639.902558	-1.0462769499e-14	1	2e-17	2.52485e-18
59639.902569	-1.1435458937e-14	1	2e-17	2.52485e-18
59639.902581	-7.9874630944e-15	1	2e-17	2.52485e-18
59639.902593	-8.9699535505e-15	1	2e-17	2.52485e-18
59639.902604	-9.6113243571e-15	1	2e-17	2.52485e-18
59639.902616	-7.9607696981e-15	1	2e-17	2.52485e-18
59639.902627	-8.8424971148e-15	1	2e-17	2.52485e-18
59639.902639	-7.8994038551e-15	1	2e-17	2.52485e-18
59639.902650	-9.0494594511e-15	1	2e-17	2.52485e-18
59639.902662	-9.4546164856e-15	1	2e-17	2.52485e-18
59639.902674	-8.2749714877e-15	1	2e-17	2.52485e-18
59639.902685	-9.3342420924e-15	1	2e-17	2.52485e-18
59639.902697	-7.5475404396e-15	1	2e-17	2.52485e-18
59639.902708	-1.0891140318e-14	1	2e-17	2.52485e-18
59639.902720	-9.1917355753e-15	1	2e-17	2.52485e-18
59639.902731	-8.0133814555e-15	1	2e-17	2.52485e-18
59639.902743	-6.4939254739e-15	1	2e-17	2.52485e-18
59639.902755	-6.3674100918e-15	1	2e-17	2.52485e-18
59639.902766	-9.2024124256e-15	1	2e-17	2.52485e-18
59639.902778	-1.2348286015e-14	1	2e-17	2.52485e-18
59639.902789	-1.7582668414e-14	1	2e-17	2.52485e-18
59639.902801	-1.5478603845e-14	1	2e-17	2.52485e-18
59639.902813	-1.4134214327e-14	1	2e-17	2.52485e-18
59639.902824	-1.3310479021e-14	1	2e-17	2.52485e-18
59639.902836	-9.2418570558e-15	1	2e-17	2.52485e-18
59639.902847	-6.3192198463e-15	1	2e-17	2.52485e-18
59639.902859	-4.8833736398e-15	1	2e-17	2.52485e-18
59639.902870	-5.6964346367e-15	1	2e-17	2.52485e-18
59639.902882	-8.1802045945e-15	1	2e-17	2.52485e-18
59639.902894	-7.4369738408e-15	1	2e-17	2.52485e-18
59639.902905	-7.1545052936e-15	1	2e-17	2.52485e-18
59639.902917	-7.0212627758e-15	1	2e-17	2.52485e-18
59639.902928	-8.1966870086e-15	1	2e-17	2.52485e-18
59639.902940	-8.6959866730e-15	1	2e-17	2.52485e-18
59639.902951	-5.9363601071e-15	1	2e-17	2.52485e-18
59639.902963	-9.4834418638e-15	1	2e-17	2.52485e-18
59639.902975	-7.2615651759e-15	1	2e-17	2.52485e-18
59639.902986	-9.4220218108e-15	1	2e-17	2.52485e-18
59639.902998	-1.0107752580e-14	1	2e-17	2.52485e-18
59639.903009	-8.2842414162e-15	1	2e-17	2.52485e-18
59639.903021	-9.5004062397e-15	1	2e-17	2.52485e-18
59639.903032	-9.3021573314e-15	1	2e-17	2.52485e-18
59639.903044	-9.1836286229e-15	1	2e-17	2.52485e-18
59639.903056	-1.0578698663e-14	1	2e-17	2.52485e-18
59639.903067	-7.8055204173e-15	1	2e-17	2.52485e-18
59639.903079	-7.4927899239e-15	1	2e-17	2.52485e-18
59639.903090	-9.4644412208e-15	1	2e-17	2.52485e-18
59639.903102	-8.6782243921e-15	1	2e-17	2.52485e-18
59639.903113	-8.3198540695e-15	1	2e-17	2.52485e-18
59639.903125	-8.3143856248e-15	1	2e-17	2.52485e-18
59639.903137	-6.2961720798e-15	1	2e-17	2.52485e-18
59639.903148	-7.5644514524e-15	1	2e-17	2.52485e-18
59639.903160	-8.3848426723e-15	1	2e-17	2.52485e-18
59639.903171	-1.0911581765e-14	1	2e-17	2.52485e-18
59639.903183	-1.2086195387e-14	1	2e-17	2.52485e-18
59639.903194	-1.1462050689e-14	1	2e-17	2.52485e-18
59639.903206	-1.1594386035e-14	1	2e-17	2.52485e-18
59639.903218	-9.5087054685e-15	1	2e-17	2.52485e-18
59639.903229	-7.1741251178e-15	1	2e-17	2.52485e-18
59639.903241	-9.1482641503e-15	1	2e-17	2.52485e-18
59639.903252	-7.9683531840e-15	1	2e-17	2.52485e-18
59639.903264	-7.6979108106e-15	1	2e-17	2.52485e-18
59639.903275	-8.2238843895e-15	1	2e-17	2.52485e-18
59639.903287	-8.2208037307e-15	1	2e-17	2.52485e-18
59639.903299	-6.7754860018e-15	1	2e-17	2.52485e-18
59639.903310	-8.7763599353e-15	1	2e-17	2.52485e-18
59639.903322	-1.0255553900e-14	1	2e-17	2.52485e-18
59639.903333	-9.0858861030e-15	1	2e-17	2.52485e-18
59639.903345	-9.6403792813e-15	1	2e-17	2.52485e-18
59639.903356	-9.8608568752e-15	1	2e-17	2.52485e-18
59639.903368	-8.3063354236e-15	1	2e-17	2.52485e-18
59639.903380	-7.2234266705e-15	1	2e-17	2.52485e-18
59639.903391	-7.4684512792e-15	1	2e-17	2.52485e-18
59639.903403	-8.6398470233e-15	1	2e-17	2.52485e-18
59639.903414	-1.0423356209e-14	1	2e-17	2.52485e-18
59639.903426	-9.6858683387e-15	1	2e-17	2.52485e-18
59639.903438	-7.9876291128e-15	1	2e-17	2.52485e-18
59639.903449	-5.6463317908e-15	1	2e-17	2.52485e-18
59639.903461	-9.8782811900e-15	1	2e-17	2.52485e-18
59639.903472	-7.0051428918e-15	1	2e-17	2.52485e-18
59639.903484	-6.7790503164e-15	1	2e-17	2.52485e-18
59639.903495	-6.6273721266e-15	1	2e-17	2.52485e-18
59639.903507	-6.5703125991e-15	1	2e-17	2.52485e-18
59639.903519	-9.9559837574e-15	1	2e-17	2.52485e-18
59639.903530	-1.0270083056e-14	1	2e-17	2.52485e-18
59639.903542	-1.1404058579e-14	1	2e-17	2.52485e-18
59639.903553	-8.8714232900e-15	1	2e-17	2.52485e-18
59639.903565	-8.5478414575e-15	1	2e-17	2.52485e-18
59639.903576	-1.0103760514e-14	1	2e-17	2.52485e-18
59639.903588	-8.5997603420e-15	1	2e-17	2.52485e-18
59639.903600	-9.9269127396e-15	1	2e-17	2.52485e-18
59639.903611	-7.4547335807e-15	1	2e-17	2.52485e-18
59639.903623	-7.9474331643e-15	1	2e-17	2.52485e-18
59639.903634	-7.1576164456e-15	1	2e-17	2.52485e-18
59639.903646	-8.0913796374e-15	1	2e-17	2.52485e-18
59639.903657	-9.0825928389e-15	1	2e-17	2.52485e-18
59639.903669	-7.5782945118e-15	1	2e-17	2.52485e-18
59639.903681	-9.7753514403e-15	1	2e-17	2.52485e-18
59639.903692	-9.4933182680e-15	1	2e-17	2.52485e-18
59639.903704	-8.4247514767e-15	1	2e-17	2.52485e-18
59639.903715	-8.8476767213e-15	1	2e-17	2.52485e-18
59639.903727	-9.3136270045e-15	1	2e-17	2.52485e-18
59639.903738	-8.9788160563e-15	1	2e-17	2.52485e-18
59639.903750	-7.3175277957e-15	1	2e-17	2.52485e-18
59639.903762	-8.4025778482e-15	1	2e-17	2.52485e-18
59639.903773	-9.8273558751e-15	1	2e-17	2.52485e-18
59639.903785	-6.9203015307e-15	1	2e-17	2.52485e-18
59639.903796	-9.3890137838e-15	1	2e-17	2.52485e-18
59639.903808	-1.0412830130e-14	1	2e-17	2.52485e-18
59639.903819	-9.4846726027e-15	1	2e-17	2.52485e-18
59639.903831	-7.1473487122e-15	1	2e-17	2.52485e-18
59639.903843	-7.9940750336e-15	1	2e-17	2.52485e-18
59639.903854	-7.7713384027e-15	1	2e-17	2.52485e-18
59639.903866	-8.3677351479e-15	1	2e-17	2.52485e-18
59639.903877	-6.0214276260e-15	1	2e-17	2.52485e-18
59639.903889	-7.1219809225e-15	1	2e-17	2.52485e-18
59639.903900	-7.3236730198e-15	1	2e-17	2.52485e-18
59639.903912	-8.5488773788e-15	1	2e-17	2.52485e-18
59639.903924	-8.5074523855e-15	1	2e-17	2.52485e-18
59639.903935	-9.8653868074e-15	1	2e-17	2.52485e-18
59639.903947	-7.3069339547e-15	1	2e-17	2.52485e-18
59639.903958	-6.9575692863e-15	1	2e-17	2.52485e-18
59639.903970	-9.5491733146e-15	1	2e-17	2.52485e-18
59639.903981	-7.7377840395e-15	1	2e-17	2.52485e-18
59639.903993	-6.3918334398e-15	1	2e-17	2.52485e-18
59639.904005	-8.1311402110e-15	1	2e-17	2.52485e-18
59639.904016	-1.1017720922e-14	1	2e-17	2.52485e-18
59639.904028	-8.0078012025e-15	1	2e-17	2.52485e-18
59639.904039	-6.7201747503e-15	1	2e-17	2.52485e-18
59639.904051	-9.3704061641e-15	1	2e-17	2.52485e-18
59639.904063	-6.5391968438e-15	1	2e-17	2.52485e-18
59639.904074	-8.6726441390e-15	1	2e-17	2.52485e-18
59639.904086	-8.3841896099e-15	1	2e-17	2.52485e-18
59639.904097	-7.9610221139e-15	1	2e-17	2.52485e-18
59639.904109	-7.2812459865e-15	1	2e-17	2.52485e-18
59639.904120	-6.8100339346e-15	1	2e-17	2.52485e-18
59639.904132	-1.0635745485e-14	1	2e-17	2.52485e-18
59639.904144	-1.2829752248e-14	1	2e-17	2.52485e-18
59639.904155	-1.0275270286e-14	1	2e-17	2.52485e-18
59639.904167	-9.3602553212e-15	1	2e-17	2.52485e-18
59639.904178	-9.0419877735e-15	1	2e-17	2.52485e-18
59639.904190	-7.3881279919e-15	1	2e-17	2.52485e-18
59639.904201	-8.0708509469e-15	1	2e-17	2.52485e-18
59639.904213	-8.4114318836e-15	1	2e-17	2.52485e-18
59639.904225	-8.4568768953e-15	1	2e-17	2.52485e-18
59639.904236	-8.2203658146e-15	1	2e-17	2.52485e-18
59639.904248	-8.0498504591e-15	1	2e-17	2.52485e-18
59639.904259	-9.3731657974e-15	1	2e-17	2.52485e-18
59639.904271	-7.9697067427e-15	1	2e-17	2.52485e-18
59639.904282	-8.8072740968e-15	1	2e-17	2.52485e-18
59639.904294	-7.3703369119e-15	1	2e-17	2.52485e-18
59639.904306	-7.5152159683e-15	1	2e-17	2.52485e-18
59639.904317	-8.9682501673e-15	1	2e-17	2.52485e-18
59639.904329	-9.6564059917e-15	1	2e-17	2.52485e-18
59639.904340	-7.6285320359e-15	1	2e-17	2.52485e-18
59639.904352	-8.4748458522e-15	1	2e-17	2.52485e-18
59639.904363	-8.1679336282e-15	1	2e-17	2.52485e-18
59639.904375	-8.9902543892e-15	1	2e-17	2.52485e-18
59639.904387	-7.0295247352e-15	1	2e-17	2.52485e-18
59639.904398	-7.8544306408e-15	1	2e-17	2.52485e-18
59639.904410	-1.0497142943e-14	1	2e-17	2.52485e-18
59639.904421	-8.1146044338e-15	1	2e-17	2.52485e-18
59639.904433	-9.1692214395e-15	1	2e-17	2.52485e-18
59639.904444	-8.1709846409e-15	1	2e-17	2.52485e-18
59639.904456	-7.7687591874e-15	1	2e-17	2.52485e-18
59639.904468	-9.0595222025e-15	1	2e-17	2.52485e-18
59639.904479	-9.9902504753e-15	1	2e-17	2.52485e-18
59639.904491	-8.4597974649e-15	1	2e-17	2.52485e-18
59639.904502	-9.1585886349e-15	1	2e-17	2.52485e-18
59639.904514	-8.1762802908e-15	1	2e-17	2.52485e-18
59639.904525	-7.5202990130e-15	1	2e-17	2.52485e-18
59639.904537	-8.0712778515e-15	1	2e-17	2.52485e-18
59639.904549	-1.0102645818e-14	1	2e-17	2.52485e-18
59639.904560	-6.6479685797e-15	1	2e-17	2.52485e-18
59639.904572	-8.7295232485e-15	1	2e-17	2.52485e-18
59639.904583	-8.2138978711e-15	1	2e-17	2.52485e-18
59639.904595	-8.4328787578e-15	1	2e-17	2.52485e-18
59639.904606	-9.4974484006e-15	1	2e-17	2.52485e-18
59639.904618	-7.2067917904e-15	1	2e-17	2.52485e-18
59639.904630	-8.4647983474e-15	1	2e-17	2.52485e-18
59639.904641	-8.7373455977e-15	1	2e-17	2.52485e-18
59639.904653	-9.1628339641e-15	1	2e-17	2.52485e-18
59639.904664	-6.7314030191e-15	1	2e-17	2.52485e-18
59639.904676	-7.6404218374e-15	1	2e-17	2.52485e-18
59639.904687	-8.9124815180e-15	1	2e-17	2.52485e-18
59639.904699	-9.0241382482e-15	1	2e-17	2.52485e-18
59639.904711	-6.8567020619e-15	1	2e-17	2.52485e-18
59639.904722	-5.8135936928e-15	1	2e-17	2.52485e-18
59639.904734	-7.7498881404e-15	1	2e-17	2.52485e-18
59639.904745	-9.3537475671e-15	1	2e-17	2.52485e-18
59639.904757	-9.4949318658e-15	1	2e-17	2.52485e-18
59639.904769	-1.0366013772e-14	1	2e-17	2.52485e-18
59639.904780	-9.4837984647e-15	1	2e-17	2.52485e-18
59639.904792	-9.0020349234e-15	1	2e-17	2.52485e-18
59639.904803	-7.8220570415e-15	1	2e-17	2.52485e-18
59639.904815	-6.1485469426e-15	1	2e-17	2.52485e-18
59639.904826	-8.9726716793e-15	1	2e-17	2.52485e-18
59639.904838	-6.2326403736e-15	1	2e-17	2.52485e-18
59639.904850	-7.0563129992e-15	1	2e-17	2.52485e-18
59639.904861	-8.8708041089e-15	1	2e-17	2.52485e-18
59639.904873	-5.4259448293e-15	1	2e-17	2.52485e-18
59639.904884	-6.5153638778e-15	1	2e-17	2.52485e-18
59639.904896	-8.5198868292e-15	1	2e-17	2.52485e-18
59639.904907	-9.5294069537e-15	1	2e-17	2.52485e-18
59639.904919	-7.3500835071e-15	1	2e-17	2.52485e-18
59639.904931	-8.2112212469e-15	1	2e-17	2.52485e-18
59639.904942	-8.9777716647e-15	1	2e-17	2.52485e-18
59639.904954	-6.3424293961e-15	1	2e-17	2.52485e-18
59639.904965	-7.2094142044e-15	1	2e-17	2.52485e-18
59639.904977	-7.9608535543e-15	1	2e-17	2.52485e-18
59639.904988	-9.7896247925e-15	1	2e-17	2.52485e-18
59639.905000	-9.4860608897e-15	1	2e-17	2.52485e-18
59639.905012	-8.6877755356e-15	1	2e-17	2.52485e-18
59639.905023	-8.7952131946e-15	1	2e-17	2.52485e-18
59639.905035	-7.4011079248e-15	1	2e-17	2.52485e-18
59639.905046	-7.9755546582e-15	1	2e-17	2.52485e-18
59639.905058	-7.5980964481e-15	1	2e-17	2.52485e-18
59639.905069	-7.6357453685e-15	1	2e-17	2.52485e-18
59639.905081	-6.6944418894e-15	1	2e-17	2.52485e-18
59639.905093	-7.5117431332e-15	1	2e-17	2.52485e-18
59639.905104	-1.0084008552e-14	1	2e-17	2.52485e-18
59639.905116	-8.7809076552e-15	1	2e-17	2.52485e-18
59639.905127	-8.7058105611e-15	1	2e-17	2.52485e-18
59639.905139	-8.6515293017e-15	1	2e-17	2.52485e-18
59639.905150	-8.7134338576e-15	1	2e-17	2.52485e-18
59639.905162	-8.9802653296e-15	1	2e-17	2.52485e-18
59639.905174	-8.9276052913e-15	1	2e-17	2.52485e-18
59639.905185	-1.1170180076e-14	1	2e-17	2.52485e-18
59639.905197	-8.4630797175e-15	1	2e-17	2.52485e-18
59639.905208	-8.9786466497e-15	1	2e-17	2.52485e-18
59639.905220	-7.8297591121e-15	1	2e-17	2.52485e-18
59639.905231	-9.0819872103e-15	1	2e-17	2.52485e-18
59639.905243	-1.1066670956e-14	1	2e-17	2.52485e-18
59639.905255	-9.7462118129e-15	1	2e-17	2.52485e-18
59639.905266	-7.5622025799e-15	1	2e-17	2.52485e-18
59639.905278	-8.6058394975e-15	1	2e-17	2.52485e-18
59639.905289	-7.5033185435e-15	1	2e-17	2.52485e-18
59639.905301	-8.4161075055e-15	1	2e-17	2.52485e-18
59639.905312	-7.7438547247e-15	1	2e-17	2.52485e-18
59639.905324	-8.3359248256e-15	1	2e-17	2.52485e-18
59639.905336	-7.9958919192e-15	1	2e-17	2.52485e-18
59639.905347	-7.2815305895e-15	1	2e-17	2.52485e-18
59639.905359	-7.6079830166e-15	1	2e-17	2.52485e-18
59639.905370	-6.9613360418e-15	1	2e-17	2.52485e-18
59639.905382	-8.6776501037e-15	1	2e-17	2.52485e-18
59639.905394	-6.3646165771e-15	1	2e-17	2.52485e-18
59639.905405	-8.0801945674e-15	1	2e-17	2.52485e-18
59639.905417	-8.5075785934e-15	1	2e-17	2.52485e-18
59639.905428	-6.9429401803e-15	1	2e-17	2.52485e-18
59639.905440	-8.3783671055e-15	1	2e-17	2.52485e-18
59639.905451	-8.0522551856e-15	1	2e-17	2.52485e-18
59639.905463	-7.6450186852e-15	1	2e-17	2.52485e-18
59639.905475	-8.9542478656e-15	1	2e-17	2.52485e-18
59639.905486	-7.8241602243e-15	1	2e-17	2.52485e-18
59639.905498	-8.8707414285e-15	1	2e-17	2.52485e-18
59639.905509	-9.0367912263e-15	1	2e-17	2.52485e-18
59639.905521	-9.8976181051e-15	1	2e-17	2.52485e-18
59639.905532	-8.7379724021e-15	1	2e-17	2.52485e-18
59639.905544	-9.9853359901e-15	1	2e-17	2.52485e-18
59639.905556	-8.8698308681e-15	1	2e-17	2.52485e-18
59639.905567	-8.4346753147e-15	1	2e-17	2.52485e-18
59639.905579	-1.0837517204e-14	1	2e-17	2.52485e-18
59639.905590	-9.3248002161e-15	1	2e-17	2.52485e-18
59639.905602	-9.0332667223e-15	1	2e-17	2.52485e-18
59639.905613	-8.9490411541e-15	1	2e-17	2.52485e-18
59639.905625	-1.0057475245e-14	1	2e-17	2.52485e-18
59639.905637	-8.8976059254e-15	1	2e-17	2.52485e-18
59639.905648	-9.1076870370e-15	1	2e-17	2.52485e-18
59639.905660	-7.8603979879e-15	1	2e-17	2.52485e-18
59639.905671	-9.9806027700e-15	1	2e-17	2.52485e-18
59639.905683	-8.6233036228e-15	1	2e-17	2.52485e-18
59639.905694	-8.2106647463e-15	1	2e-17	2.52485e-18
59639.905706	-7.7645409633e-15	1	2e-17	2.52485e-18
59639.905718	-6.1769496514e-15	1	2e-17	2.52485e-18
59639.905729	-6.9232043126e-15	1	2e-17	2.52485e-18
59639.905741	-9.0071704842e-15	1	2e-17	2.52485e-18
59639.905752	-1.0184603032e-14	1	2e-17	2.52485e-18
59639.905764	-8.9627198892e-15	1	2e-17	2.52485e-18
59639.905775	-1.0118410795e-14	1	2e-17	2.52485e-18
59639.905787	-1.0495366715e-14	1	2e-17	2.52485e-18
59639.905799	-8.9250582632e-15	1	2e-17	2.52485e-18
59639.905810	-1.0011336513e-14	1	2e-17	2.52485e-18
59639.905822	-1.0325640794e-14	1	2e-17	2.52485e-18
59639.905833	-8.5140651717e-15	1	2e-17	2.52485e-18
59639.905845	-1.0285444846e-14	1	2e-17	2.52485e-18
59639.905856	-8.9135004987e-15	1	2e-17	2.52485e-18
59639.905868	-1.1288247999e-14	1	2e-17	2.52485e-18
59639.905880	-1.0182280468e-14	1	2e-17	2.52485e-18
59639.905891	-1.0279877298e-14	1	2e-17	2.52485e-18
59639.905903	-9.7087746507e-15	1	2e-17	2.52485e-18
59639.905914	-8.2550230147e-15	1	2e-17	2.52485e-18
59639.905926	-1.0100075920e-14	1	2e-17	2.52485e-18
59639.905937	-9.3503484239e-15	1	2e-17	2.52485e-18
59639.905949	-1.0026048629e-14	1	2e-17	2.52485e-18
59639.905961	-7.5235143500e-15	1	2e-17	2.52485e-18
59639.905972	-9.5299405845e-15	1	2e-17	2.52485e-18
59639.905984	-9.5288936518e-15	1	2e-17	2.52485e-18
59639.905995	-8.5065807886e-15	1	2e-17	2.52485e-18
59639.906007	-8.9279466456e-15	1	2e-17	2.52485e-18
59639.906019	-9.4395960504e-15	1	2e-17	2.52485e-18
59639.906030	-9.5965741254e-15	1	2e-17	2.52485e-18
59639.906042	-9.8148155524e-15	1	2e-17	2.52485e-18
59639.906053	-1.1190323367e-14	1	2e-17	2.52485e-18
59639.906065	-1.0846556739e-14	1	2e-17	2.52485e-18
59639.906076	-9.0917535002e-15	1	2e-17	2.52485e-18
59639.906088	-9.5721609418e-15	1	2e-17	2.52485e-18
59639.906100	-8.2936358586e-15	1	2e-17	2.52485e-18
59639.906111	-1.0279992494e-14	1	2e-17	2.52485e-18
59639.906123	-8.9786686725e-15	1	2e-17	2.52485e-18
59639.906134	-7.9083747810e-15	1	2e-17	2.52485e-18
59639.906146	-9.9158259254e-15	1	2e-17	2.52485e-18
59639.906157	-8.4553742588e-15	1	2e-17	2.52485e-18
59639.906169	-7.5993754678e-15	1	2e-17	2.52485e-18
59639.906181	-6.9699063212e-15	1	2e-17	2.52485e-18
59639.906192	-8.2025417003e-15	1	2e-17	2.52485e-18
59639.906204	-6.3240572515e-15	1	2e-17	2.52485e-18
59639.906215	-6.3134540930e-15	1	2e-17	2.52485e-18
59639.906227	-7.8184105647e-15	1	2e-17	2.52485e-18
59639.906238	-6.2597361105e-15	1	2e-17	2.52485e-18
59639.906250	-1.1680118475e-14	1	2e-17	2.52485e-18
59639.906262	-1.2319293772e-14	1	2e-17	2.52485e-18
59639.906273	-1.1408509737e-14	1	2e-17	2.52485e-18
59639.906285	-1.0453796032e-14	1	2e-17	2.52485e-18
59639.906296	-8.9636804245e-15	1	2e-17	2.52485e-18
59639.906308	-1.1160069891e-14	1	2e-17	2.52485e-18
59639.906319	-1.1535960243e-14	1	2e-17	2.52485e-18
59639.906331	-1.0885239040e-14	1	2e-17	2.52485e-18
59639.906343	-8.0517893175e-15	1	2e-17	2.52485e-18
59639.906354	-9.7544983362e-15	1	2e-17	2.52485e-18
59639.906366	-8.3847173115e-15	1	2e-17	2.52485e-18
59639.906377	-8.1339532074e-15	1	2e-17	2.52485e-18
59639.906389	-8.2852273626e-15	1	2e-17	2.52485e-18
59639.906400	-8.2669534738e-15	1	2e-17	2.52485e-18
59639.906412	-8.8628572458e-15	1	2e-17	2.52485e-18
59639.906424	-7.0750976489e-15	1	2e-17	2.52485e-18
59639.906435	-7.4810127778e-15	1	2e-17	2.52485e-18
59639.906447	-9.2820572395e-15	1	2e-17	2.52485e-18
59639.906458	-8.8872263837e-15	1	2e-17	2.52485e-18
59639.906470	-8.1838807175e-15	1	2e-17	2.52485e-18
59639.906481	-8.7162714180e-15	1	2e-17	2.52485e-18
59639.906493	-7.4666835215e-15	1	2e-17	2.52485e-18
59639.906505	-8.7252135448e-15	1	2e-17	2.52485e-18
59639.906516	-6.2720689102e-15	1	2e-17	2.52485e-18
59639.906528	-8.1064220955e-15	1	2e-17	2.52485e-18
59639.906539	-1.0207741431e-14	1	2e-17	2.52485e-18
59639.906551	-9.3269118692e-15	1	2e-17	2.52485e-18
59639.906563	-8.3519981228e-15	1	2e-17	2.52485e-18
59639.906574	-8.5818506774e-15	1	2e-17	2.52485e-18
59639.906586	-8.3192433587e-15	1	2e-17	2.52485e-18
59639.906597	-7.6236302563e-15	1	2e-17	2.52485e-18
59639.906609	-8.7456295800e-15	1	2e-17	2.52485e-18
59639.906620	-1.0362425741e-14	1	2e-17	2.52485e-18
59639.906632	-7.8079226027e-15	1	2e-17	2.52485e-18
59639.906644	-1.0015706356e-14	1	2e-17	2.52485e-18
59639.906655	-9.2352764569e-15	1	2e-17	2.52485e-18
59639.906667	-1.1977504966e-14	1	2e-17	2.52485e-18
59639.906678	-1.0035255877e-14	1	2e-17	2.52485e-18
59639.906690	-9.9177520783e-15	1	2e-17	2.52485e-18
59639.906701	-9.3041698816e-15	1	2e-17	2.52485e-18
59639.906713	-7.6752975720e-15	1	2e-17	2.52485e-18
59639.906725	-6.4053969783e-15	1	2e-17	2.52485e-18
59639.906736	-7.8699965652e-15	1	2e-17	2.52485e-18
59639.906748	-1.1455343035e-14	1	2e-17	2.52485e-18
59639.906759	-7.3059869718e-15	1	2e-17	2.52485e-18
59639.906771	-8.1465900920e-15	1	2e-17	2.52485e-18
59639.906782	-9.8916507580e-15	1	2e-17	2.52485e-18
59639.906794	-8.5178031281e-15	1	2e-17	2.52485e-18
59639.906806	-7.5048914837e-15	1	2e-17	2.52485e-18
59639.906817	-6.5798798362e-15	1	2e-17	2.52485e-18
59639.906829	-5.9579433536e-15	1	2e-17	2.52485e-18
59639.906840	-9.4447781979e-15	1	2e-17	2.52485e-18
59639.906852	-8.3897427579e-15	1	2e-17	2.52485e-18
59639.906863	-8.1226673404e-15	1	2e-17	2.52485e-18
59639.906875	-3.9723066958e-15	1	2e-17	2.52485e-18
59639.906887	-7.1229423049e-15	1	2e-17	2.52485e-18
59639.906898	-6.5916468180e-15	1	2e-17	2.52485e-18
59639.906910	-7.4999185532e-15	1	2e-17	2.52485e-18
59639.906921	-8.8832885275e-15	1	2e-17	2.52485e-18
59639.906933	-9.5537972675e-15	1	2e-17	2.52485e-18
59639.906944	-1.0372125115e-14	1	2e-17	2.52485e-18
59639.906956	-9.6841065101e-15	1	2e-17	2.52485e-18
59639.906968	-1.0261656772e-14	1	2e-17	2.52485e-18
59639.906979	-8.1911618127e-15	1	2e-17	2.52485e-18
59639.906991	-7.8377415506e-15	1	2e-17	2.52485e-18
59639.907002	-8.7637942015e-15	1	2e-17	2.52485e-18
59639.907014	-7.2803955654e-15	1	2e-17	2.52485e-18
59639.907025	-9.1133562285e-15	1	2e-17	2.52485e-18
59639.907037	-9.3990240192e-15	1	2e-17	2.52485e-18
59639.907049	-9.7505604800e-15	1	2e-17	2.52485e-18
59639.907060	-1.1174748972e-14	1	2e-17	2.52485e-18
59639.907072	-7.6774659763e-15	1	2e-17	2.52485e-18
59639.907083	-6.7986616703e-15	1	2e-17	2.52485e-18
59639.907095	-8.5110895450e-15	1	2e-17	2.52485e-18
59639.907106	-9.1217011971e-15	1	2e-17	2.52485e-18
59639.907118	-7.5647275851e-15	1	2e-17	2.52485e-18
59639.907130	-8.1536297828e-15	1	2e-17	2.52485e-18
59639.907141	-7.8160642834e-15	1	2e-17	2.52485e-18
59639.907153	-8.1665656700e-15	1	2e-17	2.52485e-18
59639.907164	-7.9640265398e-15	1	2e-17	2.52485e-18
59639.907176	-8.3354538753e-15	1	2e-17	2.52485e-18
59639.907188	-7.6636246109e-15	1	2e-17	2.52485e-18
59639.907199	-9.2764464933e-15	1	2e-17	2.52485e-18
59639.907211	-8.2271471604e-15	1	2e-17	2.52485e-18
59639.907222	-8.5360914165e-15	1	2e-17	2.52485e-18
59639.907234	-7.7943048540e-15	1	2e-17	2.52485e-18
59639.907245	-6.7239254122e-15	1	2e-17	2.52485e-18
59639.907257	-1.0512372595e-14	1	2e-17	2.52485e-18
59639.907269	-7.7652855053e-15	1	2e-17	2.52485e-18
59639.907280	-1.0787671856e-14	1	2e-17	2.52485e-18
59639.907292	-7.6640337279e-15	1	2e-17	2.52485e-18
59639.907303	-8.4770845603e-15	1	2e-17	2.52485e-18
59639.907315	-8.8682215055e-15	1	2e-17	2.52485e-18
59639.907326	-9.1053992010e-15	1	2e-17	2.52485e-18
59639.907338	-9.4876456883e-15	1	2e-17	2.52485e-18
59639.907350	-8.6646108786e-15	1	2e-17	2.52485e-18
59639.907361	-7.1589954153e-15	1	2e-17	2.52485e-18
59639.907373	-8.7719680695e-15	1	2e-17	2.52485e-18
59639.907384	-9.2917193444e-15	1	2e-17	2.52485e-18
59639.907396	-8.2014888384e-15	1	2e-17	2.52485e-18
59639.907407	-8.5367292323e-15	1	2e-17	2.52485e-18
59639.907419	-1.0031911791e-14	1	2e-17	2.52485e-18
59639.907431	-8.9581018655e-15	1	2e-17	2.52485e-18
59639.907442	-8.3500855224e-15	1	2e-17	2.52485e-18
59639.907454	-8.2913403994e-15	1	2e-17	2.52485e-18
59639.907465	-7.7124577544e-15	1	2e-17	2.52485e-18
59639.907477	-9.9088014812e-15	1	2e-17	2.52485e-18
59639.907488	-9.5153394306e-15	1	2e-17	2.52485e-18
59639.907500	-7.9004685755e-15	1	2e-17	2.52485e-18
59639.907512	-7.8617346059e-15	1	2e-17	2.52485e-18
59639.907523	-7.2290035354e-15	1	2e-17	2.52485e-18
59639.907535	-8.7697251262e-15	1	2e-17	2.52485e-18
59639.907546	-8.6054117459e-15	1	2e-17	2.52485e-18
59639.907558	-7.6682968447e-15	1	2e-17	2.52485e-18
59639.907569	-8.4192881142e-15	1	2e-17	2.52485e-18
59639.907581	-8.1433459558e-15	1	2e-17	2.52485e-18
59639.907593	-9.4271624537e-15	1	2e-17	2.52485e-18
59639.907604	-6.6290009709e-15	1	2e-17	2.52485e-18
59639.907616	-9.2307846412e-15	1	2e-17	2.52485e-18
59639.907627	-9.2295022333e-15	1	2e-17	2.52485e-18
59639.907639	-9.5733425527e-15	1	2e-17	2.52485e-18
59639.907650	-8.5124439507e-15	1	2e-17	2.52485e-18
59639.907662	-9.4617984780e-15	1	2e-17	2.52485e-18
59639.907674	-9.6793173859e-15	1	2e-17	2.52485e-18
59639.907685	-5.8105977373e-15	1	2e-17	2.52485e-18
59639.907697	-9.6673098468e-15	1	2e-17	2.52485e-18
59639.907708	-1.0276193552e-14	1	2e-17	2.52485e-18
59639.907720	-9.4223318248e-15	1	2e-17	2.52485e-18
59639.907731	-8.3318370446e-15	1	2e-17	2.52485e-18
59639.907743	-6.9884326258e-15	1	2e-17	2.52485e-18
59639.907755	-1.0326792759e-14	1	2e-17	2.52485e-18
59639.907766	-1.0027299696e-14	1	2e-17	2.52485e-18
59639.907778	-7.3566327658e-15	1	2e-17	2.52485e-18
59639.907789	-9.1563406095e-15	1	2e-17	2.52485e-18
59639.907801	-8.3922042357e-15	1	2e-17	2.52485e-18
59639.907813	-8.7029831651e-15	1	2e-17	2.52485e-18
59639.907824	-9.1189593515e-15	1	2e-17	2.52485e-18
59639.907836	-8.5726036187e-15	1	2e-17	2.52485e-18
59639.907847	-6.1666971646e-15	1	2e-17	2.52485e-18
59639.907859	-7.9151349510e-15	1	2e-17	2.52485e-18
59639.907870	-9.1794900199e-15	1	2e-17	2.52485e-18
59639.907882	-7.2485987956e-15	1	2e-17	2.52485e-18
59639.907894	-9.1077132950e-15	1	2e-17	2.52485e-18
59639.907905	-7.0562816590e-15	1	2e-17	2.52485e-18
59639.907917	-7.4536248145e-15	1	2e-17	2.52485e-18
59639.907928	-8.7209978619e-15	1	2e-17	2.52485e-18
59639.907940	-7.7639268644e-15	1	2e-17	2.52485e-18
59639.907951	-9.2797355222e-15	1	2e-17	2.52485e-18
59639.907963	-7.3710882301e-15	1	2e-17	2.52485e-18
59639.907975	-5.8805474121e-15	1	2e-17	2.52485e-18
59639.907986	-7.5955739840e-15	1	2e-17	2.52485e-18
59639.907998	-9.1771073163e-15	1	2e-17	2.52485e-18
59639.908009	-9.7221603123e-15	1	2e-17	2.52485e-18
59639.908021	-7.9695678293e-15	1	2e-17	2.52485e-18
59639.908032	-8.2871187872e-15	1	2e-17	2.52485e-18
59639.908044	-7.9439815051e-15	1	2e-17	2.52485e-18
59639.908056	-7.4884200810e-15	1	2e-17	2.52485e-18
59639.908067	-7.2879502522e-15	1	2e-17	2.52485e-18
59639.908079	-7.8928850895e-15	1	2e-17	2.52485e-18
59639.908090	-6.7438586386e-15	1	2e-17	2.52485e-18
59639.908102	-6.6947019285e-15	1	2e-17	2.52485e-18
59639.908113	-9.5595901258e-15	1	2e-17	2.52485e-18
59639.908125	-5.6686858373e-15	1	2e-17	2.52485e-18
59639.908137	-7.5546512812e-15	1	2e-17	2.52485e-18
59639.908148	-1.0541128517e-14	1	2e-17	2.52485e-18
59639.908160	-8.1085430660e-15	1	2e-17	2.52485e-18
59639.908171	-9.0057567862e-15	1	2e-17	2.52485e-18
59639.908183	-1.0301142907e-14	1	2e-17	2.52485e-18
59639.908194	-8.7103235527e-15	1	2e-17	2.52485e-18
59639.908206	-8.2057976950e-15	1	2e-17	2.52485e-18
59639.908218	-7.3435562712e-15	1	2e-17	2.52485e-18
59639.908229	-7.8442823390e-15	1	2e-17	2.52485e-18
59639.908241	-8.5912180148e-15	1	2e-17	2.52485e-18
59639.908252	-8.6711448907e-15	1	2e-17	2.52485e-18
59639.908264	-8.1925890632e-15	1	2e-17	2.52485e-18
59639.908275	-8.5372484635e-15	1	2e-17	2.52485e-18
59639.908287	-8.9310417040e-15	1	2e-17	2.52485e-18
59639.908299	-8.0297147918e-15	1	2e-17	2.52485e-18
59639.908310	-9.2030866638e-15	1	2e-17	2.52485e-18
59639.908322	-7.4485341465e-15	1	2e-17	2.52485e-18
59639.908333	-9.5419980985e-15	1	2e-17	2.52485e-18
59639.908345	-9.5408842502e-15	1	2e-17	2.52485e-18
59639.908356	-9.8013189294e-15	1	2e-17	2.52485e-18
59639.908368	-7.6896573215e-15	1	2e-17	2.52485e-18
59639.908380	-8.2920536011e-15	1	2e-17	2.52485e-18
59639.908391	-8.3558572049e-15	1	2e-17	2.52485e-18
59639.908403	-8.6038379587e-15	1	2e-17	2.52485e-18
59639.908414	-8.6816946861e-15	1	2e-17	2.52485e-18
59639.908426	-9.3902292761e-15	1	2e-17	2.52485e-18
59639.908437	-9.0763866285e-15	1	2e-17	2.52485e-18
59639.908449	-9.9968666496e-15	1	2e-17	2.52485e-18
59639.908461	-7.2149809049e-15	1	2e-17	2.52485e-18
59639.908472	-9.8924232521e-15	1	2e-17	2.52485e-18
59639.908484	-1.0367341920e-14	1	2e-17	2.52485e-18
59639.908495	-8.4018917515e-15	1	2e-17	2.52485e-18
59639.908507	-9.0142144102e-15	1	2e-17	2.52485e-18
59639.908519	-8.7875348410e-15	1	2e-17	2.52485e-18
59639.908530	-8.5004592815e-15	1	2e-17	2.52485e-18
59639.908542	-9.4968393840e-15	1	2e-17	2.52485e-18
59639.908553	-9.6701355487e-15	1	2e-17	2.52485e-18
59639.908565	-1.1467274341e-14	1	2e-17	2.52485e-18
59639.908576	-1.0137364005e-14	1	2e-17	2.52485e-18
59639.908588	-1.0260864796e-14	1	2e-17	2.52485e-18
59639.908600	-8.1350458799e-15	1	2e-17	2.52485e-18
59639.908611	-1.0783534947e-14	1	2e-17	2.52485e-18
59639.908623	-8.5101908430e-15	1	2e-17	2.52485e-18
59639.908634	-7.5753654719e-15	1	2e-17	2.52485e-18
59639.908646	-7.9447633165e-15	1	2e-17	2.52485e-18
59639.908657	-8.9789507345e-15	1	2e-17	2.52485e-18
59639.908669	-9.1938988974e-15	1	2e-17	2.52485e-18
59639.908681	-8.0920792867e-15	1	2e-17	2.52485e-18
59639.908692	-8.1430901518e-15	1	2e-17	2.52485e-18
59639.908704	-1.1085449677e-14	1	2e-17	2.52485e-18
59639.908715	-8.8924618943e-15	1	2e-17	2.52485e-18
59639.908727	-9.8348571989e-15	1	2e-17	2.52485e-18
59639.908738	-9.0902025829e-15	1	2e-17	2.52485e-18
59639.908750	-8.7101253469e-15	1	2e-17	2.52485e-18
59639.908762	-1.0257066701e-14	1	2e-17	2.52485e-18
59639.908773	-9.5756752815e-15	1	2e-17	2.52485e-18
59639.908785	-9.9844601581e-15	1	2e-17	2.52485e-18
59639.908796	-9.1466048128e-15	1	2e-17	2.52485e-18
59639.908808	-9.2976714449e-15	1	2e-17	2.52485e-18
59639.908819	-8.1881929622e-15	1	2e-17	2.52485e-18
59639.908831	-8.2873957669e-15	1	2e-17	2.52485e-18
59639.908843	-9.8004202274e-15	1	2e-17	2.52485e-18
59639.908854	-8.4881103882e-15	1	2e-17	2.52485e-18
59639.908866	-1.0097741497e-14	1	2e-17	2.52485e-18
59639.908877	-8.0306041764e-15	1	2e-17	2.52485e-18
59639.908889	-9.6306138384e-15	1	2e-17	2.52485e-18
59639.908900	-1.1543818168e-14	1	2e-17	2.52485e-18
59639.908912	-1.0668404535e-14	1	2e-17	2.52485e-18
59639.908924	-1.0604435759e-14	1	2e-17	2.52485e-18
59639.908935	-7.2840649121e-15	1	2e-17	2.52485e-18
59639.908947	-7.1069045831e-15	1	2e-17	2.52485e-18
59639.908958	-8.6214028809e-15	1	2e-17	2.52485e-18
59639.908970	-9.0550405512e-15	1	2e-17	2.52485e-18
59639.908981	-1.1698428786e-14	1	2e-17	2.52485e-18
59639.908993	-9.0667084300e-15	1	2e-17	2.52485e-18
59639.909005	-6.0380193074e-15	1	2e-17	2.52485e-18
59639.909016	-5.0380003514e-15	1	2e-17	2.52485e-18
59639.909028	-8.9548263891e-15	1	2e-17	2.52485e-18
59639.909039	-1.1849105783e-14	1	2e-17	2.52485e-18
59639.909051	-9.5336870112e-15	1	2e-17	2.52485e-18
59639.909062	-9.1937735365e-15	1	2e-17	2.52485e-18
59639.909074	-8.3305631070e-15	1	2e-17	2.52485e-18
59639.909086	-1.0314279541e-14	1	2e-17	2.52485e-18
59639.909097	-9.9865286125e-15	1	2e-17	2.52485e-18
59639.909109	-1.0689055198e-14	1	2e-17	2.52485e-18
59639.909120	-1.0219947176e-14	1	2e-17	2.52485e-18
59639.909132	-9.7124558558e-15	1	2e-17	2.52485e-18
59639.909144	-8.7311283759e-15	1	2e-17	2.52485e-18
59639.909155	-1.0701303294e-14	1	2e-17	2.52485e-18
59639.909167	-9.3945601556e-15	1	2e-17	2.52485e-18
59639.909178	-9.2338246424e-15	1	2e-17	2.52485e-18
59639.909190	-8.0071252702e-15	1	2e-17	2.52485e-18
59639.909201	-9.0712239627e-15	1	2e-17	2.52485e-18
59639.909213	-9.6759538180e-15	1	2e-17	2.52485e-18
59639.909225	-8.5323297432e-15	1	2e-17	2.52485e-18
59639.909236	-9.1005609488e-15	1	2e-17	2.52485e-18
59639.909248	-7.4536874950e-15	1	2e-17	2.52485e-18
59639.909259	-6.9580427777e-15	1	2e-17	2.52485e-18
59639.909271	-8.3141205034e-15	1	2e-17	2.52485e-18
59639.909282	-9.0156238730e-15	1	2e-17	2.52485e-18
59639.909294	-8.6363835056e-15	1	2e-17	2.52485e-18
59639.909306	-7.7863927193e-15	1	2e-17	2.52485e-18
59639.909317	-1.0461516737e-14	1	2e-17	2.52485e-18
59639.909329	-5.4077632671e-15	1	2e-17	2.52485e-18
59639.909340	-9.1497913507e-15	1	2e-17	2.52485e-18
59639.909352	-8.5356230073e-15	1	2e-17	2.52485e-18
59639.909363	-7.7602549766e-15	1	2e-17	2.52485e-18
59639.909375	-7.9356390776e-15	1	2e-17	2.52485e-18
59639.909387	-7.6525860776e-15	1	2e-17	2.52485e-18
59639.909398	-9.4423717773e-15	1	2e-17	2.52485e-18
59639.909410	-9.5281838382e-15	1	2e-17	2.52485e-18
59639.909421	-8.1856908269e-15	1	2e-17	2.52485e-18
59639.909433	-7.9641468184e-15	1	2e-17	2.52485e-18
59639.909444	-6.8828093114e-15	1	2e-17	2.52485e-18
59639.909456	-8.6071981384e-15	1	2e-17	2.52485e-18
59639.909468	-8.5869955555e-15	1	2e-17	2.52485e-18
59639.909479	-9.4371159379e-15	1	2e-17	2.52485e-18
59639.909491	-8.0223803336e-15	1	2e-17	2.52485e-18
59639.909502	-8.0296444881e-15	1	2e-17	2.52485e-18
59639.909514	-1.0168671189e-14	1	2e-17	2.52485e-18
59639.909525	-7.6698477620e-15	1	2e-17	2.52485e-18
59639.909537	-1.0127106436e-14	1	2e-17	2.52485e-18
59639.909549	-1.0211083823e-14	1	2e-17	2.52485e-18
59639.909560	-6.8862973930e-15	1	2e-17	2.52485e-18
59639.909572	-9.0910343693e-15	1	2e-17	2.52485e-18
59639.909583	-8.1526700945e-15	1	2e-17	2.52485e-18
59639.909595	-9.1778501642e-15	1	2e-17	2.52485e-18
59639.909606	-8.3679240363e-15	1	2e-17	2.52485e-18
59639.909618	-9.0469717153e-15	1	2e-17	2.52485e-18
59639.909630	-7.9689791414e-15	1	2e-17	2.52485e-18
59639.909641	-8.6211004901e-15	1	2e-17	2.52485e-18
59639.909653	-9.6244381212e-15	1	2e-17	2.52485e-18
59639.909664	-9.3411852214e-15	1	2e-17	2.52485e-18
59639.909676	-9.6793809133e-15	1	2e-17	2.52485e-18
59639.909687	-9.7850126981e-15	1	2e-17	2.52485e-18
59639.909699	-6.8313910233e-15	1	2e-17	2.52485e-18
59639.909711	-7.9014443575e-15	1	2e-17	2.52485e-18
59639.909722	-8.9023781090e-15	1	2e-17	2.52485e-18
59639.909734	-9.4954409326e-15	1	2e-17	2.52485e-18
59639.909745	-9.1136738659e-15	1	2e-17	2.52485e-18
59639.909757	-1.0162087202e-14	1	2e-17	2.52485e-18
59639.909769	-9.1679483490e-15	1	2e-17	2.52485e-18
59639.909780	-8.8202794406e-15	1	2e-17	2.52485e-18
59639.909792	-8.8847920110e-15	1	2e-17	2.52485e-18
59639.909803	-8.1275775904e-15	1	2e-17	2.52485e-18
59639.909815	-7.4126953355e-15	1	2e-17	2.52485e-18
59639.909826	-8.3000792383e-15	1	2e-17	2.52485e-18
59639.909838	-1.0366620248e-14	1	2e-17	2.52485e-18
59639.909850	-1.1711988089e-14	1	2e-17	2.52485e-18
59639.909861	-1.1098039127e-14	1	2e-17	2.52485e-18
59639.909873	-7.7245245858e-15	1	2e-17	2.52485e-18
59639.909884	-7.0188749900e-15	1	2e-17	2.52485e-18
59639.909896	-7.8818084397e-15	1	2e-17	2.52485e-18
59639.909907	-1.0116678613e-14	1	2e-17	2.52485e-18
59639.909919	-8.5774190010e-15	1	2e-17	2.52485e-18
59639.909931	-8.6750615711e-15	1	2e-17	2.52485e-18
59639.909942	-9.9207709037e-15	1	2e-17	2.52485e-18
59639.909954	-7.7091187505e-15	1	2e-17	2.52485e-18
59639.909965	-1.0234791428e-14	1	2e-17	2.52485e-18
59639.909977	-1.0375113447e-14	1	2e-17	2.52485e-18
59639.909988	-9.5845547278e-15	1	2e-17	2.52485e-18
59639.910000	-7.8066715351e-15	1	2e-17	2.52485e-18
59639.910012	-8.7596776214e-15	1	2e-17	2.52485e-18
59639.910023	-8.6625678351e-15	1	2e-17	2.52485e-18
59639.910035	-5.9237935263e-15	1	2e-17	2.52485e-18
59639.910046	-8.5207965426e-15	1	2e-17	2.52485e-18
59639.910058	-1.0446817327e-14	1	2e-17	2.52485e-18
59639.910069	-9.5626157275e-15	1	2e-17	2.52485e-18
59639.910081	-9.2686266851e-15	1	2e-17	2.52485e-18
59639.910093	-1.0633577081e-14	1	2e-17	2.52485e-18
59639.910104	-1.0247526569e-14	1	2e-17	2.52485e-18
59639.910116	-6.8145308325e-15	1	2e-17	2.52485e-18
59639.910127	-7.3210709345e-15	1	2e-17	2.52485e-18
59639.910139	-9.4164788272e-15	1	2e-17	2.52485e-18
59639.910150	-8.8794108107e-15	1	2e-17	2.52485e-18
59639.910162	-9.2920674749e-15	1	2e-17	2.52485e-18
59639.910174	-9.8220085561e-15	1	2e-17	2.52485e-18
59639.910185	-9.1572198297e-15	1	2e-17	2.52485e-18
59639.910197	-9.0174424527e-15	1	2e-17	2.52485e-18
59639.910208	-6.7666150257e-15	1	2e-17	2.52485e-18
59639.910220	-9.2904945347e-15	1	2e-17	2.52485e-18
59639.910231	-9.1070153399e-15	1	2e-17	2.52485e-18
59639.910243	-8.9563205553e-15	1	2e-17	2.52485e-18
59639.910255	-8.1992797765e-15	1	2e-17	2.52485e-18
59639.910266	-7.4455136270e-15	1	2e-17	2.52485e-18
59639.910278	-8.5218510986e-15	1	2e-17	2.52485e-18
59639.910289	-1.0874519838e-14	1	2e-17	2.52485e-18
59639.910301	-1.3403097839e-14	1	2e-17	2.52485e-18
59639.910312	-9.8457712184e-15	1	2e-17	2.52485e-18
59639.910324	-8.2059992888e-15	1	2e-17	2.52485e-18
59639.910336	-1.0307657438e-14	1	2e-17	2.52485e-18
59639.910347	-8.0623594416e-15	1	2e-17	2.52485e-18
59639.910359	-1.0173135053e-14	1	2e-17	2.52485e-18
59639.910370	-8.7554712558e-15	1	2e-17	2.52485e-18
59639.910382	-9.1323932940e-15	1	2e-17	2.52485e-18
59639.910394	-9.2735665813e-15	1	2e-17	2.52485e-18
59639.910405	-7.9725087277e-15	1	2e-17	2.52485e-18
59639.910417	-8.3519938876e-15	1	2e-17	2.52485e-18
59639.910428	-8.5641951227e-15	1	2e-17	2.52485e-18
59639.910440	-9.5879911405e-15	1	2e-17	2.52485e-18
59639.910451	-9.8101551771e-15	1	2e-17	2.52485e-18
59639.910463	-9.8319891454e-15	1	2e-17	2.52485e-18
59639.910475	-8.2914513607e-15	1	2e-17	2.52485e-18
59639.910486	-7.4479344472e-15	1	2e-17	2.52485e-18
59639.910498	-9.8535147937e-15	1	2e-17	2.52485e-18
59639.910509	-9.0663569114e-15	1	2e-17	2.52485e-18
59639.910521	-1.1990633130e-14	1	2e-17	2.52485e-18
59639.910532	-9.8056252449e-15	1	2e-17	2.52485e-18
59639.910544	-9.6921753460e-15	1	2e-17	2.52485e-18
59639.910579	-9.0558672554e-15	1	2e-17	2.52485e-18
59639.910590	-8.7123953952e-15	1	2e-17	2.52485e-18
59639.910602	-9.1444025271e-15	1	2e-17	2.52485e-18
59639.910613	-7.2809571482e-15	1	2e-17	2.52485e-18
59639.910625	-7.0668848174e-15	1	2e-17	2.52485e-18
59639.910637	-7.8560967546e-15	1	2e-17	2.52485e-18
59639.910648	-8.0189676378e-15	1	2e-17	2.52485e-18
59639.910660	-8.1857628247e-15	1	2e-17	2.52485e-18
59639.910671	-7.9165520371e-15	1	2e-17	2.52485e-18
59639.910683	-7.9159125272e-15	1	2e-17	2.52485e-18
59639.910694	-8.2825261745e-15	1	2e-17	2.52485e-18
59639.910706	-7.8058380547e-15	1	2e-17	2.52485e-18
59639.910718	-9.6339757122e-15	1	2e-17	2.52485e-18
59639.910729	-9.9872316499e-15	1	2e-17	2.52485e-18
59639.910741	-9.5625090013e-15	1	2e-17	2.52485e-18
59639.910752	-8.6641365401e-15	1	2e-17	2.52485e-18
59639.910764	-8.8826617231e-15	1	2e-17	2.52485e-18
59639.910775	-9.2464954083e-15	1	2e-17	2.52485e-18
59639.910787	-6.3848233951e-15	1	2e-17	2.52485e-18
59639.910799	-3.8777024330e-15	1	2e-17	2.52485e-18
59639.910810	-8.6737512111e-15	1	2e-17	2.52485e-18
59639.910822	-9.1912985063e-15	1	2e-17	2.52485e-18
59639.910833	-8.0142183241e-15	1	2e-17	2.52485e-18
59639.910845	-9.2911086336e-15	1	2e-17	2.52485e-18
59639.910856	-9.4045771672e-15	1	2e-17	2.52485e-18
59639.910868	-9.4695776286e-15	1	2e-17	2.52485e-18
59639.910880	-8.7388617867e-15	1	2e-17	2.52485e-18
59639.910891	-7.8326186953e-15	1	2e-17	2.52485e-18
59639.910903	-7.9723698143e-15	1	2e-17	2.52485e-18
59639.910914	-8.5990310467e-15	1	2e-17	2.52485e-18
59639.910926	-7.4330546194e-15	1	2e-17	2.52485e-18
59639.910937	-9.2923588542e-15	1	2e-17	2.52485e-18
59639.910949	-5.9408714046e-15	1	2e-17	2.52485e-18
59639.910961	-8.3078880350e-15	1	2e-17	2.52485e-18
59639.910972	-6.4398009156e-15	1	2e-17	2.52485e-18
59639.910984	-5.0538864543e-15	1	2e-17	2.52485e-18
59639.910995	-8.8812302375e-15	1	2e-17	2.52485e-18
59639.911007	-9.7476458396e-15	1	2e-17	2.52485e-18
59639.911019	-8.8922916407e-15	1	2e-17	2.52485e-18
59639.911030	-6.8202754100e-15	1	2e-17	2.52485e-18
59639.911042	-7.3219823420e-15	1	2e-17	2.52485e-18
59639.911053	-8.3450092539e-15	1	2e-17	2.52485e-18
59639.911065	-6.6560484270e-15	1	2e-17	2.52485e-18
59639.911076	-8.0330648071e-15	1	2e-17	2.52485e-18
59639.911088	-8.9063998215e-15	1	2e-17	2.52485e-18
59639.911100	-9.4714021375e-15	1	2e-17	2.52485e-18
59639.911111	-9.9411572927e-15	1	2e-17	2.52485e-18
59639.911123	-1.0871364640e-14	1	2e-17	2.52485e-18
59639.911134	-9.5145355963e-15	1	2e-17	2.52485e-18
59639.911146	-8.5636335398e-15	1	2e-17	2.52485e-18
59639.911157	-9.8551698960e-15	1	2e-17	2.52485e-18
59639.911169	-1.0839360347e-14	1	2e-17	2.52485e-18
59639.911181	-8.3109449769e-15	1	2e-17	2.52485e-18
59639.911192	-9.5262127925e-15	1	2e-17	2.52485e-18
59639.911204	-8.6364097636e-15	1	2e-17	2.52485e-18
59639.911215	-8.1132305464e-15	1	2e-17	2.52485e-18
59639.911227	-8.5941860182e-15	1	2e-17	2.52485e-18
59639.911238	-9.0823082358e-15	1	2e-17	2.52485e-18
59639.911250	-9.2637376109e-15	1	2e-17	2.52485e-18
59639.911262	-8.9210331627e-15	1	2e-17	2.52485e-18
59639.911273	-6.8743643929e-15	1	2e-17	2.52485e-18
59639.911285	-6.9428190546e-15	1	2e-17	2.52485e-18
59639.911296	-7.2893046579e-15	1	2e-17	2.52485e-18
59639.911308	-9.3823289998e-15	1	2e-17	2.52485e-18
59639.911319	-8.0793255116e-15	1	2e-17	2.52485e-18
59639.911331	-8.5071008668e-15	1	2e-17	2.52485e-18
59639.911343	-1.1280793262e-14	1	2e-17	2.52485e-18
59639.911354	-8.7102769658e-15	1	2e-17	2.52485e-18
59639.911366	-6.7902142107e-15	1	2e-17	2.52485e-18
59639.911377	-7.6106672640e-15	1	2e-17	2.52485e-18
59639.911389	-7.3053864255e-15	1	2e-17	2.52485e-18
59639.911400	-7.6765774388e-15	1	2e-17	2.52485e-18
59639.911412	-7.4681734524e-15	1	2e-17	2.52485e-18
59639.911424	-9.8925757180e-15	1	2e-17	2.52485e-18
59639.911435	-1.0983433875e-14	1	2e-17	2.52485e-18
59639.911447	-9.6275255563e-15	1	2e-17	2.52485e-18
59639.911458	-8.0434697599e-15	1	2e-17	2.52485e-18
59639.911470	-1.0339441502e-14	1	2e-17	2.52485e-18
59639.911481	-8.7488279764e-15	1	2e-17	2.52485e-18
59639.911493	-7.4476015632e-15	1	2e-17	2.52485e-18
59639.911505	-9.0444577216e-15	1	2e-17	2.52485e-18
59639.911516	-7.4042351704e-15	1	2e-17	2.52485e-18
59639.911528	-7.9854336034e-15	1	2e-17	2.52485e-18
59639.911539	-8.8477224611e-15	1	2e-17	2.52485e-18
59639.911551	-8.8523387907e-15	1	2e-17	2.52485e-18
59639.911562	-9.9347715113e-15	1	2e-17	2.52485e-18
59639.911574	-8.8973416511e-15	1	2e-17	2.52485e-18
59639.911586	-1.0882049114e-14	1	2e-17	2.52485e-18
59639.911597	-7.3906682437e-15	1	2e-17	2.52485e-18
59639.911609	-8.0632022394e-15	1	2e-17	2.52485e-18
59639.911620	-8.6661245264e-15	1	2e-17	2.52485e-18
59639.911632	-7.5805213615e-15	1	2e-17	2.52485e-18
59639.911644	-8.4053586574e-15	1	2e-17	2.52485e-18
59639.911655	-8.8131508114e-15	1	2e-17	2.52485e-18
59639.911667	-8.4284411522e-15	1	2e-17	2.52485e-18
59639.911678	-8.3669084437e-15	1	2e-17	2.52485e-18
59639.911690	-7.7816163005e-15	1	2e-17	2.52485e-18
59639.911701	-7.5303854813e-15	1	2e-17	2.52485e-18
59639.911713	-6.8625863998e-15	1	2e-17	2.52485e-18
59639.911725	-8.8666934580e-15	1	2e-17	2.52485e-18
59639.911736	-8.1590753576e-15	1	2e-17	2.52485e-18
59639.911748	-8.1668011451e-15	1	2e-17	2.52485e-18
59639.911759	-8.0684987364e-15	1	2e-17	2.52485e-18
59639.911771	-9.3621882504e-15	1	2e-17	2.52485e-18
59639.911782	-8.7935428457e-15	1	2e-17	2.52485e-18
59639.911794	-1.0225318212e-14	1	2e-17	2.52485e-18
59639.911806	-1.0187665903e-14	1	2e-17	2.52485e-18
59639.911817	-9.6062989106e-15	1	2e-17	2.52485e-18
59639.911829	-1.1408582582e-14	1	2e-17	2.52485e-18
59639.911840	-9.8525525642e-15	1	2e-17	2.52485e-18
59639.911852	-8.2275723710e-15	1	2e-17	2.52485e-18
59639.911863	-7.0680435585e-15	1	2e-17	2.52485e-18
59639.911875	-8.1863294897e-15	1	2e-17	2.52485e-18
59639.911887	-7.1244525646e-15	1	2e-17	2.52485e-18
59639.911898	-8.4457130010e-15	1	2e-17	2.52485e-18
59639.911910	-1.0205290118e-14	1	2e-17	2.52485e-18
59639.911921	-8.7143757583e-15	1	2e-17	2.52485e-18
59639.911933	-6.4436396689e-15	1	2e-17	2.52485e-18
59639.911944	-5.5978772710e-15	1	2e-17	2.52485e-18
59639.911956	-7.6357504507e-15	1	2e-17	2.52485e-18
59639.911968	-7.0531755892e-15	1	2e-17	2.52485e-18
59639.911979	-8.4971304420e-15	1	2e-17	2.52485e-18
59639.911991	-7.0722694058e-15	1	2e-17	2.52485e-18
59639.912002	-9.6152630603e-15	1	2e-17	2.52485e-18
59639.912014	-8.3800255960e-15	1	2e-17	2.52485e-18
59639.912025	-8.4585582557e-15	1	2e-17	2.52485e-18
59639.912037	-1.1444462897e-14	1	2e-17	2.52485e-18
59639.912049	-8.4304782664e-15	1	2e-17	2.52485e-18
59639.912060	-9.2222711130e-15	1	2e-17	2.52485e-18
59639.912072	-1.0935917021e-14	1	2e-17	2.52485e-18
59639.912083	-8.4157949503e-15	1	2e-17	2.52485e-18
59639.912095	-8.3409477309e-15	1	2e-17	2.52485e-18
59639.912106	-8.2003055334e-15	1	2e-17	2.52485e-18
59639.912118	-7.6760514313e-15	1	2e-17	2.52485e-18
59639.912130	-6.3626404492e-15	1	2e-17	2.52485e-18
59639.912141	-6.9662776321e-15	1	2e-17	2.52485e-18
59639.912153	-1.0975455672e-14	1	2e-17	2.52485e-18
59639.912164	-7.0379425486e-15	1	2e-17	2.52485e-18
59639.912176	-7.3478532693e-15	1	2e-17	2.52485e-18
59639.912187	-4.9063290797e-15	1	2e-17	2.52485e-18
59639.912199	-8.2381196252e-15	1	2e-17	2.52485e-18
59639.912211	-8.8921307045e-15	1	2e-17	2.52485e-18
59639.912222	-8.3894750955e-15	1	2e-17	2.52485e-18
59639.912234	-9.0904304348e-15	1	2e-17	2.52485e-18
59639.912245	-8.8188030622e-15	1	2e-17	2.52485e-18
59639.912257	-9.1542255682e-15	1	2e-17	2.52485e-18
59639.912269	-8.6214274448e-15	1	2e-17	2.52485e-18
59639.912280	-7.9355636916e-15	1	2e-17	2.52485e-18
59639.912292	-8.2490150100e-15	1	2e-17	2.52485e-18
59639.912303	-6.0546076006e-15	1	2e-17	2.52485e-18
59639.912315	-6.7856868196e-15	1	2e-17	2.52485e-18
59639.912326	-7.7004654619e-15	1	2e-17	2.52485e-18
59639.912338	-8.0848710363e-15	1	2e-17	2.52485e-18
59639.912350	-7.2056516841e-15	1	2e-17	2.52485e-18
59639.912361	-8.4509171715e-15	1	2e-17	2.52485e-18
59639.912373	-7.9873148636e-15	1	2e-17	2.52485e-18
59639.912384	-8.3958286897e-15	1	2e-17	2.52485e-18
59639.912396	-8.2295298641e-15	1	2e-17	2.52485e-18
59639.912407	-4.2399479313e-15	1	2e-17	2.52485e-18
59639.912419	-6.1044665010e-15	1	2e-17	2.52485e-18
59639.912431	-7.8712230690e-15	1	2e-17	2.52485e-18
59639.912442	-9.6456546025e-15	1	2e-17	2.52485e-18
59639.912454	-7.9867524337e-15	1	2e-17	2.52485e-18
59639.912465	-9.4617408797e-15	1	2e-17	2.52485e-18
59639.912477	-6.8333078589e-15	1	2e-17	2.52485e-18
59639.912488	-1.0564118685e-14	1	2e-17	2.52485e-18
59639.912500	-9.9541999060e-15	1	2e-17	2.52485e-18
59639.912512	-8.4099250120e-15	1	2e-17	2.52485e-18
59639.912523	-7.3281148605e-15	1	2e-17	2.52485e-18
59639.912535	-7.3033366057e-15	1	2e-17	2.52485e-18
59639.912546	-7.9129699348e-15	1	2e-17	2.52485e-18
59639.912558	-8.4202469555e-15	1	2e-17	2.52485e-18
59639.912569	-9.3948057951e-15	1	2e-17	2.52485e-18
59639.912581	-1.0270738660e-14	1	2e-17	2.52485e-18
59639.912593	-1.0147888389e-14	1	2e-17	2.52485e-18
59639.912604	-7.5296112932e-15	1	2e-17	2.52485e-18
59639.912616	-9.3994399124e-15	1	2e-17	2.52485e-18
59639.912627	-9.7344702421e-15	1	2e-17	2.52485e-18
59639.912639	-7.0343451997e-15	1	2e-17	2.52485e-18
59639.912650	-8.9383287284e-15	1	2e-17	2.52485e-18
59639.912662	-7.8739301862e-15	1	2e-17	2.52485e-18
59639.912674	-9.5148583158e-15	1	2e-17	2.52485e-18
59639.912685	-8.1584917519e-15	1	2e-17	2.52485e-18
59639.912697	-7.0109603141e-15	1	2e-17	2.52485e-18
59639.912708	-8.1484222242e-15	1	2e-17	2.52485e-18
59639.912720	-5.2235369892e-15	1	2e-17	2.52485e-18
59639.912731	-7.1423410534e-15	1	2e-17	2.52485e-18
59639.912743	-6.6149038016e-15	1	2e-17	2.52485e-18
59639.912755	-5.4491891075e-15	1	2e-17	2.52485e-18
59639.912766	-7.5853875657e-15	1	2e-17	2.52485e-18
59639.912778	-8.8442462379e-15	1	2e-17	2.52485e-18
59639.912789	-8.5651209297e-15	1	2e-17	2.52485e-18
59639.912801	-9.0286622512e-15	1	2e-17	2.52485e-18
59639.912812	-8.8226206397e-15	1	2e-17	2.52485e-18
59639.912824	-6.9899937075e-15	1	2e-17	2.52485e-18
59639.912836	-6.9104378320e-15	1	2e-17	2.52485e-18
59639.912847	-8.0682200626e-15	1	2e-17	2.52485e-18
59639.912859	-9.5472285270e-15	1	2e-17	2.52485e-18
59639.912870	-8.5721623146e-15	1	2e-17	2.52485e-18
59639.912882	-8.7421465805e-15	1	2e-17	2.52485e-18
59639.912894	-9.7986939743e-15	1	2e-17	2.52485e-18
59639.912905	-7.9189093298e-15	1	2e-17	2.52485e-18
59639.912917	-8.3867628960e-15	1	2e-17	2.52485e-18
59639.912928	-8.8058138120e-15	1	2e-17	2.52485e-18
59639.912940	-1.1259210015e-14	1	2e-17	2.52485e-18
59639.912951	-8.5998992555e-15	1	2e-17	2.52485e-18
59639.912963	-9.0544891327e-15	1	2e-17	2.52485e-18
59639.912975	-9.0200403028e-15	1	2e-17	2.52485e-18
59639.912986	-9.4499696629e-15	1	2e-17	2.52485e-18
59639.912998	-7.3940301175e-15	1	2e-17	2.52485e-18
59639.913009	-6.7526161122e-15	1	2e-17	2.52485e-18
59639.913021	-7.7504886867e-15	1	2e-17	2.52485e-18
59639.913032	-7.0916749307e-15	1	2e-17	2.52485e-18
59639.913044	-7.5757203787e-15	1	2e-17	2.52485e-18
59639.913056	-9.2420578027e-15	1	2e-17	2.52485e-18
59639.913067	-1.2701206528e-14	1	2e-17	2.52485e-18
59639.913079	-1.2940794879e-14	1	2e-17	2.52485e-18
59639.913090	-8.1691304857e-15	1	2e-17	2.52485e-18
59639.913102	-1.1373907594e-14	1	2e-17	2.52485e-18
59639.913113	-9.5489547801e-15	1	2e-17	2.52485e-18
59639.913125	-7.7691132472e-15	1	2e-17	2.52485e-18
59639.913137	-7.4289236397e-15	1	2e-17	2.52485e-18
59639.913148	-7.7059068016e-15	1	2e-17	2.52485e-18
59639.913160	-9.6703117316e-15	1	2e-17	2.52485e-18
59639.913171	-8.3176365372e-15	1	2e-17	2.52485e-18
59639.913183	-8.9594672827e-15	1	2e-17	2.52485e-18
59639.913194	-7.2036874146e-15	1	2e-17	2.52485e-18
59639.913206	-8.0320771667e-15	1	2e-17	2.52485e-18
59639.913218	-9.7825554555e-15	1	2e-17	2.52485e-18
59639.913229	-1.1525906809e-14	1	2e-17	2.52485e-18
59639.913241	-9.4023291418e-15	1	2e-17	2.52485e-18
59639.913252	-7.7377069595e-15	1	2e-17	2.52485e-18
59639.913264	-9.0104222437e-15	1	2e-17	2.52485e-18
59639.913275	-7.0313483971e-15	1	2e-17	2.52485e-18
59639.913287	-8.6981169609e-15	1	2e-17	2.52485e-18
59639.913299	-8.9913216507e-15	1	2e-17	2.52485e-18
59639.913310	-8.7810660503e-15	1	2e-17	2.52485e-18
59639.913322	-9.5904466890e-15	1	2e-17	2.52485e-18
59639.913333	-7.8867737468e-15	1	2e-17	2.52485e-18
59639.913345	-7.4357329376e-15	1	2e-17	2.52485e-18
59639.913356	-7.3464294069e-15	1	2e-17	2.52485e-18
59639.913368	-1.0116800586e-14	1	2e-17	2.52485e-18
59639.913380	-9.3989308456e-15	1	2e-17	2.52485e-18
59639.913391	-8.8056638871e-15	1	2e-17	2.52485e-18
59639.913403	-1.0001084027e-14	1	2e-17	2.52485e-18
59639.913414	-1.1527579699e-14	1	2e-17	2.52485e-18
59639.913426	-7.9129944987e-15	1	2e-17	2.52485e-18
59639.913437	-1.0469913375e-14	1	2e-17	2.52485e-18
59639.913449	-9.4994414692e-15	1	2e-17	2.52485e-18
59639.913461	-8.1563411353e-15	1	2e-17	2.52485e-18
59639.913472	-9.6852567809e-15	1	2e-17	2.52485e-18
59639.913484	-8.5454858589e-15	1	2e-17	2.52485e-18
59639.913495	-7.9795789117e-15	1	2e-17	2.52485e-18
59639.913507	-8.2245340638e-15	1	2e-17	2.52485e-18
59639.913519	-8.4220384302e-15	1	2e-17	2.52485e-18
59639.913530	-9.4934080535e-15	1	2e-17	2.52485e-18
59639.913542	-8.3027812734e-15	1	2e-17	2.52485e-18
59639.913553	-7.4538060796e-15	1	2e-17	2.52485e-18
59639.913565	-5.5228233757e-15	1	2e-17	2.52485e-18
59639.913576	-8.2369109092e-15	1	2e-17	2.52485e-18
59639.913588	-5.2664790186e-15	1	2e-17	2.52485e-18
59639.913600	-7.6761031003e-15	1	2e-17	2.52485e-18
59639.913611	-7.1254630749e-15	1	2e-17	2.52485e-18
59639.913623	-6.6180208828e-15	1	2e-17	2.52485e-18
59639.913634	-7.6955433535e-15	1	2e-17	2.52485e-18
59639.913646	-6.1446014631e-15	1	2e-17	2.52485e-18
59639.913657	-8.0685199123e-15	1	2e-17	2.52485e-18
59639.913669	-7.1839752639e-15	1	2e-17	2.52485e-18
59639.913681	-8.5000611760e-15	1	2e-17	2.52485e-18
59639.913692	-7.7719880770e-15	1	2e-17	2.52485e-18
59639.913704	-8.0751487921e-15	1	2e-17	2.52485e-18
59639.913715	-7.2779535694e-15	1	2e-17	2.52485e-18
59639.913727	-8.3162126748e-15	1	2e-17	2.52485e-18
59639.913738	-8.8017480538e-15	1	2e-17	2.52485e-18
59639.913750	-1.0733293188e-14	1	2e-17	2.52485e-18
59639.913762	-8.1665487293e-15	1	2e-17	2.52485e-18
59639.913773	-9.8932059105e-15	1	2e-17	2.52485e-18
59639.913785	-9.4539286949e-15	1	2e-17	2.52485e-18
59639.913796	-9.4869595917e-15	1	2e-17	2.52485e-18
59639.913808	-9.9455364530e-15	1	2e-17	2.52485e-18
59639.913819	-8.5879078100e-15	1	2e-17	2.52485e-18
59639.913831	-1.0070377251e-14	1	2e-17	2.52485e-18
59639.913843	-9.3289676182e-15	1	2e-17	2.52485e-18
59639.913854	-1.0877958792e-14	1	2e-17	2.52485e-18
59639.913866	-9.5353031501e-15	1	2e-17	2.52485e-18
59639.913877	-9.0002934237e-15	1	2e-17	2.52485e-18
59639.913889	-1.1043375856e-14	1	2e-17	2.52485e-18
59639.913900	-7.9003313562e-15	1	2e-17	2.52485e-18
59639.913912	-8.4219723616e-15	1	2e-17	2.52485e-18
59639.913924	-5.9515330083e-15	1	2e-17	2.52485e-18
59639.913935	-7.7332786713e-15	1	2e-17	2.52485e-18
59639.913947	-6.5807150107e-15	1	2e-17	2.52485e-18
59639.913958	-5.5188999190e-15	1	2e-17	2.52485e-18
59639.913970	-7.9165528842e-15	1	2e-17	2.52485e-18
59639.913981	-6.7390864549e-15	1	2e-17	2.52485e-18
59639.913993	-1.0373119532e-14	1	2e-17	2.52485e-18
59639.914005	-9.2956521183e-15	1	2e-17	2.52485e-18
59639.914016	-1.0081920616e-14	1	2e-17	2.52485e-18
59639.914028	-8.7440066648e-15	1	2e-17	2.52485e-18
59639.914039	-7.5431206217e-15	1	2e-17	2.52485e-18
59639.914051	-8.9607861130e-15	1	2e-17	2.52485e-18
59639.914062	-8.9716399931e-15	1	2e-17	2.52485e-18
59639.914074	-8.9700424890e-15	1	2e-17	2.52485e-18
59639.914086	-9.5415923697e-15	1	2e-17	2.52485e-18
59639.914097	-9.5800544418e-15	1	2e-17	2.52485e-18
59639.914109	-1.0116888677e-14	1	2e-17	2.52485e-18
59639.914120	-8.1875771693e-15	1	2e-17	2.52485e-18
59639.914132	-8.0485138411e-15	1	2e-17	2.52485e-18
59639.914144	-1.0023637126e-14	1	2e-17	2.52485e-18
59639.914155	-8.8035801861e-15	1	2e-17	2.52485e-18
59639.914167	-9.6265989022e-15	1	2e-17	2.52485e-18
59639.914178	-7.9149943435e-15	1	2e-17	2.52485e-18
59639.914190	-9.6597382193e-15	1	2e-17	2.52485e-18
59639.914201	-9.5643462158e-15	1	2e-17	2.52485e-18
59639.914213	-9.7248377835e-15	1	2e-17	2.52485e-18
59639.914225	-1.0916459827e-14	1	2e-17	2.52485e-18
59639.914236	-8.9617051437e-15	1	2e-17	2.52485e-18
59639.914248	-9.9041766813e-15	1	2e-17	2.52485e-18
59639.914259	-9.2572815258e-15	1	2e-17	2.52485e-18
59639.914271	-7.7357164321e-15	1	2e-17	2.52485e-18
59639.914282	-9.7351063639e-15	1	2e-17	2.52485e-18
59639.914294	-8.8723626495e-15	1	2e-17	2.52485e-18
59639.914306	-9.5580095623e-15	1	2e-17	2.52485e-18
59639.914317	-7.5778125501e-15	1	2e-17	2.52485e-18
59639.914329	-9.0884356722e-15	1	2e-17	2.52485e-18
59639.914340	-9.5347280147e-15	1	2e-17	2.52485e-18
59639.914352	-8.2784739689e-15	1	2e-17	2.52485e-18
59639.914363	-9.3843220683e-15	1	2e-17	2.52485e-18
59639.914375	-9.9333451078e-15	1	2e-17	2.52485e-18
59639.914387	-8.8137411933e-15	1	2e-17	2.52485e-18
59639.914398	-1.0088558813e-14	1	2e-17	2.52485e-18
59639.914410	-9.1742307924e-15	1	2e-17	2.52485e-18
59639.914421	-9.6663103479e-15	1	2e-17	2.52485e-18
59639.914433	-8.1048881189e-15	1	2e-17	2.52485e-18
59639.914444	-6.7985193687e-15	1	2e-17	2.52485e-18
59639.914456	-8.9704888754e-15	1	2e-17	2.52485e-18
59639.914468	-8.2206199245e-15	1	2e-17	2.52485e-18
59639.914479	-9.0365684567e-15	1	2e-17	2.52485e-18
59639.914491	-8.4598974148e-15	1	2e-17	2.52485e-18
59639.914502	-7.8520386197e-15	1	2e-17	2.52485e-18
59639.914514	-7.4006217279e-15	1	2e-17	2.52485e-18
59639.914525	-8.5600065447e-15	1	2e-17	2.52485e-18
59639.914537	-9.7200639058e-15	1	2e-17	2.52485e-18
59639.914549	-8.9032471649e-15	1	2e-17	2.52485e-18
59639.914560	-9.4735078614e-15	1	2e-17	2.52485e-18
59639.914572	-8.8253726497e-15	1	2e-17	2.52485e-18
59639.914583	-9.0638242829e-15	1	2e-17	2.52485e-18
59639.914595	-9.2136457765e-15	1	2e-17	2.52485e-18
59639.914606	-8.0022294197e-15	1	2e-17	2.52485e-18
59639.914618	-8.7008232311e-15	1	2e-17	2.52485e-18
59639.914630	-8.4796747871e-15	1	2e-17	2.52485e-18
59639.914641	-8.3229152465e-15	1	2e-17	2.52485e-18
59639.914653	-9.6007220457e-15	1	2e-17	2.52485e-18
59639.914688	-6.8452146010e-15	1	2e-17	2.52485e-18
59639.914699	-9.7068993197e-15	1	2e-17	2.52485e-18
59639.914711	-8.9080091841e-15	1	2e-17	2.52485e-18
59639.914722	-8.7886901939e-15	1	2e-17	2.52485e-18
59639.914734	-7.1035596500e-15	1	2e-17	2.52485e-18
59639.914745	-1.0092554268e-14	1	2e-17	2.52485e-18
59639.914757	-8.5301731973e-15	1	2e-17	2.52485e-18
59639.914769	-6.6694086777e-15	1	2e-17	2.52485e-18
59639.914780	-7.2029056032e-15	1	2e-17	2.52485e-18
59639.914792	-7.3700099571e-15	1	2e-17	2.52485e-18
59639.914803	-7.1214311981e-15	1	2e-17	2.52485e-18
59639.914815	-8.8103369679e-15	1	2e-17	2.52485e-18
59639.914826	-6.7921310462e-15	1	2e-17	2.52485e-18
59639.914838	-1.0998512756e-14	1	2e-17	2.52485e-18
59639.914850	-8.8681859301e-15	1	2e-17	2.52485e-18
59639.914861	-9.0684736467e-15	1	2e-17	2.52485e-18
59639.914873	-9.3190835907e-15	1	2e-17	2.52485e-18
59639.914884	-9.3882717830e-15	1	2e-17	2.52485e-18
59639.914896	-1.1338401667e-14	1	2e-17	2.52485e-18
59639.914907	-8.1747234443e-15	1	2e-17	2.52485e-18
59639.914919	-7.8097056071e-15	1	2e-17	2.52485e-18
59639.914931	-8.1530004373e-15	1	2e-17	2.52485e-18
59639.914942	-9.7188450254e-15	1	2e-17	2.52485e-18
59639.914954	-5.7751231504e-15	1	2e-17	2.52485e-18
59639.914965	-6.2319271718e-15	1	2e-17	2.52485e-18
59639.914977	-9.5194238234e-15	1	2e-17	2.52485e-18
59639.914988	-1.2415405753e-14	1	2e-17	2.52485e-18
59639.915000	-8.8914844183e-15	1	2e-17	2.52485e-18
59639.915012	-9.6809919700e-15	1	2e-17	2.52485e-18
59639.915023	-7.2477043288e-15	1	2e-17	2.52485e-18
59639.915035	-9.4727523080e-15	1	2e-17	2.52485e-18
59639.915046	-8.5876655586e-15	1	2e-17	2.52485e-18
59639.915058	-8.6299358908e-15	1	2e-17	2.52485e-18
59639.915069	-9.1493542817e-15	1	2e-17	2.52485e-18
59639.915081	-8.0097265084e-15	1	2e-17	2.52485e-18
59639.915093	-7.4225073651e-15	1	2e-17	2.52485e-18
59639.915104	-7.9263369617e-15	1	2e-17	2.52485e-18
59639.915116	-8.7124462172e-15	1	2e-17	2.52485e-18
59639.915127	-9.0820964776e-15	1	2e-17	2.52485e-18
59639.915139	-7.7813300034e-15	1	2e-17	2.52485e-18
59639.915150	-8.9436142140e-15	1	2e-17	2.52485e-18
59639.915162	-6.9109452048e-15	1	2e-17	2.52485e-18
59639.915174	-8.3529755988e-15	1	2e-17	2.52485e-18
59639.915185	-1.0489212174e-14	1	2e-17	2.52485e-18
59639.915197	-9.3400417270e-15	1	2e-17	2.52485e-18
59639.915208	-9.0973710227e-15	1	2e-17	2.52485e-18
59639.915220	-7.6130406504e-15	1	2e-17	2.52485e-18
59639.915231	-8.1759050552e-15	1	2e-17	2.52485e-18
59639.915243	-9.2887183066e-15	1	2e-17	2.52485e-18
59639.915255	-7.6740786916e-15	1	2e-17	2.52485e-18
59639.915266	-7.1222274091e-15	1	2e-17	2.52485e-18
59639.915278	-7.7410950913e-15	1	2e-17	2.52485e-18
59639.915289	-8.4244694147e-15	1	2e-17	2.52485e-18
59639.915301	-7.6129627233e-15	1	2e-17	2.52485e-18
59639.915313	-9.3397079960e-15	1	2e-17	2.52485e-18
59639.915324	-9.7512372593e-15	1	2e-17	2.52485e-18
59639.915336	-8.2205369153e-15	1	2e-17	2.52485e-18
59639.915347	-7.6979472330e-15	1	2e-17	2.52485e-18
59639.915359	-8.8079762871e-15	1	2e-17	2.52485e-18
59639.915370	-1.0031527238e-14	1	2e-17	2.52485e-18
59639.915382	-9.0371402039e-15	1	2e-17	2.52485e-18
59639.915394	-7.1033893963e-15	1	2e-17	2.52485e-18
59639.915405	-8.0864609171e-15	1	2e-17	2.52485e-18
59639.915417	-6.8655654146e-15	1	2e-17	2.52485e-18
59639.915428	-7.9227277543e-15	1	2e-17	2.52485e-18
59639.915440	-7.6135895277e-15	1	2e-17	2.52485e-18
59639.915451	-7.7554226536e-15	1	2e-17	2.52485e-18
59639.915463	-9.2743483927e-15	1	2e-17	2.52485e-18
59639.915475	-9.0293187017e-15	1	2e-17	2.52485e-18
59639.915486	-6.4179974405e-15	1	2e-17	2.52485e-18
59639.915498	-8.9626927841e-15	1	2e-17	2.52485e-18
59639.915509	-7.4781099959e-15	1	2e-17	2.52485e-18
59639.915521	-9.0890557003e-15	1	2e-17	2.52485e-18
59639.915532	-7.8446863737e-15	1	2e-17	2.52485e-18
59639.915544	-7.7965333977e-15	1	2e-17	2.52485e-18
59639.915556	-8.2557675567e-15	1	2e-17	2.52485e-18
59639.915567	-1.0545889689e-14	1	2e-17	2.52485e-18
59639.915579	-8.7685731614e-15	1	2e-17	2.52485e-18
59639.915590	-5.9533981748e-15	1	2e-17	2.52485e-18
59639.915602	-9.8940224503e-15	1	2e-17	2.52485e-18
59639.915613	-8.2077255420e-15	1	2e-17	2.52485e-18
59639.915625	-1.1038318222e-14	1	2e-17	2.52485e-18
59639.915637	-8.2870976113e-15	1	2e-17	2.52485e-18
59639.915648	-7.4998253796e-15	1	2e-17	2.52485e-18
59639.915660	-8.7224047836e-15	1	2e-17	2.52485e-18
59639.915671	-7.9809062123e-15	1	2e-17	2.52485e-18
59639.915683	-8.4817830521e-15	1	2e-17	2.52485e-18
59639.915694	-9.3767207947e-15	1	2e-17	2.52485e-18
59639.915706	-8.0716556282e-15	1	2e-17	2.52485e-18
59639.915718	-1.0059902842e-14	1	2e-17	2.52485e-18
59639.915729	-1.0081132028e-14	1	2e-17	2.52485e-18
59639.915741	-9.5472674905e-15	1	2e-17	2.52485e-18
59639.915752	-9.2533445167e-15	1	2e-17	2.52485e-18
59639.915764	-6.0157584345e-15	1	2e-17	2.52485e-18
59639.915775	-5.8378976092e-15	1	2e-17	2.52485e-18
59639.915787	-6.3845023696e-15	1	2e-17	2.52485e-18
59639.915799	-8.7890366304e-15	1	2e-17	2.52485e-18
59639.915810	-5.8323537785e-15	1	2e-17	2.52485e-18
59639.915822	-6.2968700349e-15	1	2e-17	2.52485e-18
59639.915833	-5.5835319211e-15	1	2e-17	2.52485e-18
59639.915845	-8.0761838664e-15	1	2e-17	2.52485e-18
59639.915856	-7.8000367260e-15	1	2e-17	2.52485e-18
59639.915868	-7.7173908743e-15	1	2e-17	2.52485e-18
59639.915880	-8.7992272838e-15	1	2e-17	2.52485e-18
59639.915891	-4.7055805772e-15	1	2e-17	2.52485e-18
59639.915903	-8.4616905835e-15	1	2e-17	2.52485e-18
59639.915914	-1.1263208011e-14	1	2e-17	2.52485e-18
59639.915926	-9.4510487828e-15	1	2e-17	2.52485e-18
59639.915938	-8.6521137545e-15	1	2e-17	2.52485e-18
59639.915949	-9.0409450759e-15	1	2e-17	2.52485e-18
59639.915961	-8.6630320091e-15	1	2e-17	2.52485e-18
59639.915972	-9.0628773000e-15	1	2e-17	2.52485e-18
59639.915984	-7.7513458841e-15	1	2e-17	2.52485e-18
59639.915995	-8.2930149835e-15	1	2e-17	2.52485e-18
59639.916007	-6.7830898166e-15	1	2e-17	2.52485e-18
59639.916019	-6.2033914789e-15	1	2e-17	2.52485e-18
59639.916030	-6.8704062079e-15	1	2e-17	2.52485e-18
59639.916042	-9.4450585658e-15	1	2e-17	2.52485e-18
59639.916053	-9.8119390285e-15	1	2e-17	2.52485e-18
59639.916065	-7.9600344735e-15	1	2e-17	2.52485e-18
59639.916076	-8.0892374911e-15	1	2e-17	2.52485e-18
59639.916088	-9.9991222984e-15	1	2e-17	2.52485e-18
59639.916100	-8.7799843893e-15	1	2e-17	2.52485e-18
59639.916111	-1.0297161852e-14	1	2e-17	2.52485e-18
59639.916123	-8.4001222997e-15	1	2e-17	2.52485e-18
59639.916134	-1.0548043694e-14	1	2e-17	2.52485e-18
59639.916146	-9.4484373803e-15	1	2e-17	2.52485e-18
59639.916157	-8.6603884193e-15	1	2e-17	2.52485e-18
59639.916169	-1.0130364124e-14	1	2e-17	2.52485e-18
59639.916181	-8.7628065611e-15	1	2e-17	2.52485e-18
59639.916192	-1.1371832363e-14	1	2e-17	2.52485e-18
59639.916204	-1.0077911609e-14	1	2e-17	2.52485e-18
59639.916215	-7.6964632313e-15	1	2e-17	2.52485e-18
59639.916227	-7.2125533085e-15	1	2e-17	2.52485e-18
59639.916238	-6.8668029298e-15	1	2e-17	2.52485e-18
59639.916250	-8.6662481932e-15	1	2e-17	2.52485e-18
59639.916262	-9.3230637986e-15	1	2e-17	2.52485e-18
59639.916273	-9.0758055639e-15	1	2e-17	2.52485e-18
59639.916285	-8.4847442792e-15	1	2e-17	2.52485e-18
59639.916296	-8.4155111943e-15	1	2e-17	2.52485e-18
59639.916308	-1.0087520351e-14	1	2e-17	2.52485e-18
59639.916319	-8.3191349385e-15	1	2e-17	2.52485e-18
59639.916331	-7.6044652888e-15	1	2e-17	2.52485e-18
59639.916343	-9.1993673421e-15	1	2e-17	2.52485e-18
59639.916354	-1.1519245742e-14	1	2e-17	2.52485e-18
59639.916366	-8.5655546105e-15	1	2e-17	2.52485e-18
59639.916377	-6.5982070881e-15	1	2e-17	2.52485e-18
59639.916389	-6.3533493448e-15	1	2e-17	2.52485e-18
59639.916400	-6.8093630845e-15	1	2e-17	2.52485e-18
59639.916412	-6.5868111069e-15	1	2e-17	2.52485e-18
59639.916424	-8.5230369447e-15	1	2e-17	2.52485e-18
59639.916435	-9.7087331460e-15	1	2e-17	2.52485e-18
59639.916447	-1.0801214219e-14	1	2e-17	2.52485e-18
59639.916458	-7.6623735433e-15	1	2e-17	2.52485e-18
59639.916470	-8.9354937092e-15	1	2e-17	2.52485e-18
59639.916481	-7.8804303171e-15	1	2e-17	2.52485e-18
59639.916493	-8.0867887189e-15	1	2e-17	2.52485e-18
59639.916505	-9.2648362127e-15	1	2e-17	2.52485e-18
59639.916516	-7.3462328953e-15	1	2e-17	2.52485e-18
59639.916528	-8.4725944386e-15	1	2e-17	2.52485e-18
59639.916539	-7.9359550208e-15	1	2e-17	2.52485e-18
59639.916551	-6.7750455447e-15	1	2e-17	2.52485e-18
59639.916563	-7.4688663254e-15	1	2e-17	2.52485e-18
59639.916574	-7.8674766422e-15	1	2e-17	2.52485e-18
59639.916586	-6.6914145936e-15	1	2e-17	2.52485e-18
59639.916597	-5.8927404514e-15	1	2e-17	2.52485e-18
59639.916609	-5.6102668220e-15	1	2e-17	2.52485e-18
59639.916620	-8.4112997464e-15	1	2e-17	2.52485e-18
59639.916632	-8.9505996947e-15	1	2e-17	2.52485e-18
59639.916644	-8.7373210338e-15	1	2e-17	2.52485e-18
59639.916655	-6.6329667792e-15	1	2e-17	2.52485e-18
59639.916667	-8.0318416916e-15	1	2e-17	2.52485e-18
59639.916678	-9.0645374846e-15	1	2e-17	2.52485e-18
59639.916690	-7.9600793662e-15	1	2e-17	2.52485e-18
59639.916701	-8.7340862150e-15	1	2e-17	2.52485e-18
59639.916713	-8.4861893174e-15	1	2e-17	2.52485e-18
59639.916725	-7.6864690895e-15	1	2e-17	2.52485e-18
59639.916736	-7.2339925594e-15	1	2e-17	2.52485e-18
59639.916748	-6.8148721868e-15	1	2e-17	2.52485e-18
59639.916759	-8.1809533716e-15	1	2e-17	2.52485e-18
59639.916771	-7.3017043732e-15	1	2e-17	2.52485e-18
59639.916782	-7.4814777989e-15	1	2e-17	2.52485e-18
59639.916794	-7.8586818991e-15	1	2e-17	2.52485e-18
59639.916806	-1.0595789247e-14	1	2e-17	2.52485e-18
59639.916817	-1.0502700326e-14	1	2e-17	2.52485e-18
59639.916829	-5.7709913237e-15	1	2e-17	2.52485e-18
59639.916840	-6.6591824489e-15	1	2e-17	2.52485e-18
59639.916852	-7.4817293677e-15	1	2e-17	2.52485e-18
59639.916944	-7.9238407556e-15	1	2e-17	2.52485e-18
59639.916956	-8.3603092101e-15	1	2e-17	2.52485e-18
59639.916968	-8.5022126397e-15	1	2e-17	2.52485e-18
59639.916979	-7.4760034250e-15	1	2e-17	2.52485e-18
59639.916991	-7.0587837943e-15	1	2e-17	2.52485e-18
59639.917002	-8.2799054546e-15	1	2e-17	2.52485e-18
59639.917014	-8.3830732205e-15	1	2e-17	2.52485e-18
59639.917025	-7.8213861914e-15	1	2e-17	2.52485e-18
59639.917037	-8.5111513784e-15	1	2e-17	2.52485e-18
59639.917049	-1.0360789273e-14	1	2e-17	2.52485e-18
59639.917060	-9.8666963204e-15	1	2e-17	2.52485e-18
59639.917072	-8.0246266649e-15	1	2e-17	2.52485e-18
59639.917083	-9.1110463697e-15	1	2e-17	2.52485e-18
59639.917095	-8.9962064897e-15	1	2e-17	2.52485e-18
59639.917106	-7.6941076326e-15	1	2e-17	2.52485e-18
59639.917118	-7.5641516027e-15	1	2e-17	2.52485e-18
59639.917130	-9.2178623065e-15	1	2e-17	2.52485e-18
59639.917141	-8.9576224449e-15	1	2e-17	2.52485e-18
59639.917153	-9.4482933847e-15	1	2e-17	2.52485e-18
59639.917164	-6.3280196716e-15	1	2e-17	2.52485e-18
59639.917176	-7.1371766936e-15	1	2e-17	2.52485e-18
59639.917188	-7.8510848606e-15	1	2e-17	2.52485e-18
59639.917199	-7.6556193026e-15	1	2e-17	2.52485e-18
59639.917211	-7.4647404279e-15	1	2e-17	2.52485e-18
59639.917222	-6.7439467300e-15	1	2e-17	2.52485e-18
59639.917234	-7.9571554085e-15	1	2e-17	2.52485e-18
59639.917245	-8.5117392193e-15	1	2e-17	2.52485e-18
59639.917257	-7.8344110171e-15	1	2e-17	2.52485e-18
59639.917269	-7.3205517033e-15	1	2e-17	2.52485e-18
59639.917280	-7.9011419667e-15	1	2e-17	2.52485e-18
59639.917292	-7.8090542388e-15	1	2e-17	2.52485e-18
59639.917303	-5.2755329537e-15	1	2e-17	2.52485e-18
59639.917315	-6.0429481921e-15	1	2e-17	2.52485e-18
59639.917326	-5.0362156530e-15	1	2e-17	2.52485e-18
59639.917338	-6.6366818657e-15	1	2e-17	2.52485e-18
59639.917350	-8.0333824445e-15	1	2e-17	2.52485e-18
59639.917361	-7.6678504583e-15	1	2e-17	2.52485e-18
59639.917373	-8.9881588297e-15	1	2e-17	2.52485e-18
59639.917384	-9.6819465761e-15	1	2e-17	2.52485e-18
59639.917396	-9.4968029615e-15	1	2e-17	2.52485e-18
59639.917407	-8.7265103523e-15	1	2e-17	2.52485e-18
59639.917419	-9.6148166740e-15	1	2e-17	2.52485e-18
59639.917431	-9.4698588435e-15	1	2e-17	2.52485e-18
59639.917442	-9.6535802897e-15	1	2e-17	2.52485e-18
59639.917454	-1.0462494213e-14	1	2e-17	2.52485e-18
59639.917465	-9.9215179868e-15	1	2e-17	2.52485e-18
59639.917477	-8.3726030463e-15	1	2e-17	2.52485e-18
59639.917488	-8.6656603524e-15	1	2e-17	2.52485e-18
59639.917500	-8.1399391893e-15	1	2e-17	2.52485e-18
59639.917512	-9.1157152153e-15	1	2e-17	2.52485e-18
59639.917523	-8.4199496469e-15	1	2e-17	2.52485e-18
59639.917535	-9.7259880542e-15	1	2e-17	2.52485e-18
59639.917546	-9.4067286309e-15	1	2e-17	2.52485e-18
59639.917558	-9.0235258434e-15	1	2e-17	2.52485e-18
59639.917569	-8.6090031656e-15	1	2e-17	2.52485e-18
59639.917581	-9.1527703656e-15	1	2e-17	2.52485e-18
59639.917593	-9.4300220369e-15	1	2e-17	2.52485e-18
59639.917604	-7.4059825994e-15	1	2e-17	2.52485e-18
59639.917616	-9.4721238096e-15	1	2e-17	2.52485e-18
59639.917627	-8.9458266641e-15	1	2e-17	2.52485e-18
59639.917639	-9.7627492841e-15	1	2e-17	2.52485e-18
59639.917650	-7.8155763924e-15	1	2e-17	2.52485e-18
59639.917662	-7.2275186866e-15	1	2e-17	2.52485e-18
59639.917674	-9.3719232001e-15	1	2e-17	2.52485e-18
59639.917685	-7.7664391641e-15	1	2e-17	2.52485e-18
59639.917697	-9.9106674947e-15	1	2e-17	2.52485e-18
59639.917708	-1.0961818442e-14	1	2e-17	2.52485e-18
59639.917720	-1.0816515869e-14	1	2e-17	2.52485e-18
59639.917731	-9.0708233161e-15	1	2e-17	2.52485e-18
59639.917743	-8.0983888351e-15	1	2e-17	2.52485e-18
59639.917755	-8.6733141421e-15	1	2e-17	2.52485e-18
59639.917766	-8.5297589982e-15	1	2e-17	2.52485e-18
59639.917778	-7.6694903141e-15	1	2e-17	2.52485e-18
59639.917789	-8.4176516465e-15	1	2e-17	2.52485e-18
59639.917801	-8.4659096546e-15	1	2e-17	2.52485e-18
59639.917813	-9.5917333321e-15	1	2e-17	2.52485e-18
59639.917824	-8.3266116983e-15	1	2e-17	2.52485e-18
59639.917836	-9.5953899733e-15	1	2e-17	2.52485e-18
59639.917847	-9.1485868699e-15	1	2e-17	2.52485e-18
59639.917859	-1.0795173180e-14	1	2e-17	2.52485e-18
59639.917870	-1.1180471527e-14	1	2e-17	2.52485e-18
59639.917882	-9.9521043465e-15	1	2e-17	2.52485e-18
59639.917894	-1.0531045437e-14	1	2e-17	2.52485e-18
59639.917905	-9.2498733757e-15	1	2e-17	2.52485e-18
59639.917917	-8.7245825053e-15	1	2e-17	2.52485e-18
59639.917928	-1.0734459552e-14	1	2e-17	2.52485e-18
59639.917940	-7.3530430402e-15	1	2e-17	2.52485e-18
59639.917951	-5.6413817302e-15	1	2e-17	2.52485e-18
59639.917963	-5.5463607272e-15	1	2e-17	2.52485e-18
59639.917975	-6.3080237648e-15	1	2e-17	2.52485e-18
59639.917986	-7.4555763784e-15	1	2e-17	2.52485e-18
59639.917998	-8.0684123391e-15	1	2e-17	2.52485e-18
59639.918009	-9.2453205736e-15	1	2e-17	2.52485e-18
59639.918021	-8.0939469943e-15	1	2e-17	2.52485e-18
59639.918032	-7.6231042488e-15	1	2e-17	2.52485e-18
59639.918044	-9.3575888615e-15	1	2e-17	2.52485e-18
59639.918056	-8.0172608664e-15	1	2e-17	2.52485e-18
59639.918067	-7.3168289935e-15	1	2e-17	2.52485e-18
59639.918079	-9.7750405792e-15	1	2e-17	2.52485e-18
59639.918090	-8.8795548063e-15	1	2e-17	2.52485e-18
59639.918102	-8.4960352284e-15	1	2e-17	2.52485e-18
59639.918113	-9.3507278946e-15	1	2e-17	2.52485e-18
59639.918125	-8.1943551269e-15	1	2e-17	2.52485e-18
59639.918137	-8.8026899545e-15	1	2e-17	2.52485e-18
59639.918148	-7.0777954488e-15	1	2e-17	2.52485e-18
59639.918160	-9.2738071386e-15	1	2e-17	2.52485e-18
59639.918171	-1.0581850473e-14	1	2e-17	2.52485e-18
59639.918183	-7.3535470248e-15	1	2e-17	2.52485e-18
59639.918194	-9.5092966975e-15	1	2e-17	2.52485e-18
59639.918206	-8.1744261357e-15	1	2e-17	2.52485e-18
59639.918218	-6.7693721180e-15	1	2e-17	2.52485e-18
59639.918229	-1.0029793361e-14	1	2e-17	2.52485e-18
59639.918241	-9.2093962122e-15	1	2e-17	2.52485e-18
59639.918252	-8.6579675992e-15	1	2e-17	2.52485e-18
59639.918264	-6.2796439259e-15	1	2e-17	2.52485e-18
59639.918275	-8.8101455385e-15	1	2e-17	2.52485e-18
59639.918287	-9.3762608558e-15	1	2e-17	2.52485e-18
59639.918299	-9.1659425750e-15	1	2e-17	2.52485e-18
59639.918310	-9.1235570463e-15	1	2e-17	2.52485e-18
59639.918322	-9.9614090034e-15	1	2e-17	2.52485e-18
59639.918333	-9.7550573779e-15	1	2e-17	2.52485e-18
59639.918345	-8.9553193623e-15	1	2e-17	2.52485e-18
59639.918356	-9.7381522944e-15	1	2e-17	2.52485e-18
59639.918368	-9.2456246584e-15	1	2e-17	2.52485e-18
59639.918380	-8.2155411150e-15	1	2e-17	2.52485e-18
59639.918391	-7.4883912818e-15	1	2e-17	2.52485e-18
59639.918403	-9.4784113352e-15	1	2e-17	2.52485e-18
59639.918414	-9.2812008892e-15	1	2e-17	2.52485e-18
59639.918426	-8.2195467338e-15	1	2e-17	2.52485e-18
59639.918438	-9.0110117786e-15	1	2e-17	2.52485e-18
59639.918449	-9.7249241808e-15	1	2e-17	2.52485e-18
59639.918461	-7.3313462912e-15	1	2e-17	2.52485e-18
59639.918472	-8.9475571524e-15	1	2e-17	2.52485e-18
59639.918484	-7.3954632972e-15	1	2e-17	2.52485e-18
59639.918495	-8.0954801239e-15	1	2e-17	2.52485e-18
59639.918507	-8.1922172157e-15	1	2e-17	2.52485e-18
59639.918519	-7.8544162412e-15	1	2e-17	2.52485e-18
59639.918530	-6.9912566337e-15	1	2e-17	2.52485e-18
59639.918542	-7.5331595142e-15	1	2e-17	2.52485e-18
59639.918553	-8.6276006210e-15	1	2e-17	2.52485e-18
59639.918565	-5.2492766264e-15	1	2e-17	2.52485e-18
59639.918576	-7.1111482181e-15	1	2e-17	2.52485e-18
59639.918588	-9.4521406083e-15	1	2e-17	2.52485e-18
59639.918600	-8.8509081520e-15	1	2e-17	2.52485e-18
59639.918611	-9.4613300687e-15	1	2e-17	2.52485e-18
59639.918623	-8.8608599421e-15	1	2e-17	2.52485e-18
59639.918634	-8.7977339647e-15	1	2e-17	2.52485e-18
59639.918646	-7.7441621976e-15	1	2e-17	2.52485e-18
59639.918657	-7.4471441654e-15	1	2e-17	2.52485e-18
59639.918669	-6.9358572908e-15	1	2e-17	2.52485e-18
59639.918681	-6.9293283608e-15	1	2e-17	2.52485e-18
59639.918692	-7.6094356781e-15	1	2e-17	2.52485e-18
59639.918704	-8.3538251728e-15	1	2e-17	2.52485e-18
59639.918715	-8.9103961229e-15	1	2e-17	2.52485e-18
59639.918727	-9.7004855862e-15	1	2e-17	2.52485e-18
59639.918738	-7.8278304181e-15	1	2e-17	2.52485e-18
59639.918750	-8.3075703977e-15	1	2e-17	2.52485e-18
59639.918762	-8.5579143734e-15	1	2e-17	2.52485e-18
59639.918773	-1.1697862121e-14	1	2e-17	2.52485e-18
59639.918785	-1.0140764842e-14	1	2e-17	2.52485e-18
59639.918796	-8.8204437650e-15	1	2e-17	2.52485e-18
59639.918808	-1.1542688226e-14	1	2e-17	2.52485e-18
59639.918819	-1.0509666325e-14	1	2e-17	2.52485e-18
59639.918831	-9.2692272315e-15	1	2e-17	2.52485e-18
59639.918843	-6.7403536162e-15	1	2e-17	2.52485e-18
59639.918854	-8.5185586815e-15	1	2e-17	2.52485e-18
59639.918866	-6.6096479621e-15	1	2e-17	2.52485e-18
59639.918877	-7.6036673838e-15	1	2e-17	2.52485e-18
59639.918958	-9.8729829989e-15	1	2e-17	2.52485e-18
59639.918970	-9.0403233537e-15	1	2e-17	2.52485e-18
59639.918981	-7.2157533990e-15	1	2e-17	2.52485e-18
59639.918993	-1.0470266588e-14	1	2e-17	2.52485e-18
59639.919005	-9.0554877846e-15	1	2e-17	2.52485e-18
59639.919016	-8.5197267400e-15	1	2e-17	2.52485e-18
59639.919028	-9.6803151907e-15	1	2e-17	2.52485e-18
59639.919039	-7.4983049555e-15	1	2e-17	2.52485e-18
59639.919051	-1.0545223921e-14	1	2e-17	2.52485e-18
59639.919063	-6.4853255483e-15	1	2e-17	2.52485e-18
59639.919074	-1.0436793540e-14	1	2e-17	2.52485e-18
59639.919086	-1.0008964821e-14	1	2e-17	2.52485e-18
59639.919097	-7.4064738785e-15	1	2e-17	2.52485e-18
59639.919109	-8.1331790193e-15	1	2e-17	2.52485e-18
59639.919120	-7.9661153230e-15	1	2e-17	2.52485e-18
59639.919132	-8.6503637844e-15	1	2e-17	2.52485e-18
59639.919144	-7.4965456680e-15	1	2e-17	2.52485e-18
59639.919155	-8.4503937051e-15	1	2e-17	2.52485e-18
59639.919167	-9.8700548060e-15	1	2e-17	2.52485e-18
59639.919178	-1.2703059836e-14	1	2e-17	2.52485e-18
59639.919190	-1.0194155023e-14	1	2e-17	2.52485e-18
59639.919201	-9.0540147943e-15	1	2e-17	2.52485e-18
59639.919213	-8.3590818593e-15	1	2e-17	2.52485e-18
59639.919225	-7.7569625595e-15	1	2e-17	2.52485e-18
59639.919236	-7.3311269097e-15	1	2e-17	2.52485e-18
59639.919248	-7.1261966055e-15	1	2e-17	2.52485e-18
59639.919259	-7.7710165302e-15	1	2e-17	2.52485e-18
59639.919271	-1.0136475467e-14	1	2e-17	2.52485e-18
59639.919282	-8.0254406636e-15	1	2e-17	2.52485e-18
59639.919294	-8.5598667843e-15	1	2e-17	2.52485e-18
59639.919306	-8.2171047378e-15	1	2e-17	2.52485e-18
59639.919317	-8.6542940173e-15	1	2e-17	2.52485e-18
59639.919329	-7.0857685699e-15	1	2e-17	2.52485e-18
59639.919340	-6.7190456554e-15	1	2e-17	2.52485e-18
59639.919352	-9.4485712115e-15	1	2e-17	2.52485e-18
59639.919363	-5.4260176742e-15	1	2e-17	2.52485e-18
59639.919375	-5.8872482898e-15	1	2e-17	2.52485e-18
59639.919387	-8.6563963530e-15	1	2e-17	2.52485e-18
59639.919398	-8.6387526567e-15	1	2e-17	2.52485e-18
59639.919410	-9.5417600823e-15	1	2e-17	2.52485e-18
59639.919421	-9.1991818419e-15	1	2e-17	2.52485e-18
59639.919433	-9.0132462515e-15	1	2e-17	2.52485e-18
59639.919444	-5.1469482701e-15	1	2e-17	2.52485e-18
59639.919456	-4.2865423667e-15	1	2e-17	2.52485e-18
59639.919468	-9.8439712734e-15	1	2e-17	2.52485e-18
59639.919479	-9.6273392090e-15	1	2e-17	2.52485e-18
59639.919491	-8.3603498676e-15	1	2e-17	2.52485e-18
59639.919502	-7.8325450035e-15	1	2e-17	2.52485e-18
59639.919514	-6.6814695798e-15	1	2e-17	2.52485e-18
59639.919525	-8.7394843559e-15	1	2e-17	2.52485e-18
59639.919537	-9.7149368153e-15	1	2e-17	2.52485e-18
59639.919549	-1.0756860185e-14	1	2e-17	2.52485e-18
59639.919560	-8.6850108201e-15	1	2e-17	2.52485e-18
59639.919572	-7.9497692812e-15	1	2e-17	2.52485e-18
59639.919583	-7.6694615150e-15	1	2e-17	2.52485e-18
59639.919595	-7.1788413972e-15	1	2e-17	2.52485e-18
59639.919606	-6.8461581957e-15	1	2e-17	2.52485e-18
59639.919618	-8.2389547997e-15	1	2e-17	2.52485e-18
59639.919630	-9.1018086283e-15	1	2e-17	2.52485e-18
59639.919641	-9.6983612276e-15	1	2e-17	2.52485e-18
59639.919653	-7.4654155132e-15	1	2e-17	2.52485e-18
59639.919664	-9.0693257619e-15	1	2e-17	2.52485e-18
59639.919676	-9.0604641032e-15	1	2e-17	2.52485e-18
59639.919688	-1.0191457223e-14	1	2e-17	2.52485e-18
59639.919699	-8.4046988187e-15	1	2e-17	2.52485e-18
59639.919711	-1.0085059720e-14	1	2e-17	2.52485e-18
59639.919722	-9.3637569554e-15	1	2e-17	2.52485e-18
59639.919734	-7.8968856262e-15	1	2e-17	2.52485e-18
59639.919745	-9.3964363336e-15	1	2e-17	2.52485e-18
59639.919757	-8.5990708572e-15	1	2e-17	2.52485e-18
59639.919769	-9.7668336770e-15	1	2e-17	2.52485e-18
59639.919780	-6.0342559400e-15	1	2e-17	2.52485e-18
59639.919792	-7.8935576337e-15	1	2e-17	2.52485e-18
59639.919803	-9.1026988600e-15	1	2e-17	2.52485e-18
59639.919815	-7.1244178363e-15	1	2e-17	2.52485e-18
59639.919826	-9.0380770224e-15	1	2e-17	2.52485e-18
59639.919838	-6.2242386538e-15	1	2e-17	2.52485e-18
59639.919850	-7.6704610139e-15	1	2e-17	2.52485e-18
59639.919861	-1.2572037392e-14	1	2e-17	2.52485e-18
59639.919873	-1.4291576108e-14	1	2e-17	2.52485e-18
59639.919884	-1.0656824747e-14	1	2e-17	2.52485e-18
59639.919896	-7.6947107201e-15	1	2e-17	2.52485e-18
59639.919907	-7.3757435232e-15	1	2e-17	2.52485e-18
59639.919919	-7.0385363187e-15	1	2e-17	2.52485e-18
59639.919931	-7.8529280043e-15	1	2e-17	2.52485e-18
59639.919942	-6.3996092022e-15	1	2e-17	2.52485e-18
59639.919954	-7.0918722893e-15	1	2e-17	2.52485e-18
59639.919965	-8.9383312695e-15	1	2e-17	2.52485e-18
59639.919977	-8.8032532314e-15	1	2e-17	2.52485e-18
59639.919988	-7.5454736792e-15	1	2e-17	2.52485e-18
59639.920000	-5.3584210569e-15	1	2e-17	2.52485e-18
59639.920012	-7.9011021562e-15	1	2e-17	2.52485e-18
59639.920023	-7.2460238154e-15	1	2e-17	2.52485e-18
59639.920035	-9.7295540629e-15	1	2e-17	2.52485e-18
59639.920046	-7.1163515415e-15	1	2e-17	2.52485e-18
59639.920058	-5.2171588311e-15	1	2e-17	2.52485e-18
59639.920069	-7.3281351893e-15	1	2e-17	2.52485e-18
59639.920081	-8.0233332456e-15	1	2e-17	2.52485e-18
59639.920093	-8.0539212994e-15	1	2e-17	2.52485e-18
59639.920104	-7.9986337649e-15	1	2e-17	2.52485e-18
59639.920116	-7.8726452373e-15	1	2e-17	2.52485e-18
59639.920127	-7.8235113971e-15	1	2e-17	2.52485e-18
59639.920139	-7.3255195516e-15	1	2e-17	2.52485e-18
59639.920150	-7.9240931715e-15	1	2e-17	2.52485e-18
59639.920162	-8.5044293249e-15	1	2e-17	2.52485e-18
59639.920174	-7.4075521514e-15	1	2e-17	2.52485e-18
59639.920185	-7.3075819349e-15	1	2e-17	2.52485e-18
59639.920197	-8.1817512766e-15	1	2e-17	2.52485e-18
59639.920208	-9.3138692559e-15	1	2e-17	2.52485e-18
59639.920220	-6.9054581253e-15	1	2e-17	2.52485e-18
59639.920231	-8.7962635155e-15	1	2e-17	2.52485e-18
59639.920243	-6.1880940639e-15	1	2e-17	2.52485e-18
59639.920255	-7.2680593775e-15	1	2e-17	2.52485e-18
59639.920266	-9.4511614382e-15	1	2e-17	2.52485e-18
59639.920278	-7.6550196032e-15	1	2e-17	2.52485e-18
59639.920289	-8.6113130244e-15	1	2e-17	2.52485e-18
59639.920301	-8.5315953656e-15	1	2e-17	2.52485e-18
59639.920312	-6.7325007738e-15	1	2e-17	2.52485e-18
59639.920324	-7.7348380589e-15	1	2e-17	2.52485e-18
59639.920336	-5.3876301410e-15	1	2e-17	2.52485e-18
59639.920347	-9.7405680323e-15	1	2e-17	2.52485e-18
59639.920359	-1.0838177889e-14	1	2e-17	2.52485e-18
59639.920370	-9.8805198981e-15	1	2e-17	2.52485e-18
59639.920382	-7.7328111091e-15	1	2e-17	2.52485e-18
59639.920394	-8.2052818519e-15	1	2e-17	2.52485e-18
59639.920405	-9.4576530987e-15	1	2e-17	2.52485e-18
59639.920417	-8.8894794913e-15	1	2e-17	2.52485e-18
59639.920428	-1.0395896248e-14	1	2e-17	2.52485e-18
59639.920440	-1.0049953593e-14	1	2e-17	2.52485e-18
59639.920451	-8.4913172549e-15	1	2e-17	2.52485e-18
59639.920463	-1.1878612175e-14	1	2e-17	2.52485e-18
59639.920475	-9.8228166256e-15	1	2e-17	2.52485e-18
59639.920486	-8.6876315400e-15	1	2e-17	2.52485e-18
59639.920498	-7.7338673592e-15	1	2e-17	2.52485e-18
59639.920509	-9.0868271566e-15	1	2e-17	2.52485e-18
59639.920521	-8.5964967241e-15	1	2e-17	2.52485e-18
59639.920532	-9.8569257953e-15	1	2e-17	2.52485e-18
59639.920544	-1.1062351088e-14	1	2e-17	2.52485e-18
59639.920556	-8.0091903365e-15	1	2e-17	2.52485e-18
59639.920567	-1.0815531616e-14	1	2e-17	2.52485e-18
59639.920579	-1.0105013275e-14	1	2e-17	2.52485e-18
59639.920590	-1.0001907343e-14	1	2e-17	2.52485e-18
59639.920602	-1.0108292987e-14	1	2e-17	2.52485e-18
59639.920613	-7.3877663088e-15	1	2e-17	2.52485e-18
59639.920625	-8.7199339885e-15	1	2e-17	2.52485e-18
59639.920637	-1.1032716793e-14	1	2e-17	2.52485e-18
59639.920648	-9.1469944480e-15	1	2e-17	2.52485e-18
59639.920660	-8.2212839984e-15	1	2e-17	2.52485e-18
59639.920671	-9.9929152409e-15	1	2e-17	2.52485e-18
59639.920683	-8.1311978093e-15	1	2e-17	2.52485e-18
59639.920694	-4.9495040431e-15	1	2e-17	2.52485e-18
59639.920706	-7.0583433372e-15	1	2e-17	2.52485e-18
59639.920718	-6.0122957638e-15	1	2e-17	2.52485e-18
59639.920729	-9.2775916818e-15	1	2e-17	2.52485e-18
59639.920741	-8.0473178306e-15	1	2e-17	2.52485e-18
59639.920752	-7.1853542335e-15	1	2e-17	2.52485e-18
59639.920764	-9.9403864927e-15	1	2e-17	2.52485e-18
59639.920775	-8.4095125069e-15	1	2e-17	2.52485e-18
59639.920787	-9.0125008625e-15	1	2e-17	2.52485e-18
59639.920799	-8.7771307353e-15	1	2e-17	2.52485e-18
59639.920810	-8.0905249812e-15	1	2e-17	2.52485e-18
59639.920822	-6.9916013761e-15	1	2e-17	2.52485e-18
59639.920833	-9.3920520910e-15	1	2e-17	2.52485e-18
59639.920845	-9.3602883555e-15	1	2e-17	2.52485e-18
59639.920856	-7.3570257891e-15	1	2e-17	2.52485e-18
59639.920868	-4.5348509222e-15	1	2e-17	2.52485e-18
59639.920880	-5.0321363423e-15	1	2e-17	2.52485e-18
59639.920891	-7.3085577168e-15	1	2e-17	2.52485e-18
59639.920903	-9.9974926070e-15	1	2e-17	2.52485e-18
59639.920914	-9.3092232802e-15	1	2e-17	2.52485e-18
59639.920926	-8.3033225274e-15	1	2e-17	2.52485e-18
59639.920937	-9.1673876132e-15	1	2e-17	2.52485e-18
59639.920949	-9.5038934743e-15	1	2e-17	2.52485e-18
59639.920961	-9.4138869063e-15	1	2e-17	2.52485e-18
59639.920972	-6.7430268522e-15	1	2e-17	2.52485e-18
59639.920984	-8.1324802171e-15	1	2e-17	2.52485e-18
59639.920995	-7.7699484216e-15	1	2e-17	2.52485e-18
59639.921007	-8.2598062098e-15	1	2e-17	2.52485e-18
59639.921019	-8.2139512341e-15	1	2e-17	2.52485e-18
59639.921030	-9.7408102838e-15	1	2e-17	2.52485e-18
59639.921042	-9.3324828049e-15	1	2e-17	2.52485e-18
59639.921053	-6.9994957232e-15	1	2e-17	2.52485e-18
59639.921065	-1.0116333871e-14	1	2e-17	2.52485e-18
59639.921076	-9.1561966139e-15	1	2e-17	2.52485e-18
59639.921088	-7.4015763340e-15	1	2e-17	2.52485e-18
59639.921100	-7.2643722431e-15	1	2e-17	2.52485e-18
59639.921111	-8.0170364027e-15	1	2e-17	2.52485e-18
59639.921123	-9.0522394132e-15	1	2e-17	2.52485e-18
59639.921134	-7.4001245195e-15	1	2e-17	2.52485e-18
59639.921146	-7.2012623593e-15	1	2e-17	2.52485e-18
59639.921157	-5.4892190375e-15	1	2e-17	2.52485e-18
59639.921169	-7.6329747237e-15	1	2e-17	2.52485e-18
59639.921181	-8.3349151623e-15	1	2e-17	2.52485e-18
59639.921192	-7.4623949937e-15	1	2e-17	2.52485e-18
59639.921204	-9.1566997515e-15	1	2e-17	2.52485e-18
59639.921215	-8.8344740188e-15	1	2e-17	2.52485e-18
59639.921227	-8.1609168072e-15	1	2e-17	2.52485e-18
59639.921238	-6.5217073075e-15	1	2e-17	2.52485e-18
59639.921250	-7.3617751028e-15	1	2e-17	2.52485e-18
59639.921262	-7.8504495859e-15	1	2e-17	2.52485e-18
59639.921273	-7.9633014795e-15	1	2e-17	2.52485e-18
59639.921285	-9.1568623818e-15	1	2e-17	2.52485e-18
59639.921296	-8.1224691347e-15	1	2e-17	2.52485e-18
59639.921308	-9.7750304148e-15	1	2e-17	2.52485e-18
59639.921319	-1.0896120872e-14	1	2e-17	2.52485e-18
59639.921331	-1.0225831514e-14	1	2e-17	2.52485e-18
59639.921343	-1.0046026748e-14	1	2e-17	2.52485e-18
59639.921354	-8.5461999077e-15	1	2e-17	2.52485e-18
59639.921366	-8.4359170650e-15	1	2e-17	2.52485e-18
59639.921377	-8.7273836432e-15	1	2e-17	2.52485e-18
59639.921389	-7.4214553502e-15	1	2e-17	2.52485e-18
59639.921400	-8.2219684010e-15	1	2e-17	2.52485e-18
59639.921412	-9.7795730525e-15	1	2e-17	2.52485e-18
59639.921424	-9.3209250404e-15	1	2e-17	2.52485e-18
59639.921435	-8.6903640683e-15	1	2e-17	2.52485e-18
59639.921447	-1.0392636865e-14	1	2e-17	2.52485e-18
59639.921458	-1.0711565098e-14	1	2e-17	2.52485e-18
59639.921470	-8.5883508082e-15	1	2e-17	2.52485e-18
59639.921481	-1.0161949983e-14	1	2e-17	2.52485e-18
59639.921493	-1.0047042340e-14	1	2e-17	2.52485e-18
59639.921505	-9.0992158605e-15	1	2e-17	2.52485e-18
59639.921516	-8.1543311261e-15	1	2e-17	2.52485e-18
59639.921528	-7.6971264581e-15	1	2e-17	2.52485e-18
59639.921539	-7.2798204300e-15	1	2e-17	2.52485e-18
59639.921551	-4.9767869743e-15	1	2e-17	2.52485e-18
59639.921562	-8.7803198143e-15	1	2e-17	2.52485e-18
59639.921574	-8.5300656241e-15	1	2e-17	2.52485e-18
59639.921586	-9.2455873889e-15	1	2e-17	2.52485e-18
59639.921597	-7.8442365993e-15	1	2e-17	2.52485e-18
59639.921609	-8.6504950745e-15	1	2e-17	2.52485e-18
59639.921620	-8.7318686827e-15	1	2e-17	2.52485e-18
59639.921632	-5.5631523083e-15	1	2e-17	2.52485e-18
59639.921644	-6.3084447402e-15	1	2e-17	2.52485e-18
59639.921655	-8.1314188849e-15	1	2e-17	2.52485e-18
59639.921667	-1.1014652122e-14	1	2e-17	2.52485e-18
59639.921678	-9.5139807897e-15	1	2e-17	2.52485e-18
59639.921690	-6.4939686725e-15	1	2e-17	2.52485e-18
59639.921701	-6.4385871173e-15	1	2e-17	2.52485e-18
59639.921713	-9.2067839626e-15	1	2e-17	2.52485e-18
59639.921725	-9.4153759903e-15	1	2e-17	2.52485e-18
59639.921736	-1.0426583404e-14	1	2e-17	2.52485e-18
59639.921748	-7.5238599395e-15	1	2e-17	2.52485e-18
59639.921759	-8.9208095460e-15	1	2e-17	2.52485e-18
59639.921771	-6.7082468324e-15	1	2e-17	2.52485e-18
59639.921782	-8.5822724998e-15	1	2e-17	2.52485e-18
59639.921794	-9.2131273923e-15	1	2e-17	2.52485e-18
59639.921806	-8.6896847479e-15	1	2e-17	2.52485e-18
59639.921817	-9.4826820753e-15	1	2e-17	2.52485e-18
59639.921829	-8.1995948727e-15	1	2e-17	2.52485e-18
59639.921840	-1.0250350576e-14	1	2e-17	2.52485e-18
59639.921852	-9.2067255173e-15	1	2e-17	2.52485e-18
59639.921863	-8.4660731320e-15	1	2e-17	2.52485e-18
59639.921875	-8.4262642775e-15	1	2e-17	2.52485e-18
59639.921887	-5.5518156194e-15	1	2e-17	2.52485e-18
59639.921898	-5.8244670548e-15	1	2e-17	2.52485e-18
59639.921910	-7.1335751095e-15	1	2e-17	2.52485e-18
59639.921921	-9.3270609470e-15	1	2e-17	2.52485e-18
59639.921933	-1.0944662636e-14	1	2e-17	2.52485e-18
59639.921944	-1.0652744589e-14	1	2e-17	2.52485e-18
59639.921956	-8.2514747937e-15	1	2e-17	2.52485e-18
59639.921968	-6.1758264857e-15	1	2e-17	2.52485e-18
59639.921979	-7.4469205487e-15	1	2e-17	2.52485e-18
59639.921991	-7.5614690494e-15	1	2e-17	2.52485e-18
59639.922002	-1.0418013972e-14	1	2e-17	2.52485e-18
59639.922014	-8.7405660170e-15	1	2e-17	2.52485e-18
59639.922025	-7.5028933329e-15	1	2e-17	2.52485e-18
59639.922037	-8.7546885973e-15	1	2e-17	2.52485e-18
59639.922049	-7.7260746561e-15	1	2e-17	2.52485e-18
59639.922060	-9.0038103045e-15	1	2e-17	2.52485e-18
59639.922072	-8.9440174017e-15	1	2e-17	2.52485e-18
59639.922083	-8.5824918814e-15	1	2e-17	2.52485e-18
59639.922095	-8.7931371169e-15	1	2e-17	2.52485e-18
59639.922106	-8.6928204638e-15	1	2e-17	2.52485e-18
59639.922118	-9.7621267149e-15	1	2e-17	2.52485e-18
59639.922130	-7.3086576667e-15	1	2e-17	2.52485e-18
59639.922141	-1.0035824236e-14	1	2e-17	2.52485e-18
59639.922153	-8.9105240249e-15	1	2e-17	2.52485e-18
59639.922164	-7.2217131228e-15	1	2e-17	2.52485e-18
59639.922176	-1.0350608784e-14	1	2e-17	2.52485e-18
59639.922188	-1.1012831848e-14	1	2e-17	2.52485e-18
59639.922199	-9.8049442304e-15	1	2e-17	2.52485e-18
59639.922211	-8.4955659722e-15	1	2e-17	2.52485e-18
59639.922222	-7.9794747266e-15	1	2e-17	2.52485e-18
59639.922234	-7.7657556086e-15	1	2e-17	2.52485e-18
59639.922245	-7.7778249810e-15	1	2e-17	2.52485e-18
59639.922257	-8.7085100551e-15	1	2e-17	2.52485e-18
59639.922269	-8.7297324656e-15	1	2e-17	2.52485e-18
59639.922280	-9.0091000252e-15	1	2e-17	2.52485e-18
59639.922292	-8.4723513402e-15	1	2e-17	2.52485e-18
59639.922303	-5.4732346788e-15	1	2e-17	2.52485e-18
59639.922315	-6.4970891419e-15	1	2e-17	2.52485e-18
59639.922326	-7.2311414465e-15	1	2e-17	2.52485e-18
59639.922338	-7.6295467814e-15	1	2e-17	2.52485e-18
59639.922350	-9.7207644020e-15	1	2e-17	2.52485e-18
59639.922361	-1.1744979175e-14	1	2e-17	2.52485e-18
59639.922373	-1.0198309719e-14	1	2e-17	2.52485e-18
59639.922384	-9.0966967845e-15	1	2e-17	2.52485e-18
59639.922396	-8.9607886541e-15	1	2e-17	2.52485e-18
59639.922407	-8.0554544290e-15	1	2e-17	2.52485e-18
59639.922419	-8.2830479468e-15	1	2e-17	2.52485e-18
59639.922431	-9.0850949742e-15	1	2e-17	2.52485e-18
59639.922442	-8.8389887044e-15	1	2e-17	2.52485e-18
59639.922454	-8.1802215351e-15	1	2e-17	2.52485e-18
59639.922465	-7.9842545336e-15	1	2e-17	2.52485e-18
59639.922477	-9.2992121978e-15	1	2e-17	2.52485e-18
59639.922488	-8.2805551288e-15	1	2e-17	2.52485e-18
59639.922500	-8.7084101052e-15	1	2e-17	2.52485e-18
59639.922512	-1.0003633596e-14	1	2e-17	2.52485e-18
59639.922523	-9.5198549632e-15	1	2e-17	2.52485e-18
59639.922535	-8.5371891712e-15	1	2e-17	2.52485e-18
59639.922546	-6.7293989391e-15	1	2e-17	2.52485e-18
59639.922558	-7.1780096109e-15	1	2e-17	2.52485e-18
59639.922569	-8.0735351943e-15	1	2e-17	2.52485e-18
59639.922581	-6.7443406003e-15	1	2e-17	2.52485e-18
59639.922593	-7.7740971890e-15	1	2e-17	2.52485e-18
59639.922604	-8.2650789899e-15	1	2e-17	2.52485e-18
59639.922616	-8.8098312892e-15	1	2e-17	2.52485e-18
59639.922627	-8.1394750152e-15	1	2e-17	2.52485e-18
59639.922639	-7.8585997369e-15	1	2e-17	2.52485e-18
59639.922650	-8.6718411518e-15	1	2e-17	2.52485e-18
59639.922662	-7.9692349453e-15	1	2e-17	2.52485e-18
59639.922674	-9.6656996372e-15	1	2e-17	2.52485e-18
59639.922685	-8.1757983291e-15	1	2e-17	2.52485e-18
59639.922697	-7.3959960809e-15	1	2e-17	2.52485e-18
59639.922708	-7.2825893807e-15	1	2e-17	2.52485e-18
59639.922720	-7.6758498375e-15	1	2e-17	2.52485e-18
59639.922731	-9.2234569591e-15	1	2e-17	2.52485e-18
59639.922743	-6.4779919371e-15	1	2e-17	2.52485e-18
59639.922755	-7.7932291222e-15	1	2e-17	2.52485e-18
59639.922766	-5.9427077720e-15	1	2e-17	2.52485e-18
59639.922778	-8.8595114657e-15	1	2e-17	2.52485e-18
59639.922789	-8.8483230075e-15	1	2e-17	2.52485e-18
59639.922801	-6.9905451260e-15	1	2e-17	2.52485e-18
59639.922813	-6.3907492376e-15	1	2e-17	2.52485e-18
59639.922824	-7.4319958282e-15	1	2e-17	2.52485e-18
59639.922836	-7.6624963631e-15	1	2e-17	2.52485e-18
59639.922847	-9.6422986579e-15	1	2e-17	2.52485e-18
59639.922859	-7.0540980080e-15	1	2e-17	2.52485e-18
59639.922870	-9.7603996147e-15	1	2e-17	2.52485e-18
59639.922882	-8.7332366409e-15	1	2e-17	2.52485e-18
59639.922894	-9.1475111380e-15	1	2e-17	2.52485e-18
59639.922905	-9.4038834472e-15	1	2e-17	2.52485e-18
59639.922917	-1.0436441174e-14	1	2e-17	2.52485e-18
59639.922928	-9.2356601628e-15	1	2e-17	2.52485e-18
59639.922940	-8.4170070544e-15	1	2e-17	2.52485e-18
59639.922951	-8.0275989035e-15	1	2e-17	2.52485e-18
59639.922963	-9.8494930812e-15	1	2e-17	2.52485e-18
59639.922975	-1.1177107112e-14	1	2e-17	2.52485e-18
59639.922986	-9.8968938920e-15	1	2e-17	2.52485e-18
59639.922998	-8.5177455299e-15	1	2e-17	2.52485e-18
59639.923009	-8.5898381981e-15	1	2e-17	2.52485e-18
59639.923021	-7.9963213649e-15	1	2e-17	2.52485e-18
59639.923032	-9.3583147687e-15	1	2e-17	2.52485e-18
59639.923044	-9.3022632105e-15	1	2e-17	2.52485e-18
59639.923056	-1.1479024383e-14	1	2e-17	2.52485e-18
59639.923067	-1.0576708136e-14	1	2e-17	2.52485e-18
59639.923079	-9.2722553743e-15	1	2e-17	2.52485e-18
59639.923090	-9.8427752629e-15	1	2e-17	2.52485e-18
59639.923102	-1.0208783282e-14	1	2e-17	2.52485e-18
59639.923113	-7.7352666576e-15	1	2e-17	2.52485e-18
59639.923125	-5.6502374597e-15	1	2e-17	2.52485e-18
59639.923137	-8.3153546304e-15	1	2e-17	2.52485e-18
59639.923148	-1.1212901030e-14	1	2e-17	2.52485e-18
59639.923160	-8.3209221780e-15	1	2e-17	2.52485e-18
59639.923171	-8.9503396556e-15	1	2e-17	2.52485e-18
59639.923183	-1.1014699556e-14	1	2e-17	2.52485e-18
59639.923194	-1.0098172637e-14	1	2e-17	2.52485e-18
59639.923206	-7.4897482286e-15	1	2e-17	2.52485e-18
59639.923218	-8.3765112563e-15	1	2e-17	2.52485e-18
59639.923229	-1.0411588380e-14	1	2e-17	2.52485e-18
59639.923241	-1.0087462753e-14	1	2e-17	2.52485e-18
59639.923252	-1.2209210829e-14	1	2e-17	2.52485e-18
59639.923264	-1.0312708295e-14	1	2e-17	2.52485e-18
59639.923275	-1.1072278314e-14	1	2e-17	2.52485e-18
59639.923287	-1.1051924112e-14	1	2e-17	2.52485e-18
59639.923299	-1.0137624891e-14	1	2e-17	2.52485e-18
59639.923310	-1.0948628445e-14	1	2e-17	2.52485e-18
59639.923322	-8.7546301521e-15	1	2e-17	2.52485e-18
59639.923333	-1.0326275222e-14	1	2e-17	2.52485e-18
59639.923345	-9.2714261290e-15	1	2e-17	2.52485e-18
59639.923356	-9.6130895738e-15	1	2e-17	2.52485e-18
59639.923368	-8.0625381656e-15	1	2e-17	2.52485e-18
59639.923380	-8.3798528012e-15	1	2e-17	2.52485e-18
59639.923391	-8.5475373727e-15	1	2e-17	2.52485e-18
59639.923403	-9.9110003787e-15	1	2e-17	2.52485e-18
59639.923414	-8.4069858076e-15	1	2e-17	2.52485e-18
59639.923426	-1.1592141397e-14	1	2e-17	2.52485e-18
59639.923438	-9.0458798899e-15	1	2e-17	2.52485e-18
59639.923449	-8.6469282187e-15	1	2e-17	2.52485e-18
59639.923461	-8.4082817681e-15	1	2e-17	2.52485e-18
59639.923472	-9.6095760811e-15	1	2e-17	2.52485e-18
59639.923484	-1.0655594855e-14	1	2e-17	2.52485e-18
59639.923495	-1.1816996458e-14	1	2e-17	2.52485e-18
59639.923507	-8.8718942403e-15	1	2e-17	2.52485e-18
59639.923519	-9.8218501610e-15	1	2e-17	2.52485e-18
59639.923530	-1.0320227406e-14	1	2e-17	2.52485e-18
59639.923542	-8.4475459803e-15	1	2e-17	2.52485e-18
59639.923553	-6.0039491011e-15	1	2e-17	2.52485e-18
59639.923565	-8.4174449705e-15	1	2e-17	2.52485e-18
59639.923576	-6.1385663534e-15	1	2e-17	2.52485e-18
59639.923588	-7.1238664178e-15	1	2e-17	2.52485e-18
59639.923600	-8.7104455254e-15	1	2e-17	2.52485e-18
59639.923611	-9.3248146157e-15	1	2e-17	2.52485e-18
59639.923623	-8.7104362080e-15	1	2e-17	2.52485e-18
59639.923634	-1.1441660912e-14	1	2e-17	2.52485e-18
59639.923646	-1.1657382416e-14	1	2e-17	2.52485e-18
59639.923657	-1.0718211766e-14	1	2e-17	2.52485e-18
59639.923669	-8.6315164543e-15	1	2e-17	2.52485e-18
59639.923681	-8.8670576822e-15	1	2e-17	2.52485e-18
59639.923692	-8.9725234485e-15	1	2e-17	2.52485e-18
59639.923704	-7.8290509926e-15	1	2e-17	2.52485e-18
59639.923715	-6.3670340091e-15	1	2e-17	2.52485e-18
59639.923727	-9.1113724774e-15	1	2e-17	2.52485e-18
59639.923738	-7.2776384731e-15	1	2e-17	2.52485e-18
59639.923750	-8.5099020048e-15	1	2e-17	2.52485e-18
59639.923762	-8.6126581127e-15	1	2e-17	2.52485e-18
59639.923773	-8.8966352257e-15	1	2e-17	2.52485e-18
59639.923785	-1.0004102005e-14	1	2e-17	2.52485e-18
59639.923796	-9.0016198773e-15	1	2e-17	2.52485e-18
59639.923808	-8.3319158186e-15	1	2e-17	2.52485e-18
59639.923819	-6.4962192391e-15	1	2e-17	2.52485e-18
59639.923831	-7.5640584291e-15	1	2e-17	2.52485e-18
59639.923843	-7.8087755649e-15	1	2e-17	2.52485e-18
59639.923854	-6.3548680749e-15	1	2e-17	2.52485e-18
59639.923866	-8.0083466917e-15	1	2e-17	2.52485e-18
59639.923877	-8.2754390498e-15	1	2e-17	2.52485e-18
59639.923889	-8.7679480511e-15	1	2e-17	2.52485e-18
59639.923900	-7.5066253601e-15	1	2e-17	2.52485e-18
59639.923912	-6.5475816229e-15	1	2e-17	2.52485e-18
59639.923924	-7.8433141804e-15	1	2e-17	2.52485e-18
59639.923935	-7.4624102403e-15	1	2e-17	2.52485e-18
59639.923947	-8.9732230977e-15	1	2e-17	2.52485e-18
59639.923958	-8.4347532417e-15	1	2e-17	2.52485e-18
59639.923970	-9.6950366233e-15	1	2e-17	2.52485e-18
59639.923981	-1.0509678184e-14	1	2e-17	2.52485e-18
59639.923993	-9.6268216719e-15	1	2e-17	2.52485e-18
59639.924005	-1.1050272398e-14	1	2e-17	2.52485e-18
59639.924016	-1.1612463412e-14	1	2e-17	2.52485e-18
59639.924028	-9.1989683896e-15	1	2e-17	2.52485e-18
59639.924039	-9.3647479840e-15	1	2e-17	2.52485e-18
59639.924051	-8.7823349057e-15	1	2e-17	2.52485e-18
59639.924062	-8.2853806755e-15	1	2e-17	2.52485e-18
59639.924074	-9.8103254307e-15	1	2e-17	2.52485e-18
59639.924086	-1.0277296389e-14	1	2e-17	2.52485e-18
59639.924097	-9.7663271513e-15	1	2e-17	2.52485e-18
59639.924109	-9.2466241573e-15	1	2e-17	2.52485e-18
59639.924120	-1.0083779006e-14	1	2e-17	2.52485e-18
59639.924132	-9.7294854533e-15	1	2e-17	2.52485e-18
59639.924144	-8.9519964521e-15	1	2e-17	2.52485e-18
59639.924155	-6.7670986815e-15	1	2e-17	2.52485e-18
59639.924167	-8.0721850238e-15	1	2e-17	2.52485e-18
59639.924178	-1.2981469401e-14	1	2e-17	2.52485e-18
59639.924190	-1.0817878745e-14	1	2e-17	2.52485e-18
59639.924201	-9.5503396790e-15	1	2e-17	2.52485e-18
59639.924213	-8.3457690425e-15	1	2e-17	2.52485e-18
59639.924225	-8.3866620991e-15	1	2e-17	2.52485e-18
59639.924236	-1.0982945137e-14	1	2e-17	2.52485e-18
59639.924248	-9.7262650340e-15	1	2e-17	2.52485e-18
59639.924259	-8.4145675996e-15	1	2e-17	2.52485e-18
59639.924271	-7.6270590456e-15	1	2e-17	2.52485e-18
59639.924282	-8.0833489181e-15	1	2e-17	2.52485e-18
59639.924294	-8.5007735307e-15	1	2e-17	2.52485e-18
59639.924306	-8.2390903250e-15	1	2e-17	2.52485e-18
59639.924317	-9.9130324107e-15	1	2e-17	2.52485e-18
59639.924329	-7.9315707783e-15	1	2e-17	2.52485e-18
59639.924340	-7.1237884908e-15	1	2e-17	2.52485e-18
59639.924352	-7.3434419217e-15	1	2e-17	2.52485e-18
59639.924363	-6.3308834900e-15	1	2e-17	2.52485e-18
59639.924375	-8.3080438891e-15	1	2e-17	2.52485e-18
59639.924387	-8.4296041284e-15	1	2e-17	2.52485e-18
59639.924398	-8.1159181819e-15	1	2e-17	2.52485e-18
59639.924410	-1.0174165045e-14	1	2e-17	2.52485e-18
59639.924421	-8.3925498251e-15	1	2e-17	2.52485e-18
59639.924433	-8.6415139842e-15	1	2e-17	2.52485e-18
59639.924444	-6.6485428681e-15	1	2e-17	2.52485e-18
59639.924456	-8.9408859209e-15	1	2e-17	2.52485e-18
59639.924468	-8.2242647073e-15	1	2e-17	2.52485e-18
59639.924479	-7.4890206273e-15	1	2e-17	2.52485e-18
59639.924491	-6.8915396800e-15	1	2e-17	2.52485e-18
59639.924502	-7.3244870184e-15	1	2e-17	2.52485e-18
59639.924514	-6.9493928773e-15	1	2e-17	2.52485e-18
59639.924525	-8.2863005533e-15	1	2e-17	2.52485e-18
59639.924537	-7.2574392784e-15	1	2e-17	2.52485e-18
59639.924549	-7.4326387262e-15	1	2e-17	2.52485e-18
59639.924560	-7.8472198493e-15	1	2e-17	2.52485e-18
59639.924572	-9.3480453413e-15	1	2e-17	2.52485e-18
59639.924583	-8.8216719628e-15	1	2e-17	2.52485e-18
59639.924595	-9.4384110513e-15	1	2e-17	2.52485e-18
59639.924606	-9.1267867829e-15	1	2e-17	2.52485e-18
59639.924618	-7.7356673042e-15	1	2e-17	2.52485e-18
59639.924630	-9.6414389195e-15	1	2e-17	2.52485e-18
59639.924641	-8.0500198657e-15	1	2e-17	2.52485e-18
59639.924653	-8.1732428307e-15	1	2e-17	2.52485e-18
59639.924664	-8.6549233627e-15	1	2e-17	2.52485e-18
59639.924676	-9.9980296259e-15	1	2e-17	2.52485e-18
59639.924687	-9.0127642898e-15	1	2e-17	2.52485e-18
59639.924699	-7.5491591195e-15	1	2e-17	2.52485e-18
59639.924711	-8.9486540601e-15	1	2e-17	2.52485e-18
59639.924722	-8.2887035858e-15	1	2e-17	2.52485e-18
59639.924734	-5.9168292214e-15	1	2e-17	2.52485e-18
59639.924745	-8.6341744437e-15	1	2e-17	2.52485e-18
59639.924757	-8.9452464465e-15	1	2e-17	2.52485e-18
59639.924769	-8.8781453435e-15	1	2e-17	2.52485e-18
59639.924780	-8.1101109240e-15	1	2e-17	2.52485e-18
59639.924792	-7.7303775834e-15	1	2e-17	2.52485e-18
59639.924803	-7.7398567292e-15	1	2e-17	2.52485e-18
59639.924815	-1.0471165290e-14	1	2e-17	2.52485e-18
59639.924826	-1.0354347588e-14	1	2e-17	2.52485e-18
59639.924838	-9.4747208126e-15	1	2e-17	2.52485e-18
59639.924850	-7.5608541035e-15	1	2e-17	2.52485e-18
59639.924861	-8.3955144404e-15	1	2e-17	2.52485e-18
59639.924873	-8.7697335965e-15	1	2e-17	2.52485e-18
59639.924884	-1.0028088284e-14	1	2e-17	2.52485e-18
59639.924896	-7.8741292390e-15	1	2e-17	2.52485e-18
59639.924907	-1.0675286677e-14	1	2e-17	2.52485e-18
59639.924919	-9.4939433783e-15	1	2e-17	2.52485e-18
59639.924931	-1.0136068891e-14	1	2e-17	2.52485e-18
59639.924942	-9.0181158439e-15	1	2e-17	2.52485e-18
59639.924954	-8.9744267315e-15	1	2e-17	2.52485e-18
59639.924965	-9.7011835414e-15	1	2e-17	2.52485e-18
59639.924977	-8.9207062080e-15	1	2e-17	2.52485e-18
59639.924988	-1.0446708907e-14	1	2e-17	2.52485e-18
59639.925000	-1.1080613965e-14	1	2e-17	2.52485e-18
59639.925012	-1.0746976158e-14	1	2e-17	2.52485e-18
59639.925023	-1.0199980915e-14	1	2e-17	2.52485e-18
59639.925035	-8.9323842512e-15	1	2e-17	2.52485e-18
59639.925046	-9.2853369511e-15	1	2e-17	2.52485e-18
59639.925058	-7.5824195623e-15	1	2e-17	2.52485e-18
59639.925069	-7.5383433558e-15	1	2e-17	2.52485e-18
59639.925081	-9.1801896692e-15	1	2e-17	2.52485e-18
59639.925093	-1.0201277723e-14	1	2e-17	2.52485e-18
59639.925104	-8.7391997529e-15	1	2e-17	2.52485e-18
59639.925116	-8.2470490465e-15	1	2e-17	2.52485e-18
59639.925127	-9.1544330913e-15	1	2e-17	2.52485e-18
59639.925139	-8.8687483599e-15	1	2e-17	2.52485e-18
59639.925150	-8.4187468601e-15	1	2e-17	2.52485e-18
59639.925162	-9.1460127368e-15	1	2e-17	2.52485e-18
59639.925174	-8.8083371231e-15	1	2e-17	2.52485e-18
59639.925185	-8.9186335183e-15	1	2e-17	2.52485e-18
59639.925197	-7.6820280958e-15	1	2e-17	2.52485e-18
59639.925208	-1.0757757193e-14	1	2e-17	2.52485e-18
59639.925220	-1.0389120831e-14	1	2e-17	2.52485e-18
59639.925231	-7.6907008661e-15	1	2e-17	2.52485e-18
59639.925243	-7.8519047885e-15	1	2e-17	2.52485e-18
59639.925255	-9.5108374504e-15	1	2e-17	2.52485e-18
59639.925266	-8.6214714906e-15	1	2e-17	2.52485e-18
59639.925278	-7.9900253690e-15	1	2e-17	2.52485e-18
59639.925289	-8.0512844858e-15	1	2e-17	2.52485e-18
59639.925301	-9.5760242590e-15	1	2e-17	2.52485e-18
59639.925312	-8.4446821619e-15	1	2e-17	2.52485e-18
59639.925324	-9.8667852588e-15	1	2e-17	2.52485e-18
59639.925336	-1.0118869040e-14	1	2e-17	2.52485e-18
59639.925347	-1.0427236467e-14	1	2e-17	2.52485e-18
59639.925359	-7.8392441871e-15	1	2e-17	2.52485e-18
59639.925370	-9.5379721509e-15	1	2e-17	2.52485e-18
59639.925382	-1.0297165240e-14	1	2e-17	2.52485e-18
59639.925394	-9.4354049313e-15	1	2e-17	2.52485e-18
59639.925405	-1.1107174378e-14	1	2e-17	2.52485e-18
59639.925417	-8.6103135255e-15	1	2e-17	2.52485e-18
59639.925428	-1.1122785195e-14	1	2e-17	2.52485e-18
59639.925440	-1.1965330561e-14	1	2e-17	2.52485e-18
59639.925451	-9.5948732832e-15	1	2e-17	2.52485e-18
59639.925463	-9.4203048750e-15	1	2e-17	2.52485e-18
59639.925475	-9.8402256937e-15	1	2e-17	2.52485e-18
59639.925486	-9.2634275969e-15	1	2e-17	2.52485e-18
59639.925498	-7.9405798207e-15	1	2e-17	2.52485e-18
59639.925509	-4.4989316431e-15	1	2e-17	2.52485e-18
59639.925521	-8.3407647718e-15	1	2e-17	2.52485e-18
59639.925532	-8.1421414749e-15	1	2e-17	2.52485e-18
59639.925544	-9.3290370749e-15	1	2e-17	2.52485e-18
59639.925556	-9.9611150830e-15	1	2e-17	2.52485e-18
59639.925567	-9.0737379565e-15	1	2e-17	2.52485e-18
59639.925579	-8.4024846746e-15	1	2e-17	2.52485e-18
59639.925590	-7.3614845705e-15	1	2e-17	2.52485e-18
59639.925602	-9.3538136356e-15	1	2e-17	2.52485e-18
59639.925613	-8.9646418069e-15	1	2e-17	2.52485e-18
59639.925625	-9.1981755668e-15	1	2e-17	2.52485e-18
59639.925637	-9.0593265379e-15	1	2e-17	2.52485e-18
59639.925648	-9.5062168857e-15	1	2e-17	2.52485e-18
59639.925660	-1.0528406929e-14	1	2e-17	2.52485e-18
59639.925671	-1.0061832383e-14	1	2e-17	2.52485e-18
59639.925683	-1.0792597352e-14	1	2e-17	2.52485e-18
59639.925694	-1.1201598222e-14	1	2e-17	2.52485e-18
59639.925706	-9.2284527595e-15	1	2e-17	2.52485e-18
59639.925718	-9.8806283183e-15	1	2e-17	2.52485e-18
59639.925729	-1.0661458017e-14	1	2e-17	2.52485e-18
59639.925741	-1.0269940754e-14	1	2e-17	2.52485e-18
59639.925752	-8.7311004238e-15	1	2e-17	2.52485e-18
59639.925764	-8.9581772515e-15	1	2e-17	2.52485e-18
59639.925775	-8.2101387388e-15	1	2e-17	2.52485e-18
59639.925787	-8.7487102388e-15	1	2e-17	2.52485e-18
59639.925799	-8.5848059754e-15	1	2e-17	2.52485e-18
59639.925810	-7.2631059289e-15	1	2e-17	2.52485e-18
59639.925822	-7.5502695797e-15	1	2e-17	2.52485e-18
59639.925833	-7.9533208903e-15	1	2e-17	2.52485e-18
59639.925845	-6.7984880285e-15	1	2e-17	2.52485e-18
59639.925856	-9.0606191102e-15	1	2e-17	2.52485e-18
59639.925868	-6.9083490488e-15	1	2e-17	2.52485e-18
59639.925880	-5.8497247302e-15	1	2e-17	2.52485e-18
59639.925891	-5.9750415607e-15	1	2e-17	2.52485e-18
59639.925903	-7.2108295965e-15	1	2e-17	2.52485e-18
59639.925914	-5.9798510138e-15	1	2e-17	2.52485e-18
59639.925926	-6.3425479807e-15	1	2e-17	2.52485e-18
59639.925937	-8.8489354123e-15	1	2e-17	2.52485e-18
59639.925949	-1.1641189687e-14	1	2e-17	2.52485e-18
59639.925961	-1.0698757113e-14	1	2e-17	2.52485e-18
59639.925972	-8.9477502759e-15	1	2e-17	2.52485e-18
59639.925984	-6.8503510088e-15	1	2e-17	2.52485e-18
59639.925995	-1.0630410872e-14	1	2e-17	2.52485e-18
59639.926007	-9.1965145351e-15	1	2e-17	2.52485e-18
59639.926019	-1.0447745676e-14	1	2e-17	2.52485e-18
59639.926030	-1.1230878457e-14	1	2e-17	2.52485e-18
59639.926042	-8.2421337144e-15	1	2e-17	2.52485e-18
59639.926053	-1.0818005800e-14	1	2e-17	2.52485e-18
59639.926065	-7.9523628961e-15	1	2e-17	2.52485e-18
59639.926076	-9.9007953257e-15	1	2e-17	2.52485e-18
59639.926088	-9.6010439182e-15	1	2e-17	2.52485e-18
59639.926100	-9.6049648337e-15	1	2e-17	2.52485e-18
59639.926111	-9.8468588088e-15	1	2e-17	2.52485e-18
59639.926123	-1.2365894983e-14	1	2e-17	2.52485e-18
59639.926134	-1.0501944773e-14	1	2e-17	2.52485e-18
59639.926146	-7.6740922441e-15	1	2e-17	2.52485e-18
59639.926157	-7.5472660009e-15	1	2e-17	2.52485e-18
59639.926169	-7.8648881095e-15	1	2e-17	2.52485e-18
59639.926181	-6.6833957327e-15	1	2e-17	2.52485e-18
59639.926192	-6.5404064068e-15	1	2e-17	2.52485e-18
59639.926204	-7.5856179587e-15	1	2e-17	2.52485e-18
59639.926215	-8.5806504317e-15	1	2e-17	2.52485e-18
59639.926227	-9.0458358442e-15	1	2e-17	2.52485e-18
59639.926238	-7.3455967735e-15	1	2e-17	2.52485e-18
59639.926250	-1.1288574107e-14	1	2e-17	2.52485e-18
59639.926262	-7.1792005392e-15	1	2e-17	2.52485e-18
59639.926273	-8.2239640106e-15	1	2e-17	2.52485e-18
59639.926285	-8.5584149698e-15	1	2e-17	2.52485e-18
59639.926296	-8.9385099935e-15	1	2e-17	2.52485e-18
59639.926308	-9.7731627072e-15	1	2e-17	2.52485e-18
59639.926319	-8.0983608830e-15	1	2e-17	2.52485e-18
59639.926331	-8.8644047750e-15	1	2e-17	2.52485e-18
59639.926343	-1.0621931225e-14	1	2e-17	2.52485e-18
59639.926354	-9.2680396913e-15	1	2e-17	2.52485e-18
59639.926366	-7.5512927955e-15	1	2e-17	2.52485e-18
59639.926377	-8.2436575266e-15	1	2e-17	2.52485e-18
59639.926389	-8.4996952578e-15	1	2e-17	2.52485e-18
59639.926400	-6.6646356470e-15	1	2e-17	2.52485e-18
59639.926412	-7.6024332568e-15	1	2e-17	2.52485e-18
59639.926424	-7.5127943011e-15	1	2e-17	2.52485e-18
59639.926435	-5.7850410592e-15	1	2e-17	2.52485e-18
59639.926447	-9.4033608279e-15	1	2e-17	2.52485e-18
59639.926458	-6.7626161832e-15	1	2e-17	2.52485e-18
59639.926470	-8.5778230357e-15	1	2e-17	2.52485e-18
59639.926481	-8.6741874331e-15	1	2e-17	2.52485e-18
59639.926493	-1.0971426336e-14	1	2e-17	2.52485e-18
59639.926505	-9.4544521612e-15	1	2e-17	2.52485e-18
59639.926516	-8.2795624062e-15	1	2e-17	2.52485e-18
59639.926528	-8.7098365087e-15	1	2e-17	2.52485e-18
59639.926539	-8.6922038238e-15	1	2e-17	2.52485e-18
59639.926551	-9.6662603730e-15	1	2e-17	2.52485e-18
59639.926562	-1.0468348905e-14	1	2e-17	2.52485e-18
59639.926574	-5.8606523023e-15	1	2e-17	2.52485e-18
59639.926586	-8.7779464280e-15	1	2e-17	2.52485e-18
59639.926597	-7.9086712426e-15	1	2e-17	2.52485e-18
59639.926609	-8.4511009776e-15	1	2e-17	2.52485e-18
59639.926620	-9.2037846189e-15	1	2e-17	2.52485e-18
59639.926632	-7.8437842837e-15	1	2e-17	2.52485e-18
59639.926644	-1.0330205455e-14	1	2e-17	2.52485e-18
59639.926655	-9.0314032498e-15	1	2e-17	2.52485e-18
59639.926667	-2.7953374749e-15	1	2e-17	2.52485e-18
59639.926678	-4.9142556140e-15	1	2e-17	2.52485e-18
59639.926690	-6.8087769377e-15	1	2e-17	2.52485e-18
59639.926701	-8.4592968684e-15	1	2e-17	2.52485e-18
59639.926713	-7.5609921698e-15	1	2e-17	2.52485e-18
59639.926725	-8.0726551271e-15	1	2e-17	2.52485e-18
59639.926736	-9.4532824087e-15	1	2e-17	2.52485e-18
59639.926748	-7.4168254681e-15	1	2e-17	2.52485e-18
59639.926759	-1.0706145782e-14	1	2e-17	2.52485e-18
59639.926771	-8.1910796505e-15	1	2e-17	2.52485e-18
59639.926782	-9.2492906170e-15	1	2e-17	2.52485e-18
59639.926794	-7.8725308878e-15	1	2e-17	2.52485e-18
59639.926806	-8.8652806071e-15	1	2e-17	2.52485e-18
59639.926817	-9.4106961332e-15	1	2e-17	2.52485e-18
59639.926829	-8.7244884846e-15	1	2e-17	2.52485e-18
59639.926840	-8.7770553493e-15	1	2e-17	2.52485e-18
59639.926852	-6.3936630309e-15	1	2e-17	2.52485e-18
59639.926863	-8.1646369759e-15	1	2e-17	2.52485e-18
59639.926875	-8.8564375831e-15	1	2e-17	2.52485e-18
59639.926887	-7.6217862655e-15	1	2e-17	2.52485e-18
59639.926898	-9.1445448287e-15	1	2e-17	2.52485e-18
59639.926910	-7.2400691738e-15	1	2e-17	2.52485e-18
59639.926921	-7.3490382684e-15	1	2e-17	2.52485e-18
59639.926933	-8.7439998886e-15	1	2e-17	2.52485e-18
59639.926944	-7.4725297429e-15	1	2e-17	2.52485e-18
59639.926956	-6.2489830273e-15	1	2e-17	2.52485e-18
59639.926968	-5.4633625098e-15	1	2e-17	2.52485e-18
59639.926979	-8.2418643579e-15	1	2e-17	2.52485e-18
59639.926991	-8.6521832112e-15	1	2e-17	2.52485e-18
59639.927002	-9.0957743656e-15	1	2e-17	2.52485e-18
59639.927014	-8.5416962335e-15	1	2e-17	2.52485e-18
59639.927025	-7.3608984237e-15	1	2e-17	2.52485e-18
59639.927037	-1.0218598699e-14	1	2e-17	2.52485e-18
59639.927049	-1.1166961351e-14	1	2e-17	2.52485e-18
59639.927060	-9.1359330447e-15	1	2e-17	2.52485e-18
59639.927072	-9.7207279796e-15	1	2e-17	2.52485e-18
59639.927083	-8.1851419495e-15	1	2e-17	2.52485e-18
59639.927095	-1.0544221881e-14	1	2e-17	2.52485e-18
59639.927106	-9.0536234651e-15	1	2e-17	2.52485e-18
59639.927118	-1.0144485858e-14	1	2e-17	2.52485e-18
59639.927130	-1.2144995567e-14	1	2e-17	2.52485e-18
59639.927141	-9.4860778304e-15	1	2e-17	2.52485e-18
59639.927153	-8.3230880413e-15	1	2e-17	2.52485e-18
59639.927164	-6.7862526376e-15	1	2e-17	2.52485e-18
59639.927176	-8.6211682528e-15	1	2e-17	2.52485e-18
59639.927187	-6.2677151609e-15	1	2e-17	2.52485e-18
59639.927199	-9.1488130277e-15	1	2e-17	2.52485e-18
59639.927211	-7.6412485416e-15	1	2e-17	2.52485e-18
59639.927222	-8.9054113340e-15	1	2e-17	2.52485e-18
59639.927234	-9.7054347997e-15	1	2e-17	2.52485e-18
59639.927245	-7.4327793337e-15	1	2e-17	2.52485e-18
59639.927257	-5.6653985024e-15	1	2e-17	2.52485e-18
59639.927269	-7.1357714659e-15	1	2e-17	2.52485e-18
59639.927280	-8.2039867385e-15	1	2e-17	2.52485e-18
59639.927292	-8.0446513708e-15	1	2e-17	2.52485e-18
59639.927303	-7.1221977629e-15	1	2e-17	2.52485e-18
59639.927315	-5.0474515450e-15	1	2e-17	2.52485e-18
59639.927326	-7.6812810127e-15	1	2e-17	2.52485e-18
59639.927338	-7.0649188539e-15	1	2e-17	2.52485e-18
59639.927350	-9.3964295573e-15	1	2e-17	2.52485e-18
59639.927361	-9.7563567265e-15	1	2e-17	2.52485e-18
59639.927373	-9.4547011889e-15	1	2e-17	2.52485e-18
59639.927384	-8.5417885601e-15	1	2e-17	2.52485e-18
59639.927396	-9.7900279802e-15	1	2e-17	2.52485e-18
59639.927407	-1.0615857999e-14	1	2e-17	2.52485e-18
59639.927419	-8.9184200660e-15	1	2e-17	2.52485e-18
59639.927431	-1.0606493202e-14	1	2e-17	2.52485e-18
59639.927442	-1.0270152513e-14	1	2e-17	2.52485e-18
59639.927454	-8.9943099829e-15	1	2e-17	2.52485e-18
59639.927465	-7.3880170306e-15	1	2e-17	2.52485e-18
59639.927477	-1.0313953433e-14	1	2e-17	2.52485e-18
59639.927488	-1.0579079828e-14	1	2e-17	2.52485e-18
59639.927500	-1.0329859865e-14	1	2e-17	2.52485e-18
59639.927512	-7.8495271670e-15	1	2e-17	2.52485e-18
59639.927523	-8.6388212664e-15	1	2e-17	2.52485e-18
59639.927535	-5.4748389592e-15	1	2e-17	2.52485e-18
59639.927546	-9.0229117445e-15	1	2e-17	2.52485e-18
59639.927558	-6.5204621691e-15	1	2e-17	2.52485e-18
59639.927569	-6.8846617724e-15	1	2e-17	2.52485e-18
59639.927581	-6.4480205233e-15	1	2e-17	2.52485e-18
59639.927593	-7.0363374212e-15	1	2e-17	2.52485e-18
59639.927604	-9.6883001703e-15	1	2e-17	2.52485e-18
59639.927616	-9.7522020299e-15	1	2e-17	2.52485e-18
59639.927627	-9.9811245423e-15	1	2e-17	2.52485e-18
59639.927639	-6.1891858893e-15	1	2e-17	2.52485e-18
59639.927650	-7.0272258878e-15	1	2e-17	2.52485e-18
59639.927662	-8.1129146031e-15	1	2e-17	2.52485e-18
59639.927674	-9.0313642863e-15	1	2e-17	2.52485e-18
59639.927685	-1.0188545123e-14	1	2e-17	2.52485e-18
59639.927697	-8.4774911361e-15	1	2e-17	2.52485e-18
59639.927708	-8.8632731390e-15	1	2e-17	2.52485e-18
59639.927720	-9.9052769771e-15	1	2e-17	2.52485e-18
59639.927731	-8.6166154507e-15	1	2e-17	2.52485e-18
59639.927743	-8.1036878732e-15	1	2e-17	2.52485e-18
59639.927755	-8.3094558930e-15	1	2e-17	2.52485e-18
59639.927766	-8.7431918191e-15	1	2e-17	2.52485e-18
59639.927778	-8.6095757598e-15	1	2e-17	2.52485e-18
59639.927789	-9.2512311695e-15	1	2e-17	2.52485e-18
59639.927801	-1.0905054529e-14	1	2e-17	2.52485e-18
59639.927812	-7.2451573007e-15	1	2e-17	2.52485e-18
59639.927824	-9.8253128317e-15	1	2e-17	2.52485e-18
59639.927836	-6.2893145011e-15	1	2e-17	2.52485e-18
59639.927847	-7.8914298869e-15	1	2e-17	2.52485e-18
59639.927859	-7.9790325754e-15	1	2e-17	2.52485e-18
59639.927870	-9.3115043399e-15	1	2e-17	2.52485e-18
59639.927882	-7.9585826590e-15	1	2e-17	2.52485e-18
59639.927894	-1.0292159276e-14	1	2e-17	2.52485e-18
59639.927905	-1.0001599023e-14	1	2e-17	2.52485e-18
59639.927917	-8.8935511787e-15	1	2e-17	2.52485e-18
59639.927928	-9.9332197470e-15	1	2e-17	2.52485e-18
59639.927940	-8.9757743610e-15	1	2e-17	2.52485e-18
59639.927951	-9.2375490463e-15	1	2e-17	2.52485e-18
59639.927963	-9.6894766990e-15	1	2e-17	2.52485e-18
59639.927975	-7.7181743798e-15	1	2e-17	2.52485e-18
59639.927986	-9.2498420354e-15	1	2e-17	2.52485e-18
59639.927998	-9.4439980806e-15	1	2e-17	2.52485e-18
59639.928009	-8.6310920908e-15	1	2e-17	2.52485e-18
59639.928021	-7.7705252511e-15	1	2e-17	2.52485e-18
59639.928032	-8.6557399025e-15	1	2e-17	2.52485e-18
59639.928044	-8.7134033644e-15	1	2e-17	2.52485e-18
59639.928056	-8.3074738359e-15	1	2e-17	2.52485e-18
59639.928067	-1.1001492618e-14	1	2e-17	2.52485e-18
59639.928079	-1.0110740912e-14	1	2e-17	2.52485e-18
59639.928090	-8.6244911630e-15	1	2e-17	2.52485e-18
59639.928102	-1.0837040324e-14	1	2e-17	2.52485e-18
59639.928113	-8.0960535652e-15	1	2e-17	2.52485e-18
59639.928125	-7.7022018795e-15	1	2e-17	2.52485e-18
59639.928137	-6.9559124899e-15	1	2e-17	2.52485e-18
59639.928148	-8.0790468377e-15	1	2e-17	2.52485e-18
59639.928160	-1.0752124424e-14	1	2e-17	2.52485e-18
59639.928171	-8.8572134653e-15	1	2e-17	2.52485e-18
59639.928183	-7.9017069377e-15	1	2e-17	2.52485e-18
59639.928194	-6.7426050298e-15	1	2e-17	2.52485e-18
59639.928206	-8.0930965732e-15	1	2e-17	2.52485e-18
59639.928218	-8.3932706502e-15	1	2e-17	2.52485e-18
59639.928229	-7.9999026202e-15	1	2e-17	2.52485e-18
59639.928241	-8.6177140524e-15	1	2e-17	2.52485e-18
59639.928252	-6.4091501813e-15	1	2e-17	2.52485e-18
59639.928264	-5.9842208567e-15	1	2e-17	2.52485e-18
59639.928275	-6.7812398966e-15	1	2e-17	2.52485e-18
59639.928287	-6.4283397128e-15	1	2e-17	2.52485e-18
59639.928299	-9.1585674591e-15	1	2e-17	2.52485e-18
59639.928310	-1.0986814384e-14	1	2e-17	2.52485e-18
59639.928322	-8.5433377834e-15	1	2e-17	2.52485e-18
59639.928333	-7.3483741946e-15	1	2e-17	2.52485e-18
59639.928345	-7.0218955094e-15	1	2e-17	2.52485e-18
59639.928356	-6.9101125714e-15	1	2e-17	2.52485e-18
59639.928368	-5.5414309954e-15	1	2e-17	2.52485e-18
59639.928380	-8.5825875961e-15	1	2e-17	2.52485e-18
59639.928391	-8.2328849616e-15	1	2e-17	2.52485e-18
59639.928403	-6.5342577947e-15	1	2e-17	2.52485e-18
59639.928414	-7.5384966688e-15	1	2e-17	2.52485e-18
59639.928426	-8.6989097837e-15	1	2e-17	2.52485e-18
59639.928437	-8.8951546121e-15	1	2e-17	2.52485e-18
59639.928449	-8.1061493509e-15	1	2e-17	2.52485e-18
59639.928461	-9.5995760101e-15	1	2e-17	2.52485e-18
59639.928472	-8.3498695290e-15	1	2e-17	2.52485e-18
59639.928484	-8.5966170028e-15	1	2e-17	2.52485e-18
59639.928495	-8.5024218568e-15	1	2e-17	2.52485e-18
59639.928507	-9.2796203257e-15	1	2e-17	2.52485e-18
59639.928519	-9.2542982758e-15	1	2e-17	2.52485e-18
59639.928530	-1.0761987276e-14	1	2e-17	2.52485e-18
59639.928542	-1.0686154110e-14	1	2e-17	2.52485e-18
59639.928553	-8.5496973067e-15	1	2e-17	2.52485e-18
59639.928565	-9.0135892999e-15	1	2e-17	2.52485e-18
59639.928576	-8.2621643495e-15	1	2e-17	2.52485e-18
59639.928588	-1.1173811307e-14	1	2e-17	2.52485e-18
59639.928600	-1.0383556672e-14	1	2e-17	2.52485e-18
59639.928611	-8.4537200035e-15	1	2e-17	2.52485e-18
59639.928623	-8.0696795004e-15	1	2e-17	2.52485e-18
59639.928634	-9.7512906224e-15	1	2e-17	2.52485e-18
59639.928646	-9.8597032164e-15	1	2e-17	2.52485e-18
59639.928657	-8.3586507195e-15	1	2e-17	2.52485e-18
59639.928669	-8.3888279624e-15	1	2e-17	2.52485e-18
59639.928681	-7.8937075585e-15	1	2e-17	2.52485e-18
59639.928692	-7.6457903322e-15	1	2e-17	2.52485e-18
59639.928704	-8.6832413682e-15	1	2e-17	2.52485e-18
59639.928715	-6.8007038667e-15	1	2e-17	2.52485e-18
59639.928727	-8.6740459786e-15	1	2e-17	2.52485e-18
59639.928738	-9.7117765354e-15	1	2e-17	2.52485e-18
59639.928750	-8.3821457194e-15	1	2e-17	2.52485e-18
59639.928762	-1.0535954840e-14	1	2e-17	2.52485e-18
59639.928773	-1.1291811466e-14	1	2e-17	2.52485e-18
59639.928785	-8.8027831281e-15	1	2e-17	2.52485e-18
59639.928796	-7.5368186965e-15	1	2e-17	2.52485e-18
59639.928808	-8.5522172298e-15	1	2e-17	2.52485e-18
59639.928819	-7.5313782039e-15	1	2e-17	2.52485e-18
59639.928831	-1.0912763376e-14	1	2e-17	2.52485e-18
59639.928843	-7.9568911342e-15	1	2e-17	2.52485e-18
59639.928854	-1.0202239105e-14	1	2e-17	2.52485e-18
59639.928866	-9.6837372038e-15	1	2e-17	2.52485e-18
59639.928877	-8.0372838783e-15	1	2e-17	2.52485e-18
59639.928889	-9.3114365773e-15	1	2e-17	2.52485e-18
59639.928900	-7.9707909449e-15	1	2e-17	2.52485e-18
59639.928912	-9.7670971042e-15	1	2e-17	2.52485e-18
59639.928924	-1.1378842408e-14	1	2e-17	2.52485e-18
59639.928935	-9.4254988810e-15	1	2e-17	2.52485e-18
59639.928947	-7.7937991754e-15	1	2e-17	2.52485e-18
59639.928958	-7.2143752764e-15	1	2e-17	2.52485e-18
59639.928970	-9.4024951602e-15	1	2e-17	2.52485e-18
59639.928981	-1.1974666559e-14	1	2e-17	2.52485e-18
59639.928993	-9.7857606282e-15	1	2e-17	2.52485e-18
59639.929005	-9.5937941632e-15	1	2e-17	2.52485e-18
59639.929016	-8.4213616508e-15	1	2e-17	2.52485e-18
59639.929028	-8.2637296664e-15	1	2e-17	2.52485e-18
59639.929039	-8.9260179516e-15	1	2e-17	2.52485e-18
59639.929051	-7.3849651709e-15	1	2e-17	2.52485e-18
59639.929062	-8.3095465255e-15	1	2e-17	2.52485e-18
59639.929074	-7.6371412788e-15	1	2e-17	2.52485e-18
59639.929086	-8.8645843460e-15	1	2e-17	2.52485e-18
59639.929097	-8.3948351200e-15	1	2e-17	2.52485e-18
59639.929109	-1.1042055332e-14	1	2e-17	2.52485e-18
59639.929120	-9.0999019572e-15	1	2e-17	2.52485e-18
59639.929132	-9.3089022547e-15	1	2e-17	2.52485e-18
59639.929144	-9.9034711028e-15	1	2e-17	2.52485e-18
59639.929155	-9.4575802539e-15	1	2e-17	2.52485e-18
59639.929167	-8.6383274462e-15	1	2e-17	2.52485e-18
59639.929178	-7.8274314656e-15	1	2e-17	2.52485e-18
59639.929190	-9.8821241785e-15	1	2e-17	2.52485e-18
59639.929201	-1.1167840571e-14	1	2e-17	2.52485e-18
59639.929213	-9.0501836643e-15	1	2e-17	2.52485e-18
59639.929225	-1.0044569851e-14	1	2e-17	2.52485e-18
59639.929236	-8.6837622935e-15	1	2e-17	2.52485e-18
59639.929248	-6.3624295380e-15	1	2e-17	2.52485e-18
59639.929259	-8.4965121080e-15	1	2e-17	2.52485e-18
59639.929271	-8.7461335646e-15	1	2e-17	2.52485e-18
59639.929282	-1.0595622382e-14	1	2e-17	2.52485e-18
59639.929294	-1.0841045096e-14	1	2e-17	2.52485e-18
59639.929306	-9.9747743363e-15	1	2e-17	2.52485e-18
59639.929317	-7.5553644829e-15	1	2e-17	2.52485e-18
59639.929329	-9.4505515745e-15	1	2e-17	2.52485e-18
59639.929340	-9.1770183778e-15	1	2e-17	2.52485e-18
59639.929352	-1.0356164473e-14	1	2e-17	2.52485e-18
59639.929363	-7.5376725058e-15	1	2e-17	2.52485e-18
59639.929375	-7.9600827543e-15	1	2e-17	2.52485e-18
59639.929387	-5.4113902622e-15	1	2e-17	2.52485e-18
59639.929398	-8.0378768013e-15	1	2e-17	2.52485e-18
59639.929410	-7.5140911085e-15	1	2e-17	2.52485e-18
59639.929421	-8.0325862335e-15	1	2e-17	2.52485e-18
59639.929433	-8.2259545380e-15	1	2e-17	2.52485e-18
59639.929444	-7.1044532697e-15	1	2e-17	2.52485e-18
59639.929456	-9.0068367532e-15	1	2e-17	2.52485e-18
59639.929468	-9.0192423977e-15	1	2e-17	2.52485e-18
59639.929479	-8.0737359411e-15	1	2e-17	2.52485e-18
59639.929491	-8.5397802450e-15	1	2e-17	2.52485e-18
59639.929502	-9.6218326479e-15	1	2e-17	2.52485e-18
59639.929514	-7.9713042468e-15	1	2e-17	2.52485e-18
59639.929525	-7.4811830315e-15	1	2e-17	2.52485e-18
59639.929537	-7.0329806296e-15	1	2e-17	2.52485e-18
59639.929549	-7.5870308097e-15	1	2e-17	2.52485e-18
59639.929560	-8.9351337202e-15	1	2e-17	2.52485e-18
59639.929572	-7.6156478178e-15	1	2e-17	2.52485e-18
59639.929583	-9.3070159123e-15	1	2e-17	2.52485e-18
59639.929595	-8.9897792037e-15	1	2e-17	2.52485e-18
59639.929606	-7.1069537110e-15	1	2e-17	2.52485e-18
59639.929618	-1.1795391188e-14	1	2e-17	2.52485e-18
59639.929630	-1.0428385891e-14	1	2e-17	2.52485e-18
59639.929641	-9.3530665526e-15	1	2e-17	2.52485e-18
59639.929653	-9.1129377942e-15	1	2e-17	2.52485e-18
59639.929664	-8.4075567079e-15	1	2e-17	2.52485e-18
59639.929676	-9.3947329503e-15	1	2e-17	2.52485e-18
59639.929688	-6.8458286999e-15	1	2e-17	2.52485e-18
59639.929699	-8.1277986660e-15	1	2e-17	2.52485e-18
59639.929711	-8.4155374523e-15	1	2e-17	2.52485e-18
59639.929722	-8.2203725909e-15	1	2e-17	2.52485e-18
59639.929734	-7.8785346574e-15	1	2e-17	2.52485e-18
59639.929745	-5.7421634044e-15	1	2e-17	2.52485e-18
59639.929757	-6.7409770325e-15	1	2e-17	2.52485e-18
59639.929769	-8.1596233879e-15	1	2e-17	2.52485e-18
59639.929780	-7.6771398686e-15	1	2e-17	2.52485e-18
59639.929792	-8.4809334780e-15	1	2e-17	2.52485e-18
59639.929803	-6.7873766503e-15	1	2e-17	2.52485e-18
59639.929815	-9.8273499459e-15	1	2e-17	2.52485e-18
59639.929826	-1.1723106244e-14	1	2e-17	2.52485e-18
59639.929838	-1.3153056254e-14	1	2e-17	2.52485e-18
59639.929850	-1.0169270889e-14	1	2e-17	2.52485e-18
59639.929861	-8.6533300938e-15	1	2e-17	2.52485e-18
59639.929873	-7.7569430778e-15	1	2e-17	2.52485e-18
59639.929884	-1.0536441884e-14	1	2e-17	2.52485e-18
59639.929896	-1.0059414951e-14	1	2e-17	2.52485e-18
59639.929907	-8.8112068707e-15	1	2e-17	2.52485e-18
59639.929919	-1.0693995941e-14	1	2e-17	2.52485e-18
59639.929931	-9.3015661024e-15	1	2e-17	2.52485e-18
59639.929942	-8.6242675463e-15	1	2e-17	2.52485e-18
59639.929954	-1.0190109593e-14	1	2e-17	2.52485e-18
59639.929965	-1.1089440896e-14	1	2e-17	2.52485e-18
59639.929977	-7.2834465781e-15	1	2e-17	2.52485e-18
59639.929988	-7.5468001328e-15	1	2e-17	2.52485e-18
59639.930000	-6.3270726887e-15	1	2e-17	2.52485e-18
59639.930012	-9.8995739042e-15	1	2e-17	2.52485e-18
59639.930023	-8.1266941351e-15	1	2e-17	2.52485e-18
59639.930035	-8.0806130016e-15	1	2e-17	2.52485e-18
59639.930046	-8.7030831150e-15	1	2e-17	2.52485e-18
59639.930058	-7.6752272683e-15	1	2e-17	2.52485e-18
59639.930069	-8.6651233335e-15	1	2e-17	2.52485e-18
59639.930081	-7.8613119364e-15	1	2e-17	2.52485e-18
59639.930093	-9.1642459680e-15	1	2e-17	2.52485e-18
59639.930104	-8.7006030026e-15	1	2e-17	2.52485e-18
59639.930116	-7.4755460272e-15	1	2e-17	2.52485e-18
59639.930127	-8.1038521976e-15	1	2e-17	2.52485e-18
59639.930139	-7.8103298704e-15	1	2e-17	2.52485e-18
59639.930150	-9.4150888461e-15	1	2e-17	2.52485e-18
59639.930162	-8.3409629775e-15	1	2e-17	2.52485e-18
59639.930174	-6.6461804932e-15	1	2e-17	2.52485e-18
59639.930185	-8.4610180394e-15	1	2e-17	2.52485e-18
59639.930197	-7.1912377244e-15	1	2e-17	2.52485e-18
59639.930208	-8.3144999742e-15	1	2e-17	2.52485e-18
59639.930220	-9.4148491358e-15	1	2e-17	2.52485e-18
59639.930231	-9.4353558034e-15	1	2e-17	2.52485e-18
59639.930243	-9.9658669378e-15	1	2e-17	2.52485e-18
59639.930255	-1.0068584082e-14	1	2e-17	2.52485e-18
59639.930266	-9.5101937054e-15	1	2e-17	2.52485e-18
59639.930278	-7.8014885405e-15	1	2e-17	2.52485e-18
59639.930289	-8.3432499665e-15	1	2e-17	2.52485e-18
59639.930301	-8.3609402496e-15	1	2e-17	2.52485e-18
59639.930313	-7.4142454058e-15	1	2e-17	2.52485e-18
59639.930324	-7.2075507319e-15	1	2e-17	2.52485e-18
59639.930336	-7.0542945197e-15	1	2e-17	2.52485e-18
59639.930347	-1.0232211366e-14	1	2e-17	2.52485e-18
59639.930359	-1.0160604895e-14	1	2e-17	2.52485e-18
59639.930370	-8.1043798991e-15	1	2e-17	2.52485e-18
59639.930382	-9.3841458855e-15	1	2e-17	2.52485e-18
59639.930394	-8.8611326867e-15	1	2e-17	2.52485e-18
59639.930405	-6.6725537110e-15	1	2e-17	2.52485e-18
59639.930417	-5.5558441081e-15	1	2e-17	2.52485e-18
59639.930428	-7.1739209828e-15	1	2e-17	2.52485e-18
59639.930440	-6.5567837889e-15	1	2e-17	2.52485e-18
59639.930451	-6.6254891723e-15	1	2e-17	2.52485e-18
59639.930463	-7.0979844791e-15	1	2e-17	2.52485e-18
59639.930475	-6.7923385693e-15	1	2e-17	2.52485e-18
59639.930486	-7.6608268611e-15	1	2e-17	2.52485e-18
59639.930498	-8.3600525591e-15	1	2e-17	2.52485e-18
59639.930509	-7.2727477049e-15	1	2e-17	2.52485e-18
59639.930521	-9.3915692822e-15	1	2e-17	2.52485e-18
59639.930532	-8.4454868432e-15	1	2e-17	2.52485e-18
59639.930544	-9.9549986581e-15	1	2e-17	2.52485e-18
59639.930556	-7.5916132579e-15	1	2e-17	2.52485e-18
59639.930567	-7.2183834363e-15	1	2e-17	2.52485e-18
59639.930579	-7.8008837589e-15	1	2e-17	2.52485e-18
59639.930590	-8.2823593090e-15	1	2e-17	2.52485e-18
59639.930602	-8.2455133758e-15	1	2e-17	2.52485e-18
59639.930613	-9.4465662845e-15	1	2e-17	2.52485e-18
59639.930625	-6.3579156995e-15	1	2e-17	2.52485e-18
59639.930637	-5.8529358321e-15	1	2e-17	2.52485e-18
59639.930648	-8.6286983757e-15	1	2e-17	2.52485e-18
59639.930660	-9.7132063270e-15	1	2e-17	2.52485e-18
59639.930671	-1.0173617015e-14	1	2e-17	2.52485e-18
59639.930683	-1.2945714447e-14	1	2e-17	2.52485e-18
59639.930694	-1.0608092401e-14	1	2e-17	2.52485e-18
59639.930706	-1.0260972370e-14	1	2e-17	2.52485e-18
59639.930718	-1.0990607397e-14	1	2e-17	2.52485e-18
59639.930729	-9.7942970262e-15	1	2e-17	2.52485e-18
59639.930741	-1.0636211353e-14	1	2e-17	2.52485e-18
59639.930752	-1.1219245307e-14	1	2e-17	2.52485e-18
59639.930764	-9.3946296123e-15	1	2e-17	2.52485e-18
59639.930775	-8.4270401597e-15	1	2e-17	2.52485e-18
59639.930787	-8.0886801434e-15	1	2e-17	2.52485e-18
59639.930799	-8.4023711722e-15	1	2e-17	2.52485e-18
59639.930810	-8.2846352865e-15	1	2e-17	2.52485e-18
59639.930822	-8.5475856536e-15	1	2e-17	2.52485e-18
59639.930833	-1.1970057005e-14	1	2e-17	2.52485e-18
59639.930845	-8.4004517955e-15	1	2e-17	2.52485e-18
59639.930856	-8.8162619634e-15	1	2e-17	2.52485e-18
59639.930868	-7.3332106107e-15	1	2e-17	2.52485e-18
59639.930880	-8.0479056714e-15	1	2e-17	2.52485e-18
59639.930891	-8.8055097271e-15	1	2e-17	2.52485e-18
59639.930903	-9.1925300922e-15	1	2e-17	2.52485e-18
59639.930914	-8.4756030997e-15	1	2e-17	2.52485e-18
59639.930926	-8.3791158826e-15	1	2e-17	2.52485e-18
59639.930938	-6.5965045519e-15	1	2e-17	2.52485e-18
59639.930949	-8.6450164654e-15	1	2e-17	2.52485e-18
59639.930961	-7.7554048659e-15	1	2e-17	2.52485e-18
59639.930972	-8.7039530179e-15	1	2e-17	2.52485e-18
59639.930984	-9.4427758120e-15	1	2e-17	2.52485e-18
59639.930995	-9.6917730053e-15	1	2e-17	2.52485e-18
59639.931007	-8.2672025015e-15	1	2e-17	2.52485e-18
59639.931019	-7.1496865232e-15	1	2e-17	2.52485e-18
59639.931030	-9.7939141674e-15	1	2e-17	2.52485e-18
59639.931042	-9.8014425962e-15	1	2e-17	2.52485e-18
59639.931053	-1.0693751996e-14	1	2e-17	2.52485e-18
59639.931065	-7.0833706197e-15	1	2e-17	2.52485e-18
59639.931076	-8.1933590162e-15	1	2e-17	2.52485e-18
59639.931088	-8.7971020781e-15	1	2e-17	2.52485e-18
59639.931100	-9.6641106033e-15	1	2e-17	2.52485e-18
59639.931111	-1.1017046684e-14	1	2e-17	2.52485e-18
59639.931123	-8.4617227708e-15	1	2e-17	2.52485e-18
59639.931134	-8.2585636124e-15	1	2e-17	2.52485e-18
59639.931146	-9.5227441926e-15	1	2e-17	2.52485e-18
59639.931157	-9.0229320733e-15	1	2e-17	2.52485e-18
59639.931169	-6.9718146864e-15	1	2e-17	2.52485e-18
59639.931181	-8.1622212380e-15	1	2e-17	2.52485e-18
59639.931192	-9.6967230659e-15	1	2e-17	2.52485e-18
59639.931204	-1.0178241815e-14	1	2e-17	2.52485e-18
59639.931215	-8.9041263851e-15	1	2e-17	2.52485e-18
59639.931227	-9.0427907607e-15	1	2e-17	2.52485e-18
59639.931238	-8.8824762229e-15	1	2e-17	2.52485e-18
59639.931250	-9.4257275799e-15	1	2e-17	2.52485e-18
59639.931262	-7.3427710716e-15	1	2e-17	2.52485e-18
59639.931273	-9.7028538904e-15	1	2e-17	2.52485e-18
59639.931285	-9.0669862569e-15	1	2e-17	2.52485e-18
59639.931296	-7.7423910517e-15	1	2e-17	2.52485e-18
59639.931308	-9.0157721038e-15	1	2e-17	2.52485e-18
59639.931319	-9.2401020036e-15	1	2e-17	2.52485e-18
59639.931331	-1.0580948383e-14	1	2e-17	2.52485e-18
59639.931343	-9.8046935086e-15	1	2e-17	2.52485e-18
59639.931354	-7.5935156939e-15	1	2e-17	2.52485e-18
59639.931366	-8.5372958974e-15	1	2e-17	2.52485e-18
59639.931377	-8.1276707641e-15	1	2e-17	2.52485e-18
59639.931389	-1.0129685651e-14	1	2e-17	2.52485e-18
59639.931400	-9.5496256302e-15	1	2e-17	2.52485e-18
59639.931412	-1.0211677593e-14	1	2e-17	2.52485e-18
59639.931424	-9.1080715900e-15	1	2e-17	2.52485e-18
59639.931435	-6.9972070401e-15	1	2e-17	2.52485e-18
59639.931447	-7.1264430921e-15	1	2e-17	2.52485e-18
59639.931458	-9.5719720534e-15	1	2e-17	2.52485e-18
59639.931470	-7.3556663012e-15	1	2e-17	2.52485e-18
59639.931481	-8.9469523709e-15	1	2e-17	2.52485e-18
59639.931493	-9.7862248023e-15	1	2e-17	2.52485e-18
59639.931505	-8.6578269917e-15	1	2e-17	2.52485e-18
59639.931516	-7.9783735838e-15	1	2e-17	2.52485e-18
59639.931528	-1.0250194722e-14	1	2e-17	2.52485e-18
59639.931539	-1.0729452740e-14	1	2e-17	2.52485e-18
59639.931551	-9.7292864005e-15	1	2e-17	2.52485e-18
59639.931563	-9.4959000244e-15	1	2e-17	2.52485e-18
59639.931574	-8.8491776637e-15	1	2e-17	2.52485e-18
59639.931586	-8.3117521993e-15	1	2e-17	2.52485e-18
59639.931597	-6.9227138805e-15	1	2e-17	2.52485e-18
59639.931609	-8.6970886629e-15	1	2e-17	2.52485e-18
59639.931620	-8.5870285898e-15	1	2e-17	2.52485e-18
59639.931632	-8.7959975471e-15	1	2e-17	2.52485e-18
59639.931644	-7.8331523261e-15	1	2e-17	2.52485e-18
59639.931655	-9.2557365377e-15	1	2e-17	2.52485e-18
59639.931667	-9.0542494224e-15	1	2e-17	2.52485e-18
59639.931678	-9.6848646046e-15	1	2e-17	2.52485e-18
59639.931690	-9.1678407758e-15	1	2e-17	2.52485e-18
59639.931701	-9.7383318654e-15	1	2e-17	2.52485e-18
59639.931713	-7.2012361013e-15	1	2e-17	2.52485e-18
59639.931725	-8.3104748736e-15	1	2e-17	2.52485e-18
59639.931736	-9.2074116140e-15	1	2e-17	2.52485e-18
59639.931748	-9.3831616332e-15	1	2e-17	2.52485e-18
59639.931759	-9.3419882087e-15	1	2e-17	2.52485e-18
59639.931771	-8.9544206604e-15	1	2e-17	2.52485e-18
59639.931782	-7.4678956256e-15	1	2e-17	2.52485e-18
59639.931794	-9.1829941952e-15	1	2e-17	2.52485e-18
59639.931806	-8.2628733161e-15	1	2e-17	2.52485e-18
59639.931817	-8.5011834947e-15	1	2e-17	2.52485e-18
59639.931829	-9.5039688603e-15	1	2e-17	2.52485e-18
59639.931840	-6.8456127065e-15	1	2e-17	2.52485e-18
59639.931852	-9.2603554084e-15	1	2e-17	2.52485e-18
59639.931863	-8.0409396725e-15	1	2e-17	2.52485e-18
59639.931875	-7.8641274740e-15	1	2e-17	2.52485e-18
59639.931887	-8.2115566720e-15	1	2e-17	2.52485e-18
59639.931898	-7.4429538935e-15	1	2e-17	2.52485e-18
59639.931910	-9.4660446541e-15	1	2e-17	2.52485e-18
59639.931921	-8.3309764591e-15	1	2e-17	2.52485e-18
59639.931933	-7.8205018890e-15	1	2e-17	2.52485e-18
59639.931944	-8.4630856468e-15	1	2e-17	2.52485e-18
59639.931956	-9.0742461762e-15	1	2e-17	2.52485e-18
59639.931968	-1.0976479735e-14	1	2e-17	2.52485e-18
59639.931979	-9.4460428181e-15	1	2e-17	2.52485e-18
59639.931991	-7.0961675934e-15	1	2e-17	2.52485e-18
59639.932002	-8.8104436941e-15	1	2e-17	2.52485e-18
59639.932014	-1.0285767565e-14	1	2e-17	2.52485e-18
59639.932025	-1.2964930236e-14	1	2e-17	2.52485e-18
59639.932037	-1.1170857703e-14	1	2e-17	2.52485e-18
59639.932049	-1.1035063922e-14	1	2e-17	2.52485e-18
59639.932060	-9.0255570284e-15	1	2e-17	2.52485e-18
59639.932072	-1.0020144809e-14	1	2e-17	2.52485e-18
59639.932083	-9.2543101342e-15	1	2e-17	2.52485e-18
59639.932095	-7.6896098877e-15	1	2e-17	2.52485e-18
59639.932106	-1.0059916394e-14	1	2e-17	2.52485e-18
59639.932118	-1.1288257316e-14	1	2e-17	2.52485e-18
59639.932130	-9.4104911512e-15	1	2e-17	2.52485e-18
59639.932141	-7.1706040018e-15	1	2e-17	2.52485e-18
59639.932153	-8.3059457885e-15	1	2e-17	2.52485e-18
59639.932164	-6.1587240434e-15	1	2e-17	2.52485e-18
59639.932176	-3.8843702763e-15	1	2e-17	2.52485e-18
59639.932188	-7.6062406699e-15	1	2e-17	2.52485e-18
59639.932199	-8.3975845890e-15	1	2e-17	2.52485e-18
59639.932211	-7.7370835433e-15	1	2e-17	2.52485e-18
59639.932222	-6.5719753248e-15	1	2e-17	2.52485e-18
59639.932234	-7.8207856451e-15	1	2e-17	2.52485e-18
59639.932245	-6.8398190012e-15	1	2e-17	2.52485e-18
59639.932257	-9.0737608264e-15	1	2e-17	2.52485e-18
59639.932269	-9.5247042268e-15	1	2e-17	2.52485e-18
59639.932280	-8.6147740010e-15	1	2e-17	2.52485e-18
59639.932292	-7.2871303243e-15	1	2e-17	2.52485e-18
59639.932303	-7.6071385248e-15	1	2e-17	2.52485e-18
59639.932315	-6.3423684097e-15	1	2e-17	2.52485e-18
59639.932326	-6.7244946184e-15	1	2e-17	2.52485e-18
59639.932338	-8.8006545343e-15	1	2e-17	2.52485e-18
59639.932350	-8.8958805193e-15	1	2e-17	2.52485e-18
59639.932361	-1.0682382272e-14	1	2e-17	2.52485e-18
59639.932373	-7.8360669665e-15	1	2e-17	2.52485e-18
59639.932384	-8.2564968520e-15	1	2e-17	2.52485e-18
59639.932396	-6.6834541780e-15	1	2e-17	2.52485e-18
59639.932407	-7.8776232499e-15	1	2e-17	2.52485e-18
59639.932419	-7.8696272589e-15	1	2e-17	2.52485e-18
59639.932431	-9.1257940603e-15	1	2e-17	2.52485e-18
59639.932442	-1.1252570124e-14	1	2e-17	2.52485e-18
59639.932454	-8.5728102948e-15	1	2e-17	2.52485e-18
59639.932465	-9.6083800706e-15	1	2e-17	2.52485e-18
59639.932477	-9.4607710270e-15	1	2e-17	2.52485e-18
59639.932488	-9.4232796547e-15	1	2e-17	2.52485e-18
59639.932500	-8.9253386311e-15	1	2e-17	2.52485e-18
59639.932512	-7.3914221030e-15	1	2e-17	2.52485e-18
59639.932523	-8.4902025596e-15	1	2e-17	2.52485e-18
59639.932535	-6.6736861941e-15	1	2e-17	2.52485e-18
59639.932546	-5.9685456650e-15	1	2e-17	2.52485e-18
59639.932558	-8.6288584649e-15	1	2e-17	2.52485e-18
59639.932569	-9.8629380352e-15	1	2e-17	2.52485e-18
59639.932581	-8.6190862458e-15	1	2e-17	2.52485e-18
59639.932593	-6.6584091078e-15	1	2e-17	2.52485e-18
59639.932604	-8.6824688742e-15	1	2e-17	2.52485e-18
59639.932616	-8.0083746438e-15	1	2e-17	2.52485e-18
59639.932627	-7.3358262485e-15	1	2e-17	2.52485e-18
59639.932639	-7.7123654278e-15	1	2e-17	2.52485e-18
59639.932650	-8.1577633036e-15	1	2e-17	2.52485e-18
59639.932662	-8.3724243223e-15	1	2e-17	2.52485e-18
59639.932674	-7.4556712461e-15	1	2e-17	2.52485e-18
59639.932685	-9.3009333688e-15	1	2e-17	2.52485e-18
59639.932697	-9.1052772283e-15	1	2e-17	2.52485e-18
59639.932708	-6.6947298806e-15	1	2e-17	2.52485e-18
59639.932720	-6.6420673012e-15	1	2e-17	2.52485e-18
59639.932731	-6.6903236152e-15	1	2e-17	2.52485e-18
59639.932743	-8.5123041902e-15	1	2e-17	2.52485e-18
59639.932755	-8.7122429293e-15	1	2e-17	2.52485e-18
59639.932766	-7.4557237622e-15	1	2e-17	2.52485e-18
59639.932778	-8.7644802982e-15	1	2e-17	2.52485e-18
59639.932789	-8.1153921745e-15	1	2e-17	2.52485e-18
59639.932801	-9.1489883635e-15	1	2e-17	2.52485e-18
59639.932813	-9.4675311970e-15	1	2e-17	2.52485e-18
59639.932824	-9.1393762336e-15	1	2e-17	2.52485e-18
59639.932836	-9.6551727117e-15	1	2e-17	2.52485e-18
59639.932847	-1.0362349508e-14	1	2e-17	2.52485e-18
59639.932859	-1.0534255692e-14	1	2e-17	2.52485e-18
59639.932870	-8.2168201347e-15	1	2e-17	2.52485e-18
59639.932882	-7.1619989941e-15	1	2e-17	2.52485e-18
59639.932894	-8.1649800243e-15	1	2e-17	2.52485e-18
59639.932905	-9.7164377577e-15	1	2e-17	2.52485e-18
59639.932917	-1.0514098849e-14	1	2e-17	2.52485e-18
59639.932928	-8.7980033212e-15	1	2e-17	2.52485e-18
59639.932940	-1.0523956618e-14	1	2e-17	2.52485e-18
59639.932951	-9.1624841395e-15	1	2e-17	2.52485e-18
59639.932963	-8.1392471634e-15	1	2e-17	2.52485e-18
59639.932975	-1.2310766691e-14	1	2e-17	2.52485e-18
59639.932986	-7.1574021463e-15	1	2e-17	2.52485e-18
59639.932998	-9.1608332722e-15	1	2e-17	2.52485e-18
59639.933009	-9.0800593634e-15	1	2e-17	2.52485e-18
59639.933021	-1.2597769406e-14	1	2e-17	2.52485e-18
59639.933032	-9.2498284829e-15	1	2e-17	2.52485e-18
59639.933044	-5.9416701566e-15	1	2e-17	2.52485e-18
59639.933056	-7.8108880651e-15	1	2e-17	2.52485e-18
59639.933067	-7.7955084879e-15	1	2e-17	2.52485e-18
59639.933079	-9.5645960905e-15	1	2e-17	2.52485e-18
59639.933090	-9.1275736765e-15	1	2e-17	2.52485e-18
59639.933102	-7.5644548405e-15	1	2e-17	2.52485e-18
59639.933113	-9.7423459545e-15	1	2e-17	2.52485e-18
59639.933125	-7.4089946485e-15	1	2e-17	2.52485e-18
59639.933137	-8.5188568371e-15	1	2e-17	2.52485e-18
59639.933148	-8.7047644754e-15	1	2e-17	2.52485e-18
59639.933160	-8.3192077833e-15	1	2e-17	2.52485e-18
59639.933171	-8.7308971359e-15	1	2e-17	2.52485e-18
59639.933183	-9.3538136356e-15	1	2e-17	2.52485e-18
59639.933194	-7.2911613541e-15	1	2e-17	2.52485e-18
59639.933206	-6.9812150581e-15	1	2e-17	2.52485e-18
59639.933218	-7.0995277731e-15	1	2e-17	2.52485e-18
59639.933229	-8.6104033110e-15	1	2e-17	2.52485e-18
59639.933241	-9.2379818801e-15	1	2e-17	2.52485e-18
59639.933252	-1.0691586979e-14	1	2e-17	2.52485e-18
59639.933264	-1.0060397509e-14	1	2e-17	2.52485e-18
59639.933275	-6.9494301467e-15	1	2e-17	2.52485e-18
59639.933287	-7.9609899266e-15	1	2e-17	2.52485e-18
59639.933299	-7.8748924157e-15	1	2e-17	2.52485e-18
59639.933310	-1.0598618337e-14	1	2e-17	2.52485e-18
59639.933322	-8.3295449734e-15	1	2e-17	2.52485e-18
59639.933333	-8.6328141087e-15	1	2e-17	2.52485e-18
59639.933345	-8.2149007581e-15	1	2e-17	2.52485e-18
59639.933356	-7.6850257454e-15	1	2e-17	2.52485e-18
59639.933368	-1.1230399884e-14	1	2e-17	2.52485e-18
59639.933380	-8.5783761483e-15	1	2e-17	2.52485e-18
59639.933391	-8.2310545234e-15	1	2e-17	2.52485e-18
59639.933403	-9.0390621217e-15	1	2e-17	2.52485e-18
59639.933414	-9.4004224706e-15	1	2e-17	2.52485e-18
59639.933426	-1.0149101340e-14	1	2e-17	2.52485e-18
59639.933438	-8.7281925597e-15	1	2e-17	2.52485e-18
59639.933449	-8.5546058627e-15	1	2e-17	2.52485e-18
59639.933461	-8.8998226106e-15	1	2e-17	2.52485e-18
59639.933472	-1.1070856993e-14	1	2e-17	2.52485e-18
59639.933484	-1.0620274428e-14	1	2e-17	2.52485e-18
59639.933495	-8.0011545349e-15	1	2e-17	2.52485e-18
59639.933507	-7.1372622439e-15	1	2e-17	2.52485e-18
59639.933519	-6.6787074054e-15	1	2e-17	2.52485e-18
59639.933530	-1.0234259492e-14	1	2e-17	2.52485e-18
59639.933542	-9.5114473142e-15	1	2e-17	2.52485e-18
59639.933553	-7.7052740680e-15	1	2e-17	2.52485e-18
59639.933565	-6.8400773462e-15	1	2e-17	2.52485e-18
59639.933576	-5.9695028123e-15	1	2e-17	2.52485e-18
59639.933588	-8.2913141413e-15	1	2e-17	2.52485e-18
59639.933600	-6.3565672230e-15	1	2e-17	2.52485e-18
59639.933611	-8.7454127395e-15	1	2e-17	2.52485e-18
59639.933623	-9.9376277064e-15	1	2e-17	2.52485e-18
59639.933634	-9.1112039178e-15	1	2e-17	2.52485e-18
59639.933646	-8.2322979678e-15	1	2e-17	2.52485e-18
59639.933657	-6.8915210452e-15	1	2e-17	2.52485e-18
59639.933669	-7.6031354471e-15	1	2e-17	2.52485e-18
59639.933681	-8.8819883319e-15	1	2e-17	2.52485e-18
59639.933692	-8.2320895977e-15	1	2e-17	2.52485e-18
59639.933704	-9.5616102994e-15	1	2e-17	2.52485e-18
59639.933715	-6.7524102832e-15	1	2e-17	2.52485e-18
59639.933727	-6.7120449281e-15	1	2e-17	2.52485e-18
59639.933738	-8.2548790191e-15	1	2e-17	2.52485e-18
59639.933750	-8.9985756409e-15	1	2e-17	2.52485e-18
59639.933762	-9.1481066022e-15	1	2e-17	2.52485e-18
59639.933773	-7.5506160162e-15	1	2e-17	2.52485e-18
59639.933785	-8.3417761292e-15	1	2e-17	2.52485e-18
59639.933796	-8.1953427673e-15	1	2e-17	2.52485e-18
59639.933808	-8.3847664394e-15	1	2e-17	2.52485e-18
59639.933819	-9.2893002183e-15	1	2e-17	2.52485e-18
59639.933831	-7.7015403468e-15	1	2e-17	2.52485e-18
59639.933843	-8.2954984841e-15	1	2e-17	2.52485e-18
59639.933854	-8.2703102653e-15	1	2e-17	2.52485e-18
59639.933866	-8.5252028080e-15	1	2e-17	2.52485e-18
59639.933877	-8.2106528878e-15	1	2e-17	2.52485e-18
59639.933889	-7.3955395302e-15	1	2e-17	2.52485e-18
59639.933900	-7.0801518945e-15	1	2e-17	2.52485e-18
59639.933912	-7.1229736451e-15	1	2e-17	2.52485e-18
59639.933924	-8.9285726029e-15	1	2e-17	2.52485e-18
59639.933935	-7.7052257871e-15	1	2e-17	2.52485e-18
59639.933947	-7.1995394943e-15	1	2e-17	2.52485e-18
59639.933958	-6.1333393130e-15	1	2e-17	2.52485e-18
59639.933970	-7.3970065912e-15	1	2e-17	2.52485e-18
59639.933981	-7.4822443637e-15	1	2e-17	2.52485e-18
59639.933993	-7.2697983362e-15	1	2e-17	2.52485e-18
59639.934005	-3.8872357888e-15	1	2e-17	2.52485e-18
59639.934016	-3.3668077346e-15	1	2e-17	2.52485e-18
59639.934028	-6.8668910212e-15	1	2e-17	2.52485e-18
59639.934039	-7.2535005752e-15	1	2e-17	2.52485e-18
59639.934051	-7.3336256569e-15	1	2e-17	2.52485e-18
59639.934063	-7.3957055486e-15	1	2e-17	2.52485e-18
59639.934074	-6.9393580780e-15	1	2e-17	2.52485e-18
59639.934086	-7.8706216756e-15	1	2e-17	2.52485e-18
59639.934097	-9.2654587819e-15	1	2e-17	2.52485e-18
59639.934109	-8.3226323375e-15	1	2e-17	2.52485e-18
59639.934120	-8.0344624115e-15	1	2e-17	2.52485e-18
59639.934132	-9.7944994671e-15	1	2e-17	2.52485e-18
59639.934144	-9.9141513412e-15	1	2e-17	2.52485e-18
59639.934155	-8.2006240177e-15	1	2e-17	2.52485e-18
59639.934167	-8.0081705088e-15	1	2e-17	2.52485e-18
59639.934178	-8.2341284060e-15	1	2e-17	2.52485e-18
59639.934190	-9.8124074377e-15	1	2e-17	2.52485e-18
59639.934201	-8.2055215622e-15	1	2e-17	2.52485e-18
59639.934213	-9.2702241893e-15	1	2e-17	2.52485e-18
59639.934225	-8.0035711199e-15	1	2e-17	2.52485e-18
59639.934236	-7.0891473844e-15	1	2e-17	2.52485e-18
59639.934248	-7.7108568621e-15	1	2e-17	2.52485e-18
59639.934259	-9.3561531407e-15	1	2e-17	2.52485e-18
59639.934271	-1.0491514409e-14	1	2e-17	2.52485e-18
59639.934282	-1.0002849243e-14	1	2e-17	2.52485e-18
59639.934294	-8.3033792786e-15	1	2e-17	2.52485e-18
59639.934306	-5.6177164767e-15	1	2e-17	2.52485e-18
59639.934317	-9.0394542979e-15	1	2e-17	2.52485e-18
59639.934329	-9.4721856430e-15	1	2e-17	2.52485e-18
59639.934340	-9.0453716701e-15	1	2e-17	2.52485e-18
59639.934352	-8.8832368585e-15	1	2e-17	2.52485e-18
59639.934363	-8.0874959914e-15	1	2e-17	2.52485e-18
59639.934375	-9.6853812947e-15	1	2e-17	2.52485e-18
59639.934387	-8.0118059742e-15	1	2e-17	2.52485e-18
59639.934398	-8.5592755553e-15	1	2e-17	2.52485e-18
59639.934410	-9.7380557326e-15	1	2e-17	2.52485e-18
59639.934421	-9.0972041572e-15	1	2e-17	2.52485e-18
59639.934433	-8.1237490015e-15	1	2e-17	2.52485e-18
59639.934444	-7.9209032454e-15	1	2e-17	2.52485e-18
59639.934456	-9.9013281095e-15	1	2e-17	2.52485e-18
59639.934468	-8.9606776927e-15	1	2e-17	2.52485e-18
59639.934479	-8.2192748362e-15	1	2e-17	2.52485e-18
59639.934491	-8.0247892953e-15	1	2e-17	2.52485e-18
59639.934502	-7.7842488789e-15	1	2e-17	2.52485e-18
59639.934514	-7.4751504628e-15	1	2e-17	2.52485e-18
59639.934525	-8.2379697004e-15	1	2e-17	2.52485e-18
59639.934537	-7.1715772427e-15	1	2e-17	2.52485e-18
59639.934549	-9.5041857007e-15	1	2e-17	2.52485e-18
59639.934560	-8.3137393386e-15	1	2e-17	2.52485e-18
59639.934572	-9.1111522488e-15	1	2e-17	2.52485e-18
59639.934583	-7.9677340030e-15	1	2e-17	2.52485e-18
59639.934595	-6.8492193728e-15	1	2e-17	2.52485e-18
59639.934606	-8.7692050480e-15	1	2e-17	2.52485e-18
59639.934618	-9.3322422476e-15	1	2e-17	2.52485e-18
59639.934630	-1.0374711107e-14	1	2e-17	2.52485e-18
59639.934641	-7.9943062735e-15	1	2e-17	2.52485e-18
59639.934653	-9.9759720409e-15	1	2e-17	2.52485e-18
59639.934664	-9.9793457731e-15	1	2e-17	2.52485e-18
59639.934676	-9.9140352977e-15	1	2e-17	2.52485e-18
59639.934688	-9.4874229187e-15	1	2e-17	2.52485e-18
59639.934699	-8.4869253891e-15	1	2e-17	2.52485e-18
59639.934711	-7.9945527601e-15	1	2e-17	2.52485e-18
59639.934722	-6.4453396640e-15	1	2e-17	2.52485e-18
59639.934734	-8.4995546503e-15	1	2e-17	2.52485e-18
59639.934745	-9.1917779269e-15	1	2e-17	2.52485e-18
59639.934757	-1.1424588116e-14	1	2e-17	2.52485e-18
59639.934769	-1.0407963079e-14	1	2e-17	2.52485e-18
59639.934780	-7.4781946992e-15	1	2e-17	2.52485e-18
59639.934792	-7.9020203399e-15	1	2e-17	2.52485e-18
59639.934803	-9.0055052174e-15	1	2e-17	2.52485e-18
59639.934815	-8.7847701254e-15	1	2e-17	2.52485e-18
59639.934826	-9.3645718011e-15	1	2e-17	2.52485e-18
59639.934838	-7.9213360792e-15	1	2e-17	2.52485e-18
59639.934850	-9.2317053660e-15	1	2e-17	2.52485e-18
59639.934861	-1.2070510878e-14	1	2e-17	2.52485e-18
59639.934873	-1.3065900799e-14	1	2e-17	2.52485e-18
59639.934884	-1.1354349603e-14	1	2e-17	2.52485e-18
59639.934896	-9.5436218607e-15	1	2e-17	2.52485e-18
59639.934907	-1.1035666162e-14	1	2e-17	2.52485e-18
59639.934919	-1.0818703755e-14	1	2e-17	2.52485e-18
59639.934931	-5.5693500484e-15	1	2e-17	2.52485e-18
59639.934942	-6.8656408006e-15	1	2e-17	2.52485e-18
59639.934954	-9.6560688725e-15	1	2e-17	2.52485e-18
59639.934965	-1.1457610543e-14	1	2e-17	2.52485e-18
59639.934977	-8.3496916521e-15	1	2e-17	2.52485e-18
59639.934988	-9.5939322296e-15	1	2e-17	2.52485e-18
59639.935000	-8.3199074325e-15	1	2e-17	2.52485e-18
59639.935012	-7.8245591769e-15	1	2e-17	2.52485e-18
59639.935023	-9.9746540576e-15	1	2e-17	2.52485e-18
59639.935035	-9.4740194693e-15	1	2e-17	2.52485e-18
59639.935046	-1.0123148251e-14	1	2e-17	2.52485e-18
59639.935058	-8.5998221755e-15	1	2e-17	2.52485e-18
59639.935069	-8.3596366659e-15	1	2e-17	2.52485e-18
59639.935081	-9.9105133347e-15	1	2e-17	2.52485e-18
59639.935093	-7.5300915609e-15	1	2e-17	2.52485e-18
59639.935104	-9.4561191221e-15	1	2e-17	2.52485e-18
59639.935116	-7.7080718178e-15	1	2e-17	2.52485e-18
59639.935127	-8.3336386836e-15	1	2e-17	2.52485e-18
59639.935139	-8.8625658665e-15	1	2e-17	2.52485e-18
59639.935150	-8.1268415188e-15	1	2e-17	2.52485e-18
59639.935162	-9.0188137991e-15	1	2e-17	2.52485e-18
59639.935174	-8.5846086167e-15	1	2e-17	2.52485e-18
59639.935185	-8.8872043608e-15	1	2e-17	2.52485e-18
59639.935197	-8.8098312892e-15	1	2e-17	2.52485e-18
59639.935208	-8.7649969883e-15	1	2e-17	2.52485e-18
59639.935220	-8.9881893229e-15	1	2e-17	2.52485e-18
59639.935231	-6.9073580202e-15	1	2e-17	2.52485e-18
59639.935243	-1.0728876758e-14	1	2e-17	2.52485e-18
59639.935255	-1.2334907130e-14	1	2e-17	2.52485e-18
59639.935266	-1.1431876835e-14	1	2e-17	2.52485e-18
59639.935278	-9.3286203347e-15	1	2e-17	2.52485e-18
59639.935289	-8.5259693728e-15	1	2e-17	2.52485e-18
59639.935301	-8.9458308992e-15	1	2e-17	2.52485e-18
59639.935313	-7.8967280780e-15	1	2e-17	2.52485e-18
59639.935324	-8.9241273740e-15	1	2e-17	2.52485e-18
59639.935336	-8.9058772022e-15	1	2e-17	2.52485e-18
59639.935347	-8.2000742934e-15	1	2e-17	2.52485e-18
59639.935359	-1.0626407794e-14	1	2e-17	2.52485e-18
59639.935370	-7.0051522092e-15	1	2e-17	2.52485e-18
59639.935382	-8.6521561061e-15	1	2e-17	2.52485e-18
59639.935394	-8.1141843055e-15	1	2e-17	2.52485e-18
59639.935405	-6.2803715272e-15	1	2e-17	2.52485e-18
59639.935417	-9.3537636607e-15	1	2e-17	2.52485e-18
59639.935428	-6.5309408137e-15	1	2e-17	2.52485e-18
59639.935440	-7.5618824014e-15	1	2e-17	2.52485e-18
59639.935451	-6.2726203287e-15	1	2e-17	2.52485e-18
59639.935463	-7.8112675358e-15	1	2e-17	2.52485e-18
59639.935475	-8.4336021240e-15	1	2e-17	2.52485e-18
59639.935486	-8.2639812352e-15	1	2e-17	2.52485e-18
59639.935498	-8.6301756011e-15	1	2e-17	2.52485e-18
59639.935509	-9.1598862894e-15	1	2e-17	2.52485e-18
59639.935521	-9.6869398353e-15	1	2e-17	2.52485e-18
59639.935532	-9.2258159459e-15	1	2e-17	2.52485e-18
59639.935544	-7.8569209176e-15	1	2e-17	2.52485e-18
59639.935556	-6.3933784279e-15	1	2e-17	2.52485e-18
59639.935567	-9.8448284708e-15	1	2e-17	2.52485e-18
59639.935579	-1.0859032688e-14	1	2e-17	2.52485e-18
59639.935590	-8.2106520408e-15	1	2e-17	2.52485e-18
59639.935602	-6.4581840716e-15	1	2e-17	2.52485e-18
59639.935613	-6.7704656375e-15	1	2e-17	2.52485e-18
59639.935625	-7.4750005380e-15	1	2e-17	2.52485e-18
59639.935637	-8.4360517432e-15	1	2e-17	2.52485e-18
59639.935648	-9.3399019665e-15	1	2e-17	2.52485e-18
59639.935660	-8.3217980101e-15	1	2e-17	2.52485e-18
59639.935671	-7.5399908349e-15	1	2e-17	2.52485e-18
59639.935683	-7.4238634649e-15	1	2e-17	2.52485e-18
59639.935694	-7.3046647534e-15	1	2e-17	2.52485e-18
59639.935706	-7.4409150852e-15	1	2e-17	2.52485e-18
59639.935718	-1.0118651353e-14	1	2e-17	2.52485e-18
59639.935729	-9.4544470790e-15	1	2e-17	2.52485e-18
59639.935741	-8.1556897669e-15	1	2e-17	2.52485e-18
59639.935752	-1.0481139950e-14	1	2e-17	2.52485e-18
59639.935764	-8.4177100918e-15	1	2e-17	2.52485e-18
59639.935775	-8.4790285009e-15	1	2e-17	2.52485e-18
59639.935787	-7.4777186667e-15	1	2e-17	2.52485e-18
59639.935799	-8.3305088969e-15	1	2e-17	2.52485e-18
59639.935810	-1.0834384876e-14	1	2e-17	2.52485e-18
59639.935822	-1.0405228857e-14	1	2e-17	2.52485e-18
59639.935833	-1.1219119946e-14	1	2e-17	2.52485e-18
59639.935845	-9.0152401671e-15	1	2e-17	2.52485e-18
59639.935856	-9.3218440711e-15	1	2e-17	2.52485e-18
59639.935868	-9.4061280845e-15	1	2e-17	2.52485e-18
59639.935880	-4.5521702049e-15	1	2e-17	2.52485e-18
59639.935891	-7.8900415999e-15	1	2e-17	2.52485e-18
59639.935903	-8.2463909019e-15	1	2e-17	2.52485e-18
59639.935914	-8.9854822056e-15	1	2e-17	2.52485e-18
59639.935926	-9.4483416655e-15	1	2e-17	2.52485e-18
59639.935937	-1.0088607941e-14	1	2e-17	2.52485e-18
59639.935949	-1.2122124830e-14	1	2e-17	2.52485e-18
59639.935961	-1.3163789008e-14	1	2e-17	2.52485e-18
59639.935972	-1.1945827628e-14	1	2e-17	2.52485e-18
59639.935984	-9.5079651617e-15	1	2e-17	2.52485e-18
59639.935995	-1.1068637767e-14	1	2e-17	2.52485e-18
59639.936007	-1.0362273275e-14	1	2e-17	2.52485e-18
59639.936019	-7.9425042796e-15	1	2e-17	2.52485e-18
59639.936030	-7.1766975568e-15	1	2e-17	2.52485e-18
59639.936042	-7.7543604743e-15	1	2e-17	2.52485e-18
59639.936053	-8.6506246705e-15	1	2e-17	2.52485e-18
59639.936065	-8.0394819288e-15	1	2e-17	2.52485e-18
59639.936076	-7.8634168133e-15	1	2e-17	2.52485e-18
59639.936088	-1.0300431399e-14	1	2e-17	2.52485e-18
59639.936100	-8.7535883015e-15	1	2e-17	2.52485e-18
59639.936111	-7.1829427307e-15	1	2e-17	2.52485e-18
59639.936123	-6.8506449293e-15	1	2e-17	2.52485e-18
59639.936204	-8.9167336234e-15	1	2e-17	2.52485e-18
59639.936215	-8.9477672166e-15	1	2e-17	2.52485e-18
59639.936227	-8.9445247744e-15	1	2e-17	2.52485e-18
59639.936238	-7.2044056986e-15	1	2e-17	2.52485e-18
59639.936250	-1.0268071353e-14	1	2e-17	2.52485e-18
59639.936262	-8.6120872125e-15	1	2e-17	2.52485e-18
59639.936273	-1.1240723521e-14	1	2e-17	2.52485e-18
59639.936285	-1.1330924060e-14	1	2e-17	2.52485e-18
59639.936296	-5.6470136523e-15	1	2e-17	2.52485e-18
59639.936308	-8.9610834215e-15	1	2e-17	2.52485e-18
59639.936319	-7.4809899080e-15	1	2e-17	2.52485e-18
59639.936331	-9.7102002071e-15	1	2e-17	2.52485e-18
59639.936343	-7.0411536505e-15	1	2e-17	2.52485e-18
59639.936354	-8.7992306719e-15	1	2e-17	2.52485e-18
59639.936366	-1.0367096281e-14	1	2e-17	2.52485e-18
59639.936377	-7.8288951385e-15	1	2e-17	2.52485e-18
59639.936389	-7.9279285366e-15	1	2e-17	2.52485e-18
59639.936400	-9.1837802418e-15	1	2e-17	2.52485e-18
59639.936412	-9.0510874484e-15	1	2e-17	2.52485e-18
59639.936424	-9.6646552455e-15	1	2e-17	2.52485e-18
59639.936435	-8.6918819513e-15	1	2e-17	2.52485e-18
59639.936447	-7.1601778732e-15	1	2e-17	2.52485e-18
59639.936458	-6.9848183362e-15	1	2e-17	2.52485e-18
59639.936470	-8.7160223903e-15	1	2e-17	2.52485e-18
59639.936481	-9.3658372683e-15	1	2e-17	2.52485e-18
59639.936493	-9.1255839961e-15	1	2e-17	2.52485e-18
59639.936505	-9.2977417486e-15	1	2e-17	2.52485e-18
59639.936516	-7.4798879181e-15	1	2e-17	2.52485e-18
59639.936528	-8.0993680052e-15	1	2e-17	2.52485e-18
59639.936539	-8.0534071504e-15	1	2e-17	2.52485e-18
59639.936551	-9.4689796233e-15	1	2e-17	2.52485e-18
59639.936562	-7.9711111233e-15	1	2e-17	2.52485e-18
59639.936574	-5.7080923511e-15	1	2e-17	2.52485e-18
59639.936586	-7.8527204813e-15	1	2e-17	2.52485e-18
59639.936597	-7.1562679692e-15	1	2e-17	2.52485e-18
59639.936609	-8.4393373840e-15	1	2e-17	2.52485e-18
59639.936620	-6.3918529215e-15	1	2e-17	2.52485e-18
59639.936632	-7.7423715700e-15	1	2e-17	2.52485e-18
59639.936644	-8.2026670612e-15	1	2e-17	2.52485e-18
59639.936655	-8.8144594773e-15	1	2e-17	2.52485e-18
59639.936667	-6.9849089688e-15	1	2e-17	2.52485e-18
59639.936678	-8.6323287589e-15	1	2e-17	2.52485e-18
59639.936690	-1.0811948667e-14	1	2e-17	2.52485e-18
59639.936701	-9.3854232112e-15	1	2e-17	2.52485e-18
59639.936713	-8.4804498222e-15	1	2e-17	2.52485e-18
59639.936725	-1.1188843600e-14	1	2e-17	2.52485e-18
59639.936736	-7.3413768554e-15	1	2e-17	2.52485e-18
59639.936748	-9.5627944514e-15	1	2e-17	2.52485e-18
59639.936759	-1.0611159507e-14	1	2e-17	2.52485e-18
59639.936771	-8.4343653006e-15	1	2e-17	2.52485e-18
59639.936782	-8.3081489212e-15	1	2e-17	2.52485e-18
59639.936794	-7.6703924042e-15	1	2e-17	2.52485e-18
59639.936806	-1.1149732701e-14	1	2e-17	2.52485e-18
59639.936817	-1.1827119348e-14	1	2e-17	2.52485e-18
59639.936829	-1.0427615091e-14	1	2e-17	2.52485e-18
59639.936840	-8.2009585958e-15	1	2e-17	2.52485e-18
59639.936852	-5.8182599973e-15	1	2e-17	2.52485e-18
59639.936863	-7.9825621617e-15	1	2e-17	2.52485e-18
59639.936875	-8.9437929380e-15	1	2e-17	2.52485e-18
59639.936887	-8.9820525692e-15	1	2e-17	2.52485e-18
59639.936898	-8.3056713498e-15	1	2e-17	2.52485e-18
59639.936910	-9.2263012958e-15	1	2e-17	2.52485e-18
59639.936921	-1.0115686737e-14	1	2e-17	2.52485e-18
59639.936933	-6.8884192106e-15	1	2e-17	2.52485e-18
59639.936944	-9.3263824737e-15	1	2e-17	2.52485e-18
59639.936956	-8.7412292438e-15	1	2e-17	2.52485e-18
59639.936968	-7.9025463473e-15	1	2e-17	2.52485e-18
59639.936979	-9.3574804413e-15	1	2e-17	2.52485e-18
59639.936991	-8.0775619890e-15	1	2e-17	2.52485e-18
59639.937002	-1.0025825859e-14	1	2e-17	2.52485e-18
59639.937014	-7.8223221628e-15	1	2e-17	2.52485e-18
59639.937025	-9.4711446395e-15	1	2e-17	2.52485e-18
59639.937037	-9.1616447298e-15	1	2e-17	2.52485e-18
59639.937049	-7.5277215627e-15	1	2e-17	2.52485e-18
59639.937060	-9.9672188024e-15	1	2e-17	2.52485e-18
59639.937072	-8.0030417243e-15	1	2e-17	2.52485e-18
59639.937083	-8.5856004923e-15	1	2e-17	2.52485e-18
59639.937095	-7.8910385577e-15	1	2e-17	2.52485e-18
59639.937106	-8.1350653617e-15	1	2e-17	2.52485e-18
59639.937118	-9.8688554074e-15	1	2e-17	2.52485e-18
59639.937130	-8.4783601919e-15	1	2e-17	2.52485e-18
59639.937141	-1.0177231304e-14	1	2e-17	2.52485e-18
59639.937153	-8.5657282523e-15	1	2e-17	2.52485e-18
59639.937164	-7.4600309247e-15	1	2e-17	2.52485e-18
59639.937176	-6.6152349915e-15	1	2e-17	2.52485e-18
59639.937187	-7.1630196688e-15	1	2e-17	2.52485e-18
59639.937199	-8.5053246388e-15	1	2e-17	2.52485e-18
59639.937211	-6.8224895541e-15	1	2e-17	2.52485e-18
59639.937222	-5.9337503986e-15	1	2e-17	2.52485e-18
59639.937234	-8.1737053107e-15	1	2e-17	2.52485e-18
59639.937245	-9.0801017150e-15	1	2e-17	2.52485e-18
59639.937257	-1.2467741378e-14	1	2e-17	2.52485e-18
59639.937269	-1.4411489715e-14	1	2e-17	2.52485e-18
59639.937280	-1.1741149739e-14	1	2e-17	2.52485e-18
59639.937292	-8.5601386819e-15	1	2e-17	2.52485e-18
59639.937303	-7.2781661747e-15	1	2e-17	2.52485e-18
59639.937315	-8.4394746034e-15	1	2e-17	2.52485e-18
59639.937326	-8.2350304961e-15	1	2e-17	2.52485e-18
59639.937338	-9.3402797432e-15	1	2e-17	2.52485e-18
59639.937350	-7.7248422231e-15	1	2e-17	2.52485e-18
59639.937361	-8.0531733693e-15	1	2e-17	2.52485e-18
59639.937373	-9.7849254537e-15	1	2e-17	2.52485e-18
59639.937384	-9.2953886911e-15	1	2e-17	2.52485e-18
59639.937396	-1.0168390821e-14	1	2e-17	2.52485e-18
59639.937407	-8.4350090457e-15	1	2e-17	2.52485e-18
59639.937419	-9.4518856514e-15	1	2e-17	2.52485e-18
59639.937431	-9.3558558321e-15	1	2e-17	2.52485e-18
59639.937442	-8.5567149747e-15	1	2e-17	2.52485e-18
59639.937454	-1.0368585364e-14	1	2e-17	2.52485e-18
59639.937465	-8.8273233666e-15	1	2e-17	2.52485e-18
59639.937477	-7.5907950241e-15	1	2e-17	2.52485e-18
59639.937488	-6.0513329712e-15	1	2e-17	2.52485e-18
59639.937500	-9.0168969635e-15	1	2e-17	2.52485e-18
59639.937512	-6.8257675716e-15	1	2e-17	2.52485e-18
59639.937523	-3.9871238432e-15	1	2e-17	2.52485e-18
59639.937535	-8.4126846453e-15	1	2e-17	2.52485e-18
59639.937546	-1.0286736571e-14	1	2e-17	2.52485e-18
59639.937558	-9.1754462846e-15	1	2e-17	2.52485e-18
59639.937569	-6.3706804860e-15	1	2e-17	2.52485e-18
59639.937581	-6.8268390683e-15	1	2e-17	2.52485e-18
59639.937593	-9.8768962911e-15	1	2e-17	2.52485e-18
59639.937604	-9.4209426908e-15	1	2e-17	2.52485e-18
59639.937616	-1.0630900457e-14	1	2e-17	2.52485e-18
59639.937627	-8.9453607960e-15	1	2e-17	2.52485e-18
59639.937639	-1.0124617853e-14	1	2e-17	2.52485e-18
59639.937650	-1.0977279334e-14	1	2e-17	2.52485e-18
59639.937662	-8.7939028347e-15	1	2e-17	2.52485e-18
59639.937674	-7.2453063785e-15	1	2e-17	2.52485e-18
59639.937685	-9.5463069551e-15	1	2e-17	2.52485e-18
59639.937697	-9.3005259459e-15	1	2e-17	2.52485e-18
59639.937708	-1.1407661857e-14	1	2e-17	2.52485e-18
59639.937720	-6.5011786170e-15	1	2e-17	2.52485e-18
59639.937731	-8.0310624213e-15	1	2e-17	2.52485e-18
59639.937743	-8.1560023221e-15	1	2e-17	2.52485e-18
59639.937755	-1.1179329726e-14	1	2e-17	2.52485e-18
59639.937766	-1.0051817912e-14	1	2e-17	2.52485e-18
59639.937778	-8.6551791667e-15	1	2e-17	2.52485e-18
59639.937789	-4.4808500308e-15	1	2e-17	2.52485e-18
59639.937801	-6.8651732384e-15	1	2e-17	2.52485e-18
59639.937813	-9.7239441637e-15	1	2e-17	2.52485e-18
59639.937824	-7.4508245236e-15	1	2e-17	2.52485e-18
59639.937836	-6.7509271285e-15	1	2e-17	2.52485e-18
59639.937847	-1.1594206464e-14	1	2e-17	2.52485e-18
59639.937859	-8.0952649776e-15	1	2e-17	2.52485e-18
59639.937870	-8.0129960555e-15	1	2e-17	2.52485e-18
59639.937882	-8.8449314875e-15	1	2e-17	2.52485e-18
59639.937894	-9.4368448873e-15	1	2e-17	2.52485e-18
59639.937905	-7.8176067304e-15	1	2e-17	2.52485e-18
59639.937917	-8.1834250137e-15	1	2e-17	2.52485e-18
59639.937928	-7.8990065967e-15	1	2e-17	2.52485e-18
59639.937940	-4.8665270015e-15	1	2e-17	2.52485e-18
59639.937951	-5.0841958342e-15	1	2e-17	2.52485e-18
59639.937963	-6.9721331708e-15	1	2e-17	2.52485e-18
59639.937975	-6.8839392533e-15	1	2e-17	2.52485e-18
59639.937986	-8.2567145395e-15	1	2e-17	2.52485e-18
59639.937998	-6.8100280054e-15	1	2e-17	2.52485e-18
59639.938009	-6.8221947866e-15	1	2e-17	2.52485e-18
59639.938021	-6.6811697301e-15	1	2e-17	2.52485e-18
59639.938032	-7.7920390409e-15	1	2e-17	2.52485e-18
59639.938044	-8.1392132820e-15	1	2e-17	2.52485e-18
59639.938056	-8.3186453534e-15	1	2e-17	2.52485e-18
59639.938067	-7.4053278429e-15	1	2e-17	2.52485e-18
59639.938079	-7.7147193324e-15	1	2e-17	2.52485e-18
59639.938090	-9.3497114551e-15	1	2e-17	2.52485e-18
59639.938102	-9.3385179147e-15	1	2e-17	2.52485e-18
59639.938113	-8.4822353677e-15	1	2e-17	2.52485e-18
59639.938125	-7.4100009237e-15	1	2e-17	2.52485e-18
59639.938137	-6.2728075230e-15	1	2e-17	2.52485e-18
59639.938148	-7.5111425868e-15	1	2e-17	2.52485e-18
59639.938160	-3.6984761906e-15	1	2e-17	2.52485e-18
59639.938171	-7.8853397200e-15	1	2e-17	2.52485e-18
59639.938183	-9.2746609478e-15	1	2e-17	2.52485e-18
59639.938194	-8.0131188753e-15	1	2e-17	2.52485e-18
59639.938206	-8.2775015751e-15	1	2e-17	2.52485e-18
59639.938218	-9.0060896701e-15	1	2e-17	2.52485e-18
59639.938229	-1.0849683138e-14	1	2e-17	2.52485e-18
59639.938241	-1.0583382756e-14	1	2e-17	2.52485e-18
59639.938252	-1.1243551764e-14	1	2e-17	2.52485e-18
59639.938264	-8.1977076833e-15	1	2e-17	2.52485e-18
59639.938275	-7.9648303740e-15	1	2e-17	2.52485e-18
59639.938287	-7.8793181628e-15	1	2e-17	2.52485e-18
59639.938299	-9.3417933911e-15	1	2e-17	2.52485e-18
59639.938310	-1.0387754567e-14	1	2e-17	2.52485e-18
59639.938322	-8.0008360505e-15	1	2e-17	2.52485e-18
59639.938333	-6.9658431042e-15	1	2e-17	2.52485e-18
59639.938345	-8.8756144090e-15	1	2e-17	2.52485e-18
59639.938356	-9.0517379697e-15	1	2e-17	2.52485e-18
59639.938368	-6.4659539048e-15	1	2e-17	2.52485e-18
59639.938380	-7.8284428229e-15	1	2e-17	2.52485e-18
59639.938391	-7.4094969391e-15	1	2e-17	2.52485e-18
59639.938403	-6.7298910653e-15	1	2e-17	2.52485e-18
59639.938414	-8.0830829497e-15	1	2e-17	2.52485e-18
59639.938426	-8.4918779907e-15	1	2e-17	2.52485e-18
59639.938438	-8.1759397836e-15	1	2e-17	2.52485e-18
59639.938449	-9.3455465941e-15	1	2e-17	2.52485e-18
59639.938461	-7.3738571808e-15	1	2e-17	2.52485e-18
59639.938472	-7.8784330134e-15	1	2e-17	2.52485e-18
59639.938484	-8.9857109045e-15	1	2e-17	2.52485e-18
59639.938495	-9.6988846940e-15	1	2e-17	2.52485e-18
59639.938507	-8.8583866059e-15	1	2e-17	2.52485e-18
59639.938519	-7.6191994269e-15	1	2e-17	2.52485e-18
59639.938530	-9.5336954816e-15	1	2e-17	2.52485e-18
59639.938542	-1.0736997263e-14	1	2e-17	2.52485e-18
59639.938553	-1.0241236502e-14	1	2e-17	2.52485e-18
59639.938565	-8.7078231114e-15	1	2e-17	2.52485e-18
59639.938576	-5.4587538035e-15	1	2e-17	2.52485e-18
59639.938588	-8.2463248334e-15	1	2e-17	2.52485e-18
59639.938600	-1.0291933965e-14	1	2e-17	2.52485e-18
59639.938611	-1.1403845126e-14	1	2e-17	2.52485e-18
59639.938623	-9.0400175748e-15	1	2e-17	2.52485e-18
59639.938634	-9.4365899304e-15	1	2e-17	2.52485e-18
59639.938646	-9.8995400229e-15	1	2e-17	2.52485e-18
59639.938657	-8.0427607933e-15	1	2e-17	2.52485e-18
59639.938669	-1.0018305901e-14	1	2e-17	2.52485e-18
59639.938681	-9.3369187165e-15	1	2e-17	2.52485e-18
59639.938692	-8.6371729403e-15	1	2e-17	2.52485e-18
59639.938704	-1.1639262687e-14	1	2e-17	2.52485e-18
59639.938715	-1.0592523088e-14	1	2e-17	2.52485e-18
59639.938727	-1.0748188262e-14	1	2e-17	2.52485e-18
59639.938738	-1.0252801043e-14	1	2e-17	2.52485e-18
59639.938750	-8.6024217196e-15	1	2e-17	2.52485e-18
59639.938762	-1.0804703994e-14	1	2e-17	2.52485e-18
59639.938773	-1.1344170808e-14	1	2e-17	2.52485e-18
59639.938785	-9.2872334579e-15	1	2e-17	2.52485e-18
59639.938796	-6.1466597532e-15	1	2e-17	2.52485e-18
59639.938808	-8.7940095608e-15	1	2e-17	2.52485e-18
59639.938819	-9.0228693928e-15	1	2e-17	2.52485e-18
59639.938831	-9.4790881145e-15	1	2e-17	2.52485e-18
59639.938843	-1.0172641233e-14	1	2e-17	2.52485e-18
59639.938854	-6.8397232864e-15	1	2e-17	2.52485e-18
59639.938866	-6.3370888533e-15	1	2e-17	2.52485e-18
59639.938877	-8.0037405265e-15	1	2e-17	2.52485e-18
59639.938889	-5.1065778328e-15	1	2e-17	2.52485e-18
59639.938900	-7.3823732500e-15	1	2e-17	2.52485e-18
59639.938912	-5.1001505468e-15	1	2e-17	2.52485e-18
59639.938924	-8.5477711538e-15	1	2e-17	2.52485e-18
59639.938935	-1.0264897520e-14	1	2e-17	2.52485e-18
59639.938947	-1.0018730264e-14	1	2e-17	2.52485e-18
59639.938958	-9.2091853010e-15	1	2e-17	2.52485e-18
59639.938970	-9.3054378900e-15	1	2e-17	2.52485e-18
59639.938981	-1.0386070666e-14	1	2e-17	2.52485e-18
59639.938993	-7.6270226232e-15	1	2e-17	2.52485e-18
59639.939005	-8.0724230401e-15	1	2e-17	2.52485e-18
59639.939016	-3.6827120604e-15	1	2e-17	2.52485e-18
59639.939028	-2.3361371973e-15	1	2e-17	2.52485e-18
59639.939039	-5.7677853040e-15	1	2e-17	2.52485e-18
59639.939051	-7.0325427136e-15	1	2e-17	2.52485e-18
59639.939063	-6.9786036555e-15	1	2e-17	2.52485e-18
59639.939074	-6.0040058523e-15	1	2e-17	2.52485e-18
59639.939086	-7.2076405174e-15	1	2e-17	2.52485e-18
59639.939097	-6.0903879664e-15	1	2e-17	2.52485e-18
59639.939109	-7.1154689332e-15	1	2e-17	2.52485e-18
59639.939120	-9.3247358416e-15	1	2e-17	2.52485e-18
59639.939132	-1.0005766425e-14	1	2e-17	2.52485e-18
59639.939144	-8.2666587063e-15	1	2e-17	2.52485e-18
59639.939155	-8.1571983326e-15	1	2e-17	2.52485e-18
59639.939167	-8.3905448981e-15	1	2e-17	2.52485e-18
59639.939178	-8.7459412881e-15	1	2e-17	2.52485e-18
59639.939190	-8.9717704362e-15	1	2e-17	2.52485e-18
59639.939201	-8.5391000775e-15	1	2e-17	2.52485e-18
59639.939213	-7.1044490345e-15	1	2e-17	2.52485e-18
59639.939225	-9.1652793482e-15	1	2e-17	2.52485e-18
59639.939236	-1.1338478747e-14	1	2e-17	2.52485e-18
59639.939248	-9.1636665975e-15	1	2e-17	2.52485e-18
59639.939259	-1.1129299725e-14	1	2e-17	2.52485e-18
59639.939271	-9.4977787435e-15	1	2e-17	2.52485e-18
59639.939282	-1.0130456451e-14	1	2e-17	2.52485e-18
59639.939294	-9.0538902805e-15	1	2e-17	2.52485e-18
59639.939306	-9.2469638175e-15	1	2e-17	2.52485e-18
59639.939317	-1.1318531968e-14	1	2e-17	2.52485e-18
59639.939329	-9.9304770543e-15	1	2e-17	2.52485e-18
59639.939340	-9.9994102896e-15	1	2e-17	2.52485e-18
59639.939352	-1.0829670290e-14	1	2e-17	2.52485e-18
59639.939363	-8.8605507751e-15	1	2e-17	2.52485e-18
59639.939375	-1.0703122721e-14	1	2e-17	2.52485e-18
59639.939387	-9.3539279851e-15	1	2e-17	2.52485e-18
59639.939398	-7.4452273299e-15	1	2e-17	2.52485e-18
59639.939410	-8.2398907711e-15	1	2e-17	2.52485e-18
59639.939421	-1.0042755507e-14	1	2e-17	2.52485e-18
59639.939433	-8.3053952171e-15	1	2e-17	2.52485e-18
59639.939444	-1.0400816662e-14	1	2e-17	2.52485e-18
59639.939456	-1.1185912019e-14	1	2e-17	2.52485e-18
59639.939468	-8.0431317937e-15	1	2e-17	2.52485e-18
59639.939479	-7.1684127276e-15	1	2e-17	2.52485e-18
59639.939491	-7.5353236834e-15	1	2e-17	2.52485e-18
59639.939502	-6.4683882775e-15	1	2e-17	2.52485e-18
59639.939514	-9.1747076719e-15	1	2e-17	2.52485e-18
59639.939525	-8.8179899106e-15	1	2e-17	2.52485e-18
59639.939537	-8.3146549812e-15	1	2e-17	2.52485e-18
59639.939572	-8.3450736284e-15	1	2e-17	2.52485e-18
59639.939583	-6.6714296983e-15	1	2e-17	2.52485e-18
59639.939595	-8.3413424483e-15	1	2e-17	2.52485e-18
59639.939606	-5.5866676370e-15	1	2e-17	2.52485e-18
59639.939618	-4.4330299387e-15	1	2e-17	2.52485e-18
59639.939630	-8.5965001122e-15	1	2e-17	2.52485e-18
59639.939641	-4.7608545592e-15	1	2e-17	2.52485e-18
59639.939653	-7.4538467372e-15	1	2e-17	2.52485e-18
59639.939664	-9.1347666803e-15	1	2e-17	2.52485e-18
59639.939676	-1.0181269957e-14	1	2e-17	2.52485e-18
59639.939687	-9.7564524412e-15	1	2e-17	2.52485e-18
59639.939699	-6.3614283451e-15	1	2e-17	2.52485e-18
59639.939711	-6.4479790187e-15	1	2e-17	2.52485e-18
59639.939722	-7.8514533200e-15	1	2e-17	2.52485e-18
59639.939734	-1.0133006867e-14	1	2e-17	2.52485e-18
59639.939745	-9.4711666624e-15	1	2e-17	2.52485e-18
59639.939757	-7.8525570039e-15	1	2e-17	2.52485e-18
59639.939769	-7.9861747573e-15	1	2e-17	2.52485e-18
59639.939780	-8.5156033836e-15	1	2e-17	2.52485e-18
59639.939792	-8.8137200175e-15	1	2e-17	2.52485e-18
59639.939803	-8.9554574287e-15	1	2e-17	2.52485e-18
59639.939815	-9.1687581125e-15	1	2e-17	2.52485e-18
59639.939826	-9.9947160330e-15	1	2e-17	2.52485e-18
59639.939838	-8.9996937244e-15	1	2e-17	2.52485e-18
59639.939850	-7.0858812253e-15	1	2e-17	2.52485e-18
59639.939861	-7.9822741705e-15	1	2e-17	2.52485e-18
59639.939873	-7.9601217179e-15	1	2e-17	2.52485e-18
59639.939884	-7.6539785997e-15	1	2e-17	2.52485e-18
59639.939896	-3.9948835120e-15	1	2e-17	2.52485e-18
59639.939907	-9.0371605327e-15	1	2e-17	2.52485e-18
59639.939919	-9.5005451531e-15	1	2e-17	2.52485e-18
59639.939931	-8.1648428050e-15	1	2e-17	2.52485e-18
59639.939942	-5.6893780052e-15	1	2e-17	2.52485e-18
59639.939954	-5.7417771574e-15	1	2e-17	2.52485e-18
59639.939965	-6.1779051045e-15	1	2e-17	2.52485e-18
59639.939977	-4.1714822582e-15	1	2e-17	2.52485e-18
59639.939988	-6.2503535266e-15	1	2e-17	2.52485e-18
59639.940000	-6.7969642162e-15	1	2e-17	2.52485e-18
59639.940012	-9.3987216284e-15	1	2e-17	2.52485e-18
59639.940023	-1.1013684810e-14	1	2e-17	2.52485e-18
59639.940035	-9.3297511237e-15	1	2e-17	2.52485e-18
59639.940046	-1.0220207215e-14	1	2e-17	2.52485e-18
59639.940058	-1.2105039329e-14	1	2e-17	2.52485e-18
59639.940069	-1.1519994519e-14	1	2e-17	2.52485e-18
59639.940081	-1.0887288860e-14	1	2e-17	2.52485e-18
59639.940093	-8.2287438175e-15	1	2e-17	2.52485e-18
59639.940104	-9.9631877726e-15	1	2e-17	2.52485e-18
59639.940116	-8.4730137200e-15	1	2e-17	2.52485e-18
59639.940127	-9.0087696824e-15	1	2e-17	2.52485e-18
59639.940139	-8.5147555036e-15	1	2e-17	2.52485e-18
59639.940150	-8.9796529248e-15	1	2e-17	2.52485e-18
59639.940162	-1.0784865636e-14	1	2e-17	2.52485e-18
59639.940174	-9.8768166700e-15	1	2e-17	2.52485e-18
59639.940185	-8.8396968239e-15	1	2e-17	2.52485e-18
59639.940197	-9.4367822069e-15	1	2e-17	2.52485e-18
59639.940208	-1.1267996288e-14	1	2e-17	2.52485e-18
59639.940220	-1.1952182916e-14	1	2e-17	2.52485e-18
59639.940231	-1.0888890599e-14	1	2e-17	2.52485e-18
59639.940243	-9.7822462885e-15	1	2e-17	2.52485e-18
59639.940255	-9.0100046564e-15	1	2e-17	2.52485e-18
59639.940266	-1.0216763179e-14	1	2e-17	2.52485e-18
59639.940278	-9.0147861574e-15	1	2e-17	2.52485e-18
59639.940289	-8.6029163868e-15	1	2e-17	2.52485e-18
59639.940301	-8.4392560689e-15	1	2e-17	2.52485e-18
59639.940312	-7.0929158339e-15	1	2e-17	2.52485e-18
59639.940324	-7.8745468262e-15	1	2e-17	2.52485e-18
59639.940336	-7.3728754696e-15	1	2e-17	2.52485e-18
59639.940347	-6.4046846236e-15	1	2e-17	2.52485e-18
59639.940359	-1.0061585896e-14	1	2e-17	2.52485e-18
59639.940370	-9.1739665181e-15	1	2e-17	2.52485e-18
59639.940382	-9.7045183101e-15	1	2e-17	2.52485e-18
59639.940394	-8.9327891330e-15	1	2e-17	2.52485e-18
59639.940405	-7.6382898555e-15	1	2e-17	2.52485e-18
59639.940417	-7.1574241691e-15	1	2e-17	2.52485e-18
59639.940428	-7.9032510788e-15	1	2e-17	2.52485e-18
59639.940440	-9.4544098096e-15	1	2e-17	2.52485e-18
59639.940451	-8.9850883352e-15	1	2e-17	2.52485e-18
59639.940463	-8.0039056979e-15	1	2e-17	2.52485e-18
59639.940475	-1.0232717045e-14	1	2e-17	2.52485e-18
59639.940486	-9.5100420865e-15	1	2e-17	2.52485e-18
59639.940498	-1.0565456997e-14	1	2e-17	2.52485e-18
59639.940509	-8.6661431612e-15	1	2e-17	2.52485e-18
59639.940521	-7.5792584353e-15	1	2e-17	2.52485e-18
59639.940532	-7.9915966152e-15	1	2e-17	2.52485e-18
59639.940544	-9.7818464890e-15	1	2e-17	2.52485e-18
59639.940556	-8.7163679798e-15	1	2e-17	2.52485e-18
59639.940567	-6.1004142954e-15	1	2e-17	2.52485e-18
59639.940602	-9.2026792409e-15	1	2e-17	2.52485e-18
59639.940613	-1.0549913943e-14	1	2e-17	2.52485e-18
59639.940625	-9.7487842519e-15	1	2e-17	2.52485e-18
59639.940637	-8.6639010649e-15	1	2e-17	2.52485e-18
59639.940648	-9.6157966911e-15	1	2e-17	2.52485e-18
59639.940660	-9.7848737847e-15	1	2e-17	2.52485e-18
59639.940694	-9.9138455624e-15	1	2e-17	2.52485e-18
59639.940706	-9.9959018791e-15	1	2e-17	2.52485e-18
59639.940718	-1.0214610868e-14	1	2e-17	2.52485e-18
59639.940729	-9.2261988048e-15	1	2e-17	2.52485e-18
59639.940741	-8.6723527597e-15	1	2e-17	2.52485e-18
59639.940752	-8.0645566451e-15	1	2e-17	2.52485e-18
59639.940764	-9.4825711140e-15	1	2e-17	2.52485e-18
59639.940775	-9.5628156273e-15	1	2e-17	2.52485e-18
59639.940787	-8.2895777238e-15	1	2e-17	2.52485e-18
59639.940799	-8.8730284174e-15	1	2e-17	2.52485e-18
59639.940810	-8.0385671332e-15	1	2e-17	2.52485e-18
59639.940822	-8.2088783538e-15	1	2e-17	2.52485e-18
59639.940833	-7.9035593987e-15	1	2e-17	2.52485e-18
59639.940845	-8.4758157049e-15	1	2e-17	2.52485e-18
59639.940856	-1.0583339557e-14	1	2e-17	2.52485e-18
59639.940868	-9.1660747121e-15	1	2e-17	2.52485e-18
59639.940880	-9.1541290065e-15	1	2e-17	2.52485e-18
59639.940891	-8.5013181729e-15	1	2e-17	2.52485e-18
59639.940903	-6.8305245086e-15	1	2e-17	2.52485e-18
59639.940914	-5.8474436705e-15	1	2e-17	2.52485e-18
59639.940926	-4.7727502899e-15	1	2e-17	2.52485e-18
59639.940937	-7.4693398168e-15	1	2e-17	2.52485e-18
59639.941088	-6.2603298806e-15	1	2e-17	2.52485e-18
59639.941100	-8.9185166278e-15	1	2e-17	2.52485e-18
59639.941111	-1.0935929727e-14	1	2e-17	2.52485e-18
59639.941123	-8.7524083846e-15	1	2e-17	2.52485e-18
59639.941134	-1.1074533116e-14	1	2e-17	2.52485e-18
59639.941146	-9.7455435039e-15	1	2e-17	2.52485e-18
59639.941157	-7.8454055047e-15	1	2e-17	2.52485e-18
59639.941169	-1.1211505120e-14	1	2e-17	2.52485e-18
59639.941181	-9.7174990900e-15	1	2e-17	2.52485e-18
59639.941192	-8.2569381562e-15	1	2e-17	2.52485e-18
59639.941204	-6.0491798135e-15	1	2e-17	2.52485e-18
59639.941215	-7.6085251177e-15	1	2e-17	2.52485e-18
59639.941227	-9.2793729921e-15	1	2e-17	2.52485e-18
59639.941238	-8.6151932823e-15	1	2e-17	2.52485e-18
59639.941250	-9.0342992554e-15	1	2e-17	2.52485e-18
59639.941262	-8.8575751483e-15	1	2e-17	2.52485e-18
59639.941273	-8.8590261158e-15	1	2e-17	2.52485e-18
59639.941285	-8.7824738191e-15	1	2e-17	2.52485e-18
59639.941296	-7.8610502033e-15	1	2e-17	2.52485e-18
59639.941308	-9.4516984571e-15	1	2e-17	2.52485e-18
59639.941319	-9.2617555538e-15	1	2e-17	2.52485e-18
59639.941331	-8.3298312705e-15	1	2e-17	2.52485e-18
59639.941343	-6.8636553553e-15	1	2e-17	2.52485e-18
59639.941354	-9.5085733314e-15	1	2e-17	2.52485e-18
59639.941366	-1.1095259165e-14	1	2e-17	2.52485e-18
59639.941377	-1.0845501336e-14	1	2e-17	2.52485e-18
59639.941389	-9.1389213769e-15	1	2e-17	2.52485e-18
59639.941400	-8.6792840303e-15	1	2e-17	2.52485e-18
59639.941412	-6.4035682342e-15	1	2e-17	2.52485e-18
59639.941424	-8.2886874922e-15	1	2e-17	2.52485e-18
59639.941435	-9.1074862902e-15	1	2e-17	2.52485e-18
59639.941447	-1.0695878895e-14	1	2e-17	2.52485e-18
59639.941458	-8.1680293429e-15	1	2e-17	2.52485e-18
59639.941470	-5.7040579332e-15	1	2e-17	2.52485e-18
59639.941481	-5.7309021013e-15	1	2e-17	2.52485e-18
59639.941493	-6.3198339452e-15	1	2e-17	2.52485e-18
59639.941505	-8.9644351309e-15	1	2e-17	2.52485e-18
59639.941516	-8.3821372491e-15	1	2e-17	2.52485e-18
59639.941528	-8.9567237429e-15	1	2e-17	2.52485e-18
59639.941539	-9.3839697026e-15	1	2e-17	2.52485e-18
59639.941551	-6.8824696512e-15	1	2e-17	2.52485e-18
59639.941562	-8.4561272711e-15	1	2e-17	2.52485e-18
59639.941574	-7.3314843576e-15	1	2e-17	2.52485e-18
59639.941586	-1.0446024505e-14	1	2e-17	2.52485e-18
59639.941597	-1.0885652392e-14	1	2e-17	2.52485e-18
59639.941609	-1.0114238311e-14	1	2e-17	2.52485e-18
59639.941620	-8.5545457233e-15	1	2e-17	2.52485e-18
59639.941632	-8.2638152167e-15	1	2e-17	2.52485e-18
59639.941644	-1.0011007865e-14	1	2e-17	2.52485e-18
59639.941655	-9.9354084801e-15	1	2e-17	2.52485e-18
59639.941667	-8.9477562051e-15	1	2e-17	2.52485e-18
59639.941678	-7.3610830769e-15	1	2e-17	2.52485e-18
59639.941690	-9.0341561069e-15	1	2e-17	2.52485e-18
59639.941701	-8.6462268755e-15	1	2e-17	2.52485e-18
59639.941713	-5.3771337087e-15	1	2e-17	2.52485e-18
59639.941725	-7.7058068517e-15	1	2e-17	2.52485e-18
59639.941736	-1.0284704539e-14	1	2e-17	2.52485e-18
59639.941748	-9.7311405556e-15	1	2e-17	2.52485e-18
59639.941759	-8.9378620133e-15	1	2e-17	2.52485e-18
59639.941771	-7.7844555549e-15	1	2e-17	2.52485e-18
59639.941782	-8.1839366216e-15	1	2e-17	2.52485e-18
59639.941794	-8.7699038502e-15	1	2e-17	2.52485e-18
59639.941806	-8.6756358594e-15	1	2e-17	2.52485e-18
59639.941817	-8.4989295400e-15	1	2e-17	2.52485e-18
59639.941829	-8.3942421970e-15	1	2e-17	2.52485e-18
59639.941840	-1.0983206024e-14	1	2e-17	2.52485e-18
59639.941852	-6.9050778076e-15	1	2e-17	2.52485e-18
59639.941863	-7.3881737317e-15	1	2e-17	2.52485e-18
59639.941875	-7.5863862176e-15	1	2e-17	2.52485e-18
59639.941887	-9.2032984220e-15	1	2e-17	2.52485e-18
59639.941898	-8.4797112095e-15	1	2e-17	2.52485e-18
59639.941910	-7.6178272335e-15	1	2e-17	2.52485e-18
59639.941921	-7.7291587030e-15	1	2e-17	2.52485e-18
59639.941933	-4.0060160660e-15	1	2e-17	2.52485e-18
59639.941944	-8.9779292128e-15	1	2e-17	2.52485e-18
59639.941956	-7.7120257676e-15	1	2e-17	2.52485e-18
59639.941968	-7.5228172419e-15	1	2e-17	2.52485e-18
59639.941979	-9.2901133699e-15	1	2e-17	2.52485e-18
59639.941991	-8.5595127245e-15	1	2e-17	2.52485e-18
59639.942002	-8.1171218157e-15	1	2e-17	2.52485e-18
59639.942014	-4.7774547109e-15	1	2e-17	2.52485e-18
59639.942025	-5.6932320051e-15	1	2e-17	2.52485e-18
59639.942037	-7.2648321820e-15	1	2e-17	2.52485e-18
59639.942049	-6.1566640593e-15	1	2e-17	2.52485e-18
59639.942060	-7.1937093665e-15	1	2e-17	2.52485e-18
59639.942072	-9.0805167612e-15	1	2e-17	2.52485e-18
59639.942083	-7.9259413973e-15	1	2e-17	2.52485e-18
59639.942095	-8.5325601361e-15	1	2e-17	2.52485e-18
59639.942106	-4.8242719159e-15	1	2e-17	2.52485e-18
59639.942118	-7.1752135551e-15	1	2e-17	2.52485e-18
59639.942130	-9.9791721314e-15	1	2e-17	2.52485e-18
59639.942141	-9.9257573867e-15	1	2e-17	2.52485e-18
59639.942153	-8.4915298602e-15	1	2e-17	2.52485e-18
59639.942164	-1.2303881160e-14	1	2e-17	2.52485e-18
59639.942176	-8.2965877685e-15	1	2e-17	2.52485e-18
59639.942187	-9.4674566581e-15	1	2e-17	2.52485e-18
59639.942199	-1.0540616909e-14	1	2e-17	2.52485e-18
59639.942211	-7.4609059097e-15	1	2e-17	2.52485e-18
59639.942222	-6.0707071558e-15	1	2e-17	2.52485e-18
59639.942234	-8.9352861861e-15	1	2e-17	2.52485e-18
59639.942245	-8.9170521078e-15	1	2e-17	2.52485e-18
59639.942257	-7.0568525592e-15	1	2e-17	2.52485e-18
59639.942269	-8.6294920455e-15	1	2e-17	2.52485e-18
59639.942280	-8.8506430307e-15	1	2e-17	2.52485e-18
59639.942292	-9.6345372950e-15	1	2e-17	2.52485e-18
59639.942303	-1.0862991720e-14	1	2e-17	2.52485e-18
59639.942315	-1.1207441903e-14	1	2e-17	2.52485e-18
59639.942326	-7.6384033579e-15	1	2e-17	2.52485e-18
59639.942338	-9.3104735008e-15	1	2e-17	2.52485e-18
59639.942350	-1.1506095556e-14	1	2e-17	2.52485e-18
59639.942361	-9.2430412079e-15	1	2e-17	2.52485e-18
59639.942373	-7.0342088274e-15	1	2e-17	2.52485e-18
59639.942384	-6.5869415499e-15	1	2e-17	2.52485e-18
59639.942396	-8.3218429028e-15	1	2e-17	2.52485e-18
59639.942407	-7.1286352133e-15	1	2e-17	2.52485e-18
59639.942419	-8.9973271143e-15	1	2e-17	2.52485e-18
59639.942431	-7.9072990492e-15	1	2e-17	2.52485e-18
59639.942442	-7.1187723617e-15	1	2e-17	2.52485e-18
59639.942454	-8.9169284410e-15	1	2e-17	2.52485e-18
59639.942465	-1.0299300610e-14	1	2e-17	2.52485e-18
59639.942477	-9.6550964787e-15	1	2e-17	2.52485e-18
59639.942488	-8.4075092740e-15	1	2e-17	2.52485e-18
59639.942500	-1.0386416255e-14	1	2e-17	2.52485e-18
59639.942512	-9.6804312342e-15	1	2e-17	2.52485e-18
59639.942523	-8.7547233257e-15	1	2e-17	2.52485e-18
59639.942535	-7.7416575212e-15	1	2e-17	2.52485e-18
59639.942546	-8.5286222800e-15	1	2e-17	2.52485e-18
59639.942558	-6.8635875927e-15	1	2e-17	2.52485e-18
59639.942569	-8.0225327995e-15	1	2e-17	2.52485e-18
59639.942581	-9.0098725193e-15	1	2e-17	2.52485e-18
59639.942593	-8.0870030182e-15	1	2e-17	2.52485e-18
59639.942604	-6.7179140194e-15	1	2e-17	2.52485e-18
59639.942616	-6.7398165973e-15	1	2e-17	2.52485e-18
59639.942627	-6.4442351330e-15	1	2e-17	2.52485e-18
59639.942639	-7.9520528820e-15	1	2e-17	2.52485e-18
59639.942650	-8.8769866024e-15	1	2e-17	2.52485e-18
59639.942662	-9.1598219149e-15	1	2e-17	2.52485e-18
59639.942674	-7.8849373794e-15	1	2e-17	2.52485e-18
59639.942685	-7.9939039329e-15	1	2e-17	2.52485e-18
59639.942697	-8.7198281094e-15	1	2e-17	2.52485e-18
59639.942708	-7.4278377435e-15	1	2e-17	2.52485e-18
59639.942720	-6.1466021549e-15	1	2e-17	2.52485e-18
59639.942731	-9.8177140991e-15	1	2e-17	2.52485e-18
59639.942743	-9.0214743296e-15	1	2e-17	2.52485e-18
59639.942755	-8.5167943119e-15	1	2e-17	2.52485e-18
59639.942766	-8.1997515738e-15	1	2e-17	2.52485e-18
59639.942778	-8.9905779558e-15	1	2e-17	2.52485e-18
59639.942789	-1.0520202568e-14	1	2e-17	2.52485e-18
59639.942801	-8.6798667890e-15	1	2e-17	2.52485e-18
59639.942812	-1.0245189605e-14	1	2e-17	2.52485e-18
59639.942824	-8.0030866171e-15	1	2e-17	2.52485e-18
59639.942836	-8.4415210350e-15	1	2e-17	2.52485e-18
59639.942847	-8.2897513656e-15	1	2e-17	2.52485e-18
59639.942859	-7.5534883049e-15	1	2e-17	2.52485e-18
59639.942870	-8.7582147955e-15	1	2e-17	2.52485e-18
59639.942882	-7.4471975285e-15	1	2e-17	2.52485e-18
59639.942894	-7.1417625299e-15	1	2e-17	2.52485e-18
59639.942905	-6.5184953586e-15	1	2e-17	2.52485e-18
59639.942917	-8.7501425715e-15	1	2e-17	2.52485e-18
59639.942928	-7.7928860739e-15	1	2e-17	2.52485e-18
59639.942940	-8.0212139692e-15	1	2e-17	2.52485e-18
59639.942951	-9.0563636167e-15	1	2e-17	2.52485e-18
59639.942963	-8.2496968715e-15	1	2e-17	2.52485e-18
59639.942975	-7.6225562185e-15	1	2e-17	2.52485e-18
59639.942986	-6.5221816459e-15	1	2e-17	2.52485e-18
59639.942998	-8.2851392712e-15	1	2e-17	2.52485e-18
59639.943009	-8.9913800960e-15	1	2e-17	2.52485e-18
59639.943021	-9.4573668016e-15	1	2e-17	2.52485e-18
59639.943032	-9.8318570082e-15	1	2e-17	2.52485e-18
59639.943044	-1.0193180088e-14	1	2e-17	2.52485e-18
59639.943056	-6.8706586237e-15	1	2e-17	2.52485e-18
59639.943067	-1.0558525727e-14	1	2e-17	2.52485e-18
59639.943079	-7.9612796119e-15	1	2e-17	2.52485e-18
59639.943090	-8.9343612261e-15	1	2e-17	2.52485e-18
59639.943102	-8.5065147201e-15	1	2e-17	2.52485e-18
59639.943113	-8.4927817749e-15	1	2e-17	2.52485e-18
59639.943125	-9.1004364350e-15	1	2e-17	2.52485e-18
59639.943137	-1.0567439054e-14	1	2e-17	2.52485e-18
59639.943148	-1.0808260686e-14	1	2e-17	2.52485e-18
59639.943160	-9.5551203329e-15	1	2e-17	2.52485e-18
59639.943171	-9.4870451420e-15	1	2e-17	2.52485e-18
59639.943183	-9.6559248769e-15	1	2e-17	2.52485e-18
59639.943194	-9.0024254056e-15	1	2e-17	2.52485e-18
59639.943206	-9.1832008713e-15	1	2e-17	2.52485e-18
59639.943218	-1.0501269688e-14	1	2e-17	2.52485e-18
59639.943229	-8.8177518943e-15	1	2e-17	2.52485e-18
59639.943241	-7.4471043549e-15	1	2e-17	2.52485e-18
59639.943252	-7.2737616033e-15	1	2e-17	2.52485e-18
59639.943264	-7.7115802283e-15	1	2e-17	2.52485e-18
59639.943275	-8.9113676697e-15	1	2e-17	2.52485e-18
59639.943287	-1.0124259558e-14	1	2e-17	2.52485e-18
59639.943299	-9.9777787622e-15	1	2e-17	2.52485e-18
59639.943310	-8.8032100327e-15	1	2e-17	2.52485e-18
59639.943322	-7.8083910120e-15	1	2e-17	2.52485e-18
59639.943333	-7.3200307781e-15	1	2e-17	2.52485e-18
59639.943345	-8.2116591630e-15	1	2e-17	2.52485e-18
59639.943356	-8.5176608266e-15	1	2e-17	2.52485e-18
59639.943368	-8.6878576978e-15	1	2e-17	2.52485e-18
59639.943380	-8.2511478390e-15	1	2e-17	2.52485e-18
59639.943391	-8.9533279879e-15	1	2e-17	2.52485e-18
59639.943403	-7.8386809101e-15	1	2e-17	2.52485e-18
59639.943414	-1.0178144406e-14	1	2e-17	2.52485e-18
59639.943426	-8.1238116820e-15	1	2e-17	2.52485e-18
59639.943437	-7.2059896502e-15	1	2e-17	2.52485e-18
59639.943449	-5.1179848255e-15	1	2e-17	2.52485e-18
59639.943461	-8.7134160699e-15	1	2e-17	2.52485e-18
59639.943472	-6.7911044423e-15	1	2e-17	2.52485e-18
59639.943484	-9.6552320040e-15	1	2e-17	2.52485e-18
59639.943495	-8.0676186692e-15	1	2e-17	2.52485e-18
59639.943507	-8.8732079884e-15	1	2e-17	2.52485e-18
59639.943519	-8.5468089244e-15	1	2e-17	2.52485e-18
59639.943530	-8.1540482171e-15	1	2e-17	2.52485e-18
59639.943542	-8.2795353012e-15	1	2e-17	2.52485e-18
59639.943553	-8.7548766386e-15	1	2e-17	2.52485e-18
59639.943565	-9.6647518073e-15	1	2e-17	2.52485e-18
59639.943576	-7.7057238425e-15	1	2e-17	2.52485e-18
59639.943588	-1.1093562558e-14	1	2e-17	2.52485e-18
59639.943600	-1.1808196632e-14	1	2e-17	2.52485e-18
59639.943611	-7.4618808447e-15	1	2e-17	2.52485e-18
59639.943623	-7.8756530513e-15	1	2e-17	2.52485e-18
59639.943634	-1.0974902560e-14	1	2e-17	2.52485e-18
59639.943646	-6.7144115382e-15	1	2e-17	2.52485e-18
59639.943657	-8.6741730335e-15	1	2e-17	2.52485e-18
59639.943669	-8.6724586388e-15	1	2e-17	2.52485e-18
59639.943681	-1.1576349315e-14	1	2e-17	2.52485e-18
59639.943692	-9.8710475286e-15	1	2e-17	2.52485e-18
59639.943704	-7.5574990059e-15	1	2e-17	2.52485e-18
59639.943715	-1.1061414270e-14	1	2e-17	2.52485e-18
59639.943727	-1.0604561120e-14	1	2e-17	2.52485e-18
59639.943738	-9.2582683192e-15	1	2e-17	2.52485e-18
59639.943750	-7.6879996781e-15	1	2e-17	2.52485e-18
59639.943762	-9.0774852302e-15	1	2e-17	2.52485e-18
59639.943773	-8.2472624989e-15	1	2e-17	2.52485e-18
59639.943785	-8.0079019994e-15	1	2e-17	2.52485e-18
59639.943796	-8.4799907303e-15	1	2e-17	2.52485e-18
59639.943808	-8.5397328111e-15	1	2e-17	2.52485e-18
59639.943819	-9.5472539379e-15	1	2e-17	2.52485e-18
59639.943831	-8.7901572550e-15	1	2e-17	2.52485e-18
59639.943843	-9.3465528692e-15	1	2e-17	2.52485e-18
59639.943854	-7.8486750519e-15	1	2e-17	2.52485e-18
59639.943866	-8.4382709696e-15	1	2e-17	2.52485e-18
59639.943877	-8.7163645916e-15	1	2e-17	2.52485e-18
59639.943889	-8.6139862604e-15	1	2e-17	2.52485e-18
59639.943900	-8.1550121406e-15	1	2e-17	2.52485e-18
59639.943912	-8.2533840060e-15	1	2e-17	2.52485e-18
59639.943924	-8.6340948226e-15	1	2e-17	2.52485e-18
59639.943935	-7.7170783191e-15	1	2e-17	2.52485e-18
59639.943947	-6.3142697857e-15	1	2e-17	2.52485e-18
59639.943958	-9.0957066030e-15	1	2e-17	2.52485e-18
59639.943970	-9.3409904039e-15	1	2e-17	2.52485e-18
59639.943981	-7.3191388524e-15	1	2e-17	2.52485e-18
59639.943993	-8.7201897924e-15	1	2e-17	2.52485e-18
59639.944005	-6.6770929606e-15	1	2e-17	2.52485e-18
59639.944016	-7.7474029457e-15	1	2e-17	2.52485e-18
59639.944028	-8.1042782552e-15	1	2e-17	2.52485e-18
59639.944039	-9.6398685204e-15	1	2e-17	2.52485e-18
59639.944051	-9.0949188624e-15	1	2e-17	2.52485e-18
59639.944062	-7.8650676805e-15	1	2e-17	2.52485e-18
59639.944074	-1.0282286260e-14	1	2e-17	2.52485e-18
59639.944086	-9.6072416583e-15	1	2e-17	2.52485e-18
59639.944097	-8.9872931620e-15	1	2e-17	2.52485e-18
59639.944109	-8.6780609147e-15	1	2e-17	2.52485e-18
59639.944120	-7.4279241408e-15	1	2e-17	2.52485e-18
59639.944132	-1.0572982885e-14	1	2e-17	2.52485e-18
59639.944144	-6.7555951271e-15	1	2e-17	2.52485e-18
59639.944155	-7.8364320377e-15	1	2e-17	2.52485e-18
59639.944167	-5.0161130200e-15	1	2e-17	2.52485e-18
59639.944178	-8.1361334702e-15	1	2e-17	2.52485e-18
59639.944190	-7.9411947667e-15	1	2e-17	2.52485e-18
59639.944201	-8.5148156429e-15	1	2e-17	2.52485e-18
59639.944213	-9.2277378636e-15	1	2e-17	2.52485e-18
59639.944225	-7.6478537045e-15	1	2e-17	2.52485e-18
59639.944236	-8.7684799878e-15	1	2e-17	2.52485e-18
59639.944248	-8.4137849411e-15	1	2e-17	2.52485e-18
59639.944259	-8.6693525690e-15	1	2e-17	2.52485e-18
59639.944271	-8.1353414944e-15	1	2e-17	2.52485e-18
59639.944282	-8.5890496104e-15	1	2e-17	2.52485e-18
59639.944294	-7.9208304005e-15	1	2e-17	2.52485e-18
59639.944306	-9.2045554189e-15	1	2e-17	2.52485e-18
59639.944317	-8.0648158372e-15	1	2e-17	2.52485e-18
59639.944329	-1.0761058081e-14	1	2e-17	2.52485e-18
59639.944340	-8.3162855197e-15	1	2e-17	2.52485e-18
59639.944352	-8.1167465801e-15	1	2e-17	2.52485e-18
59639.944363	-8.0831380069e-15	1	2e-17	2.52485e-18
59639.944375	-8.5149774262e-15	1	2e-17	2.52485e-18
59639.944387	-4.8008675486e-15	1	2e-17	2.52485e-18
59639.944398	-4.0916807431e-15	1	2e-17	2.52485e-18
59639.944410	-5.4254586324e-15	1	2e-17	2.52485e-18
59639.944421	-5.3416625100e-15	1	2e-17	2.52485e-18
59639.944433	-8.3917205799e-15	1	2e-17	2.52485e-18
59639.944444	-8.5117900412e-15	1	2e-17	2.52485e-18
59639.944456	-7.4062976956e-15	1	2e-17	2.52485e-18
59639.944468	-7.7402048597e-15	1	2e-17	2.52485e-18
59639.944479	-7.2922159102e-15	1	2e-17	2.52485e-18
59639.944491	-9.1195598978e-15	1	2e-17	2.52485e-18
59639.944502	-8.1080450107e-15	1	2e-17	2.52485e-18
59639.944514	-8.3967960013e-15	1	2e-17	2.52485e-18
59639.944525	-9.0655717118e-15	1	2e-17	2.52485e-18
59639.944537	-7.2021449677e-15	1	2e-17	2.52485e-18
59639.944549	-8.7737154984e-15	1	2e-17	2.52485e-18
59639.944560	-7.8098834840e-15	1	2e-17	2.52485e-18
59639.944572	-8.6225167292e-15	1	2e-17	2.52485e-18
59639.944583	-8.6083501032e-15	1	2e-17	2.52485e-18
59639.944595	-8.8760887475e-15	1	2e-17	2.52485e-18
59639.944606	-1.0575500267e-14	1	2e-17	2.52485e-18
59639.944618	-8.0993070188e-15	1	2e-17	2.52485e-18
59639.944630	-9.6905651364e-15	1	2e-17	2.52485e-18
59639.944641	-9.0884458366e-15	1	2e-17	2.52485e-18
59639.944653	-7.5079594370e-15	1	2e-17	2.52485e-18
59639.944664	-9.8075107402e-15	1	2e-17	2.52485e-18
59639.944676	-7.7087223391e-15	1	2e-17	2.52485e-18
59639.944687	-9.3320660647e-15	1	2e-17	2.52485e-18
59639.944699	-8.6943934040e-15	1	2e-17	2.52485e-18
59639.944711	-7.9882965748e-15	1	2e-17	2.52485e-18
59639.944722	-1.1186816650e-14	1	2e-17	2.52485e-18
59639.944734	-8.4690851811e-15	1	2e-17	2.52485e-18
59639.944745	-1.0327469538e-14	1	2e-17	2.52485e-18
59639.944757	-9.2100120052e-15	1	2e-17	2.52485e-18
59639.944769	-1.0143764186e-14	1	2e-17	2.52485e-18
59639.944780	-1.1222486055e-14	1	2e-17	2.52485e-18
59639.944792	-8.9410917499e-15	1	2e-17	2.52485e-18
59639.944803	-9.1532701151e-15	1	2e-17	2.52485e-18
59639.944815	-9.1987066564e-15	1	2e-17	2.52485e-18
59639.944826	-9.0445695299e-15	1	2e-17	2.52485e-18
59639.944838	-9.8931135839e-15	1	2e-17	2.52485e-18
59639.944850	-8.6890232151e-15	1	2e-17	2.52485e-18
59639.944861	-8.3484151734e-15	1	2e-17	2.52485e-18
59639.944873	-1.1016386845e-14	1	2e-17	2.52485e-18
59639.944884	-1.1466598409e-14	1	2e-17	2.52485e-18
59639.944896	-9.8761627606e-15	1	2e-17	2.52485e-18
59639.944907	-9.1146488008e-15	1	2e-17	2.52485e-18
59639.944919	-7.5431375623e-15	1	2e-17	2.52485e-18
59639.944931	-9.1174761968e-15	1	2e-17	2.52485e-18
59639.944942	-9.4677395671e-15	1	2e-17	2.52485e-18
59639.944954	-9.2748938819e-15	1	2e-17	2.52485e-18
59639.944965	-8.9784501380e-15	1	2e-17	2.52485e-18
59639.944977	-8.3331067470e-15	1	2e-17	2.52485e-18
59639.944988	-7.2951542675e-15	1	2e-17	2.52485e-18
59639.945000	-8.6316121690e-15	1	2e-17	2.52485e-18
59639.945012	-9.3090835198e-15	1	2e-17	2.52485e-18
59639.945023	-1.0484424743e-14	1	2e-17	2.52485e-18
59639.945035	-9.2913127685e-15	1	2e-17	2.52485e-18
59639.945046	-1.0086771574e-14	1	2e-17	2.52485e-18
59639.945058	-1.0206368391e-14	1	2e-17	2.52485e-18
59639.945069	-9.0425595207e-15	1	2e-17	2.52485e-18
59639.945081	-9.6413406637e-15	1	2e-17	2.52485e-18
59639.945093	-9.8723121488e-15	1	2e-17	2.52485e-18
59639.945104	-8.3407808655e-15	1	2e-17	2.52485e-18
59639.945116	-1.1390518757e-14	1	2e-17	2.52485e-18
59639.945127	-9.6652778148e-15	1	2e-17	2.52485e-18
59639.945139	-8.2885451906e-15	1	2e-17	2.52485e-18
59639.945150	-8.2871120109e-15	1	2e-17	2.52485e-18
59639.945162	-9.4619373914e-15	1	2e-17	2.52485e-18
59639.945174	-9.6877114824e-15	1	2e-17	2.52485e-18
59639.945185	-6.7728830695e-15	1	2e-17	2.52485e-18
59639.945197	-7.0392308857e-15	1	2e-17	2.52485e-18
59639.945208	-6.3290903212e-15	1	2e-17	2.52485e-18
59639.945220	-8.2865936267e-15	1	2e-17	2.52485e-18
59639.945231	-8.1133626835e-15	1	2e-17	2.52485e-18
59639.945243	-7.6790778800e-15	1	2e-17	2.52485e-18
59639.945255	-8.5468741459e-15	1	2e-17	2.52485e-18
59639.945266	-8.0582953775e-15	1	2e-17	2.52485e-18
59639.945278	-8.1949607555e-15	1	2e-17	2.52485e-18
59639.945289	-7.0937349148e-15	1	2e-17	2.52485e-18
59639.945301	-7.1233327871e-15	1	2e-17	2.52485e-18
59639.945312	-7.7543672506e-15	1	2e-17	2.52485e-18
59639.945324	-7.4594346135e-15	1	2e-17	2.52485e-18
59639.945336	-8.5734345580e-15	1	2e-17	2.52485e-18
59639.945347	-9.0266225958e-15	1	2e-17	2.52485e-18
59639.945359	-8.1537432852e-15	1	2e-17	2.52485e-18
59639.945370	-8.8132499142e-15	1	2e-17	2.52485e-18
59639.945382	-9.7480710502e-15	1	2e-17	2.52485e-18
59639.945394	-9.7608011083e-15	1	2e-17	2.52485e-18
59639.945405	-5.7382484181e-15	1	2e-17	2.52485e-18
59639.945417	-7.1912368774e-15	1	2e-17	2.52485e-18
59639.945428	-7.6522548877e-15	1	2e-17	2.52485e-18
59639.945440	-1.0808790081e-14	1	2e-17	2.52485e-18
59639.945451	-9.5787279882e-15	1	2e-17	2.52485e-18
59639.945463	-8.5504122025e-15	1	2e-17	2.52485e-18
59639.945475	-1.0952624746e-14	1	2e-17	2.52485e-18
59639.945486	-8.4986415488e-15	1	2e-17	2.52485e-18
59639.945498	-8.1336084650e-15	1	2e-17	2.52485e-18
59639.945509	-8.7128815922e-15	1	2e-17	2.52485e-18
59639.945521	-7.5513393824e-15	1	2e-17	2.52485e-18
59639.945532	-9.5823151727e-15	1	2e-17	2.52485e-18
59639.945544	-6.3629309815e-15	1	2e-17	2.52485e-18
59639.945556	-8.9092814276e-15	1	2e-17	2.52485e-18
59639.945567	-7.6632569986e-15	1	2e-17	2.52485e-18
59639.945579	-7.6368914041e-15	1	2e-17	2.52485e-18
59639.945590	-7.0732274001e-15	1	2e-17	2.52485e-18
59639.945602	-8.3931613829e-15	1	2e-17	2.52485e-18
59639.945613	-7.6788703570e-15	1	2e-17	2.52485e-18
59639.945625	-8.6469163603e-15	1	2e-17	2.52485e-18
59639.945637	-8.1980371791e-15	1	2e-17	2.52485e-18
59639.945648	-8.9896419844e-15	1	2e-17	2.52485e-18
59639.945660	-8.9903119874e-15	1	2e-17	2.52485e-18
59639.945671	-7.2351428302e-15	1	2e-17	2.52485e-18
59639.945683	-8.0467537066e-15	1	2e-17	2.52485e-18
59639.945694	-6.7461845910e-15	1	2e-17	2.52485e-18
59639.945706	-7.8060735298e-15	1	2e-17	2.52485e-18
59639.945718	-7.7523174308e-15	1	2e-17	2.52485e-18
59639.945729	-8.5004143888e-15	1	2e-17	2.52485e-18
59639.945741	-8.0652359655e-15	1	2e-17	2.52485e-18
59639.945752	-8.7278867808e-15	1	2e-17	2.52485e-18
59639.945764	-8.0262792262e-15	1	2e-17	2.52485e-18
59639.945775	-7.2250868550e-15	1	2e-17	2.52485e-18
59639.945787	-6.8098509755e-15	1	2e-17	2.52485e-18
59639.945799	-7.6603245706e-15	1	2e-17	2.52485e-18
59639.945810	-9.2083924782e-15	1	2e-17	2.52485e-18
59639.945822	-8.4515727750e-15	1	2e-17	2.52485e-18
59639.945833	-9.5427460286e-15	1	2e-17	2.52485e-18
59639.945845	-1.1319701720e-14	1	2e-17	2.52485e-18
59639.945856	-9.1946366631e-15	1	2e-17	2.52485e-18
59639.945868	-8.7854901034e-15	1	2e-17	2.52485e-18
59639.945880	-9.0383446848e-15	1	2e-17	2.52485e-18
59639.945891	-9.3759101841e-15	1	2e-17	2.52485e-18
59639.945903	-7.6154640116e-15	1	2e-17	2.52485e-18
59639.945914	-8.5856115037e-15	1	2e-17	2.52485e-18
59639.945926	-1.1923958084e-14	1	2e-17	2.52485e-18
59639.945938	-1.2641431413e-14	1	2e-17	2.52485e-18
59639.945949	-9.0336436519e-15	1	2e-17	2.52485e-18
59639.945961	-7.7444535770e-15	1	2e-17	2.52485e-18
59639.945972	-8.1535255977e-15	1	2e-17	2.52485e-18
59639.945984	-9.6014818343e-15	1	2e-17	2.52485e-18
59639.945995	-1.0403635588e-14	1	2e-17	2.52485e-18
59639.946007	-9.7525340668e-15	1	2e-17	2.52485e-18
59639.946019	-4.8285443501e-15	1	2e-17	2.52485e-18
59639.946030	-5.5424254121e-15	1	2e-17	2.52485e-18
59639.946042	-8.6048205169e-15	1	2e-17	2.52485e-18
59639.946053	-6.1292811782e-15	1	2e-17	2.52485e-18
59639.946065	-8.3619346663e-15	1	2e-17	2.52485e-18
59639.946076	-8.7047644754e-15	1	2e-17	2.52485e-18
59639.946088	-1.1709501200e-14	1	2e-17	2.52485e-18
59639.946100	-9.0617846275e-15	1	2e-17	2.52485e-18
59639.946111	-7.5484696347e-15	1	2e-17	2.52485e-18
59639.946123	-9.2592669710e-15	1	2e-17	2.52485e-18
59639.946134	-9.9399943165e-15	1	2e-17	2.52485e-18
59639.946146	-1.0965422567e-14	1	2e-17	2.52485e-18
59639.946157	-8.3874540749e-15	1	2e-17	2.52485e-18
59639.946169	-8.9198151293e-15	1	2e-17	2.52485e-18
59639.946181	-7.2067468977e-15	1	2e-17	2.52485e-18
59639.946192	-7.7016496140e-15	1	2e-17	2.52485e-18
59639.946204	-8.3617474720e-15	1	2e-17	2.52485e-18
59639.946215	-7.5100117978e-15	1	2e-17	2.52485e-18
59639.946227	-7.2054102797e-15	1	2e-17	2.52485e-18
59639.946238	-7.3933770551e-15	1	2e-17	2.52485e-18
59639.946250	-6.8555695788e-15	1	2e-17	2.52485e-18
59639.946262	-9.0258772068e-15	1	2e-17	2.52485e-18
59639.946273	-6.9605643948e-15	1	2e-17	2.52485e-18
59639.946285	-9.9930727891e-15	1	2e-17	2.52485e-18
59639.946296	-1.1935533636e-14	1	2e-17	2.52485e-18
59639.946308	-8.2164830156e-15	1	2e-17	2.52485e-18
59639.946319	-7.7010931134e-15	1	2e-17	2.52485e-18
59639.946354	-9.9492405281e-15	1	2e-17	2.52485e-18
59639.946366	-9.5391190335e-15	1	2e-17	2.52485e-18
59639.946377	-1.0702227407e-14	1	2e-17	2.52485e-18
59639.946389	-1.0639637602e-14	1	2e-17	2.52485e-18
59639.946400	-1.0343260773e-14	1	2e-17	2.52485e-18
59639.946412	-1.0181419035e-14	1	2e-17	2.52485e-18
59639.946424	-9.7697203653e-15	1	2e-17	2.52485e-18
59639.946435	-1.0310571231e-14	1	2e-17	2.52485e-18
59639.946447	-8.1566401379e-15	1	2e-17	2.52485e-18
59639.946458	-9.5807651024e-15	1	2e-17	2.52485e-18
59639.946470	-9.4768680411e-15	1	2e-17	2.52485e-18
59639.946481	-8.7844135246e-15	1	2e-17	2.52485e-18
59639.946493	-9.4864810180e-15	1	2e-17	2.52485e-18
59639.946505	-1.0103198084e-14	1	2e-17	2.52485e-18
59639.946516	-1.1340520943e-14	1	2e-17	2.52485e-18
59639.946528	-7.5225377210e-15	1	2e-17	2.52485e-18
59639.946539	-7.8183334847e-15	1	2e-17	2.52485e-18
59639.946551	-8.9529324235e-15	1	2e-17	2.52485e-18
59639.946563	-7.6405183992e-15	1	2e-17	2.52485e-18
59639.946574	-9.1693705173e-15	1	2e-17	2.52485e-18
59639.946586	-6.8025800447e-15	1	2e-17	2.52485e-18
59639.946597	-7.0887653725e-15	1	2e-17	2.52485e-18
59639.946609	-7.6933893487e-15	1	2e-17	2.52485e-18
59639.946620	-8.4500896203e-15	1	2e-17	2.52485e-18
59639.946632	-8.6329089764e-15	1	2e-17	2.52485e-18
59639.946644	-9.4589270363e-15	1	2e-17	2.52485e-18
59639.946655	-9.2890206974e-15	1	2e-17	2.52485e-18
59639.946667	-1.0122594291e-14	1	2e-17	2.52485e-18
59639.946678	-8.8357022165e-15	1	2e-17	2.52485e-18
59639.946690	-7.2699118386e-15	1	2e-17	2.52485e-18
59639.946701	-8.7586704992e-15	1	2e-17	2.52485e-18
59639.946713	-7.6620237187e-15	1	2e-17	2.52485e-18
59639.946725	-7.3641467951e-15	1	2e-17	2.52485e-18
59639.946736	-9.4214720864e-15	1	2e-17	2.52485e-18
59639.946748	-8.9044423283e-15	1	2e-17	2.52485e-18
59639.946759	-8.2098634531e-15	1	2e-17	2.52485e-18
59639.946771	-8.8486101516e-15	1	2e-17	2.52485e-18
59639.946782	-1.0486483880e-14	1	2e-17	2.52485e-18
59639.946794	-1.1150736435e-14	1	2e-17	2.52485e-18
59639.946806	-1.1124181952e-14	1	2e-17	2.52485e-18
59639.946817	-8.3411713476e-15	1	2e-17	2.52485e-18
59639.946829	-9.5668991731e-15	1	2e-17	2.52485e-18
59639.946840	-7.4958214549e-15	1	2e-17	2.52485e-18
59639.946852	-6.9717791111e-15	1	2e-17	2.52485e-18
59639.946863	-8.3440487186e-15	1	2e-17	2.52485e-18
59639.946875	-7.6857685933e-15	1	2e-17	2.52485e-18
59639.946887	-7.7687303883e-15	1	2e-17	2.52485e-18
59639.946898	-6.6300335041e-15	1	2e-17	2.52485e-18
59639.946910	-7.5168549770e-15	1	2e-17	2.52485e-18
59639.946921	-7.2389714191e-15	1	2e-17	2.52485e-18
59639.946933	-8.0629870930e-15	1	2e-17	2.52485e-18
59639.946944	-6.0427855618e-15	1	2e-17	2.52485e-18
59639.946956	-7.7192213125e-15	1	2e-17	2.52485e-18
59639.946968	-8.2704254618e-15	1	2e-17	2.52485e-18
59639.946979	-7.4568706448e-15	1	2e-17	2.52485e-18
59639.946991	-9.3525396981e-15	1	2e-17	2.52485e-18
59639.947002	-9.4429697826e-15	1	2e-17	2.52485e-18
59639.947014	-7.6149337690e-15	1	2e-17	2.52485e-18
59639.947025	-9.6210889529e-15	1	2e-17	2.52485e-18
59639.947037	-9.3297545118e-15	1	2e-17	2.52485e-18
59639.947049	-9.2025471038e-15	1	2e-17	2.52485e-18
59639.947060	-1.0548301192e-14	1	2e-17	2.52485e-18
59639.947072	-8.4469632217e-15	1	2e-17	2.52485e-18
59639.947083	-9.1561330864e-15	1	2e-17	2.52485e-18
59639.947095	-7.4427946513e-15	1	2e-17	2.52485e-18
59639.947106	-9.4136327965e-15	1	2e-17	2.52485e-18
59639.947118	-9.8423822396e-15	1	2e-17	2.52485e-18
59639.947130	-9.4087691333e-15	1	2e-17	2.52485e-18
59639.947141	-8.5536597269e-15	1	2e-17	2.52485e-18
59639.947153	-6.2353915366e-15	1	2e-17	2.52485e-18
59639.947164	-1.0345863706e-14	1	2e-17	2.52485e-18
59639.947176	-1.1700359174e-14	1	2e-17	2.52485e-18
59639.947188	-1.0354524618e-14	1	2e-17	2.52485e-18
59639.947199	-7.2328516061e-15	1	2e-17	2.52485e-18
59639.947211	-6.9669137538e-15	1	2e-17	2.52485e-18
59639.947222	-9.4835070854e-15	1	2e-17	2.52485e-18
59639.947234	-5.8309493979e-15	1	2e-17	2.52485e-18
59639.947245	-8.0429259647e-15	1	2e-17	2.52485e-18
59639.947257	-7.7094507875e-15	1	2e-17	2.52485e-18
59639.947269	-7.6938187944e-15	1	2e-17	2.52485e-18
59639.947280	-8.2437219011e-15	1	2e-17	2.52485e-18
59639.947292	-8.0769902417e-15	1	2e-17	2.52485e-18
59639.947303	-7.3106659818e-15	1	2e-17	2.52485e-18
59639.947315	-8.6511328903e-15	1	2e-17	2.52485e-18
59639.947326	-7.6199880146e-15	1	2e-17	2.52485e-18
59639.947338	-1.1498549339e-14	1	2e-17	2.52485e-18
59639.947350	-7.5041503298e-15	1	2e-17	2.52485e-18
59639.947361	-6.3268092615e-15	1	2e-17	2.52485e-18
59639.947373	-7.2310999419e-15	1	2e-17	2.52485e-18
59639.947384	-8.8536830319e-15	1	2e-17	2.52485e-18
59639.947396	-1.1645964412e-14	1	2e-17	2.52485e-18
59639.947407	-7.5394953207e-15	1	2e-17	2.52485e-18
59639.947419	-7.4449190099e-15	1	2e-17	2.52485e-18
59639.947431	-7.3184417443e-15	1	2e-17	2.52485e-18
59639.947442	-9.2058437560e-15	1	2e-17	2.52485e-18
59639.947454	-9.4519449437e-15	1	2e-17	2.52485e-18
59639.947465	-9.3324269008e-15	1	2e-17	2.52485e-18
59639.947477	-9.4562910697e-15	1	2e-17	2.52485e-18
59639.947488	-8.3608843454e-15	1	2e-17	2.52485e-18
59639.947500	-8.1680776238e-15	1	2e-17	2.52485e-18
59639.947512	-4.2937726400e-15	1	2e-17	2.52485e-18
59639.947523	-6.1799303603e-15	1	2e-17	2.52485e-18
59639.947535	-1.0068512931e-14	1	2e-17	2.52485e-18
59639.947546	-9.6572521776e-15	1	2e-17	2.52485e-18
59639.947558	-7.0111822367e-15	1	2e-17	2.52485e-18
59639.947569	-7.8925987924e-15	1	2e-17	2.52485e-18
59639.947581	-6.7334977316e-15	1	2e-17	2.52485e-18
59639.947593	-7.4130095847e-15	1	2e-17	2.52485e-18
59639.947604	-7.6541844287e-15	1	2e-17	2.52485e-18
59639.947616	-8.4211177053e-15	1	2e-17	2.52485e-18
59639.947627	-7.7804829704e-15	1	2e-17	2.52485e-18
59639.947639	-9.7995003496e-15	1	2e-17	2.52485e-18
59639.947650	-7.9867448104e-15	1	2e-17	2.52485e-18
59639.947662	-8.7803952002e-15	1	2e-17	2.52485e-18
59639.947674	-7.5369491396e-15	1	2e-17	2.52485e-18
59639.947685	-8.6033390563e-15	1	2e-17	2.52485e-18
59639.947697	-7.9089753274e-15	1	2e-17	2.52485e-18
59639.947708	-9.2503748192e-15	1	2e-17	2.52485e-18
59639.947720	-9.2026919464e-15	1	2e-17	2.52485e-18
59639.947731	-1.1360901403e-14	1	2e-17	2.52485e-18
59639.947743	-9.1040930762e-15	1	2e-17	2.52485e-18
59639.947755	-7.6666485186e-15	1	2e-17	2.52485e-18
59639.947766	-6.7998441283e-15	1	2e-17	2.52485e-18
59639.947778	-8.6157862054e-15	1	2e-17	2.52485e-18
59639.947789	-8.3001088844e-15	1	2e-17	2.52485e-18
59639.947801	-9.7080885540e-15	1	2e-17	2.52485e-18
59639.947813	-1.0844406970e-14	1	2e-17	2.52485e-18
59639.947824	-1.0306364018e-14	1	2e-17	2.52485e-18
59639.947836	-6.8392845234e-15	1	2e-17	2.52485e-18
59639.947847	-8.8096517182e-15	1	2e-17	2.52485e-18
59639.947859	-7.0280178636e-15	1	2e-17	2.52485e-18
59639.947870	-7.3388814963e-15	1	2e-17	2.52485e-18
59639.947882	-7.0789584250e-15	1	2e-17	2.52485e-18
59639.947894	-8.1972850139e-15	1	2e-17	2.52485e-18
59639.947905	-8.5795560652e-15	1	2e-17	2.52485e-18
59639.947917	-7.7692047267e-15	1	2e-17	2.52485e-18
59639.947928	-6.3656491103e-15	1	2e-17	2.52485e-18
59639.947940	-4.6861199952e-15	1	2e-17	2.52485e-18
59639.947951	-4.7929571079e-15	1	2e-17	2.52485e-18
59639.947963	-5.4622562848e-15	1	2e-17	2.52485e-18
59639.947975	-7.2001290292e-15	1	2e-17	2.52485e-18
59639.947986	-8.9223680866e-15	1	2e-17	2.52485e-18
59639.947998	-5.9712714171e-15	1	2e-17	2.52485e-18
59639.948009	-7.0809235415e-15	1	2e-17	2.52485e-18
59639.948021	-6.3617671583e-15	1	2e-17	2.52485e-18
59639.948032	-7.8577687976e-15	1	2e-17	2.52485e-18
59639.948044	-8.1091249777e-15	1	2e-17	2.52485e-18
59639.948056	-7.7151038853e-15	1	2e-17	2.52485e-18
59639.948067	-7.6009069034e-15	1	2e-17	2.52485e-18
59639.948079	-8.7669553285e-15	1	2e-17	2.52485e-18
59639.948090	-9.2052567622e-15	1	2e-17	2.52485e-18
59639.948102	-9.0025406021e-15	1	2e-17	2.52485e-18
59639.948113	-6.7304314723e-15	1	2e-17	2.52485e-18
59639.948125	-9.5268641608e-15	1	2e-17	2.52485e-18
59639.948137	-1.0586817474e-14	1	2e-17	2.52485e-18
59639.948148	-9.3751080439e-15	1	2e-17	2.52485e-18
59639.948160	-8.1655458423e-15	1	2e-17	2.52485e-18
59639.948171	-7.0864046917e-15	1	2e-17	2.52485e-18
59639.948183	-8.7862193988e-15	1	2e-17	2.52485e-18
59639.948194	-8.3405801187e-15	1	2e-17	2.52485e-18
59639.948206	-6.7574899398e-15	1	2e-17	2.52485e-18
59639.948218	-8.2396332731e-15	1	2e-17	2.52485e-18
59639.948229	-8.1414960358e-15	1	2e-17	2.52485e-18
59639.948241	-8.4244008050e-15	1	2e-17	2.52485e-18
59639.948252	-9.1454536950e-15	1	2e-17	2.52485e-18
59639.948264	-9.8493126632e-15	1	2e-17	2.52485e-18
59639.948275	-9.8379412459e-15	1	2e-17	2.52485e-18
59639.948287	-8.9519312305e-15	1	2e-17	2.52485e-18
59639.948299	-7.9464167248e-15	1	2e-17	2.52485e-18
59639.948310	-9.8097536835e-15	1	2e-17	2.52485e-18
59639.948322	-9.6739548203e-15	1	2e-17	2.52485e-18
59639.948333	-8.7187388250e-15	1	2e-17	2.52485e-18
59639.948345	-9.0350065279e-15	1	2e-17	2.52485e-18
59639.948356	-9.9026638804e-15	1	2e-17	2.52485e-18
59639.948368	-9.8203339720e-15	1	2e-17	2.52485e-18
59639.948380	-8.9232456127e-15	1	2e-17	2.52485e-18
59639.948391	-1.0274795100e-14	1	2e-17	2.52485e-18
59639.948403	-8.5348149379e-15	1	2e-17	2.52485e-18
59639.948414	-8.2873144518e-15	1	2e-17	2.52485e-18
59639.948426	-8.3128923057e-15	1	2e-17	2.52485e-18
59639.948438	-8.5570775048e-15	1	2e-17	2.52485e-18
59639.948449	-7.6510148315e-15	1	2e-17	2.52485e-18
59639.948461	-8.6242556879e-15	1	2e-17	2.52485e-18
59639.948472	-1.0825382610e-14	1	2e-17	2.52485e-18
59639.948484	-1.3358798863e-14	1	2e-17	2.52485e-18
59639.948495	-9.6270063251e-15	1	2e-17	2.52485e-18
59639.948507	-7.3123354838e-15	1	2e-17	2.52485e-18
59639.948519	-5.8678393768e-15	1	2e-17	2.52485e-18
59639.948530	-6.9929295237e-15	1	2e-17	2.52485e-18
59639.948542	-9.1540646320e-15	1	2e-17	2.52485e-18
59639.948553	-8.0632166390e-15	1	2e-17	2.52485e-18
59639.948565	-9.3541278849e-15	1	2e-17	2.52485e-18
59639.948576	-9.0299421179e-15	1	2e-17	2.52485e-18
59639.948588	-9.5303954412e-15	1	2e-17	2.52485e-18
59639.948600	-8.7652934498e-15	1	2e-17	2.52485e-18
59639.948611	-8.4240492864e-15	1	2e-17	2.52485e-18
59639.948623	-9.3304592432e-15	1	2e-17	2.52485e-18
59639.948634	-8.4990930174e-15	1	2e-17	2.52485e-18
59639.948646	-8.6933888229e-15	1	2e-17	2.52485e-18
59639.948657	-7.7521260014e-15	1	2e-17	2.52485e-18
59639.948669	-5.5867049065e-15	1	2e-17	2.52485e-18
59639.948681	-2.0794159106e-15	1	2e-17	2.52485e-18
59639.948692	-4.0533906188e-15	1	2e-17	2.52485e-18
59639.948704	-8.1422939409e-15	1	2e-17	2.52485e-18
59639.948715	-9.4055986889e-15	1	2e-17	2.52485e-18
59639.948727	-9.7517827486e-15	1	2e-17	2.52485e-18
59639.948738	-1.0507112521e-14	1	2e-17	2.52485e-18
59639.948750	-9.8376295378e-15	1	2e-17	2.52485e-18
59639.948762	-8.9218463143e-15	1	2e-17	2.52485e-18
59639.948773	-7.9124989845e-15	1	2e-17	2.52485e-18
59639.948785	-1.1137275387e-14	1	2e-17	2.52485e-18
59639.948796	-9.4278790436e-15	1	2e-17	2.52485e-18
59639.948808	-8.4823598815e-15	1	2e-17	2.52485e-18
59639.948819	-8.8267499253e-15	1	2e-17	2.52485e-18
59639.948831	-9.2365859698e-15	1	2e-17	2.52485e-18
59639.948843	-7.6307097576e-15	1	2e-17	2.52485e-18
59639.948854	-7.1740997068e-15	1	2e-17	2.52485e-18
59639.948866	-9.8489763911e-15	1	2e-17	2.52485e-18
59639.948877	-1.0924169521e-14	1	2e-17	2.52485e-18
59639.948889	-8.4444009470e-15	1	2e-17	2.52485e-18
59639.948900	-8.6440093432e-15	1	2e-17	2.52485e-18
59639.948912	-9.1443483170e-15	1	2e-17	2.52485e-18
59639.948924	-8.1616189976e-15	1	2e-17	2.52485e-18
59639.948935	-8.8457370159e-15	1	2e-17	2.52485e-18
59639.948947	-1.2696378440e-14	1	2e-17	2.52485e-18
59639.948958	-1.0926696220e-14	1	2e-17	2.52485e-18
59639.948970	-1.0129271452e-14	1	2e-17	2.52485e-18
59639.948981	-8.8413553144e-15	1	2e-17	2.52485e-18
59639.948993	-9.1324415749e-15	1	2e-17	2.52485e-18
59639.949005	-8.5047757614e-15	1	2e-17	2.52485e-18
59639.949016	-8.2988230884e-15	1	2e-17	2.52485e-18
59639.949028	-8.1180942096e-15	1	2e-17	2.52485e-18
59639.949039	-8.7323862198e-15	1	2e-17	2.52485e-18
59639.949051	-1.0378935260e-14	1	2e-17	2.52485e-18
59639.949063	-1.0189605609e-14	1	2e-17	2.52485e-18
59639.949074	-8.1894448769e-15	1	2e-17	2.52485e-18
59639.949086	-9.6598457925e-15	1	2e-17	2.52485e-18
59639.949097	-1.1860573762e-14	1	2e-17	2.52485e-18
59639.949109	-8.8011407312e-15	1	2e-17	2.52485e-18
59639.949120	-8.4805218200e-15	1	2e-17	2.52485e-18
59639.949132	-8.6339423566e-15	1	2e-17	2.52485e-18
59639.949144	-8.4497287842e-15	1	2e-17	2.52485e-18
59639.949155	-7.9573985069e-15	1	2e-17	2.52485e-18
59639.949167	-7.1867289680e-15	1	2e-17	2.52485e-18
59639.949178	-9.9335085852e-15	1	2e-17	2.52485e-18
59639.949190	-6.8948752957e-15	1	2e-17	2.52485e-18
59639.949201	-7.8620564784e-15	1	2e-17	2.52485e-18
59639.949213	-1.0185967602e-14	1	2e-17	2.52485e-18
59639.949225	-9.0592511520e-15	1	2e-17	2.52485e-18
59639.949236	-9.7512508119e-15	1	2e-17	2.52485e-18
59639.949248	-7.6092078263e-15	1	2e-17	2.52485e-18
59639.949259	-7.4685969689e-15	1	2e-17	2.52485e-18
59639.949271	-8.3737270590e-15	1	2e-17	2.52485e-18
59639.949282	-8.3476833369e-15	1	2e-17	2.52485e-18
59639.949294	-8.5385622116e-15	1	2e-17	2.52485e-18
59639.949306	-6.0724927013e-15	1	2e-17	2.52485e-18
59639.949317	-8.2523226737e-15	1	2e-17	2.52485e-18
59639.949329	-8.4600956205e-15	1	2e-17	2.52485e-18
59639.949340	-7.8076566344e-15	1	2e-17	2.52485e-18
59639.949352	-8.5504206729e-15	1	2e-17	2.52485e-18
59639.949363	-8.6199392080e-15	1	2e-17	2.52485e-18
59639.949375	-9.0307891509e-15	1	2e-17	2.52485e-18
59639.949387	-9.4854671196e-15	1	2e-17	2.52485e-18
59639.949398	-9.8141040447e-15	1	2e-17	2.52485e-18
59639.949410	-9.2442761819e-15	1	2e-17	2.52485e-18
59639.949421	-9.2567775412e-15	1	2e-17	2.52485e-18
59639.949433	-9.9926789188e-15	1	2e-17	2.52485e-18
59639.949444	-9.8128148605e-15	1	2e-17	2.52485e-18
59639.949456	-6.9312257146e-15	1	2e-17	2.52485e-18
59639.949468	-4.9147206351e-15	1	2e-17	2.52485e-18
59639.949479	-6.0896722235e-15	1	2e-17	2.52485e-18
59639.949491	-7.7388944997e-15	1	2e-17	2.52485e-18
59639.949502	-7.6630147472e-15	1	2e-17	2.52485e-18
59639.949514	-8.7632063606e-15	1	2e-17	2.52485e-18
59639.949525	-9.4932665990e-15	1	2e-17	2.52485e-18
59639.949537	-7.4212893318e-15	1	2e-17	2.52485e-18
59639.949549	-8.9282558126e-15	1	2e-17	2.52485e-18
59639.949560	-9.1452249961e-15	1	2e-17	2.52485e-18
59639.949572	-1.0721062032e-14	1	2e-17	2.52485e-18
59639.949583	-8.6943874748e-15	1	2e-17	2.52485e-18
59639.949595	-7.8448024173e-15	1	2e-17	2.52485e-18
59639.949606	-8.7050685602e-15	1	2e-17	2.52485e-18
59639.949618	-9.9997812900e-15	1	2e-17	2.52485e-18
59639.949630	-8.2368710987e-15	1	2e-17	2.52485e-18
59639.949641	-8.8089308932e-15	1	2e-17	2.52485e-18
59639.949653	-1.0602078467e-14	1	2e-17	2.52485e-18
59639.949664	-1.2026968302e-14	1	2e-17	2.52485e-18
59639.949676	-9.8317468939e-15	1	2e-17	2.52485e-18
59639.949688	-9.4121259248e-15	1	2e-17	2.52485e-18
59639.949699	-1.0561174399e-14	1	2e-17	2.52485e-18
59639.949711	-1.0330166491e-14	1	2e-17	2.52485e-18
59639.949722	-9.5984231983e-15	1	2e-17	2.52485e-18
59639.949734	-1.2401073109e-14	1	2e-17	2.52485e-18
59639.949745	-9.7761713682e-15	1	2e-17	2.52485e-18
59639.949757	-1.1109039544e-14	1	2e-17	2.52485e-18
59639.949769	-8.8457073697e-15	1	2e-17	2.52485e-18
59639.949780	-8.0352162708e-15	1	2e-17	2.52485e-18
59639.949792	-6.7360057961e-15	1	2e-17	2.52485e-18
59639.949803	-8.1597140205e-15	1	2e-17	2.52485e-18
59639.949815	-7.5757059791e-15	1	2e-17	2.52485e-18
59639.949826	-7.5179501906e-15	1	2e-17	2.52485e-18
59639.949838	-8.0543058524e-15	1	2e-17	2.52485e-18
59639.949850	-1.2112627897e-14	1	2e-17	2.52485e-18
59639.949861	-1.1567077693e-14	1	2e-17	2.52485e-18
59639.949873	-1.0074470114e-14	1	2e-17	2.52485e-18
59639.949884	-8.4458205742e-15	1	2e-17	2.52485e-18
59639.949896	-7.7111135131e-15	1	2e-17	2.52485e-18
59639.949907	-7.3999991586e-15	1	2e-17	2.52485e-18
59639.949919	-7.4147510844e-15	1	2e-17	2.52485e-18
59639.949931	-8.1923578232e-15	1	2e-17	2.52485e-18
59639.949942	-9.9459345585e-15	1	2e-17	2.52485e-18
59639.949954	-9.5506132706e-15	1	2e-17	2.52485e-18
59639.949965	-9.8047256959e-15	1	2e-17	2.52485e-18
59639.949977	-9.5134039603e-15	1	2e-17	2.52485e-18
59639.949988	-9.2036186005e-15	1	2e-17	2.52485e-18
59639.950000	-8.3779054725e-15	1	2e-17	2.52485e-18
59639.950012	-8.1461606463e-15	1	2e-17	2.52485e-18
59639.950023	-8.6652427651e-15	1	2e-17	2.52485e-18
59639.950035	-7.9922208784e-15	1	2e-17	2.52485e-18
59639.950046	-8.6622095402e-15	1	2e-17	2.52485e-18
59639.950058	-6.9150338328e-15	1	2e-17	2.52485e-18
59639.950069	-7.2150842430e-15	1	2e-17	2.52485e-18
59639.950081	-7.6752814784e-15	1	2e-17	2.52485e-18
59639.950093	-9.6746443051e-15	1	2e-17	2.52485e-18
59639.950104	-7.7835305950e-15	1	2e-17	2.52485e-18
59639.950116	-6.8858366071e-15	1	2e-17	2.52485e-18
59639.950127	-7.3242684839e-15	1	2e-17	2.52485e-18
59639.950139	-7.7547399451e-15	1	2e-17	2.52485e-18
59639.950150	-1.1748968701e-14	1	2e-17	2.52485e-18
59639.950162	-8.4165403393e-15	1	2e-17	2.52485e-18
59639.950174	-9.7365209089e-15	1	2e-17	2.52485e-18
59639.950185	-1.1582475057e-14	1	2e-17	2.52485e-18
59639.950197	-8.3349532788e-15	1	2e-17	2.52485e-18
59639.950208	-9.2122236082e-15	1	2e-17	2.52485e-18
59639.950220	-9.2138795576e-15	1	2e-17	2.52485e-18
59639.950231	-8.7683224397e-15	1	2e-17	2.52485e-18
59639.950243	-9.8067128352e-15	1	2e-17	2.52485e-18
59639.950255	-8.9274350377e-15	1	2e-17	2.52485e-18
59639.950266	-1.1803590467e-14	1	2e-17	2.52485e-18
59639.950278	-1.2185487130e-14	1	2e-17	2.52485e-18
59639.950289	-1.0041291834e-14	1	2e-17	2.52485e-18
59639.950301	-9.7109439020e-15	1	2e-17	2.52485e-18
59639.950313	-1.0052131314e-14	1	2e-17	2.52485e-18
59639.950324	-8.1414765541e-15	1	2e-17	2.52485e-18
59639.950336	-9.2613371196e-15	1	2e-17	2.52485e-18
59639.950347	-8.7852266762e-15	1	2e-17	2.52485e-18
59639.950359	-9.2048095288e-15	1	2e-17	2.52485e-18
59639.950370	-1.0174722393e-14	1	2e-17	2.52485e-18
59639.950382	-7.1549830202e-15	1	2e-17	2.52485e-18
59639.950394	-6.2625270841e-15	1	2e-17	2.52485e-18
59639.950405	-8.8626420994e-15	1	2e-17	2.52485e-18
59639.950417	-9.6121671549e-15	1	2e-17	2.52485e-18
59639.950428	-1.1566110381e-14	1	2e-17	2.52485e-18
59639.950440	-9.2800616299e-15	1	2e-17	2.52485e-18
59639.950451	-9.6222400707e-15	1	2e-17	2.52485e-18
59639.950463	-9.1561229220e-15	1	2e-17	2.52485e-18
59639.950475	-8.9173731333e-15	1	2e-17	2.52485e-18
59639.950486	-6.6433226040e-15	1	2e-17	2.52485e-18
59639.950498	-6.5423698292e-15	1	2e-17	2.52485e-18
59639.950509	-9.3242098341e-15	1	2e-17	2.52485e-18
59639.950521	-1.0550785540e-14	1	2e-17	2.52485e-18
59639.950532	-7.7357909710e-15	1	2e-17	2.52485e-18
59639.950544	-8.8000040130e-15	1	2e-17	2.52485e-18
59639.950556	-9.8190320824e-15	1	2e-17	2.52485e-18
59639.950567	-8.0291227158e-15	1	2e-17	2.52485e-18
59639.950579	-9.1537851111e-15	1	2e-17	2.52485e-18
59639.950590	-9.4769053106e-15	1	2e-17	2.52485e-18
59639.950602	-8.4190882144e-15	1	2e-17	2.52485e-18
59639.950613	-6.9509531120e-15	1	2e-17	2.52485e-18
59639.950625	-1.0203121713e-14	1	2e-17	2.52485e-18
59639.950637	-1.1976070092e-14	1	2e-17	2.52485e-18
59639.950648	-1.0736362835e-14	1	2e-17	2.52485e-18
59639.950660	-7.4693415109e-15	1	2e-17	2.52485e-18
59639.950671	-5.5781515678e-15	1	2e-17	2.52485e-18
59639.950683	-8.0601884962e-15	1	2e-17	2.52485e-18
59639.950694	-1.0366105252e-14	1	2e-17	2.52485e-18
59639.950706	-7.9445464760e-15	1	2e-17	2.52485e-18
59639.950718	-8.5894112935e-15	1	2e-17	2.52485e-18
59639.950729	-1.0040105141e-14	1	2e-17	2.52485e-18
59639.950741	-8.4709105371e-15	1	2e-17	2.52485e-18
59639.950752	-7.2104907833e-15	1	2e-17	2.52485e-18
59639.950764	-6.8582478970e-15	1	2e-17	2.52485e-18
59639.950775	-9.1274542449e-15	1	2e-17	2.52485e-18
59639.950787	-7.8165784324e-15	1	2e-17	2.52485e-18
59639.950799	-7.1409764834e-15	1	2e-17	2.52485e-18
59639.950810	-8.4642316824e-15	1	2e-17	2.52485e-18
59639.950822	-8.7779227111e-15	1	2e-17	2.52485e-18
59639.950833	-8.2930717347e-15	1	2e-17	2.52485e-18
59639.950845	-7.0613248931e-15	1	2e-17	2.52485e-18
59639.950856	-8.5136060799e-15	1	2e-17	2.52485e-18
59639.950868	-7.2043311597e-15	1	2e-17	2.52485e-18
59639.950880	-7.8047606287e-15	1	2e-17	2.52485e-18
59639.950891	-7.6404015086e-15	1	2e-17	2.52485e-18
59639.950903	-7.2459170893e-15	1	2e-17	2.52485e-18
59639.950914	-9.6339274313e-15	1	2e-17	2.52485e-18
59639.950926	-8.7951039274e-15	1	2e-17	2.52485e-18
59639.950938	-8.2923314279e-15	1	2e-17	2.52485e-18
59639.950949	-8.2431332132e-15	1	2e-17	2.52485e-18
59639.950961	-7.5370728064e-15	1	2e-17	2.52485e-18
59639.950972	-8.5986642814e-15	1	2e-17	2.52485e-18
59639.950984	-9.6794732399e-15	1	2e-17	2.52485e-18
59639.950995	-1.0221443036e-14	1	2e-17	2.52485e-18
59639.951007	-6.9166787708e-15	1	2e-17	2.52485e-18
59639.951019	-9.1994977852e-15	1	2e-17	2.52485e-18
59639.951030	-9.1857394290e-15	1	2e-17	2.52485e-18
59639.951042	-9.1546507788e-15	1	2e-17	2.52485e-18
59639.951053	-8.8784248643e-15	1	2e-17	2.52485e-18
59639.951065	-9.9437161792e-15	1	2e-17	2.52485e-18
59639.951076	-1.0787332196e-14	1	2e-17	2.52485e-18
59639.951088	-9.9620256434e-15	1	2e-17	2.52485e-18
59639.951100	-1.0678646857e-14	1	2e-17	2.52485e-18
59639.951111	-1.0095272396e-14	1	2e-17	2.52485e-18
59639.951123	-1.0075142658e-14	1	2e-17	2.52485e-18
59639.951134	-8.3467092491e-15	1	2e-17	2.52485e-18
59639.951146	-8.4403148601e-15	1	2e-17	2.52485e-18
59639.951157	-6.9241936471e-15	1	2e-17	2.52485e-18
59639.951169	-1.0157331959e-14	1	2e-17	2.52485e-18
59639.951181	-1.0703649576e-14	1	2e-17	2.52485e-18
59639.951192	-1.0466553195e-14	1	2e-17	2.52485e-18
59639.951204	-8.4071755430e-15	1	2e-17	2.52485e-18
59639.951215	-6.6332073365e-15	1	2e-17	2.52485e-18
59639.951227	-8.8672677464e-15	1	2e-17	2.52485e-18
59639.951238	-1.0441994322e-14	1	2e-17	2.52485e-18
59639.951250	-1.0113512404e-14	1	2e-17	2.52485e-18
59639.951262	-1.0827036865e-14	1	2e-17	2.52485e-18
59639.951273	-8.9692843945e-15	1	2e-17	2.52485e-18
59639.951285	-6.7704224388e-15	1	2e-17	2.52485e-18
59639.951296	-7.4414698917e-15	1	2e-17	2.52485e-18
59639.951308	-6.8439406635e-15	1	2e-17	2.52485e-18
59639.951319	-8.6113460587e-15	1	2e-17	2.52485e-18
59639.951331	-9.7339654105e-15	1	2e-17	2.52485e-18
59639.951343	-9.8544414477e-15	1	2e-17	2.52485e-18
59639.951354	-9.3877957505e-15	1	2e-17	2.52485e-18
59639.951366	-8.4324654057e-15	1	2e-17	2.52485e-18
59639.951377	-9.7520842923e-15	1	2e-17	2.52485e-18
59639.951389	-1.0166004730e-14	1	2e-17	2.52485e-18
59639.951400	-1.2491460842e-14	1	2e-17	2.52485e-18
59639.951412	-8.0551164629e-15	1	2e-17	2.52485e-18
59639.951424	-7.7537175763e-15	1	2e-17	2.52485e-18
59639.951435	-8.5356450301e-15	1	2e-17	2.52485e-18
59639.951447	-8.2853866048e-15	1	2e-17	2.52485e-18
59639.951458	-5.5076242164e-15	1	2e-17	2.52485e-18
59639.951470	-7.2272976110e-15	1	2e-17	2.52485e-18
59639.951481	-7.6948538687e-15	1	2e-17	2.52485e-18
59639.951493	-6.6245836941e-15	1	2e-17	2.52485e-18
59639.951505	-8.6690196850e-15	1	2e-17	2.52485e-18
59639.951516	-9.2764837627e-15	1	2e-17	2.52485e-18
59639.951528	-8.3632890720e-15	1	2e-17	2.52485e-18
59639.951539	-1.0005498762e-14	1	2e-17	2.52485e-18
59639.951551	-9.6817924161e-15	1	2e-17	2.52485e-18
59639.951562	-1.0557040878e-14	1	2e-17	2.52485e-18
59639.951574	-8.4217885554e-15	1	2e-17	2.52485e-18
59639.951586	-8.3984587270e-15	1	2e-17	2.52485e-18
59639.951597	-9.6900103298e-15	1	2e-17	2.52485e-18
59639.951609	-7.9390145039e-15	1	2e-17	2.52485e-18
59639.951620	-8.0556627991e-15	1	2e-17	2.52485e-18
59639.951632	-9.5221529636e-15	1	2e-17	2.52485e-18
59639.951644	-9.2406627394e-15	1	2e-17	2.52485e-18
59639.951655	-1.1152681223e-14	1	2e-17	2.52485e-18
59639.951667	-7.6279221722e-15	1	2e-17	2.52485e-18
59639.951678	-9.3456863545e-15	1	2e-17	2.52485e-18
59639.951690	-9.2916134652e-15	1	2e-17	2.52485e-18
59639.951701	-7.2521156764e-15	1	2e-17	2.52485e-18
59639.951713	-8.4223459031e-15	1	2e-17	2.52485e-18
59639.951725	-6.4747808352e-15	1	2e-17	2.52485e-18
59639.951736	-5.4018907877e-15	1	2e-17	2.52485e-18
59639.951748	-3.3289851724e-15	1	2e-17	2.52485e-18
59639.951759	-7.8816830788e-15	1	2e-17	2.52485e-18
59639.951771	-8.9483813154e-15	1	2e-17	2.52485e-18
59639.951782	-8.6152813738e-15	1	2e-17	2.52485e-18
59639.951794	-8.1679946145e-15	1	2e-17	2.52485e-18
59639.951806	-8.5286680198e-15	1	2e-17	2.52485e-18
59639.951817	-7.9855123775e-15	1	2e-17	2.52485e-18
59639.951829	-9.3550113402e-15	1	2e-17	2.52485e-18
59639.951840	-9.4635060964e-15	1	2e-17	2.52485e-18
59639.951852	-1.2213369761e-14	1	2e-17	2.52485e-18
59639.951863	-1.0134990618e-14	1	2e-17	2.52485e-18
59639.951875	-9.8332224253e-15	1	2e-17	2.52485e-18
59639.951887	-6.7886683755e-15	1	2e-17	2.52485e-18
59639.951898	-7.8897315859e-15	1	2e-17	2.52485e-18
59639.951910	-8.6007352770e-15	1	2e-17	2.52485e-18
59639.951921	-8.9573818875e-15	1	2e-17	2.52485e-18
59639.951933	-9.1553368754e-15	1	2e-17	2.52485e-18
59639.951944	-1.0298142716e-14	1	2e-17	2.52485e-18
59639.951956	-8.1453712116e-15	1	2e-17	2.52485e-18
59639.951968	-1.0479246831e-14	1	2e-17	2.52485e-18
59639.951979	-1.2889806037e-14	1	2e-17	2.52485e-18
59639.951991	-9.6913892994e-15	1	2e-17	2.52485e-18
59639.952002	-9.0395288368e-15	1	2e-17	2.52485e-18
59639.952014	-8.3405996004e-15	1	2e-17	2.52485e-18
59639.952025	-9.0343339838e-15	1	2e-17	2.52485e-18
59639.952037	-8.2690854557e-15	1	2e-17	2.52485e-18
59639.952049	-8.2058019301e-15	1	2e-17	2.52485e-18
59639.952060	-9.0943420329e-15	1	2e-17	2.52485e-18
59639.952072	-8.7330562229e-15	1	2e-17	2.52485e-18
59639.952083	-8.7505584647e-15	1	2e-17	2.52485e-18
59639.952095	-1.2188212035e-14	1	2e-17	2.52485e-18
59639.952106	-1.0932894808e-14	1	2e-17	2.52485e-18
59639.952118	-9.3822485317e-15	1	2e-17	2.52485e-18
59639.952130	-6.4425876540e-15	1	2e-17	2.52485e-18
59639.952141	-8.4216742060e-15	1	2e-17	2.52485e-18
59639.952153	-6.7520926459e-15	1	2e-17	2.52485e-18
59639.952164	-8.3041509257e-15	1	2e-17	2.52485e-18
59639.952176	-1.0114870198e-14	1	2e-17	2.52485e-18
59639.952187	-9.3142072221e-15	1	2e-17	2.52485e-18
59639.952199	-7.6290588904e-15	1	2e-17	2.52485e-18
59639.952211	-8.4260753892e-15	1	2e-17	2.52485e-18
59639.952222	-9.4562156838e-15	1	2e-17	2.52485e-18
59639.952234	-8.4361864215e-15	1	2e-17	2.52485e-18
59639.952245	-7.1620320284e-15	1	2e-17	2.52485e-18
59639.952257	-6.7081477295e-15	1	2e-17	2.52485e-18
59639.952269	-7.1855050054e-15	1	2e-17	2.52485e-18
59639.952280	-8.1675228172e-15	1	2e-17	2.52485e-18
59639.952292	-9.5283634092e-15	1	2e-17	2.52485e-18
59639.952303	-8.9165820045e-15	1	2e-17	2.52485e-18
59639.952315	-1.0353074497e-14	1	2e-17	2.52485e-18
59639.952326	-8.1619722103e-15	1	2e-17	2.52485e-18
59639.952338	-1.1573382159e-14	1	2e-17	2.52485e-18
59639.952350	-1.0079476079e-14	1	2e-17	2.52485e-18
59639.952361	-7.6327223079e-15	1	2e-17	2.52485e-18
59639.952373	-9.1881102742e-15	1	2e-17	2.52485e-18
59639.952384	-1.0674121160e-14	1	2e-17	2.52485e-18
59639.952396	-1.1017878470e-14	1	2e-17	2.52485e-18
59639.952407	-9.0080895149e-15	1	2e-17	2.52485e-18
59639.952419	-9.0274027132e-15	1	2e-17	2.52485e-18
59639.952431	-8.0524220511e-15	1	2e-17	2.52485e-18
59639.952442	-8.6608288764e-15	1	2e-17	2.52485e-18
59639.952454	-7.8784626596e-15	1	2e-17	2.52485e-18
59639.952465	-7.0039375639e-15	1	2e-17	2.52485e-18
59639.952477	-7.0393367649e-15	1	2e-17	2.52485e-18
59639.952488	-9.0927411406e-15	1	2e-17	2.52485e-18
59639.952500	-8.2091629569e-15	1	2e-17	2.52485e-18
59639.952512	-8.6172905359e-15	1	2e-17	2.52485e-18
59639.952523	-6.6049282946e-15	1	2e-17	2.52485e-18
59639.952535	-8.2725235624e-15	1	2e-17	2.52485e-18
59639.952546	-8.9182303307e-15	1	2e-17	2.52485e-18
59639.952558	-1.0382881587e-14	1	2e-17	2.52485e-18
59639.952569	-9.6016385354e-15	1	2e-17	2.52485e-18
59639.952581	-7.0416449296e-15	1	2e-17	2.52485e-18
59639.952593	-7.2718574733e-15	1	2e-17	2.52485e-18
59639.952604	-9.5889355822e-15	1	2e-17	2.52485e-18
59639.952616	-1.0006661739e-14	1	2e-17	2.52485e-18
59639.952650	-1.0709458528e-14	1	2e-17	2.52485e-18
59639.952662	-8.1419695272e-15	1	2e-17	2.52485e-18
59639.952674	-9.0366743358e-15	1	2e-17	2.52485e-18
59639.952685	-8.2348814183e-15	1	2e-17	2.52485e-18
59639.952697	-9.5147566719e-15	1	2e-17	2.52485e-18
59639.952708	-9.0437529901e-15	1	2e-17	2.52485e-18
59639.952720	-8.1315332343e-15	1	2e-17	2.52485e-18
59639.952731	-9.7205890662e-15	1	2e-17	2.52485e-18
59639.952743	-8.1728540426e-15	1	2e-17	2.52485e-18
59639.952755	-8.3895022006e-15	1	2e-17	2.52485e-18
59639.952766	-1.0461666662e-14	1	2e-17	2.52485e-18
59639.952778	-1.2806939110e-14	1	2e-17	2.52485e-18
59639.952789	-1.1273620587e-14	1	2e-17	2.52485e-18
59639.952801	-9.7160032298e-15	1	2e-17	2.52485e-18
59639.952812	-6.9057842330e-15	1	2e-17	2.52485e-18
59639.952824	-8.4102172383e-15	1	2e-17	2.52485e-18
59639.952836	-8.5737081497e-15	1	2e-17	2.52485e-18
59639.952847	-7.4723798180e-15	1	2e-17	2.52485e-18
59639.952859	-8.7213324399e-15	1	2e-17	2.52485e-18
59639.952870	-8.1806272639e-15	1	2e-17	2.52485e-18
59639.952882	-9.2913195448e-15	1	2e-17	2.52485e-18
59639.952894	-9.2095071735e-15	1	2e-17	2.52485e-18
59639.952905	-8.3135834846e-15	1	2e-17	2.52485e-18
59639.952917	-9.9500824789e-15	1	2e-17	2.52485e-18
59639.952928	-1.0501518715e-14	1	2e-17	2.52485e-18
59639.952940	-9.9553916814e-15	1	2e-17	2.52485e-18
59639.952951	-6.7004304123e-15	1	2e-17	2.52485e-18
59639.952963	-9.0770955951e-15	1	2e-17	2.52485e-18
59639.952975	-1.1130580439e-14	1	2e-17	2.52485e-18
59639.952986	-1.1523997597e-14	1	2e-17	2.52485e-18
59639.952998	-1.2768998810e-14	1	2e-17	2.52485e-18
59639.953009	-1.1036528442e-14	1	2e-17	2.52485e-18
59639.953021	-9.6635354680e-15	1	2e-17	2.52485e-18
59639.953032	-9.7395278759e-15	1	2e-17	2.52485e-18
59639.953044	-1.1146364051e-14	1	2e-17	2.52485e-18
59639.953056	-9.4828853632e-15	1	2e-17	2.52485e-18
59639.953067	-6.9198102516e-15	1	2e-17	2.52485e-18
59639.953079	-7.9056795222e-15	1	2e-17	2.52485e-18
59639.953090	-7.8127396791e-15	1	2e-17	2.52485e-18
59639.953102	-7.7869873364e-15	1	2e-17	2.52485e-18
59639.953113	-9.7315445903e-15	1	2e-17	2.52485e-18
59639.953125	-8.4149945042e-15	1	2e-17	2.52485e-18
59639.953137	-8.2108163652e-15	1	2e-17	2.52485e-18
59639.953148	-9.7237188529e-15	1	2e-17	2.52485e-18
59639.953160	-9.5938348208e-15	1	2e-17	2.52485e-18
59639.953171	-1.0317004446e-14	1	2e-17	2.52485e-18
59639.953183	-6.0984220739e-15	1	2e-17	2.52485e-18
59639.953194	-7.1000580157e-15	1	2e-17	2.52485e-18
59639.953206	-7.4919572906e-15	1	2e-17	2.52485e-18
59639.953218	-8.9416821319e-15	1	2e-17	2.52485e-18
59639.953229	-9.7428279162e-15	1	2e-17	2.52485e-18
59639.953241	-8.8310824988e-15	1	2e-17	2.52485e-18
59639.953252	-8.3097803066e-15	1	2e-17	2.52485e-18
59639.953264	-6.7369858132e-15	1	2e-17	2.52485e-18
59639.953275	-8.6402629165e-15	1	2e-17	2.52485e-18
59639.953287	-9.5808811460e-15	1	2e-17	2.52485e-18
59639.953299	-8.5755809395e-15	1	2e-17	2.52485e-18
59639.953310	-8.6380758774e-15	1	2e-17	2.52485e-18
59639.953322	-6.5345754320e-15	1	2e-17	2.52485e-18
59639.953333	-6.7875867145e-15	1	2e-17	2.52485e-18
59639.953345	-8.0261199840e-15	1	2e-17	2.52485e-18
59639.953356	-7.9749744406e-15	1	2e-17	2.52485e-18
59639.953368	-1.1345897061e-14	1	2e-17	2.52485e-18
59639.953380	-1.0401944063e-14	1	2e-17	2.52485e-18
59639.953391	-8.6255372487e-15	1	2e-17	2.52485e-18
59639.953403	-7.6900012169e-15	1	2e-17	2.52485e-18
59639.953414	-8.4299649645e-15	1	2e-17	2.52485e-18
59639.953426	-9.3546801504e-15	1	2e-17	2.52485e-18
59639.953438	-9.1212776806e-15	1	2e-17	2.52485e-18
59639.953449	-9.4374649155e-15	1	2e-17	2.52485e-18
59639.953461	-6.1521866432e-15	1	2e-17	2.52485e-18
59639.953472	-9.3182069116e-15	1	2e-17	2.52485e-18
59639.953484	-7.0549035364e-15	1	2e-17	2.52485e-18
59639.953495	-7.6244755952e-15	1	2e-17	2.52485e-18
59639.953507	-8.9260331982e-15	1	2e-17	2.52485e-18
59639.953519	-4.9879483275e-15	1	2e-17	2.52485e-18
59639.953530	-6.5283404225e-15	1	2e-17	2.52485e-18
59639.953542	-6.7057430030e-15	1	2e-17	2.52485e-18
59639.953553	-8.3194805279e-15	1	2e-17	2.52485e-18
59639.953565	-1.0045101788e-14	1	2e-17	2.52485e-18
59639.953576	-8.6441668913e-15	1	2e-17	2.52485e-18
59639.953588	-6.4186276330e-15	1	2e-17	2.52485e-18
59639.953600	-8.3883468476e-15	1	2e-17	2.52485e-18
59639.953611	-9.5297508491e-15	1	2e-17	2.52485e-18
59639.953623	-8.5167968530e-15	1	2e-17	2.52485e-18
59639.953634	-8.7448054169e-15	1	2e-17	2.52485e-18
59639.953646	-8.3408689569e-15	1	2e-17	2.52485e-18
59639.953657	-7.4725297429e-15	1	2e-17	2.52485e-18
59639.953669	-8.7102693425e-15	1	2e-17	2.52485e-18
59639.953681	-9.6039543234e-15	1	2e-17	2.52485e-18
59639.953692	-8.4268588947e-15	1	2e-17	2.52485e-18
59639.953704	-7.1592563014e-15	1	2e-17	2.52485e-18
59639.953715	-9.2527871690e-15	1	2e-17	2.52485e-18
59639.953727	-1.0738660835e-14	1	2e-17	2.52485e-18
59639.953738	-1.0073173307e-14	1	2e-17	2.52485e-18
59639.953750	-8.6285264280e-15	1	2e-17	2.52485e-18
59639.953762	-8.0813253564e-15	1	2e-17	2.52485e-18
59639.953773	-8.3628968957e-15	1	2e-17	2.52485e-18
59639.953785	-9.9902580986e-15	1	2e-17	2.52485e-18
59639.953796	-9.2936844608e-15	1	2e-17	2.52485e-18
59639.953808	-8.7972486148e-15	1	2e-17	2.52485e-18
59639.953819	-8.6434748654e-15	1	2e-17	2.52485e-18
59639.953831	-7.5124707345e-15	1	2e-17	2.52485e-18
59639.953843	-8.2327020025e-15	1	2e-17	2.52485e-18
59639.953854	-7.2173424328e-15	1	2e-17	2.52485e-18
59639.953866	-8.3321004718e-15	1	2e-17	2.52485e-18
59639.953877	-8.5864949591e-15	1	2e-17	2.52485e-18
59639.953889	-7.8899458852e-15	1	2e-17	2.52485e-18
59639.953900	-9.0292492450e-15	1	2e-17	2.52485e-18
59639.953912	-9.0332506286e-15	1	2e-17	2.52485e-18
59639.953924	-6.7167747601e-15	1	2e-17	2.52485e-18
59639.953935	-8.6348842573e-15	1	2e-17	2.52485e-18
59639.953947	-7.6983453385e-15	1	2e-17	2.52485e-18
59639.953958	-9.4623278736e-15	1	2e-17	2.52485e-18
59639.953970	-7.2918059462e-15	1	2e-17	2.52485e-18
59639.953981	-5.0712159014e-15	1	2e-17	2.52485e-18
59639.953993	-7.3973665802e-15	1	2e-17	2.52485e-18
59639.954005	-8.4965392130e-15	1	2e-17	2.52485e-18
59639.954016	-9.5890600961e-15	1	2e-17	2.52485e-18
59639.954028	-7.5453821996e-15	1	2e-17	2.52485e-18
59639.954039	-8.0751657328e-15	1	2e-17	2.52485e-18
59639.954051	-8.9727275834e-15	1	2e-17	2.52485e-18
59639.954063	-8.5141871445e-15	1	2e-17	2.52485e-18
59639.954074	-7.6333381009e-15	1	2e-17	2.52485e-18
59639.954086	-7.9286696905e-15	1	2e-17	2.52485e-18
59639.954097	-8.4096217742e-15	1	2e-17	2.52485e-18
59639.954109	-8.8742278161e-15	1	2e-17	2.52485e-18
59639.954120	-7.4343861552e-15	1	2e-17	2.52485e-18
59639.954132	-8.8769603444e-15	1	2e-17	2.52485e-18
59639.954144	-8.2649705696e-15	1	2e-17	2.52485e-18
59639.954155	-9.1794383509e-15	1	2e-17	2.52485e-18
59639.954167	-8.5390416323e-15	1	2e-17	2.52485e-18
59639.954178	-9.1409567971e-15	1	2e-17	2.52485e-18
59639.954190	-8.4425722029e-15	1	2e-17	2.52485e-18
59639.954201	-8.4213277695e-15	1	2e-17	2.52485e-18
59639.954213	-1.0791585148e-14	1	2e-17	2.52485e-18
59639.954225	-9.0157382224e-15	1	2e-17	2.52485e-18
59639.954236	-9.6434921273e-15	1	2e-17	2.52485e-18
59639.954248	-8.4588005071e-15	1	2e-17	2.52485e-18
59639.954259	-1.2677572615e-14	1	2e-17	2.52485e-18
59639.954271	-1.2710316367e-14	1	2e-17	2.52485e-18
59639.954282	-1.1035160483e-14	1	2e-17	2.52485e-18
59639.954294	-1.0246943810e-14	1	2e-17	2.52485e-18
59639.954306	-9.9958010822e-15	1	2e-17	2.52485e-18
59639.954317	-1.0052747954e-14	1	2e-17	2.52485e-18
59639.954329	-9.2730033044e-15	1	2e-17	2.52485e-18
59639.954340	-8.1660455917e-15	1	2e-17	2.52485e-18
59639.954352	-9.7719633085e-15	1	2e-17	2.52485e-18
59639.954363	-1.0281179188e-14	1	2e-17	2.52485e-18
59639.954375	-1.0769513163e-14	1	2e-17	2.52485e-18
59639.954387	-9.4637737588e-15	1	2e-17	2.52485e-18
59639.954398	-9.3803579542e-15	1	2e-17	2.52485e-18
59639.954410	-8.9268336443e-15	1	2e-17	2.52485e-18
59639.954421	-7.7031666500e-15	1	2e-17	2.52485e-18
59639.954433	-6.8489423930e-15	1	2e-17	2.52485e-18
59639.954444	-8.1295444009e-15	1	2e-17	2.52485e-18
59639.954456	-7.3048087490e-15	1	2e-17	2.52485e-18
59639.954468	-9.6029997173e-15	1	2e-17	2.52485e-18
59639.954479	-7.5439295381e-15	1	2e-17	2.52485e-18
59639.954491	-9.8734988420e-15	1	2e-17	2.52485e-18
59639.954502	-1.1696082504e-14	1	2e-17	2.52485e-18
59639.954514	-8.5078149156e-15	1	2e-17	2.52485e-18
59639.954525	-9.3653485303e-15	1	2e-17	2.52485e-18
59639.954537	-9.5644360013e-15	1	2e-17	2.52485e-18
59639.954549	-8.7541524255e-15	1	2e-17	2.52485e-18
59639.954560	-9.6220486413e-15	1	2e-17	2.52485e-18
59639.954572	-8.1858805623e-15	1	2e-17	2.52485e-18
59639.954583	-6.9698038302e-15	1	2e-17	2.52485e-18
59639.954595	-5.1185328559e-15	1	2e-17	2.52485e-18
59639.954606	-8.8376597097e-15	1	2e-17	2.52485e-18
59639.954618	-9.0309204410e-15	1	2e-17	2.52485e-18
59639.954630	-7.6688973910e-15	1	2e-17	2.52485e-18
59639.954641	-9.5585889328e-15	1	2e-17	2.52485e-18
59639.954653	-8.7829650982e-15	1	2e-17	2.52485e-18
59639.954664	-6.7233316421e-15	1	2e-17	2.52485e-18
59639.954676	-7.2159727805e-15	1	2e-17	2.52485e-18
59639.954688	-1.1162181544e-14	1	2e-17	2.52485e-18
59639.954699	-8.2390073157e-15	1	2e-17	2.52485e-18
59639.954711	-8.1756755093e-15	1	2e-17	2.52485e-18
59639.954722	-9.0671234762e-15	1	2e-17	2.52485e-18
59639.954734	-1.0432715923e-14	1	2e-17	2.52485e-18
59639.954745	-1.0069102466e-14	1	2e-17	2.52485e-18
59639.954757	-9.7071203953e-15	1	2e-17	2.52485e-18
59639.954769	-7.9735870006e-15	1	2e-17	2.52485e-18
59639.954780	-1.1072264762e-14	1	2e-17	2.52485e-18
59639.954792	-8.9338191250e-15	1	2e-17	2.52485e-18
59639.954803	-7.4859958727e-15	1	2e-17	2.52485e-18
59639.954815	-9.5430221613e-15	1	2e-17	2.52485e-18
59639.954826	-8.2024544559e-15	1	2e-17	2.52485e-18
59639.954838	-9.2733497408e-15	1	2e-17	2.52485e-18
59639.954850	-9.8765701834e-15	1	2e-17	2.52485e-18
59639.954861	-1.1221318843e-14	1	2e-17	2.52485e-18
59639.954873	-9.2431996031e-15	1	2e-17	2.52485e-18
59639.954884	-8.3393841081e-15	1	2e-17	2.52485e-18
59639.954896	-8.3182421658e-15	1	2e-17	2.52485e-18
59639.954907	-8.5592908019e-15	1	2e-17	2.52485e-18
59639.954919	-9.2435951675e-15	1	2e-17	2.52485e-18
59639.954931	-9.0591545902e-15	1	2e-17	2.52485e-18
59639.954942	-9.1470842334e-15	1	2e-17	2.52485e-18
59639.954954	-1.0091336234e-14	1	2e-17	2.52485e-18
59639.954965	-9.5717907884e-15	1	2e-17	2.52485e-18
59639.954977	-7.4344344361e-15	1	2e-17	2.52485e-18
59639.954988	-6.2199467378e-15	1	2e-17	2.52485e-18
59639.955000	-9.0679705091e-15	1	2e-17	2.52485e-18
59639.955012	-6.6138162113e-15	1	2e-17	2.52485e-18
59639.955023	-7.3234053573e-15	1	2e-17	2.52485e-18
59639.955035	-9.9461242939e-15	1	2e-17	2.52485e-18
59639.955046	-1.0072061153e-14	1	2e-17	2.52485e-18
59639.955058	-7.2643849486e-15	1	2e-17	2.52485e-18
59639.955069	-5.1329840850e-15	1	2e-17	2.52485e-18
59639.955081	-6.9278062426e-15	1	2e-17	2.52485e-18
59639.955093	-8.4741622966e-15	1	2e-17	2.52485e-18
59639.955104	-7.0010339350e-15	1	2e-17	2.52485e-18
59639.955116	-8.0566665332e-15	1	2e-17	2.52485e-18
59639.955127	-8.0068457493e-15	1	2e-17	2.52485e-18
59639.955139	-7.4636037097e-15	1	2e-17	2.52485e-18
59639.955150	-7.0664545247e-15	1	2e-17	2.52485e-18
59639.955162	-5.6364003295e-15	1	2e-17	2.52485e-18
59639.955174	-7.6022934963e-15	1	2e-17	2.52485e-18
59639.955185	-7.3876722882e-15	1	2e-17	2.52485e-18
59639.955197	-6.5766814398e-15	1	2e-17	2.52485e-18
59639.955208	-8.3582195798e-15	1	2e-17	2.52485e-18
59639.955220	-7.3479091735e-15	1	2e-17	2.52485e-18
59639.955231	-8.6468926434e-15	1	2e-17	2.52485e-18
59639.955243	-8.4328076070e-15	1	2e-17	2.52485e-18
59639.955255	-1.0954439938e-14	1	2e-17	2.52485e-18
59639.955266	-9.0734381068e-15	1	2e-17	2.52485e-18
59639.955278	-7.0393799635e-15	1	2e-17	2.52485e-18
59639.955289	-7.8677663275e-15	1	2e-17	2.52485e-18
59639.955301	-8.6223828980e-15	1	2e-17	2.52485e-18
59639.955312	-1.0311232764e-14	1	2e-17	2.52485e-18
59639.955324	-8.0305618248e-15	1	2e-17	2.52485e-18
59639.955336	-7.6564265250e-15	1	2e-17	2.52485e-18
59639.955347	-7.2151113480e-15	1	2e-17	2.52485e-18
59639.955359	-8.3871898006e-15	1	2e-17	2.52485e-18
59639.955370	-7.8761121431e-15	1	2e-17	2.52485e-18
59639.955382	-9.1332665850e-15	1	2e-17	2.52485e-18
59639.955394	-6.6256966954e-15	1	2e-17	2.52485e-18
59639.955405	-5.2533542430e-15	1	2e-17	2.52485e-18
59639.955417	-5.7107418702e-15	1	2e-17	2.52485e-18
59639.955428	-8.1923840812e-15	1	2e-17	2.52485e-18
59639.955440	-1.0138461759e-14	1	2e-17	2.52485e-18
59639.955451	-1.1631756281e-14	1	2e-17	2.52485e-18
59639.955463	-1.3190975378e-14	1	2e-17	2.52485e-18
59639.955475	-1.0992099022e-14	1	2e-17	2.52485e-18
59639.955486	-7.3116620926e-15	1	2e-17	2.52485e-18
59639.955498	-5.8331906471e-15	1	2e-17	2.52485e-18
59639.955509	-6.9226393416e-15	1	2e-17	2.52485e-18
59639.955521	-9.1387951690e-15	1	2e-17	2.52485e-18
59639.955532	-9.1250351188e-15	1	2e-17	2.52485e-18
59639.955544	-8.4658808555e-15	1	2e-17	2.52485e-18
59639.955556	-8.4938829177e-15	1	2e-17	2.52485e-18
59639.955567	-8.9476393146e-15	1	2e-17	2.52485e-18
59639.955579	-9.0642477993e-15	1	2e-17	2.52485e-18
59639.955590	-9.4534077696e-15	1	2e-17	2.52485e-18
59639.955602	-7.8533803199e-15	1	2e-17	2.52485e-18
59639.955613	-6.8684097513e-15	1	2e-17	2.52485e-18
59639.955625	-8.9676868904e-15	1	2e-17	2.52485e-18
59639.955637	-9.4971612565e-15	1	2e-17	2.52485e-18
59639.955648	-1.1220969866e-14	1	2e-17	2.52485e-18
59639.955660	-1.2047825641e-14	1	2e-17	2.52485e-18
59639.955671	-1.0953106708e-14	1	2e-17	2.52485e-18
59639.955683	-1.1486979716e-14	1	2e-17	2.52485e-18
59639.955694	-9.7240076912e-15	1	2e-17	2.52485e-18
59639.955706	-9.1725697608e-15	1	2e-17	2.52485e-18
59639.955718	-1.1808440578e-14	1	2e-17	2.52485e-18
59639.955729	-1.0552510099e-14	1	2e-17	2.52485e-18
59639.955741	-1.0892216897e-14	1	2e-17	2.52485e-18
59639.955752	-9.5349778894e-15	1	2e-17	2.52485e-18
59639.955764	-7.2452784264e-15	1	2e-17	2.52485e-18
59639.955775	-7.6279399599e-15	1	2e-17	2.52485e-18
59639.955787	-8.9252649393e-15	1	2e-17	2.52485e-18
59639.955799	-8.8056757456e-15	1	2e-17	2.52485e-18
59639.955810	-8.7243250073e-15	1	2e-17	2.52485e-18
59639.955822	-1.1533057461e-14	1	2e-17	2.52485e-18
59639.955833	-1.1593256093e-14	1	2e-17	2.52485e-18
59639.955845	-9.4256970867e-15	1	2e-17	2.52485e-18
59639.955856	-1.0620427741e-14	1	2e-17	2.52485e-18
59639.955868	-1.0158860007e-14	1	2e-17	2.52485e-18
59639.955880	-9.1033409109e-15	1	2e-17	2.52485e-18
59639.955891	-9.8885031836e-15	1	2e-17	2.52485e-18
59639.955903	-9.3096984657e-15	1	2e-17	2.52485e-18
59639.955914	-1.0561212515e-14	1	2e-17	2.52485e-18
59639.955926	-8.8552153145e-15	1	2e-17	2.52485e-18
59639.955937	-8.5156702992e-15	1	2e-17	2.52485e-18
59639.955949	-9.2308947554e-15	1	2e-17	2.52485e-18
59639.955961	-1.0805619637e-14	1	2e-17	2.52485e-18
59639.955972	-1.2218156344e-14	1	2e-17	2.52485e-18
59639.955984	-7.9807257943e-15	1	2e-17	2.52485e-18
59639.955995	-8.0251204851e-15	1	2e-17	2.52485e-18
59639.956007	-7.2167046170e-15	1	2e-17	2.52485e-18
59639.956019	-7.6547189065e-15	1	2e-17	2.52485e-18
59639.956030	-8.1848082186e-15	1	2e-17	2.52485e-18
59639.956042	-7.6909431176e-15	1	2e-17	2.52485e-18
59639.956053	-8.0654375594e-15	1	2e-17	2.52485e-18
59639.956065	-7.7881816529e-15	1	2e-17	2.52485e-18
59639.956076	-9.2712694279e-15	1	2e-17	2.52485e-18
59639.956088	-7.9921234696e-15	1	2e-17	2.52485e-18
59639.956100	-7.2382497470e-15	1	2e-17	2.52485e-18
59639.956111	-7.3905589764e-15	1	2e-17	2.52485e-18
59639.956123	-6.8803291989e-15	1	2e-17	2.52485e-18
59639.956134	-7.3679745370e-15	1	2e-17	2.52485e-18
59639.956146	-7.4196198298e-15	1	2e-17	2.52485e-18
59639.956157	-8.1044036160e-15	1	2e-17	2.52485e-18
59639.956169	-8.1894923107e-15	1	2e-17	2.52485e-18
59639.956181	-7.8812697267e-15	1	2e-17	2.52485e-18
59639.956192	-5.9546560188e-15	1	2e-17	2.52485e-18
59639.956204	-8.3480373967e-15	1	2e-17	2.52485e-18
59639.956215	-7.9752319386e-15	1	2e-17	2.52485e-18
59639.956227	-4.3341227485e-15	1	2e-17	2.52485e-18
59639.956238	-5.8327654365e-15	1	2e-17	2.52485e-18
59639.956250	-7.2060565658e-15	1	2e-17	2.52485e-18
59639.956262	-7.8856031473e-15	1	2e-17	2.52485e-18
59639.956273	-8.5831042862e-15	1	2e-17	2.52485e-18
59639.956285	-1.0088747702e-14	1	2e-17	2.52485e-18
59639.956296	-9.1188289084e-15	1	2e-17	2.52485e-18
59639.956308	-8.6978611569e-15	1	2e-17	2.52485e-18
59639.956319	-9.5098811502e-15	1	2e-17	2.52485e-18
59639.956331	-9.9470255370e-15	1	2e-17	2.52485e-18
59639.956343	-9.2228318488e-15	1	2e-17	2.52485e-18
59639.956354	-6.6705462429e-15	1	2e-17	2.52485e-18
59639.956366	-1.0383328820e-14	1	2e-17	2.52485e-18
59639.956377	-1.0188596792e-14	1	2e-17	2.52485e-18
59639.956389	-1.0243302415e-14	1	2e-17	2.52485e-18
59639.956400	-9.2417240717e-15	1	2e-17	2.52485e-18
59639.956412	-7.0358359777e-15	1	2e-17	2.52485e-18
59639.956424	-1.0067659122e-14	1	2e-17	2.52485e-18
59639.956435	-7.1302403408e-15	1	2e-17	2.52485e-18
59639.956447	-6.8390668359e-15	1	2e-17	2.52485e-18
59639.956458	-1.0374491725e-14	1	2e-17	2.52485e-18
59639.956470	-9.8080477591e-15	1	2e-17	2.52485e-18
59639.956481	-9.5538989114e-15	1	2e-17	2.52485e-18
59639.956493	-8.3366337921e-15	1	2e-17	2.52485e-18
59639.956505	-9.1023515765e-15	1	2e-17	2.52485e-18
59639.956516	-8.6594363543e-15	1	2e-17	2.52485e-18
59639.956528	-1.0575191947e-14	1	2e-17	2.52485e-18
59639.956539	-8.7329511908e-15	1	2e-17	2.52485e-18
59639.956551	-9.3868225096e-15	1	2e-17	2.52485e-18
59639.956562	-1.1364087094e-14	1	2e-17	2.52485e-18
59639.956574	-7.6020656445e-15	1	2e-17	2.52485e-18
59639.956586	-8.7512225385e-15	1	2e-17	2.52485e-18
59639.956597	-8.0950633837e-15	1	2e-17	2.52485e-18
59639.956609	-6.7100569418e-15	1	2e-17	2.52485e-18
59639.956620	-9.0459027598e-15	1	2e-17	2.52485e-18
59639.956632	-1.0258354191e-14	1	2e-17	2.52485e-18
59639.956644	-8.1178299353e-15	1	2e-17	2.52485e-18
59639.956655	-7.6142790125e-15	1	2e-17	2.52485e-18
59639.956667	-6.9271743560e-15	1	2e-17	2.52485e-18
59639.956678	-1.0906530060e-14	1	2e-17	2.52485e-18
59639.956690	-9.5402091649e-15	1	2e-17	2.52485e-18
59639.956701	-8.6223566400e-15	1	2e-17	2.52485e-18
59639.956713	-9.3996762346e-15	1	2e-17	2.52485e-18
59639.956725	-7.6570287654e-15	1	2e-17	2.52485e-18
59639.956736	-6.1591958408e-15	1	2e-17	2.52485e-18
59639.956748	-6.8684453267e-15	1	2e-17	2.52485e-18
59639.956759	-9.1952405976e-15	1	2e-17	2.52485e-18
59639.956771	-8.8913717629e-15	1	2e-17	2.52485e-18
59639.956782	-1.1287224783e-14	1	2e-17	2.52485e-18
59639.956794	-8.2212899276e-15	1	2e-17	2.52485e-18
59639.956806	-5.0640932013e-15	1	2e-17	2.52485e-18
59639.956817	-8.2161137092e-15	1	2e-17	2.52485e-18
59639.956829	-7.7672345281e-15	1	2e-17	2.52485e-18
59639.956840	-9.8945975857e-15	1	2e-17	2.52485e-18
59639.956852	-7.7411086439e-15	1	2e-17	2.52485e-18
59639.956863	-7.7274934363e-15	1	2e-17	2.52485e-18
59639.956875	-8.1792957281e-15	1	2e-17	2.52485e-18
59639.956887	-8.4268360248e-15	1	2e-17	2.52485e-18
59639.956898	-8.3555370264e-15	1	2e-17	2.52485e-18
59639.956910	-8.5153221686e-15	1	2e-17	2.52485e-18
59639.956921	-8.5304120606e-15	1	2e-17	2.52485e-18
59639.956933	-8.2662970232e-15	1	2e-17	2.52485e-18
59639.956944	-8.0311716885e-15	1	2e-17	2.52485e-18
59639.956956	-7.3479786302e-15	1	2e-17	2.52485e-18
59639.956968	-6.4116463874e-15	1	2e-17	2.52485e-18
59639.956979	-7.1407105150e-15	1	2e-17	2.52485e-18
59639.956991	-7.0493114248e-15	1	2e-17	2.52485e-18
59639.957002	-6.7247766803e-15	1	2e-17	2.52485e-18
59639.957014	-9.4559361629e-15	1	2e-17	2.52485e-18
59639.957025	-7.4240896227e-15	1	2e-17	2.52485e-18
59639.957037	-9.0003018940e-15	1	2e-17	2.52485e-18
59639.957049	-9.7326254044e-15	1	2e-17	2.52485e-18
59639.957060	-8.7474811940e-15	1	2e-17	2.52485e-18
59639.957072	-7.9611999908e-15	1	2e-17	2.52485e-18
59639.957083	-7.7858116547e-15	1	2e-17	2.52485e-18
59639.957095	-7.8183114618e-15	1	2e-17	2.52485e-18
59639.957106	-7.7555598730e-15	1	2e-17	2.52485e-18
59639.957118	-6.7522061483e-15	1	2e-17	2.52485e-18
59639.957130	-8.0414504333e-15	1	2e-17	2.52485e-18
59639.957141	-6.4493622235e-15	1	2e-17	2.52485e-18
59639.957153	-6.8943560645e-15	1	2e-17	2.52485e-18
59639.957164	-1.0991473912e-14	1	2e-17	2.52485e-18
59639.957176	-7.3022727323e-15	1	2e-17	2.52485e-18
59639.957187	-9.1139211995e-15	1	2e-17	2.52485e-18
59639.957199	-8.0611600430e-15	1	2e-17	2.52485e-18
59639.957211	-8.1495513192e-15	1	2e-17	2.52485e-18
59639.957222	-8.0724416748e-15	1	2e-17	2.52485e-18
59639.957234	-8.5428168581e-15	1	2e-17	2.52485e-18
59639.957245	-9.0863367245e-15	1	2e-17	2.52485e-18
59639.957257	-8.1188091054e-15	1	2e-17	2.52485e-18
59639.957269	-8.4808851971e-15	1	2e-17	2.52485e-18
59639.957280	-8.2529613365e-15	1	2e-17	2.52485e-18
59639.957292	-1.0664412468e-14	1	2e-17	2.52485e-18
59639.957303	-7.7339097108e-15	1	2e-17	2.52485e-18
59639.957315	-1.0449340639e-14	1	2e-17	2.52485e-18
59639.957326	-8.7787570385e-15	1	2e-17	2.52485e-18
59639.957338	-9.2686825893e-15	1	2e-17	2.52485e-18
59639.957350	-8.2818925939e-15	1	2e-17	2.52485e-18
59639.957361	-5.9366116759e-15	1	2e-17	2.52485e-18
59639.957373	-5.3880096118e-15	1	2e-17	2.52485e-18
59639.957384	-7.3655943744e-15	1	2e-17	2.52485e-18
59639.957396	-7.2583650855e-15	1	2e-17	2.52485e-18
59639.957407	-6.3494479111e-15	1	2e-17	2.52485e-18
59639.957419	-9.1141321107e-15	1	2e-17	2.52485e-18
59639.957431	-9.5233371156e-15	1	2e-17	2.52485e-18
59639.957442	-9.0187680593e-15	1	2e-17	2.52485e-18
59639.957454	-8.6038235591e-15	1	2e-17	2.52485e-18
59639.957465	-7.4326412673e-15	1	2e-17	2.52485e-18
59639.957477	-6.8063061426e-15	1	2e-17	2.52485e-18
59639.957488	-7.0935773667e-15	1	2e-17	2.52485e-18
59639.957500	-6.6295921999e-15	1	2e-17	2.52485e-18
59639.957512	-7.9041506277e-15	1	2e-17	2.52485e-18
59639.957523	-7.9347276701e-15	1	2e-17	2.52485e-18
59639.957535	-9.6605869463e-15	1	2e-17	2.52485e-18
59639.957546	-8.9942566199e-15	1	2e-17	2.52485e-18
59639.957558	-9.3918750611e-15	1	2e-17	2.52485e-18
59639.957569	-8.8785874947e-15	1	2e-17	2.52485e-18
59639.957581	-9.2252713037e-15	1	2e-17	2.52485e-18
59639.957593	-8.2595368533e-15	1	2e-17	2.52485e-18
59639.957604	-1.0248739520e-14	1	2e-17	2.52485e-18
59639.957616	-9.0960496513e-15	1	2e-17	2.52485e-18
59639.957627	-9.9887986608e-15	1	2e-17	2.52485e-18
59639.957639	-1.0203284344e-14	1	2e-17	2.52485e-18
59639.957650	-9.3619553163e-15	1	2e-17	2.52485e-18
59639.957662	-1.0116175475e-14	1	2e-17	2.52485e-18
59639.957674	-9.9174488405e-15	1	2e-17	2.52485e-18
59639.957685	-1.0852649447e-14	1	2e-17	2.52485e-18
59639.957697	-1.0848762413e-14	1	2e-17	2.52485e-18
59639.957708	-5.8389377656e-15	1	2e-17	2.52485e-18
59639.957720	-8.5074481504e-15	1	2e-17	2.52485e-18
59639.957731	-1.0107772062e-14	1	2e-17	2.52485e-18
59639.957743	-1.2318262933e-14	1	2e-17	2.52485e-18
59639.957755	-1.0857333539e-14	1	2e-17	2.52485e-18
59639.957766	-9.4944338104e-15	1	2e-17	2.52485e-18
59639.957778	-9.9107835382e-15	1	2e-17	2.52485e-18
59639.957789	-7.5715724584e-15	1	2e-17	2.52485e-18
59639.957801	-8.3090942099e-15	1	2e-17	2.52485e-18
59639.957812	-1.1473561867e-14	1	2e-17	2.52485e-18
59639.957824	-1.2780264348e-14	1	2e-17	2.52485e-18
59639.957836	-1.2621922550e-14	1	2e-17	2.52485e-18
59639.957847	-1.0096536170e-14	1	2e-17	2.52485e-18
59639.957859	-8.4693291266e-15	1	2e-17	2.52485e-18
59639.957870	-8.8503677450e-15	1	2e-17	2.52485e-18
59639.957882	-8.2396917184e-15	1	2e-17	2.52485e-18
59639.957894	-9.2955809676e-15	1	2e-17	2.52485e-18
59639.957905	-8.6628261801e-15	1	2e-17	2.52485e-18
59639.957917	-7.0899681593e-15	1	2e-17	2.52485e-18
59639.957928	-6.7286654086e-15	1	2e-17	2.52485e-18
59639.957940	-9.2599090220e-15	1	2e-17	2.52485e-18
59639.957951	-8.7634096486e-15	1	2e-17	2.52485e-18
59639.957963	-7.4188126074e-15	1	2e-17	2.52485e-18
59639.957975	-8.2094611125e-15	1	2e-17	2.52485e-18
59639.957986	-6.7047841617e-15	1	2e-17	2.52485e-18
59639.957998	-6.7640087054e-15	1	2e-17	2.52485e-18
59639.958009	-8.8180136275e-15	1	2e-17	2.52485e-18
59639.958021	-9.7856488199e-15	1	2e-17	2.52485e-18
59639.958032	-9.4147805261e-15	1	2e-17	2.52485e-18
59639.958044	-8.5364810517e-15	1	2e-17	2.52485e-18
59639.958056	-7.9362658819e-15	1	2e-17	2.52485e-18
59639.958067	-7.9427312844e-15	1	2e-17	2.52485e-18
59639.958079	-7.2118341775e-15	1	2e-17	2.52485e-18
59639.958090	-6.4405827270e-15	1	2e-17	2.52485e-18
59639.958102	-6.7935921781e-15	1	2e-17	2.52485e-18
59639.958113	-9.5581891333e-15	1	2e-17	2.52485e-18
59639.958125	-9.2008208507e-15	1	2e-17	2.52485e-18
59639.958137	-6.8409201440e-15	1	2e-17	2.52485e-18
59639.958148	-6.7505781509e-15	1	2e-17	2.52485e-18
59639.958160	-1.0081334469e-14	1	2e-17	2.52485e-18
59639.958171	-7.8551421484e-15	1	2e-17	2.52485e-18
59639.958183	-7.5374861585e-15	1	2e-17	2.52485e-18
59639.958194	-8.3695427162e-15	1	2e-17	2.52485e-18
59639.958206	-9.5407986999e-15	1	2e-17	2.52485e-18
59639.958218	-7.0848351396e-15	1	2e-17	2.52485e-18
59639.958229	-9.0709622295e-15	1	2e-17	2.52485e-18
59639.958241	-8.5493136008e-15	1	2e-17	2.52485e-18
59639.958252	-9.6372884580e-15	1	2e-17	2.52485e-18
59639.958264	-8.4576460012e-15	1	2e-17	2.52485e-18
59639.958275	-7.5644777104e-15	1	2e-17	2.52485e-18
59639.958287	-9.8640044497e-15	1	2e-17	2.52485e-18
59639.958299	-6.0762501394e-15	1	2e-17	2.52485e-18
59639.958310	-8.5346345198e-15	1	2e-17	2.52485e-18
59639.958322	-7.9687817827e-15	1	2e-17	2.52485e-18
59639.958333	-8.0340990344e-15	1	2e-17	2.52485e-18
59639.958345	-8.6328742481e-15	1	2e-17	2.52485e-18
59639.958356	-9.1255009869e-15	1	2e-17	2.52485e-18
59639.958368	-9.4681359785e-15	1	2e-17	2.52485e-18
59639.958380	-9.1876833696e-15	1	2e-17	2.52485e-18
59639.958391	-1.0174907046e-14	1	2e-17	2.52485e-18
59639.958403	-8.6932033227e-15	1	2e-17	2.52485e-18
59639.958414	-7.2769684701e-15	1	2e-17	2.52485e-18
59639.958426	-8.1543836421e-15	1	2e-17	2.52485e-18
59639.958437	-8.1742423296e-15	1	2e-17	2.52485e-18
59639.958449	-8.3746240669e-15	1	2e-17	2.52485e-18
59639.958461	-8.5519521084e-15	1	2e-17	2.52485e-18
59639.958472	-8.9431932386e-15	1	2e-17	2.52485e-18
59639.958484	-8.7852232880e-15	1	2e-17	2.52485e-18
59639.958495	-1.0539698725e-14	1	2e-17	2.52485e-18
59639.958507	-1.3620980971e-14	1	2e-17	2.52485e-18
59639.958519	-1.3312620320e-14	1	2e-17	2.52485e-18
59639.958530	-1.2777221806e-14	1	2e-17	2.52485e-18
59639.958542	-9.2411048906e-15	1	2e-17	2.52485e-18
59639.958553	-8.0001313191e-15	1	2e-17	2.52485e-18
59639.958565	-9.0816966780e-15	1	2e-17	2.52485e-18
59639.958576	-1.0928390286e-14	1	2e-17	2.52485e-18
59639.958588	-9.1255416445e-15	1	2e-17	2.52485e-18
59639.958600	-8.3742564546e-15	1	2e-17	2.52485e-18
59639.958611	-9.1034374727e-15	1	2e-17	2.52485e-18
59639.958623	-1.1214911886e-14	1	2e-17	2.52485e-18
59639.958634	-9.7281666230e-15	1	2e-17	2.52485e-18
59639.958646	-9.2420637319e-15	1	2e-17	2.52485e-18
59639.958657	-7.9979315746e-15	1	2e-17	2.52485e-18
59639.958669	-9.0271697791e-15	1	2e-17	2.52485e-18
59639.958681	-7.8202164389e-15	1	2e-17	2.52485e-18
59639.958692	-1.2232771050e-14	1	2e-17	2.52485e-18
59639.958704	-8.5259219389e-15	1	2e-17	2.52485e-18
59639.958715	-6.4447035423e-15	1	2e-17	2.52485e-18
59639.958727	-7.4680557148e-15	1	2e-17	2.52485e-18
59639.958738	-8.9292612407e-15	1	2e-17	2.52485e-18
59639.958750	-9.9635680904e-15	1	2e-17	2.52485e-18
59639.958762	-8.6906681531e-15	1	2e-17	2.52485e-18
59639.958773	-1.0384821292e-14	1	2e-17	2.52485e-18
59639.958785	-1.3172579516e-14	1	2e-17	2.52485e-18
59639.958796	-9.2210056458e-15	1	2e-17	2.52485e-18
59639.958808	-9.3881328696e-15	1	2e-17	2.52485e-18
59639.958819	-8.7464122384e-15	1	2e-17	2.52485e-18
59639.958831	-9.6081801708e-15	1	2e-17	2.52485e-18
59639.958843	-1.0127584162e-14	1	2e-17	2.52485e-18
59639.958854	-8.4350344567e-15	1	2e-17	2.52485e-18
59639.958866	-1.1266996789e-14	1	2e-17	2.52485e-18
59639.958877	-1.0241348310e-14	1	2e-17	2.52485e-18
59639.958889	-1.0343031227e-14	1	2e-17	2.52485e-18
59639.958900	-9.8517368715e-15	1	2e-17	2.52485e-18
59639.958912	-9.3904630572e-15	1	2e-17	2.52485e-18
59639.958924	-8.1481867491e-15	1	2e-17	2.52485e-18
59639.958935	-8.6269162183e-15	1	2e-17	2.52485e-18
59639.958947	-1.2160938421e-14	1	2e-17	2.52485e-18
59639.958958	-1.1824535898e-14	1	2e-17	2.52485e-18
59639.958970	-1.2681732394e-14	1	2e-17	2.52485e-18
59639.958981	-1.2048158525e-14	1	2e-17	2.52485e-18
59639.958993	-1.2108780673e-14	1	2e-17	2.52485e-18
59639.959005	-1.1667041980e-14	1	2e-17	2.52485e-18
59639.959016	-1.0889830805e-14	1	2e-17	2.52485e-18
59639.959028	-9.4808084384e-15	1	2e-17	2.52485e-18
59639.959039	-9.3046501493e-15	1	2e-17	2.52485e-18
59639.959051	-7.2488029305e-15	1	2e-17	2.52485e-18
59639.959062	-7.7395645028e-15	1	2e-17	2.52485e-18
59639.959074	-9.6973244593e-15	1	2e-17	2.52485e-18
59639.959086	-7.9242066739e-15	1	2e-17	2.52485e-18
59639.959097	-5.6363876240e-15	1	2e-17	2.52485e-18
59639.959109	-9.3052286728e-15	1	2e-17	2.52485e-18
59639.959120	-8.5548210090e-15	1	2e-17	2.52485e-18
59639.959132	-8.9172799597e-15	1	2e-17	2.52485e-18
59639.959144	-1.2584166056e-14	1	2e-17	2.52485e-18
59639.959155	-9.1784252995e-15	1	2e-17	2.52485e-18
59639.959167	-9.3980211322e-15	1	2e-17	2.52485e-18
59639.959178	-1.1441646513e-14	1	2e-17	2.52485e-18
59639.959190	-9.8858900870e-15	1	2e-17	2.52485e-18
59639.959201	-9.3551350070e-15	1	2e-17	2.52485e-18
59639.959213	-1.0271046132e-14	1	2e-17	2.52485e-18
59639.959225	-1.0063222364e-14	1	2e-17	2.52485e-18
59639.959236	-7.1646874767e-15	1	2e-17	2.52485e-18
59639.959248	-6.8590288614e-15	1	2e-17	2.52485e-18
59639.959259	-6.5621446604e-15	1	2e-17	2.52485e-18
59639.959271	-7.0441089485e-15	1	2e-17	2.52485e-18
59639.959282	-6.9768604617e-15	1	2e-17	2.52485e-18
59639.959363	-1.0098603777e-14	1	2e-17	2.52485e-18
59639.959375	-5.5946983564e-15	1	2e-17	2.52485e-18
59639.959387	-5.2846089118e-15	1	2e-17	2.52485e-18
59639.959398	-8.2033184295e-15	1	2e-17	2.52485e-18
59639.959410	-1.0156127478e-14	1	2e-17	2.52485e-18
59639.959421	-1.0627737636e-14	1	2e-17	2.52485e-18
59639.959433	-7.1369471476e-15	1	2e-17	2.52485e-18
59639.959444	-7.4286102375e-15	1	2e-17	2.52485e-18
59639.959456	-7.4104108876e-15	1	2e-17	2.52485e-18
59639.959468	-8.1435738076e-15	1	2e-17	2.52485e-18
59639.959479	-6.9902046188e-15	1	2e-17	2.52485e-18
59639.959491	-8.3824379458e-15	1	2e-17	2.52485e-18
59639.959502	-8.5088533780e-15	1	2e-17	2.52485e-18
59639.959514	-7.2052586608e-15	1	2e-17	2.52485e-18
59639.959525	-9.3019193151e-15	1	2e-17	2.52485e-18
59639.959537	-8.9253471015e-15	1	2e-17	2.52485e-18
59639.959549	-9.6869745637e-15	1	2e-17	2.52485e-18
59639.959560	-9.4399136877e-15	1	2e-17	2.52485e-18
59639.959572	-7.6168692393e-15	1	2e-17	2.52485e-18
59639.959583	-6.3382060898e-15	1	2e-17	2.52485e-18
59639.959595	-5.0498935410e-15	1	2e-17	2.52485e-18
59639.959606	-6.2375108130e-15	1	2e-17	2.52485e-18
59639.959618	-9.0053646099e-15	1	2e-17	2.52485e-18
59639.959630	-6.4677631672e-15	1	2e-17	2.52485e-18
59639.959641	-8.1829066296e-15	1	2e-17	2.52485e-18
59639.959653	-8.0158319218e-15	1	2e-17	2.52485e-18
59639.959664	-6.5911445274e-15	1	2e-17	2.52485e-18
59639.959676	-9.3333213676e-15	1	2e-17	2.52485e-18
59639.959687	-7.5340472047e-15	1	2e-17	2.52485e-18
59639.959699	-8.9946996181e-15	1	2e-17	2.52485e-18
59639.959711	-7.1415041849e-15	1	2e-17	2.52485e-18
59639.959722	-9.7968796297e-15	1	2e-17	2.52485e-18
59639.959734	-9.0215835968e-15	1	2e-17	2.52485e-18
59639.959745	-8.9829004491e-15	1	2e-17	2.52485e-18
59639.959757	-9.5764045768e-15	1	2e-17	2.52485e-18
59639.959769	-8.9514738327e-15	1	2e-17	2.52485e-18
59639.959780	-9.1186510315e-15	1	2e-17	2.52485e-18
59639.959792	-9.0351479824e-15	1	2e-17	2.52485e-18
59639.959803	-1.1008890604e-14	1	2e-17	2.52485e-18
59639.959815	-1.0404286956e-14	1	2e-17	2.52485e-18
59639.959826	-8.5684065705e-15	1	2e-17	2.52485e-18
59639.959838	-8.9997309938e-15	1	2e-17	2.52485e-18
59639.959850	-8.9075018113e-15	1	2e-17	2.52485e-18
59639.959861	-1.0582456948e-14	1	2e-17	2.52485e-18
59639.959873	-9.0716034334e-15	1	2e-17	2.52485e-18
59639.959884	-8.5676552522e-15	1	2e-17	2.52485e-18
59639.959896	-7.5171683792e-15	1	2e-17	2.52485e-18
59639.959907	-7.7287631387e-15	1	2e-17	2.52485e-18
59639.959919	-8.9407461605e-15	1	2e-17	2.52485e-18
59639.959931	-4.9080519447e-15	1	2e-17	2.52485e-18
59639.959942	-7.4813812372e-15	1	2e-17	2.52485e-18
59639.959954	-7.9751455412e-15	1	2e-17	2.52485e-18
59639.959965	-6.5397973901e-15	1	2e-17	2.52485e-18
59639.959977	-7.3283935344e-15	1	2e-17	2.52485e-18
59639.959988	-9.5110585260e-15	1	2e-17	2.52485e-18
59639.960000	-1.1708180676e-14	1	2e-17	2.52485e-18
59639.960012	-9.5118301731e-15	1	2e-17	2.52485e-18
59639.960023	-9.5862394764e-15	1	2e-17	2.52485e-18
59639.960035	-9.1140296197e-15	1	2e-17	2.52485e-18
59639.960046	-9.9793017274e-15	1	2e-17	2.52485e-18
59639.960058	-1.0694083185e-14	1	2e-17	2.52485e-18
59639.960069	-8.9500762284e-15	1	2e-17	2.52485e-18
59639.960081	-8.1711083077e-15	1	2e-17	2.52485e-18
59639.960093	-6.9195036257e-15	1	2e-17	2.52485e-18
59639.960104	-6.6332759462e-15	1	2e-17	2.52485e-18
59639.960116	-5.2740074474e-15	1	2e-17	2.52485e-18
59639.960127	-8.3571785763e-15	1	2e-17	2.52485e-18
59639.960139	-8.0462200759e-15	1	2e-17	2.52485e-18
59639.960150	-8.6349520199e-15	1	2e-17	2.52485e-18
59639.960162	-8.9416668853e-15	1	2e-17	2.52485e-18
59639.960174	-7.4849802802e-15	1	2e-17	2.52485e-18
59639.960185	-9.0627536332e-15	1	2e-17	2.52485e-18
59639.960197	-1.0391069007e-14	1	2e-17	2.52485e-18
59639.960208	-9.8466157103e-15	1	2e-17	2.52485e-18
59639.960220	-8.7958179762e-15	1	2e-17	2.52485e-18
59639.960231	-8.3631560878e-15	1	2e-17	2.52485e-18
59639.960243	-9.0834195431e-15	1	2e-17	2.52485e-18
59639.960255	-9.5714104706e-15	1	2e-17	2.52485e-18
59639.960266	-3.8134558310e-15	1	2e-17	2.52485e-18
59639.960278	-8.7137269310e-15	1	2e-17	2.52485e-18
59639.960289	-8.7145722699e-15	1	2e-17	2.52485e-18
59639.960301	-6.8897431231e-15	1	2e-17	2.52485e-18
59639.960312	-8.4056593541e-15	1	2e-17	2.52485e-18
59639.960324	-9.3124521698e-15	1	2e-17	2.52485e-18
59639.960336	-8.9061075951e-15	1	2e-17	2.52485e-18
59639.960347	-7.0235463767e-15	1	2e-17	2.52485e-18
59639.960359	-1.0307856490e-14	1	2e-17	2.52485e-18
59639.960370	-9.1467284796e-15	1	2e-17	2.52485e-18
59639.960382	-9.5672862671e-15	1	2e-17	2.52485e-18
59639.960394	-8.1069802903e-15	1	2e-17	2.52485e-18
59639.960405	-9.6425849551e-15	1	2e-17	2.52485e-18
59639.960417	-1.1285082637e-14	1	2e-17	2.52485e-18
59639.960428	-8.1406591673e-15	1	2e-17	2.52485e-18
59639.960440	-8.6546768762e-15	1	2e-17	2.52485e-18
59639.960451	-8.7375692144e-15	1	2e-17	2.52485e-18
59639.960463	-9.2184713232e-15	1	2e-17	2.52485e-18
59639.960475	-1.0979398610e-14	1	2e-17	2.52485e-18
59639.960486	-1.0598048284e-14	1	2e-17	2.52485e-18
59639.960498	-1.0257181897e-14	1	2e-17	2.52485e-18
59639.960509	-9.6037400241e-15	1	2e-17	2.52485e-18
59639.960521	-1.1433853809e-14	1	2e-17	2.52485e-18
59639.960532	-8.6565555952e-15	1	2e-17	2.52485e-18
59639.960544	-7.7792522315e-15	1	2e-17	2.52485e-18
59639.960556	-9.8534995471e-15	1	2e-17	2.52485e-18
59639.960567	-8.4989202226e-15	1	2e-17	2.52485e-18
59639.960579	-1.0509215704e-14	1	2e-17	2.52485e-18
59639.960590	-9.0477399742e-15	1	2e-17	2.52485e-18
59639.960602	-7.3015061675e-15	1	2e-17	2.52485e-18
59639.960613	-9.8531768275e-15	1	2e-17	2.52485e-18
59639.960625	-8.9383685390e-15	1	2e-17	2.52485e-18
59639.960637	-6.5408180649e-15	1	2e-17	2.52485e-18
59639.960648	-8.0075199875e-15	1	2e-17	2.52485e-18
59639.960660	-9.7903574760e-15	1	2e-17	2.52485e-18
59639.960671	-7.5284745750e-15	1	2e-17	2.52485e-18
59639.960683	-7.8051197707e-15	1	2e-17	2.52485e-18
59639.960694	-1.0218237863e-14	1	2e-17	2.52485e-18
59639.960706	-8.9145491255e-15	1	2e-17	2.52485e-18
59639.960718	-1.1525922056e-14	1	2e-17	2.52485e-18
59639.960729	-8.3627994869e-15	1	2e-17	2.52485e-18
59639.960741	-8.4553937406e-15	1	2e-17	2.52485e-18
59639.960752	-6.9672500259e-15	1	2e-17	2.52485e-18
59639.960764	-6.9644311002e-15	1	2e-17	2.52485e-18
59639.960775	-9.1414370648e-15	1	2e-17	2.52485e-18
59639.960787	-6.7887081861e-15	1	2e-17	2.52485e-18
59639.960799	-9.5646807938e-15	1	2e-17	2.52485e-18
59639.960810	-7.4682200392e-15	1	2e-17	2.52485e-18
59639.960822	-8.7891272629e-15	1	2e-17	2.52485e-18
59639.960833	-1.0548863622e-14	1	2e-17	2.52485e-18
59639.960845	-9.7475213258e-15	1	2e-17	2.52485e-18
59639.960856	-9.2525406824e-15	1	2e-17	2.52485e-18
59639.960868	-1.0138248307e-14	1	2e-17	2.52485e-18
59639.960880	-9.4800910015e-15	1	2e-17	2.52485e-18
59639.960891	-8.0263368244e-15	1	2e-17	2.52485e-18
59639.960903	-9.5418566440e-15	1	2e-17	2.52485e-18
59639.960914	-9.6207763978e-15	1	2e-17	2.52485e-18
59639.960926	-7.4033483269e-15	1	2e-17	2.52485e-18
59639.960938	-7.4853741505e-15	1	2e-17	2.52485e-18
59639.960949	-8.6395734317e-15	1	2e-17	2.52485e-18
59639.960961	-8.6169695104e-15	1	2e-17	2.52485e-18
59639.960972	-8.9105900935e-15	1	2e-17	2.52485e-18
59639.960984	-8.9328264024e-15	1	2e-17	2.52485e-18
59639.960995	-9.7332225626e-15	1	2e-17	2.52485e-18
59639.961007	-8.4510831899e-15	1	2e-17	2.52485e-18
59639.961019	-9.9188396686e-15	1	2e-17	2.52485e-18
59639.961030	-9.8603012216e-15	1	2e-17	2.52485e-18
59639.961042	-9.9009342391e-15	1	2e-17	2.52485e-18
59639.961053	-8.6903674564e-15	1	2e-17	2.52485e-18
59639.961065	-9.0326034955e-15	1	2e-17	2.52485e-18
59639.961076	-1.0630930103e-14	1	2e-17	2.52485e-18
59639.961088	-1.0843459987e-14	1	2e-17	2.52485e-18
59639.961100	-8.6009165420e-15	1	2e-17	2.52485e-18
59639.961111	-6.7715811799e-15	1	2e-17	2.52485e-18
59639.961123	-7.9258609292e-15	1	2e-17	2.52485e-18
59639.961134	-8.2797140251e-15	1	2e-17	2.52485e-18
59639.961146	-7.9154957870e-15	1	2e-17	2.52485e-18
59639.961157	-7.5041960696e-15	1	2e-17	2.52485e-18
59639.961169	-9.1592213685e-15	1	2e-17	2.52485e-18
59639.961181	-1.0712147010e-14	1	2e-17	2.52485e-18
59639.961192	-9.3691678019e-15	1	2e-17	2.52485e-18
59639.961204	-6.8142758756e-15	1	2e-17	2.52485e-18
59639.961215	-7.6455785740e-15	1	2e-17	2.52485e-18
59639.961227	-7.5882420668e-15	1	2e-17	2.52485e-18
59639.961238	-8.3057696056e-15	1	2e-17	2.52485e-18
59639.961250	-8.0469459831e-15	1	2e-17	2.52485e-18
59639.961262	-8.0546184075e-15	1	2e-17	2.52485e-18
59639.961273	-7.7857133989e-15	1	2e-17	2.52485e-18
59639.961285	-8.5209727254e-15	1	2e-17	2.52485e-18
59639.961296	-1.2120089410e-14	1	2e-17	2.52485e-18
59639.961308	-9.8601267328e-15	1	2e-17	2.52485e-18
59639.961319	-1.0043735524e-14	1	2e-17	2.52485e-18
59639.961331	-9.2432046853e-15	1	2e-17	2.52485e-18
59639.961343	-1.0232390090e-14	1	2e-17	2.52485e-18
59639.961354	-7.7252996209e-15	1	2e-17	2.52485e-18
59639.961366	-8.7931659160e-15	1	2e-17	2.52485e-18
59639.961377	-8.2632400813e-15	1	2e-17	2.52485e-18
59639.961389	-5.5932456949e-15	1	2e-17	2.52485e-18
59639.961400	-9.5611749244e-15	1	2e-17	2.52485e-18
59639.961412	-9.8578397439e-15	1	2e-17	2.52485e-18
59639.961424	-1.0122009838e-14	1	2e-17	2.52485e-18
59639.961435	-9.2034051482e-15	1	2e-17	2.52485e-18
59639.961447	-8.1646022476e-15	1	2e-17	2.52485e-18
59639.961458	-8.7876754484e-15	1	2e-17	2.52485e-18
59639.961470	-8.4558613028e-15	1	2e-17	2.52485e-18
59639.961481	-8.2360172894e-15	1	2e-17	2.52485e-18
59639.961493	-8.5477228729e-15	1	2e-17	2.52485e-18
59639.961505	-9.3125902362e-15	1	2e-17	2.52485e-18
59639.961516	-9.2884447150e-15	1	2e-17	2.52485e-18
59639.961528	-7.9838733687e-15	1	2e-17	2.52485e-18
59639.961539	-6.1592796971e-15	1	2e-17	2.52485e-18
59639.961551	-7.3276235814e-15	1	2e-17	2.52485e-18
59639.961563	-7.6863191647e-15	1	2e-17	2.52485e-18
59639.961574	-1.1048091288e-14	1	2e-17	2.52485e-18
59639.961586	-1.0015726685e-14	1	2e-17	2.52485e-18
59639.961597	-1.0517239647e-14	1	2e-17	2.52485e-18
59639.961609	-8.3261534535e-15	1	2e-17	2.52485e-18
59639.961620	-7.9249444396e-15	1	2e-17	2.52485e-18
59639.961632	-7.4769597252e-15	1	2e-17	2.52485e-18
59639.961644	-7.4676288102e-15	1	2e-17	2.52485e-18
59639.961655	-1.0184491224e-14	1	2e-17	2.52485e-18
59639.961667	-1.2482409447e-14	1	2e-17	2.52485e-18
59639.961678	-8.6839884513e-15	1	2e-17	2.52485e-18
59639.961690	-8.8796081694e-15	1	2e-17	2.52485e-18
59639.961701	-8.9031514501e-15	1	2e-17	2.52485e-18
59639.961713	-9.4030093092e-15	1	2e-17	2.52485e-18
59639.961725	-8.5934999215e-15	1	2e-17	2.52485e-18
59639.961736	-5.9384116209e-15	1	2e-17	2.52485e-18
59639.961748	-5.2150675068e-15	1	2e-17	2.52485e-18
59639.961759	-7.1702270721e-15	1	2e-17	2.52485e-18
59639.961771	-8.7406600377e-15	1	2e-17	2.52485e-18
59639.961782	-1.0239482297e-14	1	2e-17	2.52485e-18
59639.961794	-1.2840379123e-14	1	2e-17	2.52485e-18
59639.961806	-1.2191086865e-14	1	2e-17	2.52485e-18
59639.961817	-1.3178878053e-14	1	2e-17	2.52485e-18
59639.961829	-1.2145333533e-14	1	2e-17	2.52485e-18
59639.961840	-1.2135435953e-14	1	2e-17	2.52485e-18
59639.961852	-1.0429465011e-14	1	2e-17	2.52485e-18
59639.961863	-6.8438839123e-15	1	2e-17	2.52485e-18
59639.961875	-8.5232664906e-15	1	2e-17	2.52485e-18
59639.961887	-9.8886649669e-15	1	2e-17	2.52485e-18
59639.961898	-6.3404253161e-15	1	2e-17	2.52485e-18
59639.961910	-5.4189957710e-15	1	2e-17	2.52485e-18
59639.961921	-8.5073007666e-15	1	2e-17	2.52485e-18
59639.961933	-9.5437607741e-15	1	2e-17	2.52485e-18
59639.961944	-8.0521433773e-15	1	2e-17	2.52485e-18
59639.961956	-9.1683049499e-15	1	2e-17	2.52485e-18
59639.961968	-8.7372913876e-15	1	2e-17	2.52485e-18
59639.961979	-8.1039114899e-15	1	2e-17	2.52485e-18
59639.961991	-7.3437985226e-15	1	2e-17	2.52485e-18
59639.962002	-8.6586884242e-15	1	2e-17	2.52485e-18
59639.962014	-8.6779804466e-15	1	2e-17	2.52485e-18
59639.962025	-7.3683125031e-15	1	2e-17	2.52485e-18
59639.962037	-8.0588722070e-15	1	2e-17	2.52485e-18
59639.962049	-1.0246119647e-14	1	2e-17	2.52485e-18
59639.962060	-9.4619602613e-15	1	2e-17	2.52485e-18
59639.962072	-8.1541236030e-15	1	2e-17	2.52485e-18
59639.962083	-7.1852339549e-15	1	2e-17	2.52485e-18
59639.962095	-9.8547938134e-15	1	2e-17	2.52485e-18
59639.962106	-7.4783945990e-15	1	2e-17	2.52485e-18
59639.962118	-7.6629935714e-15	1	2e-17	2.52485e-18
59639.962130	-1.0003078789e-14	1	2e-17	2.52485e-18
59639.962141	-9.5735543110e-15	1	2e-17	2.52485e-18
59639.962153	-9.1261481201e-15	1	2e-17	2.52485e-18
59639.962164	-7.0906305390e-15	1	2e-17	2.52485e-18
59639.962176	-8.2860837129e-15	1	2e-17	2.52485e-18
59639.962188	-7.7445899493e-15	1	2e-17	2.52485e-18
59639.962199	-7.4801538864e-15	1	2e-17	2.52485e-18
59639.962211	-8.4270875936e-15	1	2e-17	2.52485e-18
59639.962222	-7.7889134893e-15	1	2e-17	2.52485e-18
59639.962234	-8.5428431161e-15	1	2e-17	2.52485e-18
59639.962245	-8.4278948160e-15	1	2e-17	2.52485e-18
59639.962257	-8.7315976322e-15	1	2e-17	2.52485e-18
59639.962269	-5.8351176470e-15	1	2e-17	2.52485e-18
59639.962280	-6.8001651537e-15	1	2e-17	2.52485e-18
59639.962292	-1.1032281418e-14	1	2e-17	2.52485e-18
59639.962303	-8.5341296882e-15	1	2e-17	2.52485e-18
59639.962315	-7.7489453927e-15	1	2e-17	2.52485e-18
59639.962326	-9.4891542540e-15	1	2e-17	2.52485e-18
59639.962338	-1.1910146365e-14	1	2e-17	2.52485e-18
59639.962350	-9.1594144921e-15	1	2e-17	2.52485e-18
59639.962361	-9.5966122418e-15	1	2e-17	2.52485e-18
59639.962373	-8.7817597703e-15	1	2e-17	2.52485e-18
59639.962384	-1.0569432123e-14	1	2e-17	2.52485e-18
59639.962396	-1.0460231788e-14	1	2e-17	2.52485e-18
59639.962407	-8.4058575598e-15	1	2e-17	2.52485e-18
59639.962419	-7.8099732695e-15	1	2e-17	2.52485e-18
59639.962431	-1.0276434109e-14	1	2e-17	2.52485e-18
59639.962442	-8.1639017513e-15	1	2e-17	2.52485e-18
59639.962454	-9.8145207849e-15	1	2e-17	2.52485e-18
59639.962465	-1.0053944812e-14	1	2e-17	2.52485e-18
59639.962477	-1.0336725914e-14	1	2e-17	2.52485e-18
59639.962488	-1.0451835998e-14	1	2e-17	2.52485e-18
59639.962500	-1.0435485721e-14	1	2e-17	2.52485e-18
59639.962512	-9.5540556125e-15	1	2e-17	2.52485e-18
59639.962523	-8.7354584083e-15	1	2e-17	2.52485e-18
59639.962535	-8.8730275704e-15	1	2e-17	2.52485e-18
59639.962546	-9.4679233732e-15	1	2e-17	2.52485e-18
59639.962558	-9.3387847301e-15	1	2e-17	2.52485e-18
59639.962569	-8.9472759375e-15	1	2e-17	2.52485e-18
59639.962581	-7.6366669404e-15	1	2e-17	2.52485e-18
59639.962593	-8.2364636758e-15	1	2e-17	2.52485e-18
59639.962604	-6.8499867847e-15	1	2e-17	2.52485e-18
59639.962616	-9.0618820363e-15	1	2e-17	2.52485e-18
59639.962627	-8.9143119562e-15	1	2e-17	2.52485e-18
59639.962639	-7.6997692009e-15	1	2e-17	2.52485e-18
59639.962650	-8.3321877162e-15	1	2e-17	2.52485e-18
59639.962662	-1.1822140489e-14	1	2e-17	2.52485e-18
59639.962674	-1.0240722353e-14	1	2e-17	2.52485e-18
59639.962685	-6.8668850920e-15	1	2e-17	2.52485e-18
59639.962697	-8.1998964164e-15	1	2e-17	2.52485e-18
59639.962708	-8.1726160263e-15	1	2e-17	2.52485e-18
59639.962720	-7.6623930250e-15	1	2e-17	2.52485e-18
59639.962731	-8.6933151311e-15	1	2e-17	2.52485e-18
59639.962743	-7.9648964426e-15	1	2e-17	2.52485e-18
59639.962755	-8.6714523637e-15	1	2e-17	2.52485e-18
59639.962766	-8.2613986317e-15	1	2e-17	2.52485e-18
59639.962778	-8.2626183592e-15	1	2e-17	2.52485e-18
59639.962789	-6.7709289645e-15	1	2e-17	2.52485e-18
59639.962801	-7.0928811056e-15	1	2e-17	2.52485e-18
59639.962813	-7.8775927567e-15	1	2e-17	2.52485e-18
59639.962824	-6.2543311933e-15	1	2e-17	2.52485e-18
59639.962836	-7.6643293424e-15	1	2e-17	2.52485e-18
59639.962847	-1.2729635495e-14	1	2e-17	2.52485e-18
59639.962859	-9.6206154615e-15	1	2e-17	2.52485e-18
59639.962870	-8.9248244822e-15	1	2e-17	2.52485e-18
59639.962882	-6.9898115955e-15	1	2e-17	2.52485e-18
59639.962894	-6.8250806279e-15	1	2e-17	2.52485e-18
59639.962905	-9.2060046923e-15	1	2e-17	2.52485e-18
59639.962917	-9.7047427738e-15	1	2e-17	2.52485e-18
59639.962928	-7.8009184873e-15	1	2e-17	2.52485e-18
59639.962940	-7.2533337098e-15	1	2e-17	2.52485e-18
59639.962951	-9.2624907784e-15	1	2e-17	2.52485e-18
59639.962963	-7.4883760353e-15	1	2e-17	2.52485e-18
59639.962975	-8.7306658959e-15	1	2e-17	2.52485e-18
59639.962986	-8.1812023993e-15	1	2e-17	2.52485e-18
59639.962998	-7.6461638738e-15	1	2e-17	2.52485e-18
59639.963009	-8.7871325003e-15	1	2e-17	2.52485e-18
59639.963021	-7.6744954318e-15	1	2e-17	2.52485e-18
59639.963032	-8.2112551283e-15	1	2e-17	2.52485e-18
59639.963044	-7.5292038703e-15	1	2e-17	2.52485e-18
59639.963056	-1.0794958880e-14	1	2e-17	2.52485e-18
59639.963067	-8.1293682181e-15	1	2e-17	2.52485e-18
59639.963079	-8.5525314790e-15	1	2e-17	2.52485e-18
59639.963090	-1.0681721587e-14	1	2e-17	2.52485e-18
59639.963102	-1.0298096130e-14	1	2e-17	2.52485e-18
59639.963113	-8.0628286979e-15	1	2e-17	2.52485e-18
59639.963125	-8.6879584947e-15	1	2e-17	2.52485e-18
59639.963137	-9.1025387707e-15	1	2e-17	2.52485e-18
59639.963148	-1.1416016143e-14	1	2e-17	2.52485e-18
59639.963160	-1.2810353500e-14	1	2e-17	2.52485e-18
59639.963171	-1.1508087777e-14	1	2e-17	2.52485e-18
59639.963183	-9.6459053242e-15	1	2e-17	2.52485e-18
59639.963194	-9.2053279130e-15	1	2e-17	2.52485e-18
59639.963206	-8.7005767445e-15	1	2e-17	2.52485e-18
59639.963218	-8.8279832053e-15	1	2e-17	2.52485e-18
59639.963229	-1.0971085829e-14	1	2e-17	2.52485e-18
59639.963241	-9.2263156953e-15	1	2e-17	2.52485e-18
59639.963252	-8.6708382648e-15	1	2e-17	2.52485e-18
59639.963264	-9.1742324864e-15	1	2e-17	2.52485e-18
59639.963275	-8.0797685098e-15	1	2e-17	2.52485e-18
59639.963287	-8.2523142033e-15	1	2e-17	2.52485e-18
59639.963299	-7.3361218630e-15	1	2e-17	2.52485e-18
59639.963310	-8.2387709936e-15	1	2e-17	2.52485e-18
59639.963322	-8.2597782577e-15	1	2e-17	2.52485e-18
59639.963333	-9.0092541852e-15	1	2e-17	2.52485e-18
59639.963345	-1.0236130587e-14	1	2e-17	2.52485e-18
59639.963356	-1.2019782922e-14	1	2e-17	2.52485e-18
59639.963368	-9.9782632650e-15	1	2e-17	2.52485e-18
59639.963380	-8.0461760301e-15	1	2e-17	2.52485e-18
59639.963391	-8.4362567252e-15	1	2e-17	2.52485e-18
59639.963403	-9.0969093898e-15	1	2e-17	2.52485e-18
59639.963414	-8.0401214386e-15	1	2e-17	2.52485e-18
59639.963426	-8.5591798406e-15	1	2e-17	2.52485e-18
59639.963438	-8.1295266132e-15	1	2e-17	2.52485e-18
59639.963449	-9.8747516037e-15	1	2e-17	2.52485e-18
59639.963461	-1.2594566774e-14	1	2e-17	2.52485e-18
59639.963472	-1.0815620555e-14	1	2e-17	2.52485e-18
59639.963484	-5.7540100072e-15	1	2e-17	2.52485e-18
59639.963495	-7.4834590090e-15	1	2e-17	2.52485e-18
59639.963507	-8.5337798636e-15	1	2e-17	2.52485e-18
59639.963519	-8.1708220105e-15	1	2e-17	2.52485e-18
59639.963530	-9.9350264682e-15	1	2e-17	2.52485e-18
59639.963542	-1.2132746624e-14	1	2e-17	2.52485e-18
59639.963553	-9.4460673821e-15	1	2e-17	2.52485e-18
59639.963565	-9.9114315185e-15	1	2e-17	2.52485e-18
59639.963576	-9.7434572617e-15	1	2e-17	2.52485e-18
59639.963588	-1.0789031344e-14	1	2e-17	2.52485e-18
59639.963600	-6.8242369831e-15	1	2e-17	2.52485e-18
59639.963611	-8.2138174029e-15	1	2e-17	2.52485e-18
59639.963623	-9.4312002598e-15	1	2e-17	2.52485e-18
59639.963634	-5.9076126559e-15	1	2e-17	2.52485e-18
59639.963646	-7.9570376709e-15	1	2e-17	2.52485e-18
59639.963657	-8.5982814225e-15	1	2e-17	2.52485e-18
59639.963669	-9.8443600616e-15	1	2e-17	2.52485e-18
59639.963681	-8.3061888869e-15	1	2e-17	2.52485e-18
59639.963692	-7.3801845169e-15	1	2e-17	2.52485e-18
59639.963704	-7.7478086745e-15	1	2e-17	2.52485e-18
59639.963715	-9.3349713877e-15	1	2e-17	2.52485e-18
59639.963727	-9.4067896173e-15	1	2e-17	2.52485e-18
59639.963738	-8.1688043780e-15	1	2e-17	2.52485e-18
59639.963750	-9.0688844577e-15	1	2e-17	2.52485e-18
59639.963762	-1.1790697779e-14	1	2e-17	2.52485e-18
59639.963773	-9.1584929202e-15	1	2e-17	2.52485e-18
59639.963785	-7.9518250301e-15	1	2e-17	2.52485e-18
59639.963796	-6.2633241421e-15	1	2e-17	2.52485e-18
59639.963808	-9.3201051125e-15	1	2e-17	2.52485e-18
59639.963819	-1.0802048546e-14	1	2e-17	2.52485e-18
59639.963831	-1.1538158294e-14	1	2e-17	2.52485e-18
59639.963843	-8.0305414960e-15	1	2e-17	2.52485e-18
59639.963854	-4.8956623938e-15	1	2e-17	2.52485e-18
59639.963866	-9.0180370699e-15	1	2e-17	2.52485e-18
59639.963877	-9.1303909081e-15	1	2e-17	2.52485e-18
59639.963889	-8.0925095794e-15	1	2e-17	2.52485e-18
59639.963900	-8.3460824447e-15	1	2e-17	2.52485e-18
59639.963912	-1.0095012357e-14	1	2e-17	2.52485e-18
59639.963924	-8.9334057729e-15	1	2e-17	2.52485e-18
59639.963935	-9.4658515306e-15	1	2e-17	2.52485e-18
59639.963947	-9.4512740936e-15	1	2e-17	2.52485e-18
59639.963958	-4.0725793031e-15	1	2e-17	2.52485e-18
59639.963970	-4.1750889245e-15	1	2e-17	2.52485e-18
59639.963981	-7.1414415045e-15	1	2e-17	2.52485e-18
59639.963993	-9.1286341618e-15	1	2e-17	2.52485e-18
59639.964005	-9.4710777239e-15	1	2e-17	2.52485e-18
59639.964016	-9.0099750103e-15	1	2e-17	2.52485e-18
59639.964028	-1.0435116414e-14	1	2e-17	2.52485e-18
59639.964039	-1.0651295316e-14	1	2e-17	2.52485e-18
59639.964051	-9.8616835794e-15	1	2e-17	2.52485e-18
59639.964063	-8.9900799004e-15	1	2e-17	2.52485e-18
59639.964074	-8.0831193721e-15	1	2e-17	2.52485e-18
59639.964086	-8.1934920003e-15	1	2e-17	2.52485e-18
59639.964097	-8.9953679271e-15	1	2e-17	2.52485e-18
59639.964109	-7.9394888423e-15	1	2e-17	2.52485e-18
59639.964120	-8.2446782013e-15	1	2e-17	2.52485e-18
59639.964132	-9.1981433795e-15	1	2e-17	2.52485e-18
59639.964144	-7.9683497959e-15	1	2e-17	2.52485e-18
59639.964155	-6.8066330973e-15	1	2e-17	2.52485e-18
59639.964167	-9.2133518561e-15	1	2e-17	2.52485e-18
59639.964178	-5.9509383912e-15	1	2e-17	2.52485e-18
59639.964190	-9.3023309731e-15	1	2e-17	2.52485e-18
59639.964201	-8.0840282385e-15	1	2e-17	2.52485e-18
59639.964213	-7.2516811485e-15	1	2e-17	2.52485e-18
59639.964225	-5.6658245600e-15	1	2e-17	2.52485e-18
59639.964236	-8.7079052736e-15	1	2e-17	2.52485e-18
59639.964248	-1.3390816708e-14	1	2e-17	2.52485e-18
59639.964259	-9.4967072468e-15	1	2e-17	2.52485e-18
59639.964271	-6.8436289554e-15	1	2e-17	2.52485e-18
59639.964282	-8.6798049556e-15	1	2e-17	2.52485e-18
59639.964294	-1.1904948124e-14	1	2e-17	2.52485e-18
59639.964306	-1.0257987426e-14	1	2e-17	2.52485e-18
59639.964317	-7.9523103800e-15	1	2e-17	2.52485e-18
59639.964329	-1.0323031933e-14	1	2e-17	2.52485e-18
59639.964340	-1.0377569843e-14	1	2e-17	2.52485e-18
59639.964352	-8.6057683467e-15	1	2e-17	2.52485e-18
59639.964363	-8.4546212465e-15	1	2e-17	2.52485e-18
59639.964375	-9.1479964879e-15	1	2e-17	2.52485e-18
59639.964387	-7.8059676507e-15	1	2e-17	2.52485e-18
59639.964398	-7.0740312344e-15	1	2e-17	2.52485e-18
59639.964410	-7.2247963227e-15	1	2e-17	2.52485e-18
59639.964421	-8.9870797097e-15	1	2e-17	2.52485e-18
59639.964433	-9.2431513222e-15	1	2e-17	2.52485e-18
59639.964444	-9.3815107660e-15	1	2e-17	2.52485e-18
59639.964456	-6.8594718596e-15	1	2e-17	2.52485e-18
59639.964468	-6.9215348107e-15	1	2e-17	2.52485e-18
59639.964479	-8.7698343935e-15	1	2e-17	2.52485e-18
59639.964491	-9.4120717147e-15	1	2e-17	2.52485e-18
59639.964502	-9.0478136661e-15	1	2e-17	2.52485e-18
59639.964514	-9.2683124359e-15	1	2e-17	2.52485e-18
59639.964525	-9.6217742026e-15	1	2e-17	2.52485e-18
59639.964537	-8.0727322071e-15	1	2e-17	2.52485e-18
59639.964549	-7.6560724652e-15	1	2e-17	2.52485e-18
59639.964560	-8.7615207651e-15	1	2e-17	2.52485e-18
59639.964572	-8.6034034308e-15	1	2e-17	2.52485e-18
59639.964583	-9.0408798544e-15	1	2e-17	2.52485e-18
59639.964595	-7.4585020302e-15	1	2e-17	2.52485e-18
59639.964606	-9.1909918803e-15	1	2e-17	2.52485e-18
59639.964618	-7.2616837605e-15	1	2e-17	2.52485e-18
59639.964630	-8.3903890441e-15	1	2e-17	2.52485e-18
59639.964641	-1.0254347725e-14	1	2e-17	2.52485e-18
59639.964653	-1.0190045219e-14	1	2e-17	2.52485e-18
59639.964664	-8.4190746619e-15	1	2e-17	2.52485e-18
59639.964676	-1.0429398095e-14	1	2e-17	2.52485e-18
59639.964688	-1.1353095147e-14	1	2e-17	2.52485e-18
59639.964699	-1.1450856302e-14	1	2e-17	2.52485e-18
59639.964711	-1.0843767460e-14	1	2e-17	2.52485e-18
59639.964722	-1.1665227635e-14	1	2e-17	2.52485e-18
59639.964734	-7.7178796123e-15	1	2e-17	2.52485e-18
59639.964745	-6.3282153362e-15	1	2e-17	2.52485e-18
59639.964757	-3.5844799554e-15	1	2e-17	2.52485e-18
59639.964769	-5.9115022312e-15	1	2e-17	2.52485e-18
59639.964780	-9.7091913909e-15	1	2e-17	2.52485e-18
59639.964792	-1.0510328705e-14	1	2e-17	2.52485e-18
59639.964803	-7.8982866186e-15	1	2e-17	2.52485e-18
59639.964815	-8.1734291779e-15	1	2e-17	2.52485e-18
59639.964826	-9.1169535774e-15	1	2e-17	2.52485e-18
59639.964838	-7.5776380613e-15	1	2e-17	2.52485e-18
59639.964850	-8.7010222839e-15	1	2e-17	2.52485e-18
59639.964861	-9.5430128440e-15	1	2e-17	2.52485e-18
59639.964873	-5.4347565131e-15	1	2e-17	2.52485e-18
59639.964884	-7.9692078403e-15	1	2e-17	2.52485e-18
59639.964896	-7.9948322810e-15	1	2e-17	2.52485e-18
59639.964907	-8.1467688159e-15	1	2e-17	2.52485e-18
59639.964919	-7.5918936258e-15	1	2e-17	2.52485e-18
59639.964931	-8.4489054682e-15	1	2e-17	2.52485e-18
59639.964942	-1.1096803306e-14	1	2e-17	2.52485e-18
59639.964954	-8.5985982128e-15	1	2e-17	2.52485e-18
59639.964965	-8.4531338567e-15	1	2e-17	2.52485e-18
59639.964977	-7.5260825539e-15	1	2e-17	2.52485e-18
59639.964988	-8.6251560839e-15	1	2e-17	2.52485e-18
59639.965000	-8.9688202205e-15	1	2e-17	2.52485e-18
59639.965012	-6.3009002177e-15	1	2e-17	2.52485e-18
59639.965023	-9.4056147826e-15	1	2e-17	2.52485e-18
59639.965035	-8.2698257625e-15	1	2e-17	2.52485e-18
59639.965046	-1.0317417798e-14	1	2e-17	2.52485e-18
59639.965058	-9.8715176319e-15	1	2e-17	2.52485e-18
59639.965069	-9.0552438391e-15	1	2e-17	2.52485e-18
59639.965081	-8.5168281932e-15	1	2e-17	2.52485e-18
59639.965093	-8.3574140514e-15	1	2e-17	2.52485e-18
59639.965104	-8.2308131190e-15	1	2e-17	2.52485e-18
59639.965116	-7.9978485653e-15	1	2e-17	2.52485e-18
59639.965127	-9.7036187611e-15	1	2e-17	2.52485e-18
59639.965139	-8.5752607611e-15	1	2e-17	2.52485e-18
59639.965150	-8.7148729666e-15	1	2e-17	2.52485e-18
59639.965162	-7.5094205688e-15	1	2e-17	2.52485e-18
59639.965174	-7.5190005115e-15	1	2e-17	2.52485e-18
59639.965185	-7.9271103028e-15	1	2e-17	2.52485e-18
59639.965197	-6.9870722909e-15	1	2e-17	2.52485e-18
59639.965208	-9.5245881833e-15	1	2e-17	2.52485e-18
59639.965220	-1.0325990619e-14	1	2e-17	2.52485e-18
59639.965231	-9.0398701911e-15	1	2e-17	2.52485e-18
59639.965243	-6.6344719567e-15	1	2e-17	2.52485e-18
59639.965255	-8.5070779970e-15	1	2e-17	2.52485e-18
59639.965266	-8.9292654759e-15	1	2e-17	2.52485e-18
59639.965278	-8.0104422512e-15	1	2e-17	2.52485e-18
59639.965289	-9.7227794934e-15	1	2e-17	2.52485e-18
59639.965301	-9.9932117025e-15	1	2e-17	2.52485e-18
59639.965313	-8.3098641629e-15	1	2e-17	2.52485e-18
59639.965324	-9.8706096126e-15	1	2e-17	2.52485e-18
59639.965336	-8.1633189927e-15	1	2e-17	2.52485e-18
59639.965347	-9.9381469376e-15	1	2e-17	2.52485e-18
59639.965359	-9.1744239159e-15	1	2e-17	2.52485e-18
59639.965370	-1.1152334786e-14	1	2e-17	2.52485e-18
59639.965382	-1.0399731613e-14	1	2e-17	2.52485e-18
59639.965394	-6.5398321185e-15	1	2e-17	2.52485e-18
59639.965405	-9.1111480136e-15	1	2e-17	2.52485e-18
59639.965417	-7.6090155498e-15	1	2e-17	2.52485e-18
59639.965428	-1.0781874762e-14	1	2e-17	2.52485e-18
59639.965440	-8.0482004389e-15	1	2e-17	2.52485e-18
59639.965451	-7.7106129167e-15	1	2e-17	2.52485e-18
59639.965463	-8.5672114070e-15	1	2e-17	2.52485e-18
59639.965475	-7.9106914162e-15	1	2e-17	2.52485e-18
59639.965486	-8.5736098939e-15	1	2e-17	2.52485e-18
59639.965498	-8.4813807114e-15	1	2e-17	2.52485e-18
59639.965509	-7.6940695162e-15	1	2e-17	2.52485e-18
59639.965521	-9.5570896845e-15	1	2e-17	2.52485e-18
59639.965532	-8.3162728142e-15	1	2e-17	2.52485e-18
59639.965544	-8.4691758137e-15	1	2e-17	2.52485e-18
59639.965556	-8.1451840173e-15	1	2e-17	2.52485e-18
59639.965567	-1.0055943810e-14	1	2e-17	2.52485e-18
59639.965579	-1.0719317144e-14	1	2e-17	2.52485e-18
59639.965590	-9.6108042789e-15	1	2e-17	2.52485e-18
59639.965602	-8.6056446799e-15	1	2e-17	2.52485e-18
59639.965613	-8.3121503048e-15	1	2e-17	2.52485e-18
59639.965625	-9.4955891633e-15	1	2e-17	2.52485e-18
59639.965637	-7.8661510357e-15	1	2e-17	2.52485e-18
59639.965648	-8.3444324245e-15	1	2e-17	2.52485e-18
59639.965660	-9.4323454483e-15	1	2e-17	2.52485e-18
59639.965671	-1.0824221327e-14	1	2e-17	2.52485e-18
59639.965683	-1.0267114206e-14	1	2e-17	2.52485e-18
59639.965694	-8.6575127425e-15	1	2e-17	2.52485e-18
59639.965706	-9.6600897379e-15	1	2e-17	2.52485e-18
59639.965718	-8.4624012442e-15	1	2e-17	2.52485e-18
59639.965729	-9.5848232373e-15	1	2e-17	2.52485e-18
59639.965741	-8.4044912956e-15	1	2e-17	2.52485e-18
59639.965752	-6.6241144379e-15	1	2e-17	2.52485e-18
59639.965764	-5.2522031253e-15	1	2e-17	2.52485e-18
59639.965775	-7.5659422304e-15	1	2e-17	2.52485e-18
59639.965787	-7.7923973358e-15	1	2e-17	2.52485e-18
59639.965799	-7.5803087562e-15	1	2e-17	2.52485e-18
59639.965810	-8.2679368790e-15	1	2e-17	2.52485e-18
59639.965822	-9.0641436143e-15	1	2e-17	2.52485e-18
59639.965833	-8.4882941943e-15	1	2e-17	2.52485e-18
59639.965845	-6.9588305184e-15	1	2e-17	2.52485e-18
59639.965856	-5.8846055470e-15	1	2e-17	2.52485e-18
59639.965868	-8.2620051073e-15	1	2e-17	2.52485e-18
59639.965880	-9.3621348873e-15	1	2e-17	2.52485e-18
59639.965891	-9.1480371455e-15	1	2e-17	2.52485e-18
59639.965903	-8.1107877034e-15	1	2e-17	2.52485e-18
59639.965914	-7.6677098508e-15	1	2e-17	2.52485e-18
59639.965926	-7.7185216633e-15	1	2e-17	2.52485e-18
59639.965938	-9.9070820043e-15	1	2e-17	2.52485e-18
59639.965949	-7.9151857730e-15	1	2e-17	2.52485e-18
59639.965961	-8.0723391838e-15	1	2e-17	2.52485e-18
59639.965972	-7.3861781220e-15	1	2e-17	2.52485e-18
59639.965984	-8.3716958740e-15	1	2e-17	2.52485e-18
59639.965995	-7.3718937584e-15	1	2e-17	2.52485e-18
59639.966007	-4.2793773150e-15	1	2e-17	2.52485e-18
59639.966019	-6.9618349443e-15	1	2e-17	2.52485e-18
59639.966030	-1.0152170141e-14	1	2e-17	2.52485e-18
59639.966042	-1.1515103751e-14	1	2e-17	2.52485e-18
59639.966053	-8.4509510528e-15	1	2e-17	2.52485e-18
59639.966065	-6.9761963879e-15	1	2e-17	2.52485e-18
59639.966076	-8.0280325844e-15	1	2e-17	2.52485e-18
59639.966088	-6.3340861215e-15	1	2e-17	2.52485e-18
59639.966100	-8.3589937679e-15	1	2e-17	2.52485e-18
59639.966111	-8.6770724273e-15	1	2e-17	2.52485e-18
59639.966123	-7.5053260116e-15	1	2e-17	2.52485e-18
59639.966134	-8.7188303045e-15	1	2e-17	2.52485e-18
59639.966146	-8.8929828196e-15	1	2e-17	2.52485e-18
59639.966157	-9.0864705557e-15	1	2e-17	2.52485e-18
59639.966169	-8.7531901960e-15	1	2e-17	2.52485e-18
59639.966181	-8.6041327261e-15	1	2e-17	2.52485e-18
59639.966192	-7.9125472653e-15	1	2e-17	2.52485e-18
59639.966204	-9.4056088533e-15	1	2e-17	2.52485e-18
59639.966215	-1.0821083917e-14	1	2e-17	2.52485e-18
59639.966227	-7.7281380283e-15	1	2e-17	2.52485e-18
59639.966238	-7.6440403622e-15	1	2e-17	2.52485e-18
59639.966250	-8.2698859018e-15	1	2e-17	2.52485e-18
59639.966262	-8.9860539528e-15	1	2e-17	2.52485e-18
59639.966273	-8.2971942441e-15	1	2e-17	2.52485e-18
59639.966285	-9.2499106451e-15	1	2e-17	2.52485e-18
59639.966296	-8.0490652595e-15	1	2e-17	2.52485e-18
59639.966308	-6.5067114362e-15	1	2e-17	2.52485e-18
59639.966319	-8.2632917503e-15	1	2e-17	2.52485e-18
59639.966331	-9.6248252153e-15	1	2e-17	2.52485e-18
59639.966343	-1.0343273479e-14	1	2e-17	2.52485e-18
59639.966354	-8.6751852379e-15	1	2e-17	2.52485e-18
59639.966366	-6.3978965016e-15	1	2e-17	2.52485e-18
59639.966377	-8.9441478448e-15	1	2e-17	2.52485e-18
59639.966389	-7.4392337248e-15	1	2e-17	2.52485e-18
59639.966400	-7.8947307743e-15	1	2e-17	2.52485e-18
59639.966412	-7.4895034361e-15	1	2e-17	2.52485e-18
59639.966424	-8.8875228452e-15	1	2e-17	2.52485e-18
59639.966435	-9.6622056263e-15	1	2e-17	2.52485e-18
59639.966447	-8.5646592967e-15	1	2e-17	2.52485e-18
59639.966458	-7.0528350819e-15	1	2e-17	2.52485e-18
59639.966470	-7.7306994560e-15	1	2e-17	2.52485e-18
59639.966481	-9.0462678310e-15	1	2e-17	2.52485e-18
59639.966493	-9.7249224868e-15	1	2e-17	2.52485e-18
59639.966505	-9.2914745518e-15	1	2e-17	2.52485e-18
59639.966516	-6.0579584629e-15	1	2e-17	2.52485e-18
59639.966528	-7.4698310959e-16	1	2e-17	2.52485e-18
59639.966539	-4.2957953546e-16	1	2e-17	2.52485e-18
59639.966551	-1.9491913712e-15	1	2e-17	2.52485e-18
59639.966563	-3.8991569305e-15	1	2e-17	2.52485e-18
59639.966574	-6.8049102323e-15	1	2e-17	2.52485e-18
59639.966586	-6.9950818345e-15	1	2e-17	2.52485e-18
59639.966597	-8.5382581268e-15	1	2e-17	2.52485e-18
59639.966609	-8.2388040278e-15	1	2e-17	2.52485e-18
59639.966620	-8.3462476161e-15	1	2e-17	2.52485e-18
59639.966632	-7.7242171128e-15	1	2e-17	2.52485e-18
59639.966644	-5.6787062371e-15	1	2e-17	2.52485e-18
59639.966655	-7.3213123389e-15	1	2e-17	2.52485e-18
59639.966667	-7.3994257173e-15	1	2e-17	2.52485e-18
59639.966678	-7.9544118688e-15	1	2e-17	2.52485e-18
59639.966690	-8.0691645043e-15	1	2e-17	2.52485e-18
59639.966701	-6.9377834437e-15	1	2e-17	2.52485e-18
59639.966713	-7.6850299806e-15	1	2e-17	2.52485e-18
59639.966725	-8.6241726786e-15	1	2e-17	2.52485e-18
59639.966736	-7.3690816090e-15	1	2e-17	2.52485e-18
59639.966748	-7.6909219417e-15	1	2e-17	2.52485e-18
59639.966759	-8.0326836423e-15	1	2e-17	2.52485e-18
59639.966771	-5.3467675776e-15	1	2e-17	2.52485e-18
59639.966782	-6.0191092968e-15	1	2e-17	2.52485e-18
59639.966794	-8.7892848110e-15	1	2e-17	2.52485e-18
59639.966806	-1.0716833643e-14	1	2e-17	2.52485e-18
59639.966817	-1.1560503870e-14	1	2e-17	2.52485e-18
59639.966829	-1.0074788599e-14	1	2e-17	2.52485e-18
59639.966840	-7.5377461976e-15	1	2e-17	2.52485e-18
59639.966852	-8.7115669970e-15	1	2e-17	2.52485e-18
59639.966863	-7.7637930332e-15	1	2e-17	2.52485e-18
59639.966875	-9.0463051004e-15	1	2e-17	2.52485e-18
59639.966887	-8.0784166452e-15	1	2e-17	2.52485e-18
59639.966898	-8.3971102505e-15	1	2e-17	2.52485e-18
59639.966910	-6.2641516933e-15	1	2e-17	2.52485e-18
59639.966921	-6.6477678329e-15	1	2e-17	2.52485e-18
59639.966933	-9.4750757194e-15	1	2e-17	2.52485e-18
59639.966944	-8.8205242332e-15	1	2e-17	2.52485e-18
59639.966956	-1.1305088708e-14	1	2e-17	2.52485e-18
59639.966968	-8.7316416779e-15	1	2e-17	2.52485e-18
59639.966979	-7.4458837804e-15	1	2e-17	2.52485e-18
59639.966991	-8.2146068376e-15	1	2e-17	2.52485e-18
59639.967002	-8.1652595452e-15	1	2e-17	2.52485e-18
59639.967014	-9.3197662993e-15	1	2e-17	2.52485e-18
59639.967025	-9.1823733201e-15	1	2e-17	2.52485e-18
59639.967037	-8.4552683797e-15	1	2e-17	2.52485e-18
59639.967049	-9.1261455790e-15	1	2e-17	2.52485e-18
59639.967060	-8.3510748569e-15	1	2e-17	2.52485e-18
59639.967072	-6.9637128163e-15	1	2e-17	2.52485e-18
59639.967083	-7.9619987429e-15	1	2e-17	2.52485e-18
59639.967095	-1.1846757807e-14	1	2e-17	2.52485e-18
59639.967106	-1.3022542029e-14	1	2e-17	2.52485e-18
59639.967118	-9.2450156417e-15	1	2e-17	2.52485e-18
59639.967130	-8.0785428531e-15	1	2e-17	2.52485e-18
59639.967141	-7.3025336185e-15	1	2e-17	2.52485e-18
59639.967153	-1.0185226448e-14	1	2e-17	2.52485e-18
59639.967164	-1.0153582144e-14	1	2e-17	2.52485e-18
59639.967176	-9.2844102971e-15	1	2e-17	2.52485e-18
59639.967187	-1.1579213981e-14	1	2e-17	2.52485e-18
59639.967199	-9.1241830036e-15	1	2e-17	2.52485e-18
59639.967211	-8.1193800056e-15	1	2e-17	2.52485e-18
59639.967222	-7.7193331208e-15	1	2e-17	2.52485e-18
59639.967234	-8.4218673295e-15	1	2e-17	2.52485e-18
59639.967245	-8.7298612146e-15	1	2e-17	2.52485e-18
59639.967257	-8.8776930279e-15	1	2e-17	2.52485e-18
59639.967269	-1.0814620209e-14	1	2e-17	2.52485e-18
59639.967280	-9.5390114603e-15	1	2e-17	2.52485e-18
59639.967292	-6.8558956865e-15	1	2e-17	2.52485e-18
59639.967303	-7.8350378214e-15	1	2e-17	2.52485e-18
59639.967315	-8.0731150660e-15	1	2e-17	2.52485e-18
59639.967326	-1.0305202736e-14	1	2e-17	2.52485e-18
59639.967338	-9.5316482029e-15	1	2e-17	2.52485e-18
59639.967350	-7.7922118356e-15	1	2e-17	2.52485e-18
59639.967361	-8.0333858326e-15	1	2e-17	2.52485e-18
59639.967373	-8.2715266047e-15	1	2e-17	2.52485e-18
59639.967384	-8.6726085636e-15	1	2e-17	2.52485e-18
59639.967396	-1.0262092994e-14	1	2e-17	2.52485e-18
59639.967407	-9.6514372964e-15	1	2e-17	2.52485e-18
59639.967419	-1.0549186341e-14	1	2e-17	2.52485e-18
59639.967431	-1.2071988103e-14	1	2e-17	2.52485e-18
59639.967442	-1.0633062085e-14	1	2e-17	2.52485e-18
59639.967454	-8.4499939055e-15	1	2e-17	2.52485e-18
59639.967465	-7.3225396897e-15	1	2e-17	2.52485e-18
59639.967477	-7.6303158873e-15	1	2e-17	2.52485e-18
59639.967488	-1.1565979938e-14	1	2e-17	2.52485e-18
59639.967500	-1.0870305849e-14	1	2e-17	2.52485e-18
59639.967512	-8.6299511374e-15	1	2e-17	2.52485e-18
59639.967523	-8.6187423504e-15	1	2e-17	2.52485e-18
59639.967535	-7.6684442284e-15	1	2e-17	2.52485e-18
59639.967546	-8.5551784569e-15	1	2e-17	2.52485e-18
59639.967558	-1.1451557645e-14	1	2e-17	2.52485e-18
59639.967569	-7.8661027548e-15	1	2e-17	2.52485e-18
59639.967581	-7.7047268847e-15	1	2e-17	2.52485e-18
59639.967593	-8.6728652146e-15	1	2e-17	2.52485e-18
59639.967604	-8.9898689892e-15	1	2e-17	2.52485e-18
59639.967616	-8.9445222333e-15	1	2e-17	2.52485e-18
59639.967627	-9.0118901518e-15	1	2e-17	2.52485e-18
59639.967639	-9.1961689457e-15	1	2e-17	2.52485e-18
59639.967650	-5.8172156057e-15	1	2e-17	2.52485e-18
59639.967662	-7.6604550137e-15	1	2e-17	2.52485e-18
59639.967674	-1.0399848504e-14	1	2e-17	2.52485e-18
59639.967685	-1.0135005018e-14	1	2e-17	2.52485e-18
59639.967697	-7.5880540255e-15	1	2e-17	2.52485e-18
59639.967708	-7.8712577973e-15	1	2e-17	2.52485e-18
59639.967720	-9.3252787897e-15	1	2e-17	2.52485e-18
59639.967731	-1.0908257160e-14	1	2e-17	2.52485e-18
59639.967743	-1.1430929852e-14	1	2e-17	2.52485e-18
59639.967755	-8.9660715985e-15	1	2e-17	2.52485e-18
59639.967766	-8.2069318721e-15	1	2e-17	2.52485e-18
59639.967778	-9.3367975908e-15	1	2e-17	2.52485e-18
59639.967789	-7.9662339076e-15	1	2e-17	2.52485e-18
59639.967801	-1.1573131437e-14	1	2e-17	2.52485e-18
59639.967812	-1.1276381067e-14	1	2e-17	2.52485e-18
59639.967824	-9.4144950760e-15	1	2e-17	2.52485e-18
59639.967836	-8.0198536343e-15	1	2e-17	2.52485e-18
59639.967847	-9.4999141136e-15	1	2e-17	2.52485e-18
59639.967859	-9.8306957261e-15	1	2e-17	2.52485e-18
59639.967870	-8.2106672874e-15	1	2e-17	2.52485e-18
59639.967882	-7.7285590037e-15	1	2e-17	2.52485e-18
59639.967894	-7.3583641011e-15	1	2e-17	2.52485e-18
59639.967905	-8.5181504116e-15	1	2e-17	2.52485e-18
59639.967917	-9.6332599693e-15	1	2e-17	2.52485e-18
59639.967928	-8.6042877332e-15	1	2e-17	2.52485e-18
59639.967940	-7.5545326966e-15	1	2e-17	2.52485e-18
59639.967951	-7.6585525777e-15	1	2e-17	2.52485e-18
59639.967963	-7.6520676934e-15	1	2e-17	2.52485e-18
59639.967975	-7.4301077918e-15	1	2e-17	2.52485e-18
59639.967986	-7.1272121980e-15	1	2e-17	2.52485e-18
59639.967998	-7.2270799236e-15	1	2e-17	2.52485e-18
59639.968009	-6.4037876157e-15	1	2e-17	2.52485e-18
59639.968021	-8.2209892309e-15	1	2e-17	2.52485e-18
59639.968032	-8.0951472400e-15	1	2e-17	2.52485e-18
59639.968044	-6.5667271086e-15	1	2e-17	2.52485e-18
59639.968056	-7.0983732672e-15	1	2e-17	2.52485e-18
59639.968067	-6.6112844298e-15	1	2e-17	2.52485e-18
59639.968079	-7.8390688512e-15	1	2e-17	2.52485e-18
59639.968090	-9.2756663759e-15	1	2e-17	2.52485e-18
59639.968102	-1.0290129785e-14	1	2e-17	2.52485e-18
59639.968113	-9.4494546668e-15	1	2e-17	2.52485e-18
59639.968125	-6.1597345537e-15	1	2e-17	2.52485e-18
59639.968137	-7.4651266749e-15	1	2e-17	2.52485e-18
59639.968148	-8.1364460254e-15	1	2e-17	2.52485e-18
59639.968160	-8.5450267671e-15	1	2e-17	2.52485e-18
59639.968171	-9.7131555051e-15	1	2e-17	2.52485e-18
59639.968183	-9.4241190643e-15	1	2e-17	2.52485e-18
59639.968194	-8.5516039779e-15	1	2e-17	2.52485e-18
59639.968206	-6.6798263359e-15	1	2e-17	2.52485e-18
59639.968218	-8.3936331803e-15	1	2e-17	2.52485e-18
59639.968229	-8.8853612171e-15	1	2e-17	2.52485e-18
59639.968241	-9.4951317655e-15	1	2e-17	2.52485e-18
59639.968252	-9.9690577110e-15	1	2e-17	2.52485e-18
59639.968264	-6.5625326015e-15	1	2e-17	2.52485e-18
59639.968275	-9.8449521376e-15	1	2e-17	2.52485e-18
59639.968287	-8.8043958788e-15	1	2e-17	2.52485e-18
59639.968299	-9.6497059610e-15	1	2e-17	2.52485e-18
59639.968310	-7.2409212889e-15	1	2e-17	2.52485e-18
59639.968322	-9.1746365212e-15	1	2e-17	2.52485e-18
59639.968333	-8.2415136862e-15	1	2e-17	2.52485e-18
59639.968345	-7.5824966423e-15	1	2e-17	2.52485e-18
59639.968356	-9.6855752653e-15	1	2e-17	2.52485e-18
59639.968368	-1.0286816192e-14	1	2e-17	2.52485e-18
59639.968380	-1.0454456718e-14	1	2e-17	2.52485e-18
59639.968391	-9.0311550691e-15	1	2e-17	2.52485e-18
59639.968403	-8.4318369073e-15	1	2e-17	2.52485e-18
59639.968414	-1.0530470301e-14	1	2e-17	2.52485e-18
59639.968426	-9.3089039488e-15	1	2e-17	2.52485e-18
59639.968437	-7.2751304086e-15	1	2e-17	2.52485e-18
59639.968449	-9.3570941943e-15	1	2e-17	2.52485e-18
59639.968461	-8.2164711572e-15	1	2e-17	2.52485e-18
59639.968472	-9.7756436667e-15	1	2e-17	2.52485e-18
59639.968484	-9.2770190876e-15	1	2e-17	2.52485e-18
59639.968495	-9.9302492024e-15	1	2e-17	2.52485e-18
59639.968507	-9.0685896902e-15	1	2e-17	2.52485e-18
59639.968519	-7.9733896419e-15	1	2e-17	2.52485e-18
59639.968530	-8.7973070601e-15	1	2e-17	2.52485e-18
59639.968542	-7.5530283661e-15	1	2e-17	2.52485e-18
59639.968553	-9.7565337564e-15	1	2e-17	2.52485e-18
59639.968565	-7.7660266591e-15	1	2e-17	2.52485e-18
59639.968576	-8.9785255240e-15	1	2e-17	2.52485e-18
59639.968588	-9.5028905873e-15	1	2e-17	2.52485e-18
59639.968600	-8.9807091749e-15	1	2e-17	2.52485e-18
59639.968611	-9.8968642458e-15	1	2e-17	2.52485e-18
59639.968623	-9.5485549806e-15	1	2e-17	2.52485e-18
59639.968634	-9.4604932002e-15	1	2e-17	2.52485e-18
59639.968646	-8.9673853467e-15	1	2e-17	2.52485e-18
59639.968657	-9.0764569322e-15	1	2e-17	2.52485e-18
59639.968669	-9.5248524576e-15	1	2e-17	2.52485e-18
59639.968681	-7.2031580191e-15	1	2e-17	2.52485e-18
59639.968692	-7.9298402900e-15	1	2e-17	2.52485e-18
59639.968704	-1.0271529788e-14	1	2e-17	2.52485e-18
59639.968715	-1.0177567576e-14	1	2e-17	2.52485e-18
59639.968727	-9.0659173013e-15	1	2e-17	2.52485e-18
59639.968738	-7.0400203204e-15	1	2e-17	2.52485e-18
59639.968750	-8.7636756169e-15	1	2e-17	2.52485e-18
59639.968762	-8.6314597031e-15	1	2e-17	2.52485e-18
59639.968773	-8.1934013678e-15	1	2e-17	2.52485e-18
59639.968785	-7.2700388935e-15	1	2e-17	2.52485e-18
59639.968796	-8.3633881748e-15	1	2e-17	2.52485e-18
59639.968808	-1.1111862705e-14	1	2e-17	2.52485e-18
59639.968819	-1.2111080368e-14	1	2e-17	2.52485e-18
59639.968831	-1.2459556499e-14	1	2e-17	2.52485e-18
59639.968843	-1.0577931251e-14	1	2e-17	2.52485e-18
59639.968854	-8.0946441024e-15	1	2e-17	2.52485e-18
59639.968866	-9.5919061268e-15	1	2e-17	2.52485e-18
59639.968877	-7.7062413796e-15	1	2e-17	2.52485e-18
59639.968889	-8.6923503605e-15	1	2e-17	2.52485e-18
59639.968900	-7.2787336867e-15	1	2e-17	2.52485e-18
59639.968912	-7.4011587467e-15	1	2e-17	2.52485e-18
59639.968924	-6.2339625920e-15	1	2e-17	2.52485e-18
59639.968935	-8.1264561188e-15	1	2e-17	2.52485e-18
59639.968947	-8.9013523521e-15	1	2e-17	2.52485e-18
59639.968958	-7.6545351004e-15	1	2e-17	2.52485e-18
59639.968970	-7.4564987973e-15	1	2e-17	2.52485e-18
59639.968981	-8.9521624705e-15	1	2e-17	2.52485e-18
59639.968993	-8.0930482923e-15	1	2e-17	2.52485e-18
59639.969005	-1.0186520715e-14	1	2e-17	2.52485e-18
59639.969016	-9.1214487813e-15	1	2e-17	2.52485e-18
59639.969028	-7.6755559170e-15	1	2e-17	2.52485e-18
59639.969039	-1.1487130488e-14	1	2e-17	2.52485e-18
59639.969051	-1.1652519600e-14	1	2e-17	2.52485e-18
59639.969063	-9.3564767072e-15	1	2e-17	2.52485e-18
59639.969074	-6.1811958275e-15	1	2e-17	2.52485e-18
59639.969086	-6.9695243093e-15	1	2e-17	2.52485e-18
59639.969097	-8.9830707028e-15	1	2e-17	2.52485e-18
59639.969109	-7.9215503785e-15	1	2e-17	2.52485e-18
59639.969120	-8.4095650230e-15	1	2e-17	2.52485e-18
59639.969132	-8.2744327747e-15	1	2e-17	2.52485e-18
59639.969144	-9.7078073390e-15	1	2e-17	2.52485e-18
59639.969155	-6.3946422010e-15	1	2e-17	2.52485e-18
59639.969167	-5.3135105230e-15	1	2e-17	2.52485e-18
59639.969178	-8.3699950318e-15	1	2e-17	2.52485e-18
59639.969190	-9.3301754872e-15	1	2e-17	2.52485e-18
59639.969201	-8.8677166738e-15	1	2e-17	2.52485e-18
59639.969213	-9.2831990399e-15	1	2e-17	2.52485e-18
59639.969225	-1.1792595980e-14	1	2e-17	2.52485e-18
59639.969236	-9.7164606276e-15	1	2e-17	2.52485e-18
59639.969248	-9.2285264513e-15	1	2e-17	2.52485e-18
59639.969259	-7.7482889422e-15	1	2e-17	2.52485e-18
59639.969271	-1.0181334332e-14	1	2e-17	2.52485e-18
59639.969282	-1.1251958566e-14	1	2e-17	2.52485e-18
59639.969294	-7.0105156218e-15	1	2e-17	2.52485e-18
59639.969306	-1.0134570490e-14	1	2e-17	2.52485e-18
59639.969317	-1.0154892504e-14	1	2e-17	2.52485e-18
59639.969329	-8.8063694656e-15	1	2e-17	2.52485e-18
59639.969340	-9.9126893624e-15	1	2e-17	2.52485e-18
59639.969352	-9.4953807932e-15	1	2e-17	2.52485e-18
59639.969363	-8.1005724860e-15	1	2e-17	2.52485e-18
59639.969375	-8.8868223490e-15	1	2e-17	2.52485e-18
59639.969387	-8.8567492912e-15	1	2e-17	2.52485e-18
59639.969398	-8.0056954786e-15	1	2e-17	2.52485e-18
59639.969410	-9.5859455559e-15	1	2e-17	2.52485e-18
59639.969421	-1.0208836645e-14	1	2e-17	2.52485e-18
59639.969433	-7.3578050594e-15	1	2e-17	2.52485e-18
59639.969444	-7.5833470634e-15	1	2e-17	2.52485e-18
59639.969456	-8.5017543949e-15	1	2e-17	2.52485e-18
59639.969468	-5.9254011948e-15	1	2e-17	2.52485e-18
59639.969479	-8.4091745408e-15	1	2e-17	2.52485e-18
59639.969491	-8.6805206984e-15	1	2e-17	2.52485e-18
59639.969502	-6.4554456141e-15	1	2e-17	2.52485e-18
59639.969514	-7.6105334328e-15	1	2e-17	2.52485e-18
59639.969525	-8.5964416670e-15	1	2e-17	2.52485e-18
59639.969537	-9.2293548495e-15	1	2e-17	2.52485e-18
59639.969549	-1.0047048270e-14	1	2e-17	2.52485e-18
59639.969560	-9.0321943785e-15	1	2e-17	2.52485e-18
59639.969572	-9.9159318045e-15	1	2e-17	2.52485e-18
59639.969583	-8.9043881182e-15	1	2e-17	2.52485e-18
59639.969595	-8.0289863435e-15	1	2e-17	2.52485e-18
59639.969606	-9.5612977442e-15	1	2e-17	2.52485e-18
59639.969618	-1.2911268158e-14	1	2e-17	2.52485e-18
59639.969630	-8.1407870692e-15	1	2e-17	2.52485e-18
59639.969641	-1.1794483169e-14	1	2e-17	2.52485e-18
59639.969653	-1.1202901806e-14	1	2e-17	2.52485e-18
59639.969664	-1.1006585827e-14	1	2e-17	2.52485e-18
59639.969676	-1.0804540517e-14	1	2e-17	2.52485e-18
59639.969688	-1.2532921410e-14	1	2e-17	2.52485e-18
59639.969699	-1.1526874968e-14	1	2e-17	2.52485e-18
59639.969711	-1.2142927960e-14	1	2e-17	2.52485e-18
59639.969722	-9.8974580159e-15	1	2e-17	2.52485e-18
59639.969734	-9.5387226221e-15	1	2e-17	2.52485e-18
59639.969745	-9.8143014034e-15	1	2e-17	2.52485e-18
59639.969757	-9.4780682868e-15	1	2e-17	2.52485e-18
59639.969769	-5.9532194509e-15	1	2e-17	2.52485e-18
59639.969780	-8.2168362284e-15	1	2e-17	2.52485e-18
59639.969792	-8.4132462282e-15	1	2e-17	2.52485e-18
59639.969803	-9.6688997276e-15	1	2e-17	2.52485e-18
59639.969815	-8.8378892556e-15	1	2e-17	2.52485e-18
59639.969826	-5.3217758705e-15	1	2e-17	2.52485e-18
59639.969838	-1.1290973751e-14	1	2e-17	2.52485e-18
59639.969850	-9.2901260754e-15	1	2e-17	2.52485e-18
59639.969861	-6.8470424981e-15	1	2e-17	2.52485e-18
59639.969873	-6.1977654860e-15	1	2e-17	2.52485e-18
59639.969884	-9.2298850922e-15	1	2e-17	2.52485e-18
59639.969896	-8.7273362094e-15	1	2e-17	2.52485e-18
59639.969907	-8.7834919527e-15	1	2e-17	2.52485e-18
59639.969919	-7.8938244491e-15	1	2e-17	2.52485e-18
59639.969931	-7.8053154353e-15	1	2e-17	2.52485e-18
59639.969942	-9.0180201292e-15	1	2e-17	2.52485e-18
59639.969954	-8.5801557645e-15	1	2e-17	2.52485e-18
59639.969965	-6.6132309115e-15	1	2e-17	2.52485e-18
59639.969977	-8.4376517885e-15	1	2e-17	2.52485e-18
59639.969988	-4.9700835556e-15	1	2e-17	2.52485e-18
59639.970000	-7.6943329434e-15	1	2e-17	2.52485e-18
59639.970012	-8.7590143946e-15	1	2e-17	2.52485e-18
59639.970023	-7.6648240096e-15	1	2e-17	2.52485e-18
59639.970035	-1.0332771964e-14	1	2e-17	2.52485e-18
59639.970046	-8.5814009029e-15	1	2e-17	2.52485e-18
59639.970058	-8.9835585937e-15	1	2e-17	2.52485e-18
59639.970069	-1.0421322483e-14	1	2e-17	2.52485e-18
59639.970081	-1.0130912155e-14	1	2e-17	2.52485e-18
59639.970093	-1.0441686849e-14	1	2e-17	2.52485e-18
59639.970104	-9.3697547957e-15	1	2e-17	2.52485e-18
59639.970116	-1.0767292243e-14	1	2e-17	2.52485e-18
59639.970127	-9.0074085004e-15	1	2e-17	2.52485e-18
59639.970139	-9.3262333959e-15	1	2e-17	2.52485e-18
59639.970150	-9.1745602882e-15	1	2e-17	2.52485e-18
59639.970162	-7.5251050779e-15	1	2e-17	2.52485e-18
59639.970174	-8.1367873797e-15	1	2e-17	2.52485e-18
59639.970185	-8.8183100890e-15	1	2e-17	2.52485e-18
59639.970197	-7.6403540748e-15	1	2e-17	2.52485e-18
59639.970208	-8.0153033733e-15	1	2e-17	2.52485e-18
59639.970220	-1.0191895139e-14	1	2e-17	2.52485e-18
59639.970231	-1.1813339816e-14	1	2e-17	2.52485e-18
59639.970243	-8.6188694053e-15	1	2e-17	2.52485e-18
59639.970255	-7.1086155896e-15	1	2e-17	2.52485e-18
59639.970266	-7.1850382902e-15	1	2e-17	2.52485e-18
59639.970278	-7.4981482544e-15	1	2e-17	2.52485e-18
59639.970289	-8.4369767032e-15	1	2e-17	2.52485e-18
59639.970301	-8.1472109671e-15	1	2e-17	2.52485e-18
59639.970313	-9.9432198179e-15	1	2e-17	2.52485e-18
59639.970324	-1.2559104046e-14	1	2e-17	2.52485e-18
59639.970336	-8.0124581896e-15	1	2e-17	2.52485e-18
59639.970347	-8.2901325304e-15	1	2e-17	2.52485e-18
59639.970359	-1.0020978290e-14	1	2e-17	2.52485e-18
59639.970370	-8.1448511333e-15	1	2e-17	2.52485e-18
59639.970382	-6.4872754182e-15	1	2e-17	2.52485e-18
59639.970394	-7.0428223054e-15	1	2e-17	2.52485e-18
59639.970405	-1.0181720579e-14	1	2e-17	2.52485e-18
59639.970417	-7.3832490821e-15	1	2e-17	2.52485e-18
59639.970428	-1.0260946959e-14	1	2e-17	2.52485e-18
59639.970440	-9.1464709816e-15	1	2e-17	2.52485e-18
59639.970451	-8.6036693991e-15	1	2e-17	2.52485e-18
59639.970463	-8.7497944410e-15	1	2e-17	2.52485e-18
59639.970475	-5.7496113651e-15	1	2e-17	2.52485e-18
59639.970486	-9.5016259671e-15	1	2e-17	2.52485e-18
59639.970498	-8.6860043897e-15	1	2e-17	2.52485e-18
59639.970509	-7.8394974499e-15	1	2e-17	2.52485e-18
59639.970521	-9.0281726661e-15	1	2e-17	2.52485e-18
59639.970532	-8.5780449584e-15	1	2e-17	2.52485e-18
59639.970544	-9.3041216008e-15	1	2e-17	2.52485e-18
59639.970556	-1.0627410681e-14	1	2e-17	2.52485e-18
59639.970567	-1.0841772697e-14	1	2e-17	2.52485e-18
59639.970579	-1.0324814090e-14	1	2e-17	2.52485e-18
59639.970590	-7.3580278291e-15	1	2e-17	2.52485e-18
59639.970602	-8.1033837884e-15	1	2e-17	2.52485e-18
59639.970613	-9.0859038907e-15	1	2e-17	2.52485e-18
59639.970625	-8.8028703725e-15	1	2e-17	2.52485e-18
59639.970637	-8.6076428307e-15	1	2e-17	2.52485e-18
59639.970648	-8.4842030252e-15	1	2e-17	2.52485e-18
59639.970660	-9.5184768406e-15	1	2e-17	2.52485e-18
59639.970671	-1.0237455347e-14	1	2e-17	2.52485e-18
59639.970683	-1.1787686577e-14	1	2e-17	2.52485e-18
59639.970694	-7.9681219441e-15	1	2e-17	2.52485e-18
59639.970706	-7.0038011916e-15	1	2e-17	2.52485e-18
59639.970718	-9.3955774421e-15	1	2e-17	2.52485e-18
59639.970729	-8.9711902187e-15	1	2e-17	2.52485e-18
59639.970741	-1.0039526617e-14	1	2e-17	2.52485e-18
59639.970752	-9.2828619208e-15	1	2e-17	2.52485e-18
59639.970764	-6.7791214672e-15	1	2e-17	2.52485e-18
59639.970775	-4.9120990682e-15	1	2e-17	2.52485e-18
59639.970787	-9.0620522899e-15	1	2e-17	2.52485e-18
59639.970799	-8.9662028887e-15	1	2e-17	2.52485e-18
59639.970810	-9.3116551118e-15	1	2e-17	2.52485e-18
59639.970822	-1.0180318739e-14	1	2e-17	2.52485e-18
59639.970833	-6.8722908562e-15	1	2e-17	2.52485e-18
59639.970845	-7.1399049867e-15	1	2e-17	2.52485e-18
59639.970856	-7.3390797020e-15	1	2e-17	2.52485e-18
59639.970868	-6.4768569129e-15	1	2e-17	2.52485e-18
59639.970880	-8.1991552626e-15	1	2e-17	2.52485e-18
59639.970891	-7.9890258702e-15	1	2e-17	2.52485e-18
59639.970903	-9.9831464100e-15	1	2e-17	2.52485e-18
59639.970914	-7.7787160597e-15	1	2e-17	2.52485e-18
59639.970926	-8.6316426622e-15	1	2e-17	2.52485e-18
59639.970937	-8.9774845205e-15	1	2e-17	2.52485e-18
59639.970949	-8.0780761380e-15	1	2e-17	2.52485e-18
59639.970961	-1.0694756577e-14	1	2e-17	2.52485e-18
59639.970972	-9.2782066277e-15	1	2e-17	2.52485e-18
59639.970984	-1.0146186700e-14	1	2e-17	2.52485e-18
59639.970995	-7.3614108787e-15	1	2e-17	2.52485e-18
59639.971007	-6.5003993467e-15	1	2e-17	2.52485e-18
59639.971019	-9.1299928026e-15	1	2e-17	2.52485e-18
59639.971030	-6.4787601960e-15	1	2e-17	2.52485e-18
59639.971042	-1.0336487898e-14	1	2e-17	2.52485e-18
59639.971053	-1.0073953424e-14	1	2e-17	2.52485e-18
59639.971065	-7.6540912551e-15	1	2e-17	2.52485e-18
59639.971076	-9.8977222902e-15	1	2e-17	2.52485e-18
59639.971088	-8.3248541050e-15	1	2e-17	2.52485e-18
59639.971100	-6.7827704851e-15	1	2e-17	2.52485e-18
59639.971111	-7.4282951413e-15	1	2e-17	2.52485e-18
59639.971123	-8.1183720364e-15	1	2e-17	2.52485e-18
59639.971134	-9.8054761671e-15	1	2e-17	2.52485e-18
59639.971146	-8.4210025089e-15	1	2e-17	2.52485e-18
59639.971157	-9.4480333455e-15	1	2e-17	2.52485e-18
59639.971169	-8.9207765117e-15	1	2e-17	2.52485e-18
59639.971181	-9.4814462542e-15	1	2e-17	2.52485e-18
59639.971192	-7.3487680649e-15	1	2e-17	2.52485e-18
59639.971204	-8.4530872699e-15	1	2e-17	2.52485e-18
59639.971215	-8.0194589169e-15	1	2e-17	2.52485e-18
59639.971227	-7.5873594584e-15	1	2e-17	2.52485e-18
59639.971238	-6.5866196774e-15	1	2e-17	2.52485e-18
59639.971250	-9.7387562289e-15	1	2e-17	2.52485e-18
59639.971262	-8.9820017472e-15	1	2e-17	2.52485e-18
59639.971273	-6.5842894898e-15	1	2e-17	2.52485e-18
59639.971285	-6.6479677327e-15	1	2e-17	2.52485e-18
59639.971296	-9.2041149618e-15	1	2e-17	2.52485e-18
59639.971308	-7.4454941453e-15	1	2e-17	2.52485e-18
59639.971319	-7.4064425383e-15	1	2e-17	2.52485e-18
59639.971331	-9.7198716293e-15	1	2e-17	2.52485e-18
59639.971343	-7.9520020600e-15	1	2e-17	2.52485e-18
59639.971354	-1.0603427790e-14	1	2e-17	2.52485e-18
59639.971366	-8.1779701216e-15	1	2e-17	2.52485e-18
59639.971377	-7.3721631149e-15	1	2e-17	2.52485e-18
59639.971389	-7.5990103966e-15	1	2e-17	2.52485e-18
59639.971400	-9.4344952179e-15	1	2e-17	2.52485e-18
59639.971412	-1.2145665570e-14	1	2e-17	2.52485e-18
59639.971424	-1.0129943996e-14	1	2e-17	2.52485e-18
59639.971435	-9.8168035387e-15	1	2e-17	2.52485e-18
59639.971447	-9.5099954997e-15	1	2e-17	2.52485e-18
59639.971458	-8.3839998746e-15	1	2e-17	2.52485e-18
59639.971470	-1.0805669612e-14	1	2e-17	2.52485e-18
59639.971481	-8.3221605402e-15	1	2e-17	2.52485e-18
59639.971493	-1.0213954418e-14	1	2e-17	2.52485e-18
59639.971505	-1.1080984119e-14	1	2e-17	2.52485e-18
59639.971516	-1.0869225035e-14	1	2e-17	2.52485e-18
59639.971528	-7.5429529091e-15	1	2e-17	2.52485e-18
59639.971539	-6.0365657988e-15	1	2e-17	2.52485e-18
59639.971551	-1.0367457964e-14	1	2e-17	2.52485e-18
59639.971562	-1.0953899531e-14	1	2e-17	2.52485e-18
59639.971574	-8.9390825878e-15	1	2e-17	2.52485e-18
59639.971586	-8.3565543130e-15	1	2e-17	2.52485e-18
59639.971597	-6.4950274637e-15	1	2e-17	2.52485e-18
59639.971609	-8.7747776777e-15	1	2e-17	2.52485e-18
59639.971620	-9.1274847381e-15	1	2e-17	2.52485e-18
59639.971632	-8.6015230176e-15	1	2e-17	2.52485e-18
59639.971644	-8.0661998890e-15	1	2e-17	2.52485e-18
59639.971655	-7.3132706081e-15	1	2e-17	2.52485e-18
59639.971667	-9.5456411872e-15	1	2e-17	2.52485e-18
59639.971678	-9.3517561926e-15	1	2e-17	2.52485e-18
59639.971690	-7.3026022282e-15	1	2e-17	2.52485e-18
59639.971701	-8.4284707984e-15	1	2e-17	2.52485e-18
59639.971713	-9.3764768492e-15	1	2e-17	2.52485e-18
59639.971725	-1.1514388855e-14	1	2e-17	2.52485e-18
59639.971736	-6.7846500512e-15	1	2e-17	2.52485e-18
59639.971748	-6.4945404198e-15	1	2e-17	2.52485e-18
59639.971759	-7.3779542791e-15	1	2e-17	2.52485e-18
59639.971771	-7.7245508438e-15	1	2e-17	2.52485e-18
59639.971782	-6.8617732481e-15	1	2e-17	2.52485e-18
59639.971794	-8.1053014710e-15	1	2e-17	2.52485e-18
59639.971806	-7.9738758389e-15	1	2e-17	2.52485e-18
59639.971817	-7.7922736690e-15	1	2e-17	2.52485e-18
59639.971829	-5.1954307420e-15	1	2e-17	2.52485e-18
59639.971840	-5.2844920212e-15	1	2e-17	2.52485e-18
59639.971852	-6.9800571640e-15	1	2e-17	2.52485e-18
59639.971863	-7.4387246580e-15	1	2e-17	2.52485e-18
59639.971875	-7.7634398205e-15	1	2e-17	2.52485e-18
59639.971887	-8.7286304757e-15	1	2e-17	2.52485e-18
59639.971898	-9.3321617795e-15	1	2e-17	2.52485e-18
59639.971910	-7.5857704246e-15	1	2e-17	2.52485e-18
59639.971921	-1.0600381013e-14	1	2e-17	2.52485e-18
59639.971933	-9.5673353951e-15	1	2e-17	2.52485e-18
59639.971944	-8.5368207119e-15	1	2e-17	2.52485e-18
59639.971956	-8.9714570340e-15	1	2e-17	2.52485e-18
59639.971968	-1.0092908327e-14	1	2e-17	2.52485e-18
59639.971979	-8.1473829148e-15	1	2e-17	2.52485e-18
59639.971991	-7.9282004342e-15	1	2e-17	2.52485e-18
59639.972002	-8.3052046346e-15	1	2e-17	2.52485e-18
59639.972014	-9.4515985072e-15	1	2e-17	2.52485e-18
59639.972025	-6.9168337778e-15	1	2e-17	2.52485e-18
59639.972037	-8.1202787075e-15	1	2e-17	2.52485e-18
59639.972049	-8.5137602399e-15	1	2e-17	2.52485e-18
59639.972060	-8.1543048681e-15	1	2e-17	2.52485e-18
59639.972072	-9.7696958013e-15	1	2e-17	2.52485e-18
59639.972083	-9.0197828048e-15	1	2e-17	2.52485e-18
59639.972095	-8.2676395705e-15	1	2e-17	2.52485e-18
59639.972106	-7.3079114307e-15	1	2e-17	2.52485e-18
59639.972118	-6.1562913648e-15	1	2e-17	2.52485e-18
59639.972130	-7.3630651340e-15	1	2e-17	2.52485e-18
59639.972141	-7.8095480590e-15	1	2e-17	2.52485e-18
59639.972153	-8.0160021755e-15	1	2e-17	2.52485e-18
59639.972164	-8.5662483305e-15	1	2e-17	2.52485e-18
59639.972176	-7.8311999152e-15	1	2e-17	2.52485e-18
59639.972187	-7.7866908749e-15	1	2e-17	2.52485e-18
59639.972199	-8.0568791385e-15	1	2e-17	2.52485e-18
59639.972211	-7.7062041102e-15	1	2e-17	2.52485e-18
59639.972222	-9.2112622258e-15	1	2e-17	2.52485e-18
59639.972234	-9.5514679269e-15	1	2e-17	2.52485e-18
59639.972245	-9.0274941927e-15	1	2e-17	2.52485e-18
59639.972257	-9.3136244634e-15	1	2e-17	2.52485e-18
59639.972269	-7.0839872596e-15	1	2e-17	2.52485e-18
59639.972280	-8.6882075224e-15	1	2e-17	2.52485e-18
59639.972292	-1.3094666885e-14	1	2e-17	2.52485e-18
59639.972303	-7.6620906343e-15	1	2e-17	2.52485e-18
59639.972315	-8.7860025584e-15	1	2e-17	2.52485e-18
59639.972326	-7.8883814154e-15	1	2e-17	2.52485e-18
59639.972338	-8.1486238181e-15	1	2e-17	2.52485e-18
59639.972350	-8.2680139590e-15	1	2e-17	2.52485e-18
59639.972361	-7.7661706547e-15	1	2e-17	2.52485e-18
59639.972373	-8.5753835809e-15	1	2e-17	2.52485e-18
59639.972384	-9.2625060250e-15	1	2e-17	2.52485e-18
59639.972396	-1.0129004636e-14	1	2e-17	2.52485e-18
59639.972407	-9.3393132786e-15	1	2e-17	2.52485e-18
59639.972419	-7.2608104696e-15	1	2e-17	2.52485e-18
59639.972431	-7.7404428760e-15	1	2e-17	2.52485e-18
59639.972442	-8.5288645314e-15	1	2e-17	2.52485e-18
59639.972454	-9.1031393171e-15	1	2e-17	2.52485e-18
59639.972465	-8.3426824544e-15	1	2e-17	2.52485e-18
59639.972477	-8.5549285822e-15	1	2e-17	2.52485e-18
59639.972488	-9.0244982372e-15	1	2e-17	2.52485e-18
59639.972500	-9.8510024939e-15	1	2e-17	2.52485e-18
59639.972512	-8.6050610742e-15	1	2e-17	2.52485e-18
59639.972523	-7.4170033451e-15	1	2e-17	2.52485e-18
59639.972535	-8.5993190379e-15	1	2e-17	2.52485e-18
59639.972546	-8.4375916491e-15	1	2e-17	2.52485e-18
59639.972558	-9.2127962025e-15	1	2e-17	2.52485e-18
59639.972569	-7.7081844732e-15	1	2e-17	2.52485e-18
59639.972581	-6.0172720824e-15	1	2e-17	2.52485e-18
59639.972593	-6.4730816871e-15	1	2e-17	2.52485e-18
59639.972604	-7.1727876527e-15	1	2e-17	2.52485e-18
59639.972616	-8.6722113052e-15	1	2e-17	2.52485e-18
59639.972627	-1.0418872016e-14	1	2e-17	2.52485e-18
59639.972639	-8.4308814541e-15	1	2e-17	2.52485e-18
59639.972650	-8.0895381878e-15	1	2e-17	2.52485e-18
59639.972662	-5.0492497959e-15	1	2e-17	2.52485e-18
59639.972674	-9.4107520374e-15	1	2e-17	2.52485e-18
59639.972685	-9.3875043711e-15	1	2e-17	2.52485e-18
59639.972697	-8.7048085211e-15	1	2e-17	2.52485e-18
59639.972708	-8.5697880812e-15	1	2e-17	2.52485e-18
59639.972720	-1.0154534209e-14	1	2e-17	2.52485e-18
59639.972731	-8.5216867742e-15	1	2e-17	2.52485e-18
59639.972743	-1.0095485849e-14	1	2e-17	2.52485e-18
59639.972755	-8.8776447470e-15	1	2e-17	2.52485e-18
59639.972766	-9.0348913314e-15	1	2e-17	2.52485e-18
59639.972778	-9.0128295113e-15	1	2e-17	2.52485e-18
59639.972789	-8.3446551942e-15	1	2e-17	2.52485e-18
59639.972801	-8.4237502837e-15	1	2e-17	2.52485e-18
59639.972812	-9.5672905023e-15	1	2e-17	2.52485e-18
59639.972824	-8.0446225717e-15	1	2e-17	2.52485e-18
59639.972836	-7.9134739194e-15	1	2e-17	2.52485e-18
59639.972847	-6.5929732715e-15	1	2e-17	2.52485e-18
59639.972859	-9.7479177372e-15	1	2e-17	2.52485e-18
59639.972870	-1.0811168550e-14	1	2e-17	2.52485e-18
59639.972882	-6.2196180891e-15	1	2e-17	2.52485e-18
59639.972894	-6.3023173038e-15	1	2e-17	2.52485e-18
59639.972905	-4.6091475702e-15	1	2e-17	2.52485e-18
59639.972917	-7.1071824099e-15	1	2e-17	2.52485e-18
59639.972928	-9.6610274034e-15	1	2e-17	2.52485e-18
59639.972940	-1.0682840517e-14	1	2e-17	2.52485e-18
59639.972951	-9.1566269066e-15	1	2e-17	2.52485e-18
59639.972963	-9.6140026753e-15	1	2e-17	2.52485e-18
59639.972975	-8.6148265171e-15	1	2e-17	2.52485e-18
59639.972986	-1.0180544050e-14	1	2e-17	2.52485e-18
59639.972998	-1.0449210196e-14	1	2e-17	2.52485e-18
59639.973009	-9.1009709128e-15	1	2e-17	2.52485e-18
59639.973021	-7.4565157380e-15	1	2e-17	2.52485e-18
59639.973032	-7.7871152384e-15	1	2e-17	2.52485e-18
59639.973044	-1.1390850794e-14	1	2e-17	2.52485e-18
59639.973056	-8.1195502592e-15	1	2e-17	2.52485e-18
59639.973067	-7.5255260533e-15	1	2e-17	2.52485e-18
59639.973079	-6.3073215745e-15	1	2e-17	2.52485e-18
59639.973090	-6.9180433409e-15	1	2e-17	2.52485e-18
59639.973102	-1.0371896416e-14	1	2e-17	2.52485e-18
59639.973113	-1.0682840517e-14	1	2e-17	2.52485e-18
59639.973125	-9.4000057304e-15	1	2e-17	2.52485e-18
59639.973137	-9.9657703761e-15	1	2e-17	2.52485e-18
59639.973148	-9.6570183965e-15	1	2e-17	2.52485e-18
59639.973160	-9.2673637590e-15	1	2e-17	2.52485e-18
59639.973171	-1.0326743631e-14	1	2e-17	2.52485e-18
59639.973183	-9.7336071156e-15	1	2e-17	2.52485e-18
59639.973194	-7.2941344398e-15	1	2e-17	2.52485e-18
59639.973206	-7.6188445201e-15	1	2e-17	2.52485e-18
59639.973218	-9.6861283778e-15	1	2e-17	2.52485e-18
59639.973229	-9.0967958874e-15	1	2e-17	2.52485e-18
59639.973241	-8.5904726258e-15	1	2e-17	2.52485e-18
59639.973252	-8.7648716274e-15	1	2e-17	2.52485e-18
59639.973264	-8.1785291633e-15	1	2e-17	2.52485e-18
59639.973275	-7.8140610505e-15	1	2e-17	2.52485e-18
59639.973287	-7.9609009882e-15	1	2e-17	2.52485e-18
59639.973299	-7.8710621327e-15	1	2e-17	2.52485e-18
59639.973310	-8.1183491665e-15	1	2e-17	2.52485e-18
59639.973322	-9.6450955607e-15	1	2e-17	2.52485e-18
59639.973333	-7.4374998483e-15	1	2e-17	2.52485e-18
59639.973345	-7.4105879175e-15	1	2e-17	2.52485e-18
59639.973356	-7.7946351969e-15	1	2e-17	2.52485e-18
59639.973368	-8.2613147754e-15	1	2e-17	2.52485e-18
59639.973380	-1.0147797756e-14	1	2e-17	2.52485e-18
59639.973391	-9.4424005764e-15	1	2e-17	2.52485e-18
59639.973403	-9.0378432413e-15	1	2e-17	2.52485e-18
59639.973414	-9.3042105392e-15	1	2e-17	2.52485e-18
59639.973426	-7.7526384563e-15	1	2e-17	2.52485e-18
59639.973437	-8.4302470264e-15	1	2e-17	2.52485e-18
59639.973449	-9.3275217330e-15	1	2e-17	2.52485e-18
59639.973461	-8.8040875588e-15	1	2e-17	2.52485e-18
59639.973472	-1.0076647836e-14	1	2e-17	2.52485e-18
59639.973484	-7.3781965306e-15	1	2e-17	2.52485e-18
59639.973495	-9.3006191195e-15	1	2e-17	2.52485e-18
59639.973507	-8.6861670200e-15	1	2e-17	2.52485e-18
59639.973519	-1.0008996161e-14	1	2e-17	2.52485e-18
59639.973530	-8.1560167216e-15	1	2e-17	2.52485e-18
59639.973542	-9.9202559077e-15	1	2e-17	2.52485e-18
59639.973553	-1.0673229234e-14	1	2e-17	2.52485e-18
59639.973565	-9.6669727277e-15	1	2e-17	2.52485e-18
59639.973576	-1.0340809460e-14	1	2e-17	2.52485e-18
59639.973588	-8.1975018543e-15	1	2e-17	2.52485e-18
59639.973600	-6.8490398018e-15	1	2e-17	2.52485e-18
59639.973611	-9.1643687878e-15	1	2e-17	2.52485e-18
59639.973623	-1.0658005511e-14	1	2e-17	2.52485e-18
59639.973634	-9.8068119380e-15	1	2e-17	2.52485e-18
59639.973646	-9.8221821979e-15	1	2e-17	2.52485e-18
59639.973657	-9.7351241516e-15	1	2e-17	2.52485e-18
59639.973669	-1.0206443777e-14	1	2e-17	2.52485e-18
59639.973681	-9.0013268039e-15	1	2e-17	2.52485e-18
59639.973692	-1.0641238494e-14	1	2e-17	2.52485e-18
59639.973704	-1.0098754549e-14	1	2e-17	2.52485e-18
59639.973715	-9.1897179428e-15	1	2e-17	2.52485e-18
59639.973727	-9.9135728177e-15	1	2e-17	2.52485e-18
59639.973738	-8.0689840863e-15	1	2e-17	2.52485e-18
59639.973750	-8.6478108271e-15	1	2e-17	2.52485e-18
59639.973762	-8.6000864497e-15	1	2e-17	2.52485e-18
59639.973773	-7.5506990254e-15	1	2e-17	2.52485e-18
59639.973785	-6.0270426074e-15	1	2e-17	2.52485e-18
59639.973796	-7.9764533601e-15	1	2e-17	2.52485e-18
59639.973808	-8.9370259918e-15	1	2e-17	2.52485e-18
59639.973819	-6.5826860564e-15	1	2e-17	2.52485e-18
59639.973831	-7.7668076235e-15	1	2e-17	2.52485e-18
59639.973843	-6.7816668012e-15	1	2e-17	2.52485e-18
59639.973854	-8.1940629005e-15	1	2e-17	2.52485e-18
59639.973866	-7.6070851617e-15	1	2e-17	2.52485e-18
59639.973877	-7.8421096995e-15	1	2e-17	2.52485e-18
59639.973889	-9.4434559795e-15	1	2e-17	2.52485e-18
59639.973900	-6.3011111289e-15	1	2e-17	2.52485e-18
59639.973912	-4.8075531796e-15	1	2e-17	2.52485e-18
59639.973924	-8.1601129730e-15	1	2e-17	2.52485e-18
59639.973935	-9.2509414842e-15	1	2e-17	2.52485e-18
59639.973947	-8.9878826969e-15	1	2e-17	2.52485e-18
59639.973958	-7.6586948792e-15	1	2e-17	2.52485e-18
59639.973970	-8.7806594745e-15	1	2e-17	2.52485e-18
59639.973981	-9.5832358975e-15	1	2e-17	2.52485e-18
59639.973993	-9.9791831428e-15	1	2e-17	2.52485e-18
59639.974005	-8.9505285440e-15	1	2e-17	2.52485e-18
59639.974016	-8.4638877870e-15	1	2e-17	2.52485e-18
59639.974028	-9.7290627838e-15	1	2e-17	2.52485e-18
59639.974039	-7.9635733771e-15	1	2e-17	2.52485e-18
59639.974051	-6.2513293085e-15	1	2e-17	2.52485e-18
59639.974062	-7.3955895051e-15	1	2e-17	2.52485e-18
59639.974074	-7.0882478354e-15	1	2e-17	2.52485e-18
59639.974086	-5.7316966183e-15	1	2e-17	2.52485e-18
59639.974097	-7.6608505780e-15	1	2e-17	2.52485e-18
59639.974109	-7.6553922977e-15	1	2e-17	2.52485e-18
59639.974120	-5.9698170615e-15	1	2e-17	2.52485e-18
59639.974132	-7.4074598248e-15	1	2e-17	2.52485e-18
59639.974144	-9.4116439631e-15	1	2e-17	2.52485e-18
59639.974155	-6.3675667929e-15	1	2e-17	2.52485e-18
59639.974167	-7.9006057949e-15	1	2e-17	2.52485e-18
59639.974178	-9.2463717415e-15	1	2e-17	2.52485e-18
59639.974190	-8.3631569348e-15	1	2e-17	2.52485e-18
59639.974201	-7.5014279659e-15	1	2e-17	2.52485e-18
59639.974213	-5.8964902663e-15	1	2e-17	2.52485e-18
59639.974225	-9.1827460146e-15	1	2e-17	2.52485e-18
59639.974236	-7.7716162295e-15	1	2e-17	2.52485e-18
59639.974248	-7.3081282711e-15	1	2e-17	2.52485e-18
59639.974259	-1.0479312052e-14	1	2e-17	2.52485e-18
59639.974271	-8.8413680199e-15	1	2e-17	2.52485e-18
59639.974282	-9.4045339685e-15	1	2e-17	2.52485e-18
59639.974294	-7.0143459048e-15	1	2e-17	2.52485e-18
59639.974306	-8.6487044468e-15	1	2e-17	2.52485e-18
59639.974317	-8.5212259883e-15	1	2e-17	2.52485e-18
59639.974329	-7.7536438844e-15	1	2e-17	2.52485e-18
59639.974340	-1.0634926404e-14	1	2e-17	2.52485e-18
59639.974352	-9.1126565793e-15	1	2e-17	2.52485e-18
59639.974363	-9.3516774186e-15	1	2e-17	2.52485e-18
59639.974375	-8.7191708118e-15	1	2e-17	2.52485e-18
59639.974387	-7.7384354079e-15	1	2e-17	2.52485e-18
59639.974398	-8.3459316728e-15	1	2e-17	2.52485e-18
59639.974410	-9.8736064152e-15	1	2e-17	2.52485e-18
59639.974421	-8.8565180512e-15	1	2e-17	2.52485e-18
59639.974433	-1.0299676693e-14	1	2e-17	2.52485e-18
59639.974444	-1.1305358064e-14	1	2e-17	2.52485e-18
59639.974456	-1.2359161918e-14	1	2e-17	2.52485e-18
59639.974468	-8.8244188906e-15	1	2e-17	2.52485e-18
59639.974479	-9.1114554866e-15	1	2e-17	2.52485e-18
59639.974491	-1.0098308162e-14	1	2e-17	2.52485e-18
59639.974502	-8.2537888877e-15	1	2e-17	2.52485e-18
59639.974514	-9.7195853322e-15	1	2e-17	2.52485e-18
59639.974525	-8.4251834635e-15	1	2e-17	2.52485e-18
59639.974537	-8.4069502323e-15	1	2e-17	2.52485e-18
59639.974549	-8.3639590750e-15	1	2e-17	2.52485e-18
59639.974560	-9.2773324897e-15	1	2e-17	2.52485e-18
59639.974572	-1.1080596178e-14	1	2e-17	2.52485e-18
59639.974583	-1.0830839196e-14	1	2e-17	2.52485e-18
59639.974595	-8.6485265699e-15	1	2e-17	2.52485e-18
59639.974606	-9.1539426592e-15	1	2e-17	2.52485e-18
59639.974618	-9.2407389724e-15	1	2e-17	2.52485e-18
59639.974630	-1.0578607184e-14	1	2e-17	2.52485e-18
59639.974641	-1.0598929198e-14	1	2e-17	2.52485e-18
59639.974653	-7.3797770941e-15	1	2e-17	2.52485e-18
59639.974664	-5.3114742558e-15	1	2e-17	2.52485e-18
59639.974676	-6.8919403265e-15	1	2e-17	2.52485e-18
59639.974687	-8.5168671567e-15	1	2e-17	2.52485e-18
59639.974699	-9.1228946665e-15	1	2e-17	2.52485e-18
59639.974711	-8.8244231258e-15	1	2e-17	2.52485e-18
59639.974722	-6.9399984349e-15	1	2e-17	2.52485e-18
59639.974734	-4.9367697498e-15	1	2e-17	2.52485e-18
59639.974745	-7.9443626699e-15	1	2e-17	2.52485e-18
59639.974757	-7.8269952436e-15	1	2e-17	2.52485e-18
59639.974769	-6.5012362152e-15	1	2e-17	2.52485e-18
59639.974780	-6.3322539893e-15	1	2e-17	2.52485e-18
59639.974792	-8.0469807114e-15	1	2e-17	2.52485e-18
59639.974803	-9.2850896175e-15	1	2e-17	2.52485e-18
59639.974815	-1.1339202113e-14	1	2e-17	2.52485e-18
59639.974826	-1.0375282007e-14	1	2e-17	2.52485e-18
59639.974838	-9.4821077869e-15	1	2e-17	2.52485e-18
59639.974850	-9.3402136746e-15	1	2e-17	2.52485e-18
59639.974861	-8.6250502048e-15	1	2e-17	2.52485e-18
59639.974873	-8.1235270789e-15	1	2e-17	2.52485e-18
59639.974884	-8.4109278990e-15	1	2e-17	2.52485e-18
59639.974896	-9.0337986589e-15	1	2e-17	2.52485e-18
59639.974907	-9.1198597475e-15	1	2e-17	2.52485e-18
59639.974919	-8.6908536533e-15	1	2e-17	2.52485e-18
59639.974931	-8.3053892878e-15	1	2e-17	2.52485e-18
59639.974942	-8.4690724756e-15	1	2e-17	2.52485e-18
59639.974954	-9.3253440113e-15	1	2e-17	2.52485e-18
59639.974965	-1.0968816628e-14	1	2e-17	2.52485e-18
59639.974977	-9.4601205057e-15	1	2e-17	2.52485e-18
59639.974988	-7.4699606919e-15	1	2e-17	2.52485e-18
59639.975000	-7.9647185657e-15	1	2e-17	2.52485e-18
59639.975012	-8.6499284094e-15	1	2e-17	2.52485e-18
59639.975023	-7.9532277167e-15	1	2e-17	2.52485e-18
59639.975035	-7.4334010559e-15	1	2e-17	2.52485e-18
59639.975046	-9.2196207469e-15	1	2e-17	2.52485e-18
59639.975058	-7.0408758237e-15	1	2e-17	2.52485e-18
59639.975069	-6.7826849348e-15	1	2e-17	2.52485e-18
59639.975081	-9.5676022104e-15	1	2e-17	2.52485e-18
59639.975093	-7.7739227002e-15	1	2e-17	2.52485e-18
59639.975104	-8.9294187889e-15	1	2e-17	2.52485e-18
59639.975116	-6.9785113289e-15	1	2e-17	2.52485e-18
59639.975127	-8.6903428925e-15	1	2e-17	2.52485e-18
59639.975139	-7.8861189904e-15	1	2e-17	2.52485e-18
59639.975150	-7.4384010914e-15	1	2e-17	2.52485e-18
59639.975162	-9.0795968834e-15	1	2e-17	2.52485e-18
59639.975174	-8.4291992467e-15	1	2e-17	2.52485e-18
59639.975185	-7.0714223729e-15	1	2e-17	2.52485e-18
59639.975197	-9.4712632241e-15	1	2e-17	2.52485e-18
59639.975208	-1.0084447315e-14	1	2e-17	2.52485e-18
59639.975220	-1.0959249391e-14	1	2e-17	2.52485e-18
59639.975231	-1.1016162381e-14	1	2e-17	2.52485e-18
59639.975243	-9.6111049756e-15	1	2e-17	2.52485e-18
59639.975255	-1.0321901144e-14	1	2e-17	2.52485e-18
59639.975266	-7.1867933425e-15	1	2e-17	2.52485e-18
59639.975278	-9.0783356513e-15	1	2e-17	2.52485e-18
59639.975289	-8.5096318013e-15	1	2e-17	2.52485e-18
59639.975301	-8.3416041815e-15	1	2e-17	2.52485e-18
59639.975312	-8.9824811678e-15	1	2e-17	2.52485e-18
59639.975324	-8.9329670099e-15	1	2e-17	2.52485e-18
59639.975336	-9.5375715043e-15	1	2e-17	2.52485e-18
59639.975347	-7.4817378380e-15	1	2e-17	2.52485e-18
59639.975359	-7.7803957260e-15	1	2e-17	2.52485e-18
59639.975370	-9.4992771448e-15	1	2e-17	2.52485e-18
59639.975382	-7.8702659217e-15	1	2e-17	2.52485e-18
59639.975394	-6.4530747689e-15	1	2e-17	2.52485e-18
59639.975405	-7.1219521234e-15	1	2e-17	2.52485e-18
59639.975417	-7.0086496082e-15	1	2e-17	2.52485e-18
59639.975428	-5.9887965287e-15	1	2e-17	2.52485e-18
59639.975440	-9.3764488971e-15	1	2e-17	2.52485e-18
59639.975451	-1.0976473806e-14	1	2e-17	2.52485e-18
59639.975463	-9.9300001747e-15	1	2e-17	2.52485e-18
59639.975475	-9.3412792421e-15	1	2e-17	2.52485e-18
59639.975486	-9.6028701213e-15	1	2e-17	2.52485e-18
59639.975498	-1.2149897347e-14	1	2e-17	2.52485e-18
59639.975509	-1.0769004097e-14	1	2e-17	2.52485e-18
59639.975521	-9.4787484543e-15	1	2e-17	2.52485e-18
59639.975532	-8.9983918347e-15	1	2e-17	2.52485e-18
59639.975544	-8.2959635052e-15	1	2e-17	2.52485e-18
59639.975556	-9.8362276982e-15	1	2e-17	2.52485e-18
59639.975567	-7.1572454452e-15	1	2e-17	2.52485e-18
59639.975579	-8.2505032469e-15	1	2e-17	2.52485e-18
59639.975590	-8.8465112040e-15	1	2e-17	2.52485e-18
59639.975602	-1.0929869206e-14	1	2e-17	2.52485e-18
59639.975613	-1.3732492011e-14	1	2e-17	2.52485e-18
59639.975625	-1.2144689788e-14	1	2e-17	2.52485e-18
59639.975637	-1.2092412609e-14	1	2e-17	2.52485e-18
59639.975648	-1.0887899570e-14	1	2e-17	2.52485e-18
59639.975660	-1.0367280934e-14	1	2e-17	2.52485e-18
59639.975671	-9.3049550812e-15	1	2e-17	2.52485e-18
59639.975683	-9.8318282091e-15	1	2e-17	2.52485e-18
59639.975694	-7.8660917434e-15	1	2e-17	2.52485e-18
59639.975706	-8.6915575377e-15	1	2e-17	2.52485e-18
59639.975718	-8.6716488753e-15	1	2e-17	2.52485e-18
59639.975729	-9.7859427403e-15	1	2e-17	2.52485e-18
59639.975741	-1.1805742778e-14	1	2e-17	2.52485e-18
59639.975752	-1.2773055251e-14	1	2e-17	2.52485e-18
59639.975764	-8.9791345407e-15	1	2e-17	2.52485e-18
59639.975775	-7.7867162859e-15	1	2e-17	2.52485e-18
59639.975787	-1.0694968335e-14	1	2e-17	2.52485e-18
59639.975799	-6.7417630791e-15	1	2e-17	2.52485e-18
59639.975810	-1.0841122176e-14	1	2e-17	2.52485e-18
59639.975822	-9.3999430500e-15	1	2e-17	2.52485e-18
59639.975833	-8.8837865829e-15	1	2e-17	2.52485e-18
59639.975845	-8.4134884796e-15	1	2e-17	2.52485e-18
59639.975856	-9.3894660994e-15	1	2e-17	2.52485e-18
59639.975868	-7.3681659664e-15	1	2e-17	2.52485e-18
59639.975880	-8.4122611288e-15	1	2e-17	2.52485e-18
59639.975891	-8.0942434558e-15	1	2e-17	2.52485e-18
