# Data for PTB_In_CombKnoten-SYRTE_Sr2 
# File generated on: 2025-01-20T17:02:11+01:00
# With the script: 06-procclocks-v3.py 
# 
# t           	ΔA→B             	flag	uA_sys 	uB_sys     
59652.003322	-1.1536858945e-14	1	1.7e-17	2.52485e-18
59652.003796	-1.3228777611e-14	1	1.7e-17	2.52485e-18
59652.003819	-1.6091505874e-14	1	1.7e-17	2.52485e-18
59652.005336	-1.0123778443e-14	1	1.7e-17	2.52485e-18
59652.007130	-1.4308650598e-14	1	1.7e-17	2.52485e-18
59652.009016	-9.6659503589e-15	1	1.7e-17	2.52485e-18
59652.009190	-1.4039711708e-14	1	1.7e-17	2.52485e-18
59652.011262	-2.0567637932e-14	1	1.7e-17	2.52485e-18
59652.014294	-1.8202937089e-14	1	1.7e-17	2.52485e-18
59652.016609	-1.2929693666e-14	1	1.7e-17	2.52485e-18
59652.016748	-1.6546160973e-14	1	1.7e-17	2.52485e-18
59652.016794	-1.4353711057e-14	1	1.7e-17	2.52485e-18
59652.017558	-1.4216255397e-14	1	1.7e-17	2.52485e-18
59652.017569	-1.5188528942e-14	1	1.7e-17	2.52485e-18
59652.017581	-1.6442522257e-14	1	1.7e-17	2.52485e-18
59652.017593	-1.4678976791e-14	1	1.7e-17	2.52485e-18
59652.017604	-1.2770991878e-14	1	1.7e-17	2.52485e-18
59652.017616	-1.4006984049e-14	1	1.7e-17	2.52485e-18
59652.017627	-1.4474188788e-14	1	1.7e-17	2.52485e-18
59652.017639	-1.8031833046e-14	1	1.7e-17	2.52485e-18
59652.017650	-1.2682786950e-14	1	1.7e-17	2.52485e-18
59652.017662	-1.5811266718e-14	1	1.7e-17	2.52485e-18
59652.017674	-1.5977599425e-14	1	1.7e-17	2.52485e-18
59652.017685	-1.8370454795e-14	1	1.7e-17	2.52485e-18
59652.017697	-1.2821791832e-14	1	1.7e-17	2.52485e-18
59652.017708	-1.4644655016e-14	1	1.7e-17	2.52485e-18
59652.017720	-1.6732254112e-14	1	1.7e-17	2.52485e-18
59652.017731	-1.0686017738e-14	1	1.7e-17	2.52485e-18
59652.017743	-1.3684046809e-14	1	1.7e-17	2.52485e-18
59652.017755	-1.0649753716e-14	1	1.7e-17	2.52485e-18
59652.017766	-1.5689005982e-14	1	1.7e-17	2.52485e-18
59652.017778	-1.0289034571e-14	1	1.7e-17	2.52485e-18
59652.017789	-1.5413666064e-14	1	1.7e-17	2.52485e-18
59652.017801	-1.5330145228e-14	1	1.7e-17	2.52485e-18
59652.017812	-1.9081767653e-14	1	1.7e-17	2.52485e-18
59652.017824	-1.4051914912e-14	1	1.7e-17	2.52485e-18
59652.017836	-1.6960016189e-14	1	1.7e-17	2.52485e-18
59652.017847	-1.2866882784e-14	1	1.7e-17	2.52485e-18
59652.017859	-1.4231891625e-14	1	1.7e-17	2.52485e-18
59652.017870	-1.5366134810e-14	1	1.7e-17	2.52485e-18
59652.017882	-1.2534671380e-14	1	1.7e-17	2.52485e-18
59652.017894	-1.3469617030e-14	1	1.7e-17	2.52485e-18
59652.017905	-1.2394694951e-14	1	1.7e-17	2.52485e-18
59652.017917	-1.4386872397e-14	1	1.7e-17	2.52485e-18
59652.017928	-1.6489696063e-14	1	1.7e-17	2.52485e-18
59652.017940	-1.4538982573e-14	1	1.7e-17	2.52485e-18
59652.017951	-1.3838218664e-14	1	1.7e-17	2.52485e-18
59652.017963	-1.6023460330e-14	1	1.7e-17	2.52485e-18
59652.017975	-1.6469694227e-14	1	1.7e-17	2.52485e-18
59652.017986	-1.5141952294e-14	1	1.7e-17	2.52485e-18
59652.017998	-1.7231282726e-14	1	1.7e-17	2.52485e-18
59652.018009	-1.6278929702e-14	1	1.7e-17	2.52485e-18
59652.018021	-1.4727291550e-14	1	1.7e-17	2.52485e-18
59652.018032	-1.6280803339e-14	1	1.7e-17	2.52485e-18
59652.018044	-1.5386101918e-14	1	1.7e-17	2.52485e-18
59652.018056	-1.7414540845e-14	1	1.7e-17	2.52485e-18
59652.018067	-1.3877577744e-14	1	1.7e-17	2.52485e-18
59652.018079	-1.6282930238e-14	1	1.7e-17	2.52485e-18
59652.018090	-1.5654611362e-14	1	1.7e-17	2.52485e-18
59652.018102	-1.5033113643e-14	1	1.7e-17	2.52485e-18
59652.018113	-1.4395417265e-14	1	1.7e-17	2.52485e-18
59652.018125	-1.5488557329e-14	1	1.7e-17	2.52485e-18
59652.018137	-1.3384607956e-14	1	1.7e-17	2.52485e-18
59652.018148	-1.4457430241e-14	1	1.7e-17	2.52485e-18
59652.018160	-1.2304027697e-14	1	1.7e-17	2.52485e-18
59652.018171	-1.4325227880e-14	1	1.7e-17	2.52485e-18
59652.018183	-1.2524355366e-14	1	1.7e-17	2.52485e-18
59652.018194	-1.7268006686e-14	1	1.7e-17	2.52485e-18
59652.018206	-1.3639576732e-14	1	1.7e-17	2.52485e-18
59652.018218	-1.6442622207e-14	1	1.7e-17	2.52485e-18
59652.018229	-1.5422656472e-14	1	1.7e-17	2.52485e-18
59652.018241	-1.7732301867e-14	1	1.7e-17	2.52485e-18
59652.018252	-1.7048228741e-14	1	1.7e-17	2.52485e-18
59652.018264	-1.6721862712e-14	1	1.7e-17	2.52485e-18
59652.018275	-1.2211996720e-14	1	1.7e-17	2.52485e-18
59652.018287	-1.4522103748e-14	1	1.7e-17	2.52485e-18
59652.018299	-1.3641286892e-14	1	1.7e-17	2.52485e-18
59652.018310	-1.1727025465e-14	1	1.7e-17	2.52485e-18
59652.018322	-1.5408332298e-14	1	1.7e-17	2.52485e-18
59652.018333	-1.4821801792e-14	1	1.7e-17	2.52485e-18
59652.018345	-1.4866485321e-14	1	1.7e-17	2.52485e-18
59652.018356	-1.3192325548e-14	1	1.7e-17	2.52485e-18
59652.018391	-7.5243927232e-15	1	1.7e-17	2.52485e-18
59652.018403	-1.1302276559e-14	1	1.7e-17	2.52485e-18
59652.018414	-1.2721324408e-14	1	1.7e-17	2.52485e-18
59652.018426	-1.3766192064e-14	1	1.7e-17	2.52485e-18
59652.018831	-1.2953280145e-14	1	1.7e-17	2.52485e-18
59652.018843	-1.5253022878e-14	1	1.7e-17	2.52485e-18
59652.018854	-1.4833604349e-14	1	1.7e-17	2.52485e-18
59652.018866	-1.2968204866e-14	1	1.7e-17	2.52485e-18
59652.018877	-1.2864224795e-14	1	1.7e-17	2.52485e-18
59652.018889	-1.8063458715e-14	1	1.7e-17	2.52485e-18
59652.018900	-1.5946819941e-14	1	1.7e-17	2.52485e-18
59652.018912	-9.7941733594e-15	1	1.7e-17	2.52485e-18
59652.018924	-8.1636781346e-15	1	1.7e-17	2.52485e-18
59652.018935	-1.2240331666e-14	1	1.7e-17	2.52485e-18
59652.018947	-1.6361046158e-14	1	1.7e-17	2.52485e-18
59652.018958	-1.2910492276e-14	1	1.7e-17	2.52485e-18
59652.018970	-1.4240077352e-14	1	1.7e-17	2.52485e-18
59652.018981	-1.4701757742e-14	1	1.7e-17	2.52485e-18
59652.018993	-1.5849820269e-14	1	1.7e-17	2.52485e-18
59652.019005	-1.5600275893e-14	1	1.7e-17	2.52485e-18
59652.019016	-1.4722409252e-14	1	1.7e-17	2.52485e-18
59652.019028	-1.5861358552e-14	1	1.7e-17	2.52485e-18
59652.019039	-1.5830911953e-14	1	1.7e-17	2.52485e-18
59652.019051	-1.7463404481e-14	1	1.7e-17	2.52485e-18
59652.019062	-1.5154894111e-14	1	1.7e-17	2.52485e-18
59652.019074	-2.3824056944e-14	1	1.7e-17	2.52485e-18
59652.019120	-1.0599705080e-14	1	1.7e-17	2.52485e-18
59652.019132	-1.6373934611e-14	1	1.7e-17	2.52485e-18
59652.019144	-1.1981624087e-14	1	1.7e-17	2.52485e-18
59652.019155	-1.4664470505e-14	1	1.7e-17	2.52485e-18
59652.019167	-1.1181698030e-14	1	1.7e-17	2.52485e-18
59652.019178	-1.5966311864e-14	1	1.7e-17	2.52485e-18
59652.019190	-1.4989353380e-14	1	1.7e-17	2.52485e-18
59652.019201	-1.4858024309e-14	1	1.7e-17	2.52485e-18
59652.019213	-1.2758426992e-14	1	1.7e-17	2.52485e-18
59652.019225	-1.4745612873e-14	1	1.7e-17	2.52485e-18
59652.019236	-1.1912382532e-14	1	1.7e-17	2.52485e-18
59652.019248	-1.6365377884e-14	1	1.7e-17	2.52485e-18
59652.019259	-1.4786478824e-14	1	1.7e-17	2.52485e-18
59652.019444	-1.5865464968e-14	1	1.7e-17	2.52485e-18
59652.019456	-1.2713537634e-14	1	1.7e-17	2.52485e-18
59652.019468	-1.0827185096e-14	1	1.7e-17	2.52485e-18
59652.019479	-1.2072605590e-14	1	1.7e-17	2.52485e-18
59652.019491	-1.4855191831e-14	1	1.7e-17	2.52485e-18
59652.019502	-1.5048713449e-14	1	1.7e-17	2.52485e-18
59652.019514	-1.3264391958e-14	1	1.7e-17	2.52485e-18
59652.019525	-1.2553998978e-14	1	1.7e-17	2.52485e-18
59652.019537	-1.2988787766e-14	1	1.7e-17	2.52485e-18
59652.019549	-1.4177532439e-14	1	1.7e-17	2.52485e-18
59652.019560	-1.2173663397e-14	1	1.7e-17	2.52485e-18
59652.019572	-1.2351220985e-14	1	1.7e-17	2.52485e-18
59652.019583	-1.2727927876e-14	1	1.7e-17	2.52485e-18
59652.020012	-1.8632607257e-14	1	1.7e-17	2.52485e-18
59652.020023	-1.6806113691e-14	1	1.7e-17	2.52485e-18
59652.020035	-1.6616381699e-14	1	1.7e-17	2.52485e-18
59652.020046	-1.4099306405e-14	1	1.7e-17	2.52485e-18
59652.020058	-1.5354261950e-14	1	1.7e-17	2.52485e-18
59652.020069	-1.4219894251e-14	1	1.7e-17	2.52485e-18
59652.020093	-1.3639734280e-14	1	1.7e-17	2.52485e-18
59652.020104	-1.6226204442e-14	1	1.7e-17	2.52485e-18
59652.020116	-1.4456805978e-14	1	1.7e-17	2.52485e-18
59652.020127	-1.6029166791e-14	1	1.7e-17	2.52485e-18
59652.020139	-1.3472385134e-14	1	1.7e-17	2.52485e-18
59652.020150	-1.3795096216e-14	1	1.7e-17	2.52485e-18
59652.020162	-1.3022313330e-14	1	1.7e-17	2.52485e-18
59652.020174	-1.4986014376e-14	1	1.7e-17	2.52485e-18
59652.020185	-1.3561602267e-14	1	1.7e-17	2.52485e-18
59652.020197	-1.3911660655e-14	1	1.7e-17	2.52485e-18
59652.020208	-1.4569474066e-14	1	1.7e-17	2.52485e-18
59652.020220	-1.4260540821e-14	1	1.7e-17	2.52485e-18
59652.020231	-1.6328455718e-14	1	1.7e-17	2.52485e-18
59652.020243	-1.2644235939e-14	1	1.7e-17	2.52485e-18
59652.020255	-1.5205025756e-14	1	1.7e-17	2.52485e-18
59652.020405	-2.0441782388e-14	1	1.7e-17	2.52485e-18
59652.020417	-1.5041769473e-14	1	1.7e-17	2.52485e-18
59652.020428	-1.4298398958e-14	1	1.7e-17	2.52485e-18
59652.020440	-1.7266973306e-14	1	1.7e-17	2.52485e-18
59652.020451	-1.3513180782e-14	1	1.7e-17	2.52485e-18
59652.020463	-1.2318966817e-14	1	1.7e-17	2.52485e-18
59652.020475	-9.7588258275e-15	1	1.7e-17	2.52485e-18
59652.020486	-1.7343694162e-14	1	1.7e-17	2.52485e-18
59652.020498	-1.4411847163e-14	1	1.7e-17	2.52485e-18
59652.020509	-1.4272404364e-14	1	1.7e-17	2.52485e-18
59652.020521	-1.3452899988e-14	1	1.7e-17	2.52485e-18
59652.020532	-1.5844731296e-14	1	1.7e-17	2.52485e-18
59652.020544	-1.3329102734e-14	1	1.7e-17	2.52485e-18
59652.020556	-1.5637635128e-14	1	1.7e-17	2.52485e-18
59652.020567	-1.4021118488e-14	1	1.7e-17	2.52485e-18
59652.020579	-1.5454188967e-14	1	1.7e-17	2.52485e-18
59652.020590	-1.4246274245e-14	1	1.7e-17	2.52485e-18
59652.020602	-1.5389082627e-14	1	1.7e-17	2.52485e-18
59652.020613	-1.3258727849e-14	1	1.7e-17	2.52485e-18
59652.020625	-1.3824652584e-14	1	1.7e-17	2.52485e-18
59652.020637	-1.4404465271e-14	1	1.7e-17	2.52485e-18
59652.020648	-1.4585870929e-14	1	1.7e-17	2.52485e-18
59652.020660	-1.2018342966e-14	1	1.7e-17	2.52485e-18
59652.020671	-1.3985244102e-14	1	1.7e-17	2.52485e-18
59652.020683	-1.3701906499e-14	1	1.7e-17	2.52485e-18
59652.020694	-1.1284798034e-14	1	1.7e-17	2.52485e-18
59652.020706	-1.3688641963e-14	1	1.7e-17	2.52485e-18
59652.020718	-1.5531916099e-14	1	1.7e-17	2.52485e-18
59652.020729	-1.4236484238e-14	1	1.7e-17	2.52485e-18
59652.020741	-1.2814479397e-14	1	1.7e-17	2.52485e-18
59652.020752	-1.5397978167e-14	1	1.7e-17	2.52485e-18
59652.020764	-1.3415538212e-14	1	1.7e-17	2.52485e-18
59652.020775	-1.5794254908e-14	1	1.7e-17	2.52485e-18
59652.020787	-1.1571485652e-14	1	1.7e-17	2.52485e-18
59652.020799	-1.3263336555e-14	1	1.7e-17	2.52485e-18
59652.020810	-1.1882624570e-14	1	1.7e-17	2.52485e-18
59652.020822	-1.4162268905e-14	1	1.7e-17	2.52485e-18
59652.020833	-1.5082050971e-14	1	1.7e-17	2.52485e-18
59652.020845	-1.4685144038e-14	1	1.7e-17	2.52485e-18
59652.020856	-1.5936152409e-14	1	1.7e-17	2.52485e-18
59652.020868	-1.4180261579e-14	1	1.7e-17	2.52485e-18
59652.020880	-1.3727248030e-14	1	1.7e-17	2.52485e-18
59652.020891	-1.6456380563e-14	1	1.7e-17	2.52485e-18
59652.020903	-1.6052358553e-14	1	1.7e-17	2.52485e-18
59652.020914	-1.4265072447e-14	1	1.7e-17	2.52485e-18
59652.020926	-1.5166009724e-14	1	1.7e-17	2.52485e-18
59652.020937	-1.4707857226e-14	1	1.7e-17	2.52485e-18
59652.020949	-1.6214524704e-14	1	1.7e-17	2.52485e-18
59652.020961	-1.3695374180e-14	1	1.7e-17	2.52485e-18
59652.020972	-1.6686841287e-14	1	1.7e-17	2.52485e-18
59652.020984	-1.8098237041e-14	1	1.7e-17	2.52485e-18
59652.020995	-1.4485200216e-14	1	1.7e-17	2.52485e-18
59652.021007	-1.6120926717e-14	1	1.7e-17	2.52485e-18
59652.021019	-1.5064559741e-14	1	1.7e-17	2.52485e-18
59652.021030	-1.7617866869e-14	1	1.7e-17	2.52485e-18
59652.021042	-1.4159605834e-14	1	1.7e-17	2.52485e-18
59652.021053	-1.4390322362e-14	1	1.7e-17	2.52485e-18
59652.021065	-1.2473403793e-14	1	1.7e-17	2.52485e-18
59652.021076	-1.3225364068e-14	1	1.7e-17	2.52485e-18
59652.021088	-1.2567276220e-14	1	1.7e-17	2.52485e-18
59652.021100	-1.3947433398e-14	1	1.7e-17	2.52485e-18
59652.021111	-1.0867742727e-14	1	1.7e-17	2.52485e-18
59652.021123	-1.1933551579e-14	1	1.7e-17	2.52485e-18
59652.021134	-1.4399476247e-14	1	1.7e-17	2.52485e-18
59652.021146	-1.4200879208e-14	1	1.7e-17	2.52485e-18
59652.021157	-1.4170693495e-14	1	1.7e-17	2.52485e-18
59652.021169	-1.1610089179e-14	1	1.7e-17	2.52485e-18
59652.021181	-1.2196977979e-14	1	1.7e-17	2.52485e-18
59652.021192	-1.5015133674e-14	1	1.7e-17	2.52485e-18
59652.021204	-1.4328297527e-14	1	1.7e-17	2.52485e-18
59652.021215	-1.6492769945e-14	1	1.7e-17	2.52485e-18
59652.021227	-1.5232168927e-14	1	1.7e-17	2.52485e-18
59652.021238	-1.5995776752e-14	1	1.7e-17	2.52485e-18
59652.021250	-1.5553296905e-14	1	1.7e-17	2.52485e-18
59652.021262	-1.7124925034e-14	1	1.7e-17	2.52485e-18
59652.021273	-1.3709107973e-14	1	1.7e-17	2.52485e-18
59652.021285	-1.4163388683e-14	1	1.7e-17	2.52485e-18
59652.021296	-1.3401053101e-14	1	1.7e-17	2.52485e-18
59652.021308	-1.2580067264e-14	1	1.7e-17	2.52485e-18
59652.021319	-1.5621777824e-14	1	1.7e-17	2.52485e-18
59652.021331	-1.5216908781e-14	1	1.7e-17	2.52485e-18
59652.021343	-1.5157713036e-14	1	1.7e-17	2.52485e-18
59652.021354	-1.2981869201e-14	1	1.7e-17	2.52485e-18
59652.021366	-1.2754080866e-14	1	1.7e-17	2.52485e-18
59652.021377	-1.5369111284e-14	1	1.7e-17	2.52485e-18
59652.021389	-1.5170498999e-14	1	1.7e-17	2.52485e-18
59652.021400	-1.5362175778e-14	1	1.7e-17	2.52485e-18
59652.021412	-1.3439244123e-14	1	1.7e-17	2.52485e-18
59652.021424	-1.2013040539e-14	1	1.7e-17	2.52485e-18
59652.021435	-1.4377616868e-14	1	1.7e-17	2.52485e-18
59652.021447	-1.4263912859e-14	1	1.7e-17	2.52485e-18
59652.021458	-1.9034488815e-14	1	1.7e-17	2.52485e-18
59652.021470	-1.4053903745e-14	1	1.7e-17	2.52485e-18
59652.021481	-1.8099531307e-14	1	1.7e-17	2.52485e-18
59652.021493	-1.7776832930e-14	1	1.7e-17	2.52485e-18
59652.021505	-1.5874197878e-14	1	1.7e-17	2.52485e-18
59652.021516	-1.3354589109e-14	1	1.7e-17	2.52485e-18
59652.021528	-1.3662045128e-14	1	1.7e-17	2.52485e-18
59652.021539	-1.4882631463e-14	1	1.7e-17	2.52485e-18
59652.021551	-1.3564393241e-14	1	1.7e-17	2.52485e-18
59652.021562	-1.4948439994e-14	1	1.7e-17	2.52485e-18
59652.021574	-1.7532661283e-14	1	1.7e-17	2.52485e-18
59652.021586	-1.5475043766e-14	1	1.7e-17	2.52485e-18
59652.021597	-1.5646019060e-14	1	1.7e-17	2.52485e-18
59652.021609	-1.5399811993e-14	1	1.7e-17	2.52485e-18
59652.021620	-1.4689175915e-14	1	1.7e-17	2.52485e-18
59652.021632	-1.5273386397e-14	1	1.7e-17	2.52485e-18
59652.021644	-1.6875503477e-14	1	1.7e-17	2.52485e-18
59652.021655	-1.4923642258e-14	1	1.7e-17	2.52485e-18
59652.021667	-1.4448088315e-14	1	1.7e-17	2.52485e-18
59652.021678	-1.2782016859e-14	1	1.7e-17	2.52485e-18
59652.021690	-1.5924199080e-14	1	1.7e-17	2.52485e-18
59652.021701	-1.3885303531e-14	1	1.7e-17	2.52485e-18
59652.021713	-1.4085524332e-14	1	1.7e-17	2.52485e-18
59652.021725	-1.5709526202e-14	1	1.7e-17	2.52485e-18
59652.021736	-1.4349899409e-14	1	1.7e-17	2.52485e-18
59652.021748	-1.4315496318e-14	1	1.7e-17	2.52485e-18
59652.021759	-1.5333020057e-14	1	1.7e-17	2.52485e-18
59652.021771	-1.7364416823e-14	1	1.7e-17	2.52485e-18
59652.021782	-1.6099238438e-14	1	1.7e-17	2.52485e-18
59652.021794	-1.5550456803e-14	1	1.7e-17	2.52485e-18
59652.021806	-1.5986428896e-14	1	1.7e-17	2.52485e-18
59652.021817	-1.6534786168e-14	1	1.7e-17	2.52485e-18
59652.021829	-1.7454418309e-14	1	1.7e-17	2.52485e-18
59652.021840	-1.5303203651e-14	1	1.7e-17	2.52485e-18
59652.021852	-1.6213477772e-14	1	1.7e-17	2.52485e-18
59652.021863	-1.7520865503e-14	1	1.7e-17	2.52485e-18
59652.021875	-1.4047492553e-14	1	1.7e-17	2.52485e-18
59652.021887	-1.4289450055e-14	1	1.7e-17	2.52485e-18
59652.021898	-1.3588565020e-14	1	1.7e-17	2.52485e-18
59652.021910	-1.4390437558e-14	1	1.7e-17	2.52485e-18
59652.021921	-1.2800378840e-14	1	1.7e-17	2.52485e-18
59652.021933	-1.3038123200e-14	1	1.7e-17	2.52485e-18
59652.021944	-1.4135008844e-14	1	1.7e-17	2.52485e-18
59652.021956	-1.4117122049e-14	1	1.7e-17	2.52485e-18
59652.021968	-1.4830616017e-14	1	1.7e-17	2.52485e-18
59652.021979	-1.4703669495e-14	1	1.7e-17	2.52485e-18
59652.021991	-1.7539141932e-14	1	1.7e-17	2.52485e-18
59652.022002	-1.5682852288e-14	1	1.7e-17	2.52485e-18
59652.022014	-1.5675080761e-14	1	1.7e-17	2.52485e-18
59652.022025	-1.7607305215e-14	1	1.7e-17	2.52485e-18
59652.022037	-1.5158514330e-14	1	1.7e-17	2.52485e-18
59652.022049	-1.6449380683e-14	1	1.7e-17	2.52485e-18
59652.022060	-1.7167652764e-14	1	1.7e-17	2.52485e-18
59652.022072	-1.6739532666e-14	1	1.7e-17	2.52485e-18
59652.022083	-1.5421565494e-14	1	1.7e-17	2.52485e-18
59652.022095	-1.5114831993e-14	1	1.7e-17	2.52485e-18
59652.022106	-1.4626051631e-14	1	1.7e-17	2.52485e-18
59652.022118	-1.4896059477e-14	1	1.7e-17	2.52485e-18
59652.022130	-1.5992179403e-14	1	1.7e-17	2.52485e-18
59652.022141	-1.6992144149e-14	1	1.7e-17	2.52485e-18
59652.022153	-1.4112983446e-14	1	1.7e-17	2.52485e-18
59652.022164	-1.4723895795e-14	1	1.7e-17	2.52485e-18
59652.022176	-1.2545082262e-14	1	1.7e-17	2.52485e-18
59652.022187	-1.2300137275e-14	1	1.7e-17	2.52485e-18
59652.022199	-1.1909704214e-14	1	1.7e-17	2.52485e-18
59652.022211	-1.5137278367e-14	1	1.7e-17	2.52485e-18
59652.022222	-1.4045184388e-14	1	1.7e-17	2.52485e-18
59652.022234	-1.3421510641e-14	1	1.7e-17	2.52485e-18
59652.022245	-1.5079386206e-14	1	1.7e-17	2.52485e-18
59652.022257	-1.6663714747e-14	1	1.7e-17	2.52485e-18
59652.022269	-1.5633234792e-14	1	1.7e-17	2.52485e-18
59652.022280	-1.4119219303e-14	1	1.7e-17	2.52485e-18
59652.022292	-1.3945173514e-14	1	1.7e-17	2.52485e-18
59652.022303	-1.6072722919e-14	1	1.7e-17	2.52485e-18
59652.022315	-1.6244380075e-14	1	1.7e-17	2.52485e-18
59652.022326	-1.6642045950e-14	1	1.7e-17	2.52485e-18
59652.022338	-1.3966318844e-14	1	1.7e-17	2.52485e-18
59652.022350	-1.3590788481e-14	1	1.7e-17	2.52485e-18
59652.022361	-1.2565970942e-14	1	1.7e-17	2.52485e-18
59652.022373	-1.3465873991e-14	1	1.7e-17	2.52485e-18
59652.022384	-1.5668922831e-14	1	1.7e-17	2.52485e-18
59652.022396	-1.7187543638e-14	1	1.7e-17	2.52485e-18
59652.022407	-1.4759170482e-14	1	1.7e-17	2.52485e-18
59652.022419	-1.4191500012e-14	1	1.7e-17	2.52485e-18
59652.022431	-1.6328491293e-14	1	1.7e-17	2.52485e-18
59652.022442	-1.5187321920e-14	1	1.7e-17	2.52485e-18
59652.022454	-1.4382378040e-14	1	1.7e-17	2.52485e-18
59652.022465	-1.4910430238e-14	1	1.7e-17	2.52485e-18
59652.022477	-1.4784555213e-14	1	1.7e-17	2.52485e-18
59652.022488	-1.3873110492e-14	1	1.7e-17	2.52485e-18
59652.022500	-1.6977104232e-14	1	1.7e-17	2.52485e-18
59652.022512	-1.4967659172e-14	1	1.7e-17	2.52485e-18
59652.022523	-1.2179075938e-14	1	1.7e-17	2.52485e-18
59652.022535	-1.3477119201e-14	1	1.7e-17	2.52485e-18
59652.022546	-1.5358353966e-14	1	1.7e-17	2.52485e-18
59652.022558	-1.4695061947e-14	1	1.7e-17	2.52485e-18
59652.022569	-1.5899285300e-14	1	1.7e-17	2.52485e-18
59652.022581	-1.5528519497e-14	1	1.7e-17	2.52485e-18
59652.022593	-1.5903341740e-14	1	1.7e-17	2.52485e-18
59652.022604	-1.8302399933e-14	1	1.7e-17	2.52485e-18
59652.022616	-1.7249070417e-14	1	1.7e-17	2.52485e-18
59652.022627	-1.5754956815e-14	1	1.7e-17	2.52485e-18
59652.022639	-1.5405166936e-14	1	1.7e-17	2.52485e-18
59652.022650	-1.4135799973e-14	1	1.7e-17	2.52485e-18
59652.022662	-1.3957557136e-14	1	1.7e-17	2.52485e-18
59652.022674	-1.3222361337e-14	1	1.7e-17	2.52485e-18
59652.022685	-1.2776314634e-14	1	1.7e-17	2.52485e-18
59652.022697	-1.4378949251e-14	1	1.7e-17	2.52485e-18
59652.022708	-1.3965992737e-14	1	1.7e-17	2.52485e-18
59652.022720	-1.4927697851e-14	1	1.7e-17	2.52485e-18
59652.022731	-1.4490061339e-14	1	1.7e-17	2.52485e-18
59652.022743	-1.7360550118e-14	1	1.7e-17	2.52485e-18
59652.022755	-1.3533380823e-14	1	1.7e-17	2.52485e-18
59652.022766	-1.3968524518e-14	1	1.7e-17	2.52485e-18
59652.022778	-1.2341558880e-14	1	1.7e-17	2.52485e-18
59652.022789	-1.6191560794e-14	1	1.7e-17	2.52485e-18
59652.022801	-1.4286759032e-14	1	1.7e-17	2.52485e-18
59652.022812	-1.6608892233e-14	1	1.7e-17	2.52485e-18
59652.022824	-1.5241056843e-14	1	1.7e-17	2.52485e-18
59652.022836	-1.3746269849e-14	1	1.7e-17	2.52485e-18
59652.022847	-1.1869022068e-14	1	1.7e-17	2.52485e-18
59652.022859	-1.6710420143e-14	1	1.7e-17	2.52485e-18
59652.022870	-1.2517408849e-14	1	1.7e-17	2.52485e-18
59652.022882	-1.3477247103e-14	1	1.7e-17	2.52485e-18
59652.022894	-1.3456683684e-14	1	1.7e-17	2.52485e-18
59652.022905	-1.7816615526e-14	1	1.7e-17	2.52485e-18
59652.022917	-1.6105298112e-14	1	1.7e-17	2.52485e-18
59652.022928	-1.7122845568e-14	1	1.7e-17	2.52485e-18
59652.022940	-1.3303699369e-14	1	1.7e-17	2.52485e-18
59652.022951	-1.4565681052e-14	1	1.7e-17	2.52485e-18
59652.022963	-1.3974720564e-14	1	1.7e-17	2.52485e-18
59652.022975	-1.5220418038e-14	1	1.7e-17	2.52485e-18
59652.022986	-1.6423632575e-14	1	1.7e-17	2.52485e-18
59652.022998	-1.6459218970e-14	1	1.7e-17	2.52485e-18
59652.023009	-1.5778748276e-14	1	1.7e-17	2.52485e-18
59652.023021	-1.6927767951e-14	1	1.7e-17	2.52485e-18
59652.023032	-1.4468811823e-14	1	1.7e-17	2.52485e-18
59652.023044	-1.5479329752e-14	1	1.7e-17	2.52485e-18
59652.023056	-1.4150784833e-14	1	1.7e-17	2.52485e-18
59652.023067	-1.4147782948e-14	1	1.7e-17	2.52485e-18
59652.023079	-1.3946912473e-14	1	1.7e-17	2.52485e-18
59652.023090	-1.5286646698e-14	1	1.7e-17	2.52485e-18
59652.023102	-1.5573286035e-14	1	1.7e-17	2.52485e-18
59652.023113	-1.2707301777e-14	1	1.7e-17	2.52485e-18
59652.023125	-1.2506372857e-14	1	1.7e-17	2.52485e-18
59652.023137	-1.3197938836e-14	1	1.7e-17	2.52485e-18
59652.023148	-1.3133800654e-14	1	1.7e-17	2.52485e-18
59652.023160	-1.7551093567e-14	1	1.7e-17	2.52485e-18
59652.023171	-1.6685358133e-14	1	1.7e-17	2.52485e-18
59652.023183	-1.5304864682e-14	1	1.7e-17	2.52485e-18
59652.023194	-1.5980739376e-14	1	1.7e-17	2.52485e-18
59652.023206	-1.5091510635e-14	1	1.7e-17	2.52485e-18
59652.023218	-1.5137075926e-14	1	1.7e-17	2.52485e-18
59652.023229	-1.3170696562e-14	1	1.7e-17	2.52485e-18
59652.023241	-1.5625824948e-14	1	1.7e-17	2.52485e-18
59652.023252	-1.6460511543e-14	1	1.7e-17	2.52485e-18
59652.023264	-1.6470620034e-14	1	1.7e-17	2.52485e-18
59652.023275	-1.3438288670e-14	1	1.7e-17	2.52485e-18
59652.023287	-1.3950314157e-14	1	1.7e-17	2.52485e-18
59652.023299	-1.5577523741e-14	1	1.7e-17	2.52485e-18
59652.023310	-1.2709404113e-14	1	1.7e-17	2.52485e-18
59652.023322	-1.6144153207e-14	1	1.7e-17	2.52485e-18
59652.023333	-1.3766656238e-14	1	1.7e-17	2.52485e-18
59652.023866	-1.1473151903e-14	1	1.7e-17	2.52485e-18
59652.023877	-1.3370099129e-14	1	1.7e-17	2.52485e-18
59652.023889	-1.3565178440e-14	1	1.7e-17	2.52485e-18
59652.023900	-1.4510159736e-14	1	1.7e-17	2.52485e-18
59652.023912	-1.3953355852e-14	1	1.7e-17	2.52485e-18
59652.023924	-1.4655748606e-14	1	1.7e-17	2.52485e-18
59652.023935	-1.4921976144e-14	1	1.7e-17	2.52485e-18
59652.023947	-1.3126200227e-14	1	1.7e-17	2.52485e-18
59652.023958	-1.4599100737e-14	1	1.7e-17	2.52485e-18
59652.023970	-1.3267827524e-14	1	1.7e-17	2.52485e-18
59652.023981	-1.6990841412e-14	1	1.7e-17	2.52485e-18
59652.023993	-1.5829709166e-14	1	1.7e-17	2.52485e-18
59652.024005	-1.4581466358e-14	1	1.7e-17	2.52485e-18
59652.024016	-1.5517460635e-14	1	1.7e-17	2.52485e-18
59652.024028	-1.6581616925e-14	1	1.7e-17	2.52485e-18
59652.024039	-1.5027247093e-14	1	1.7e-17	2.52485e-18
59652.024051	-1.4565243136e-14	1	1.7e-17	2.52485e-18
59652.024063	-1.3910453633e-14	1	1.7e-17	2.52485e-18
59652.024074	-1.4095237259e-14	1	1.7e-17	2.52485e-18
59652.024086	-1.4318097557e-14	1	1.7e-17	2.52485e-18
59652.024097	-1.5580086016e-14	1	1.7e-17	2.52485e-18
59652.024109	-1.3107524845e-14	1	1.7e-17	2.52485e-18
59652.024120	-1.3247379302e-14	1	1.7e-17	2.52485e-18
59652.024132	-1.3826360202e-14	1	1.7e-17	2.52485e-18
59652.024144	-1.5745519173e-14	1	1.7e-17	2.52485e-18
59652.024155	-1.4595555057e-14	1	1.7e-17	2.52485e-18
59652.024167	-1.5544002412e-14	1	1.7e-17	2.52485e-18
59652.024178	-1.3409792787e-14	1	1.7e-17	2.52485e-18
59652.024190	-1.3292914946e-14	1	1.7e-17	2.52485e-18
59652.024201	-1.3072280651e-14	1	1.7e-17	2.52485e-18
59652.024213	-1.6087999158e-14	1	1.7e-17	2.52485e-18
59652.024225	-1.6824922904e-14	1	1.7e-17	2.52485e-18
59652.024236	-1.4884740576e-14	1	1.7e-17	2.52485e-18
59652.024248	-1.3546403108e-14	1	1.7e-17	2.52485e-18
59652.024259	-1.3327356153e-14	1	1.7e-17	2.52485e-18
59652.024271	-1.4040850120e-14	1	1.7e-17	2.52485e-18
59652.024282	-1.3863472951e-14	1	1.7e-17	2.52485e-18
59652.024294	-1.6375493152e-14	1	1.7e-17	2.52485e-18
59652.024306	-1.3445488450e-14	1	1.7e-17	2.52485e-18
59652.024317	-1.4021268413e-14	1	1.7e-17	2.52485e-18
59652.024329	-1.3476223887e-14	1	1.7e-17	2.52485e-18
59652.024340	-1.6040618676e-14	1	1.7e-17	2.52485e-18
59652.024352	-1.6037176334e-14	1	1.7e-17	2.52485e-18
59652.024363	-1.5291169853e-14	1	1.7e-17	2.52485e-18
59652.024375	-1.3941593106e-14	1	1.7e-17	2.52485e-18
59652.024387	-1.5185059495e-14	1	1.7e-17	2.52485e-18
59652.024398	-1.3801154196e-14	1	1.7e-17	2.52485e-18
59652.024410	-1.5432912347e-14	1	1.7e-17	2.52485e-18
59652.024421	-1.4335703983e-14	1	1.7e-17	2.52485e-18
59652.024433	-1.3714870338e-14	1	1.7e-17	2.52485e-18
59652.024444	-1.3859989952e-14	1	1.7e-17	2.52485e-18
59652.024456	-1.6419463479e-14	1	1.7e-17	2.52485e-18
59652.024468	-1.2071730605e-14	1	1.7e-17	2.52485e-18
59652.024479	-1.6864071920e-14	1	1.7e-17	2.52485e-18
59652.024491	-1.3188990780e-14	1	1.7e-17	2.52485e-18
59652.024502	-1.7291109510e-14	1	1.7e-17	2.52485e-18
59652.024514	-1.4210389694e-14	1	1.7e-17	2.52485e-18
59652.024525	-1.8309825871e-14	1	1.7e-17	2.52485e-18
59652.024537	-1.4016818949e-14	1	1.7e-17	2.52485e-18
59652.024549	-1.4028242035e-14	1	1.7e-17	2.52485e-18
59652.024560	-1.2944338865e-14	1	1.7e-17	2.52485e-18
59652.024572	-1.2939655620e-14	1	1.7e-17	2.52485e-18
59652.024583	-1.3895524678e-14	1	1.7e-17	2.52485e-18
59652.024595	-1.6861260618e-14	1	1.7e-17	2.52485e-18
59652.024606	-1.3984100607e-14	1	1.7e-17	2.52485e-18
59652.024618	-1.2815577152e-14	1	1.7e-17	2.52485e-18
59652.024630	-1.2060609910e-14	1	1.7e-17	2.52485e-18
59652.024641	-1.4417356266e-14	1	1.7e-17	2.52485e-18
59652.024745	-1.7139906505e-14	1	1.7e-17	2.52485e-18
59652.024757	-1.7699760555e-14	1	1.7e-17	2.52485e-18
59652.024769	-1.5334505753e-14	1	1.7e-17	2.52485e-18
59652.024780	-1.3956596600e-14	1	1.7e-17	2.52485e-18
59652.024792	-1.4956594380e-14	1	1.7e-17	2.52485e-18
59652.024873	-1.3858887962e-14	1	1.7e-17	2.52485e-18
59652.024884	-1.4850184172e-14	1	1.7e-17	2.52485e-18
59652.025069	-1.7854161956e-14	1	1.7e-17	2.52485e-18
59652.025081	-1.5851511794e-14	1	1.7e-17	2.52485e-18
59652.025093	-1.7608611340e-14	1	1.7e-17	2.52485e-18
59652.025104	-1.4130830430e-14	1	1.7e-17	2.52485e-18
59652.025116	-1.5012653562e-14	1	1.7e-17	2.52485e-18
59652.025127	-1.5275136367e-14	1	1.7e-17	2.52485e-18
59652.025139	-1.3934431442e-14	1	1.7e-17	2.52485e-18
59652.025150	-1.2874393426e-14	1	1.7e-17	2.52485e-18
59652.025162	-1.5576548806e-14	1	1.7e-17	2.52485e-18
59652.025174	-1.4829905357e-14	1	1.7e-17	2.52485e-18
59652.025185	-1.4627775343e-14	1	1.7e-17	2.52485e-18
59652.025197	-1.3168143605e-14	1	1.7e-17	2.52485e-18
59652.025208	-1.3844844155e-14	1	1.7e-17	2.52485e-18
59652.025220	-1.3666448852e-14	1	1.7e-17	2.52485e-18
59652.025231	-1.4593452721e-14	1	1.7e-17	2.52485e-18
59652.025243	-1.3347736612e-14	1	1.7e-17	2.52485e-18
59652.025255	-1.3633803355e-14	1	1.7e-17	2.52485e-18
59652.025266	-1.4581078417e-14	1	1.7e-17	2.52485e-18
59652.025278	-1.2752483362e-14	1	1.7e-17	2.52485e-18
59652.025289	-1.4092774087e-14	1	1.7e-17	2.52485e-18
59652.025301	-1.4610821132e-14	1	1.7e-17	2.52485e-18
59652.025313	-1.5937327243e-14	1	1.7e-17	2.52485e-18
59652.025324	-1.3327152865e-14	1	1.7e-17	2.52485e-18
59652.025336	-1.5140703768e-14	1	1.7e-17	2.52485e-18
59652.025347	-1.5280710691e-14	1	1.7e-17	2.52485e-18
59652.025359	-1.4475010410e-14	1	1.7e-17	2.52485e-18
59652.025370	-1.5233432700e-14	1	1.7e-17	2.52485e-18
59652.025382	-1.5678365554e-14	1	1.7e-17	2.52485e-18
59652.025394	-1.3372392894e-14	1	1.7e-17	2.52485e-18
59652.025405	-1.3640837964e-14	1	1.7e-17	2.52485e-18
59652.025417	-1.4084725580e-14	1	1.7e-17	2.52485e-18
59652.025428	-1.4691255380e-14	1	1.7e-17	2.52485e-18
59652.025440	-1.3487082002e-14	1	1.7e-17	2.52485e-18
59652.025451	-1.4866646258e-14	1	1.7e-17	2.52485e-18
59652.025463	-1.2838095523e-14	1	1.7e-17	2.52485e-18
59652.025475	-1.2567485437e-14	1	1.7e-17	2.52485e-18
59652.025486	-1.1047360299e-14	1	1.7e-17	2.52485e-18
59652.025498	-1.3465095568e-14	1	1.7e-17	2.52485e-18
59652.025509	-1.4109617337e-14	1	1.7e-17	2.52485e-18
59652.025521	-1.2964618528e-14	1	1.7e-17	2.52485e-18
59652.025532	-1.4137427123e-14	1	1.7e-17	2.52485e-18
59652.025544	-1.8545157882e-14	1	1.7e-17	2.52485e-18
59652.025556	-1.8736112142e-14	1	1.7e-17	2.52485e-18
59652.025567	-1.7488368236e-14	1	1.7e-17	2.52485e-18
59652.025579	-1.7927902103e-14	1	1.7e-17	2.52485e-18
59652.025590	-1.7938622152e-14	1	1.7e-17	2.52485e-18
59652.025602	-1.7061347588e-14	1	1.7e-17	2.52485e-18
59652.025613	-1.7191399332e-14	1	1.7e-17	2.52485e-18
59652.025625	-1.6482225232e-14	1	1.7e-17	2.52485e-18
59652.025637	-1.6673863895e-14	1	1.7e-17	2.52485e-18
59652.025648	-1.5136294114e-14	1	1.7e-17	2.52485e-18
59652.025660	-1.4843435014e-14	1	1.7e-17	2.52485e-18
59652.025671	-1.5982596919e-14	1	1.7e-17	2.52485e-18
59652.025683	-1.3622309118e-14	1	1.7e-17	2.52485e-18
59652.025694	-1.1007817413e-14	1	1.7e-17	2.52485e-18
59652.025706	-1.2104500616e-14	1	1.7e-17	2.52485e-18
59652.025718	-1.2749800808e-14	1	1.7e-17	2.52485e-18
59652.025729	-1.4479264210e-14	1	1.7e-17	2.52485e-18
59652.025741	-1.6759261757e-14	1	1.7e-17	2.52485e-18
59652.025752	-1.0063889826e-14	1	1.7e-17	2.52485e-18
59652.025764	-1.6219141881e-14	1	1.7e-17	2.52485e-18
59652.025775	-1.7947129751e-14	1	1.7e-17	2.52485e-18
59652.025787	-1.9089198673e-14	1	1.7e-17	2.52485e-18
59652.025799	-1.4852854867e-14	1	1.7e-17	2.52485e-18
59652.025822	-1.6286818119e-14	1	1.7e-17	2.52485e-18
59652.025833	-1.6277056065e-14	1	1.7e-17	2.52485e-18
59652.025845	-1.4255334109e-14	1	1.7e-17	2.52485e-18
59652.025856	-1.4341689118e-14	1	1.7e-17	2.52485e-18
59652.025868	-1.4927249771e-14	1	1.7e-17	2.52485e-18
59652.025880	-1.2561933136e-14	1	1.7e-17	2.52485e-18
59652.025891	-1.6891680112e-14	1	1.7e-17	2.52485e-18
59652.025903	-1.5130466528e-14	1	1.7e-17	2.52485e-18
59652.025914	-1.5942265445e-14	1	1.7e-17	2.52485e-18
59652.025926	-1.3499927257e-14	1	1.7e-17	2.52485e-18
59652.025938	-1.6850327116e-14	1	1.7e-17	2.52485e-18
59652.025949	-1.3687970265e-14	1	1.7e-17	2.52485e-18
59652.025961	-1.3178662907e-14	1	1.7e-17	2.52485e-18
59652.026134	-1.2623658968e-14	1	1.7e-17	2.52485e-18
59652.026146	-1.1664709251e-14	1	1.7e-17	2.52485e-18
59652.026157	-6.8010452210e-15	1	1.7e-17	2.52485e-18
59652.026169	-1.1222678331e-14	1	1.7e-17	2.52485e-18
59652.026181	-1.2378514080e-14	1	1.7e-17	2.52485e-18
59652.026192	-1.4594081220e-14	1	1.7e-17	2.52485e-18
59652.026204	-1.0016216270e-14	1	1.7e-17	2.52485e-18
59652.026215	-1.4977710065e-14	1	1.7e-17	2.52485e-18
59652.026227	-1.3977973171e-14	1	1.7e-17	2.52485e-18
59652.026238	-1.3007607991e-14	1	1.7e-17	2.52485e-18
59652.026250	-1.3397132186e-14	1	1.7e-17	2.52485e-18
59652.026262	-1.4016145558e-14	1	1.7e-17	2.52485e-18
59652.026273	-1.2312664892e-14	1	1.7e-17	2.52485e-18
59652.026285	-1.4738716331e-14	1	1.7e-17	2.52485e-18
59652.026296	-1.5311788329e-14	1	1.7e-17	2.52485e-18
59652.026308	-1.1351648415e-14	1	1.7e-17	2.52485e-18
59652.026319	-1.5173626244e-14	1	1.7e-17	2.52485e-18
59652.026331	-1.5911413117e-14	1	1.7e-17	2.52485e-18
59652.026343	-1.4008540049e-14	1	1.7e-17	2.52485e-18
59652.026354	-1.2765940174e-14	1	1.7e-17	2.52485e-18
59652.026366	-1.4746641171e-14	1	1.7e-17	2.52485e-18
59652.026377	-1.7429434225e-14	1	1.7e-17	2.52485e-18
59652.026389	-1.5626616923e-14	1	1.7e-17	2.52485e-18
59652.026400	-1.6964914581e-14	1	1.7e-17	2.52485e-18
59652.026412	-1.4240470375e-14	1	1.7e-17	2.52485e-18
59652.026424	-1.6166200628e-14	1	1.7e-17	2.52485e-18
59652.026435	-1.2825983799e-14	1	1.7e-17	2.52485e-18
59652.026447	-1.4910151564e-14	1	1.7e-17	2.52485e-18
59652.026458	-1.4080412488e-14	1	1.7e-17	2.52485e-18
59652.026470	-1.5160437094e-14	1	1.7e-17	2.52485e-18
59652.026481	-1.1654317004e-14	1	1.7e-17	2.52485e-18
59652.026493	-1.2126781817e-14	1	1.7e-17	2.52485e-18
59652.026505	-1.2493055805e-14	1	1.7e-17	2.52485e-18
59652.026516	-1.1139066015e-14	1	1.7e-17	2.52485e-18
59652.026528	-1.1627167904e-14	1	1.7e-17	2.52485e-18
59652.026539	-1.3594827134e-14	1	1.7e-17	2.52485e-18
59652.026551	-1.5325902439e-14	1	1.7e-17	2.52485e-18
59652.026563	-1.4227891936e-14	1	1.7e-17	2.52485e-18
59652.026574	-1.6572132697e-14	1	1.7e-17	2.52485e-18
59652.026586	-1.7025839119e-14	1	1.7e-17	2.52485e-18
59652.026597	-1.0917350906e-14	1	1.7e-17	2.52485e-18
59652.026609	-1.2408307617e-14	1	1.7e-17	2.52485e-18
59652.026620	-1.3111055278e-14	1	1.7e-17	2.52485e-18
59652.026632	-1.5888871029e-14	1	1.7e-17	2.52485e-18
59652.026644	-1.2775970738e-14	1	1.7e-17	2.52485e-18
59652.026655	-1.5284329215e-14	1	1.7e-17	2.52485e-18
59652.026667	-1.3397617536e-14	1	1.7e-17	2.52485e-18
59652.026678	-1.5417458231e-14	1	1.7e-17	2.52485e-18
59652.026690	-1.2753766616e-14	1	1.7e-17	2.52485e-18
59652.026701	-1.3329693116e-14	1	1.7e-17	2.52485e-18
59652.026713	-1.4255007155e-14	1	1.7e-17	2.52485e-18
59652.026725	-1.3769965596e-14	1	1.7e-17	2.52485e-18
59652.026736	-1.7443278979e-14	1	1.7e-17	2.52485e-18
59652.026748	-1.6553780035e-14	1	1.7e-17	2.52485e-18
59652.026759	-1.7087304065e-14	1	1.7e-17	2.52485e-18
59652.026771	-1.7032208807e-14	1	1.7e-17	2.52485e-18
59652.026782	-1.8490153256e-14	1	1.7e-17	2.52485e-18
59652.026794	-1.5799288825e-14	1	1.7e-17	2.52485e-18
59652.026806	-1.3847861287e-14	1	1.7e-17	2.52485e-18
59652.026817	-1.4896787925e-14	1	1.7e-17	2.52485e-18
59652.026829	-1.4317655405e-14	1	1.7e-17	2.52485e-18
59652.026840	-1.4590596526e-14	1	1.7e-17	2.52485e-18
59652.026852	-1.4640861155e-14	1	1.7e-17	2.52485e-18
59652.026863	-1.2204055786e-14	1	1.7e-17	2.52485e-18
59652.026875	-1.0492367371e-14	1	1.7e-17	2.52485e-18
59652.026887	-1.1640757700e-14	1	1.7e-17	2.52485e-18
59652.026898	-1.3552960837e-14	1	1.7e-17	2.52485e-18
59652.026910	-1.2963271746e-14	1	1.7e-17	2.52485e-18
59652.026921	-1.0966067159e-14	1	1.7e-17	2.52485e-18
59652.026933	-1.2099785183e-14	1	1.7e-17	2.52485e-18
59652.026944	-1.1188126163e-14	1	1.7e-17	2.52485e-18
59652.026956	-1.3433610507e-14	1	1.7e-17	2.52485e-18
59652.026968	-9.5787821983e-15	1	1.7e-17	2.52485e-18
59652.026979	-1.4822531088e-14	1	1.7e-17	2.52485e-18
59652.026991	-1.5753533799e-14	1	1.7e-17	2.52485e-18
59652.027002	-1.4730577191e-14	1	1.7e-17	2.52485e-18
59652.027014	-1.5907591305e-14	1	1.7e-17	2.52485e-18
59652.027025	-1.6465060957e-14	1	1.7e-17	2.52485e-18
59652.027037	-1.4301855700e-14	1	1.7e-17	2.52485e-18
59652.027049	-1.7916259635e-14	1	1.7e-17	2.52485e-18
59652.027060	-1.5956040742e-14	1	1.7e-17	2.52485e-18
59652.027072	-1.8046945808e-14	1	1.7e-17	2.52485e-18
59652.027083	-1.3554688784e-14	1	1.7e-17	2.52485e-18
59652.027095	-1.3965836883e-14	1	1.7e-17	2.52485e-18
59652.027106	-1.2017241823e-14	1	1.7e-17	2.52485e-18
59652.027118	-1.3188576580e-14	1	1.7e-17	2.52485e-18
59652.027130	-1.3041275010e-14	1	1.7e-17	2.52485e-18
59652.027141	-1.2692735352e-14	1	1.7e-17	2.52485e-18
59652.027153	-1.2292634257e-14	1	1.7e-17	2.52485e-18
59652.027164	-1.3987213453e-14	1	1.7e-17	2.52485e-18
59652.027176	-1.4179678821e-14	1	1.7e-17	2.52485e-18
59652.027188	-1.5123292159e-14	1	1.7e-17	2.52485e-18
59652.027199	-1.4369465870e-14	1	1.7e-17	2.52485e-18
59652.027211	-1.4147836311e-14	1	1.7e-17	2.52485e-18
59652.027222	-1.4122229658e-14	1	1.7e-17	2.52485e-18
59652.027234	-1.5655610014e-14	1	1.7e-17	2.52485e-18
59652.027245	-1.3964185168e-14	1	1.7e-17	2.52485e-18
59652.027257	-1.4218926092e-14	1	1.7e-17	2.52485e-18
59652.027269	-1.6709062350e-14	1	1.7e-17	2.52485e-18
59652.027280	-1.6967154983e-14	1	1.7e-17	2.52485e-18
59652.027292	-1.4474132884e-14	1	1.7e-17	2.52485e-18
59652.027303	-1.6700628443e-14	1	1.7e-17	2.52485e-18
59652.027315	-1.4574970462e-14	1	1.7e-17	2.52485e-18
59652.027326	-1.5388875104e-14	1	1.7e-17	2.52485e-18
59652.027338	-1.3702515515e-14	1	1.7e-17	2.52485e-18
59652.027350	-1.5215065637e-14	1	1.7e-17	2.52485e-18
59652.027361	-1.3519484401e-14	1	1.7e-17	2.52485e-18
59652.027373	-1.4213845589e-14	1	1.7e-17	2.52485e-18
59652.027384	-1.4464878202e-14	1	1.7e-17	2.52485e-18
59652.027396	-1.3668136989e-14	1	1.7e-17	2.52485e-18
59652.027407	-1.2107177240e-14	1	1.7e-17	2.52485e-18
59652.027419	-1.3253777789e-14	1	1.7e-17	2.52485e-18
59652.027431	-1.3337408740e-14	1	1.7e-17	2.52485e-18
59652.027442	-1.4817093983e-14	1	1.7e-17	2.52485e-18
59652.027454	-1.4381190500e-14	1	1.7e-17	2.52485e-18
59652.027465	-1.5064970552e-14	1	1.7e-17	2.52485e-18
59652.027477	-1.4527341800e-14	1	1.7e-17	2.52485e-18
59652.027488	-1.4787735821e-14	1	1.7e-17	2.52485e-18
59652.027500	-1.5126466838e-14	1	1.7e-17	2.52485e-18
59652.027512	-1.3666746161e-14	1	1.7e-17	2.52485e-18
59652.027523	-1.5382959426e-14	1	1.7e-17	2.52485e-18
59652.027535	-1.7370934742e-14	1	1.7e-17	2.52485e-18
59652.027546	-1.8106867459e-14	1	1.7e-17	2.52485e-18
59652.027558	-1.4273342877e-14	1	1.7e-17	2.52485e-18
59652.027569	-1.3141348564e-14	1	1.7e-17	2.52485e-18
59652.027581	-1.6348677783e-14	1	1.7e-17	2.52485e-18
59652.027593	-1.6439696555e-14	1	1.7e-17	2.52485e-18
59652.027604	-1.5075291648e-14	1	1.7e-17	2.52485e-18
59652.027616	-1.5229565147e-14	1	1.7e-17	2.52485e-18
59652.027627	-1.5978091551e-14	1	1.7e-17	2.52485e-18
59652.027639	-1.6164864010e-14	1	1.7e-17	2.52485e-18
59652.027650	-1.3838858174e-14	1	1.7e-17	2.52485e-18
59652.027662	-1.2237847319e-14	1	1.7e-17	2.52485e-18
59652.027674	-1.3529297277e-14	1	1.7e-17	2.52485e-18
59652.027685	-1.4923247540e-14	1	1.7e-17	2.52485e-18
59652.027697	-1.3502907966e-14	1	1.7e-17	2.52485e-18
59652.027708	-1.1230736156e-14	1	1.7e-17	2.52485e-18
59652.027720	-1.4091503538e-14	1	1.7e-17	2.52485e-18
59652.027731	-1.4689331769e-14	1	1.7e-17	2.52485e-18
59652.027743	-1.6828347458e-14	1	1.7e-17	2.52485e-18
59652.027755	-1.4862675367e-14	1	1.7e-17	2.52485e-18
59652.027766	-1.5342763477e-14	1	1.7e-17	2.52485e-18
59652.027778	-1.5210904164e-14	1	1.7e-17	2.52485e-18
59652.027789	-1.5622573188e-14	1	1.7e-17	2.52485e-18
59652.027801	-1.3937971193e-14	1	1.7e-17	2.52485e-18
59652.027813	-1.5016033223e-14	1	1.7e-17	2.52485e-18
59652.027824	-1.5476465087e-14	1	1.7e-17	2.52485e-18
59652.027836	-1.4095093263e-14	1	1.7e-17	2.52485e-18
59652.027847	-1.3632967334e-14	1	1.7e-17	2.52485e-18
59652.027859	-1.6313297216e-14	1	1.7e-17	2.52485e-18
59652.027870	-1.4415746903e-14	1	1.7e-17	2.52485e-18
59652.027882	-1.4189698373e-14	1	1.7e-17	2.52485e-18
59652.027894	-1.0998690633e-14	1	1.7e-17	2.52485e-18
59652.027905	-1.3971833876e-14	1	1.7e-17	2.52485e-18
59652.027917	-1.5595842522e-14	1	1.7e-17	2.52485e-18
59652.027928	-1.5249800764e-14	1	1.7e-17	2.52485e-18
59652.027940	-1.4356063267e-14	1	1.7e-17	2.52485e-18
59652.027951	-1.2476235424e-14	1	1.7e-17	2.52485e-18
59652.027963	-1.5229046763e-14	1	1.7e-17	2.52485e-18
59652.027975	-1.4776388121e-14	1	1.7e-17	2.52485e-18
59652.027986	-1.4692058368e-14	1	1.7e-17	2.52485e-18
59652.027998	-1.6258871961e-14	1	1.7e-17	2.52485e-18
59652.028009	-1.4874091677e-14	1	1.7e-17	2.52485e-18
59652.028021	-1.6094262967e-14	1	1.7e-17	2.52485e-18
59652.028032	-1.5154541745e-14	1	1.7e-17	2.52485e-18
59652.028044	-1.5504281649e-14	1	1.7e-17	2.52485e-18
59652.028056	-1.4313854769e-14	1	1.7e-17	2.52485e-18
59652.028067	-1.4186453390e-14	1	1.7e-17	2.52485e-18
59652.028079	-1.5699611682e-14	1	1.7e-17	2.52485e-18
59652.028090	-1.4456097858e-14	1	1.7e-17	2.52485e-18
59652.028102	-1.5622393617e-14	1	1.7e-17	2.52485e-18
59652.028113	-1.5735707991e-14	1	1.7e-17	2.52485e-18
59652.028125	-1.6371788230e-14	1	1.7e-17	2.52485e-18
59652.028137	-1.4233647525e-14	1	1.7e-17	2.52485e-18
59652.028148	-1.4898138943e-14	1	1.7e-17	2.52485e-18
59652.028160	-1.6665894162e-14	1	1.7e-17	2.52485e-18
59652.028171	-1.5003536946e-14	1	1.7e-17	2.52485e-18
59652.028183	-1.4179967659e-14	1	1.7e-17	2.52485e-18
59652.028194	-1.4462987624e-14	1	1.7e-17	2.52485e-18
59652.028206	-1.4568713430e-14	1	1.7e-17	2.52485e-18
59652.028218	-1.2872473202e-14	1	1.7e-17	2.52485e-18
59652.028229	-1.2800036638e-14	1	1.7e-17	2.52485e-18
59652.028241	-1.3601487354e-14	1	1.7e-17	2.52485e-18
59652.028252	-1.4695843758e-14	1	1.7e-17	2.52485e-18
59652.028264	-1.4416325426e-14	1	1.7e-17	2.52485e-18
59652.028275	-1.4859578615e-14	1	1.7e-17	2.52485e-18
59652.028287	-1.6337059879e-14	1	1.7e-17	2.52485e-18
59652.028299	-1.2285531885e-14	1	1.7e-17	2.52485e-18
59652.028310	-1.2891057952e-14	1	1.7e-17	2.52485e-18
59652.028322	-1.4689513881e-14	1	1.7e-17	2.52485e-18
59652.028333	-1.5746505120e-14	1	1.7e-17	2.52485e-18
59652.028345	-1.5041949043e-14	1	1.7e-17	2.52485e-18
59652.028356	-1.5733365945e-14	1	1.7e-17	2.52485e-18
59652.028368	-1.5176818712e-14	1	1.7e-17	2.52485e-18
59652.028380	-1.6261049683e-14	1	1.7e-17	2.52485e-18
59652.028391	-1.6561820918e-14	1	1.7e-17	2.52485e-18
59652.028403	-1.7010498506e-14	1	1.7e-17	2.52485e-18
59652.028414	-1.7019139089e-14	1	1.7e-17	2.52485e-18
59652.028426	-1.5514748435e-14	1	1.7e-17	2.52485e-18
59652.028438	-1.5450986336e-14	1	1.7e-17	2.52485e-18
59652.028449	-1.7110726220e-14	1	1.7e-17	2.52485e-18
59652.028461	-1.7783015423e-14	1	1.7e-17	2.52485e-18
59652.028472	-1.6065948349e-14	1	1.7e-17	2.52485e-18
59652.028484	-1.8439364314e-14	1	1.7e-17	2.52485e-18
59652.028495	-1.7252955758e-14	1	1.7e-17	2.52485e-18
59652.028507	-1.5424705445e-14	1	1.7e-17	2.52485e-18
59652.028519	-1.2517125940e-14	1	1.7e-17	2.52485e-18
59652.028530	-1.2810891365e-14	1	1.7e-17	2.52485e-18
59652.028542	-1.2295748797e-14	1	1.7e-17	2.52485e-18
59652.028553	-1.3450512202e-14	1	1.7e-17	2.52485e-18
59652.028565	-1.0518556783e-14	1	1.7e-17	2.52485e-18
59652.028576	-1.0197732043e-14	1	1.7e-17	2.52485e-18
59652.028588	-1.0048283244e-14	1	1.7e-17	2.52485e-18
59652.028600	-1.5921979006e-14	1	1.7e-17	2.52485e-18
59652.028611	-1.4411421953e-14	1	1.7e-17	2.52485e-18
59652.028623	-1.5118224360e-14	1	1.7e-17	2.52485e-18
59652.028634	-9.2566513333e-15	1	1.7e-17	2.52485e-18
59652.028646	-1.4392950705e-14	1	1.7e-17	2.52485e-18
59652.028657	-1.4855115598e-14	1	1.7e-17	2.52485e-18
59652.028669	-1.5284482528e-14	1	1.7e-17	2.52485e-18
59652.028681	-1.1761559845e-14	1	1.7e-17	2.52485e-18
59652.028692	-1.3845492983e-14	1	1.7e-17	2.52485e-18
59652.028704	-1.3889174472e-14	1	1.7e-17	2.52485e-18
59652.028900	-1.0440008030e-14	1	1.7e-17	2.52485e-18
59652.028912	-1.3584085910e-14	1	1.7e-17	2.52485e-18
59652.028924	-1.1818325452e-14	1	1.7e-17	2.52485e-18
59652.028935	-1.5487958477e-14	1	1.7e-17	2.52485e-18
59652.028947	-1.3328097306e-14	1	1.7e-17	2.52485e-18
59652.028958	-1.4454638421e-14	1	1.7e-17	2.52485e-18
59652.028970	-1.6883900114e-14	1	1.7e-17	2.52485e-18
59652.028981	-1.8523371347e-14	1	1.7e-17	2.52485e-18
59652.028993	-1.5788938082e-14	1	1.7e-17	2.52485e-18
59652.029005	-1.6729494478e-14	1	1.7e-17	2.52485e-18
59652.029016	-1.6715856401e-14	1	1.7e-17	2.52485e-18
59652.029028	-1.4544694964e-14	1	1.7e-17	2.52485e-18
59652.029039	-1.1596861912e-14	1	1.7e-17	2.52485e-18
59652.029051	-1.3140968247e-14	1	1.7e-17	2.52485e-18
59652.029063	-1.6125980962e-14	1	1.7e-17	2.52485e-18
59652.029074	-1.7005971115e-14	1	1.7e-17	2.52485e-18
59652.029086	-1.1889729483e-14	1	1.7e-17	2.52485e-18
59652.029097	-1.2058946337e-14	1	1.7e-17	2.52485e-18
59652.029109	-1.2935119759e-14	1	1.7e-17	2.52485e-18
59652.029120	-1.6494736756e-14	1	1.7e-17	2.52485e-18
59652.029132	-1.3892390656e-14	1	1.7e-17	2.52485e-18
59652.029144	-1.2813025041e-14	1	1.7e-17	2.52485e-18
59652.029155	-1.4997506919e-14	1	1.7e-17	2.52485e-18
59652.029167	-1.5640514193e-14	1	1.7e-17	2.52485e-18
59652.029178	-1.6001947387e-14	1	1.7e-17	2.52485e-18
59652.029190	-1.8592313053e-14	1	1.7e-17	2.52485e-18
59652.029201	-1.4819197166e-14	1	1.7e-17	2.52485e-18
59652.029213	-1.4266010113e-14	1	1.7e-17	2.52485e-18
59652.029225	-1.3101122123e-14	1	1.7e-17	2.52485e-18
59652.029236	-1.4230788789e-14	1	1.7e-17	2.52485e-18
59652.029248	-1.3768229178e-14	1	1.7e-17	2.52485e-18
59652.029259	-1.4931128335e-14	1	1.7e-17	2.52485e-18
59652.029271	-1.3216703156e-14	1	1.7e-17	2.52485e-18
59652.029282	-1.2651220573e-14	1	1.7e-17	2.52485e-18
59652.029294	-1.3765389924e-14	1	1.7e-17	2.52485e-18
59652.029306	-1.4277385765e-14	1	1.7e-17	2.52485e-18
59652.029317	-1.2078562773e-14	1	1.7e-17	2.52485e-18
59652.029329	-1.3309836970e-14	1	1.7e-17	2.52485e-18
59652.029340	-1.4030128377e-14	1	1.7e-17	2.52485e-18
59652.029352	-1.4466041178e-14	1	1.7e-17	2.52485e-18
59652.029363	-1.3681912286e-14	1	1.7e-17	2.52485e-18
59652.029375	-1.4756818272e-14	1	1.7e-17	2.52485e-18
59652.029387	-1.2597624563e-14	1	1.7e-17	2.52485e-18
59652.029398	-1.4581409607e-14	1	1.7e-17	2.52485e-18
59652.029410	-1.4096904220e-14	1	1.7e-17	2.52485e-18
59652.029421	-1.3578581042e-14	1	1.7e-17	2.52485e-18
59652.029433	-1.5080939664e-14	1	1.7e-17	2.52485e-18
59652.029444	-1.5786012431e-14	1	1.7e-17	2.52485e-18
59652.029456	-1.3428802748e-14	1	1.7e-17	2.52485e-18
59652.029468	-1.4995546038e-14	1	1.7e-17	2.52485e-18
59652.029479	-1.3577658624e-14	1	1.7e-17	2.52485e-18
59652.029491	-1.6395483976e-14	1	1.7e-17	2.52485e-18
59652.029502	-1.5400512490e-14	1	1.7e-17	2.52485e-18
59652.029514	-1.6089259543e-14	1	1.7e-17	2.52485e-18
59652.029525	-1.7157151249e-14	1	1.7e-17	2.52485e-18
59652.029537	-1.6437716192e-14	1	1.7e-17	2.52485e-18
59652.029549	-1.4698306083e-14	1	1.7e-17	2.52485e-18
59652.029560	-1.4024681109e-14	1	1.7e-17	2.52485e-18
59652.029572	-1.4665952812e-14	1	1.7e-17	2.52485e-18
59652.029583	-1.2813463805e-14	1	1.7e-17	2.52485e-18
59652.029595	-1.5141691408e-14	1	1.7e-17	2.52485e-18
59652.029606	-1.6314121379e-14	1	1.7e-17	2.52485e-18
59652.029618	-1.3961090110e-14	1	1.7e-17	2.52485e-18
59652.029630	-1.2183606717e-14	1	1.7e-17	2.52485e-18
59652.029641	-1.4579171746e-14	1	1.7e-17	2.52485e-18
59652.029653	-1.5330691564e-14	1	1.7e-17	2.52485e-18
59652.029664	-1.2081714583e-14	1	1.7e-17	2.52485e-18
59652.029676	-1.2485413873e-14	1	1.7e-17	2.52485e-18
59652.029687	-1.5130211571e-14	1	1.7e-17	2.52485e-18
59652.029699	-1.5656417237e-14	1	1.7e-17	2.52485e-18
59652.029711	-1.4243089401e-14	1	1.7e-17	2.52485e-18
59652.029722	-1.6106588990e-14	1	1.7e-17	2.52485e-18
59652.029734	-1.9603423058e-14	1	1.7e-17	2.52485e-18
59652.029745	-1.6707928172e-14	1	1.7e-17	2.52485e-18
59652.029757	-1.7763252451e-14	1	1.7e-17	2.52485e-18
59652.029769	-1.5143570974e-14	1	1.7e-17	2.52485e-18
59652.029780	-1.6214725451e-14	1	1.7e-17	2.52485e-18
59652.029792	-1.5763673631e-14	1	1.7e-17	2.52485e-18
59652.029803	-1.5359438168e-14	1	1.7e-17	2.52485e-18
59652.029815	-1.4659910926e-14	1	1.7e-17	2.52485e-18
59652.029826	-1.3104131631e-14	1	1.7e-17	2.52485e-18
59652.029838	-1.6474611253e-14	1	1.7e-17	2.52485e-18
59652.029850	-1.5609520410e-14	1	1.7e-17	2.52485e-18
59652.029861	-1.2038773400e-14	1	1.7e-17	2.52485e-18
59652.029873	-1.6325790105e-14	1	1.7e-17	2.52485e-18
59652.029884	-1.5376236525e-14	1	1.7e-17	2.52485e-18
59652.029896	-1.4000722782e-14	1	1.7e-17	2.52485e-18
59652.029907	-1.2216316588e-14	1	1.7e-17	2.52485e-18
59652.029919	-1.4162612801e-14	1	1.7e-17	2.52485e-18
59652.029931	-1.5344677772e-14	1	1.7e-17	2.52485e-18
59652.029942	-1.4771507517e-14	1	1.7e-17	2.52485e-18
59652.029954	-1.5175861564e-14	1	1.7e-17	2.52485e-18
59652.029965	-1.3206606524e-14	1	1.7e-17	2.52485e-18
59652.029977	-1.2139734645e-14	1	1.7e-17	2.52485e-18
59652.029988	-1.4365365383e-14	1	1.7e-17	2.52485e-18
59652.030000	-1.5147297072e-14	1	1.7e-17	2.52485e-18
59652.030012	-1.1170861938e-14	1	1.7e-17	2.52485e-18
59652.030023	-1.4503120893e-14	1	1.7e-17	2.52485e-18
59652.030035	-1.7878174493e-14	1	1.7e-17	2.52485e-18
59652.030046	-1.3451782751e-14	1	1.7e-17	2.52485e-18
59652.030058	-1.2783128167e-14	1	1.7e-17	2.52485e-18
59652.030069	-1.2299122529e-14	1	1.7e-17	2.52485e-18
59652.030081	-1.7330499930e-14	1	1.7e-17	2.52485e-18
59652.030093	-1.5012579870e-14	1	1.7e-17	2.52485e-18
59652.030104	-1.6920655415e-14	1	1.7e-17	2.52485e-18
59652.030116	-1.3506536655e-14	1	1.7e-17	2.52485e-18
59652.030127	-1.4101466339e-14	1	1.7e-17	2.52485e-18
59652.030139	-1.6948715922e-14	1	1.7e-17	2.52485e-18
59652.030150	-1.3522960624e-14	1	1.7e-17	2.52485e-18
59652.030162	-1.0618296607e-14	1	1.7e-17	2.52485e-18
59652.030174	-1.4799019994e-14	1	1.7e-17	2.52485e-18
59652.030185	-1.9929235976e-14	1	1.7e-17	2.52485e-18
59652.030197	-1.8878569531e-14	1	1.7e-17	2.52485e-18
59652.030208	-1.6839302136e-14	1	1.7e-17	2.52485e-18
59652.030220	-1.7041613414e-14	1	1.7e-17	2.52485e-18
59652.030231	-1.8672723585e-14	1	1.7e-17	2.52485e-18
59652.030243	-1.5271497513e-14	1	1.7e-17	2.52485e-18
59652.030255	-1.5323566323e-14	1	1.7e-17	2.52485e-18
59652.030266	-1.4524974343e-14	1	1.7e-17	2.52485e-18
59652.030278	-1.4748727413e-14	1	1.7e-17	2.52485e-18
59652.030289	-1.8297219480e-14	1	1.7e-17	2.52485e-18
59652.030301	-1.4743452092e-14	1	1.7e-17	2.52485e-18
59652.030312	-1.3221503292e-14	1	1.7e-17	2.52485e-18
59652.030324	-1.5764564709e-14	1	1.7e-17	2.52485e-18
59652.030336	-1.7924821444e-14	1	1.7e-17	2.52485e-18
59652.030347	-1.4125248483e-14	1	1.7e-17	2.52485e-18
59652.030359	-1.6493924451e-14	1	1.7e-17	2.52485e-18
59652.030370	-1.5538800783e-14	1	1.7e-17	2.52485e-18
59652.030382	-1.4889516147e-14	1	1.7e-17	2.52485e-18
59652.030394	-9.9718410612e-15	1	1.7e-17	2.52485e-18
59652.030405	-1.3738470370e-14	1	1.7e-17	2.52485e-18
59652.030417	-1.4588606846e-14	1	1.7e-17	2.52485e-18
59652.030428	-1.3748298493e-14	1	1.7e-17	2.52485e-18
59652.030440	-1.0754179326e-14	1	1.7e-17	2.52485e-18
59652.030451	-1.2480686582e-14	1	1.7e-17	2.52485e-18
59652.030463	-1.2394731373e-14	1	1.7e-17	2.52485e-18
59652.030475	-1.6003992971e-14	1	1.7e-17	2.52485e-18
59652.030486	-1.3850117783e-14	1	1.7e-17	2.52485e-18
59652.030498	-1.3466129795e-14	1	1.7e-17	2.52485e-18
59652.030509	-1.2904305547e-14	1	1.7e-17	2.52485e-18
59652.030521	-1.5910310280e-14	1	1.7e-17	2.52485e-18
59652.030532	-1.6484867975e-14	1	1.7e-17	2.52485e-18
59652.030544	-1.4026400585e-14	1	1.7e-17	2.52485e-18
59652.030556	-1.4249254954e-14	1	1.7e-17	2.52485e-18
59652.030567	-1.7723556252e-14	1	1.7e-17	2.52485e-18
59652.030579	-1.3549341465e-14	1	1.7e-17	2.52485e-18
59652.030590	-1.6674078195e-14	1	1.7e-17	2.52485e-18
59652.030602	-1.3900981264e-14	1	1.7e-17	2.52485e-18
59652.030613	-1.4688200980e-14	1	1.7e-17	2.52485e-18
59652.030625	-1.2524499362e-14	1	1.7e-17	2.52485e-18
59652.030637	-1.7727981999e-14	1	1.7e-17	2.52485e-18
59652.030648	-1.3533037775e-14	1	1.7e-17	2.52485e-18
59652.030660	-1.4318281363e-14	1	1.7e-17	2.52485e-18
59652.030671	-1.4056000999e-14	1	1.7e-17	2.52485e-18
59652.030683	-1.5979899966e-14	1	1.7e-17	2.52485e-18
59652.030694	-1.3709381564e-14	1	1.7e-17	2.52485e-18
59652.030706	-1.1440851996e-14	1	1.7e-17	2.52485e-18
59652.030718	-1.4306867594e-14	1	1.7e-17	2.52485e-18
59652.030729	-1.4505752624e-14	1	1.7e-17	2.52485e-18
59652.030741	-1.2575170567e-14	1	1.7e-17	2.52485e-18
59652.030764	-1.1707281974e-14	1	1.7e-17	2.52485e-18
59652.030799	-1.0397003320e-14	1	1.7e-17	2.52485e-18
59652.030810	-1.3052256792e-14	1	1.7e-17	2.52485e-18
59652.030822	-1.2835346054e-14	1	1.7e-17	2.52485e-18
59652.030833	-1.1753336850e-14	1	1.7e-17	2.52485e-18
59652.030845	-1.4434783121e-14	1	1.7e-17	2.52485e-18
59652.030856	-1.5302413369e-14	1	1.7e-17	2.52485e-18
59652.030868	-1.6739636004e-14	1	1.7e-17	2.52485e-18
59652.030880	-1.3845288848e-14	1	1.7e-17	2.52485e-18
59652.030891	-1.3487439450e-14	1	1.7e-17	2.52485e-18
59652.030903	-1.3978367041e-14	1	1.7e-17	2.52485e-18
59652.030914	-1.2115539996e-14	1	1.7e-17	2.52485e-18
59652.030926	-1.4981996899e-14	1	1.7e-17	2.52485e-18
59652.030937	-1.2721181259e-14	1	1.7e-17	2.52485e-18
59652.030949	-1.6017607332e-14	1	1.7e-17	2.52485e-18
59652.031169	-1.4699081118e-14	1	1.7e-17	2.52485e-18
59652.031181	-1.5624391768e-14	1	1.7e-17	2.52485e-18
59652.031192	-1.5448974633e-14	1	1.7e-17	2.52485e-18
59652.031204	-1.4715874393e-14	1	1.7e-17	2.52485e-18
59652.031215	-1.5125941678e-14	1	1.7e-17	2.52485e-18
59652.031227	-1.3988871097e-14	1	1.7e-17	2.52485e-18
59652.031238	-1.4293536142e-14	1	1.7e-17	2.52485e-18
59652.031250	-1.6057201040e-14	1	1.7e-17	2.52485e-18
59652.031262	-1.5856445761e-14	1	1.7e-17	2.52485e-18
59652.031273	-1.5906473221e-14	1	1.7e-17	2.52485e-18
59652.031285	-1.4960846486e-14	1	1.7e-17	2.52485e-18
59652.031296	-1.3156080161e-14	1	1.7e-17	2.52485e-18
59652.031308	-1.5411476484e-14	1	1.7e-17	2.52485e-18
59652.031319	-1.7651705835e-14	1	1.7e-17	2.52485e-18
59652.031331	-1.4712912319e-14	1	1.7e-17	2.52485e-18
59652.031343	-1.6703277115e-14	1	1.7e-17	2.52485e-18
59652.031354	-1.6159185501e-14	1	1.7e-17	2.52485e-18
59652.031366	-1.4557853621e-14	1	1.7e-17	2.52485e-18
59652.031377	-1.3532599859e-14	1	1.7e-17	2.52485e-18
59652.031389	-1.5199846996e-14	1	1.7e-17	2.52485e-18
59652.031400	-1.2348700215e-14	1	1.7e-17	2.52485e-18
59652.031412	-1.3622149876e-14	1	1.7e-17	2.52485e-18
59652.031424	-1.6405395956e-14	1	1.7e-17	2.52485e-18
59652.031435	-9.5384295487e-15	1	1.7e-17	2.52485e-18
59652.031447	-8.9178195197e-15	1	1.7e-17	2.52485e-18
59652.031458	-1.0782288114e-14	1	1.7e-17	2.52485e-18
59652.031470	-1.7081005528e-14	1	1.7e-17	2.52485e-18
59652.031481	-1.3228598040e-14	1	1.7e-17	2.52485e-18
59652.031493	-1.4840306074e-14	1	1.7e-17	2.52485e-18
59652.031505	-1.2796717963e-14	1	1.7e-17	2.52485e-18
59652.031516	-1.4094939103e-14	1	1.7e-17	2.52485e-18
59652.031528	-1.3182144212e-14	1	1.7e-17	2.52485e-18
59652.031539	-1.5561014222e-14	1	1.7e-17	2.52485e-18
59652.031551	-1.5331564855e-14	1	1.7e-17	2.52485e-18
59652.031563	-1.4940432145e-14	1	1.7e-17	2.52485e-18
59652.031574	-1.5722833937e-14	1	1.7e-17	2.52485e-18
59652.031586	-1.4258020898e-14	1	1.7e-17	2.52485e-18
59652.031597	-1.2404254564e-14	1	1.7e-17	2.52485e-18
59652.031609	-1.4998353105e-14	1	1.7e-17	2.52485e-18
59652.031620	-1.6573044952e-14	1	1.7e-17	2.52485e-18
59652.031632	-1.5844954065e-14	1	1.7e-17	2.52485e-18
59652.031644	-1.7684080281e-14	1	1.7e-17	2.52485e-18
59652.031655	-1.7689358143e-14	1	1.7e-17	2.52485e-18
59652.031667	-1.4528367557e-14	1	1.7e-17	2.52485e-18
59652.031678	-1.4809514732e-14	1	1.7e-17	2.52485e-18
59652.031690	-1.4761092400e-14	1	1.7e-17	2.52485e-18
59652.031701	-1.9670444540e-14	1	1.7e-17	2.52485e-18
59652.031713	-1.8769896051e-14	1	1.7e-17	2.52485e-18
59652.031852	-1.5896438422e-14	1	1.7e-17	2.52485e-18
59652.031863	-1.2743055038e-14	1	1.7e-17	2.52485e-18
59652.031875	-1.2835479038e-14	1	1.7e-17	2.52485e-18
59652.031887	-1.2978511562e-14	1	1.7e-17	2.52485e-18
59652.031898	-1.6627233038e-14	1	1.7e-17	2.52485e-18
59652.031910	-1.4594854561e-14	1	1.7e-17	2.52485e-18
59652.031921	-1.6078237950e-14	1	1.7e-17	2.52485e-18
59652.031933	-1.6468380479e-14	1	1.7e-17	2.52485e-18
59652.031944	-1.7811627349e-14	1	1.7e-17	2.52485e-18
59652.031956	-1.7347383838e-14	1	1.7e-17	2.52485e-18
59652.031968	-1.3050184949e-14	1	1.7e-17	2.52485e-18
59652.031979	-1.7699605548e-14	1	1.7e-17	2.52485e-18
59652.032083	-1.6921648138e-14	1	1.7e-17	2.52485e-18
59652.032095	-1.6507415992e-14	1	1.7e-17	2.52485e-18
59652.032106	-1.6383063085e-14	1	1.7e-17	2.52485e-18
59652.032118	-1.5973454893e-14	1	1.7e-17	2.52485e-18
59652.032130	-1.5898817737e-14	1	1.7e-17	2.52485e-18
59652.032141	-1.7584869006e-14	1	1.7e-17	2.52485e-18
59652.032153	-1.6335991770e-14	1	1.7e-17	2.52485e-18
59652.032164	-1.4789884744e-14	1	1.7e-17	2.52485e-18
59652.032176	-1.5729965107e-14	1	1.7e-17	2.52485e-18
59652.032188	-1.2488076945e-14	1	1.7e-17	2.52485e-18
59652.032199	-1.3337405351e-14	1	1.7e-17	2.52485e-18
59652.032211	-1.1884953064e-14	1	1.7e-17	2.52485e-18
59652.032222	-1.3507550554e-14	1	1.7e-17	2.52485e-18
59652.032234	-1.2807148327e-14	1	1.7e-17	2.52485e-18
59652.032245	-1.4207677495e-14	1	1.7e-17	2.52485e-18
59652.032257	-1.3311263374e-14	1	1.7e-17	2.52485e-18
59652.032269	-1.5459942015e-14	1	1.7e-17	2.52485e-18
59652.032280	-1.7004199969e-14	1	1.7e-17	2.52485e-18
59652.032292	-1.6491351165e-14	1	1.7e-17	2.52485e-18
59652.032303	-1.5494599215e-14	1	1.7e-17	2.52485e-18
59652.032315	-1.4123790740e-14	1	1.7e-17	2.52485e-18
59652.032326	-1.5881604334e-14	1	1.7e-17	2.52485e-18
59652.032338	-1.5093060706e-14	1	1.7e-17	2.52485e-18
59652.032350	-1.4892758589e-14	1	1.7e-17	2.52485e-18
59652.032361	-1.2756483898e-14	1	1.7e-17	2.52485e-18
59652.032373	-1.3190358738e-14	1	1.7e-17	2.52485e-18
59652.032384	-1.3900598405e-14	1	1.7e-17	2.52485e-18
59652.032396	-1.5265780888e-14	1	1.7e-17	2.52485e-18
59652.032407	-1.4173078740e-14	1	1.7e-17	2.52485e-18
59652.032419	-1.2965624803e-14	1	1.7e-17	2.52485e-18
59652.032431	-1.5989791617e-14	1	1.7e-17	2.52485e-18
59652.032442	-1.6372471785e-14	1	1.7e-17	2.52485e-18
59652.032454	-1.7700909132e-14	1	1.7e-17	2.52485e-18
59652.032465	-1.1297988031e-14	1	1.7e-17	2.52485e-18
59652.032477	-1.4123760246e-14	1	1.7e-17	2.52485e-18
59652.032488	-1.8321719908e-14	1	1.7e-17	2.52485e-18
59652.032500	-1.6961594211e-14	1	1.7e-17	2.52485e-18
59652.032512	-1.2487933796e-14	1	1.7e-17	2.52485e-18
59652.032523	-1.2731169472e-14	1	1.7e-17	2.52485e-18
59652.032535	-1.6019964625e-14	1	1.7e-17	2.52485e-18
59652.032546	-1.5867704523e-14	1	1.7e-17	2.52485e-18
59652.032558	-1.5927171318e-14	1	1.7e-17	2.52485e-18
59652.032569	-1.6697430893e-14	1	1.7e-17	2.52485e-18
59652.032581	-1.4290759568e-14	1	1.7e-17	2.52485e-18
59652.032593	-1.5751389112e-14	1	1.7e-17	2.52485e-18
59652.032604	-1.4224984919e-14	1	1.7e-17	2.52485e-18
59652.032616	-1.4358600131e-14	1	1.7e-17	2.52485e-18
59652.032627	-1.3176360671e-14	1	1.7e-17	2.52485e-18
59652.032639	-1.4866356572e-14	1	1.7e-17	2.52485e-18
59652.032650	-1.3247925638e-14	1	1.7e-17	2.52485e-18
59652.032662	-1.2885665740e-14	1	1.7e-17	2.52485e-18
59652.032674	-1.2668743990e-14	1	1.7e-17	2.52485e-18
59652.032685	-1.2238760420e-14	1	1.7e-17	2.52485e-18
59652.032697	-1.3628267995e-14	1	1.7e-17	2.52485e-18
59652.032708	-1.4862994699e-14	1	1.7e-17	2.52485e-18
59652.032720	-1.4360281491e-14	1	1.7e-17	2.52485e-18
59652.032731	-1.4333447488e-14	1	1.7e-17	2.52485e-18
59652.032743	-1.4054938820e-14	1	1.7e-17	2.52485e-18
59652.032755	-1.4085548896e-14	1	1.7e-17	2.52485e-18
59652.032766	-1.7921217319e-14	1	1.7e-17	2.52485e-18
59652.032778	-1.4852961593e-14	1	1.7e-17	2.52485e-18
59652.032789	-1.3751457926e-14	1	1.7e-17	2.52485e-18
59652.032801	-1.5476009383e-14	1	1.7e-17	2.52485e-18
59652.032813	-1.6529611643e-14	1	1.7e-17	2.52485e-18
59652.032824	-1.1338997131e-14	1	1.7e-17	2.52485e-18
59652.032836	-1.3382580160e-14	1	1.7e-17	2.52485e-18
59652.032847	-1.5508849698e-14	1	1.7e-17	2.52485e-18
59652.032859	-1.5431665514e-14	1	1.7e-17	2.52485e-18
59652.032870	-1.2760706357e-14	1	1.7e-17	2.52485e-18
59652.032882	-1.1044825129e-14	1	1.7e-17	2.52485e-18
59652.032894	-1.3810229307e-14	1	1.7e-17	2.52485e-18
59652.032905	-1.3130829262e-14	1	1.7e-17	2.52485e-18
59652.032917	-1.2947631282e-14	1	1.7e-17	2.52485e-18
59652.032928	-1.2130204678e-14	1	1.7e-17	2.52485e-18
59652.032940	-1.3931298267e-14	1	1.7e-17	2.52485e-18
59652.032951	-1.4092327701e-14	1	1.7e-17	2.52485e-18
59652.032963	-1.4167679752e-14	1	1.7e-17	2.52485e-18
59652.032975	-1.5190256889e-14	1	1.7e-17	2.52485e-18
59652.032986	-1.7910662442e-14	1	1.7e-17	2.52485e-18
59652.032998	-1.5286713613e-14	1	1.7e-17	2.52485e-18
59652.033009	-1.5072071229e-14	1	1.7e-17	2.52485e-18
59652.033021	-1.6021388487e-14	1	1.7e-17	2.52485e-18
59652.033032	-1.6176714001e-14	1	1.7e-17	2.52485e-18
59652.033044	-1.6822609657e-14	1	1.7e-17	2.52485e-18
59652.033056	-1.5197265240e-14	1	1.7e-17	2.52485e-18
59652.033067	-1.3102481611e-14	1	1.7e-17	2.52485e-18
59652.033079	-1.3150135684e-14	1	1.7e-17	2.52485e-18
59652.033090	-1.4205254980e-14	1	1.7e-17	2.52485e-18
59652.033102	-1.6762280583e-14	1	1.7e-17	2.52485e-18
59652.033113	-1.6188265836e-14	1	1.7e-17	2.52485e-18
59652.033125	-1.4128165665e-14	1	1.7e-17	2.52485e-18
59652.033137	-1.2890415054e-14	1	1.7e-17	2.52485e-18
59652.033148	-1.4775956981e-14	1	1.7e-17	2.52485e-18
59652.033160	-1.1578240740e-14	1	1.7e-17	2.52485e-18
59652.033171	-1.5102038408e-14	1	1.7e-17	2.52485e-18
59652.033183	-1.4600982844e-14	1	1.7e-17	2.52485e-18
59652.033194	-1.5578745162e-14	1	1.7e-17	2.52485e-18
59652.033206	-1.1943228084e-14	1	1.7e-17	2.52485e-18
59652.033218	-1.2643971665e-14	1	1.7e-17	2.52485e-18
59652.033229	-1.3931020440e-14	1	1.7e-17	2.52485e-18
59652.033241	-1.3267505652e-14	1	1.7e-17	2.52485e-18
59652.033252	-1.5588918028e-14	1	1.7e-17	2.52485e-18
59652.033264	-1.4552756176e-14	1	1.7e-17	2.52485e-18
59652.033275	-1.3092955878e-14	1	1.7e-17	2.52485e-18
59652.033287	-1.7290899445e-14	1	1.7e-17	2.52485e-18
59652.033299	-1.3163536592e-14	1	1.7e-17	2.52485e-18
59652.033310	-1.5760492175e-14	1	1.7e-17	2.52485e-18
59652.033322	-1.5817385684e-14	1	1.7e-17	2.52485e-18
59652.033333	-1.8859476562e-14	1	1.7e-17	2.52485e-18
59652.033345	-1.4631163475e-14	1	1.7e-17	2.52485e-18
59652.033356	-1.6587762149e-14	1	1.7e-17	2.52485e-18
59652.033368	-1.6440469049e-14	1	1.7e-17	2.52485e-18
59652.033380	-1.6584792452e-14	1	1.7e-17	2.52485e-18
59652.033391	-1.5508737042e-14	1	1.7e-17	2.52485e-18
59652.033403	-1.4633420818e-14	1	1.7e-17	2.52485e-18
59652.033414	-1.4177018290e-14	1	1.7e-17	2.52485e-18
59652.033426	-1.4546811699e-14	1	1.7e-17	2.52485e-18
59652.033437	-1.2802709027e-14	1	1.7e-17	2.52485e-18
59652.033449	-1.5526971121e-14	1	1.7e-17	2.52485e-18
59652.033461	-1.4001664682e-14	1	1.7e-17	2.52485e-18
59652.033472	-1.6353199245e-14	1	1.7e-17	2.52485e-18
59652.033484	-1.4015007992e-14	1	1.7e-17	2.52485e-18
59652.033495	-1.4689034460e-14	1	1.7e-17	2.52485e-18
59652.033507	-1.3849986492e-14	1	1.7e-17	2.52485e-18
59652.033519	-1.6137637830e-14	1	1.7e-17	2.52485e-18
59652.033530	-1.4944698650e-14	1	1.7e-17	2.52485e-18
59652.033542	-1.3636551977e-14	1	1.7e-17	2.52485e-18
59652.033553	-1.1499814806e-14	1	1.7e-17	2.52485e-18
59652.033565	-1.3789942868e-14	1	1.7e-17	2.52485e-18
59652.033576	-1.4698941357e-14	1	1.7e-17	2.52485e-18
59652.033588	-1.6613888881e-14	1	1.7e-17	2.52485e-18
59652.033600	-1.6654370279e-14	1	1.7e-17	2.52485e-18
59652.033611	-1.4379282135e-14	1	1.7e-17	2.52485e-18
59652.033623	-1.4086510279e-14	1	1.7e-17	2.52485e-18
59652.033634	-1.5611544819e-14	1	1.7e-17	2.52485e-18
59652.033646	-1.5700966934e-14	1	1.7e-17	2.52485e-18
59652.033657	-1.4975158802e-14	1	1.7e-17	2.52485e-18
59652.033669	-1.3433232730e-14	1	1.7e-17	2.52485e-18
59652.033681	-1.3262473429e-14	1	1.7e-17	2.52485e-18
59652.033692	-1.0362402024e-14	1	1.7e-17	2.52485e-18
59652.033704	-1.3684472019e-14	1	1.7e-17	2.52485e-18
59652.033715	-1.4905584362e-14	1	1.7e-17	2.52485e-18
59652.033727	-1.4800213464e-14	1	1.7e-17	2.52485e-18
59652.033738	-1.5535511754e-14	1	1.7e-17	2.52485e-18
59652.033750	-1.4473432388e-14	1	1.7e-17	2.52485e-18
59652.033762	-1.2861967452e-14	1	1.7e-17	2.52485e-18
59652.033773	-1.4142518638e-14	1	1.7e-17	2.52485e-18
59652.033785	-1.4418198216e-14	1	1.7e-17	2.52485e-18
59652.033796	-1.4931220661e-14	1	1.7e-17	2.52485e-18
59652.033808	-1.6699755999e-14	1	1.7e-17	2.52485e-18
59652.033819	-1.6060515480e-14	1	1.7e-17	2.52485e-18
59652.033831	-1.4953444265e-14	1	1.7e-17	2.52485e-18
59652.033843	-1.7047904328e-14	1	1.7e-17	2.52485e-18
59652.033854	-1.3516431694e-14	1	1.7e-17	2.52485e-18
59652.033866	-1.2579200749e-14	1	1.7e-17	2.52485e-18
59652.033877	-1.3888818718e-14	1	1.7e-17	2.52485e-18
59652.033889	-1.4901007843e-14	1	1.7e-17	2.52485e-18
59652.033900	-1.2476979119e-14	1	1.7e-17	2.52485e-18
59652.033912	-1.2484239886e-14	1	1.7e-17	2.52485e-18
59652.033924	-1.3807425628e-14	1	1.7e-17	2.52485e-18
59652.033935	-1.4446905010e-14	1	1.7e-17	2.52485e-18
59652.033947	-1.4993729152e-14	1	1.7e-17	2.52485e-18
59652.033958	-1.5529236087e-14	1	1.7e-17	2.52485e-18
59652.033970	-1.4028359773e-14	1	1.7e-17	2.52485e-18
59652.033981	-1.4198528692e-14	1	1.7e-17	2.52485e-18
59652.033993	-1.6446151793e-14	1	1.7e-17	2.52485e-18
59652.034005	-1.3650123139e-14	1	1.7e-17	2.52485e-18
59652.034016	-1.6495543978e-14	1	1.7e-17	2.52485e-18
59652.034028	-1.4366164135e-14	1	1.7e-17	2.52485e-18
59652.034039	-1.2868670024e-14	1	1.7e-17	2.52485e-18
59652.034051	-1.2657165050e-14	1	1.7e-17	2.52485e-18
59652.034062	-1.6010232216e-14	1	1.7e-17	2.52485e-18
59652.034074	-1.4047029226e-14	1	1.7e-17	2.52485e-18
59652.034086	-1.2900064453e-14	1	1.7e-17	2.52485e-18
59652.034097	-1.3345309863e-14	1	1.7e-17	2.52485e-18
59652.034109	-1.4770499548e-14	1	1.7e-17	2.52485e-18
59652.034120	-1.5042948542e-14	1	1.7e-17	2.52485e-18
59652.034132	-1.5018939393e-14	1	1.7e-17	2.52485e-18
59652.034144	-1.3796474339e-14	1	1.7e-17	2.52485e-18
59652.034155	-1.5347837205e-14	1	1.7e-17	2.52485e-18
59652.034167	-1.3918047284e-14	1	1.7e-17	2.52485e-18
59652.034178	-1.4873381017e-14	1	1.7e-17	2.52485e-18
59652.034190	-1.4069732250e-14	1	1.7e-17	2.52485e-18
59652.034201	-1.4394022202e-14	1	1.7e-17	2.52485e-18
59652.034213	-1.2911327450e-14	1	1.7e-17	2.52485e-18
59652.034225	-1.4150904264e-14	1	1.7e-17	2.52485e-18
59652.034236	-1.3879724125e-14	1	1.7e-17	2.52485e-18
59652.034248	-1.2810929482e-14	1	1.7e-17	2.52485e-18
59652.034259	-1.2342604118e-14	1	1.7e-17	2.52485e-18
59652.034271	-1.4772142792e-14	1	1.7e-17	2.52485e-18
59652.034282	-1.2843308163e-14	1	1.7e-17	2.52485e-18
59652.034294	-1.4556727067e-14	1	1.7e-17	2.52485e-18
59652.034306	-1.3936377924e-14	1	1.7e-17	2.52485e-18
59652.034317	-1.4221686573e-14	1	1.7e-17	2.52485e-18
59652.034329	-1.3331694655e-14	1	1.7e-17	2.52485e-18
59652.034340	-1.5745945231e-14	1	1.7e-17	2.52485e-18
59652.034352	-1.6237946012e-14	1	1.7e-17	2.52485e-18
59652.034363	-1.3170718585e-14	1	1.7e-17	2.52485e-18
59652.034375	-1.4258032756e-14	1	1.7e-17	2.52485e-18
59652.034387	-1.4270207161e-14	1	1.7e-17	2.52485e-18
59652.034398	-1.5065193322e-14	1	1.7e-17	2.52485e-18
59652.034410	-1.2706411545e-14	1	1.7e-17	2.52485e-18
59652.034421	-1.3766709601e-14	1	1.7e-17	2.52485e-18
59652.034433	-1.4755322411e-14	1	1.7e-17	2.52485e-18
59652.034444	-1.3217904249e-14	1	1.7e-17	2.52485e-18
59652.034456	-1.2472508479e-14	1	1.7e-17	2.52485e-18
59652.034468	-1.1518092930e-14	1	1.7e-17	2.52485e-18
59652.034479	-1.3330182701e-14	1	1.7e-17	2.52485e-18
59652.034491	-1.3930656216e-14	1	1.7e-17	2.52485e-18
59652.034502	-1.5577026533e-14	1	1.7e-17	2.52485e-18
59652.034514	-1.5599090894e-14	1	1.7e-17	2.52485e-18
59652.034525	-1.3530442466e-14	1	1.7e-17	2.52485e-18
59652.034537	-1.3889831769e-14	1	1.7e-17	2.52485e-18
59652.034549	-1.6886590291e-14	1	1.7e-17	2.52485e-18
59652.034560	-1.6713235681e-14	1	1.7e-17	2.52485e-18
59652.034572	-1.4219825641e-14	1	1.7e-17	2.52485e-18
59652.034583	-1.4860367202e-14	1	1.7e-17	2.52485e-18
59652.034595	-1.3574029087e-14	1	1.7e-17	2.52485e-18
59652.034606	-1.4904490843e-14	1	1.7e-17	2.52485e-18
59652.034618	-1.3804627878e-14	1	1.7e-17	2.52485e-18
59652.034630	-1.4536830263e-14	1	1.7e-17	2.52485e-18
59652.034641	-1.2039470508e-14	1	1.7e-17	2.52485e-18
59652.034653	-1.5199759752e-14	1	1.7e-17	2.52485e-18
59652.034664	-1.5129882922e-14	1	1.7e-17	2.52485e-18
59652.034676	-1.3523390070e-14	1	1.7e-17	2.52485e-18
59652.034687	-1.2381229668e-14	1	1.7e-17	2.52485e-18
59652.034699	-1.2587742230e-14	1	1.7e-17	2.52485e-18
59652.034711	-1.4934589311e-14	1	1.7e-17	2.52485e-18
59652.034722	-1.6247699597e-14	1	1.7e-17	2.52485e-18
59652.034734	-1.5707366268e-14	1	1.7e-17	2.52485e-18
59652.034745	-1.3451385493e-14	1	1.7e-17	2.52485e-18
59652.034757	-1.2908062138e-14	1	1.7e-17	2.52485e-18
59652.034769	-1.7036326234e-14	1	1.7e-17	2.52485e-18
59652.034780	-1.5814939453e-14	1	1.7e-17	2.52485e-18
59652.034792	-1.4888708078e-14	1	1.7e-17	2.52485e-18
59652.034803	-1.3993711890e-14	1	1.7e-17	2.52485e-18
59652.034815	-1.2259164597e-14	1	1.7e-17	2.52485e-18
59652.034826	-1.4164905719e-14	1	1.7e-17	2.52485e-18
59652.034838	-1.3830745292e-14	1	1.7e-17	2.52485e-18
59652.034850	-1.1322034449e-14	1	1.7e-17	2.52485e-18
59652.034861	-1.2564072741e-14	1	1.7e-17	2.52485e-18
59652.034873	-1.4731160797e-14	1	1.7e-17	2.52485e-18
59652.034884	-1.4547393611e-14	1	1.7e-17	2.52485e-18
59652.034896	-1.3489939045e-14	1	1.7e-17	2.52485e-18
59652.034907	-1.3498929452e-14	1	1.7e-17	2.52485e-18
59652.034919	-1.4366972205e-14	1	1.7e-17	2.52485e-18
59652.034931	-1.3459318804e-14	1	1.7e-17	2.52485e-18
59652.034942	-1.4624732801e-14	1	1.7e-17	2.52485e-18
59652.034954	-1.5839599123e-14	1	1.7e-17	2.52485e-18
59652.034965	-1.4563190775e-14	1	1.7e-17	2.52485e-18
59652.034977	-1.4255970231e-14	1	1.7e-17	2.52485e-18
59652.034988	-1.4742596589e-14	1	1.7e-17	2.52485e-18
59652.035000	-1.4901593990e-14	1	1.7e-17	2.52485e-18
59652.035012	-1.5158212786e-14	1	1.7e-17	2.52485e-18
59652.035023	-1.4373065760e-14	1	1.7e-17	2.52485e-18
59652.035035	-1.3590280262e-14	1	1.7e-17	2.52485e-18
59652.035046	-1.4777084382e-14	1	1.7e-17	2.52485e-18
59652.035058	-1.4566434911e-14	1	1.7e-17	2.52485e-18
59652.035069	-1.3881892529e-14	1	1.7e-17	2.52485e-18
59652.035081	-1.2586686827e-14	1	1.7e-17	2.52485e-18
59652.035093	-1.2207351591e-14	1	1.7e-17	2.52485e-18
59652.035104	-1.3920967853e-14	1	1.7e-17	2.52485e-18
59652.035116	-1.4524386502e-14	1	1.7e-17	2.52485e-18
59652.035127	-1.4729223632e-14	1	1.7e-17	2.52485e-18
59652.035139	-1.4495511149e-14	1	1.7e-17	2.52485e-18
59652.035150	-1.4943699998e-14	1	1.7e-17	2.52485e-18
59652.035162	-1.3124431622e-14	1	1.7e-17	2.52485e-18
59652.035174	-1.3526297934e-14	1	1.7e-17	2.52485e-18
59652.035185	-1.2591491197e-14	1	1.7e-17	2.52485e-18
59652.035197	-1.4857997204e-14	1	1.7e-17	2.52485e-18
59652.035208	-1.5067742891e-14	1	1.7e-17	2.52485e-18
59652.035220	-1.6106785502e-14	1	1.7e-17	2.52485e-18
59652.035231	-1.5120081057e-14	1	1.7e-17	2.52485e-18
59652.035243	-1.5448611256e-14	1	1.7e-17	2.52485e-18
59652.035428	-1.7759541599e-14	1	1.7e-17	2.52485e-18
59652.035440	-1.5860386158e-14	1	1.7e-17	2.52485e-18
59652.035451	-1.2262713665e-14	1	1.7e-17	2.52485e-18
59652.035463	-1.5469659177e-14	1	1.7e-17	2.52485e-18
59652.035475	-1.4854429501e-14	1	1.7e-17	2.52485e-18
59652.035486	-1.5422265143e-14	1	1.7e-17	2.52485e-18
59652.035498	-1.4225725226e-14	1	1.7e-17	2.52485e-18
59652.035509	-1.3853129832e-14	1	1.7e-17	2.52485e-18
59652.035521	-1.2011356638e-14	1	1.7e-17	2.52485e-18
59652.035532	-1.4342901222e-14	1	1.7e-17	2.52485e-18
59652.035544	-1.7011077876e-14	1	1.7e-17	2.52485e-18
59652.035556	-1.6626158153e-14	1	1.7e-17	2.52485e-18
59652.035567	-1.4482537992e-14	1	1.7e-17	2.52485e-18
59652.035579	-1.4356379211e-14	1	1.7e-17	2.52485e-18
59652.035590	-1.3123945425e-14	1	1.7e-17	2.52485e-18
59652.035602	-1.4915752993e-14	1	1.7e-17	2.52485e-18
59652.035613	-1.5127204604e-14	1	1.7e-17	2.52485e-18
59652.035625	-1.5246740434e-14	1	1.7e-17	2.52485e-18
59652.035637	-1.6190676492e-14	1	1.7e-17	2.52485e-18
59652.035648	-1.5064568211e-14	1	1.7e-17	2.52485e-18
59652.035660	-1.5568311411e-14	1	1.7e-17	2.52485e-18
59652.035671	-1.2567047521e-14	1	1.7e-17	2.52485e-18
59652.035683	-1.4379709039e-14	1	1.7e-17	2.52485e-18
59652.035694	-1.3620648934e-14	1	1.7e-17	2.52485e-18
59652.035706	-1.4221350300e-14	1	1.7e-17	2.52485e-18
59652.035718	-1.5048158642e-14	1	1.7e-17	2.52485e-18
59652.035729	-1.5046766120e-14	1	1.7e-17	2.52485e-18
59652.035741	-1.3761326707e-14	1	1.7e-17	2.52485e-18
59652.035752	-1.6187174858e-14	1	1.7e-17	2.52485e-18
59652.035764	-1.5421974610e-14	1	1.7e-17	2.52485e-18
59652.035775	-1.5140698686e-14	1	1.7e-17	2.52485e-18
59652.035787	-1.3019629930e-14	1	1.7e-17	2.52485e-18
59652.035799	-1.4279804044e-14	1	1.7e-17	2.52485e-18
59652.035810	-1.3713393112e-14	1	1.7e-17	2.52485e-18
59652.035822	-1.5965775692e-14	1	1.7e-17	2.52485e-18
59652.035833	-1.3349002080e-14	1	1.7e-17	2.52485e-18
59652.035845	-1.4687710548e-14	1	1.7e-17	2.52485e-18
59652.035856	-1.5668188453e-14	1	1.7e-17	2.52485e-18
59652.035868	-1.5038032363e-14	1	1.7e-17	2.52485e-18
59652.035880	-1.3326793723e-14	1	1.7e-17	2.52485e-18
59652.035891	-1.3890162112e-14	1	1.7e-17	2.52485e-18
59652.035995	-1.1832490384e-14	1	1.7e-17	2.52485e-18
59652.036007	-1.3915032694e-14	1	1.7e-17	2.52485e-18
59652.036019	-1.3795515498e-14	1	1.7e-17	2.52485e-18
59652.036331	-1.4448981935e-14	1	1.7e-17	2.52485e-18
59652.036343	-1.6436185603e-14	1	1.7e-17	2.52485e-18
59652.036354	-1.4606193791e-14	1	1.7e-17	2.52485e-18
59652.036366	-1.3803266696e-14	1	1.7e-17	2.52485e-18
59652.036377	-1.2158383770e-14	1	1.7e-17	2.52485e-18
59652.036389	-1.5032199694e-14	1	1.7e-17	2.52485e-18
59652.036400	-1.5922463509e-14	1	1.7e-17	2.52485e-18
59652.036412	-1.5460563737e-14	1	1.7e-17	2.52485e-18
59652.036424	-1.9277239141e-14	1	1.7e-17	2.52485e-18
59652.036435	-1.5862804438e-14	1	1.7e-17	2.52485e-18
59652.036447	-1.3862743656e-14	1	1.7e-17	2.52485e-18
59652.036458	-1.4167502722e-14	1	1.7e-17	2.52485e-18
59652.036470	-1.5651671311e-14	1	1.7e-17	2.52485e-18
59652.036481	-1.4167178308e-14	1	1.7e-17	2.52485e-18
59652.036493	-1.2780869977e-14	1	1.7e-17	2.52485e-18
59652.036505	-1.1334984736e-14	1	1.7e-17	2.52485e-18
59652.036516	-1.4977682960e-14	1	1.7e-17	2.52485e-18
59652.036528	-1.6691901462e-14	1	1.7e-17	2.52485e-18
59652.036539	-1.5319928316e-14	1	1.7e-17	2.52485e-18
59652.036551	-1.2971653984e-14	1	1.7e-17	2.52485e-18
59652.036562	-1.4171865789e-14	1	1.7e-17	2.52485e-18
59652.036574	-1.5990506513e-14	1	1.7e-17	2.52485e-18
59652.036586	-1.7039373859e-14	1	1.7e-17	2.52485e-18
59652.036597	-1.6291855424e-14	1	1.7e-17	2.52485e-18
59652.036609	-1.6620546560e-14	1	1.7e-17	2.52485e-18
59652.036620	-1.5916093821e-14	1	1.7e-17	2.52485e-18
59652.036632	-1.6914619458e-14	1	1.7e-17	2.52485e-18
59652.036644	-1.4002328756e-14	1	1.7e-17	2.52485e-18
59652.036655	-1.4395046265e-14	1	1.7e-17	2.52485e-18
59652.036667	-1.5868259330e-14	1	1.7e-17	2.52485e-18
59652.036678	-1.3779577726e-14	1	1.7e-17	2.52485e-18
59652.036690	-1.1972886095e-14	1	1.7e-17	2.52485e-18
59652.036701	-1.2591076998e-14	1	1.7e-17	2.52485e-18
59652.036713	-1.3144757025e-14	1	1.7e-17	2.52485e-18
59652.036725	-1.1843384922e-14	1	1.7e-17	2.52485e-18
59652.036736	-1.3235415808e-14	1	1.7e-17	2.52485e-18
59652.036748	-1.1067352818e-14	1	1.7e-17	2.52485e-18
59652.036759	-1.3293749273e-14	1	1.7e-17	2.52485e-18
59652.036771	-1.3860632003e-14	1	1.7e-17	2.52485e-18
59652.036782	-1.3513040174e-14	1	1.7e-17	2.52485e-18
59652.036794	-1.6937266578e-14	1	1.7e-17	2.52485e-18
59652.036806	-1.6670792554e-14	1	1.7e-17	2.52485e-18
59652.036817	-1.5107127382e-14	1	1.7e-17	2.52485e-18
59652.036829	-1.3100164128e-14	1	1.7e-17	2.52485e-18
59652.036840	-1.6459762766e-14	1	1.7e-17	2.52485e-18
59652.036852	-1.7752444310e-14	1	1.7e-17	2.52485e-18
59652.036863	-1.7254653212e-14	1	1.7e-17	2.52485e-18
59652.036875	-1.6374935804e-14	1	1.7e-17	2.52485e-18
59652.036887	-1.6858459480e-14	1	1.7e-17	2.52485e-18
59652.036898	-1.3617340423e-14	1	1.7e-17	2.52485e-18
59652.036910	-1.6671827628e-14	1	1.7e-17	2.52485e-18
59652.036921	-1.4447421700e-14	1	1.7e-17	2.52485e-18
59652.036933	-1.4716665522e-14	1	1.7e-17	2.52485e-18
59652.036944	-1.4038799454e-14	1	1.7e-17	2.52485e-18
59652.036956	-1.4343044371e-14	1	1.7e-17	2.52485e-18
59652.036968	-1.1533641067e-14	1	1.7e-17	2.52485e-18
59652.036979	-1.3759462387e-14	1	1.7e-17	2.52485e-18
59652.036991	-1.6486814457e-14	1	1.7e-17	2.52485e-18
59652.037002	-1.4870873799e-14	1	1.7e-17	2.52485e-18
59652.037014	-1.3238050928e-14	1	1.7e-17	2.52485e-18
59652.037176	-1.8176116638e-14	1	1.7e-17	2.52485e-18
59652.037187	-1.2956686064e-14	1	1.7e-17	2.52485e-18
59652.037280	-1.4897111492e-14	1	1.7e-17	2.52485e-18
59652.037292	-1.3434439752e-14	1	1.7e-17	2.52485e-18
59652.037303	-1.5315065500e-14	1	1.7e-17	2.52485e-18
59652.037315	-1.4219226789e-14	1	1.7e-17	2.52485e-18
59652.037326	-1.5821338787e-14	1	1.7e-17	2.52485e-18
59652.037338	-1.5051722110e-14	1	1.7e-17	2.52485e-18
59652.037350	-1.5329553999e-14	1	1.7e-17	2.52485e-18
59652.037361	-1.4041431185e-14	1	1.7e-17	2.52485e-18
59652.037373	-1.3415375581e-14	1	1.7e-17	2.52485e-18
59652.037384	-1.4699817189e-14	1	1.7e-17	2.52485e-18
59652.037396	-1.7081169006e-14	1	1.7e-17	2.52485e-18
59652.037407	-1.7672363274e-14	1	1.7e-17	2.52485e-18
59652.037419	-1.6958215397e-14	1	1.7e-17	2.52485e-18
59652.037431	-1.7264649894e-14	1	1.7e-17	2.52485e-18
59652.037442	-1.5095808480e-14	1	1.7e-17	2.52485e-18
59652.037454	-1.3655334086e-14	1	1.7e-17	2.52485e-18
59652.037465	-1.5704516850e-14	1	1.7e-17	2.52485e-18
59652.037477	-1.6653061613e-14	1	1.7e-17	2.52485e-18
59652.037488	-1.3578058423e-14	1	1.7e-17	2.52485e-18
59652.037500	-1.2954081438e-14	1	1.7e-17	2.52485e-18
59652.037512	-1.3197040981e-14	1	1.7e-17	2.52485e-18
59652.037523	-1.7617710168e-14	1	1.7e-17	2.52485e-18
59652.037535	-1.5819920853e-14	1	1.7e-17	2.52485e-18
59652.037546	-1.1857676062e-14	1	1.7e-17	2.52485e-18
59652.037558	-1.3139541843e-14	1	1.7e-17	2.52485e-18
59652.037569	-1.4665630093e-14	1	1.7e-17	2.52485e-18
59652.037581	-1.7290013449e-14	1	1.7e-17	2.52485e-18
59652.037593	-1.6452098811e-14	1	1.7e-17	2.52485e-18
59652.037604	-1.7321231695e-14	1	1.7e-17	2.52485e-18
59652.037616	-1.4009855491e-14	1	1.7e-17	2.52485e-18
59652.037627	-1.4754164517e-14	1	1.7e-17	2.52485e-18
59652.037639	-1.5793421428e-14	1	1.7e-17	2.52485e-18
59652.037650	-1.5358870656e-14	1	1.7e-17	2.52485e-18
59652.037662	-1.2235252857e-14	1	1.7e-17	2.52485e-18
59652.037674	-1.3273569560e-14	1	1.7e-17	2.52485e-18
59652.037685	-1.5613337988e-14	1	1.7e-17	2.52485e-18
59652.037697	-1.5992459771e-14	1	1.7e-17	2.52485e-18
59652.037708	-1.0774061730e-14	1	1.7e-17	2.52485e-18
59652.037720	-1.5405188959e-14	1	1.7e-17	2.52485e-18
59652.037731	-2.0547830066e-14	1	1.7e-17	2.52485e-18
59652.037743	-2.1797372223e-14	1	1.7e-17	2.52485e-18
59652.037755	-1.7667573303e-14	1	1.7e-17	2.52485e-18
59652.037766	-1.5818192906e-14	1	1.7e-17	2.52485e-18
59652.037778	-1.4237043280e-14	1	1.7e-17	2.52485e-18
59652.037789	-1.3635272111e-14	1	1.7e-17	2.52485e-18
59652.037801	-1.1855422954e-14	1	1.7e-17	2.52485e-18
59652.037812	-1.2012890614e-14	1	1.7e-17	2.52485e-18
59652.037824	-1.1000165317e-14	1	1.7e-17	2.52485e-18
59652.037836	-1.4814343667e-14	1	1.7e-17	2.52485e-18
59652.037847	-1.1234806149e-14	1	1.7e-17	2.52485e-18
59652.037859	-1.2313453480e-14	1	1.7e-17	2.52485e-18
59652.037870	-1.1460545512e-14	1	1.7e-17	2.52485e-18
59652.037882	-1.3082107080e-14	1	1.7e-17	2.52485e-18
59652.037894	-1.2790506671e-14	1	1.7e-17	2.52485e-18
59652.037905	-1.2244266134e-14	1	1.7e-17	2.52485e-18
59652.037917	-1.1811773653e-14	1	1.7e-17	2.52485e-18
59652.037928	-1.3528371470e-14	1	1.7e-17	2.52485e-18
59652.037940	-1.6225995225e-14	1	1.7e-17	2.52485e-18
59652.037951	-1.5782315979e-14	1	1.7e-17	2.52485e-18
59652.037963	-1.3719738236e-14	1	1.7e-17	2.52485e-18
59652.037975	-1.4538783521e-14	1	1.7e-17	2.52485e-18
59652.037986	-1.6279214305e-14	1	1.7e-17	2.52485e-18
59652.037998	-1.3688901155e-14	1	1.7e-17	2.52485e-18
59652.038009	-1.4649149373e-14	1	1.7e-17	2.52485e-18
59652.038021	-1.6493291718e-14	1	1.7e-17	2.52485e-18
59652.038032	-1.6083978293e-14	1	1.7e-17	2.52485e-18
59652.038044	-1.6132880046e-14	1	1.7e-17	2.52485e-18
59652.038056	-1.5169510511e-14	1	1.7e-17	2.52485e-18
59652.038067	-1.5240735818e-14	1	1.7e-17	2.52485e-18
59652.038079	-1.5863719233e-14	1	1.7e-17	2.52485e-18
59652.038090	-1.4125564427e-14	1	1.7e-17	2.52485e-18
59652.038102	-1.4912062470e-14	1	1.7e-17	2.52485e-18
59652.038113	-1.5627653692e-14	1	1.7e-17	2.52485e-18
59652.038125	-1.6097111538e-14	1	1.7e-17	2.52485e-18
59652.038137	-1.2827571138e-14	1	1.7e-17	2.52485e-18
59652.038148	-1.1632097636e-14	1	1.7e-17	2.52485e-18
59652.038160	-1.3736276554e-14	1	1.7e-17	2.52485e-18
59652.038171	-1.4392894801e-14	1	1.7e-17	2.52485e-18
59652.038183	-1.3854470685e-14	1	1.7e-17	2.52485e-18
59652.038194	-1.3194791261e-14	1	1.7e-17	2.52485e-18
59652.038206	-1.5200888847e-14	1	1.7e-17	2.52485e-18
59652.038218	-1.3649141428e-14	1	1.7e-17	2.52485e-18
59652.038229	-1.4674376555e-14	1	1.7e-17	2.52485e-18
59652.038241	-1.4529694010e-14	1	1.7e-17	2.52485e-18
59652.038252	-1.7987895753e-14	1	1.7e-17	2.52485e-18
59652.038264	-1.7866413440e-14	1	1.7e-17	2.52485e-18
59652.038275	-1.6667595005e-14	1	1.7e-17	2.52485e-18
59652.038287	-1.4895176021e-14	1	1.7e-17	2.52485e-18
59652.038299	-1.4988468230e-14	1	1.7e-17	2.52485e-18
59652.038310	-1.5075410233e-14	1	1.7e-17	2.52485e-18
59652.038322	-1.3020951301e-14	1	1.7e-17	2.52485e-18
59652.038333	-1.1529374562e-14	1	1.7e-17	2.52485e-18
59652.038345	-1.2449364998e-14	1	1.7e-17	2.52485e-18
59652.038356	-1.3626037757e-14	1	1.7e-17	2.52485e-18
59652.038368	-1.3730524354e-14	1	1.7e-17	2.52485e-18
59652.038380	-1.5306365625e-14	1	1.7e-17	2.52485e-18
59652.038391	-1.4228777085e-14	1	1.7e-17	2.52485e-18
59652.038403	-1.2989334102e-14	1	1.7e-17	2.52485e-18
59652.038414	-1.2799095585e-14	1	1.7e-17	2.52485e-18
59652.038426	-1.7195137289e-14	1	1.7e-17	2.52485e-18
59652.038437	-1.4671681296e-14	1	1.7e-17	2.52485e-18
59652.038449	-1.2325611790e-14	1	1.7e-17	2.52485e-18
59652.038461	-1.1407107050e-14	1	1.7e-17	2.52485e-18
59652.038472	-1.4430525087e-14	1	1.7e-17	2.52485e-18
59652.038484	-1.4203122998e-14	1	1.7e-17	2.52485e-18
59652.038495	-1.5137899242e-14	1	1.7e-17	2.52485e-18
59652.038507	-1.3911917306e-14	1	1.7e-17	2.52485e-18
59652.038519	-1.4714047343e-14	1	1.7e-17	2.52485e-18
59652.038530	-1.3814677077e-14	1	1.7e-17	2.52485e-18
59652.038542	-1.2117486478e-14	1	1.7e-17	2.52485e-18
59652.038553	-1.4066318707e-14	1	1.7e-17	2.52485e-18
59652.038565	-1.4531149213e-14	1	1.7e-17	2.52485e-18
59652.038576	-1.4921963438e-14	1	1.7e-17	2.52485e-18
59652.038588	-1.5258307516e-14	1	1.7e-17	2.52485e-18
59652.038600	-1.7060330301e-14	1	1.7e-17	2.52485e-18
59652.038611	-1.7631175450e-14	1	1.7e-17	2.52485e-18
59652.038623	-1.8810861106e-14	1	1.7e-17	2.52485e-18
59652.038634	-1.4157166379e-14	1	1.7e-17	2.52485e-18
59652.038646	-1.3090253843e-14	1	1.7e-17	2.52485e-18
59652.038657	-1.3581557516e-14	1	1.7e-17	2.52485e-18
59652.038669	-1.4664550973e-14	1	1.7e-17	2.52485e-18
59652.038681	-1.3684985321e-14	1	1.7e-17	2.52485e-18
59652.038692	-1.3690286054e-14	1	1.7e-17	2.52485e-18
59652.038704	-1.5235621433e-14	1	1.7e-17	2.52485e-18
59652.038715	-1.3991043736e-14	1	1.7e-17	2.52485e-18
59652.038727	-1.5529514760e-14	1	1.7e-17	2.52485e-18
59652.038738	-1.4354060882e-14	1	1.7e-17	2.52485e-18
59652.038750	-1.5414126003e-14	1	1.7e-17	2.52485e-18
59652.038762	-1.3833790375e-14	1	1.7e-17	2.52485e-18
59652.038773	-1.5019980397e-14	1	1.7e-17	2.52485e-18
59652.038785	-1.3730217728e-14	1	1.7e-17	2.52485e-18
59652.038796	-1.4913671833e-14	1	1.7e-17	2.52485e-18
59652.038808	-1.4730563638e-14	1	1.7e-17	2.52485e-18
59652.038819	-1.5891491749e-14	1	1.7e-17	2.52485e-18
59652.038831	-1.1775652780e-14	1	1.7e-17	2.52485e-18
59652.038843	-1.3865875983e-14	1	1.7e-17	2.52485e-18
59652.038854	-1.6015502455e-14	1	1.7e-17	2.52485e-18
59652.038866	-1.5501628742e-14	1	1.7e-17	2.52485e-18
59652.038877	-1.4817160052e-14	1	1.7e-17	2.52485e-18
59652.038889	-1.7809797758e-14	1	1.7e-17	2.52485e-18
59652.038900	-1.7532164075e-14	1	1.7e-17	2.52485e-18
59652.038912	-1.6964035360e-14	1	1.7e-17	2.52485e-18
59652.038924	-1.3950764778e-14	1	1.7e-17	2.52485e-18
59652.038935	-1.6402171301e-14	1	1.7e-17	2.52485e-18
59652.038947	-1.4301515193e-14	1	1.7e-17	2.52485e-18
59652.038958	-1.5055871724e-14	1	1.7e-17	2.52485e-18
59652.038970	-1.2687757339e-14	1	1.7e-17	2.52485e-18
59652.038981	-1.4204443523e-14	1	1.7e-17	2.52485e-18
59652.038993	-1.3266871224e-14	1	1.7e-17	2.52485e-18
59652.039005	-1.3909235600e-14	1	1.7e-17	2.52485e-18
59652.039016	-1.4557445351e-14	1	1.7e-17	2.52485e-18
59652.039028	-1.4489135532e-14	1	1.7e-17	2.52485e-18
59652.039039	-1.4342144822e-14	1	1.7e-17	2.52485e-18
59652.039051	-1.4864903064e-14	1	1.7e-17	2.52485e-18
59652.039062	-1.6261529951e-14	1	1.7e-17	2.52485e-18
59652.039074	-1.5423929562e-14	1	1.7e-17	2.52485e-18
59652.039086	-1.6437598454e-14	1	1.7e-17	2.52485e-18
59652.039097	-1.3105455543e-14	1	1.7e-17	2.52485e-18
59652.039109	-1.4968986472e-14	1	1.7e-17	2.52485e-18
59652.039120	-1.5677853099e-14	1	1.7e-17	2.52485e-18
59652.039132	-1.6156761293e-14	1	1.7e-17	2.52485e-18
59652.039144	-1.6462265748e-14	1	1.7e-17	2.52485e-18
59652.039155	-1.5538925296e-14	1	1.7e-17	2.52485e-18
59652.039167	-1.6716455253e-14	1	1.7e-17	2.52485e-18
59652.039178	-1.7196687359e-14	1	1.7e-17	2.52485e-18
59652.039190	-1.5220257949e-14	1	1.7e-17	2.52485e-18
59652.039201	-1.2494705825e-14	1	1.7e-17	2.52485e-18
59652.039213	-1.4049943866e-14	1	1.7e-17	2.52485e-18
59652.039225	-1.5963566630e-14	1	1.7e-17	2.52485e-18
59652.039236	-1.3531885810e-14	1	1.7e-17	2.52485e-18
59652.039248	-1.4372986139e-14	1	1.7e-17	2.52485e-18
59652.039259	-1.3207301091e-14	1	1.7e-17	2.52485e-18
59652.039271	-1.5912609975e-14	1	1.7e-17	2.52485e-18
59652.039282	-1.7097831838e-14	1	1.7e-17	2.52485e-18
59652.039294	-1.3225560580e-14	1	1.7e-17	2.52485e-18
59652.039306	-1.5843554767e-14	1	1.7e-17	2.52485e-18
59652.039317	-1.3689189146e-14	1	1.7e-17	2.52485e-18
59652.039329	-1.3061292092e-14	1	1.7e-17	2.52485e-18
59652.039340	-1.4187347857e-14	1	1.7e-17	2.52485e-18
59652.039352	-1.3501551866e-14	1	1.7e-17	2.52485e-18
59652.039363	-1.2698822130e-14	1	1.7e-17	2.52485e-18
59652.039375	-1.3929978590e-14	1	1.7e-17	2.52485e-18
59652.039387	-1.5615868075e-14	1	1.7e-17	2.52485e-18
59652.039398	-1.6714963628e-14	1	1.7e-17	2.52485e-18
59652.039410	-1.4186192504e-14	1	1.7e-17	2.52485e-18
59652.039421	-1.2745560561e-14	1	1.7e-17	2.52485e-18
59652.039433	-1.5158629526e-14	1	1.7e-17	2.52485e-18
59652.039444	-1.4996171148e-14	1	1.7e-17	2.52485e-18
59652.039456	-1.6974588544e-14	1	1.7e-17	2.52485e-18
59652.039468	-1.6998783193e-14	1	1.7e-17	2.52485e-18
59652.039479	-1.9420188656e-14	1	1.7e-17	2.52485e-18
59652.039491	-1.6493872782e-14	1	1.7e-17	2.52485e-18
59652.039502	-1.6446302565e-14	1	1.7e-17	2.52485e-18
59652.039514	-1.4854586203e-14	1	1.7e-17	2.52485e-18
59652.039525	-1.5517735073e-14	1	1.7e-17	2.52485e-18
59652.039537	-1.4424616185e-14	1	1.7e-17	2.52485e-18
59652.039549	-1.3834565411e-14	1	1.7e-17	2.52485e-18
59652.039560	-1.3261254548e-14	1	1.7e-17	2.52485e-18
59652.039572	-1.4870324075e-14	1	1.7e-17	2.52485e-18
59652.039583	-1.4016916358e-14	1	1.7e-17	2.52485e-18
59652.039595	-1.4420151474e-14	1	1.7e-17	2.52485e-18
59652.039606	-1.1630624645e-14	1	1.7e-17	2.52485e-18
59652.039618	-1.4026717376e-14	1	1.7e-17	2.52485e-18
59652.039630	-1.1882334038e-14	1	1.7e-17	2.52485e-18
59652.039641	-1.4100576955e-14	1	1.7e-17	2.52485e-18
59652.039653	-1.4920515859e-14	1	1.7e-17	2.52485e-18
59652.039664	-1.5819751447e-14	1	1.7e-17	2.52485e-18
59652.039676	-1.1976128537e-14	1	1.7e-17	2.52485e-18
59652.039688	-1.2960980522e-14	1	1.7e-17	2.52485e-18
59652.039699	-1.3063220786e-14	1	1.7e-17	2.52485e-18
59652.039711	-1.2868481983e-14	1	1.7e-17	2.52485e-18
59652.039722	-1.2726273621e-14	1	1.7e-17	2.52485e-18
59652.039734	-1.4102442121e-14	1	1.7e-17	2.52485e-18
59652.039745	-1.2223861111e-14	1	1.7e-17	2.52485e-18
59652.039757	-1.4091094421e-14	1	1.7e-17	2.52485e-18
59652.039769	-1.5171257093e-14	1	1.7e-17	2.52485e-18
59652.039780	-1.5011294074e-14	1	1.7e-17	2.52485e-18
59652.039792	-1.2920021396e-14	1	1.7e-17	2.52485e-18
59652.039803	-1.5933907771e-14	1	1.7e-17	2.52485e-18
59652.039815	-1.9415371580e-14	1	1.7e-17	2.52485e-18
59652.039826	-1.6922361339e-14	1	1.7e-17	2.52485e-18
59652.039838	-1.5920929532e-14	1	1.7e-17	2.52485e-18
59652.039850	-1.7149687195e-14	1	1.7e-17	2.52485e-18
59652.039861	-1.4598192718e-14	1	1.7e-17	2.52485e-18
59652.039873	-1.4261887603e-14	1	1.7e-17	2.52485e-18
59652.039884	-1.6638658665e-14	1	1.7e-17	2.52485e-18
59652.039896	-1.5008930005e-14	1	1.7e-17	2.52485e-18
59652.039907	-1.4187139487e-14	1	1.7e-17	2.52485e-18
59652.039919	-1.4290426684e-14	1	1.7e-17	2.52485e-18
59652.039931	-1.2512881458e-14	1	1.7e-17	2.52485e-18
59652.039942	-1.1219720492e-14	1	1.7e-17	2.52485e-18
59652.039954	-1.4108240909e-14	1	1.7e-17	2.52485e-18
59652.039965	-1.4506891883e-14	1	1.7e-17	2.52485e-18
59652.039977	-1.5151130743e-14	1	1.7e-17	2.52485e-18
59652.039988	-1.5191578261e-14	1	1.7e-17	2.52485e-18
59652.040000	-1.4653044030e-14	1	1.7e-17	2.52485e-18
59652.040012	-1.7258039649e-14	1	1.7e-17	2.52485e-18
59652.040023	-1.5788637386e-14	1	1.7e-17	2.52485e-18
59652.040035	-1.4903548095e-14	1	1.7e-17	2.52485e-18
59652.040046	-1.2455602549e-14	1	1.7e-17	2.52485e-18
59652.040058	-1.3095816308e-14	1	1.7e-17	2.52485e-18
59652.040069	-1.5967422324e-14	1	1.7e-17	2.52485e-18
59652.040081	-1.2727412880e-14	1	1.7e-17	2.52485e-18
59652.040093	-1.3785102922e-14	1	1.7e-17	2.52485e-18
59652.040104	-1.5488996939e-14	1	1.7e-17	2.52485e-18
59652.040116	-1.7228046213e-14	1	1.7e-17	2.52485e-18
59652.040208	-1.4903283821e-14	1	1.7e-17	2.52485e-18
59652.040220	-1.4086817752e-14	1	1.7e-17	2.52485e-18
59652.040231	-1.5537109258e-14	1	1.7e-17	2.52485e-18
59652.040243	-1.3749675769e-14	1	1.7e-17	2.52485e-18
59652.040347	-9.7783592543e-15	1	1.7e-17	2.52485e-18
59652.040359	-1.2630231096e-14	1	1.7e-17	2.52485e-18
59652.040370	-1.4087093884e-14	1	1.7e-17	2.52485e-18
59652.040382	-1.4820697261e-14	1	1.7e-17	2.52485e-18
59652.040394	-1.4070835934e-14	1	1.7e-17	2.52485e-18
59652.040405	-1.4984442283e-14	1	1.7e-17	2.52485e-18
59652.040417	-1.6074867606e-14	1	1.7e-17	2.52485e-18
59652.040428	-1.6138647493e-14	1	1.7e-17	2.52485e-18
59652.040440	-1.2783397523e-14	1	1.7e-17	2.52485e-18
59652.040451	-1.0924712469e-14	1	1.7e-17	2.52485e-18
59652.040463	-1.1828993832e-14	1	1.7e-17	2.52485e-18
59652.040475	-1.5080860043e-14	1	1.7e-17	2.52485e-18
59652.040486	-1.4375022406e-14	1	1.7e-17	2.52485e-18
59652.040498	-1.3345556349e-14	1	1.7e-17	2.52485e-18
59652.040509	-1.1519727704e-14	1	1.7e-17	2.52485e-18
59652.040521	-1.4242659955e-14	1	1.7e-17	2.52485e-18
59652.040532	-1.2991713418e-14	1	1.7e-17	2.52485e-18
59652.040544	-1.3360509022e-14	1	1.7e-17	2.52485e-18
59652.040556	-1.3232522344e-14	1	1.7e-17	2.52485e-18
59652.040567	-1.0286645938e-14	1	1.7e-17	2.52485e-18
59652.040579	-1.3020438846e-14	1	1.7e-17	2.52485e-18
59652.040590	-1.2833109887e-14	1	1.7e-17	2.52485e-18
59652.040602	-1.3845087254e-14	1	1.7e-17	2.52485e-18
59652.040613	-1.1811283220e-14	1	1.7e-17	2.52485e-18
59652.040625	-1.4171057719e-14	1	1.7e-17	2.52485e-18
59652.040637	-1.5035613237e-14	1	1.7e-17	2.52485e-18
59652.040648	-1.4898458274e-14	1	1.7e-17	2.52485e-18
59652.040660	-1.5151064675e-14	1	1.7e-17	2.52485e-18
59652.040671	-1.5136759982e-14	1	1.7e-17	2.52485e-18
59652.040683	-1.4757060523e-14	1	1.7e-17	2.52485e-18
59652.040694	-1.3080746745e-14	1	1.7e-17	2.52485e-18
59652.040706	-1.5302429462e-14	1	1.7e-17	2.52485e-18
59652.040718	-1.5997181132e-14	1	1.7e-17	2.52485e-18
59652.040729	-1.1427131756e-14	1	1.7e-17	2.52485e-18
59652.040741	-1.2194627463e-14	1	1.7e-17	2.52485e-18
59652.040752	-1.3721585615e-14	1	1.7e-17	2.52485e-18
59652.040764	-1.3025184772e-14	1	1.7e-17	2.52485e-18
59652.040775	-1.1851152214e-14	1	1.7e-17	2.52485e-18
59652.040787	-1.5139085935e-14	1	1.7e-17	2.52485e-18
59652.040799	-1.4827424397e-14	1	1.7e-17	2.52485e-18
59652.040810	-1.2685040057e-14	1	1.7e-17	2.52485e-18
59652.040822	-1.4774744030e-14	1	1.7e-17	2.52485e-18
59652.040833	-1.4672213233e-14	1	1.7e-17	2.52485e-18
59652.040845	-1.6380545703e-14	1	1.7e-17	2.52485e-18
59652.040856	-1.3149910373e-14	1	1.7e-17	2.52485e-18
59652.040868	-1.5136187388e-14	1	1.7e-17	2.52485e-18
59652.040880	-1.3779097458e-14	1	1.7e-17	2.52485e-18
59652.040891	-1.5517643594e-14	1	1.7e-17	2.52485e-18
59652.040903	-1.7259541439e-14	1	1.7e-17	2.52485e-18
59652.040914	-1.9016026885e-14	1	1.7e-17	2.52485e-18
59652.040926	-1.5066861977e-14	1	1.7e-17	2.52485e-18
59652.040938	-1.4723371482e-14	1	1.7e-17	2.52485e-18
59652.040949	-1.5030465818e-14	1	1.7e-17	2.52485e-18
59652.040961	-1.4076791423e-14	1	1.7e-17	2.52485e-18
59652.040972	-1.3203833338e-14	1	1.7e-17	2.52485e-18
59652.040984	-1.4041391375e-14	1	1.7e-17	2.52485e-18
59652.040995	-1.4240154432e-14	1	1.7e-17	2.52485e-18
59652.041007	-1.5543164696e-14	1	1.7e-17	2.52485e-18
59652.041019	-1.4279550781e-14	1	1.7e-17	2.52485e-18
59652.041030	-1.6253967641e-14	1	1.7e-17	2.52485e-18
59652.041042	-1.6824611196e-14	1	1.7e-17	2.52485e-18
59652.041053	-1.6058533423e-14	1	1.7e-17	2.52485e-18
59652.041065	-1.7273673336e-14	1	1.7e-17	2.52485e-18
59652.041076	-1.3655943103e-14	1	1.7e-17	2.52485e-18
59652.041088	-1.4452625870e-14	1	1.7e-17	2.52485e-18
59652.041100	-1.2100427234e-14	1	1.7e-17	2.52485e-18
59652.041111	-1.4715851523e-14	1	1.7e-17	2.52485e-18
59652.041123	-1.0743681200e-14	1	1.7e-17	2.52485e-18
59652.041134	-1.1873563012e-14	1	1.7e-17	2.52485e-18
59652.041146	-1.3583238877e-14	1	1.7e-17	2.52485e-18
59652.041157	-1.0412509952e-14	1	1.7e-17	2.52485e-18
59652.041169	-1.3470494556e-14	1	1.7e-17	2.52485e-18
59652.041181	-1.5012924613e-14	1	1.7e-17	2.52485e-18
59652.041192	-1.3888783990e-14	1	1.7e-17	2.52485e-18
59652.041204	-1.4011801126e-14	1	1.7e-17	2.52485e-18
59652.041215	-1.3815282706e-14	1	1.7e-17	2.52485e-18
59652.041227	-1.5790424625e-14	1	1.7e-17	2.52485e-18
59652.041238	-1.3196069434e-14	1	1.7e-17	2.52485e-18
59652.041250	-1.2869744909e-14	1	1.7e-17	2.52485e-18
59652.041262	-1.2461722362e-14	1	1.7e-17	2.52485e-18
59652.041273	-1.1071675227e-14	1	1.7e-17	2.52485e-18
59652.041285	-1.5131944600e-14	1	1.7e-17	2.52485e-18
59652.041296	-1.6169606547e-14	1	1.7e-17	2.52485e-18
59652.041308	-1.3970530292e-14	1	1.7e-17	2.52485e-18
59652.041319	-1.3131716106e-14	1	1.7e-17	2.52485e-18
59652.041331	-1.6377935148e-14	1	1.7e-17	2.52485e-18
59652.041343	-1.6011935599e-14	1	1.7e-17	2.52485e-18
59652.041354	-1.5868548168e-14	1	1.7e-17	2.52485e-18
59652.041366	-1.4851667327e-14	1	1.7e-17	2.52485e-18
59652.041377	-1.6693838626e-14	1	1.7e-17	2.52485e-18
59652.041389	-1.4522749187e-14	1	1.7e-17	2.52485e-18
59652.041400	-1.2928784799e-14	1	1.7e-17	2.52485e-18
59652.041412	-1.3824716959e-14	1	1.7e-17	2.52485e-18
59652.041424	-1.0963266021e-14	1	1.7e-17	2.52485e-18
59652.041435	-1.0359301883e-14	1	1.7e-17	2.52485e-18
59652.041447	-1.3176322555e-14	1	1.7e-17	2.52485e-18
59652.041458	-1.1951646744e-14	1	1.7e-17	2.52485e-18
59652.041470	-9.4517950189e-15	1	1.7e-17	2.52485e-18
59652.041481	-1.1923585390e-14	1	1.7e-17	2.52485e-18
59652.041493	-1.4047980444e-14	1	1.7e-17	2.52485e-18
59652.041505	-1.4738790022e-14	1	1.7e-17	2.52485e-18
59652.041516	-1.4635758629e-14	1	1.7e-17	2.52485e-18
59652.041528	-1.6164238052e-14	1	1.7e-17	2.52485e-18
59652.041539	-1.4238102918e-14	1	1.7e-17	2.52485e-18
59652.041551	-1.5242556092e-14	1	1.7e-17	2.52485e-18
59652.041563	-1.7477817594e-14	1	1.7e-17	2.52485e-18
59652.041574	-1.4165417327e-14	1	1.7e-17	2.52485e-18
59652.041586	-1.4353393420e-14	1	1.7e-17	2.52485e-18
59652.041597	-1.3719207993e-14	1	1.7e-17	2.52485e-18
59652.041609	-1.5813332631e-14	1	1.7e-17	2.52485e-18
59652.041620	-1.4270660323e-14	1	1.7e-17	2.52485e-18
59652.041632	-1.3984027762e-14	1	1.7e-17	2.52485e-18
59652.041644	-1.4898420158e-14	1	1.7e-17	2.52485e-18
59652.041655	-1.4322441142e-14	1	1.7e-17	2.52485e-18
59652.041667	-1.5652221035e-14	1	1.7e-17	2.52485e-18
59652.041678	-1.4678325423e-14	1	1.7e-17	2.52485e-18
59652.041690	-1.5780401684e-14	1	1.7e-17	2.52485e-18
59652.041701	-1.2873506582e-14	1	1.7e-17	2.52485e-18
59652.041713	-1.3937070797e-14	1	1.7e-17	2.52485e-18
59652.041725	-1.7357517740e-14	1	1.7e-17	2.52485e-18
59652.041736	-1.2903693989e-14	1	1.7e-17	2.52485e-18
59652.041748	-1.2500838343e-14	1	1.7e-17	2.52485e-18
59652.041759	-1.0295838787e-14	1	1.7e-17	2.52485e-18
59652.041771	-1.3802063062e-14	1	1.7e-17	2.52485e-18
59652.041782	-1.2679361548e-14	1	1.7e-17	2.52485e-18
59652.041794	-1.4165162370e-14	1	1.7e-17	2.52485e-18
59652.041806	-1.3253235687e-14	1	1.7e-17	2.52485e-18
59652.041817	-1.7169594163e-14	1	1.7e-17	2.52485e-18
59652.041829	-1.5226172780e-14	1	1.7e-17	2.52485e-18
59652.041840	-1.3507459074e-14	1	1.7e-17	2.52485e-18
59652.041852	-1.2287463968e-14	1	1.7e-17	2.52485e-18
59652.041863	-1.4423646332e-14	1	1.7e-17	2.52485e-18
59652.041875	-1.2941183667e-14	1	1.7e-17	2.52485e-18
59652.041887	-1.2278216062e-14	1	1.7e-17	2.52485e-18
59652.041898	-1.5493683573e-14	1	1.7e-17	2.52485e-18
59652.041910	-1.6557672151e-14	1	1.7e-17	2.52485e-18
59652.041921	-1.1993144582e-14	1	1.7e-17	2.52485e-18
59652.041933	-1.2547916434e-14	1	1.7e-17	2.52485e-18
59652.041944	-1.6946184141e-14	1	1.7e-17	2.52485e-18
59652.041956	-1.4346585816e-14	1	1.7e-17	2.52485e-18
59652.041968	-1.2078046930e-14	1	1.7e-17	2.52485e-18
59652.041979	-1.0211782625e-14	1	1.7e-17	2.52485e-18
59652.041991	-1.5772371812e-14	1	1.7e-17	2.52485e-18
59652.042002	-1.4600247620e-14	1	1.7e-17	2.52485e-18
59652.042014	-1.4747728761e-14	1	1.7e-17	2.52485e-18
59652.042025	-1.6111843982e-14	1	1.7e-17	2.52485e-18
59652.042037	-1.3510075559e-14	1	1.7e-17	2.52485e-18
59652.042060	-1.2359695549e-14	1	1.7e-17	2.52485e-18
59652.042072	-1.5196046359e-14	1	1.7e-17	2.52485e-18
59652.042095	-1.3727445389e-14	1	1.7e-17	2.52485e-18
59652.042106	-1.7034743977e-14	1	1.7e-17	2.52485e-18
59652.042118	-1.3578697086e-14	1	1.7e-17	2.52485e-18
59652.042130	-1.5003307400e-14	1	1.7e-17	2.52485e-18
59652.042141	-1.7897984052e-14	1	1.7e-17	2.52485e-18
59652.042164	-1.2782279440e-14	1	1.7e-17	2.52485e-18
59652.042176	-1.3357228463e-14	1	1.7e-17	2.52485e-18
59652.042188	-1.5524022599e-14	1	1.7e-17	2.52485e-18
59652.042199	-1.4043348868e-14	1	1.7e-17	2.52485e-18
59652.042211	-1.0903769580e-14	1	1.7e-17	2.52485e-18
59652.042222	-1.3635450835e-14	1	1.7e-17	2.52485e-18
59652.042234	-1.3174265959e-14	1	1.7e-17	2.52485e-18
59652.042257	-1.4236493555e-14	1	1.7e-17	2.52485e-18
59652.042269	-1.5326903632e-14	1	1.7e-17	2.52485e-18
59652.042280	-1.4944157396e-14	1	1.7e-17	2.52485e-18
59652.042292	-1.4724333711e-14	1	1.7e-17	2.52485e-18
59652.042303	-1.4620860166e-14	1	1.7e-17	2.52485e-18
59652.042315	-1.2793753348e-14	1	1.7e-17	2.52485e-18
59652.042326	-1.8298024161e-14	1	1.7e-17	2.52485e-18
59652.042338	-1.3906234562e-14	1	1.7e-17	2.52485e-18
59652.042350	-1.2991369523e-14	1	1.7e-17	2.52485e-18
59652.042361	-1.3832893368e-14	1	1.7e-17	2.52485e-18
59652.042569	-1.5070167946e-14	1	1.7e-17	2.52485e-18
59652.042581	-1.2820499260e-14	1	1.7e-17	2.52485e-18
59652.042593	-1.4224825677e-14	1	1.7e-17	2.52485e-18
59652.042604	-1.3341718443e-14	1	1.7e-17	2.52485e-18
59652.042616	-1.4861760572e-14	1	1.7e-17	2.52485e-18
59652.042627	-1.3474196090e-14	1	1.7e-17	2.52485e-18
59652.042639	-1.4898299032e-14	1	1.7e-17	2.52485e-18
59652.042650	-1.3862379431e-14	1	1.7e-17	2.52485e-18
59652.042662	-1.6625730401e-14	1	1.7e-17	2.52485e-18
59652.042674	-1.7156620159e-14	1	1.7e-17	2.52485e-18
59652.042685	-1.5660192462e-14	1	1.7e-17	2.52485e-18
59652.042697	-1.2918077456e-14	1	1.7e-17	2.52485e-18
59652.042708	-1.5400025446e-14	1	1.7e-17	2.52485e-18
59652.042720	-1.4520256369e-14	1	1.7e-17	2.52485e-18
59652.042731	-1.4832313471e-14	1	1.7e-17	2.52485e-18
59652.042743	-1.4080545473e-14	1	1.7e-17	2.52485e-18
59652.042755	-1.5475531657e-14	1	1.7e-17	2.52485e-18
59652.042766	-1.5288948086e-14	1	1.7e-17	2.52485e-18
59652.042778	-1.4048398878e-14	1	1.7e-17	2.52485e-18
59652.042789	-1.5227170585e-14	1	1.7e-17	2.52485e-18
59652.042801	-1.2404574743e-14	1	1.7e-17	2.52485e-18
59652.042813	-1.3790134297e-14	1	1.7e-17	2.52485e-18
59652.042824	-1.4821815345e-14	1	1.7e-17	2.52485e-18
59652.042836	-1.7292460527e-14	1	1.7e-17	2.52485e-18
59652.042847	-1.6282327998e-14	1	1.7e-17	2.52485e-18
59652.042859	-1.2552039791e-14	1	1.7e-17	2.52485e-18
59652.042870	-1.5733080495e-14	1	1.7e-17	2.52485e-18
59652.042882	-1.6758520603e-14	1	1.7e-17	2.52485e-18
59652.042894	-1.6781786904e-14	1	1.7e-17	2.52485e-18
59652.042905	-1.3348426097e-14	1	1.7e-17	2.52485e-18
59652.042917	-1.3732285335e-14	1	1.7e-17	2.52485e-18
59652.042928	-1.5723809719e-14	1	1.7e-17	2.52485e-18
59652.042940	-1.4436618642e-14	1	1.7e-17	2.52485e-18
59652.042951	-1.4628762984e-14	1	1.7e-17	2.52485e-18
59652.042963	-1.1768868046e-14	1	1.7e-17	2.52485e-18
59652.042975	-1.3411507182e-14	1	1.7e-17	2.52485e-18
59652.042986	-1.4655736748e-14	1	1.7e-17	2.52485e-18
59652.042998	-1.3006317960e-14	1	1.7e-17	2.52485e-18
59652.043009	-1.3016220622e-14	1	1.7e-17	2.52485e-18
59652.043021	-1.4111504527e-14	1	1.7e-17	2.52485e-18
59652.043032	-1.4374949561e-14	1	1.7e-17	2.52485e-18
59652.043044	-1.5734156226e-14	1	1.7e-17	2.52485e-18
59652.043056	-1.5590660375e-14	1	1.7e-17	2.52485e-18
59652.043067	-1.7366581839e-14	1	1.7e-17	2.52485e-18
59652.043079	-1.4439350323e-14	1	1.7e-17	2.52485e-18
59652.043090	-1.7526317854e-14	1	1.7e-17	2.52485e-18
59652.043102	-1.5187719179e-14	1	1.7e-17	2.52485e-18
59652.043113	-1.4938162943e-14	1	1.7e-17	2.52485e-18
59652.043125	-1.5695873725e-14	1	1.7e-17	2.52485e-18
59652.043137	-1.6239950092e-14	1	1.7e-17	2.52485e-18
59652.043148	-1.2881836304e-14	1	1.7e-17	2.52485e-18
59652.043160	-1.2822416943e-14	1	1.7e-17	2.52485e-18
59652.043171	-1.6678307430e-14	1	1.7e-17	2.52485e-18
59652.043183	-1.6802118236e-14	1	1.7e-17	2.52485e-18
59652.043194	-1.3892205156e-14	1	1.7e-17	2.52485e-18
59652.043206	-1.5502198795e-14	1	1.7e-17	2.52485e-18
59652.043218	-1.6338788673e-14	1	1.7e-17	2.52485e-18
59652.043380	-1.5258317681e-14	1	1.7e-17	2.52485e-18
59652.043391	-1.3175970189e-14	1	1.7e-17	2.52485e-18
59652.043403	-1.3261285042e-14	1	1.7e-17	2.52485e-18
59652.043414	-1.9391033782e-14	1	1.7e-17	2.52485e-18
59652.043426	-1.5840640126e-14	1	1.7e-17	2.52485e-18
59652.043438	-1.5205622914e-14	1	1.7e-17	2.52485e-18
59652.043449	-1.4345352536e-14	1	1.7e-17	2.52485e-18
59652.043461	-1.6368575434e-14	1	1.7e-17	2.52485e-18
59652.043472	-1.5830379169e-14	1	1.7e-17	2.52485e-18
59652.043484	-1.3416576674e-14	1	1.7e-17	2.52485e-18
59652.043495	-1.8185687263e-14	1	1.7e-17	2.52485e-18
59652.043507	-1.5988092469e-14	1	1.7e-17	2.52485e-18
59652.043519	-1.4509333032e-14	1	1.7e-17	2.52485e-18
59652.043530	-1.1707142214e-14	1	1.7e-17	2.52485e-18
59652.043542	-1.3680368145e-14	1	1.7e-17	2.52485e-18
59652.043553	-1.3882726010e-14	1	1.7e-17	2.52485e-18
59652.043565	-1.4714985008e-14	1	1.7e-17	2.52485e-18
59652.043576	-1.4692917259e-14	1	1.7e-17	2.52485e-18
59652.043588	-1.2606348155e-14	1	1.7e-17	2.52485e-18
59652.043600	-1.6658537681e-14	1	1.7e-17	2.52485e-18
59652.043611	-1.7145946697e-14	1	1.7e-17	2.52485e-18
59652.043623	-1.3608710004e-14	1	1.7e-17	2.52485e-18
59652.043634	-1.1820355790e-14	1	1.7e-17	2.52485e-18
59652.043646	-1.3380800543e-14	1	1.7e-17	2.52485e-18
59652.043657	-1.5435751601e-14	1	1.7e-17	2.52485e-18
59652.043669	-1.3988068956e-14	1	1.7e-17	2.52485e-18
59652.043681	-1.4077497848e-14	1	1.7e-17	2.52485e-18
59652.043692	-1.2823939908e-14	1	1.7e-17	2.52485e-18
59652.043704	-1.3369171628e-14	1	1.7e-17	2.52485e-18
59652.043715	-1.2312237140e-14	1	1.7e-17	2.52485e-18
59652.043727	-1.3919799795e-14	1	1.7e-17	2.52485e-18
59652.043738	-1.7229398077e-14	1	1.7e-17	2.52485e-18
59652.043750	-1.4047362110e-14	1	1.7e-17	2.52485e-18
59652.043762	-1.5317979293e-14	1	1.7e-17	2.52485e-18
59652.043773	-1.5529037034e-14	1	1.7e-17	2.52485e-18
59652.043785	-1.6264531836e-14	1	1.7e-17	2.52485e-18
59652.043796	-1.6106361138e-14	1	1.7e-17	2.52485e-18
59652.043808	-1.4903005147e-14	1	1.7e-17	2.52485e-18
59652.043819	-1.3319061159e-14	1	1.7e-17	2.52485e-18
59652.043831	-1.3181619052e-14	1	1.7e-17	2.52485e-18
59652.043843	-1.2702913299e-14	1	1.7e-17	2.52485e-18
59652.043854	-9.5391613852e-15	1	1.7e-17	2.52485e-18
59652.043866	-1.0746600922e-14	1	1.7e-17	2.52485e-18
59652.043877	-1.4887823775e-14	1	1.7e-17	2.52485e-18
59652.043889	-1.4317508022e-14	1	1.7e-17	2.52485e-18
59652.043900	-1.0312739635e-14	1	1.7e-17	2.52485e-18
59652.043912	-1.2618998592e-14	1	1.7e-17	2.52485e-18
59652.043924	-1.3379057350e-14	1	1.7e-17	2.52485e-18
59652.043935	-1.6188696129e-14	1	1.7e-17	2.52485e-18
59652.043947	-1.2749249390e-14	1	1.7e-17	2.52485e-18
59652.043958	-1.5103929832e-14	1	1.7e-17	2.52485e-18
59652.043970	-1.1327945892e-14	1	1.7e-17	2.52485e-18
59652.043981	-1.3915297815e-14	1	1.7e-17	2.52485e-18
59652.043993	-1.5782061022e-14	1	1.7e-17	2.52485e-18
59652.044005	-1.3011416251e-14	1	1.7e-17	2.52485e-18
59652.044016	-1.4358009749e-14	1	1.7e-17	2.52485e-18
59652.044028	-1.7479504884e-14	1	1.7e-17	2.52485e-18
59652.044039	-1.3728765913e-14	1	1.7e-17	2.52485e-18
59652.044051	-1.4045174224e-14	1	1.7e-17	2.52485e-18
59652.044063	-1.3068584199e-14	1	1.7e-17	2.52485e-18
59652.044074	-1.7589539546e-14	1	1.7e-17	2.52485e-18
59652.044086	-1.3926559118e-14	1	1.7e-17	2.52485e-18
59652.044097	-1.2554951043e-14	1	1.7e-17	2.52485e-18
59652.044109	-1.0991017361e-14	1	1.7e-17	2.52485e-18
59652.044120	-1.3569372100e-14	1	1.7e-17	2.52485e-18
59652.044132	-1.4668533722e-14	1	1.7e-17	2.52485e-18
59652.044144	-1.5760162679e-14	1	1.7e-17	2.52485e-18
59652.044155	-1.5131127213e-14	1	1.7e-17	2.52485e-18
59652.044167	-1.6002705481e-14	1	1.7e-17	2.52485e-18
59652.044178	-1.4207485218e-14	1	1.7e-17	2.52485e-18
59652.044190	-1.5961035695e-14	1	1.7e-17	2.52485e-18
59652.044201	-1.4454262338e-14	1	1.7e-17	2.52485e-18
59652.044213	-1.4795666591e-14	1	1.7e-17	2.52485e-18
59652.044225	-1.3356580483e-14	1	1.7e-17	2.52485e-18
59652.044236	-1.4861791912e-14	1	1.7e-17	2.52485e-18
59652.044248	-1.3179398978e-14	1	1.7e-17	2.52485e-18
59652.044259	-1.1541120368e-14	1	1.7e-17	2.52485e-18
59652.044271	-1.4373791667e-14	1	1.7e-17	2.52485e-18
59652.044282	-1.2074760442e-14	1	1.7e-17	2.52485e-18
59652.044294	-1.5206516534e-14	1	1.7e-17	2.52485e-18
59652.044306	-1.3304544708e-14	1	1.7e-17	2.52485e-18
59652.044317	-1.7227204262e-14	1	1.7e-17	2.52485e-18
59652.044329	-1.5401418815e-14	1	1.7e-17	2.52485e-18
59652.044340	-1.3633124882e-14	1	1.7e-17	2.52485e-18
59652.044352	-1.2860240352e-14	1	1.7e-17	2.52485e-18
59652.044363	-1.3050156150e-14	1	1.7e-17	2.52485e-18
59652.044375	-1.5314287924e-14	1	1.7e-17	2.52485e-18
59652.044387	-1.4724576810e-14	1	1.7e-17	2.52485e-18
59652.044398	-1.6540397761e-14	1	1.7e-17	2.52485e-18
59652.044410	-1.6803277824e-14	1	1.7e-17	2.52485e-18
59652.044421	-1.5990898689e-14	1	1.7e-17	2.52485e-18
59652.044433	-1.5493352383e-14	1	1.7e-17	2.52485e-18
59652.044444	-1.7638281210e-14	1	1.7e-17	2.52485e-18
59652.044456	-1.4253046273e-14	1	1.7e-17	2.52485e-18
59652.044468	-1.5816591167e-14	1	1.7e-17	2.52485e-18
59652.044479	-1.4418726765e-14	1	1.7e-17	2.52485e-18
59652.044491	-1.3790681481e-14	1	1.7e-17	2.52485e-18
59652.044502	-1.4436644900e-14	1	1.7e-17	2.52485e-18
59652.044514	-1.6190921284e-14	1	1.7e-17	2.52485e-18
59652.044525	-1.4628718938e-14	1	1.7e-17	2.52485e-18
59652.044537	-1.3801164360e-14	1	1.7e-17	2.52485e-18
59652.044549	-1.3175712691e-14	1	1.7e-17	2.52485e-18
59652.044560	-1.3453145627e-14	1	1.7e-17	2.52485e-18
59652.044572	-1.4264789538e-14	1	1.7e-17	2.52485e-18
59652.044583	-1.5178036745e-14	1	1.7e-17	2.52485e-18
59652.044595	-1.2552756381e-14	1	1.7e-17	2.52485e-18
59652.044606	-1.4808846423e-14	1	1.7e-17	2.52485e-18
59652.044618	-1.5103417377e-14	1	1.7e-17	2.52485e-18
59652.044630	-1.6015080633e-14	1	1.7e-17	2.52485e-18
59652.044641	-1.4379977549e-14	1	1.7e-17	2.52485e-18
59652.044653	-1.3525880347e-14	1	1.7e-17	2.52485e-18
59652.044664	-1.5929017850e-14	1	1.7e-17	2.52485e-18
59652.044676	-1.4758229429e-14	1	1.7e-17	2.52485e-18
59652.044688	-1.6130362664e-14	1	1.7e-17	2.52485e-18
59652.044699	-1.6610136525e-14	1	1.7e-17	2.52485e-18
59652.044711	-1.6167544869e-14	1	1.7e-17	2.52485e-18
59652.044722	-1.7445012855e-14	1	1.7e-17	2.52485e-18
59652.044734	-1.6126441748e-14	1	1.7e-17	2.52485e-18
59652.044745	-1.6110633572e-14	1	1.7e-17	2.52485e-18
59652.044757	-1.5247909340e-14	1	1.7e-17	2.52485e-18
59652.044769	-1.6464894938e-14	1	1.7e-17	2.52485e-18
59652.044780	-1.6288051399e-14	1	1.7e-17	2.52485e-18
59652.044792	-1.5396762675e-14	1	1.7e-17	2.52485e-18
59652.044803	-1.5462772799e-14	1	1.7e-17	2.52485e-18
59652.044815	-1.3901065967e-14	1	1.7e-17	2.52485e-18
59652.044826	-1.5431742594e-14	1	1.7e-17	2.52485e-18
59652.044838	-1.2442862326e-14	1	1.7e-17	2.52485e-18
59652.044850	-1.3195271529e-14	1	1.7e-17	2.52485e-18
59652.044861	-1.4441366261e-14	1	1.7e-17	2.52485e-18
59652.044873	-1.2225658515e-14	1	1.7e-17	2.52485e-18
59652.044884	-1.3427383967e-14	1	1.7e-17	2.52485e-18
59652.044896	-1.0605985830e-14	1	1.7e-17	2.52485e-18
59652.044907	-1.0778145276e-14	1	1.7e-17	2.52485e-18
59652.044919	-1.0321954507e-14	1	1.7e-17	2.52485e-18
59652.044931	-1.3541959573e-14	1	1.7e-17	2.52485e-18
59652.044942	-1.3199370321e-14	1	1.7e-17	2.52485e-18
59652.044954	-1.2199843491e-14	1	1.7e-17	2.52485e-18
59652.044965	-1.4505739071e-14	1	1.7e-17	2.52485e-18
59652.044977	-1.5432335517e-14	1	1.7e-17	2.52485e-18
59652.044988	-1.4205282932e-14	1	1.7e-17	2.52485e-18
59652.045000	-1.5363962171e-14	1	1.7e-17	2.52485e-18
59652.045012	-1.4204164002e-14	1	1.7e-17	2.52485e-18
59652.045023	-1.4792356386e-14	1	1.7e-17	2.52485e-18
59652.045035	-1.4441199396e-14	1	1.7e-17	2.52485e-18
59652.045046	-1.4896745573e-14	1	1.7e-17	2.52485e-18
59652.045058	-1.2805705830e-14	1	1.7e-17	2.52485e-18
59652.045162	-1.4913214435e-14	1	1.7e-17	2.52485e-18
59652.045174	-1.2870204848e-14	1	1.7e-17	2.52485e-18
59652.045185	-1.3080845848e-14	1	1.7e-17	2.52485e-18
59652.045197	-1.4816021640e-14	1	1.7e-17	2.52485e-18
59652.045208	-1.3717692652e-14	1	1.7e-17	2.52485e-18
59652.045220	-1.4770669801e-14	1	1.7e-17	2.52485e-18
59652.045231	-1.2179953464e-14	1	1.7e-17	2.52485e-18
59652.045243	-1.5602357053e-14	1	1.7e-17	2.52485e-18
59652.045255	-1.3536406425e-14	1	1.7e-17	2.52485e-18
59652.045266	-1.4986604758e-14	1	1.7e-17	2.52485e-18
59652.045278	-1.6370907315e-14	1	1.7e-17	2.52485e-18
59652.045289	-1.6362833397e-14	1	1.7e-17	2.52485e-18
59652.045301	-1.6278371507e-14	1	1.7e-17	2.52485e-18
59652.045312	-1.6651790217e-14	1	1.7e-17	2.52485e-18
59652.045324	-1.7438690601e-14	1	1.7e-17	2.52485e-18
59652.045336	-1.7631823430e-14	1	1.7e-17	2.52485e-18
59652.045347	-1.5275392171e-14	1	1.7e-17	2.52485e-18
59652.045475	-1.3599927967e-14	1	1.7e-17	2.52485e-18
59652.045486	-1.5870922401e-14	1	1.7e-17	2.52485e-18
59652.045498	-1.2528171249e-14	1	1.7e-17	2.52485e-18
59652.045509	-1.7155340293e-14	1	1.7e-17	2.52485e-18
59652.045521	-1.2341139598e-14	1	1.7e-17	2.52485e-18
59652.045532	-1.3889127038e-14	1	1.7e-17	2.52485e-18
59652.045544	-1.2116883390e-14	1	1.7e-17	2.52485e-18
59652.045556	-1.7476122681e-14	1	1.7e-17	2.52485e-18
59652.045567	-1.5769126829e-14	1	1.7e-17	2.52485e-18
59652.045579	-1.5974151154e-14	1	1.7e-17	2.52485e-18
59652.045590	-1.7028406476e-14	1	1.7e-17	2.52485e-18
59652.045602	-1.8317972634e-14	1	1.7e-17	2.52485e-18
59652.045613	-1.5525969081e-14	1	1.7e-17	2.52485e-18
59652.045625	-1.7395925602e-14	1	1.7e-17	2.52485e-18
59652.045637	-1.5064535177e-14	1	1.7e-17	2.52485e-18
59652.045648	-1.4587176207e-14	1	1.7e-17	2.52485e-18
59652.045660	-1.1046326919e-14	1	1.7e-17	2.52485e-18
59652.045671	-9.2768844093e-15	1	1.7e-17	2.52485e-18
59652.045683	-1.1424074814e-14	1	1.7e-17	2.52485e-18
59652.045694	-1.3868269699e-14	1	1.7e-17	2.52485e-18
59652.045706	-1.5763168799e-14	1	1.7e-17	2.52485e-18
59652.045718	-1.2930600838e-14	1	1.7e-17	2.52485e-18
59652.045729	-1.2875955354e-14	1	1.7e-17	2.52485e-18
59652.045741	-1.4348332398e-14	1	1.7e-17	2.52485e-18
59652.045752	-1.4891696410e-14	1	1.7e-17	2.52485e-18
59652.045764	-1.1962948705e-14	1	1.7e-17	2.52485e-18
59652.045775	-1.2466893498e-14	1	1.7e-17	2.52485e-18
59652.045787	-1.5566544500e-14	1	1.7e-17	2.52485e-18
59652.045799	-1.4913228835e-14	1	1.7e-17	2.52485e-18
59652.045810	-1.2833324186e-14	1	1.7e-17	2.52485e-18
59652.045822	-1.3541026143e-14	1	1.7e-17	2.52485e-18
59652.045833	-1.4688989567e-14	1	1.7e-17	2.52485e-18
59652.045845	-1.5967167367e-14	1	1.7e-17	2.52485e-18
59652.045856	-1.6207748441e-14	1	1.7e-17	2.52485e-18
59652.045868	-1.6252605612e-14	1	1.7e-17	2.52485e-18
59652.045880	-1.6992383859e-14	1	1.7e-17	2.52485e-18
59652.045891	-1.5765759026e-14	1	1.7e-17	2.52485e-18
59652.045903	-1.5833158284e-14	1	1.7e-17	2.52485e-18
59652.045914	-1.5308481513e-14	1	1.7e-17	2.52485e-18
59652.045926	-1.2641437342e-14	1	1.7e-17	2.52485e-18
59652.045937	-1.5070267049e-14	1	1.7e-17	2.52485e-18
59652.045949	-1.5164981426e-14	1	1.7e-17	2.52485e-18
59652.045961	-1.7668456758e-14	1	1.7e-17	2.52485e-18
59652.045972	-1.6095383591e-14	1	1.7e-17	2.52485e-18
59652.045984	-1.6588130609e-14	1	1.7e-17	2.52485e-18
59652.045995	-1.1184084969e-14	1	1.7e-17	2.52485e-18
59652.046007	-1.3613234007e-14	1	1.7e-17	2.52485e-18
59652.046019	-1.2974764289e-14	1	1.7e-17	2.52485e-18
59652.046030	-1.7064952560e-14	1	1.7e-17	2.52485e-18
59652.046042	-1.3701045066e-14	1	1.7e-17	2.52485e-18
59652.046053	-1.4877615334e-14	1	1.7e-17	2.52485e-18
59652.046065	-1.6663978174e-14	1	1.7e-17	2.52485e-18
59652.046076	-1.7292225052e-14	1	1.7e-17	2.52485e-18
59652.046088	-1.3778933981e-14	1	1.7e-17	2.52485e-18
59652.046100	-1.4860852552e-14	1	1.7e-17	2.52485e-18
59652.046111	-1.6148407854e-14	1	1.7e-17	2.52485e-18
59652.046123	-1.4052401109e-14	1	1.7e-17	2.52485e-18
59652.046134	-1.4221942376e-14	1	1.7e-17	2.52485e-18
59652.046146	-1.2919414074e-14	1	1.7e-17	2.52485e-18
59652.046157	-1.4662301253e-14	1	1.7e-17	2.52485e-18
59652.046169	-1.6447401167e-14	1	1.7e-17	2.52485e-18
59652.046181	-1.5033928489e-14	1	1.7e-17	2.52485e-18
59652.046192	-1.5319657266e-14	1	1.7e-17	2.52485e-18
59652.046204	-1.6360447305e-14	1	1.7e-17	2.52485e-18
59652.046215	-1.6477894353e-14	1	1.7e-17	2.52485e-18
59652.046227	-1.2013735953e-14	1	1.7e-17	2.52485e-18
59652.046238	-1.4128043692e-14	1	1.7e-17	2.52485e-18
59652.046250	-1.3753757620e-14	1	1.7e-17	2.52485e-18
59652.046262	-1.1055534167e-14	1	1.7e-17	2.52485e-18
59652.046273	-1.4150320659e-14	1	1.7e-17	2.52485e-18
59652.046285	-1.3370642924e-14	1	1.7e-17	2.52485e-18
59652.046296	-1.4181887035e-14	1	1.7e-17	2.52485e-18
59652.046308	-1.1503735722e-14	1	1.7e-17	2.52485e-18
59652.046319	-1.2543241660e-14	1	1.7e-17	2.52485e-18
59652.046331	-1.4205330366e-14	1	1.7e-17	2.52485e-18
59652.046343	-1.3695412297e-14	1	1.7e-17	2.52485e-18
59652.046354	-1.3977527631e-14	1	1.7e-17	2.52485e-18
59652.046366	-1.5804620050e-14	1	1.7e-17	2.52485e-18
59652.046377	-1.5969255303e-14	1	1.7e-17	2.52485e-18
59652.046389	-1.3925324144e-14	1	1.7e-17	2.52485e-18
59652.046400	-1.5216619096e-14	1	1.7e-17	2.52485e-18
59652.046412	-1.4185248062e-14	1	1.7e-17	2.52485e-18
59652.046424	-1.6063626632e-14	1	1.7e-17	2.52485e-18
59652.046435	-1.7185111807e-14	1	1.7e-17	2.52485e-18
59652.046447	-1.4092620774e-14	1	1.7e-17	2.52485e-18
59652.046458	-1.3814775333e-14	1	1.7e-17	2.52485e-18
59652.046470	-1.3664764104e-14	1	1.7e-17	2.52485e-18
59652.046481	-1.3884887638e-14	1	1.7e-17	2.52485e-18
59652.046493	-1.3187660091e-14	1	1.7e-17	2.52485e-18
59652.046505	-1.5943936641e-14	1	1.7e-17	2.52485e-18
59652.046516	-1.7220815092e-14	1	1.7e-17	2.52485e-18
59652.046528	-1.2176520439e-14	1	1.7e-17	2.52485e-18
59652.046539	-1.3363363523e-14	1	1.7e-17	2.52485e-18
59652.046551	-1.3495362597e-14	1	1.7e-17	2.52485e-18
59652.046562	-1.3518091032e-14	1	1.7e-17	2.52485e-18
59652.046574	-1.4804595165e-14	1	1.7e-17	2.52485e-18
59652.046586	-1.5748412638e-14	1	1.7e-17	2.52485e-18
59652.046597	-1.2850241128e-14	1	1.7e-17	2.52485e-18
59652.046609	-1.1278942495e-14	1	1.7e-17	2.52485e-18
59652.046620	-1.3947415610e-14	1	1.7e-17	2.52485e-18
59652.046632	-1.5506033313e-14	1	1.7e-17	2.52485e-18
59652.046644	-1.4549054642e-14	1	1.7e-17	2.52485e-18
59652.046655	-1.3311086344e-14	1	1.7e-17	2.52485e-18
59652.046667	-1.6037682860e-14	1	1.7e-17	2.52485e-18
59652.046678	-1.4525714649e-14	1	1.7e-17	2.52485e-18
59652.046690	-1.3339029114e-14	1	1.7e-17	2.52485e-18
59652.046701	-1.6072186747e-14	1	1.7e-17	2.52485e-18
59652.046713	-1.4387969304e-14	1	1.7e-17	2.52485e-18
59652.046725	-1.5082832783e-14	1	1.7e-17	2.52485e-18
59652.046736	-1.5988732826e-14	1	1.7e-17	2.52485e-18
59652.046748	-1.6001847437e-14	1	1.7e-17	2.52485e-18
59652.046759	-1.5760364273e-14	1	1.7e-17	2.52485e-18
59652.046771	-1.6273427376e-14	1	1.7e-17	2.52485e-18
59652.046782	-1.5337074804e-14	1	1.7e-17	2.52485e-18
59652.046794	-1.4938786360e-14	1	1.7e-17	2.52485e-18
59652.046806	-1.3744826505e-14	1	1.7e-17	2.52485e-18
59652.046817	-1.4403453067e-14	1	1.7e-17	2.52485e-18
59652.046829	-1.3200193637e-14	1	1.7e-17	2.52485e-18
59652.046840	-1.2605227531e-14	1	1.7e-17	2.52485e-18
59652.046852	-1.2324098990e-14	1	1.7e-17	2.52485e-18
59652.046863	-1.4218699087e-14	1	1.7e-17	2.52485e-18
59652.046875	-1.5211313281e-14	1	1.7e-17	2.52485e-18
59652.046887	-1.2995082068e-14	1	1.7e-17	2.52485e-18
59652.046898	-1.2386243256e-14	1	1.7e-17	2.52485e-18
59652.046910	-1.3999383623e-14	1	1.7e-17	2.52485e-18
59652.046921	-1.4184539943e-14	1	1.7e-17	2.52485e-18
59652.046933	-1.4484592047e-14	1	1.7e-17	2.52485e-18
59652.046944	-1.3906140542e-14	1	1.7e-17	2.52485e-18
59652.047095	-1.6407980253e-14	1	1.7e-17	2.52485e-18
59652.047106	-1.6380512669e-14	1	1.7e-17	2.52485e-18
59652.047118	-1.3984883266e-14	1	1.7e-17	2.52485e-18
59652.047130	-1.1634084775e-14	1	1.7e-17	2.52485e-18
59652.047141	-1.3870710848e-14	1	1.7e-17	2.52485e-18
59652.047153	-1.4538858907e-14	1	1.7e-17	2.52485e-18
59652.047164	-1.3409747047e-14	1	1.7e-17	2.52485e-18
59652.047176	-1.3295790623e-14	1	1.7e-17	2.52485e-18
59652.047188	-1.4048553885e-14	1	1.7e-17	2.52485e-18
59652.047199	-1.3787574564e-14	1	1.7e-17	2.52485e-18
59652.047211	-1.6050828811e-14	1	1.7e-17	2.52485e-18
59652.047222	-1.6774405859e-14	1	1.7e-17	2.52485e-18
59652.047234	-1.4430905405e-14	1	1.7e-17	2.52485e-18
59652.047245	-1.6562362172e-14	1	1.7e-17	2.52485e-18
59652.047257	-1.5261819315e-14	1	1.7e-17	2.52485e-18
59652.047269	-1.6008421260e-14	1	1.7e-17	2.52485e-18
59652.047280	-1.4902249594e-14	1	1.7e-17	2.52485e-18
59652.047292	-1.0300378036e-14	1	1.7e-17	2.52485e-18
59652.047303	-1.3632783528e-14	1	1.7e-17	2.52485e-18
59652.047315	-1.3699801622e-14	1	1.7e-17	2.52485e-18
59652.047326	-1.4934008247e-14	1	1.7e-17	2.52485e-18
59652.047338	-1.1783106669e-14	1	1.7e-17	2.52485e-18
59652.047523	-1.3349310399e-14	1	1.7e-17	2.52485e-18
59652.047535	-1.2885289657e-14	1	1.7e-17	2.52485e-18
59652.047546	-1.5206689328e-14	1	1.7e-17	2.52485e-18
59652.047558	-1.4652568845e-14	1	1.7e-17	2.52485e-18
59652.047569	-1.4480062962e-14	1	1.7e-17	2.52485e-18
59652.047581	-1.3648745864e-14	1	1.7e-17	2.52485e-18
59652.047593	-1.3994986675e-14	1	1.7e-17	2.52485e-18
59652.047604	-1.3713272834e-14	1	1.7e-17	2.52485e-18
59652.047616	-1.6458970790e-14	1	1.7e-17	2.52485e-18
59652.047627	-1.5307605681e-14	1	1.7e-17	2.52485e-18
59652.047639	-1.3835897793e-14	1	1.7e-17	2.52485e-18
59652.047650	-1.5428043602e-14	1	1.7e-17	2.52485e-18
59652.047662	-1.5326696956e-14	1	1.7e-17	2.52485e-18
59652.047674	-1.4403586051e-14	1	1.7e-17	2.52485e-18
59652.047685	-1.4178433682e-14	1	1.7e-17	2.52485e-18
59652.047697	-1.3522191518e-14	1	1.7e-17	2.52485e-18
59652.047708	-1.4287438352e-14	1	1.7e-17	2.52485e-18
59652.047720	-1.3508557676e-14	1	1.7e-17	2.52485e-18
59652.047731	-1.4039018835e-14	1	1.7e-17	2.52485e-18
59652.047743	-1.2076149576e-14	1	1.7e-17	2.52485e-18
59652.047755	-1.2907969812e-14	1	1.7e-17	2.52485e-18
59652.047766	-1.4740279106e-14	1	1.7e-17	2.52485e-18
59652.047778	-1.5748410097e-14	1	1.7e-17	2.52485e-18
59652.047789	-1.5567118788e-14	1	1.7e-17	2.52485e-18
59652.047801	-1.5441960353e-14	1	1.7e-17	2.52485e-18
59652.047813	-1.4914285932e-14	1	1.7e-17	2.52485e-18
59652.047824	-1.7694451353e-14	1	1.7e-17	2.52485e-18
59652.047836	-1.7340946387e-14	1	1.7e-17	2.52485e-18
59652.047847	-1.4439668807e-14	1	1.7e-17	2.52485e-18
59652.047859	-1.4285009909e-14	1	1.7e-17	2.52485e-18
59652.047870	-1.2455716051e-14	1	1.7e-17	2.52485e-18
59652.047882	-1.2966203327e-14	1	1.7e-17	2.52485e-18
59652.047894	-1.4638419159e-14	1	1.7e-17	2.52485e-18
59652.047905	-1.2048835305e-14	1	1.7e-17	2.52485e-18
59652.047917	-1.1084377333e-14	1	1.7e-17	2.52485e-18
59652.047928	-1.3724257157e-14	1	1.7e-17	2.52485e-18
59652.047940	-1.3315151255e-14	1	1.7e-17	2.52485e-18
59652.047951	-1.5055644719e-14	1	1.7e-17	2.52485e-18
59652.047963	-1.5716404957e-14	1	1.7e-17	2.52485e-18
59652.047975	-1.7219112556e-14	1	1.7e-17	2.52485e-18
59652.047986	-1.4771191574e-14	1	1.7e-17	2.52485e-18
59652.047998	-1.5051861870e-14	1	1.7e-17	2.52485e-18
59652.048009	-1.5101164270e-14	1	1.7e-17	2.52485e-18
59652.048021	-1.5718968926e-14	1	1.7e-17	2.52485e-18
59652.048032	-1.4456624713e-14	1	1.7e-17	2.52485e-18
59652.048044	-1.4830905702e-14	1	1.7e-17	2.52485e-18
59652.048056	-1.4061305119e-14	1	1.7e-17	2.52485e-18
59652.048067	-1.5412437866e-14	1	1.7e-17	2.52485e-18
59652.048079	-1.3993157083e-14	1	1.7e-17	2.52485e-18
59652.048090	-1.4703251908e-14	1	1.7e-17	2.52485e-18
59652.048102	-1.4744233056e-14	1	1.7e-17	2.52485e-18
59652.048113	-1.7707951364e-14	1	1.7e-17	2.52485e-18
59652.048125	-1.5760980066e-14	1	1.7e-17	2.52485e-18
59652.048137	-1.3788766339e-14	1	1.7e-17	2.52485e-18
59652.048148	-1.4390767901e-14	1	1.7e-17	2.52485e-18
59652.048160	-1.3954290977e-14	1	1.7e-17	2.52485e-18
59652.048171	-1.5467272238e-14	1	1.7e-17	2.52485e-18
59652.048183	-1.5777437916e-14	1	1.7e-17	2.52485e-18
59652.048194	-1.3329890475e-14	1	1.7e-17	2.52485e-18
59652.048206	-1.2594941163e-14	1	1.7e-17	2.52485e-18
59652.048218	-1.4045877261e-14	1	1.7e-17	2.52485e-18
59652.048229	-1.5256909912e-14	1	1.7e-17	2.52485e-18
59652.048241	-1.3148194285e-14	1	1.7e-17	2.52485e-18
59652.048252	-1.3015914843e-14	1	1.7e-17	2.52485e-18
59652.048264	-1.2948757836e-14	1	1.7e-17	2.52485e-18
59652.048275	-1.0241499082e-14	1	1.7e-17	2.52485e-18
59652.048287	-1.4577736025e-14	1	1.7e-17	2.52485e-18
59652.048299	-1.4909568805e-14	1	1.7e-17	2.52485e-18
59652.048310	-1.2594835283e-14	1	1.7e-17	2.52485e-18
59652.048322	-1.4560137221e-14	1	1.7e-17	2.52485e-18
59652.048333	-1.9753483415e-14	1	1.7e-17	2.52485e-18
59652.048345	-1.8019121622e-14	1	1.7e-17	2.52485e-18
59652.048356	-1.4531851403e-14	1	1.7e-17	2.52485e-18
59652.048368	-1.3075263901e-14	1	1.7e-17	2.52485e-18
59652.048380	-1.7546700007e-14	1	1.7e-17	2.52485e-18
59652.048391	-1.6307292600e-14	1	1.7e-17	2.52485e-18
59652.048403	-1.2824160984e-14	1	1.7e-17	2.52485e-18
59652.048414	-1.2742050457e-14	1	1.7e-17	2.52485e-18
59652.048426	-1.5205736416e-14	1	1.7e-17	2.52485e-18
59652.048438	-1.4349930749e-14	1	1.7e-17	2.52485e-18
59652.048449	-1.3152164328e-14	1	1.7e-17	2.52485e-18
59652.048461	-1.3543606205e-14	1	1.7e-17	2.52485e-18
59652.048472	-1.3179803013e-14	1	1.7e-17	2.52485e-18
59652.048484	-1.0459698158e-14	1	1.7e-17	2.52485e-18
59652.048495	-1.2078893116e-14	1	1.7e-17	2.52485e-18
59652.048507	-1.3660067306e-14	1	1.7e-17	2.52485e-18
59652.048519	-1.3328540305e-14	1	1.7e-17	2.52485e-18
59652.048530	-1.4412413828e-14	1	1.7e-17	2.52485e-18
59652.048542	-1.3691477829e-14	1	1.7e-17	2.52485e-18
59652.048553	-1.5683005601e-14	1	1.7e-17	2.52485e-18
59652.048565	-1.4266518332e-14	1	1.7e-17	2.52485e-18
59652.048576	-1.1066813258e-14	1	1.7e-17	2.52485e-18
59652.048588	-1.3025767531e-14	1	1.7e-17	2.52485e-18
59652.048600	-1.1945710737e-14	1	1.7e-17	2.52485e-18
59652.048611	-1.7102731076e-14	1	1.7e-17	2.52485e-18
59652.048623	-1.4114499635e-14	1	1.7e-17	2.52485e-18
59652.048634	-1.2724410996e-14	1	1.7e-17	2.52485e-18
59652.048646	-1.0977028612e-14	1	1.7e-17	2.52485e-18
59652.048657	-1.5802379648e-14	1	1.7e-17	2.52485e-18
59652.048669	-1.6113612587e-14	1	1.7e-17	2.52485e-18
59652.048681	-1.5416588328e-14	1	1.7e-17	2.52485e-18
59652.048692	-1.6473044242e-14	1	1.7e-17	2.52485e-18
59652.048704	-1.2909844295e-14	1	1.7e-17	2.52485e-18
59652.048715	-1.3752419308e-14	1	1.7e-17	2.52485e-18
59652.048727	-1.0028201786e-14	1	1.7e-17	2.52485e-18
59652.048924	-1.2606326132e-14	1	1.7e-17	2.52485e-18
59652.048935	-1.8289878245e-14	1	1.7e-17	2.52485e-18
59652.048947	-1.5039838237e-14	1	1.7e-17	2.52485e-18
59652.048958	-1.5413985396e-14	1	1.7e-17	2.52485e-18
59652.048970	-1.7171267900e-14	1	1.7e-17	2.52485e-18
59652.048981	-1.6135150094e-14	1	1.7e-17	2.52485e-18
59652.048993	-1.4054779577e-14	1	1.7e-17	2.52485e-18
59652.049005	-1.1975391619e-14	1	1.7e-17	2.52485e-18
59652.049016	-1.6374849407e-14	1	1.7e-17	2.52485e-18
59652.049028	-1.3901337865e-14	1	1.7e-17	2.52485e-18
59652.049039	-1.3416026950e-14	1	1.7e-17	2.52485e-18
59652.049051	-1.3220772303e-14	1	1.7e-17	2.52485e-18
59652.049062	-1.4814454629e-14	1	1.7e-17	2.52485e-18
59652.049074	-1.0656955190e-14	1	1.7e-17	2.52485e-18
59652.049086	-1.1908786030e-14	1	1.7e-17	2.52485e-18
59652.049097	-1.4404934527e-14	1	1.7e-17	2.52485e-18
59652.049109	-1.0983384747e-14	1	1.7e-17	2.52485e-18
59652.049120	-1.4327634301e-14	1	1.7e-17	2.52485e-18
59652.049132	-1.4931913534e-14	1	1.7e-17	2.52485e-18
59652.049144	-1.5056898328e-14	1	1.7e-17	2.52485e-18
59652.049155	-1.6008611842e-14	1	1.7e-17	2.52485e-18
59652.049178	-1.5600419888e-14	1	1.7e-17	2.52485e-18
59652.049190	-1.4609651379e-14	1	1.7e-17	2.52485e-18
59652.049201	-1.4927336168e-14	1	1.7e-17	2.52485e-18
59652.049213	-1.5810651772e-14	1	1.7e-17	2.52485e-18
59652.049225	-1.5376911611e-14	1	1.7e-17	2.52485e-18
59652.049236	-1.7825004541e-14	1	1.7e-17	2.52485e-18
59652.049248	-1.2609401709e-14	1	1.7e-17	2.52485e-18
59652.049259	-1.4395739138e-14	1	1.7e-17	2.52485e-18
59652.049271	-1.8643389987e-14	1	1.7e-17	2.52485e-18
59652.049282	-1.2745324239e-14	1	1.7e-17	2.52485e-18
59652.049294	-1.3545973662e-14	1	1.7e-17	2.52485e-18
59652.049306	-1.4626608979e-14	1	1.7e-17	2.52485e-18
59652.049317	-1.6263766965e-14	1	1.7e-17	2.52485e-18
59652.049329	-1.2270331032e-14	1	1.7e-17	2.52485e-18
59652.049340	-1.3236322981e-14	1	1.7e-17	2.52485e-18
59652.049352	-1.3438729127e-14	1	1.7e-17	2.52485e-18
59652.049363	-1.5593565698e-14	1	1.7e-17	2.52485e-18
59652.049398	-1.1565431908e-14	1	1.7e-17	2.52485e-18
59652.049410	-1.7168936018e-14	1	1.7e-17	2.52485e-18
59652.049421	-1.4299655108e-14	1	1.7e-17	2.52485e-18
59652.049433	-1.3687791541e-14	1	1.7e-17	2.52485e-18
59652.049444	-1.5106398933e-14	1	1.7e-17	2.52485e-18
59652.049456	-1.6547820311e-14	1	1.7e-17	2.52485e-18
59652.049468	-1.5177736895e-14	1	1.7e-17	2.52485e-18
59652.049479	-1.3295991370e-14	1	1.7e-17	2.52485e-18
59652.049491	-1.1390780490e-14	1	1.7e-17	2.52485e-18
59652.049502	-1.3531437730e-14	1	1.7e-17	2.52485e-18
59652.049514	-1.5010696069e-14	1	1.7e-17	2.52485e-18
59652.049525	-1.3516134385e-14	1	1.7e-17	2.52485e-18
59652.049537	-1.3882094123e-14	1	1.7e-17	2.52485e-18
59652.049549	-1.2646456012e-14	1	1.7e-17	2.52485e-18
59652.049560	-1.5107560216e-14	1	1.7e-17	2.52485e-18
59652.049572	-1.6316255055e-14	1	1.7e-17	2.52485e-18
59652.049583	-1.1757374656e-14	1	1.7e-17	2.52485e-18
59652.049595	-1.7072667336e-14	1	1.7e-17	2.52485e-18
59652.049606	-1.6227685902e-14	1	1.7e-17	2.52485e-18
59652.049618	-1.6669326340e-14	1	1.7e-17	2.52485e-18
59652.049630	-1.2702532135e-14	1	1.7e-17	2.52485e-18
59652.049641	-1.4244442960e-14	1	1.7e-17	2.52485e-18
59652.049653	-1.4832635344e-14	1	1.7e-17	2.52485e-18
59652.049664	-1.5558785678e-14	1	1.7e-17	2.52485e-18
59652.049676	-1.3375062742e-14	1	1.7e-17	2.52485e-18
59652.049687	-1.1799333280e-14	1	1.7e-17	2.52485e-18
59652.049699	-1.2909490236e-14	1	1.7e-17	2.52485e-18
59652.049711	-1.3693703831e-14	1	1.7e-17	2.52485e-18
59652.049722	-1.3905520514e-14	1	1.7e-17	2.52485e-18
59652.049734	-1.6701446676e-14	1	1.7e-17	2.52485e-18
59652.049745	-1.4496561469e-14	1	1.7e-17	2.52485e-18
59652.049757	-1.6115219409e-14	1	1.7e-17	2.52485e-18
59652.049769	-1.7023717302e-14	1	1.7e-17	2.52485e-18
59652.049780	-1.8083165783e-14	1	1.7e-17	2.52485e-18
59652.049792	-1.5187847081e-14	1	1.7e-17	2.52485e-18
59652.049803	-1.4605424685e-14	1	1.7e-17	2.52485e-18
59652.049815	-1.5655506676e-14	1	1.7e-17	2.52485e-18
59652.049826	-1.6980987878e-14	1	1.7e-17	2.52485e-18
59652.049838	-1.4162002090e-14	1	1.7e-17	2.52485e-18
59652.049850	-1.5357251976e-14	1	1.7e-17	2.52485e-18
59652.049861	-1.4552729918e-14	1	1.7e-17	2.52485e-18
59652.049873	-1.3552205284e-14	1	1.7e-17	2.52485e-18
59652.049884	-1.2064045475e-14	1	1.7e-17	2.52485e-18
59652.049896	-1.5159099629e-14	1	1.7e-17	2.52485e-18
59652.049907	-1.3261293512e-14	1	1.7e-17	2.52485e-18
59652.049919	-1.4400373255e-14	1	1.7e-17	2.52485e-18
59652.049931	-1.4078443137e-14	1	1.7e-17	2.52485e-18
59652.049942	-1.2339785193e-14	1	1.7e-17	2.52485e-18
59652.049954	-1.4745486665e-14	1	1.7e-17	2.52485e-18
59652.049965	-1.4784615352e-14	1	1.7e-17	2.52485e-18
59652.049977	-1.7076609427e-14	1	1.7e-17	2.52485e-18
59652.049988	-1.7025805238e-14	1	1.7e-17	2.52485e-18
59652.050000	-1.2726553142e-14	1	1.7e-17	2.52485e-18
59652.050012	-1.5379335819e-14	1	1.7e-17	2.52485e-18
59652.050023	-1.4790601334e-14	1	1.7e-17	2.52485e-18
59652.050035	-1.6345693686e-14	1	1.7e-17	2.52485e-18
59652.050046	-1.3783315682e-14	1	1.7e-17	2.52485e-18
59652.050058	-1.3707824718e-14	1	1.7e-17	2.52485e-18
59652.050069	-1.4789511202e-14	1	1.7e-17	2.52485e-18
59652.050081	-1.2968946866e-14	1	1.7e-17	2.52485e-18
59652.050093	-1.4365623728e-14	1	1.7e-17	2.52485e-18
59652.050104	-1.4207774056e-14	1	1.7e-17	2.52485e-18
59652.050116	-1.3507977458e-14	1	1.7e-17	2.52485e-18
59652.050127	-1.2676824685e-14	1	1.7e-17	2.52485e-18
59652.050139	-1.4302150467e-14	1	1.7e-17	2.52485e-18
59652.050150	-1.4543260937e-14	1	1.7e-17	2.52485e-18
59652.050162	-1.4100603213e-14	1	1.7e-17	2.52485e-18
59652.050174	-1.6508343493e-14	1	1.7e-17	2.52485e-18
59652.050185	-1.7431504374e-14	1	1.7e-17	2.52485e-18
59652.050197	-1.7312021059e-14	1	1.7e-17	2.52485e-18
59652.050208	-1.6596223161e-14	1	1.7e-17	2.52485e-18
59652.050220	-1.3916642903e-14	1	1.7e-17	2.52485e-18
59652.050231	-1.4070220988e-14	1	1.7e-17	2.52485e-18
59652.050243	-1.3621828851e-14	1	1.7e-17	2.52485e-18
59652.050255	-1.2352366173e-14	1	1.7e-17	2.52485e-18
59652.050266	-1.2527474141e-14	1	1.7e-17	2.52485e-18
59652.050278	-1.3992390519e-14	1	1.7e-17	2.52485e-18
59652.050289	-1.6059875970e-14	1	1.7e-17	2.52485e-18
59652.050301	-1.3838741283e-14	1	1.7e-17	2.52485e-18
59652.050312	-1.3385871730e-14	1	1.7e-17	2.52485e-18
59652.050324	-1.5912669267e-14	1	1.7e-17	2.52485e-18
59652.050336	-1.4929690920e-14	1	1.7e-17	2.52485e-18
59652.050347	-1.3700895988e-14	1	1.7e-17	2.52485e-18
59652.050359	-1.3587319881e-14	1	1.7e-17	2.52485e-18
59652.050370	-1.5455294345e-14	1	1.7e-17	2.52485e-18
59652.050382	-1.4205396435e-14	1	1.7e-17	2.52485e-18
59652.050394	-1.4984587972e-14	1	1.7e-17	2.52485e-18
59652.050405	-1.5237141857e-14	1	1.7e-17	2.52485e-18
59652.050417	-1.7797302328e-14	1	1.7e-17	2.52485e-18
59652.050428	-1.4707753041e-14	1	1.7e-17	2.52485e-18
59652.050440	-1.3713759878e-14	1	1.7e-17	2.52485e-18
59652.050451	-1.3392814859e-14	1	1.7e-17	2.52485e-18
59652.050463	-1.4002907280e-14	1	1.7e-17	2.52485e-18
59652.050475	-1.1956258839e-14	1	1.7e-17	2.52485e-18
59652.050486	-1.4107251574e-14	1	1.7e-17	2.52485e-18
59652.050498	-1.4558445697e-14	1	1.7e-17	2.52485e-18
59652.050509	-1.4678460101e-14	1	1.7e-17	2.52485e-18
59652.050521	-1.3996766291e-14	1	1.7e-17	2.52485e-18
59652.050532	-1.5903696647e-14	1	1.7e-17	2.52485e-18
59652.050544	-1.5489237497e-14	1	1.7e-17	2.52485e-18
59652.050556	-1.5244377212e-14	1	1.7e-17	2.52485e-18
59652.050567	-1.5995526877e-14	1	1.7e-17	2.52485e-18
59652.050579	-1.4353351915e-14	1	1.7e-17	2.52485e-18
59652.050590	-1.3963074708e-14	1	1.7e-17	2.52485e-18
59652.050602	-1.5523678703e-14	1	1.7e-17	2.52485e-18
59652.050613	-1.6552853381e-14	1	1.7e-17	2.52485e-18
59652.050625	-1.4593935530e-14	1	1.7e-17	2.52485e-18
59652.050637	-1.4711933996e-14	1	1.7e-17	2.52485e-18
59652.050648	-1.4438338966e-14	1	1.7e-17	2.52485e-18
59652.050660	-1.1895651937e-14	1	1.7e-17	2.52485e-18
59652.050671	-1.2330543216e-14	1	1.7e-17	2.52485e-18
59652.050683	-1.2820550929e-14	1	1.7e-17	2.52485e-18
59652.050694	-1.2840396064e-14	1	1.7e-17	2.52485e-18
59652.050706	-1.1811011323e-14	1	1.7e-17	2.52485e-18
59652.050718	-1.2716314208e-14	1	1.7e-17	2.52485e-18
59652.050729	-1.6396048100e-14	1	1.7e-17	2.52485e-18
59652.050741	-1.5999211470e-14	1	1.7e-17	2.52485e-18
59652.050752	-1.5794594568e-14	1	1.7e-17	2.52485e-18
59652.050764	-1.3068496108e-14	1	1.7e-17	2.52485e-18
59652.050775	-1.5663954136e-14	1	1.7e-17	2.52485e-18
59652.050787	-1.4152507698e-14	1	1.7e-17	2.52485e-18
59652.050799	-1.3637183864e-14	1	1.7e-17	2.52485e-18
59652.050810	-1.3095155623e-14	1	1.7e-17	2.52485e-18
59652.050822	-1.3371322245e-14	1	1.7e-17	2.52485e-18
59652.050833	-1.4997166412e-14	1	1.7e-17	2.52485e-18
59652.050845	-1.2540404099e-14	1	1.7e-17	2.52485e-18
59652.050856	-1.4478907609e-14	1	1.7e-17	2.52485e-18
59652.050868	-1.4618966201e-14	1	1.7e-17	2.52485e-18
59652.050880	-1.6499500469e-14	1	1.7e-17	2.52485e-18
59652.050891	-1.3366660175e-14	1	1.7e-17	2.52485e-18
59652.050903	-1.3100178528e-14	1	1.7e-17	2.52485e-18
59652.050914	-1.3592257236e-14	1	1.7e-17	2.52485e-18
59652.050926	-1.8835514847e-14	1	1.7e-17	2.52485e-18
59652.050937	-1.8663281708e-14	1	1.7e-17	2.52485e-18
59652.050949	-1.6144605523e-14	1	1.7e-17	2.52485e-18
59652.050961	-1.5933961981e-14	1	1.7e-17	2.52485e-18
59652.050972	-1.4535729120e-14	1	1.7e-17	2.52485e-18
59652.050984	-1.3021621304e-14	1	1.7e-17	2.52485e-18
59652.050995	-1.2470925375e-14	1	1.7e-17	2.52485e-18
59652.051007	-1.5142507948e-14	1	1.7e-17	2.52485e-18
59652.051019	-1.6068535188e-14	1	1.7e-17	2.52485e-18
59652.051030	-1.5471410841e-14	1	1.7e-17	2.52485e-18
59652.051042	-1.5052272681e-14	1	1.7e-17	2.52485e-18
59652.051053	-1.5556170040e-14	1	1.7e-17	2.52485e-18
59652.051065	-1.3573779213e-14	1	1.7e-17	2.52485e-18
59652.051076	-1.3389619850e-14	1	1.7e-17	2.52485e-18
59652.051088	-1.5277324253e-14	1	1.7e-17	2.52485e-18
59652.051100	-1.4085715762e-14	1	1.7e-17	2.52485e-18
59652.051111	-1.3723737926e-14	1	1.7e-17	2.52485e-18
59652.051123	-1.3081942756e-14	1	1.7e-17	2.52485e-18
59652.051134	-1.2942345797e-14	1	1.7e-17	2.52485e-18
59652.051146	-1.2628393035e-14	1	1.7e-17	2.52485e-18
59652.051157	-1.2764073313e-14	1	1.7e-17	2.52485e-18
59652.051169	-1.4336578969e-14	1	1.7e-17	2.52485e-18
59652.051181	-1.6360503210e-14	1	1.7e-17	2.52485e-18
59652.051192	-1.5419613083e-14	1	1.7e-17	2.52485e-18
59652.051204	-1.3899432888e-14	1	1.7e-17	2.52485e-18
59652.051215	-1.6085685064e-14	1	1.7e-17	2.52485e-18
59652.051227	-1.8601920101e-14	1	1.7e-17	2.52485e-18
59652.051238	-1.7224193907e-14	1	1.7e-17	2.52485e-18
59652.051250	-1.6566476211e-14	1	1.7e-17	2.52485e-18
59652.051262	-1.6696521180e-14	1	1.7e-17	2.52485e-18
59652.051273	-1.4985455334e-14	1	1.7e-17	2.52485e-18
59652.051285	-1.5717811879e-14	1	1.7e-17	2.52485e-18
59652.051296	-1.4643079535e-14	1	1.7e-17	2.52485e-18
59652.051308	-1.3915456210e-14	1	1.7e-17	2.52485e-18
59652.051319	-1.3924318716e-14	1	1.7e-17	2.52485e-18
59652.051331	-1.3770056228e-14	1	1.7e-17	2.52485e-18
59652.051343	-1.3675091129e-14	1	1.7e-17	2.52485e-18
59652.051354	-1.2329621644e-14	1	1.7e-17	2.52485e-18
59652.051366	-1.5095627215e-14	1	1.7e-17	2.52485e-18
59652.051377	-1.3276697653e-14	1	1.7e-17	2.52485e-18
59652.051389	-9.4776854279e-15	1	1.7e-17	2.52485e-18
59652.051400	-1.2888190745e-14	1	1.7e-17	2.52485e-18
59652.051412	-1.1887225653e-14	1	1.7e-17	2.52485e-18
59652.051424	-1.4813141728e-14	1	1.7e-17	2.52485e-18
59652.051435	-1.4189302809e-14	1	1.7e-17	2.52485e-18
59652.051447	-1.6132546315e-14	1	1.7e-17	2.52485e-18
59652.051458	-1.6646262480e-14	1	1.7e-17	2.52485e-18
59652.051470	-1.8932176553e-14	1	1.7e-17	2.52485e-18
59652.051481	-1.6543038810e-14	1	1.7e-17	2.52485e-18
59652.051493	-1.4495506066e-14	1	1.7e-17	2.52485e-18
59652.051505	-1.4816819545e-14	1	1.7e-17	2.52485e-18
59652.051516	-1.4140758504e-14	1	1.7e-17	2.52485e-18
59652.051528	-1.5107776209e-14	1	1.7e-17	2.52485e-18
59652.051539	-1.4802879923e-14	1	1.7e-17	2.52485e-18
59652.051551	-1.3429881020e-14	1	1.7e-17	2.52485e-18
59652.051562	-1.6227513108e-14	1	1.7e-17	2.52485e-18
59652.051574	-1.5591204170e-14	1	1.7e-17	2.52485e-18
59652.051586	-1.7004465090e-14	1	1.7e-17	2.52485e-18
59652.051597	-1.3587327505e-14	1	1.7e-17	2.52485e-18
59652.051609	-1.3248799776e-14	1	1.7e-17	2.52485e-18
59652.051620	-1.2085436445e-14	1	1.7e-17	2.52485e-18
59652.051632	-1.3358831050e-14	1	1.7e-17	2.52485e-18
59652.051644	-1.3572746680e-14	1	1.7e-17	2.52485e-18
59652.051655	-1.6645080869e-14	1	1.7e-17	2.52485e-18
59652.051667	-1.4872500949e-14	1	1.7e-17	2.52485e-18
59652.051678	-1.3925485080e-14	1	1.7e-17	2.52485e-18
59652.051690	-1.4170271673e-14	1	1.7e-17	2.52485e-18
59652.051701	-1.3915684909e-14	1	1.7e-17	2.52485e-18
59652.051713	-1.5261356835e-14	1	1.7e-17	2.52485e-18
59652.051725	-1.2881124796e-14	1	1.7e-17	2.52485e-18
59652.051736	-1.3834373981e-14	1	1.7e-17	2.52485e-18
59652.051748	-1.1970832888e-14	1	1.7e-17	2.52485e-18
59652.051840	-1.6694368022e-14	1	1.7e-17	2.52485e-18
59652.051852	-1.6705052496e-14	1	1.7e-17	2.52485e-18
59652.051863	-1.8687614424e-14	1	1.7e-17	2.52485e-18
59652.051875	-1.6467093836e-14	1	1.7e-17	2.52485e-18
59652.051887	-1.6757868388e-14	1	1.7e-17	2.52485e-18
59652.051898	-1.5840653679e-14	1	1.7e-17	2.52485e-18
59652.051910	-1.6800519885e-14	1	1.7e-17	2.52485e-18
59652.051921	-1.4006181062e-14	1	1.7e-17	2.52485e-18
59652.051933	-1.5265567436e-14	1	1.7e-17	2.52485e-18
59652.051944	-1.4804202989e-14	1	1.7e-17	2.52485e-18
59652.051956	-1.6173242860e-14	1	1.7e-17	2.52485e-18
59652.051968	-1.6105350628e-14	1	1.7e-17	2.52485e-18
59652.051979	-1.5247684029e-14	1	1.7e-17	2.52485e-18
59652.051991	-1.4048711433e-14	1	1.7e-17	2.52485e-18
59652.052002	-1.4723418916e-14	1	1.7e-17	2.52485e-18
59652.052014	-1.4291366044e-14	1	1.7e-17	2.52485e-18
59652.052025	-1.4975541660e-14	1	1.7e-17	2.52485e-18
59652.052037	-1.4329085268e-14	1	1.7e-17	2.52485e-18
59652.052049	-1.2899086977e-14	1	1.7e-17	2.52485e-18
59652.052060	-1.3136866913e-14	1	1.7e-17	2.52485e-18
59652.052072	-1.2962667811e-14	1	1.7e-17	2.52485e-18
59652.052083	-1.3951042605e-14	1	1.7e-17	2.52485e-18
59652.052095	-1.4446147762e-14	1	1.7e-17	2.52485e-18
59652.052106	-1.4614062727e-14	1	1.7e-17	2.52485e-18
59652.052118	-1.4618603671e-14	1	1.7e-17	2.52485e-18
59652.052130	-1.7004350741e-14	1	1.7e-17	2.52485e-18
59652.052141	-1.6506127655e-14	1	1.7e-17	2.52485e-18
59652.052153	-1.4403764775e-14	1	1.7e-17	2.52485e-18
59652.052164	-1.1694994067e-14	1	1.7e-17	2.52485e-18
59652.052176	-1.4547502031e-14	1	1.7e-17	2.52485e-18
59652.052187	-1.5406674654e-14	1	1.7e-17	2.52485e-18
59652.052199	-1.4360634704e-14	1	1.7e-17	2.52485e-18
59652.052211	-1.3332768693e-14	1	1.7e-17	2.52485e-18
59652.052222	-1.6405389180e-14	1	1.7e-17	2.52485e-18
59652.052234	-1.4171817508e-14	1	1.7e-17	2.52485e-18
59652.052245	-1.4563112848e-14	1	1.7e-17	2.52485e-18
59652.052257	-1.4192806137e-14	1	1.7e-17	2.52485e-18
59652.052269	-1.4286599789e-14	1	1.7e-17	2.52485e-18
59652.052280	-1.4902635841e-14	1	1.7e-17	2.52485e-18
59652.052292	-1.6169800518e-14	1	1.7e-17	2.52485e-18
59652.052303	-1.3162933505e-14	1	1.7e-17	2.52485e-18
59652.052315	-1.4296181426e-14	1	1.7e-17	2.52485e-18
59652.052326	-1.6554594033e-14	1	1.7e-17	2.52485e-18
59652.052338	-1.6778679988e-14	1	1.7e-17	2.52485e-18
59652.052350	-1.3261719569e-14	1	1.7e-17	2.52485e-18
59652.052361	-1.3915345249e-14	1	1.7e-17	2.52485e-18
59652.052373	-1.5339739570e-14	1	1.7e-17	2.52485e-18
59652.052384	-1.5760727650e-14	1	1.7e-17	2.52485e-18
59652.052396	-1.4424431532e-14	1	1.7e-17	2.52485e-18
59652.052407	-1.4116208948e-14	1	1.7e-17	2.52485e-18
59652.052419	-1.4500211334e-14	1	1.7e-17	2.52485e-18
59652.052431	-1.3022599627e-14	1	1.7e-17	2.52485e-18
59652.052442	-1.4864327929e-14	1	1.7e-17	2.52485e-18
59652.052454	-1.3582619696e-14	1	1.7e-17	2.52485e-18
59652.052465	-1.5603463278e-14	1	1.7e-17	2.52485e-18
59652.052477	-1.4273669832e-14	1	1.7e-17	2.52485e-18
59652.052488	-1.5347795700e-14	1	1.7e-17	2.52485e-18
59652.052500	-1.2823424065e-14	1	1.7e-17	2.52485e-18
59652.052512	-1.2895985142e-14	1	1.7e-17	2.52485e-18
59652.052523	-1.3169634383e-14	1	1.7e-17	2.52485e-18
59652.052535	-1.5692322116e-14	1	1.7e-17	2.52485e-18
59652.052546	-1.6419748929e-14	1	1.7e-17	2.52485e-18
59652.052558	-1.7963034489e-14	1	1.7e-17	2.52485e-18
59652.052569	-1.4600317923e-14	1	1.7e-17	2.52485e-18
59652.052581	-1.4592343955e-14	1	1.7e-17	2.52485e-18
59652.052593	-9.7336791134e-15	1	1.7e-17	2.52485e-18
59652.052604	-1.6331218740e-14	1	1.7e-17	2.52485e-18
59652.052616	-1.4952818308e-14	1	1.7e-17	2.52485e-18
59652.052627	-1.6053810367e-14	1	1.7e-17	2.52485e-18
59652.052639	-1.2381155976e-14	1	1.7e-17	2.52485e-18
59652.052650	-1.5334961457e-14	1	1.7e-17	2.52485e-18
59652.052662	-1.6785712055e-14	1	1.7e-17	2.52485e-18
59652.052674	-1.5135855351e-14	1	1.7e-17	2.52485e-18
59652.052685	-1.3777187399e-14	1	1.7e-17	2.52485e-18
59652.052697	-1.5719851534e-14	1	1.7e-17	2.52485e-18
59652.052708	-1.3486760977e-14	1	1.7e-17	2.52485e-18
59652.052720	-1.5611113679e-14	1	1.7e-17	2.52485e-18
59652.052731	-1.6865739728e-14	1	1.7e-17	2.52485e-18
59652.052743	-1.0816075412e-14	1	1.7e-17	2.52485e-18
59652.052755	-1.2673339144e-14	1	1.7e-17	2.52485e-18
59652.052766	-1.3812344348e-14	1	1.7e-17	2.52485e-18
59652.052778	-1.4359943525e-14	1	1.7e-17	2.52485e-18
59652.052789	-7.5745421559e-15	1	1.7e-17	2.52485e-18
59652.052801	-1.3369482489e-14	1	1.7e-17	2.52485e-18
59652.052812	-1.3571689582e-14	1	1.7e-17	2.52485e-18
59652.052824	-1.3726212109e-14	1	1.7e-17	2.52485e-18
59652.052836	-1.3092954184e-14	1	1.7e-17	2.52485e-18
59652.052847	-1.3246413684e-14	1	1.7e-17	2.52485e-18
59652.052859	-1.1113535595e-14	1	1.7e-17	2.52485e-18
59652.052870	-1.2280302304e-14	1	1.7e-17	2.52485e-18
59652.052882	-1.3042663297e-14	1	1.7e-17	2.52485e-18
59652.052894	-1.5322412664e-14	1	1.7e-17	2.52485e-18
59652.052905	-1.5180334745e-14	1	1.7e-17	2.52485e-18
59652.052917	-1.8978951406e-14	1	1.7e-17	2.52485e-18
59652.052928	-1.4059104528e-14	1	1.7e-17	2.52485e-18
59652.052940	-1.4254243131e-14	1	1.7e-17	2.52485e-18
59652.052951	-1.3175756737e-14	1	1.7e-17	2.52485e-18
59652.052963	-1.5858077994e-14	1	1.7e-17	2.52485e-18
59652.052975	-1.3351733761e-14	1	1.7e-17	2.52485e-18
59652.052986	-1.4757622106e-14	1	1.7e-17	2.52485e-18
59652.052998	-1.4012449106e-14	1	1.7e-17	2.52485e-18
59652.053009	-1.4304404422e-14	1	1.7e-17	2.52485e-18
59652.053021	-1.2364834498e-14	1	1.7e-17	2.52485e-18
59652.053032	-1.1381855304e-14	1	1.7e-17	2.52485e-18
59652.053044	-1.3731134217e-14	1	1.7e-17	2.52485e-18
59652.053056	-1.4217038903e-14	1	1.7e-17	2.52485e-18
59652.053067	-1.4717210164e-14	1	1.7e-17	2.52485e-18
59652.053079	-1.3468397303e-14	1	1.7e-17	2.52485e-18
59652.053090	-1.5452711742e-14	1	1.7e-17	2.52485e-18
59652.053102	-1.4591724774e-14	1	1.7e-17	2.52485e-18
59652.053113	-1.5381804073e-14	1	1.7e-17	2.52485e-18
59652.053125	-1.4230654957e-14	1	1.7e-17	2.52485e-18
59652.053137	-1.1343000209e-14	1	1.7e-17	2.52485e-18
59652.053148	-1.3490922450e-14	1	1.7e-17	2.52485e-18
59652.053160	-1.5266168829e-14	1	1.7e-17	2.52485e-18
59652.053171	-1.5302335442e-14	1	1.7e-17	2.52485e-18
59652.053183	-1.4374731027e-14	1	1.7e-17	2.52485e-18
59652.053194	-1.3642709907e-14	1	1.7e-17	2.52485e-18
59652.053206	-1.5792172054e-14	1	1.7e-17	2.52485e-18
59652.053218	-1.3953805627e-14	1	1.7e-17	2.52485e-18
59652.053229	-1.5352474710e-14	1	1.7e-17	2.52485e-18
59652.053241	-1.5082803137e-14	1	1.7e-17	2.52485e-18
59652.053252	-1.5217295875e-14	1	1.7e-17	2.52485e-18
59652.053264	-1.3903135269e-14	1	1.7e-17	2.52485e-18
59652.053275	-1.6939451076e-14	1	1.7e-17	2.52485e-18
59652.053287	-1.4757373925e-14	1	1.7e-17	2.52485e-18
59652.053299	-1.8502923972e-14	1	1.7e-17	2.52485e-18
59652.053310	-1.5237401049e-14	1	1.7e-17	2.52485e-18
59652.053322	-1.7444035379e-14	1	1.7e-17	2.52485e-18
59652.053333	-1.5370460608e-14	1	1.7e-17	2.52485e-18
59652.053345	-1.6939539168e-14	1	1.7e-17	2.52485e-18
59652.053356	-1.5804373564e-14	1	1.7e-17	2.52485e-18
59652.053368	-1.7227245767e-14	1	1.7e-17	2.52485e-18
59652.053380	-1.5713533515e-14	1	1.7e-17	2.52485e-18
59652.053391	-1.3521995853e-14	1	1.7e-17	2.52485e-18
59652.053403	-1.4490734730e-14	1	1.7e-17	2.52485e-18
59652.053414	-1.7445837018e-14	1	1.7e-17	2.52485e-18
59652.053426	-1.1682457980e-14	1	1.7e-17	2.52485e-18
59652.053437	-1.0852121746e-14	1	1.7e-17	2.52485e-18
59652.053449	-1.1733656039e-14	1	1.7e-17	2.52485e-18
59652.053461	-1.9032072230e-14	1	1.7e-17	2.52485e-18
59652.053472	-1.2325202674e-14	1	1.7e-17	2.52485e-18
59652.053484	-1.2750907033e-14	1	1.7e-17	2.52485e-18
59652.053495	-1.2071332500e-14	1	1.7e-17	2.52485e-18
59652.053507	-1.6285597545e-14	1	1.7e-17	2.52485e-18
59652.053519	-1.6067977840e-14	1	1.7e-17	2.52485e-18
59652.053530	-1.6320984040e-14	1	1.7e-17	2.52485e-18
59652.053542	-1.4509808218e-14	1	1.7e-17	2.52485e-18
59652.053553	-1.5003492054e-14	1	1.7e-17	2.52485e-18
59652.053565	-1.7465317082e-14	1	1.7e-17	2.52485e-18
59652.053576	-1.4113945676e-14	1	1.7e-17	2.52485e-18
59652.053588	-1.2432542924e-14	1	1.7e-17	2.52485e-18
59652.053600	-1.6168311434e-14	1	1.7e-17	2.52485e-18
59652.053611	-1.5034900035e-14	1	1.7e-17	2.52485e-18
59652.053623	-1.6438614894e-14	1	1.7e-17	2.52485e-18
59652.053634	-1.4290111588e-14	1	1.7e-17	2.52485e-18
59652.053646	-1.6833472855e-14	1	1.7e-17	2.52485e-18
59652.053657	-1.5231154181e-14	1	1.7e-17	2.52485e-18
59652.053669	-1.4669345179e-14	1	1.7e-17	2.52485e-18
59652.053681	-1.5914293876e-14	1	1.7e-17	2.52485e-18
59652.053692	-1.3809217103e-14	1	1.7e-17	2.52485e-18
59652.053704	-1.4211268914e-14	1	1.7e-17	2.52485e-18
59652.053715	-1.2122752482e-14	1	1.7e-17	2.52485e-18
59652.053727	-1.1609257392e-14	1	1.7e-17	2.52485e-18
59652.053738	-1.5037090463e-14	1	1.7e-17	2.52485e-18
59652.053750	-1.2755034625e-14	1	1.7e-17	2.52485e-18
59652.053762	-1.1436865012e-14	1	1.7e-17	2.52485e-18
59652.053773	-1.3133479628e-14	1	1.7e-17	2.52485e-18
59652.053785	-1.5837260465e-14	1	1.7e-17	2.52485e-18
59652.053796	-1.7116403882e-14	1	1.7e-17	2.52485e-18
59652.053808	-1.5096301454e-14	1	1.7e-17	2.52485e-18
59652.053819	-1.5746016382e-14	1	1.7e-17	2.52485e-18
59652.053831	-1.4234228589e-14	1	1.7e-17	2.52485e-18
59652.053843	-1.2611277887e-14	1	1.7e-17	2.52485e-18
59652.053854	-1.3167312665e-14	1	1.7e-17	2.52485e-18
59652.053866	-1.3592058184e-14	1	1.7e-17	2.52485e-18
59652.053877	-1.6361787312e-14	1	1.7e-17	2.52485e-18
59652.053889	-1.4358909298e-14	1	1.7e-17	2.52485e-18
59652.053900	-1.1168086211e-14	1	1.7e-17	2.52485e-18
59652.053912	-1.2030951051e-14	1	1.7e-17	2.52485e-18
59652.053924	-1.5142584181e-14	1	1.7e-17	2.52485e-18
59652.053935	-1.5209509948e-14	1	1.7e-17	2.52485e-18
59652.053947	-1.3375517599e-14	1	1.7e-17	2.52485e-18
59652.053958	-1.4869277989e-14	1	1.7e-17	2.52485e-18
59652.053970	-1.5423614466e-14	1	1.7e-17	2.52485e-18
59652.053981	-1.6286135411e-14	1	1.7e-17	2.52485e-18
59652.053993	-1.3018605867e-14	1	1.7e-17	2.52485e-18
59652.054005	-1.5026996371e-14	1	1.7e-17	2.52485e-18
59652.054016	-1.6475878414e-14	1	1.7e-17	2.52485e-18
59652.054201	-1.6481857620e-14	1	1.7e-17	2.52485e-18
59652.054213	-1.6349750973e-14	1	1.7e-17	2.52485e-18
59652.054225	-1.5345750116e-14	1	1.7e-17	2.52485e-18
59652.054236	-1.9127020389e-14	1	1.7e-17	2.52485e-18
59652.054248	-1.5496748985e-14	1	1.7e-17	2.52485e-18
59652.054259	-1.2466946014e-14	1	1.7e-17	2.52485e-18
59652.054271	-1.4141589443e-14	1	1.7e-17	2.52485e-18
59652.054282	-1.4240302663e-14	1	1.7e-17	2.52485e-18
59652.054294	-1.4117515073e-14	1	1.7e-17	2.52485e-18
59652.054306	-1.8010002466e-14	1	1.7e-17	2.52485e-18
59652.054317	-1.2683866917e-14	1	1.7e-17	2.52485e-18
59652.054329	-1.3164813071e-14	1	1.7e-17	2.52485e-18
59652.054340	-1.1894987863e-14	1	1.7e-17	2.52485e-18
59652.054352	-1.8273101910e-14	1	1.7e-17	2.52485e-18
59652.054525	-1.5529590993e-14	1	1.7e-17	2.52485e-18
59652.054537	-1.7883432873e-14	1	1.7e-17	2.52485e-18
59652.054549	-1.7299599321e-14	1	1.7e-17	2.52485e-18
59652.054560	-1.7527693435e-14	1	1.7e-17	2.52485e-18
59652.054572	-1.1911738787e-14	1	1.7e-17	2.52485e-18
59652.054583	-1.2702212803e-14	1	1.7e-17	2.52485e-18
59652.054595	-1.7589241390e-14	1	1.7e-17	2.52485e-18
59652.054606	-1.9192252937e-14	1	1.7e-17	2.52485e-18
59652.054618	-1.4790105819e-14	1	1.7e-17	2.52485e-18
59652.054630	-1.5260320914e-14	1	1.7e-17	2.52485e-18
59652.054641	-1.5351566691e-14	1	1.7e-17	2.52485e-18
59652.054653	-1.6603827823e-14	1	1.7e-17	2.52485e-18
59652.054664	-1.4121089552e-14	1	1.7e-17	2.52485e-18
59652.054676	-1.5916348778e-14	1	1.7e-17	2.52485e-18
59652.054688	-1.5203135178e-14	1	1.7e-17	2.52485e-18
59652.054699	-1.5560687267e-14	1	1.7e-17	2.52485e-18
59652.054711	-1.3851120670e-14	1	1.7e-17	2.52485e-18
59652.054722	-1.2938441822e-14	1	1.7e-17	2.52485e-18
59652.054734	-1.5445482316e-14	1	1.7e-17	2.52485e-18
59652.054745	-1.5831536216e-14	1	1.7e-17	2.52485e-18
59652.054757	-1.7443884607e-14	1	1.7e-17	2.52485e-18
59652.054769	-1.3110356476e-14	1	1.7e-17	2.52485e-18
59652.054780	-1.3483878524e-14	1	1.7e-17	2.52485e-18
59652.054792	-1.4788207619e-14	1	1.7e-17	2.52485e-18
59652.054803	-1.6759700520e-14	1	1.7e-17	2.52485e-18
59652.054815	-1.4202291212e-14	1	1.7e-17	2.52485e-18
59652.054826	-1.5664139636e-14	1	1.7e-17	2.52485e-18
59652.054838	-1.2514371389e-14	1	1.7e-17	2.52485e-18
59652.054850	-1.4119441225e-14	1	1.7e-17	2.52485e-18
59652.054861	-1.4989766732e-14	1	1.7e-17	2.52485e-18
59652.054977	-1.3124324049e-14	1	1.7e-17	2.52485e-18
59652.054988	-1.4451125775e-14	1	1.7e-17	2.52485e-18
59652.055000	-1.0649558052e-14	1	1.7e-17	2.52485e-18
59652.055012	-1.2671694206e-14	1	1.7e-17	2.52485e-18
59652.055023	-1.1085087146e-14	1	1.7e-17	2.52485e-18
59652.055035	-1.5282034603e-14	1	1.7e-17	2.52485e-18
59652.055046	-1.2817482129e-14	1	1.7e-17	2.52485e-18
59652.055058	-1.3941506708e-14	1	1.7e-17	2.52485e-18
59652.055069	-1.2948544384e-14	1	1.7e-17	2.52485e-18
59652.055081	-1.7038040629e-14	1	1.7e-17	2.52485e-18
59652.055093	-1.4220494797e-14	1	1.7e-17	2.52485e-18
59652.055104	-1.6041761323e-14	1	1.7e-17	2.52485e-18
59652.055116	-1.5733284630e-14	1	1.7e-17	2.52485e-18
59652.055127	-1.3570324165e-14	1	1.7e-17	2.52485e-18
59652.055139	-1.7333019006e-14	1	1.7e-17	2.52485e-18
59652.055150	-1.3285886266e-14	1	1.7e-17	2.52485e-18
59652.055162	-1.7431074928e-14	1	1.7e-17	2.52485e-18
59652.055174	-1.1472399738e-14	1	1.7e-17	2.52485e-18
59652.055185	-1.5266290802e-14	1	1.7e-17	2.52485e-18
59652.055197	-1.2117904065e-14	1	1.7e-17	2.52485e-18
59652.055208	-1.3677843140e-14	1	1.7e-17	2.52485e-18
59652.055220	-1.3969828102e-14	1	1.7e-17	2.52485e-18
59652.055231	-1.5029766169e-14	1	1.7e-17	2.52485e-18
59652.055243	-1.5100461232e-14	1	1.7e-17	2.52485e-18
59652.055255	-1.3976262164e-14	1	1.7e-17	2.52485e-18
59652.055266	-1.6297684705e-14	1	1.7e-17	2.52485e-18
59652.055278	-1.6960111904e-14	1	1.7e-17	2.52485e-18
59652.055289	-1.0825114100e-14	1	1.7e-17	2.52485e-18
59652.055301	-1.4143037022e-14	1	1.7e-17	2.52485e-18
59652.055313	-1.1007504011e-14	1	1.7e-17	2.52485e-18
59652.055324	-1.6162837907e-14	1	1.7e-17	2.52485e-18
59652.055336	-1.4178304086e-14	1	1.7e-17	2.52485e-18
59652.055347	-1.6768341103e-14	1	1.7e-17	2.52485e-18
59652.055359	-1.1387679502e-14	1	1.7e-17	2.52485e-18
59652.055370	-1.2086784922e-14	1	1.7e-17	2.52485e-18
59652.055382	-1.1389764051e-14	1	1.7e-17	2.52485e-18
59652.055394	-1.6120007686e-14	1	1.7e-17	2.52485e-18
59652.055405	-1.3812948283e-14	1	1.7e-17	2.52485e-18
59652.055417	-1.2830390911e-14	1	1.7e-17	2.52485e-18
59652.055428	-1.5289303840e-14	1	1.7e-17	2.52485e-18
59652.055440	-1.4699564774e-14	1	1.7e-17	2.52485e-18
59652.055451	-1.6198329435e-14	1	1.7e-17	2.52485e-18
59652.055463	-1.1242858891e-14	1	1.7e-17	2.52485e-18
59652.055475	-1.3573189678e-14	1	1.7e-17	2.52485e-18
59652.055486	-1.4267123114e-14	1	1.7e-17	2.52485e-18
59652.055498	-1.5925257024e-14	1	1.7e-17	2.52485e-18
59652.055509	-1.5597713618e-14	1	1.7e-17	2.52485e-18
59652.055521	-1.4085430312e-14	1	1.7e-17	2.52485e-18
59652.055532	-1.4547877266e-14	1	1.7e-17	2.52485e-18
59652.055544	-1.6416036384e-14	1	1.7e-17	2.52485e-18
59652.055556	-1.6338283841e-14	1	1.7e-17	2.52485e-18
59652.055567	-1.6974787597e-14	1	1.7e-17	2.52485e-18
59652.055579	-1.3934966767e-14	1	1.7e-17	2.52485e-18
59652.055590	-1.8361272111e-14	1	1.7e-17	2.52485e-18
59652.055602	-1.5447759987e-14	1	1.7e-17	2.52485e-18
59652.055613	-1.7296688916e-14	1	1.7e-17	2.52485e-18
59652.055625	-1.1884277132e-14	1	1.7e-17	2.52485e-18
59652.055637	-1.4695532897e-14	1	1.7e-17	2.52485e-18
59652.055648	-1.3870673578e-14	1	1.7e-17	2.52485e-18
59652.055660	-1.4430591155e-14	1	1.7e-17	2.52485e-18
59652.055671	-1.1931462796e-14	1	1.7e-17	2.52485e-18
59652.055683	-1.3969413903e-14	1	1.7e-17	2.52485e-18
59652.055694	-1.5765608254e-14	1	1.7e-17	2.52485e-18
59652.055706	-1.4635216528e-14	1	1.7e-17	2.52485e-18
59652.055718	-1.5975724094e-14	1	1.7e-17	2.52485e-18
59652.055729	-1.5257580762e-14	1	1.7e-17	2.52485e-18
59652.055741	-1.4109118435e-14	1	1.7e-17	2.52485e-18
59652.055752	-1.4301978520e-14	1	1.7e-17	2.52485e-18
59652.055764	-1.5784057478e-14	1	1.7e-17	2.52485e-18
59652.055775	-1.4427418170e-14	1	1.7e-17	2.52485e-18
59652.055787	-1.4106661192e-14	1	1.7e-17	2.52485e-18
59652.055799	-1.4929585041e-14	1	1.7e-17	2.52485e-18
59652.055810	-1.5805412873e-14	1	1.7e-17	2.52485e-18
59652.055822	-1.4491403039e-14	1	1.7e-17	2.52485e-18
59652.055833	-1.4659186713e-14	1	1.7e-17	2.52485e-18
59652.055845	-1.4630110613e-14	1	1.7e-17	2.52485e-18
59652.055856	-1.6200004019e-14	1	1.7e-17	2.52485e-18
59652.055868	-1.3850454055e-14	1	1.7e-17	2.52485e-18
59652.055880	-1.3871101330e-14	1	1.7e-17	2.52485e-18
59652.055891	-1.5768865943e-14	1	1.7e-17	2.52485e-18
59652.055903	-1.9059140015e-14	1	1.7e-17	2.52485e-18
59652.055914	-1.6516987464e-14	1	1.7e-17	2.52485e-18
59652.055926	-1.4283843544e-14	1	1.7e-17	2.52485e-18
59652.055938	-1.3689932841e-14	1	1.7e-17	2.52485e-18
59652.055949	-1.5440701662e-14	1	1.7e-17	2.52485e-18
59652.055961	-1.4775900230e-14	1	1.7e-17	2.52485e-18
59652.055972	-1.5042547049e-14	1	1.7e-17	2.52485e-18
59652.055984	-1.2822135728e-14	1	1.7e-17	2.52485e-18
59652.055995	-1.2552236303e-14	1	1.7e-17	2.52485e-18
59652.056007	-1.6496343577e-14	1	1.7e-17	2.52485e-18
59652.056019	-1.8602925529e-14	1	1.7e-17	2.52485e-18
59652.056030	-1.5768212880e-14	1	1.7e-17	2.52485e-18
59652.056042	-1.3766863761e-14	1	1.7e-17	2.52485e-18
59652.056053	-1.5962101263e-14	1	1.7e-17	2.52485e-18
59652.056065	-1.8523262927e-14	1	1.7e-17	2.52485e-18
59652.056076	-1.3936308467e-14	1	1.7e-17	2.52485e-18
59652.056088	-1.4542028504e-14	1	1.7e-17	2.52485e-18
59652.056100	-1.3717424989e-14	1	1.7e-17	2.52485e-18
59652.056111	-1.4553656572e-14	1	1.7e-17	2.52485e-18
59652.056123	-1.4195558994e-14	1	1.7e-17	2.52485e-18
59652.056134	-1.2865876509e-14	1	1.7e-17	2.52485e-18
59652.056146	-1.4144969951e-14	1	1.7e-17	2.52485e-18
59652.056157	-1.4300779968e-14	1	1.7e-17	2.52485e-18
59652.056169	-1.5481666716e-14	1	1.7e-17	2.52485e-18
59652.056181	-1.5649530859e-14	1	1.7e-17	2.52485e-18
59652.056192	-1.3213396340e-14	1	1.7e-17	2.52485e-18
59652.056204	-1.4175776540e-14	1	1.7e-17	2.52485e-18
59652.056215	-1.3823101667e-14	1	1.7e-17	2.52485e-18
59652.056227	-1.5696808003e-14	1	1.7e-17	2.52485e-18
59652.056238	-1.5848862275e-14	1	1.7e-17	2.52485e-18
59652.056250	-1.4893538707e-14	1	1.7e-17	2.52485e-18
59652.056262	-1.4336989780e-14	1	1.7e-17	2.52485e-18
59652.056273	-1.4280429154e-14	1	1.7e-17	2.52485e-18
59652.056285	-1.1968566227e-14	1	1.7e-17	2.52485e-18
59652.056296	-1.2398958067e-14	1	1.7e-17	2.52485e-18
59652.056308	-1.2164584898e-14	1	1.7e-17	2.52485e-18
59652.056319	-1.6224739075e-14	1	1.7e-17	2.52485e-18
59652.056331	-1.3998865238e-14	1	1.7e-17	2.52485e-18
59652.056343	-1.5771663692e-14	1	1.7e-17	2.52485e-18
59652.056354	-1.3365874129e-14	1	1.7e-17	2.52485e-18
59652.056366	-1.3802910095e-14	1	1.7e-17	2.52485e-18
59652.056377	-1.2679773206e-14	1	1.7e-17	2.52485e-18
59652.056389	-1.2737458691e-14	1	1.7e-17	2.52485e-18
59652.056400	-1.4233529787e-14	1	1.7e-17	2.52485e-18
59652.056412	-1.3545436643e-14	1	1.7e-17	2.52485e-18
59652.056424	-1.3486026599e-14	1	1.7e-17	2.52485e-18
59652.056435	-1.5787350743e-14	1	1.7e-17	2.52485e-18
59652.056447	-1.6082620499e-14	1	1.7e-17	2.52485e-18
59652.056458	-1.6312179133e-14	1	1.7e-17	2.52485e-18
59652.056470	-1.4785051574e-14	1	1.7e-17	2.52485e-18
59652.056481	-1.4536910731e-14	1	1.7e-17	2.52485e-18
59652.056493	-1.4436603395e-14	1	1.7e-17	2.52485e-18
59652.056505	-1.7404424730e-14	1	1.7e-17	2.52485e-18
59652.056516	-1.4918344914e-14	1	1.7e-17	2.52485e-18
59652.056528	-1.5810932140e-14	1	1.7e-17	2.52485e-18
59652.056539	-1.5684515014e-14	1	1.7e-17	2.52485e-18
59652.056551	-1.6731523969e-14	1	1.7e-17	2.52485e-18
59652.056563	-1.3601274749e-14	1	1.7e-17	2.52485e-18
59652.056574	-1.4819819735e-14	1	1.7e-17	2.52485e-18
59652.056586	-1.4094046331e-14	1	1.7e-17	2.52485e-18
59652.056597	-1.7156473623e-14	1	1.7e-17	2.52485e-18
59652.056609	-1.4851213317e-14	1	1.7e-17	2.52485e-18
59652.056620	-1.3289377736e-14	1	1.7e-17	2.52485e-18
59652.056632	-1.3839443473e-14	1	1.7e-17	2.52485e-18
59652.056644	-1.5120378365e-14	1	1.7e-17	2.52485e-18
59652.056655	-1.4801882119e-14	1	1.7e-17	2.52485e-18
59652.056667	-1.4756996149e-14	1	1.7e-17	2.52485e-18
59652.056678	-1.5225209704e-14	1	1.7e-17	2.52485e-18
59652.056690	-1.2319376781e-14	1	1.7e-17	2.52485e-18
59652.056701	-1.4010588174e-14	1	1.7e-17	2.52485e-18
59652.056713	-1.5049099696e-14	1	1.7e-17	2.52485e-18
59652.056725	-1.2465890611e-14	1	1.7e-17	2.52485e-18
59652.056736	-1.5788298572e-14	1	1.7e-17	2.52485e-18
59652.056748	-1.5266947252e-14	1	1.7e-17	2.52485e-18
59652.056759	-1.6795066687e-14	1	1.7e-17	2.52485e-18
59652.056771	-1.3706489794e-14	1	1.7e-17	2.52485e-18
59652.056782	-1.5651229160e-14	1	1.7e-17	2.52485e-18
59652.056794	-1.3898452024e-14	1	1.7e-17	2.52485e-18
59652.056806	-1.7046588885e-14	1	1.7e-17	2.52485e-18
59652.056817	-1.6386947578e-14	1	1.7e-17	2.52485e-18
59652.056829	-1.5665093395e-14	1	1.7e-17	2.52485e-18
59652.056840	-1.3020748860e-14	1	1.7e-17	2.52485e-18
59652.056852	-1.3917992227e-14	1	1.7e-17	2.52485e-18
59652.056863	-1.3595896937e-14	1	1.7e-17	2.52485e-18
59652.056875	-1.6854572446e-14	1	1.7e-17	2.52485e-18
59652.056887	-1.4136188761e-14	1	1.7e-17	2.52485e-18
59652.056898	-1.3158393408e-14	1	1.7e-17	2.52485e-18
59652.056910	-1.3605846186e-14	1	1.7e-17	2.52485e-18
59652.056921	-1.4710122192e-14	1	1.7e-17	2.52485e-18
59652.056933	-1.4890293724e-14	1	1.7e-17	2.52485e-18
59652.056944	-1.3962239534e-14	1	1.7e-17	2.52485e-18
59652.056956	-1.3997580289e-14	1	1.7e-17	2.52485e-18
59652.056968	-1.3051796006e-14	1	1.7e-17	2.52485e-18
59652.056979	-1.5927627869e-14	1	1.7e-17	2.52485e-18
59652.056991	-1.8392889310e-14	1	1.7e-17	2.52485e-18
59652.057002	-1.6180617129e-14	1	1.7e-17	2.52485e-18
59652.057014	-1.4031007598e-14	1	1.7e-17	2.52485e-18
59652.057025	-1.7062667265e-14	1	1.7e-17	2.52485e-18
59652.057037	-1.8552483023e-14	1	1.7e-17	2.52485e-18
59652.057049	-1.4560686099e-14	1	1.7e-17	2.52485e-18
59652.057060	-1.2094658940e-14	1	1.7e-17	2.52485e-18
59652.057072	-1.4715949779e-14	1	1.7e-17	2.52485e-18
59652.057083	-1.4203865846e-14	1	1.7e-17	2.52485e-18
59652.057095	-1.5503449863e-14	1	1.7e-17	2.52485e-18
59652.057106	-1.3276535023e-14	1	1.7e-17	2.52485e-18
59652.057118	-1.5789206592e-14	1	1.7e-17	2.52485e-18
59652.057130	-1.3406723140e-14	1	1.7e-17	2.52485e-18
59652.057141	-1.4746138880e-14	1	1.7e-17	2.52485e-18
59652.057153	-1.7496351522e-14	1	1.7e-17	2.52485e-18
59652.057164	-1.7041350834e-14	1	1.7e-17	2.52485e-18
59652.057176	-1.3100569857e-14	1	1.7e-17	2.52485e-18
59652.057188	-1.5746212893e-14	1	1.7e-17	2.52485e-18
59652.057199	-1.5085869396e-14	1	1.7e-17	2.52485e-18
59652.057211	-1.5761722067e-14	1	1.7e-17	2.52485e-18
59652.057222	-1.5176994047e-14	1	1.7e-17	2.52485e-18
59652.057234	-1.5763705818e-14	1	1.7e-17	2.52485e-18
59652.057245	-1.5547160151e-14	1	1.7e-17	2.52485e-18
59652.057257	-1.3979921347e-14	1	1.7e-17	2.52485e-18
59652.057269	-1.1914514514e-14	1	1.7e-17	2.52485e-18
59652.057280	-1.1391771519e-14	1	1.7e-17	2.52485e-18
59652.057292	-1.4292917808e-14	1	1.7e-17	2.52485e-18
59652.057303	-1.4819112463e-14	1	1.7e-17	2.52485e-18
59652.057315	-1.6499132857e-14	1	1.7e-17	2.52485e-18
59652.057326	-1.5488875814e-14	1	1.7e-17	2.52485e-18
59652.057338	-1.8045916663e-14	1	1.7e-17	2.52485e-18
59652.057350	-1.6222997575e-14	1	1.7e-17	2.52485e-18
59652.057361	-1.6529661618e-14	1	1.7e-17	2.52485e-18
59652.057373	-1.5184646143e-14	1	1.7e-17	2.52485e-18
59652.057384	-1.5627273374e-14	1	1.7e-17	2.52485e-18
59652.057396	-1.4896742185e-14	1	1.7e-17	2.52485e-18
59652.057407	-1.3796069457e-14	1	1.7e-17	2.52485e-18
59652.057419	-1.1814876334e-14	1	1.7e-17	2.52485e-18
59652.057431	-1.4463270533e-14	1	1.7e-17	2.52485e-18
59652.057442	-1.4669301134e-14	1	1.7e-17	2.52485e-18
59652.057454	-1.4311477147e-14	1	1.7e-17	2.52485e-18
59652.057465	-1.1133260451e-14	1	1.7e-17	2.52485e-18
59652.057477	-1.2200998844e-14	1	1.7e-17	2.52485e-18
59652.057488	-1.2734728704e-14	1	1.7e-17	2.52485e-18
59652.057500	-1.5276709307e-14	1	1.7e-17	2.52485e-18
59652.057512	-1.4833761051e-14	1	1.7e-17	2.52485e-18
59652.057523	-1.5522425942e-14	1	1.7e-17	2.52485e-18
59652.057535	-1.4821465520e-14	1	1.7e-17	2.52485e-18
59652.057546	-1.4071097667e-14	1	1.7e-17	2.52485e-18
59652.057558	-1.4598938107e-14	1	1.7e-17	2.52485e-18
59652.057569	-1.1807856125e-14	1	1.7e-17	2.52485e-18
59652.057581	-1.5389222387e-14	1	1.7e-17	2.52485e-18
59652.057593	-1.5147150536e-14	1	1.7e-17	2.52485e-18
59652.057604	-1.3280051056e-14	1	1.7e-17	2.52485e-18
59652.057616	-1.3407508339e-14	1	1.7e-17	2.52485e-18
59652.057627	-1.6259041368e-14	1	1.7e-17	2.52485e-18
59652.057639	-1.7134936116e-14	1	1.7e-17	2.52485e-18
59652.057650	-1.6730118742e-14	1	1.7e-17	2.52485e-18
59652.057662	-1.7268686006e-14	1	1.7e-17	2.52485e-18
59652.057674	-1.5936802930e-14	1	1.7e-17	2.52485e-18
59652.057685	-1.6721479006e-14	1	1.7e-17	2.52485e-18
59652.057697	-1.5148427861e-14	1	1.7e-17	2.52485e-18
59652.057708	-1.5871596640e-14	1	1.7e-17	2.52485e-18
59652.057720	-1.5359531342e-14	1	1.7e-17	2.52485e-18
59652.057731	-1.4480725341e-14	1	1.7e-17	2.52485e-18
59652.057743	-1.2537305653e-14	1	1.7e-17	2.52485e-18
59652.057755	-1.3426364140e-14	1	1.7e-17	2.52485e-18
59652.057766	-1.1159787829e-14	1	1.7e-17	2.52485e-18
59652.057778	-1.2953334355e-14	1	1.7e-17	2.52485e-18
59652.057789	-1.4167778855e-14	1	1.7e-17	2.52485e-18
59652.057801	-1.1653185368e-14	1	1.7e-17	2.52485e-18
59652.057813	-1.1383570546e-14	1	1.7e-17	2.52485e-18
59652.057824	-1.2991299219e-14	1	1.7e-17	2.52485e-18
59652.057836	-1.4165451208e-14	1	1.7e-17	2.52485e-18
59652.057847	-1.4374930926e-14	1	1.7e-17	2.52485e-18
59652.057859	-1.5269290992e-14	1	1.7e-17	2.52485e-18
59652.057870	-1.2831471725e-14	1	1.7e-17	2.52485e-18
59652.057882	-1.3514037979e-14	1	1.7e-17	2.52485e-18
59652.057894	-1.3514340370e-14	1	1.7e-17	2.52485e-18
59652.057905	-1.4887062293e-14	1	1.7e-17	2.52485e-18
59652.057917	-1.4874067960e-14	1	1.7e-17	2.52485e-18
59652.057928	-1.6157222079e-14	1	1.7e-17	2.52485e-18
59652.057940	-1.5553074982e-14	1	1.7e-17	2.52485e-18
59652.057951	-1.5481782760e-14	1	1.7e-17	2.52485e-18
59652.057963	-1.4148923054e-14	1	1.7e-17	2.52485e-18
59652.057975	-1.4062997491e-14	1	1.7e-17	2.52485e-18
59652.057986	-1.3380930986e-14	1	1.7e-17	2.52485e-18
59652.057998	-1.3405334006e-14	1	1.7e-17	2.52485e-18
59652.058009	-1.2628041516e-14	1	1.7e-17	2.52485e-18
59652.058021	-1.3274799452e-14	1	1.7e-17	2.52485e-18
59652.058032	-1.2034978693e-14	1	1.7e-17	2.52485e-18
59652.058044	-1.2325543181e-14	1	1.7e-17	2.52485e-18
59652.058056	-1.1812069267e-14	1	1.7e-17	2.52485e-18
59652.058067	-1.4376918913e-14	1	1.7e-17	2.52485e-18
59652.058079	-1.2439481818e-14	1	1.7e-17	2.52485e-18
59652.058090	-1.4927165915e-14	1	1.7e-17	2.52485e-18
59652.058102	-1.3348643785e-14	1	1.7e-17	2.52485e-18
59652.058113	-1.3667377200e-14	1	1.7e-17	2.52485e-18
59652.058125	-1.5028554064e-14	1	1.7e-17	2.52485e-18
59652.058137	-1.2540556565e-14	1	1.7e-17	2.52485e-18
59652.058148	-1.3846262936e-14	1	1.7e-17	2.52485e-18
59652.058160	-1.6341224740e-14	1	1.7e-17	2.52485e-18
59652.058171	-1.6367500549e-14	1	1.7e-17	2.52485e-18
59652.058183	-1.3617265884e-14	1	1.7e-17	2.52485e-18
59652.058194	-1.5442279684e-14	1	1.7e-17	2.52485e-18
59652.058206	-1.5811625013e-14	1	1.7e-17	2.52485e-18
59652.058218	-1.5005407195e-14	1	1.7e-17	2.52485e-18
59652.058229	-1.5246604909e-14	1	1.7e-17	2.52485e-18
59652.058241	-1.5452467797e-14	1	1.7e-17	2.52485e-18
59652.058252	-1.6182515329e-14	1	1.7e-17	2.52485e-18
59652.058264	-1.4157704245e-14	1	1.7e-17	2.52485e-18
59652.058275	-1.5836719211e-14	1	1.7e-17	2.52485e-18
59652.058287	-1.3308160692e-14	1	1.7e-17	2.52485e-18
59652.058299	-1.3172313548e-14	1	1.7e-17	2.52485e-18
59652.058310	-1.2929005875e-14	1	1.7e-17	2.52485e-18
59652.058322	-1.5316701968e-14	1	1.7e-17	2.52485e-18
59652.058333	-1.5724027406e-14	1	1.7e-17	2.52485e-18
59652.058345	-1.5960716364e-14	1	1.7e-17	2.52485e-18
59652.058356	-1.7534606071e-14	1	1.7e-17	2.52485e-18
59652.058368	-1.6918875799e-14	1	1.7e-17	2.52485e-18
59652.058380	-1.6017498912e-14	1	1.7e-17	2.52485e-18
59652.058391	-1.3097817847e-14	1	1.7e-17	2.52485e-18
59652.058403	-1.5940628978e-14	1	1.7e-17	2.52485e-18
59652.058414	-1.3016470497e-14	1	1.7e-17	2.52485e-18
59652.058426	-1.3377730049e-14	1	1.7e-17	2.52485e-18
59652.058438	-1.4559462983e-14	1	1.7e-17	2.52485e-18
59652.058449	-1.0875335531e-14	1	1.7e-17	2.52485e-18
59652.058461	-1.5423960903e-14	1	1.7e-17	2.52485e-18
59652.058472	-1.5751291703e-14	1	1.7e-17	2.52485e-18
59652.058484	-1.4931667048e-14	1	1.7e-17	2.52485e-18
59652.058495	-1.4828974467e-14	1	1.7e-17	2.52485e-18
59652.058507	-1.4576472252e-14	1	1.7e-17	2.52485e-18
59652.058519	-1.6615440645e-14	1	1.7e-17	2.52485e-18
59652.058530	-1.6016278337e-14	1	1.7e-17	2.52485e-18
59652.058542	-1.5643567747e-14	1	1.7e-17	2.52485e-18
59652.058553	-1.3904798841e-14	1	1.7e-17	2.52485e-18
59652.058565	-1.3153461135e-14	1	1.7e-17	2.52485e-18
59652.058576	-1.8748870153e-14	1	1.7e-17	2.52485e-18
59652.058588	-1.5404593494e-14	1	1.7e-17	2.52485e-18
59652.058600	-1.5225422309e-14	1	1.7e-17	2.52485e-18
59652.058611	-1.4872889738e-14	1	1.7e-17	2.52485e-18
59652.058623	-1.4178286298e-14	1	1.7e-17	2.52485e-18
59652.058634	-1.5524829821e-14	1	1.7e-17	2.52485e-18
59652.058646	-1.2455081623e-14	1	1.7e-17	2.52485e-18
59652.058657	-1.4041118630e-14	1	1.7e-17	2.52485e-18
59652.058669	-1.4447943472e-14	1	1.7e-17	2.52485e-18
59652.058681	-1.6616451155e-14	1	1.7e-17	2.52485e-18
59652.058692	-1.3688068521e-14	1	1.7e-17	2.52485e-18
59652.058704	-1.4522608580e-14	1	1.7e-17	2.52485e-18
59652.058715	-1.4476769698e-14	1	1.7e-17	2.52485e-18
59652.058727	-1.4625866131e-14	1	1.7e-17	2.52485e-18
59652.058738	-1.7214239576e-14	1	1.7e-17	2.52485e-18
59652.058750	-1.5167155760e-14	1	1.7e-17	2.52485e-18
59652.058762	-1.6753812794e-14	1	1.7e-17	2.52485e-18
59652.058773	-1.6108792970e-14	1	1.7e-17	2.52485e-18
59652.058785	-1.5661757779e-14	1	1.7e-17	2.52485e-18
59652.058796	-1.3978317913e-14	1	1.7e-17	2.52485e-18
59652.058808	-1.3750251751e-14	1	1.7e-17	2.52485e-18
59652.058819	-1.4315592033e-14	1	1.7e-17	2.52485e-18
59652.058831	-1.6701236612e-14	1	1.7e-17	2.52485e-18
59652.058843	-1.4392671184e-14	1	1.7e-17	2.52485e-18
59652.058854	-1.4375303621e-14	1	1.7e-17	2.52485e-18
59652.058866	-1.2672880899e-14	1	1.7e-17	2.52485e-18
59652.058877	-1.2998415990e-14	1	1.7e-17	2.52485e-18
59652.058889	-1.1071408411e-14	1	1.7e-17	2.52485e-18
59652.058900	-1.3517707326e-14	1	1.7e-17	2.52485e-18
59652.058912	-1.1563271126e-14	1	1.7e-17	2.52485e-18
59652.058924	-1.4684073388e-14	1	1.7e-17	2.52485e-18
59652.058935	-1.4254501476e-14	1	1.7e-17	2.52485e-18
59652.058947	-1.3940036259e-14	1	1.7e-17	2.52485e-18
59652.058958	-1.2689131226e-14	1	1.7e-17	2.52485e-18
59652.058970	-1.3534210069e-14	1	1.7e-17	2.52485e-18
59652.058981	-1.4348362891e-14	1	1.7e-17	2.52485e-18
59652.058993	-1.5110579041e-14	1	1.7e-17	2.52485e-18
59652.059005	-1.6029442076e-14	1	1.7e-17	2.52485e-18
59652.059016	-1.8975075383e-14	1	1.7e-17	2.52485e-18
59652.059028	-1.7459380228e-14	1	1.7e-17	2.52485e-18
59652.059039	-1.6714396116e-14	1	1.7e-17	2.52485e-18
59652.059051	-1.3393528060e-14	1	1.7e-17	2.52485e-18
59652.059063	-1.4720260330e-14	1	1.7e-17	2.52485e-18
59652.059074	-1.2651149422e-14	1	1.7e-17	2.52485e-18
59652.059086	-1.4084119105e-14	1	1.7e-17	2.52485e-18
59652.059097	-1.3124559524e-14	1	1.7e-17	2.52485e-18
59652.059109	-1.4324236851e-14	1	1.7e-17	2.52485e-18
59652.059120	-1.4866759760e-14	1	1.7e-17	2.52485e-18
59652.059132	-1.4225406741e-14	1	1.7e-17	2.52485e-18
59652.059144	-1.4231983952e-14	1	1.7e-17	2.52485e-18
59652.059537	-1.7576075957e-14	1	1.7e-17	2.52485e-18
59652.059549	-1.5202261887e-14	1	1.7e-17	2.52485e-18
59652.059560	-1.7923897331e-14	1	1.7e-17	2.52485e-18
59652.059572	-1.5919652207e-14	1	1.7e-17	2.52485e-18
59652.059583	-1.6744590300e-14	1	1.7e-17	2.52485e-18
59652.059595	-1.5440128221e-14	1	1.7e-17	2.52485e-18
59652.059606	-1.7395214094e-14	1	1.7e-17	2.52485e-18
59652.059618	-1.4412118214e-14	1	1.7e-17	2.52485e-18
59652.059630	-1.4833849142e-14	1	1.7e-17	2.52485e-18
59652.059641	-1.6012350645e-14	1	1.7e-17	2.52485e-18
59652.059653	-1.5190451707e-14	1	1.7e-17	2.52485e-18
59652.059664	-1.3712491869e-14	1	1.7e-17	2.52485e-18
59652.059676	-1.5170825106e-14	1	1.7e-17	2.52485e-18
59652.059688	-1.2433301865e-14	1	1.7e-17	2.52485e-18
59652.059699	-1.4410740938e-14	1	1.7e-17	2.52485e-18
59652.059711	-1.3870267002e-14	1	1.7e-17	2.52485e-18
59652.059722	-1.4659506045e-14	1	1.7e-17	2.52485e-18
59652.059734	-1.3393928707e-14	1	1.7e-17	2.52485e-18
59652.059745	-1.5872696088e-14	1	1.7e-17	2.52485e-18
59652.059757	-1.4003252869e-14	1	1.7e-17	2.52485e-18
59652.059769	-1.5917853109e-14	1	1.7e-17	2.52485e-18
59652.059780	-1.6654360962e-14	1	1.7e-17	2.52485e-18
59652.059792	-1.5414423312e-14	1	1.7e-17	2.52485e-18
59652.059803	-1.2591403953e-14	1	1.7e-17	2.52485e-18
59652.059815	-1.4440407420e-14	1	1.7e-17	2.52485e-18
59652.059826	-1.4246580871e-14	1	1.7e-17	2.52485e-18
59652.059838	-1.2649514648e-14	1	1.7e-17	2.52485e-18
59652.059850	-1.3793107383e-14	1	1.7e-17	2.52485e-18
59652.059861	-1.5311853551e-14	1	1.7e-17	2.52485e-18
59652.059873	-1.3982417553e-14	1	1.7e-17	2.52485e-18
59652.059884	-1.5463186998e-14	1	1.7e-17	2.52485e-18
59652.059896	-1.4194984706e-14	1	1.7e-17	2.52485e-18
59652.059907	-1.6470270209e-14	1	1.7e-17	2.52485e-18
59652.059919	-1.5686519093e-14	1	1.7e-17	2.52485e-18
59652.059931	-1.6642394927e-14	1	1.7e-17	2.52485e-18
59652.059942	-1.5093762049e-14	1	1.7e-17	2.52485e-18
59652.059954	-1.6594320725e-14	1	1.7e-17	2.52485e-18
59652.059965	-1.5346697098e-14	1	1.7e-17	2.52485e-18
59652.059977	-1.4179409464e-14	1	1.7e-17	2.52485e-18
59652.059988	-1.3444488104e-14	1	1.7e-17	2.52485e-18
59652.060000	-1.2210762593e-14	1	1.7e-17	2.52485e-18
59652.060012	-1.2756027347e-14	1	1.7e-17	2.52485e-18
59652.060023	-1.7476190444e-14	1	1.7e-17	2.52485e-18
59652.060035	-1.5390431103e-14	1	1.7e-17	2.52485e-18
59652.060046	-1.5575632316e-14	1	1.7e-17	2.52485e-18
59652.060058	-1.4367377086e-14	1	1.7e-17	2.52485e-18
59652.060069	-1.6641682573e-14	1	1.7e-17	2.52485e-18
59652.060081	-1.5417103324e-14	1	1.7e-17	2.52485e-18
59652.060093	-1.6986147155e-14	1	1.7e-17	2.52485e-18
59652.060104	-1.6939443453e-14	1	1.7e-17	2.52485e-18
59652.060116	-1.5858703951e-14	1	1.7e-17	2.52485e-18
59652.060127	-1.5764997543e-14	1	1.7e-17	2.52485e-18
59652.060139	-1.6559046038e-14	1	1.7e-17	2.52485e-18
59652.060150	-1.1066088197e-14	1	1.7e-17	2.52485e-18
59652.060162	-1.4000684665e-14	1	1.7e-17	2.52485e-18
59652.060174	-1.6010681991e-14	1	1.7e-17	2.52485e-18
59652.060185	-1.8389446968e-14	1	1.7e-17	2.52485e-18
59652.060197	-1.3170461087e-14	1	1.7e-17	2.52485e-18
59652.060208	-1.2517962808e-14	1	1.7e-17	2.52485e-18
59652.060220	-1.3278647523e-14	1	1.7e-17	2.52485e-18
59652.060231	-1.6481607745e-14	1	1.7e-17	2.52485e-18
59652.060243	-1.4707908048e-14	1	1.7e-17	2.52485e-18
59652.060255	-1.6402280569e-14	1	1.7e-17	2.52485e-18
59652.060440	-1.4655470780e-14	1	1.7e-17	2.52485e-18
59652.060451	-1.6858403576e-14	1	1.7e-17	2.52485e-18
59652.060463	-1.6478084935e-14	1	1.7e-17	2.52485e-18
59652.060475	-1.6046120155e-14	1	1.7e-17	2.52485e-18
59652.060486	-1.2970081891e-14	1	1.7e-17	2.52485e-18
59652.060498	-1.6009020959e-14	1	1.7e-17	2.52485e-18
59652.060509	-1.4722255092e-14	1	1.7e-17	2.52485e-18
59652.060521	-1.2969714278e-14	1	1.7e-17	2.52485e-18
59652.060532	-1.3161690908e-14	1	1.7e-17	2.52485e-18
59652.060544	-1.1624600547e-14	1	1.7e-17	2.52485e-18
59652.060556	-1.2284169009e-14	1	1.7e-17	2.52485e-18
59652.060567	-1.4734531141e-14	1	1.7e-17	2.52485e-18
59652.060579	-1.7945600857e-14	1	1.7e-17	2.52485e-18
59652.060590	-1.5766982141e-14	1	1.7e-17	2.52485e-18
59652.060602	-1.6007187980e-14	1	1.7e-17	2.52485e-18
59652.060613	-1.5562838731e-14	1	1.7e-17	2.52485e-18
59652.060625	-1.6748723820e-14	1	1.7e-17	2.52485e-18
59652.060637	-1.7199173401e-14	1	1.7e-17	2.52485e-18
59652.060648	-1.6015729460e-14	1	1.7e-17	2.52485e-18
59652.060660	-1.8504484207e-14	1	1.7e-17	2.52485e-18
59652.060671	-1.5417352352e-14	1	1.7e-17	2.52485e-18
59652.060683	-1.5019298535e-14	1	1.7e-17	2.52485e-18
59652.060694	-1.4833854224e-14	1	1.7e-17	2.52485e-18
59652.060706	-1.6378572116e-14	1	1.7e-17	2.52485e-18
59652.060718	-1.4148161572e-14	1	1.7e-17	2.52485e-18
59652.060729	-1.4005095166e-14	1	1.7e-17	2.52485e-18
59652.060741	-1.3007048949e-14	1	1.7e-17	2.52485e-18
59652.060752	-1.1709043803e-14	1	1.7e-17	2.52485e-18
59652.060764	-1.3942861114e-14	1	1.7e-17	2.52485e-18
59652.060775	-1.3852251459e-14	1	1.7e-17	2.52485e-18
59652.060799	-1.6616160623e-14	1	1.7e-17	2.52485e-18
59652.060810	-1.6490907320e-14	1	1.7e-17	2.52485e-18
59652.060822	-1.5039771322e-14	1	1.7e-17	2.52485e-18
59652.060833	-1.6990301852e-14	1	1.7e-17	2.52485e-18
59652.060845	-1.5764027690e-14	1	1.7e-17	2.52485e-18
59652.060856	-1.5882189634e-14	1	1.7e-17	2.52485e-18
59652.060868	-1.3748563614e-14	1	1.7e-17	2.52485e-18
59652.060880	-1.3920830634e-14	1	1.7e-17	2.52485e-18
59652.060891	-1.2221091313e-14	1	1.7e-17	2.52485e-18
59652.060903	-1.3995859965e-14	1	1.7e-17	2.52485e-18
59652.060914	-1.4875058989e-14	1	1.7e-17	2.52485e-18
59652.060926	-1.3394561441e-14	1	1.7e-17	2.52485e-18
59652.060937	-1.1764903931e-14	1	1.7e-17	2.52485e-18
59652.060949	-1.4455449878e-14	1	1.7e-17	2.52485e-18
59652.060961	-1.6353890423e-14	1	1.7e-17	2.52485e-18
59652.060972	-1.4525322473e-14	1	1.7e-17	2.52485e-18
59652.060984	-1.4509078922e-14	1	1.7e-17	2.52485e-18
59652.060995	-1.5014747427e-14	1	1.7e-17	2.52485e-18
59652.061007	-1.5329255843e-14	1	1.7e-17	2.52485e-18
59652.061019	-1.6800335232e-14	1	1.7e-17	2.52485e-18
59652.061030	-1.6031059062e-14	1	1.7e-17	2.52485e-18
59652.061042	-1.1654169620e-14	1	1.7e-17	2.52485e-18
59652.061053	-1.3790259658e-14	1	1.7e-17	2.52485e-18
59652.061065	-1.4761072918e-14	1	1.7e-17	2.52485e-18
59652.061076	-1.2709699727e-14	1	1.7e-17	2.52485e-18
59652.061088	-1.2007832134e-14	1	1.7e-17	2.52485e-18
59652.061100	-1.3036352901e-14	1	1.7e-17	2.52485e-18
59652.061111	-1.3815263224e-14	1	1.7e-17	2.52485e-18
59652.061123	-1.2714355020e-14	1	1.7e-17	2.52485e-18
59652.061134	-1.4011033714e-14	1	1.7e-17	2.52485e-18
59652.061146	-1.5367406207e-14	1	1.7e-17	2.52485e-18
59652.061157	-1.5104243235e-14	1	1.7e-17	2.52485e-18
59652.061169	-1.3623342499e-14	1	1.7e-17	2.52485e-18
59652.061181	-1.4833929610e-14	1	1.7e-17	2.52485e-18
59652.061192	-1.4416567678e-14	1	1.7e-17	2.52485e-18
59652.061204	-1.4772572237e-14	1	1.7e-17	2.52485e-18
59652.061215	-1.3719818704e-14	1	1.7e-17	2.52485e-18
59652.061227	-1.6084284071e-14	1	1.7e-17	2.52485e-18
59652.061238	-1.4916893946e-14	1	1.7e-17	2.52485e-18
59652.061250	-1.3312291672e-14	1	1.7e-17	2.52485e-18
59652.061262	-1.4338051112e-14	1	1.7e-17	2.52485e-18
59652.061273	-1.3941029829e-14	1	1.7e-17	2.52485e-18
59652.061285	-1.4406206771e-14	1	1.7e-17	2.52485e-18
59652.061296	-1.6866669770e-14	1	1.7e-17	2.52485e-18
59652.061308	-1.3857431912e-14	1	1.7e-17	2.52485e-18
59652.061319	-1.5138175374e-14	1	1.7e-17	2.52485e-18
59652.061331	-1.3861148693e-14	1	1.7e-17	2.52485e-18
59652.061343	-1.6389183745e-14	1	1.7e-17	2.52485e-18
59652.061354	-1.4559125017e-14	1	1.7e-17	2.52485e-18
59652.061366	-1.5398349167e-14	1	1.7e-17	2.52485e-18
59652.061377	-1.2582624457e-14	1	1.7e-17	2.52485e-18
59652.061389	-1.5117129994e-14	1	1.7e-17	2.52485e-18
59652.061400	-1.3727132834e-14	1	1.7e-17	2.52485e-18
59652.061412	-1.3557140097e-14	1	1.7e-17	2.52485e-18
59652.061424	-1.4351446091e-14	1	1.7e-17	2.52485e-18
59652.061435	-1.5160530268e-14	1	1.7e-17	2.52485e-18
59652.061447	-1.4500012282e-14	1	1.7e-17	2.52485e-18
59652.061528	-1.8341260111e-14	1	1.7e-17	2.52485e-18
59652.061539	-1.9839555515e-14	1	1.7e-17	2.52485e-18
59652.061551	-1.6653237796e-14	1	1.7e-17	2.52485e-18
59652.061562	-1.7211753534e-14	1	1.7e-17	2.52485e-18
59652.061574	-1.8417166968e-14	1	1.7e-17	2.52485e-18
59652.061586	-1.4305493706e-14	1	1.7e-17	2.52485e-18
59652.061597	-1.4215508314e-14	1	1.7e-17	2.52485e-18
59652.061609	-1.5059657961e-14	1	1.7e-17	2.52485e-18
59652.061620	-1.6591848236e-14	1	1.7e-17	2.52485e-18
59652.061632	-1.0349390751e-14	1	1.7e-17	2.52485e-18
59652.061644	-1.5468114189e-14	1	1.7e-17	2.52485e-18
59652.061655	-1.2555518555e-14	1	1.7e-17	2.52485e-18
59652.061667	-1.5108733356e-14	1	1.7e-17	2.52485e-18
59652.061678	-1.0618930187e-14	1	1.7e-17	2.52485e-18
59652.061690	-1.3029505487e-14	1	1.7e-17	2.52485e-18
59652.061701	-1.0436411528e-14	1	1.7e-17	2.52485e-18
59652.061713	-1.2268246484e-14	1	1.7e-17	2.52485e-18
59652.061725	-1.2483467392e-14	1	1.7e-17	2.52485e-18
59652.061736	-1.4824486887e-14	1	1.7e-17	2.52485e-18
59652.061748	-1.4858524906e-14	1	1.7e-17	2.52485e-18
59652.061759	-1.6161861278e-14	1	1.7e-17	2.52485e-18
59652.061771	-1.5518542296e-14	1	1.7e-17	2.52485e-18
59652.061782	-1.3658392722e-14	1	1.7e-17	2.52485e-18
59652.061794	-1.4591180979e-14	1	1.7e-17	2.52485e-18
59652.061806	-1.5715851844e-14	1	1.7e-17	2.52485e-18
59652.061817	-1.5379686491e-14	1	1.7e-17	2.52485e-18
59652.061829	-1.2100789764e-14	1	1.7e-17	2.52485e-18
59652.061840	-1.5365591862e-14	1	1.7e-17	2.52485e-18
59652.061852	-1.5922477062e-14	1	1.7e-17	2.52485e-18
59652.061863	-1.3228414234e-14	1	1.7e-17	2.52485e-18
59652.061875	-1.4670407359e-14	1	1.7e-17	2.52485e-18
59652.061887	-1.3987399800e-14	1	1.7e-17	2.52485e-18
59652.061898	-1.6536264240e-14	1	1.7e-17	2.52485e-18
59652.061910	-1.5175697240e-14	1	1.7e-17	2.52485e-18
59652.061921	-1.7059937278e-14	1	1.7e-17	2.52485e-18
59652.061933	-1.5991203621e-14	1	1.7e-17	2.52485e-18
59652.061944	-1.5707628002e-14	1	1.7e-17	2.52485e-18
59652.061956	-1.2148086390e-14	1	1.7e-17	2.52485e-18
59652.061968	-1.3000703826e-14	1	1.7e-17	2.52485e-18
59652.061979	-1.3719192747e-14	1	1.7e-17	2.52485e-18
59652.061991	-1.4094009061e-14	1	1.7e-17	2.52485e-18
59652.062002	-1.5092267883e-14	1	1.7e-17	2.52485e-18
59652.062014	-1.3849035274e-14	1	1.7e-17	2.52485e-18
59652.062025	-1.3277005126e-14	1	1.7e-17	2.52485e-18
59652.062037	-1.2441001395e-14	1	1.7e-17	2.52485e-18
59652.062049	-1.2809973182e-14	1	1.7e-17	2.52485e-18
59652.062060	-1.3485739455e-14	1	1.7e-17	2.52485e-18
59652.062072	-1.5336752932e-14	1	1.7e-17	2.52485e-18
59652.062083	-1.5754740821e-14	1	1.7e-17	2.52485e-18
59652.062095	-1.6731292729e-14	1	1.7e-17	2.52485e-18
59652.062106	-1.6818984356e-14	1	1.7e-17	2.52485e-18
59652.062118	-1.5718316710e-14	1	1.7e-17	2.52485e-18
59652.062130	-1.3971101192e-14	1	1.7e-17	2.52485e-18
59652.062141	-1.6338144081e-14	1	1.7e-17	2.52485e-18
59652.062153	-1.5296634063e-14	1	1.7e-17	2.52485e-18
59652.062164	-1.4547456291e-14	1	1.7e-17	2.52485e-18
59652.062176	-1.3390587162e-14	1	1.7e-17	2.52485e-18
59652.062187	-1.4645911166e-14	1	1.7e-17	2.52485e-18
59652.062199	-1.5236785256e-14	1	1.7e-17	2.52485e-18
59652.062211	-1.4811587422e-14	1	1.7e-17	2.52485e-18
59652.062222	-1.3969164028e-14	1	1.7e-17	2.52485e-18
59652.062234	-1.4472657353e-14	1	1.7e-17	2.52485e-18
59652.062245	-1.3533585805e-14	1	1.7e-17	2.52485e-18
59652.062257	-1.3458951191e-14	1	1.7e-17	2.52485e-18
59652.062269	-1.4586480793e-14	1	1.7e-17	2.52485e-18
59652.062280	-1.2076772145e-14	1	1.7e-17	2.52485e-18
59652.062292	-1.1378161393e-14	1	1.7e-17	2.52485e-18
59652.062303	-1.5003060914e-14	1	1.7e-17	2.52485e-18
59652.062315	-1.8705119207e-14	1	1.7e-17	2.52485e-18
59652.062326	-1.8311669862e-14	1	1.7e-17	2.52485e-18
59652.062338	-1.5560746559e-14	1	1.7e-17	2.52485e-18
59652.062350	-1.2650869901e-14	1	1.7e-17	2.52485e-18
59652.062361	-1.1969135433e-14	1	1.7e-17	2.52485e-18
59652.062373	-1.4821659491e-14	1	1.7e-17	2.52485e-18
59652.062384	-1.4357609103e-14	1	1.7e-17	2.52485e-18
59652.062396	-1.1352633514e-14	1	1.7e-17	2.52485e-18
59652.062407	-1.0973420252e-14	1	1.7e-17	2.52485e-18
59652.062419	-1.5113016802e-14	1	1.7e-17	2.52485e-18
59652.062431	-1.7537315729e-14	1	1.7e-17	2.52485e-18
59652.062442	-1.4568025639e-14	1	1.7e-17	2.52485e-18
59652.062454	-1.3657438116e-14	1	1.7e-17	2.52485e-18
59652.062465	-1.4173919844e-14	1	1.7e-17	2.52485e-18
59652.062477	-1.5510201562e-14	1	1.7e-17	2.52485e-18
59652.062488	-1.4738826445e-14	1	1.7e-17	2.52485e-18
59652.062500	-1.3772201763e-14	1	1.7e-17	2.52485e-18
59652.062512	-1.5055044173e-14	1	1.7e-17	2.52485e-18
59652.062523	-1.5021592301e-14	1	1.7e-17	2.52485e-18
59652.062535	-1.5970441149e-14	1	1.7e-17	2.52485e-18
59652.062546	-1.1676422870e-14	1	1.7e-17	2.52485e-18
59652.062558	-1.4477904722e-14	1	1.7e-17	2.52485e-18
59652.062569	-1.7794441051e-14	1	1.7e-17	2.52485e-18
59652.062581	-1.6609566471e-14	1	1.7e-17	2.52485e-18
59652.062593	-1.4842083149e-14	1	1.7e-17	2.52485e-18
59652.062604	-1.3234203704e-14	1	1.7e-17	2.52485e-18
59652.062616	-1.3190158838e-14	1	1.7e-17	2.52485e-18
59652.062627	-1.2457447386e-14	1	1.7e-17	2.52485e-18
59652.062639	-1.2459051667e-14	1	1.7e-17	2.52485e-18
59652.062650	-1.4120414466e-14	1	1.7e-17	2.52485e-18
59652.062662	-1.3967523325e-14	1	1.7e-17	2.52485e-18
59652.062674	-1.5618363434e-14	1	1.7e-17	2.52485e-18
59652.062685	-1.4599377717e-14	1	1.7e-17	2.52485e-18
59652.062697	-1.4786831190e-14	1	1.7e-17	2.52485e-18
59652.062708	-1.6359126781e-14	1	1.7e-17	2.52485e-18
59652.062720	-1.3717852741e-14	1	1.7e-17	2.52485e-18
59652.062731	-1.4719887635e-14	1	1.7e-17	2.52485e-18
59652.062743	-1.5020214178e-14	1	1.7e-17	2.52485e-18
59652.062755	-1.6932844219e-14	1	1.7e-17	2.52485e-18
59652.062766	-1.5470103023e-14	1	1.7e-17	2.52485e-18
59652.062778	-1.4180518230e-14	1	1.7e-17	2.52485e-18
59652.062789	-1.4555064341e-14	1	1.7e-17	2.52485e-18
59652.062801	-1.7035570681e-14	1	1.7e-17	2.52485e-18
59652.062813	-1.6229474836e-14	1	1.7e-17	2.52485e-18
59652.062824	-1.6784272946e-14	1	1.7e-17	2.52485e-18
59652.062836	-1.4630844144e-14	1	1.7e-17	2.52485e-18
59652.062847	-1.4111578219e-14	1	1.7e-17	2.52485e-18
59652.062859	-1.4865037742e-14	1	1.7e-17	2.52485e-18
59652.062870	-1.4742591506e-14	1	1.7e-17	2.52485e-18
59652.062882	-1.3755525378e-14	1	1.7e-17	2.52485e-18
59652.062894	-1.3958592210e-14	1	1.7e-17	2.52485e-18
59652.062905	-1.5483226104e-14	1	1.7e-17	2.52485e-18
59652.062917	-1.5298347611e-14	1	1.7e-17	2.52485e-18
59652.062928	-1.5898083360e-14	1	1.7e-17	2.52485e-18
59652.062940	-1.5872605456e-14	1	1.7e-17	2.52485e-18
59652.062951	-1.5707768609e-14	1	1.7e-17	2.52485e-18
59652.062963	-1.5798742489e-14	1	1.7e-17	2.52485e-18
59652.062975	-1.4210997017e-14	1	1.7e-17	2.52485e-18
59652.062986	-1.6386131038e-14	1	1.7e-17	2.52485e-18
59652.062998	-1.2671675571e-14	1	1.7e-17	2.52485e-18
59652.063009	-1.1887434871e-14	1	1.7e-17	2.52485e-18
59652.063021	-1.5375449632e-14	1	1.7e-17	2.52485e-18
59652.063032	-1.5794996062e-14	1	1.7e-17	2.52485e-18
59652.063044	-1.3841568679e-14	1	1.7e-17	2.52485e-18
59652.063056	-1.4776477059e-14	1	1.7e-17	2.52485e-18
59652.063067	-1.7046389833e-14	1	1.7e-17	2.52485e-18
59652.063079	-1.6495770983e-14	1	1.7e-17	2.52485e-18
59652.063090	-1.4491698653e-14	1	1.7e-17	2.52485e-18
59652.063102	-1.5215549293e-14	1	1.7e-17	2.52485e-18
59652.063113	-1.6463539685e-14	1	1.7e-17	2.52485e-18
59652.063125	-1.4482250848e-14	1	1.7e-17	2.52485e-18
59652.063137	-1.5095761047e-14	1	1.7e-17	2.52485e-18
59652.063148	-1.5760528597e-14	1	1.7e-17	2.52485e-18
59652.063160	-1.5469233120e-14	1	1.7e-17	2.52485e-18
59652.063171	-1.7196830507e-14	1	1.7e-17	2.52485e-18
59652.063183	-1.3987419282e-14	1	1.7e-17	2.52485e-18
59652.063194	-1.5360049726e-14	1	1.7e-17	2.52485e-18
59652.063206	-1.4705296646e-14	1	1.7e-17	2.52485e-18
59652.063472	-1.4521227916e-14	1	1.7e-17	2.52485e-18
59652.063484	-1.3214060414e-14	1	1.7e-17	2.52485e-18
59652.063495	-8.1637755434e-15	1	1.7e-17	2.52485e-18
59652.063507	-1.4498859470e-14	1	1.7e-17	2.52485e-18
59652.063519	-1.3469667005e-14	1	1.7e-17	2.52485e-18
59652.063530	-1.3698917319e-14	1	1.7e-17	2.52485e-18
59652.063542	-1.0557981931e-14	1	1.7e-17	2.52485e-18
59652.063553	-1.4013966989e-14	1	1.7e-17	2.52485e-18
59652.063565	-9.9313791444e-15	1	1.7e-17	2.52485e-18
59652.063576	-1.4112558236e-14	1	1.7e-17	2.52485e-18
59652.063588	-1.6814907587e-14	1	1.7e-17	2.52485e-18
59652.063600	-1.8198086979e-14	1	1.7e-17	2.52485e-18
59652.063611	-1.3278805071e-14	1	1.7e-17	2.52485e-18
59652.063623	-1.6256245312e-14	1	1.7e-17	2.52485e-18
59652.063634	-1.5849277321e-14	1	1.7e-17	2.52485e-18
59652.063646	-1.8573004937e-14	1	1.7e-17	2.52485e-18
59652.063657	-1.4879721905e-14	1	1.7e-17	2.52485e-18
59652.063669	-1.6336073085e-14	1	1.7e-17	2.52485e-18
59652.063681	-1.4083571921e-14	1	1.7e-17	2.52485e-18
59652.063692	-1.4478608606e-14	1	1.7e-17	2.52485e-18
59652.063704	-1.4724751298e-14	1	1.7e-17	2.52485e-18
59652.063715	-1.3300744918e-14	1	1.7e-17	2.52485e-18
59652.063727	-1.3930463093e-14	1	1.7e-17	2.52485e-18
59652.063738	-1.5730243781e-14	1	1.7e-17	2.52485e-18
59652.063750	-1.5420604111e-14	1	1.7e-17	2.52485e-18
59652.063762	-1.6489771449e-14	1	1.7e-17	2.52485e-18
59652.063773	-1.4227919041e-14	1	1.7e-17	2.52485e-18
59652.063785	-1.4117598082e-14	1	1.7e-17	2.52485e-18
59652.063796	-1.5253184661e-14	1	1.7e-17	2.52485e-18
59652.063808	-1.4468667827e-14	1	1.7e-17	2.52485e-18
59652.063819	-1.2196062336e-14	1	1.7e-17	2.52485e-18
59652.063831	-1.3173119076e-14	1	1.7e-17	2.52485e-18
59652.063843	-1.8089737912e-14	1	1.7e-17	2.52485e-18
59652.063854	-1.4173357414e-14	1	1.7e-17	2.52485e-18
59652.063866	-1.1023342680e-14	1	1.7e-17	2.52485e-18
59652.063877	-1.5174170887e-14	1	1.7e-17	2.52485e-18
59652.063889	-1.3712853552e-14	1	1.7e-17	2.52485e-18
59652.063900	-1.4928036665e-14	1	1.7e-17	2.52485e-18
59652.063912	-1.2168537154e-14	1	1.7e-17	2.52485e-18
59652.063924	-1.7261064404e-14	1	1.7e-17	2.52485e-18
59652.063935	-1.5403335650e-14	1	1.7e-17	2.52485e-18
59652.063947	-1.5559659816e-14	1	1.7e-17	2.52485e-18
59652.063958	-1.4754123860e-14	1	1.7e-17	2.52485e-18
59652.063970	-1.7008827310e-14	1	1.7e-17	2.52485e-18
59652.063981	-1.5996521294e-14	1	1.7e-17	2.52485e-18
59652.063993	-1.6156588498e-14	1	1.7e-17	2.52485e-18
59652.064005	-1.5289618089e-14	1	1.7e-17	2.52485e-18
59652.064016	-1.4495184194e-14	1	1.7e-17	2.52485e-18
59652.064028	-1.8872715687e-14	1	1.7e-17	2.52485e-18
59652.064039	-1.7092883471e-14	1	1.7e-17	2.52485e-18
59652.064051	-1.3523444280e-14	1	1.7e-17	2.52485e-18
59652.064063	-1.5427966522e-14	1	1.7e-17	2.52485e-18
59652.064074	-1.5415809058e-14	1	1.7e-17	2.52485e-18
59652.064086	-1.3402651452e-14	1	1.7e-17	2.52485e-18
59652.064097	-1.2409240200e-14	1	1.7e-17	2.52485e-18
59652.064109	-1.4558727759e-14	1	1.7e-17	2.52485e-18
59652.064120	-1.4695335538e-14	1	1.7e-17	2.52485e-18
59652.064132	-1.4479953694e-14	1	1.7e-17	2.52485e-18
59652.064144	-1.6382592135e-14	1	1.7e-17	2.52485e-18
59652.064155	-1.4196417886e-14	1	1.7e-17	2.52485e-18
59652.064167	-1.6890920323e-14	1	1.7e-17	2.52485e-18
59652.064178	-1.5810864377e-14	1	1.7e-17	2.52485e-18
59652.064190	-1.7326594261e-14	1	1.7e-17	2.52485e-18
59652.064201	-1.4463003718e-14	1	1.7e-17	2.52485e-18
59652.064213	-1.5552609961e-14	1	1.7e-17	2.52485e-18
59652.064225	-1.6223413468e-14	1	1.7e-17	2.52485e-18
59652.064236	-1.7839648046e-14	1	1.7e-17	2.52485e-18
59652.064248	-1.4573330607e-14	1	1.7e-17	2.52485e-18
59652.064259	-1.6554084966e-14	1	1.7e-17	2.52485e-18
59652.064271	-1.3098584412e-14	1	1.7e-17	2.52485e-18
59652.064282	-1.3628477212e-14	1	1.7e-17	2.52485e-18
59652.064294	-1.4349657157e-14	1	1.7e-17	2.52485e-18
59652.064306	-1.3923628384e-14	1	1.7e-17	2.52485e-18
59652.064317	-1.3282470183e-14	1	1.7e-17	2.52485e-18
59652.064329	-1.4992195175e-14	1	1.7e-17	2.52485e-18
59652.064340	-1.5544246357e-14	1	1.7e-17	2.52485e-18
59652.064352	-1.3129826375e-14	1	1.7e-17	2.52485e-18
59652.064363	-1.4000771063e-14	1	1.7e-17	2.52485e-18
59652.064375	-1.6417134138e-14	1	1.7e-17	2.52485e-18
59652.064387	-1.5046115599e-14	1	1.7e-17	2.52485e-18
59652.064398	-1.2350961792e-14	1	1.7e-17	2.52485e-18
59652.064410	-1.4477504075e-14	1	1.7e-17	2.52485e-18
59652.064421	-1.3988701690e-14	1	1.7e-17	2.52485e-18
59652.064433	-1.7170721564e-14	1	1.7e-17	2.52485e-18
59652.064444	-1.5150608124e-14	1	1.7e-17	2.52485e-18
59652.064456	-1.2719267812e-14	1	1.7e-17	2.52485e-18
59652.064468	-1.2310460912e-14	1	1.7e-17	2.52485e-18
59652.064479	-1.7025137776e-14	1	1.7e-17	2.52485e-18
59652.064491	-1.5836218614e-14	1	1.7e-17	2.52485e-18
59652.064502	-1.4403529300e-14	1	1.7e-17	2.52485e-18
59652.064514	-1.1711559490e-14	1	1.7e-17	2.52485e-18
59652.064525	-1.5524110690e-14	1	1.7e-17	2.52485e-18
59652.064537	-1.2982324058e-14	1	1.7e-17	2.52485e-18
59652.064549	-1.5070904865e-14	1	1.7e-17	2.52485e-18
59652.064560	-1.5167589441e-14	1	1.7e-17	2.52485e-18
59652.064572	-1.1404819214e-14	1	1.7e-17	2.52485e-18
59652.064583	-1.4558288148e-14	1	1.7e-17	2.52485e-18
59652.064595	-1.4299796563e-14	1	1.7e-17	2.52485e-18
59652.064606	-1.3386547662e-14	1	1.7e-17	2.52485e-18
59652.064618	-1.5171067358e-14	1	1.7e-17	2.52485e-18
59652.064630	-1.6468895475e-14	1	1.7e-17	2.52485e-18
59652.064641	-1.5483783452e-14	1	1.7e-17	2.52485e-18
59652.064653	-1.3392841964e-14	1	1.7e-17	2.52485e-18
59652.064664	-1.5805805049e-14	1	1.7e-17	2.52485e-18
59652.064676	-1.6642879430e-14	1	1.7e-17	2.52485e-18
59652.064687	-1.2533820959e-14	1	1.7e-17	2.52485e-18
59652.064699	-1.2138832555e-14	1	1.7e-17	2.52485e-18
59652.064711	-1.0965282806e-14	1	1.7e-17	2.52485e-18
59652.064722	-1.5540589716e-14	1	1.7e-17	2.52485e-18
59652.064734	-1.4361746011e-14	1	1.7e-17	2.52485e-18
59652.064745	-1.5200461942e-14	1	1.7e-17	2.52485e-18
59652.064757	-1.2506790444e-14	1	1.7e-17	2.52485e-18
59652.064769	-1.5024063943e-14	1	1.7e-17	2.52485e-18
59652.064780	-1.4236075121e-14	1	1.7e-17	2.52485e-18
59652.064792	-1.4926818631e-14	1	1.7e-17	2.52485e-18
59652.064803	-1.4623775654e-14	1	1.7e-17	2.52485e-18
59652.064815	-1.5301544313e-14	1	1.7e-17	2.52485e-18
59652.064826	-1.1512747305e-14	1	1.7e-17	2.52485e-18
59652.064838	-1.3116051925e-14	1	1.7e-17	2.52485e-18
59652.064850	-1.6970453329e-14	1	1.7e-17	2.52485e-18
59652.064861	-1.0983903132e-14	1	1.7e-17	2.52485e-18
59652.064873	-1.1596439243e-14	1	1.7e-17	2.52485e-18
59652.064884	-1.3295032528e-14	1	1.7e-17	2.52485e-18
59652.064896	-1.7462190683e-14	1	1.7e-17	2.52485e-18
59652.064907	-1.3477895083e-14	1	1.7e-17	2.52485e-18
59652.064919	-1.3206016989e-14	1	1.7e-17	2.52485e-18
59652.064931	-1.2055394728e-14	1	1.7e-17	2.52485e-18
59652.064942	-1.2842698300e-14	1	1.7e-17	2.52485e-18
59652.064954	-1.4798035742e-14	1	1.7e-17	2.52485e-18
59652.064965	-1.4793511739e-14	1	1.7e-17	2.52485e-18
59652.064977	-1.2002655068e-14	1	1.7e-17	2.52485e-18
59652.064988	-1.5809020386e-14	1	1.7e-17	2.52485e-18
59652.065000	-1.6874328642e-14	1	1.7e-17	2.52485e-18
59652.065012	-1.5542291405e-14	1	1.7e-17	2.52485e-18
59652.065023	-1.3563078645e-14	1	1.7e-17	2.52485e-18
59652.065035	-1.5309702934e-14	1	1.7e-17	2.52485e-18
59652.065046	-1.4158033741e-14	1	1.7e-17	2.52485e-18
59652.065058	-1.3696583743e-14	1	1.7e-17	2.52485e-18
59652.065069	-1.4613688338e-14	1	1.7e-17	2.52485e-18
59652.065081	-1.6036106531e-14	1	1.7e-17	2.52485e-18
59652.065093	-1.7088970179e-14	1	1.7e-17	2.52485e-18
59652.065104	-1.5175121258e-14	1	1.7e-17	2.52485e-18
59652.065116	-1.3083203988e-14	1	1.7e-17	2.52485e-18
59652.065127	-1.2278547252e-14	1	1.7e-17	2.52485e-18
59652.065139	-1.4694629960e-14	1	1.7e-17	2.52485e-18
59652.065150	-1.5863255059e-14	1	1.7e-17	2.52485e-18
59652.065162	-1.8921478527e-14	1	1.7e-17	2.52485e-18
59652.065174	-1.5562520246e-14	1	1.7e-17	2.52485e-18
59652.065185	-1.6090522469e-14	1	1.7e-17	2.52485e-18
59652.065197	-1.2286580512e-14	1	1.7e-17	2.52485e-18
59652.065208	-1.2625022691e-14	1	1.7e-17	2.52485e-18
59652.065220	-1.5974464556e-14	1	1.7e-17	2.52485e-18
59652.065231	-9.8358389101e-15	1	1.7e-17	2.52485e-18
59652.065243	-1.5029252867e-14	1	1.7e-17	2.52485e-18
59652.065255	-1.6392200877e-14	1	1.7e-17	2.52485e-18
59652.065266	-1.0796802871e-14	1	1.7e-17	2.52485e-18
59652.065278	-1.2059163177e-14	1	1.7e-17	2.52485e-18
59652.065301	-1.6260123029e-14	1	1.7e-17	2.52485e-18
59652.065324	-1.4080923249e-14	1	1.7e-17	2.52485e-18
59652.065336	-1.4018175896e-14	1	1.7e-17	2.52485e-18
59652.065347	-1.5666626525e-14	1	1.7e-17	2.52485e-18
59652.065359	-1.4006348774e-14	1	1.7e-17	2.52485e-18
59652.065370	-1.6797351982e-14	1	1.7e-17	2.52485e-18
59652.065382	-1.5072030572e-14	1	1.7e-17	2.52485e-18
59652.065394	-1.4734706477e-14	1	1.7e-17	2.52485e-18
59652.065405	-1.2028267651e-14	1	1.7e-17	2.52485e-18
59652.065417	-1.3120571693e-14	1	1.7e-17	2.52485e-18
59652.065428	-1.5208404570e-14	1	1.7e-17	2.52485e-18
59652.065440	-1.6426621754e-14	1	1.7e-17	2.52485e-18
59652.065451	-1.5447756599e-14	1	1.7e-17	2.52485e-18
59652.065463	-1.2262816156e-14	1	1.7e-17	2.52485e-18
59652.065475	-1.5194658919e-14	1	1.7e-17	2.52485e-18
59652.065486	-1.3361988789e-14	1	1.7e-17	2.52485e-18
59652.065498	-1.6855316140e-14	1	1.7e-17	2.52485e-18
59652.065509	-1.5184003245e-14	1	1.7e-17	2.52485e-18
59652.065521	-1.6091466064e-14	1	1.7e-17	2.52485e-18
59652.065532	-1.1523913741e-14	1	1.7e-17	2.52485e-18
59652.065544	-1.5912272009e-14	1	1.7e-17	2.52485e-18
59652.065556	-1.9176700565e-14	1	1.7e-17	2.52485e-18
59652.065567	-1.2078833823e-14	1	1.7e-17	2.52485e-18
59652.065579	-1.4328451687e-14	1	1.7e-17	2.52485e-18
59652.065590	-1.0016895591e-14	1	1.7e-17	2.52485e-18
59652.065602	-1.4855577231e-14	1	1.7e-17	2.52485e-18
59652.065613	-1.3997232159e-14	1	1.7e-17	2.52485e-18
59652.065625	-1.4864455830e-14	1	1.7e-17	2.52485e-18
59652.065637	-1.4651709106e-14	1	1.7e-17	2.52485e-18
59652.065648	-1.4522769516e-14	1	1.7e-17	2.52485e-18
59652.065660	-1.3001892213e-14	1	1.7e-17	2.52485e-18
59652.065671	-1.3262686881e-14	1	1.7e-17	2.52485e-18
59652.065683	-1.3875368682e-14	1	1.7e-17	2.52485e-18
59652.065694	-1.4952725134e-14	1	1.7e-17	2.52485e-18
59652.065706	-1.4287536608e-14	1	1.7e-17	2.52485e-18
59652.065718	-1.7496149928e-14	1	1.7e-17	2.52485e-18
59652.065729	-1.2233175085e-14	1	1.7e-17	2.52485e-18
59652.065741	-1.6092287686e-14	1	1.7e-17	2.52485e-18
59652.065752	-1.5950743398e-14	1	1.7e-17	2.52485e-18
59652.065764	-1.5616153525e-14	1	1.7e-17	2.52485e-18
59652.065775	-1.2949341442e-14	1	1.7e-17	2.52485e-18
59652.065787	-1.4221996587e-14	1	1.7e-17	2.52485e-18
59652.065799	-1.6447171621e-14	1	1.7e-17	2.52485e-18
59652.065810	-1.4072448685e-14	1	1.7e-17	2.52485e-18
59652.065822	-1.4968047113e-14	1	1.7e-17	2.52485e-18
59652.065833	-1.6096007007e-14	1	1.7e-17	2.52485e-18
59652.065845	-1.8471506673e-14	1	1.7e-17	2.52485e-18
59652.065856	-2.0871923506e-14	1	1.7e-17	2.52485e-18
59652.065868	-1.7384616018e-14	1	1.7e-17	2.52485e-18
59652.065880	-1.5420704908e-14	1	1.7e-17	2.52485e-18
59652.065891	-1.9386453028e-14	1	1.7e-17	2.52485e-18
59652.065903	-1.8998322203e-14	1	1.7e-17	2.52485e-18
59652.065914	-1.6194495763e-14	1	1.7e-17	2.52485e-18
59652.066088	-1.5713518269e-14	1	1.7e-17	2.52485e-18
59652.066100	-1.0160525274e-14	1	1.7e-17	2.52485e-18
59652.066111	-1.6514249007e-14	1	1.7e-17	2.52485e-18
59652.066123	-1.5371366086e-14	1	1.7e-17	2.52485e-18
59652.066134	-1.2346818954e-14	1	1.7e-17	2.52485e-18
59652.066146	-1.4539338327e-14	1	1.7e-17	2.52485e-18
59652.066169	-1.7802233754e-14	1	1.7e-17	2.52485e-18
59652.066181	-1.4530663016e-14	1	1.7e-17	2.52485e-18
59652.066192	-1.0472604399e-14	1	1.7e-17	2.52485e-18
59652.066204	-1.9480827745e-14	1	1.7e-17	2.52485e-18
59652.066215	-1.3048936423e-14	1	1.7e-17	2.52485e-18
59652.066227	-1.4339424152e-14	1	1.7e-17	2.52485e-18
59652.066250	-1.8758520399e-14	1	1.7e-17	2.52485e-18
59652.066262	-1.3496745801e-14	1	1.7e-17	2.52485e-18
59652.066273	-1.6371802629e-14	1	1.7e-17	2.52485e-18
59652.066285	-1.0354393327e-14	1	1.7e-17	2.52485e-18
59652.066296	-1.8047464192e-14	1	1.7e-17	2.52485e-18
59652.066308	-1.2978514951e-14	1	1.7e-17	2.52485e-18
59652.066319	-1.6907265518e-14	1	1.7e-17	2.52485e-18
59652.066412	-1.3002826490e-14	1	1.7e-17	2.52485e-18
59652.066609	-1.5043016305e-14	1	1.7e-17	2.52485e-18
59652.066620	-1.4428281296e-14	1	1.7e-17	2.52485e-18
59652.066632	-1.1476745864e-14	1	1.7e-17	2.52485e-18
59652.066644	-1.3755465239e-14	1	1.7e-17	2.52485e-18
59652.066655	-1.4985341832e-14	1	1.7e-17	2.52485e-18
59652.066667	-1.4677103154e-14	1	1.7e-17	2.52485e-18
59652.066678	-1.3134859445e-14	1	1.7e-17	2.52485e-18
59652.066690	-1.6596991420e-14	1	1.7e-17	2.52485e-18
59652.066701	-1.6578997899e-14	1	1.7e-17	2.52485e-18
59652.066713	-1.4923914155e-14	1	1.7e-17	2.52485e-18
59652.066725	-1.6628367215e-14	1	1.7e-17	2.52485e-18
59652.066736	-1.7109411625e-14	1	1.7e-17	2.52485e-18
59652.066748	-1.5131176341e-14	1	1.7e-17	2.52485e-18
59652.066759	-1.3105956140e-14	1	1.7e-17	2.52485e-18
59652.066771	-1.6132675911e-14	1	1.7e-17	2.52485e-18
59652.066782	-1.5409511368e-14	1	1.7e-17	2.52485e-18
59652.066794	-1.4505958453e-14	1	1.7e-17	2.52485e-18
59652.066806	-8.8002030657e-15	1	1.7e-17	2.52485e-18
59652.066817	-1.5671855259e-14	1	1.7e-17	2.52485e-18
59652.066829	-1.3579112132e-14	1	1.7e-17	2.52485e-18
59652.066840	-1.2894656995e-14	1	1.7e-17	2.52485e-18
59652.066852	-1.6164505715e-14	1	1.7e-17	2.52485e-18
59652.066863	-1.6460547118e-14	1	1.7e-17	2.52485e-18
59652.066875	-1.5333364800e-14	1	1.7e-17	2.52485e-18
59652.066887	-1.5768135800e-14	1	1.7e-17	2.52485e-18
59652.066898	-1.5924801320e-14	1	1.7e-17	2.52485e-18
59652.066910	-1.5263133910e-14	1	1.7e-17	2.52485e-18
59652.066921	-1.7270214054e-14	1	1.7e-17	2.52485e-18
59652.066933	-1.7605796649e-14	1	1.7e-17	2.52485e-18
59652.066944	-1.3490139791e-14	1	1.7e-17	2.52485e-18
59652.066956	-1.3950702098e-14	1	1.7e-17	2.52485e-18
59652.066968	-1.3358288949e-14	1	1.7e-17	2.52485e-18
59652.066979	-1.2847243478e-14	1	1.7e-17	2.52485e-18
59652.066991	-1.4142932837e-14	1	1.7e-17	2.52485e-18
59652.067002	-1.3096449889e-14	1	1.7e-17	2.52485e-18
59652.067014	-1.4836267421e-14	1	1.7e-17	2.52485e-18
59652.067025	-1.2664082768e-14	1	1.7e-17	2.52485e-18
59652.067037	-1.5746692314e-14	1	1.7e-17	2.52485e-18
59652.067049	-1.4582786882e-14	1	1.7e-17	2.52485e-18
59652.067060	-1.3927853384e-14	1	1.7e-17	2.52485e-18
59652.067072	-1.2790783650e-14	1	1.7e-17	2.52485e-18
59652.067083	-1.5778827897e-14	1	1.7e-17	2.52485e-18
59652.067095	-1.4715740562e-14	1	1.7e-17	2.52485e-18
59652.067106	-1.5584615101e-14	1	1.7e-17	2.52485e-18
59652.067118	-1.6593320380e-14	1	1.7e-17	2.52485e-18
59652.067130	-1.5479251825e-14	1	1.7e-17	2.52485e-18
59652.067141	-1.7582095820e-14	1	1.7e-17	2.52485e-18
59652.067153	-1.7477569413e-14	1	1.7e-17	2.52485e-18
59652.067164	-1.3955989278e-14	1	1.7e-17	2.52485e-18
59652.067176	-1.5214631956e-14	1	1.7e-17	2.52485e-18
59652.067187	-1.4663637871e-14	1	1.7e-17	2.52485e-18
59652.067199	-1.8803594410e-14	1	1.7e-17	2.52485e-18
59652.067211	-1.6998674773e-14	1	1.7e-17	2.52485e-18
59652.067222	-1.6538890042e-14	1	1.7e-17	2.52485e-18
59652.067234	-1.5796061629e-14	1	1.7e-17	2.52485e-18
59652.067245	-1.5524412234e-14	1	1.7e-17	2.52485e-18
59652.067257	-1.3293639159e-14	1	1.7e-17	2.52485e-18
59652.067269	-1.1774241623e-14	1	1.7e-17	2.52485e-18
59652.067280	-1.4317478376e-14	1	1.7e-17	2.52485e-18
59652.067292	-1.3574799040e-14	1	1.7e-17	2.52485e-18
59652.067303	-1.5987264071e-14	1	1.7e-17	2.52485e-18
59652.067315	-1.4832384622e-14	1	1.7e-17	2.52485e-18
59652.067326	-1.1975498345e-14	1	1.7e-17	2.52485e-18
59652.067338	-9.7618158538e-15	1	1.7e-17	2.52485e-18
59652.067350	-1.6172306041e-14	1	1.7e-17	2.52485e-18
59652.067361	-1.8363897066e-14	1	1.7e-17	2.52485e-18
59652.067373	-1.4802050678e-14	1	1.7e-17	2.52485e-18
59652.067384	-1.5493204999e-14	1	1.7e-17	2.52485e-18
59652.067396	-1.8841104417e-14	1	1.7e-17	2.52485e-18
59652.067407	-1.6331969211e-14	1	1.7e-17	2.52485e-18
59652.067419	-1.0732546952e-14	1	1.7e-17	2.52485e-18
59652.067431	-1.3109663603e-14	1	1.7e-17	2.52485e-18
59652.067442	-1.5559689462e-14	1	1.7e-17	2.52485e-18
59652.067454	-1.7131677580e-14	1	1.7e-17	2.52485e-18
59652.067465	-1.4598451910e-14	1	1.7e-17	2.52485e-18
59652.067477	-1.0781598630e-14	1	1.7e-17	2.52485e-18
59652.067488	-1.1982740477e-14	1	1.7e-17	2.52485e-18
59652.067500	-1.4139233844e-14	1	1.7e-17	2.52485e-18
59652.067512	-1.3415279867e-14	1	1.7e-17	2.52485e-18
59652.067523	-1.2269716933e-14	1	1.7e-17	2.52485e-18
59652.067535	-1.1665128532e-14	1	1.7e-17	2.52485e-18
59652.067546	-1.6782368816e-14	1	1.7e-17	2.52485e-18
59652.067558	-1.5259863516e-14	1	1.7e-17	2.52485e-18
59652.067569	-1.5844482268e-14	1	1.7e-17	2.52485e-18
59652.067581	-1.3644179509e-14	1	1.7e-17	2.52485e-18
59652.067593	-1.9158400418e-14	1	1.7e-17	2.52485e-18
59652.067604	-1.6052401751e-14	1	1.7e-17	2.52485e-18
59652.067616	-1.4518617360e-14	1	1.7e-17	2.52485e-18
59652.067627	-1.3525655036e-14	1	1.7e-17	2.52485e-18
59652.067639	-1.5644900130e-14	1	1.7e-17	2.52485e-18
59652.067650	-1.5197869174e-14	1	1.7e-17	2.52485e-18
59652.067662	-1.3924641435e-14	1	1.7e-17	2.52485e-18
59652.067674	-1.4601978108e-14	1	1.7e-17	2.52485e-18
59652.067685	-1.2903722788e-14	1	1.7e-17	2.52485e-18
59652.067697	-1.5801696940e-14	1	1.7e-17	2.52485e-18
59652.067708	-1.4583613586e-14	1	1.7e-17	2.52485e-18
59652.067720	-1.3105602927e-14	1	1.7e-17	2.52485e-18
59652.067731	-1.1764715890e-14	1	1.7e-17	2.52485e-18
59652.067743	-1.4193925915e-14	1	1.7e-17	2.52485e-18
59652.068160	-1.3611458626e-14	1	1.7e-17	2.52485e-18
59652.068171	-1.2609392392e-14	1	1.7e-17	2.52485e-18
59652.068183	-1.2488083721e-14	1	1.7e-17	2.52485e-18
59652.068194	-1.5454361762e-14	1	1.7e-17	2.52485e-18
59652.068206	-1.3771269180e-14	1	1.7e-17	2.52485e-18
59652.068218	-1.4757850805e-14	1	1.7e-17	2.52485e-18
59652.068229	-1.2357225601e-14	1	1.7e-17	2.52485e-18
59652.068241	-1.6994446384e-14	1	1.7e-17	2.52485e-18
59652.068252	-1.4281021230e-14	1	1.7e-17	2.52485e-18
59652.068264	-1.5088364755e-14	1	1.7e-17	2.52485e-18
59652.068275	-1.2309654537e-14	1	1.7e-17	2.52485e-18
59652.068287	-1.5872070131e-14	1	1.7e-17	2.52485e-18
59652.068299	-1.4454740912e-14	1	1.7e-17	2.52485e-18
59652.068310	-1.4137486415e-14	1	1.7e-17	2.52485e-18
59652.068322	-1.0936201624e-14	1	1.7e-17	2.52485e-18
59652.068333	-1.4593483214e-14	1	1.7e-17	2.52485e-18
59652.068345	-1.5591238898e-14	1	1.7e-17	2.52485e-18
59652.068356	-1.4696940666e-14	1	1.7e-17	2.52485e-18
59652.068368	-1.3008428766e-14	1	1.7e-17	2.52485e-18
59652.068380	-1.4836694326e-14	1	1.7e-17	2.52485e-18
59652.068391	-1.3849044592e-14	1	1.7e-17	2.52485e-18
59652.068403	-1.4295858707e-14	1	1.7e-17	2.52485e-18
59652.068414	-1.4140423079e-14	1	1.7e-17	2.52485e-18
59652.068426	-1.2609977691e-14	1	1.7e-17	2.52485e-18
59652.068437	-1.3961450099e-14	1	1.7e-17	2.52485e-18
59652.068449	-1.5249954924e-14	1	1.7e-17	2.52485e-18
59652.068461	-1.5294479211e-14	1	1.7e-17	2.52485e-18
59652.068472	-1.3262968943e-14	1	1.7e-17	2.52485e-18
59652.068484	-1.2622754336e-14	1	1.7e-17	2.52485e-18
59652.068495	-1.6392299979e-14	1	1.7e-17	2.52485e-18
59652.068507	-1.6346267127e-14	1	1.7e-17	2.52485e-18
59652.068519	-1.5018344776e-14	1	1.7e-17	2.52485e-18
59652.068530	-1.4626941863e-14	1	1.7e-17	2.52485e-18
59652.068542	-1.6776433656e-14	1	1.7e-17	2.52485e-18
59652.068553	-1.4971672414e-14	1	1.7e-17	2.52485e-18
59652.068565	-1.5144628918e-14	1	1.7e-17	2.52485e-18
59652.068576	-1.5042369172e-14	1	1.7e-17	2.52485e-18
59652.068588	-1.7593463849e-14	1	1.7e-17	2.52485e-18
59652.068600	-1.5970464019e-14	1	1.7e-17	2.52485e-18
59652.068611	-1.4490423869e-14	1	1.7e-17	2.52485e-18
59652.068623	-1.2697058608e-14	1	1.7e-17	2.52485e-18
59652.068634	-1.4217881701e-14	1	1.7e-17	2.52485e-18
59652.068646	-1.4123512066e-14	1	1.7e-17	2.52485e-18
59652.068657	-1.5223668951e-14	1	1.7e-17	2.52485e-18
59652.068669	-1.4540524173e-14	1	1.7e-17	2.52485e-18
59652.068681	-1.4713764434e-14	1	1.7e-17	2.52485e-18
59652.068692	-1.6926687984e-14	1	1.7e-17	2.52485e-18
59652.068704	-1.2442901290e-14	1	1.7e-17	2.52485e-18
59652.068715	-1.2824930937e-14	1	1.7e-17	2.52485e-18
59652.068727	-1.3711055301e-14	1	1.7e-17	2.52485e-18
59652.068738	-1.5882669054e-14	1	1.7e-17	2.52485e-18
59652.068750	-1.5871643226e-14	1	1.7e-17	2.52485e-18
59652.068762	-1.5464510064e-14	1	1.7e-17	2.52485e-18
59652.068773	-1.3746020821e-14	1	1.7e-17	2.52485e-18
59652.068785	-1.3603436377e-14	1	1.7e-17	2.52485e-18
59652.068796	-1.4504951331e-14	1	1.7e-17	2.52485e-18
59652.068808	-1.4318076381e-14	1	1.7e-17	2.52485e-18
59652.068819	-1.5393266123e-14	1	1.7e-17	2.52485e-18
59652.068831	-1.4766442260e-14	1	1.7e-17	2.52485e-18
59652.068843	-1.2111756300e-14	1	1.7e-17	2.52485e-18
59652.068854	-1.6239819649e-14	1	1.7e-17	2.52485e-18
59652.068866	-1.2945023268e-14	1	1.7e-17	2.52485e-18
59652.068877	-1.4422356301e-14	1	1.7e-17	2.52485e-18
59652.068889	-1.1733613687e-14	1	1.7e-17	2.52485e-18
59652.068900	-1.3784471882e-14	1	1.7e-17	2.52485e-18
59652.068912	-1.2218072487e-14	1	1.7e-17	2.52485e-18
59652.068924	-1.4900132858e-14	1	1.7e-17	2.52485e-18
59652.068935	-1.3338853778e-14	1	1.7e-17	2.52485e-18
59652.068947	-1.5030905428e-14	1	1.7e-17	2.52485e-18
59652.068958	-1.5185235678e-14	1	1.7e-17	2.52485e-18
59652.068970	-1.6252892756e-14	1	1.7e-17	2.52485e-18
59652.068981	-1.4952479494e-14	1	1.7e-17	2.52485e-18
59652.068993	-1.5090941429e-14	1	1.7e-17	2.52485e-18
59652.069005	-1.2332917450e-14	1	1.7e-17	2.52485e-18
59652.069016	-1.4906662635e-14	1	1.7e-17	2.52485e-18
59652.069028	-1.2957582225e-14	1	1.7e-17	2.52485e-18
59652.069039	-1.5180070471e-14	1	1.7e-17	2.52485e-18
59652.069051	-1.0072732003e-14	1	1.7e-17	2.52485e-18
59652.069062	-1.3766653697e-14	1	1.7e-17	2.52485e-18
59652.069074	-1.2322826746e-14	1	1.7e-17	2.52485e-18
59652.069086	-1.6809084235e-14	1	1.7e-17	2.52485e-18
59652.069097	-1.5831327846e-14	1	1.7e-17	2.52485e-18
59652.069109	-1.4423079667e-14	1	1.7e-17	2.52485e-18
59652.069120	-1.4148336060e-14	1	1.7e-17	2.52485e-18
59652.069132	-1.7867077514e-14	1	1.7e-17	2.52485e-18
59652.069144	-1.6693982622e-14	1	1.7e-17	2.52485e-18
59652.069155	-1.7271982659e-14	1	1.7e-17	2.52485e-18
59652.069167	-1.5232589902e-14	1	1.7e-17	2.52485e-18
59652.069178	-1.1873686679e-14	1	1.7e-17	2.52485e-18
59652.069190	-1.5077139027e-14	1	1.7e-17	2.52485e-18
59652.069201	-1.8025716621e-14	1	1.7e-17	2.52485e-18
59652.069213	-1.7648897074e-14	1	1.7e-17	2.52485e-18
59652.069225	-1.6161372540e-14	1	1.7e-17	2.52485e-18
59652.069236	-1.6190417300e-14	1	1.7e-17	2.52485e-18
59652.069248	-1.4300550422e-14	1	1.7e-17	2.52485e-18
59652.069259	-1.3038920258e-14	1	1.7e-17	2.52485e-18
59652.069271	-1.2953543572e-14	1	1.7e-17	2.52485e-18
59652.069282	-1.3125339642e-14	1	1.7e-17	2.52485e-18
59652.069294	-1.2935620355e-14	1	1.7e-17	2.52485e-18
59652.069306	-1.3930726520e-14	1	1.7e-17	2.52485e-18
59652.069317	-1.3597116664e-14	1	1.7e-17	2.52485e-18
59652.069329	-1.4625960999e-14	1	1.7e-17	2.52485e-18
59652.069340	-1.1212154794e-14	1	1.7e-17	2.52485e-18
59652.069352	-1.4980685692e-14	1	1.7e-17	2.52485e-18
59652.069363	-1.5866234074e-14	1	1.7e-17	2.52485e-18
59652.069375	-1.7100998894e-14	1	1.7e-17	2.52485e-18
59652.069387	-1.4505447692e-14	1	1.7e-17	2.52485e-18
59652.069398	-1.3497041416e-14	1	1.7e-17	2.52485e-18
59652.069410	-1.4876784395e-14	1	1.7e-17	2.52485e-18
59652.069421	-1.3467836567e-14	1	1.7e-17	2.52485e-18
59652.069433	-1.3812101250e-14	1	1.7e-17	2.52485e-18
59652.069444	-1.5513542260e-14	1	1.7e-17	2.52485e-18
59652.069456	-1.3271453672e-14	1	1.7e-17	2.52485e-18
59652.069468	-1.1804454441e-14	1	1.7e-17	2.52485e-18
59652.069653	-1.4993093877e-14	1	1.7e-17	2.52485e-18
59652.069664	-1.5080194275e-14	1	1.7e-17	2.52485e-18
59652.069676	-1.4345071321e-14	1	1.7e-17	2.52485e-18
59652.069687	-1.2486437089e-14	1	1.7e-17	2.52485e-18
59652.069699	-1.6356854192e-14	1	1.7e-17	2.52485e-18
59652.069711	-1.6311778486e-14	1	1.7e-17	2.52485e-18
59652.069722	-1.3941178907e-14	1	1.7e-17	2.52485e-18
59652.069734	-1.2576220887e-14	1	1.7e-17	2.52485e-18
59652.069745	-1.5090331565e-14	1	1.7e-17	2.52485e-18
59652.069757	-1.6250914087e-14	1	1.7e-17	2.52485e-18
59652.069769	-1.4588917707e-14	1	1.7e-17	2.52485e-18
59652.069780	-1.1091572878e-14	1	1.7e-17	2.52485e-18
59652.069792	-1.3565524877e-14	1	1.7e-17	2.52485e-18
59652.069803	-1.4245254417e-14	1	1.7e-17	2.52485e-18
59652.069815	-1.5456079545e-14	1	1.7e-17	2.52485e-18
59652.069826	-1.4269859030e-14	1	1.7e-17	2.52485e-18
59652.069838	-1.4228633937e-14	1	1.7e-17	2.52485e-18
59652.069850	-1.2373918926e-14	1	1.7e-17	2.52485e-18
59652.069861	-1.5065690530e-14	1	1.7e-17	2.52485e-18
59652.069873	-1.3249922942e-14	1	1.7e-17	2.52485e-18
59652.069884	-1.4456134281e-14	1	1.7e-17	2.52485e-18
59652.069896	-1.3730973281e-14	1	1.7e-17	2.52485e-18
59652.069907	-1.5184726611e-14	1	1.7e-17	2.52485e-18
59652.069919	-1.3326178777e-14	1	1.7e-17	2.52485e-18
59652.069931	-1.3968768464e-14	1	1.7e-17	2.52485e-18
59652.069942	-1.2650648825e-14	1	1.7e-17	2.52485e-18
59652.069954	-1.4561241752e-14	1	1.7e-17	2.52485e-18
59652.069965	-1.4110842994e-14	1	1.7e-17	2.52485e-18
59652.069977	-1.4539269718e-14	1	1.7e-17	2.52485e-18
59652.069988	-1.4771194962e-14	1	1.7e-17	2.52485e-18
59652.070000	-1.5070264508e-14	1	1.7e-17	2.52485e-18
59652.070012	-1.5307077132e-14	1	1.7e-17	2.52485e-18
59652.070023	-1.4193783613e-14	1	1.7e-17	2.52485e-18
59652.070035	-1.3049318435e-14	1	1.7e-17	2.52485e-18
59652.070046	-1.2822570256e-14	1	1.7e-17	2.52485e-18
59652.070058	-1.4285614690e-14	1	1.7e-17	2.52485e-18
59652.070069	-1.5538406065e-14	1	1.7e-17	2.52485e-18
59652.070081	-1.4446581443e-14	1	1.7e-17	2.52485e-18
59652.070093	-1.3644380256e-14	1	1.7e-17	2.52485e-18
59652.070104	-1.4632770297e-14	1	1.7e-17	2.52485e-18
59652.070116	-1.5414768054e-14	1	1.7e-17	2.52485e-18
59652.070127	-1.6252992706e-14	1	1.7e-17	2.52485e-18
59652.070139	-1.3746328294e-14	1	1.7e-17	2.52485e-18
59652.070150	-1.4300746087e-14	1	1.7e-17	2.52485e-18
59652.070162	-1.3261402779e-14	1	1.7e-17	2.52485e-18
59652.070174	-1.5110820445e-14	1	1.7e-17	2.52485e-18
59652.070185	-1.1925829180e-14	1	1.7e-17	2.52485e-18
59652.070197	-1.5160581090e-14	1	1.7e-17	2.52485e-18
59652.070208	-1.3617624179e-14	1	1.7e-17	2.52485e-18
59652.070220	-1.4432081086e-14	1	1.7e-17	2.52485e-18
59652.070231	-1.3046502897e-14	1	1.7e-17	2.52485e-18
59652.070243	-1.4445841984e-14	1	1.7e-17	2.52485e-18
59652.070255	-1.2981828543e-14	1	1.7e-17	2.52485e-18
59652.070266	-1.4595530493e-14	1	1.7e-17	2.52485e-18
59652.070278	-1.4926384950e-14	1	1.7e-17	2.52485e-18
59652.070289	-1.5796911203e-14	1	1.7e-17	2.52485e-18
59652.070301	-1.6515293399e-14	1	1.7e-17	2.52485e-18
59652.070312	-1.6398011523e-14	1	1.7e-17	2.52485e-18
59652.070324	-1.3427975196e-14	1	1.7e-17	2.52485e-18
59652.070336	-1.2669773135e-14	1	1.7e-17	2.52485e-18
59652.070347	-1.3597554581e-14	1	1.7e-17	2.52485e-18
59652.070359	-1.2528162779e-14	1	1.7e-17	2.52485e-18
59652.070370	-1.0238720814e-14	1	1.7e-17	2.52485e-18
59652.070382	-1.3426714811e-14	1	1.7e-17	2.52485e-18
59652.070394	-1.3491404412e-14	1	1.7e-17	2.52485e-18
59652.070405	-1.3830390385e-14	1	1.7e-17	2.52485e-18
59652.070417	-1.7714330369e-14	1	1.7e-17	2.52485e-18
59652.070428	-1.4863292007e-14	1	1.7e-17	2.52485e-18
59652.070440	-1.6002964673e-14	1	1.7e-17	2.52485e-18
59652.070451	-1.3380699746e-14	1	1.7e-17	2.52485e-18
59652.070463	-1.3573741943e-14	1	1.7e-17	2.52485e-18
59652.070475	-1.1996563207e-14	1	1.7e-17	2.52485e-18
59652.070486	-1.4050562200e-14	1	1.7e-17	2.52485e-18
59652.070498	-1.3165750737e-14	1	1.7e-17	2.52485e-18
59652.070509	-1.4278668173e-14	1	1.7e-17	2.52485e-18
59652.070521	-1.3900079174e-14	1	1.7e-17	2.52485e-18
59652.070532	-1.6212713748e-14	1	1.7e-17	2.52485e-18
59652.070544	-1.4308271974e-14	1	1.7e-17	2.52485e-18
59652.070556	-1.4113174876e-14	1	1.7e-17	2.52485e-18
59652.070567	-1.6671776806e-14	1	1.7e-17	2.52485e-18
59652.070579	-1.7960374805e-14	1	1.7e-17	2.52485e-18
59652.070590	-1.7073352586e-14	1	1.7e-17	2.52485e-18
59652.070602	-1.8144390172e-14	1	1.7e-17	2.52485e-18
59652.071007	-1.4341555287e-14	1	1.7e-17	2.52485e-18
59652.071019	-1.2917221952e-14	1	1.7e-17	2.52485e-18
59652.071030	-1.3824242620e-14	1	1.7e-17	2.52485e-18
59652.071042	-1.8349239161e-14	1	1.7e-17	2.52485e-18
59652.071053	-1.4304517924e-14	1	1.7e-17	2.52485e-18
59652.071065	-1.3174574279e-14	1	1.7e-17	2.52485e-18
59652.071076	-1.3935547832e-14	1	1.7e-17	2.52485e-18
59652.071088	-1.8039735016e-14	1	1.7e-17	2.52485e-18
59652.071100	-1.4449813721e-14	1	1.7e-17	2.52485e-18
59652.071111	-1.3701045066e-14	1	1.7e-17	2.52485e-18
59652.071123	-1.3671075346e-14	1	1.7e-17	2.52485e-18
59652.071134	-1.3405177305e-14	1	1.7e-17	2.52485e-18
59652.071146	-1.2953535102e-14	1	1.7e-17	2.52485e-18
59652.071157	-1.7142018158e-14	1	1.7e-17	2.52485e-18
59652.071169	-1.3328332782e-14	1	1.7e-17	2.52485e-18
59652.071181	-1.2108728157e-14	1	1.7e-17	2.52485e-18
59652.071192	-1.1387478756e-14	1	1.7e-17	2.52485e-18
59652.071204	-1.4874870948e-14	1	1.7e-17	2.52485e-18
59652.071215	-1.4288969788e-14	1	1.7e-17	2.52485e-18
59652.071227	-1.3320235147e-14	1	1.7e-17	2.52485e-18
59652.071238	-1.5126756523e-14	1	1.7e-17	2.52485e-18
59652.071250	-1.6404587886e-14	1	1.7e-17	2.52485e-18
59652.071262	-1.6398108931e-14	1	1.7e-17	2.52485e-18
59652.071273	-1.7692887730e-14	1	1.7e-17	2.52485e-18
59652.071285	-1.5372510427e-14	1	1.7e-17	2.52485e-18
59652.071296	-1.2985300532e-14	1	1.7e-17	2.52485e-18
59652.071308	-1.0599708469e-14	1	1.7e-17	2.52485e-18
59652.071319	-1.1410944109e-14	1	1.7e-17	2.52485e-18
59652.071331	-1.3334333163e-14	1	1.7e-17	2.52485e-18
59652.071343	-1.4107087250e-14	1	1.7e-17	2.52485e-18
59652.071354	-1.3117784108e-14	1	1.7e-17	2.52485e-18
59652.071366	-1.3513681378e-14	1	1.7e-17	2.52485e-18
59652.071377	-1.4241084474e-14	1	1.7e-17	2.52485e-18
59652.071389	-1.6647821020e-14	1	1.7e-17	2.52485e-18
59652.071400	-1.6473467759e-14	1	1.7e-17	2.52485e-18
59652.071412	-1.5147190346e-14	1	1.7e-17	2.52485e-18
59652.071424	-1.6910117478e-14	1	1.7e-17	2.52485e-18
59652.071435	-1.4678972556e-14	1	1.7e-17	2.52485e-18
59652.071447	-1.5947277339e-14	1	1.7e-17	2.52485e-18
59652.071458	-1.5692296705e-14	1	1.7e-17	2.52485e-18
59652.071470	-1.4692005005e-14	1	1.7e-17	2.52485e-18
59652.071481	-1.7170285342e-14	1	1.7e-17	2.52485e-18
59652.071493	-1.5764446972e-14	1	1.7e-17	2.52485e-18
59652.071505	-1.5037874815e-14	1	1.7e-17	2.52485e-18
59652.071516	-1.2447567594e-14	1	1.7e-17	2.52485e-18
59652.071528	-1.4363212225e-14	1	1.7e-17	2.52485e-18
59652.071539	-1.4224647800e-14	1	1.7e-17	2.52485e-18
59652.071551	-1.2295587861e-14	1	1.7e-17	2.52485e-18
59652.071563	-1.6069573650e-14	1	1.7e-17	2.52485e-18
59652.071574	-1.4574347046e-14	1	1.7e-17	2.52485e-18
59652.071586	-1.5229674414e-14	1	1.7e-17	2.52485e-18
59652.071597	-1.5163787110e-14	1	1.7e-17	2.52485e-18
59652.071609	-1.5557348263e-14	1	1.7e-17	2.52485e-18
59652.071620	-1.3852111698e-14	1	1.7e-17	2.52485e-18
59652.071632	-1.3842173461e-14	1	1.7e-17	2.52485e-18
59652.071644	-1.4995178425e-14	1	1.7e-17	2.52485e-18
59652.071655	-1.7657770591e-14	1	1.7e-17	2.52485e-18
59652.071667	-1.5977265694e-14	1	1.7e-17	2.52485e-18
59652.071678	-1.4592426964e-14	1	1.7e-17	2.52485e-18
59652.071690	-1.6002171851e-14	1	1.7e-17	2.52485e-18
59652.071701	-1.6147946221e-14	1	1.7e-17	2.52485e-18
59652.071713	-1.5233409830e-14	1	1.7e-17	2.52485e-18
59652.071725	-1.3543975511e-14	1	1.7e-17	2.52485e-18
59652.071736	-1.5626801577e-14	1	1.7e-17	2.52485e-18
59652.071748	-1.5210636502e-14	1	1.7e-17	2.52485e-18
59652.071759	-1.5891023340e-14	1	1.7e-17	2.52485e-18
59652.071771	-1.3949495076e-14	1	1.7e-17	2.52485e-18
59652.071782	-1.4977500001e-14	1	1.7e-17	2.52485e-18
59652.071794	-1.5678217324e-14	1	1.7e-17	2.52485e-18
59652.071806	-1.5827976984e-14	1	1.7e-17	2.52485e-18
59652.071817	-1.5637843498e-14	1	1.7e-17	2.52485e-18
59652.071829	-1.3100461437e-14	1	1.7e-17	2.52485e-18
59652.071840	-1.4172512922e-14	1	1.7e-17	2.52485e-18
59652.071852	-1.5014430637e-14	1	1.7e-17	2.52485e-18
59652.071863	-1.4115235707e-14	1	1.7e-17	2.52485e-18
59652.071875	-1.5378007671e-14	1	1.7e-17	2.52485e-18
59652.071887	-1.9020467032e-14	1	1.7e-17	2.52485e-18
59652.071898	-1.5936164267e-14	1	1.7e-17	2.52485e-18
59652.071910	-1.5088935655e-14	1	1.7e-17	2.52485e-18
59652.071921	-1.4730026620e-14	1	1.7e-17	2.52485e-18
59652.071933	-1.5725419082e-14	1	1.7e-17	2.52485e-18
59652.071944	-1.2016100869e-14	1	1.7e-17	2.52485e-18
59652.071956	-1.1051798752e-14	1	1.7e-17	2.52485e-18
59652.071968	-1.3971421371e-14	1	1.7e-17	2.52485e-18
59652.071979	-1.5348827386e-14	1	1.7e-17	2.52485e-18
59652.071991	-1.4806739852e-14	1	1.7e-17	2.52485e-18
59652.072002	-1.7623287032e-14	1	1.7e-17	2.52485e-18
59652.072014	-1.5464115347e-14	1	1.7e-17	2.52485e-18
59652.072025	-1.7283614962e-14	1	1.7e-17	2.52485e-18
59652.072037	-1.6892334021e-14	1	1.7e-17	2.52485e-18
59652.072049	-1.6317151216e-14	1	1.7e-17	2.52485e-18
59652.072060	-1.8482867926e-14	1	1.7e-17	2.52485e-18
59652.072072	-1.4729393039e-14	1	1.7e-17	2.52485e-18
59652.072083	-1.5378746284e-14	1	1.7e-17	2.52485e-18
59652.072095	-1.7540238840e-14	1	1.7e-17	2.52485e-18
59652.072106	-2.1682091039e-14	1	1.7e-17	2.52485e-18
59652.072118	-1.5758432191e-14	1	1.7e-17	2.52485e-18
59652.072130	-1.4418762340e-14	1	1.7e-17	2.52485e-18
59652.072141	-1.2813768736e-14	1	1.7e-17	2.52485e-18
59652.072153	-1.4857592323e-14	1	1.7e-17	2.52485e-18
59652.072164	-1.2262796674e-14	1	1.7e-17	2.52485e-18
59652.072176	-1.1444047851e-14	1	1.7e-17	2.52485e-18
59652.072188	-1.1459819604e-14	1	1.7e-17	2.52485e-18
59652.072199	-1.6016039474e-14	1	1.7e-17	2.52485e-18
59652.072211	-1.5182116903e-14	1	1.7e-17	2.52485e-18
59652.072222	-1.4964156691e-14	1	1.7e-17	2.52485e-18
59652.072234	-1.1529963250e-14	1	1.7e-17	2.52485e-18
59652.072245	-1.1212839197e-14	1	1.7e-17	2.52485e-18
59652.072257	-1.3072629628e-14	1	1.7e-17	2.52485e-18
59652.072269	-1.6438246435e-14	1	1.7e-17	2.52485e-18
59652.072280	-1.4861010100e-14	1	1.7e-17	2.52485e-18
59652.072292	-1.8197143384e-14	1	1.7e-17	2.52485e-18
59652.072303	-1.6479548608e-14	1	1.7e-17	2.52485e-18
59652.072315	-1.6380076447e-14	1	1.7e-17	2.52485e-18
59652.072326	-1.5391316253e-14	1	1.7e-17	2.52485e-18
59652.072338	-1.6479294498e-14	1	1.7e-17	2.52485e-18
59652.072350	-1.3714133419e-14	1	1.7e-17	2.52485e-18
59652.072361	-1.5814516783e-14	1	1.7e-17	2.52485e-18
59652.072373	-1.4654839740e-14	1	1.7e-17	2.52485e-18
59652.072384	-1.6303184490e-14	1	1.7e-17	2.52485e-18
59652.072396	-1.4915049955e-14	1	1.7e-17	2.52485e-18
59652.072407	-1.3454871034e-14	1	1.7e-17	2.52485e-18
59652.072419	-1.4359965548e-14	1	1.7e-17	2.52485e-18
59652.072431	-1.5062195672e-14	1	1.7e-17	2.52485e-18
59652.072442	-1.4665002441e-14	1	1.7e-17	2.52485e-18
59652.072454	-1.4163979065e-14	1	1.7e-17	2.52485e-18
59652.072465	-1.4623269128e-14	1	1.7e-17	2.52485e-18
59652.072477	-1.5583609673e-14	1	1.7e-17	2.52485e-18
59652.072488	-1.2774670543e-14	1	1.7e-17	2.52485e-18
59652.072500	-1.4851320891e-14	1	1.7e-17	2.52485e-18
59652.072512	-1.6188951933e-14	1	1.7e-17	2.52485e-18
59652.072523	-1.2740184443e-14	1	1.7e-17	2.52485e-18
59652.072535	-1.4044196748e-14	1	1.7e-17	2.52485e-18
59652.072546	-1.3552731291e-14	1	1.7e-17	2.52485e-18
59652.072558	-1.2746239035e-14	1	1.7e-17	2.52485e-18
59652.072569	-1.3141261320e-14	1	1.7e-17	2.52485e-18
59652.072581	-1.4832033103e-14	1	1.7e-17	2.52485e-18
59652.072593	-1.3057621899e-14	1	1.7e-17	2.52485e-18
59652.072604	-1.1959619865e-14	1	1.7e-17	2.52485e-18
59652.072616	-1.4567416622e-14	1	1.7e-17	2.52485e-18
59652.072627	-1.6391249659e-14	1	1.7e-17	2.52485e-18
59652.072639	-1.4746047401e-14	1	1.7e-17	2.52485e-18
59652.072650	-1.4198431283e-14	1	1.7e-17	2.52485e-18
59652.072662	-1.5285861498e-14	1	1.7e-17	2.52485e-18
59652.072674	-1.4088233144e-14	1	1.7e-17	2.52485e-18
59652.072685	-1.5333059868e-14	1	1.7e-17	2.52485e-18
59652.072697	-1.6524410014e-14	1	1.7e-17	2.52485e-18
59652.072708	-1.5245964552e-14	1	1.7e-17	2.52485e-18
59652.072720	-1.4763708885e-14	1	1.7e-17	2.52485e-18
59652.072731	-1.7681888160e-14	1	1.7e-17	2.52485e-18
59652.072743	-1.5795076530e-14	1	1.7e-17	2.52485e-18
59652.072755	-1.5368700473e-14	1	1.7e-17	2.52485e-18
59652.072766	-1.5696248114e-14	1	1.7e-17	2.52485e-18
59652.072778	-1.4810104267e-14	1	1.7e-17	2.52485e-18
59652.072789	-1.2721513296e-14	1	1.7e-17	2.52485e-18
59652.072801	-1.2060077973e-14	1	1.7e-17	2.52485e-18
59652.072813	-1.5427855560e-14	1	1.7e-17	2.52485e-18
59652.072824	-1.2823523168e-14	1	1.7e-17	2.52485e-18
59652.072836	-1.5876739824e-14	1	1.7e-17	2.52485e-18
59652.072847	-1.4449407145e-14	1	1.7e-17	2.52485e-18
59652.072859	-1.1268565494e-14	1	1.7e-17	2.52485e-18
59652.072870	-1.2931594407e-14	1	1.7e-17	2.52485e-18
59652.072882	-1.4130770291e-14	1	1.7e-17	2.52485e-18
59652.072894	-1.6746971309e-14	1	1.7e-17	2.52485e-18
59652.072905	-1.6974442007e-14	1	1.7e-17	2.52485e-18
59652.072917	-1.5033303378e-14	1	1.7e-17	2.52485e-18
59652.072928	-1.5236320235e-14	1	1.7e-17	2.52485e-18
59652.072940	-1.7425164332e-14	1	1.7e-17	2.52485e-18
59652.072951	-1.7680141578e-14	1	1.7e-17	2.52485e-18
59652.072963	-1.2605985625e-14	1	1.7e-17	2.52485e-18
59652.072975	-1.3319012031e-14	1	1.7e-17	2.52485e-18
59652.072986	-1.1518525764e-14	1	1.7e-17	2.52485e-18
59652.072998	-1.3919588037e-14	1	1.7e-17	2.52485e-18
59652.073009	-1.5455635700e-14	1	1.7e-17	2.52485e-18
59652.073021	-1.6670818812e-14	1	1.7e-17	2.52485e-18
59652.073032	-1.0735580177e-14	1	1.7e-17	2.52485e-18
59652.073044	-1.4286379561e-14	1	1.7e-17	2.52485e-18
59652.073056	-1.3734690062e-14	1	1.7e-17	2.52485e-18
59652.073067	-1.6067219746e-14	1	1.7e-17	2.52485e-18
59652.073079	-1.3639619084e-14	1	1.7e-17	2.52485e-18
59652.073090	-1.5445216347e-14	1	1.7e-17	2.52485e-18
59652.073102	-1.2335848184e-14	1	1.7e-17	2.52485e-18
59652.073113	-1.4944929890e-14	1	1.7e-17	2.52485e-18
59652.073125	-1.3398156248e-14	1	1.7e-17	2.52485e-18
59652.073137	-1.4115140839e-14	1	1.7e-17	2.52485e-18
59652.073148	-1.5116969905e-14	1	1.7e-17	2.52485e-18
59652.073160	-1.5216392938e-14	1	1.7e-17	2.52485e-18
59652.073171	-1.1469069204e-14	1	1.7e-17	2.52485e-18
59652.073183	-1.3571213550e-14	1	1.7e-17	2.52485e-18
59652.073194	-1.3887077218e-14	1	1.7e-17	2.52485e-18
59652.073206	-1.3229560270e-14	1	1.7e-17	2.52485e-18
59652.073218	-1.3671911368e-14	1	1.7e-17	2.52485e-18
59652.073229	-1.6584240186e-14	1	1.7e-17	2.52485e-18
59652.073241	-1.5889159868e-14	1	1.7e-17	2.52485e-18
59652.073252	-1.5682864146e-14	1	1.7e-17	2.52485e-18
59652.073264	-1.9451284083e-14	1	1.7e-17	2.52485e-18
59652.073275	-1.6944811101e-14	1	1.7e-17	2.52485e-18
59652.073287	-1.7883172834e-14	1	1.7e-17	2.52485e-18
59652.073299	-1.9214001355e-14	1	1.7e-17	2.52485e-18
59652.073310	-1.8034874741e-14	1	1.7e-17	2.52485e-18
59652.073322	-1.6184887869e-14	1	1.7e-17	2.52485e-18
59652.073333	-1.8220061554e-14	1	1.7e-17	2.52485e-18
59652.073345	-2.0123657989e-14	1	1.7e-17	2.52485e-18
59652.073356	-1.7890386167e-14	1	1.7e-17	2.52485e-18
59652.073368	-1.5313328235e-14	1	1.7e-17	2.52485e-18
59652.073380	-1.4484355725e-14	1	1.7e-17	2.52485e-18
59652.073391	-1.4708407798e-14	1	1.7e-17	2.52485e-18
59652.073403	-1.4398386116e-14	1	1.7e-17	2.52485e-18
59652.073414	-1.5630670823e-14	1	1.7e-17	2.52485e-18
59652.073426	-1.4966565652e-14	1	1.7e-17	2.52485e-18
59652.073438	-1.3210333469e-14	1	1.7e-17	2.52485e-18
59652.073449	-1.4266769054e-14	1	1.7e-17	2.52485e-18
59652.073461	-1.5154230037e-14	1	1.7e-17	2.52485e-18
59652.073472	-1.3960243077e-14	1	1.7e-17	2.52485e-18
59652.073484	-1.4094817131e-14	1	1.7e-17	2.52485e-18
59652.073495	-1.5206717281e-14	1	1.7e-17	2.52485e-18
59652.073507	-1.8451717442e-14	1	1.7e-17	2.52485e-18
59652.073519	-1.7026781020e-14	1	1.7e-17	2.52485e-18
59652.073530	-1.6968715217e-14	1	1.7e-17	2.52485e-18
59652.073542	-1.6426748809e-14	1	1.7e-17	2.52485e-18
59652.073553	-1.5354989551e-14	1	1.7e-17	2.52485e-18
59652.073565	-1.5024960104e-14	1	1.7e-17	2.52485e-18
59652.073576	-1.3826776943e-14	1	1.7e-17	2.52485e-18
59652.073588	-1.3775362890e-14	1	1.7e-17	2.52485e-18
59652.073600	-1.1795736778e-14	1	1.7e-17	2.52485e-18
59652.073611	-1.1164092451e-14	1	1.7e-17	2.52485e-18
59652.073623	-1.1315912942e-14	1	1.7e-17	2.52485e-18
59652.073634	-1.3562278199e-14	1	1.7e-17	2.52485e-18
59652.073646	-1.4771553257e-14	1	1.7e-17	2.52485e-18
59652.073657	-1.4209983118e-14	1	1.7e-17	2.52485e-18
59652.073669	-1.4209343608e-14	1	1.7e-17	2.52485e-18
59652.073681	-1.5643732918e-14	1	1.7e-17	2.52485e-18
59652.073692	-1.3851802531e-14	1	1.7e-17	2.52485e-18
59652.073704	-1.5115161489e-14	1	1.7e-17	2.52485e-18
59652.073715	-1.5152293720e-14	1	1.7e-17	2.52485e-18
59652.073727	-1.5207954796e-14	1	1.7e-17	2.52485e-18
59652.073738	-1.2758710748e-14	1	1.7e-17	2.52485e-18
59652.073750	-1.4277630558e-14	1	1.7e-17	2.52485e-18
59652.073762	-1.4599746176e-14	1	1.7e-17	2.52485e-18
59652.073773	-1.5397514840e-14	1	1.7e-17	2.52485e-18
59652.073785	-1.3898657853e-14	1	1.7e-17	2.52485e-18
59652.073796	-1.6788228590e-14	1	1.7e-17	2.52485e-18
59652.073808	-1.5734396784e-14	1	1.7e-17	2.52485e-18
59652.073819	-1.4387652514e-14	1	1.7e-17	2.52485e-18
59652.073831	-1.7424494329e-14	1	1.7e-17	2.52485e-18
59652.073843	-1.6468902251e-14	1	1.7e-17	2.52485e-18
59652.073854	-1.2203109650e-14	1	1.7e-17	2.52485e-18
59652.073866	-1.3342568864e-14	1	1.7e-17	2.52485e-18
59652.073877	-1.5572488977e-14	1	1.7e-17	2.52485e-18
59652.073889	-1.4487793831e-14	1	1.7e-17	2.52485e-18
59652.073900	-1.5660603273e-14	1	1.7e-17	2.52485e-18
59652.073912	-1.6134767235e-14	1	1.7e-17	2.52485e-18
59652.073924	-1.5049548623e-14	1	1.7e-17	2.52485e-18
59652.073935	-1.4134965645e-14	1	1.7e-17	2.52485e-18
59652.073947	-1.4244512416e-14	1	1.7e-17	2.52485e-18
59652.073958	-1.5751827028e-14	1	1.7e-17	2.52485e-18
59652.073970	-1.5131513460e-14	1	1.7e-17	2.52485e-18
59652.073981	-1.4453870162e-14	1	1.7e-17	2.52485e-18
59652.073993	-1.5800202773e-14	1	1.7e-17	2.52485e-18
59652.074005	-1.3359046196e-14	1	1.7e-17	2.52485e-18
59652.074016	-1.5814059385e-14	1	1.7e-17	2.52485e-18
59652.074028	-1.5914843601e-14	1	1.7e-17	2.52485e-18
59652.074039	-1.5792283862e-14	1	1.7e-17	2.52485e-18
59652.074051	-1.3462625620e-14	1	1.7e-17	2.52485e-18
59652.074063	-1.5387451242e-14	1	1.7e-17	2.52485e-18
59652.074074	-1.4597431235e-14	1	1.7e-17	2.52485e-18
59652.074086	-1.4507285754e-14	1	1.7e-17	2.52485e-18
59652.074097	-1.2759482395e-14	1	1.7e-17	2.52485e-18
59652.074109	-1.5462774493e-14	1	1.7e-17	2.52485e-18
59652.074120	-1.3612569087e-14	1	1.7e-17	2.52485e-18
59652.074132	-1.5034268149e-14	1	1.7e-17	2.52485e-18
59652.074144	-1.6784659193e-14	1	1.7e-17	2.52485e-18
59652.074155	-1.7321619636e-14	1	1.7e-17	2.52485e-18
59652.074167	-1.5330128287e-14	1	1.7e-17	2.52485e-18
59652.074178	-1.6430286019e-14	1	1.7e-17	2.52485e-18
59652.074190	-1.6159836022e-14	1	1.7e-17	2.52485e-18
59652.074201	-1.6166397139e-14	1	1.7e-17	2.52485e-18
59652.074213	-1.4379661605e-14	1	1.7e-17	2.52485e-18
59652.074225	-1.4235208607e-14	1	1.7e-17	2.52485e-18
59652.074236	-1.3060863494e-14	1	1.7e-17	2.52485e-18
59652.074248	-1.4187087818e-14	1	1.7e-17	2.52485e-18
59652.074259	-1.5034280007e-14	1	1.7e-17	2.52485e-18
59652.074271	-1.5795470400e-14	1	1.7e-17	2.52485e-18
59652.074282	-1.4747762642e-14	1	1.7e-17	2.52485e-18
59652.074294	-1.6962444632e-14	1	1.7e-17	2.52485e-18
59652.074306	-1.6707057423e-14	1	1.7e-17	2.52485e-18
59652.074317	-1.6340095645e-14	1	1.7e-17	2.52485e-18
59652.074329	-1.4137621094e-14	1	1.7e-17	2.52485e-18
59652.074340	-1.3169724168e-14	1	1.7e-17	2.52485e-18
59652.074352	-1.4630468908e-14	1	1.7e-17	2.52485e-18
59652.074363	-1.5471072028e-14	1	1.7e-17	2.52485e-18
59652.074375	-1.6971828911e-14	1	1.7e-17	2.52485e-18
59652.074387	-1.4293140578e-14	1	1.7e-17	2.52485e-18
59652.074398	-1.2892726607e-14	1	1.7e-17	2.52485e-18
59652.074410	-1.3888097893e-14	1	1.7e-17	2.52485e-18
59652.074421	-1.3845526864e-14	1	1.7e-17	2.52485e-18
59652.074433	-1.3566962292e-14	1	1.7e-17	2.52485e-18
59652.074444	-1.3695751110e-14	1	1.7e-17	2.52485e-18
59652.074456	-1.3008293241e-14	1	1.7e-17	2.52485e-18
59652.074468	-1.3381993166e-14	1	1.7e-17	2.52485e-18
59652.074479	-1.0190856676e-14	1	1.7e-17	2.52485e-18
59652.074491	-1.3720347253e-14	1	1.7e-17	2.52485e-18
59652.074502	-1.4166522705e-14	1	1.7e-17	2.52485e-18
59652.074514	-1.5129448394e-14	1	1.7e-17	2.52485e-18
59652.074525	-1.4653426042e-14	1	1.7e-17	2.52485e-18
59652.074537	-1.5108707945e-14	1	1.7e-17	2.52485e-18
59652.074549	-1.1451163775e-14	1	1.7e-17	2.52485e-18
59652.074560	-1.6735006969e-14	1	1.7e-17	2.52485e-18
59652.074572	-1.3738386513e-14	1	1.7e-17	2.52485e-18
59652.074583	-1.5418342533e-14	1	1.7e-17	2.52485e-18
59652.074595	-1.2638958924e-14	1	1.7e-17	2.52485e-18
59652.074606	-1.7223524751e-14	1	1.7e-17	2.52485e-18
59652.074618	-1.3866239361e-14	1	1.7e-17	2.52485e-18
59652.074630	-1.4564187733e-14	1	1.7e-17	2.52485e-18
59652.074641	-1.4901274659e-14	1	1.7e-17	2.52485e-18
59652.074653	-1.6529152552e-14	1	1.7e-17	2.52485e-18
59652.074664	-1.6877029830e-14	1	1.7e-17	2.52485e-18
59652.074676	-1.4032578844e-14	1	1.7e-17	2.52485e-18
59652.074688	-1.6540013208e-14	1	1.7e-17	2.52485e-18
59652.074699	-1.5947665280e-14	1	1.7e-17	2.52485e-18
59652.074711	-1.7172391913e-14	1	1.7e-17	2.52485e-18
59652.074722	-1.8630607412e-14	1	1.7e-17	2.52485e-18
59652.074734	-1.6095580103e-14	1	1.7e-17	2.52485e-18
59652.074745	-1.2988904657e-14	1	1.7e-17	2.52485e-18
59652.074757	-1.5300647305e-14	1	1.7e-17	2.52485e-18
59652.074769	-1.2899668042e-14	1	1.7e-17	2.52485e-18
59652.074780	-1.2814644568e-14	1	1.7e-17	2.52485e-18
59652.074792	-1.0203869643e-14	1	1.7e-17	2.52485e-18
59652.074803	-1.2487329862e-14	1	1.7e-17	2.52485e-18
59652.074815	-1.3355262500e-14	1	1.7e-17	2.52485e-18
59652.074826	-1.4647556951e-14	1	1.7e-17	2.52485e-18
59652.074838	-1.2747201264e-14	1	1.7e-17	2.52485e-18
59652.074850	-1.5452054444e-14	1	1.7e-17	2.52485e-18
59652.074861	-1.5254908373e-14	1	1.7e-17	2.52485e-18
59652.074873	-1.6791581146e-14	1	1.7e-17	2.52485e-18
59652.074884	-1.5686649537e-14	1	1.7e-17	2.52485e-18
59652.074896	-1.5796547826e-14	1	1.7e-17	2.52485e-18
59652.074907	-1.4149075520e-14	1	1.7e-17	2.52485e-18
59652.074919	-1.6428795241e-14	1	1.7e-17	2.52485e-18
59652.074931	-1.4426411895e-14	1	1.7e-17	2.52485e-18
59652.074942	-1.2761758372e-14	1	1.7e-17	2.52485e-18
59652.074954	-1.2934950352e-14	1	1.7e-17	2.52485e-18
59652.074965	-1.3097522233e-14	1	1.7e-17	2.52485e-18
59652.074977	-1.4152904956e-14	1	1.7e-17	2.52485e-18
59652.074988	-1.3838936948e-14	1	1.7e-17	2.52485e-18
59652.075000	-1.0478880913e-14	1	1.7e-17	2.52485e-18
59652.075012	-1.2762331814e-14	1	1.7e-17	2.52485e-18
59652.075023	-1.7271011112e-14	1	1.7e-17	2.52485e-18
59652.075035	-1.5820784827e-14	1	1.7e-17	2.52485e-18
59652.075046	-1.3036213988e-14	1	1.7e-17	2.52485e-18
59652.075058	-1.2495887436e-14	1	1.7e-17	2.52485e-18
59652.075069	-1.4585901422e-14	1	1.7e-17	2.52485e-18
59652.075081	-1.5274977125e-14	1	1.7e-17	2.52485e-18
59652.075093	-1.4510751812e-14	1	1.7e-17	2.52485e-18
59652.075104	-1.4553194939e-14	1	1.7e-17	2.52485e-18
59652.075116	-1.4907498657e-14	1	1.7e-17	2.52485e-18
59652.075127	-1.4418609874e-14	1	1.7e-17	2.52485e-18
59652.075139	-1.6549154388e-14	1	1.7e-17	2.52485e-18
59652.075150	-1.3655379826e-14	1	1.7e-17	2.52485e-18
59652.075162	-1.2695976947e-14	1	1.7e-17	2.52485e-18
59652.075174	-1.2942376290e-14	1	1.7e-17	2.52485e-18
59652.075185	-1.3825229413e-14	1	1.7e-17	2.52485e-18
59652.075197	-1.2558764385e-14	1	1.7e-17	2.52485e-18
59652.075208	-1.4477819171e-14	1	1.7e-17	2.52485e-18
59652.075220	-1.5937495803e-14	1	1.7e-17	2.52485e-18
59652.075231	-1.4651593063e-14	1	1.7e-17	2.52485e-18
59652.075243	-1.3610707308e-14	1	1.7e-17	2.52485e-18
59652.075255	-1.7357688840e-14	1	1.7e-17	2.52485e-18
59652.075266	-1.3007052338e-14	1	1.7e-17	2.52485e-18
59652.075278	-1.3274733384e-14	1	1.7e-17	2.52485e-18
59652.075289	-1.4825961571e-14	1	1.7e-17	2.52485e-18
59652.075301	-1.5108768932e-14	1	1.7e-17	2.52485e-18
59652.075313	-1.4792435160e-14	1	1.7e-17	2.52485e-18
59652.075324	-1.5654428403e-14	1	1.7e-17	2.52485e-18
59652.075336	-1.4026857983e-14	1	1.7e-17	2.52485e-18
59652.075347	-1.2098145328e-14	1	1.7e-17	2.52485e-18
59652.075359	-1.4415109087e-14	1	1.7e-17	2.52485e-18
59652.075370	-1.5600092934e-14	1	1.7e-17	2.52485e-18
59652.075382	-1.2564629242e-14	1	1.7e-17	2.52485e-18
59652.075394	-1.2489660049e-14	1	1.7e-17	2.52485e-18
59652.075405	-1.5740262487e-14	1	1.7e-17	2.52485e-18
59652.075417	-1.5569520127e-14	1	1.7e-17	2.52485e-18
59652.075428	-1.7021393043e-14	1	1.7e-17	2.52485e-18
59652.075440	-1.6740570281e-14	1	1.7e-17	2.52485e-18
59652.075451	-1.7943586612e-14	1	1.7e-17	2.52485e-18
59652.075463	-1.4932476811e-14	1	1.7e-17	2.52485e-18
59652.075475	-1.5728432825e-14	1	1.7e-17	2.52485e-18
59652.075486	-1.4884860007e-14	1	1.7e-17	2.52485e-18
59652.075498	-1.7340060391e-14	1	1.7e-17	2.52485e-18
59652.075509	-1.4664259593e-14	1	1.7e-17	2.52485e-18
59652.075521	-1.5394345243e-14	1	1.7e-17	2.52485e-18
59652.075532	-1.2368993430e-14	1	1.7e-17	2.52485e-18
59652.075544	-1.4030120754e-14	1	1.7e-17	2.52485e-18
59652.075556	-1.3913176844e-14	1	1.7e-17	2.52485e-18
59652.075567	-1.3539614139e-14	1	1.7e-17	2.52485e-18
59652.075579	-1.8120211616e-14	1	1.7e-17	2.52485e-18
59652.075590	-1.5812045988e-14	1	1.7e-17	2.52485e-18
59652.075602	-1.5579242371e-14	1	1.7e-17	2.52485e-18
59652.075613	-1.3245706412e-14	1	1.7e-17	2.52485e-18
59652.075625	-1.5502814588e-14	1	1.7e-17	2.52485e-18
59652.075637	-1.5534037069e-14	1	1.7e-17	2.52485e-18
59652.075648	-1.4692505601e-14	1	1.7e-17	2.52485e-18
59652.075660	-1.6965868340e-14	1	1.7e-17	2.52485e-18
59652.075671	-1.4621528475e-14	1	1.7e-17	2.52485e-18
59652.075683	-1.3983832098e-14	1	1.7e-17	2.52485e-18
59652.075694	-1.7539235953e-14	1	1.7e-17	2.52485e-18
59652.075706	-1.3267902910e-14	1	1.7e-17	2.52485e-18
59652.075718	-1.3575556288e-14	1	1.7e-17	2.52485e-18
59652.075729	-1.3944831313e-14	1	1.7e-17	2.52485e-18
59652.075741	-1.6935329414e-14	1	1.7e-17	2.52485e-18
59652.075752	-1.6525715292e-14	1	1.7e-17	2.52485e-18
59652.075764	-1.6195485945e-14	1	1.7e-17	2.52485e-18
59652.075775	-1.3466196711e-14	1	1.7e-17	2.52485e-18
59652.075787	-1.4074412107e-14	1	1.7e-17	2.52485e-18
59652.075799	-1.3556840248e-14	1	1.7e-17	2.52485e-18
59652.075810	-1.3222014053e-14	1	1.7e-17	2.52485e-18
59652.075822	-1.2509460292e-14	1	1.7e-17	2.52485e-18
59652.075833	-1.5197747202e-14	1	1.7e-17	2.52485e-18
59652.075845	-1.3511869575e-14	1	1.7e-17	2.52485e-18
59652.075856	-1.6184554138e-14	1	1.7e-17	2.52485e-18
59652.075868	-1.3980488012e-14	1	1.7e-17	2.52485e-18
59652.075880	-1.7237496559e-14	1	1.7e-17	2.52485e-18
59652.075891	-1.5997294635e-14	1	1.7e-17	2.52485e-18
59652.075903	-1.5896912760e-14	1	1.7e-17	2.52485e-18
59652.075914	-1.4614968205e-14	1	1.7e-17	2.52485e-18
59652.075926	-1.6813019550e-14	1	1.7e-17	2.52485e-18
59652.075938	-1.5698264052e-14	1	1.7e-17	2.52485e-18
59652.075949	-1.4039775236e-14	1	1.7e-17	2.52485e-18
59652.075961	-1.4133572276e-14	1	1.7e-17	2.52485e-18
59652.075972	-1.3330859481e-14	1	1.7e-17	2.52485e-18
59652.075984	-1.5701637785e-14	1	1.7e-17	2.52485e-18
59652.075995	-1.7270931491e-14	1	1.7e-17	2.52485e-18
59652.076007	-1.3861938127e-14	1	1.7e-17	2.52485e-18
59652.076019	-1.6003943843e-14	1	1.7e-17	2.52485e-18
59652.076030	-1.2894147928e-14	1	1.7e-17	2.52485e-18
59652.076042	-1.3510455030e-14	1	1.7e-17	2.52485e-18
59652.076053	-1.1667841579e-14	1	1.7e-17	2.52485e-18
59652.076065	-1.5246719258e-14	1	1.7e-17	2.52485e-18
59652.076076	-1.3029460594e-14	1	1.7e-17	2.52485e-18
59652.076088	-1.3096243213e-14	1	1.7e-17	2.52485e-18
59652.076100	-1.3198015916e-14	1	1.7e-17	2.52485e-18
59652.076111	-1.6413763794e-14	1	1.7e-17	2.52485e-18
59652.076123	-1.5839984523e-14	1	1.7e-17	2.52485e-18
59652.076134	-1.8078312285e-14	1	1.7e-17	2.52485e-18
59652.076146	-1.6663877377e-14	1	1.7e-17	2.52485e-18
59652.076157	-1.9066139048e-14	1	1.7e-17	2.52485e-18
59652.076169	-1.7168642945e-14	1	1.7e-17	2.52485e-18
59652.076181	-1.8527437105e-14	1	1.7e-17	2.52485e-18
59652.076192	-1.5384501873e-14	1	1.7e-17	2.52485e-18
59652.076204	-1.4407209658e-14	1	1.7e-17	2.52485e-18
59652.076215	-1.2581790129e-14	1	1.7e-17	2.52485e-18
59652.076227	-1.3786454786e-14	1	1.7e-17	2.52485e-18
59652.076238	-1.3989389481e-14	1	1.7e-17	2.52485e-18
59652.076250	-1.3345688487e-14	1	1.7e-17	2.52485e-18
59652.076262	-1.2501991155e-14	1	1.7e-17	2.52485e-18
59652.076273	-1.3769318463e-14	1	1.7e-17	2.52485e-18
59652.076285	-1.2066410391e-14	1	1.7e-17	2.52485e-18
59652.076296	-1.5030594567e-14	1	1.7e-17	2.52485e-18
59652.076308	-1.3737477647e-14	1	1.7e-17	2.52485e-18
59652.076319	-1.1358948145e-14	1	1.7e-17	2.52485e-18
59652.076331	-1.6223817503e-14	1	1.7e-17	2.52485e-18
59652.076343	-1.7492154474e-14	1	1.7e-17	2.52485e-18
59652.076354	-1.5369104508e-14	1	1.7e-17	2.52485e-18
59652.076366	-1.4083919205e-14	1	1.7e-17	2.52485e-18
59652.076377	-1.7760148075e-14	1	1.7e-17	2.52485e-18
59652.076389	-1.8784080465e-14	1	1.7e-17	2.52485e-18
59652.076400	-1.8843709891e-14	1	1.7e-17	2.52485e-18
59652.076412	-1.6620323790e-14	1	1.7e-17	2.52485e-18
59652.076424	-1.7648378689e-14	1	1.7e-17	2.52485e-18
59652.076435	-1.6760026628e-14	1	1.7e-17	2.52485e-18
59652.076447	-1.6285733070e-14	1	1.7e-17	2.52485e-18
59652.076458	-1.3103921567e-14	1	1.7e-17	2.52485e-18
59652.076470	-1.8110685884e-14	1	1.7e-17	2.52485e-18
59652.076481	-1.5715581641e-14	1	1.7e-17	2.52485e-18
59652.076493	-1.9134840197e-14	1	1.7e-17	2.52485e-18
59652.076505	-1.7309846725e-14	1	1.7e-17	2.52485e-18
59652.076516	-1.4159278879e-14	1	1.7e-17	2.52485e-18
59652.076528	-1.2080920066e-14	1	1.7e-17	2.52485e-18
59652.076539	-1.4592412565e-14	1	1.7e-17	2.52485e-18
59652.076551	-1.4641443067e-14	1	1.7e-17	2.52485e-18
59652.076748	-1.5374595823e-14	1	1.7e-17	2.52485e-18
59652.076759	-1.8670342575e-14	1	1.7e-17	2.52485e-18
59652.076771	-1.7800516818e-14	1	1.7e-17	2.52485e-18
59652.076782	-1.3971096110e-14	1	1.7e-17	2.52485e-18
59652.076794	-1.4236472380e-14	1	1.7e-17	2.52485e-18
59652.076806	-1.3963355923e-14	1	1.7e-17	2.52485e-18
59652.076817	-1.7616687799e-14	1	1.7e-17	2.52485e-18
59652.076829	-1.2358991665e-14	1	1.7e-17	2.52485e-18
59652.076840	-1.3783608756e-14	1	1.7e-17	2.52485e-18
59652.076852	-1.3767897988e-14	1	1.7e-17	2.52485e-18
59652.076863	-1.5940285929e-14	1	1.7e-17	2.52485e-18
59652.076875	-1.4557840915e-14	1	1.7e-17	2.52485e-18
59652.076887	-1.5248720797e-14	1	1.7e-17	2.52485e-18
59652.076898	-1.4586081841e-14	1	1.7e-17	2.52485e-18
59652.076910	-1.5823104003e-14	1	1.7e-17	2.52485e-18
59652.076921	-1.3448159991e-14	1	1.7e-17	2.52485e-18
59652.076933	-1.4746267629e-14	1	1.7e-17	2.52485e-18
59652.076944	-1.3480855463e-14	1	1.7e-17	2.52485e-18
59652.076956	-1.5229819257e-14	1	1.7e-17	2.52485e-18
59652.076968	-1.5187864021e-14	1	1.7e-17	2.52485e-18
59652.076979	-1.5066382556e-14	1	1.7e-17	2.52485e-18
59652.076991	-1.4524801548e-14	1	1.7e-17	2.52485e-18
59652.077002	-1.4385601000e-14	1	1.7e-17	2.52485e-18
59652.077014	-1.2975712119e-14	1	1.7e-17	2.52485e-18
59652.077025	-1.2674088768e-14	1	1.7e-17	2.52485e-18
59652.077037	-1.3313278465e-14	1	1.7e-17	2.52485e-18
59652.077049	-1.6537609329e-14	1	1.7e-17	2.52485e-18
59652.077060	-1.4423236368e-14	1	1.7e-17	2.52485e-18
59652.077072	-1.5243418371e-14	1	1.7e-17	2.52485e-18
59652.077083	-1.2537204009e-14	1	1.7e-17	2.52485e-18
59652.077095	-1.5913192733e-14	1	1.7e-17	2.52485e-18
59652.077373	-1.3512891943e-14	1	1.7e-17	2.52485e-18
59652.077384	-1.0527460793e-14	1	1.7e-17	2.52485e-18
59652.077396	-1.2788347584e-14	1	1.7e-17	2.52485e-18
59652.077407	-1.3978372970e-14	1	1.7e-17	2.52485e-18
59652.077419	-1.3080803496e-14	1	1.7e-17	2.52485e-18
59652.077431	-1.4873510613e-14	1	1.7e-17	2.52485e-18
59652.077442	-1.4561819429e-14	1	1.7e-17	2.52485e-18
59652.077454	-1.7653276234e-14	1	1.7e-17	2.52485e-18
59652.077465	-1.5136775229e-14	1	1.7e-17	2.52485e-18
59652.077477	-1.5331959572e-14	1	1.7e-17	2.52485e-18
59652.077488	-1.3215805302e-14	1	1.7e-17	2.52485e-18
59652.077500	-1.6977985146e-14	1	1.7e-17	2.52485e-18
59652.077512	-1.7586954401e-14	1	1.7e-17	2.52485e-18
59652.077523	-1.6312664483e-14	1	1.7e-17	2.52485e-18
59652.077535	-1.2828624847e-14	1	1.7e-17	2.52485e-18
59652.077546	-1.6460259974e-14	1	1.7e-17	2.52485e-18
59652.077558	-1.8035091582e-14	1	1.7e-17	2.52485e-18
59652.077569	-1.3014528250e-14	1	1.7e-17	2.52485e-18
59652.077581	-1.1890875518e-14	1	1.7e-17	2.52485e-18
59652.077593	-1.2999016536e-14	1	1.7e-17	2.52485e-18
59652.077604	-1.6655741626e-14	1	1.7e-17	2.52485e-18
59652.077616	-1.4028671481e-14	1	1.7e-17	2.52485e-18
59652.077627	-1.4003658598e-14	1	1.7e-17	2.52485e-18
59652.077639	-1.4270898340e-14	1	1.7e-17	2.52485e-18
59652.077650	-1.4119670771e-14	1	1.7e-17	2.52485e-18
59652.077662	-1.4457450570e-14	1	1.7e-17	2.52485e-18
59652.077674	-1.4057447731e-14	1	1.7e-17	2.52485e-18
59652.077685	-1.5083906821e-14	1	1.7e-17	2.52485e-18
59652.077697	-1.2297140472e-14	1	1.7e-17	2.52485e-18
59652.077708	-1.5950418137e-14	1	1.7e-17	2.52485e-18
59652.077720	-1.7448439103e-14	1	1.7e-17	2.52485e-18
59652.077731	-1.4652351157e-14	1	1.7e-17	2.52485e-18
59652.077743	-1.3666166790e-14	1	1.7e-17	2.52485e-18
59652.077755	-1.5067159285e-14	1	1.7e-17	2.52485e-18
59652.077766	-1.7074485069e-14	1	1.7e-17	2.52485e-18
59652.077778	-1.5402029526e-14	1	1.7e-17	2.52485e-18
59652.077789	-1.5993030671e-14	1	1.7e-17	2.52485e-18
59652.077801	-1.6516220053e-14	1	1.7e-17	2.52485e-18
59652.077812	-1.6783272600e-14	1	1.7e-17	2.52485e-18
59652.077824	-1.5199782622e-14	1	1.7e-17	2.52485e-18
59652.077836	-1.6848328119e-14	1	1.7e-17	2.52485e-18
59652.077847	-1.3824527223e-14	1	1.7e-17	2.52485e-18
59652.077859	-1.2794352200e-14	1	1.7e-17	2.52485e-18
59652.077870	-1.2422386152e-14	1	1.7e-17	2.52485e-18
59652.077882	-1.5170995360e-14	1	1.7e-17	2.52485e-18
59652.077894	-1.4684815389e-14	1	1.7e-17	2.52485e-18
59652.077905	-1.3448279423e-14	1	1.7e-17	2.52485e-18
59652.077917	-1.3726609367e-14	1	1.7e-17	2.52485e-18
59652.077928	-1.4964720815e-14	1	1.7e-17	2.52485e-18
59652.077940	-1.5673112256e-14	1	1.7e-17	2.52485e-18
59652.077951	-1.5137933123e-14	1	1.7e-17	2.52485e-18
59652.077963	-1.5612595140e-14	1	1.7e-17	2.52485e-18
59652.077975	-1.4489010171e-14	1	1.7e-17	2.52485e-18
59652.077986	-1.2097140747e-14	1	1.7e-17	2.52485e-18
59652.077998	-1.2437363388e-14	1	1.7e-17	2.52485e-18
59652.078009	-1.4830162855e-14	1	1.7e-17	2.52485e-18
59652.078021	-1.7122349206e-14	1	1.7e-17	2.52485e-18
59652.078032	-1.7619212804e-14	1	1.7e-17	2.52485e-18
59652.078044	-1.6247420076e-14	1	1.7e-17	2.52485e-18
59652.078056	-1.3765223905e-14	1	1.7e-17	2.52485e-18
59652.078067	-1.4926794067e-14	1	1.7e-17	2.52485e-18
59652.078079	-1.7740967014e-14	1	1.7e-17	2.52485e-18
59652.078090	-1.9657779704e-14	1	1.7e-17	2.52485e-18
59652.078102	-1.6122591136e-14	1	1.7e-17	2.52485e-18
59652.078113	-1.4509019630e-14	1	1.7e-17	2.52485e-18
59652.078125	-1.5787186418e-14	1	1.7e-17	2.52485e-18
59652.078137	-1.3442055425e-14	1	1.7e-17	2.52485e-18
59652.078148	-1.3063044604e-14	1	1.7e-17	2.52485e-18
59652.078160	-1.6901958857e-14	1	1.7e-17	2.52485e-18
59652.078171	-1.5919015238e-14	1	1.7e-17	2.52485e-18
59652.078183	-1.2869492493e-14	1	1.7e-17	2.52485e-18
59652.078194	-8.8448527135e-15	1	1.7e-17	2.52485e-18
59652.078206	-1.2111257398e-14	1	1.7e-17	2.52485e-18
59652.078218	-1.1964002414e-14	1	1.7e-17	2.52485e-18
59652.078229	-1.3298466400e-14	1	1.7e-17	2.52485e-18
59652.078241	-1.5015122663e-14	1	1.7e-17	2.52485e-18
59652.078252	-1.7581974695e-14	1	1.7e-17	2.52485e-18
59652.078264	-1.6444622899e-14	1	1.7e-17	2.52485e-18
59652.078275	-1.6091204331e-14	1	1.7e-17	2.52485e-18
59652.078287	-1.2846061868e-14	1	1.7e-17	2.52485e-18
59652.078299	-1.5951074588e-14	1	1.7e-17	2.52485e-18
59652.078310	-1.5778357794e-14	1	1.7e-17	2.52485e-18
59652.078322	-1.5940147863e-14	1	1.7e-17	2.52485e-18
59652.078333	-1.6442243583e-14	1	1.7e-17	2.52485e-18
59652.078345	-1.5634021685e-14	1	1.7e-17	2.52485e-18
59652.078356	-1.6858860973e-14	1	1.7e-17	2.52485e-18
59652.078368	-1.5416075873e-14	1	1.7e-17	2.52485e-18
59652.078380	-1.5039025086e-14	1	1.7e-17	2.52485e-18
59652.078391	-1.4261626717e-14	1	1.7e-17	2.52485e-18
59652.078403	-1.7578483225e-14	1	1.7e-17	2.52485e-18
59652.078414	-1.2569689416e-14	1	1.7e-17	2.52485e-18
59652.078426	-1.3480913061e-14	1	1.7e-17	2.52485e-18
59652.078438	-1.4175995074e-14	1	1.7e-17	2.52485e-18
59652.078449	-1.5509807692e-14	1	1.7e-17	2.52485e-18
59652.078461	-1.5012142801e-14	1	1.7e-17	2.52485e-18
59652.078472	-1.5457115466e-14	1	1.7e-17	2.52485e-18
59652.078484	-1.3497209975e-14	1	1.7e-17	2.52485e-18
59652.078495	-1.4129469249e-14	1	1.7e-17	2.52485e-18
59652.078507	-1.5514354565e-14	1	1.7e-17	2.52485e-18
59652.078519	-1.6962187982e-14	1	1.7e-17	2.52485e-18
59652.078530	-1.6122712262e-14	1	1.7e-17	2.52485e-18
59652.078542	-1.5045226214e-14	1	1.7e-17	2.52485e-18
59652.078553	-1.5370678295e-14	1	1.7e-17	2.52485e-18
59652.078565	-1.5986831237e-14	1	1.7e-17	2.52485e-18
59652.078576	-1.4910748722e-14	1	1.7e-17	2.52485e-18
59652.078588	-1.3084975134e-14	1	1.7e-17	2.52485e-18
59652.078600	-1.0794882647e-14	1	1.7e-17	2.52485e-18
59652.078611	-1.2270250564e-14	1	1.7e-17	2.52485e-18
59652.078623	-1.4667201339e-14	1	1.7e-17	2.52485e-18
59652.078634	-1.4915165152e-14	1	1.7e-17	2.52485e-18
59652.078646	-1.2647801101e-14	1	1.7e-17	2.52485e-18
59652.078657	-1.3522590471e-14	1	1.7e-17	2.52485e-18
59652.078669	-1.4369419283e-14	1	1.7e-17	2.52485e-18
59652.078681	-1.5650288953e-14	1	1.7e-17	2.52485e-18
59652.078692	-1.4021852019e-14	1	1.7e-17	2.52485e-18
59652.078704	-1.2901312980e-14	1	1.7e-17	2.52485e-18
59652.078715	-1.7822402455e-14	1	1.7e-17	2.52485e-18
59652.078727	-1.9345911490e-14	1	1.7e-17	2.52485e-18
59652.078738	-1.5473264149e-14	1	1.7e-17	2.52485e-18
59652.078750	-1.6097136949e-14	1	1.7e-17	2.52485e-18
59652.078762	-1.5073504409e-14	1	1.7e-17	2.52485e-18
59652.078773	-1.5387239483e-14	1	1.7e-17	2.52485e-18
59652.078785	-1.3345045589e-14	1	1.7e-17	2.52485e-18
59652.078796	-1.4757951602e-14	1	1.7e-17	2.52485e-18
59652.078808	-1.2004980174e-14	1	1.7e-17	2.52485e-18
59652.078819	-1.0412646324e-14	1	1.7e-17	2.52485e-18
59652.078831	-1.3878287557e-14	1	1.7e-17	2.52485e-18
59652.078843	-1.4339563066e-14	1	1.7e-17	2.52485e-18
59652.078854	-1.4560996113e-14	1	1.7e-17	2.52485e-18
59652.078866	-1.6189470317e-14	1	1.7e-17	2.52485e-18
59652.078877	-1.5746425499e-14	1	1.7e-17	2.52485e-18
59652.078889	-1.4644073951e-14	1	1.7e-17	2.52485e-18
59652.078900	-1.4036678483e-14	1	1.7e-17	2.52485e-18
59652.078912	-1.5341389590e-14	1	1.7e-17	2.52485e-18
59652.078924	-1.3555059785e-14	1	1.7e-17	2.52485e-18
59652.078935	-1.4284151017e-14	1	1.7e-17	2.52485e-18
59652.078947	-1.3599703503e-14	1	1.7e-17	2.52485e-18
59652.078958	-1.5744402784e-14	1	1.7e-17	2.52485e-18
59652.078970	-1.6522045098e-14	1	1.7e-17	2.52485e-18
59652.078981	-1.6854862978e-14	1	1.7e-17	2.52485e-18
59652.078993	-1.6341331466e-14	1	1.7e-17	2.52485e-18
59652.079005	-1.4235931126e-14	1	1.7e-17	2.52485e-18
59652.079016	-1.4055967118e-14	1	1.7e-17	2.52485e-18
59652.079028	-1.4471452872e-14	1	1.7e-17	2.52485e-18
59652.079039	-1.4318038264e-14	1	1.7e-17	2.52485e-18
59652.079051	-1.3495829312e-14	1	1.7e-17	2.52485e-18
59652.079063	-1.6059250013e-14	1	1.7e-17	2.52485e-18
59652.079074	-1.6101129016e-14	1	1.7e-17	2.52485e-18
59652.079086	-1.6233710001e-14	1	1.7e-17	2.52485e-18
59652.079097	-1.4706128432e-14	1	1.7e-17	2.52485e-18
59652.079109	-1.6017713211e-14	1	1.7e-17	2.52485e-18
59652.079120	-1.4645209822e-14	1	1.7e-17	2.52485e-18
59652.079132	-1.3903529986e-14	1	1.7e-17	2.52485e-18
59652.079144	-1.5458397874e-14	1	1.7e-17	2.52485e-18
59652.079155	-1.4600162069e-14	1	1.7e-17	2.52485e-18
59652.079167	-1.3928823237e-14	1	1.7e-17	2.52485e-18
59652.079178	-1.5378205877e-14	1	1.7e-17	2.52485e-18
59652.079190	-1.3523132572e-14	1	1.7e-17	2.52485e-18
59652.079201	-1.4334930642e-14	1	1.7e-17	2.52485e-18
59652.079213	-1.1001680659e-14	1	1.7e-17	2.52485e-18
59652.079225	-1.5860232845e-14	1	1.7e-17	2.52485e-18
59652.079236	-1.6009962013e-14	1	1.7e-17	2.52485e-18
59652.079248	-1.6630749918e-14	1	1.7e-17	2.52485e-18
59652.079259	-1.5807499962e-14	1	1.7e-17	2.52485e-18
59652.079271	-1.6405560280e-14	1	1.7e-17	2.52485e-18
59652.079282	-1.6112536008e-14	1	1.7e-17	2.52485e-18
59652.079294	-1.5041505198e-14	1	1.7e-17	2.52485e-18
59652.079306	-1.5789215909e-14	1	1.7e-17	2.52485e-18
59652.079317	-1.7546090144e-14	1	1.7e-17	2.52485e-18
59652.079329	-1.5647553037e-14	1	1.7e-17	2.52485e-18
59652.079340	-1.5015953602e-14	1	1.7e-17	2.52485e-18
59652.079352	-1.3852797795e-14	1	1.7e-17	2.52485e-18
59652.079363	-1.3687444258e-14	1	1.7e-17	2.52485e-18
59652.079375	-1.4064146068e-14	1	1.7e-17	2.52485e-18
59652.079387	-1.1895452037e-14	1	1.7e-17	2.52485e-18
59652.079398	-1.1858650150e-14	1	1.7e-17	2.52485e-18
59652.079410	-1.0378115332e-14	1	1.7e-17	2.52485e-18
59652.079421	-1.4842851408e-14	1	1.7e-17	2.52485e-18
59652.079433	-1.5083147032e-14	1	1.7e-17	2.52485e-18
59652.079444	-1.3393069816e-14	1	1.7e-17	2.52485e-18
59652.079456	-1.0957994088e-14	1	1.7e-17	2.52485e-18
59652.079468	-1.3202192635e-14	1	1.7e-17	2.52485e-18
59652.079479	-1.5264395142e-14	1	1.7e-17	2.52485e-18
59652.079491	-1.3449959089e-14	1	1.7e-17	2.52485e-18
59652.079502	-1.3096794631e-14	1	1.7e-17	2.52485e-18
59652.079514	-1.5876293437e-14	1	1.7e-17	2.52485e-18
59652.079525	-1.3934471253e-14	1	1.7e-17	2.52485e-18
59652.079537	-1.4909307919e-14	1	1.7e-17	2.52485e-18
59652.079549	-1.5532146492e-14	1	1.7e-17	2.52485e-18
59652.079560	-1.2932433817e-14	1	1.7e-17	2.52485e-18
59652.079572	-1.4952310088e-14	1	1.7e-17	2.52485e-18
59652.079583	-1.4477999589e-14	1	1.7e-17	2.52485e-18
59652.079595	-1.4095135615e-14	1	1.7e-17	2.52485e-18
59652.079606	-1.2325902323e-14	1	1.7e-17	2.52485e-18
59652.079618	-1.3397406624e-14	1	1.7e-17	2.52485e-18
59652.079630	-1.3514423379e-14	1	1.7e-17	2.52485e-18
59652.079641	-1.3333200680e-14	1	1.7e-17	2.52485e-18
59652.079653	-1.5495254819e-14	1	1.7e-17	2.52485e-18
59652.079664	-1.2836195628e-14	1	1.7e-17	2.52485e-18
59652.079676	-1.5130828211e-14	1	1.7e-17	2.52485e-18
59652.079688	-1.4729295630e-14	1	1.7e-17	2.52485e-18
59652.079699	-1.3038760169e-14	1	1.7e-17	2.52485e-18
59652.079711	-1.5435794800e-14	1	1.7e-17	2.52485e-18
59652.079722	-1.4258560458e-14	1	1.7e-17	2.52485e-18
59652.079734	-1.4281216048e-14	1	1.7e-17	2.52485e-18
59652.079745	-1.2744540734e-14	1	1.7e-17	2.52485e-18
59652.079757	-1.2489927712e-14	1	1.7e-17	2.52485e-18
59652.079769	-1.1551824323e-14	1	1.7e-17	2.52485e-18
59652.079780	-1.3650591549e-14	1	1.7e-17	2.52485e-18
59652.079792	-1.6047379693e-14	1	1.7e-17	2.52485e-18
59652.079803	-1.4738559629e-14	1	1.7e-17	2.52485e-18
59652.079815	-1.5887196445e-14	1	1.7e-17	2.52485e-18
59652.079826	-1.4345531260e-14	1	1.7e-17	2.52485e-18
59652.079838	-1.3912240026e-14	1	1.7e-17	2.52485e-18
59652.079850	-1.5652847840e-14	1	1.7e-17	2.52485e-18
59652.079861	-1.2759794950e-14	1	1.7e-17	2.52485e-18
59652.079873	-1.4958577285e-14	1	1.7e-17	2.52485e-18
59652.079884	-1.2903599122e-14	1	1.7e-17	2.52485e-18
59652.079896	-1.3578085528e-14	1	1.7e-17	2.52485e-18
59652.079907	-1.3549720089e-14	1	1.7e-17	2.52485e-18
59652.079919	-1.4201900730e-14	1	1.7e-17	2.52485e-18
59652.079931	-1.3097303698e-14	1	1.7e-17	2.52485e-18
59652.079942	-1.4251685091e-14	1	1.7e-17	2.52485e-18
59652.079954	-1.4501219304e-14	1	1.7e-17	2.52485e-18
59652.079965	-1.5980723282e-14	1	1.7e-17	2.52485e-18
59652.079977	-1.5150248135e-14	1	1.7e-17	2.52485e-18
59652.079988	-1.4556264587e-14	1	1.7e-17	2.52485e-18
59652.080000	-1.7086190217e-14	1	1.7e-17	2.52485e-18
59652.080012	-1.5833371737e-14	1	1.7e-17	2.52485e-18
59652.080023	-1.2844396601e-14	1	1.7e-17	2.52485e-18
59652.080035	-1.1803451554e-14	1	1.7e-17	2.52485e-18
59652.080046	-1.5104447370e-14	1	1.7e-17	2.52485e-18
59652.080058	-1.5631354379e-14	1	1.7e-17	2.52485e-18
59652.080069	-1.4300947681e-14	1	1.7e-17	2.52485e-18
59652.080081	-1.5812511856e-14	1	1.7e-17	2.52485e-18
59652.080093	-1.4611161639e-14	1	1.7e-17	2.52485e-18
59652.080104	-1.3317737246e-14	1	1.7e-17	2.52485e-18
59652.080116	-1.5775348286e-14	1	1.7e-17	2.52485e-18
59652.080127	-1.2453617103e-14	1	1.7e-17	2.52485e-18
59652.080139	-1.1884744694e-14	1	1.7e-17	2.52485e-18
59652.080150	-1.5409329256e-14	1	1.7e-17	2.52485e-18
59652.080162	-1.5488352347e-14	1	1.7e-17	2.52485e-18
59652.080174	-1.4504545602e-14	1	1.7e-17	2.52485e-18
59652.080185	-1.4485434845e-14	1	1.7e-17	2.52485e-18
59652.080197	-1.4117607399e-14	1	1.7e-17	2.52485e-18
59652.080208	-1.2809128690e-14	1	1.7e-17	2.52485e-18
59652.080220	-1.5420416070e-14	1	1.7e-17	2.52485e-18
59652.080231	-1.7051791362e-14	1	1.7e-17	2.52485e-18
59652.080243	-1.5282063402e-14	1	1.7e-17	2.52485e-18
59652.080255	-1.4277494185e-14	1	1.7e-17	2.52485e-18
59652.080266	-1.6327353728e-14	1	1.7e-17	2.52485e-18
59652.080278	-1.5950842501e-14	1	1.7e-17	2.52485e-18
59652.080289	-1.3174049118e-14	1	1.7e-17	2.52485e-18
59652.080301	-1.3230143875e-14	1	1.7e-17	2.52485e-18
59652.080312	-1.3733191660e-14	1	1.7e-17	2.52485e-18
59652.080324	-1.5639769651e-14	1	1.7e-17	2.52485e-18
59652.080336	-1.3516125068e-14	1	1.7e-17	2.52485e-18
59652.080347	-1.1886531086e-14	1	1.7e-17	2.52485e-18
59652.080359	-1.3509625784e-14	1	1.7e-17	2.52485e-18
59652.080370	-1.5099543049e-14	1	1.7e-17	2.52485e-18
59652.080382	-1.4863617268e-14	1	1.7e-17	2.52485e-18
59652.080394	-1.4962809061e-14	1	1.7e-17	2.52485e-18
59652.080405	-1.5123990961e-14	1	1.7e-17	2.52485e-18
59652.080417	-1.5369450097e-14	1	1.7e-17	2.52485e-18
59652.080428	-1.5843725020e-14	1	1.7e-17	2.52485e-18
59652.080440	-1.5706361687e-14	1	1.7e-17	2.52485e-18
59652.080451	-1.4246392830e-14	1	1.7e-17	2.52485e-18
59652.080463	-1.4850015613e-14	1	1.7e-17	2.52485e-18
59652.080475	-1.4456474788e-14	1	1.7e-17	2.52485e-18
59652.080486	-1.5628409245e-14	1	1.7e-17	2.52485e-18
59652.080498	-1.5689880967e-14	1	1.7e-17	2.52485e-18
59652.080509	-1.3351592306e-14	1	1.7e-17	2.52485e-18
59652.080521	-1.4533055884e-14	1	1.7e-17	2.52485e-18
59652.080532	-1.6448174508e-14	1	1.7e-17	2.52485e-18
59652.080544	-1.3651876497e-14	1	1.7e-17	2.52485e-18
59652.080556	-1.5317528672e-14	1	1.7e-17	2.52485e-18
59652.080567	-1.4065774912e-14	1	1.7e-17	2.52485e-18
59652.080579	-1.4107602246e-14	1	1.7e-17	2.52485e-18
59652.080590	-1.4892372342e-14	1	1.7e-17	2.52485e-18
59652.080602	-1.3816683698e-14	1	1.7e-17	2.52485e-18
59652.080613	-1.2325755786e-14	1	1.7e-17	2.52485e-18
59652.080625	-1.1996892703e-14	1	1.7e-17	2.52485e-18
59652.080637	-1.3823377799e-14	1	1.7e-17	2.52485e-18
59652.080648	-1.3397485398e-14	1	1.7e-17	2.52485e-18
59652.080660	-1.4721118374e-14	1	1.7e-17	2.52485e-18
59652.080671	-1.5116721724e-14	1	1.7e-17	2.52485e-18
59652.080683	-1.5178848202e-14	1	1.7e-17	2.52485e-18
59652.080694	-1.7382983785e-14	1	1.7e-17	2.52485e-18
59652.080706	-1.6171244709e-14	1	1.7e-17	2.52485e-18
59652.080718	-1.6319920167e-14	1	1.7e-17	2.52485e-18
59652.080729	-1.5014115541e-14	1	1.7e-17	2.52485e-18
59652.080741	-1.8103827458e-14	1	1.7e-17	2.52485e-18
59652.080752	-2.1281060749e-14	1	1.7e-17	2.52485e-18
59652.080764	-1.6330814705e-14	1	1.7e-17	2.52485e-18
59652.080775	-1.4644019741e-14	1	1.7e-17	2.52485e-18
59652.080787	-1.5193570482e-14	1	1.7e-17	2.52485e-18
59652.080799	-1.6059527840e-14	1	1.7e-17	2.52485e-18
59652.080810	-1.3478916605e-14	1	1.7e-17	2.52485e-18
59652.080822	-1.2182532679e-14	1	1.7e-17	2.52485e-18
59652.080833	-1.3657434728e-14	1	1.7e-17	2.52485e-18
59652.080845	-1.3421667342e-14	1	1.7e-17	2.52485e-18
59652.080856	-1.3512465886e-14	1	1.7e-17	2.52485e-18
59652.080868	-1.3764605571e-14	1	1.7e-17	2.52485e-18
59652.080880	-1.3276296159e-14	1	1.7e-17	2.52485e-18
59652.080891	-1.4309718707e-14	1	1.7e-17	2.52485e-18
59652.080903	-1.3465137073e-14	1	1.7e-17	2.52485e-18
59652.080914	-1.4669930479e-14	1	1.7e-17	2.52485e-18
59652.080926	-1.3224743193e-14	1	1.7e-17	2.52485e-18
59652.080937	-1.5290991977e-14	1	1.7e-17	2.52485e-18
59652.080949	-1.5051863564e-14	1	1.7e-17	2.52485e-18
59652.080961	-1.5013250720e-14	1	1.7e-17	2.52485e-18
59652.080972	-1.5888738045e-14	1	1.7e-17	2.52485e-18
59652.080984	-1.8364429003e-14	1	1.7e-17	2.52485e-18
59652.080995	-1.6001522176e-14	1	1.7e-17	2.52485e-18
59652.081007	-1.2885377749e-14	1	1.7e-17	2.52485e-18
59652.081019	-1.3662506761e-14	1	1.7e-17	2.52485e-18
59652.081030	-1.5638527901e-14	1	1.7e-17	2.52485e-18
59652.081042	-1.8470322521e-14	1	1.7e-17	2.52485e-18
59652.081053	-1.3925211488e-14	1	1.7e-17	2.52485e-18
59652.081065	-1.2390071845e-14	1	1.7e-17	2.52485e-18
59652.081076	-1.2892553812e-14	1	1.7e-17	2.52485e-18
59652.081088	-1.2900426136e-14	1	1.7e-17	2.52485e-18
59652.081100	-1.4601099735e-14	1	1.7e-17	2.52485e-18
59652.081111	-1.4318914943e-14	1	1.7e-17	2.52485e-18
59652.081123	-1.3293765367e-14	1	1.7e-17	2.52485e-18
59652.081134	-1.6433617400e-14	1	1.7e-17	2.52485e-18
59652.081146	-1.4914564606e-14	1	1.7e-17	2.52485e-18
59652.081157	-1.4029053493e-14	1	1.7e-17	2.52485e-18
59652.081169	-1.1756510682e-14	1	1.7e-17	2.52485e-18
59652.081181	-1.5920652553e-14	1	1.7e-17	2.52485e-18
59652.081192	-1.5698391107e-14	1	1.7e-17	2.52485e-18
59652.081204	-1.5168863378e-14	1	1.7e-17	2.52485e-18
59652.081215	-1.4377902318e-14	1	1.7e-17	2.52485e-18
59652.081227	-1.4237799680e-14	1	1.7e-17	2.52485e-18
59652.081238	-1.3248134008e-14	1	1.7e-17	2.52485e-18
59652.081250	-1.1953903240e-14	1	1.7e-17	2.52485e-18
59652.081262	-1.2665835279e-14	1	1.7e-17	2.52485e-18
59652.081273	-1.4725778749e-14	1	1.7e-17	2.52485e-18
59652.081285	-1.4017234842e-14	1	1.7e-17	2.52485e-18
59652.081296	-1.5197203406e-14	1	1.7e-17	2.52485e-18
59652.081308	-1.3360737721e-14	1	1.7e-17	2.52485e-18
59652.081319	-1.4319753506e-14	1	1.7e-17	2.52485e-18
59652.081331	-1.2375784093e-14	1	1.7e-17	2.52485e-18
59652.081343	-1.1919913502e-14	1	1.7e-17	2.52485e-18
59652.081354	-1.2991918400e-14	1	1.7e-17	2.52485e-18
59652.081366	-1.4371963770e-14	1	1.7e-17	2.52485e-18
59652.081377	-1.3831003637e-14	1	1.7e-17	2.52485e-18
59652.081389	-1.5223458040e-14	1	1.7e-17	2.52485e-18
59652.081400	-1.4885872212e-14	1	1.7e-17	2.52485e-18
59652.081412	-1.3495231306e-14	1	1.7e-17	2.52485e-18
59652.081424	-1.5081877330e-14	1	1.7e-17	2.52485e-18
59652.081435	-1.4165085290e-14	1	1.7e-17	2.52485e-18
59652.081447	-1.5019912634e-14	1	1.7e-17	2.52485e-18
59652.081458	-1.4735589085e-14	1	1.7e-17	2.52485e-18
59652.081470	-1.5874116563e-14	1	1.7e-17	2.52485e-18
59652.081481	-1.5411004687e-14	1	1.7e-17	2.52485e-18
59652.081493	-1.2598335224e-14	1	1.7e-17	2.52485e-18
59652.081505	-1.5492793341e-14	1	1.7e-17	2.52485e-18
59652.081516	-1.4452165932e-14	1	1.7e-17	2.52485e-18
59652.081528	-1.4769498355e-14	1	1.7e-17	2.52485e-18
59652.081539	-1.4599802080e-14	1	1.7e-17	2.52485e-18
59652.081551	-1.1974498846e-14	1	1.7e-17	2.52485e-18
59652.081562	-1.4301861629e-14	1	1.7e-17	2.52485e-18
59652.081574	-1.3996818807e-14	1	1.7e-17	2.52485e-18
59652.081586	-1.3733300081e-14	1	1.7e-17	2.52485e-18
59652.081597	-1.0222952449e-14	1	1.7e-17	2.52485e-18
59652.081609	-1.1295163176e-14	1	1.7e-17	2.52485e-18
59652.081620	-1.0969937252e-14	1	1.7e-17	2.52485e-18
59652.081632	-1.1067527306e-14	1	1.7e-17	2.52485e-18
59652.081644	-1.1266672376e-14	1	1.7e-17	2.52485e-18
59652.081655	-1.1859923240e-14	1	1.7e-17	2.52485e-18
59652.081667	-1.3951036676e-14	1	1.7e-17	2.52485e-18
59652.081678	-1.3030106033e-14	1	1.7e-17	2.52485e-18
59652.081690	-1.3601383169e-14	1	1.7e-17	2.52485e-18
59652.081701	-1.5260069345e-14	1	1.7e-17	2.52485e-18
59652.081713	-1.3915662039e-14	1	1.7e-17	2.52485e-18
59652.081725	-1.6654947956e-14	1	1.7e-17	2.52485e-18
59652.081736	-1.5692566909e-14	1	1.7e-17	2.52485e-18
59652.081748	-1.5133564127e-14	1	1.7e-17	2.52485e-18
59652.081759	-1.5327916684e-14	1	1.7e-17	2.52485e-18
59652.081771	-1.4072834932e-14	1	1.7e-17	2.52485e-18
59652.081782	-1.4410229330e-14	1	1.7e-17	2.52485e-18
59652.081794	-1.3243881903e-14	1	1.7e-17	2.52485e-18
59652.081806	-1.4458577971e-14	1	1.7e-17	2.52485e-18
59652.081817	-1.2277341924e-14	1	1.7e-17	2.52485e-18
59652.082025	-1.4608103850e-14	1	1.7e-17	2.52485e-18
59652.082153	-1.6206920043e-14	1	1.7e-17	2.52485e-18
59652.082164	-1.5587672043e-14	1	1.7e-17	2.52485e-18
59652.082176	-1.3438297140e-14	1	1.7e-17	2.52485e-18
59652.082187	-1.4938542414e-14	1	1.7e-17	2.52485e-18
59652.082199	-1.6179960678e-14	1	1.7e-17	2.52485e-18
59652.082211	-1.4446737297e-14	1	1.7e-17	2.52485e-18
59652.082222	-1.4157787254e-14	1	1.7e-17	2.52485e-18
59652.082234	-1.4365238328e-14	1	1.7e-17	2.52485e-18
59652.082245	-1.4569203862e-14	1	1.7e-17	2.52485e-18
59652.082257	-1.4335025510e-14	1	1.7e-17	2.52485e-18
59652.082269	-1.6532364501e-14	1	1.7e-17	2.52485e-18
59652.082280	-1.4723140242e-14	1	1.7e-17	2.52485e-18
59652.082292	-1.6103815804e-14	1	1.7e-17	2.52485e-18
59652.082303	-1.5580352831e-14	1	1.7e-17	2.52485e-18
59652.082315	-1.6837891826e-14	1	1.7e-17	2.52485e-18
59652.082326	-1.5310786290e-14	1	1.7e-17	2.52485e-18
59652.082338	-1.3299454887e-14	1	1.7e-17	2.52485e-18
59652.082350	-1.3502612352e-14	1	1.7e-17	2.52485e-18
59652.082361	-1.1755936394e-14	1	1.7e-17	2.52485e-18
59652.082373	-1.0568906115e-14	1	1.7e-17	2.52485e-18
59652.082384	-1.2283862383e-14	1	1.7e-17	2.52485e-18
59652.082396	-1.3247376761e-14	1	1.7e-17	2.52485e-18
59652.082407	-1.5411920329e-14	1	1.7e-17	2.52485e-18
59652.082419	-1.4261914708e-14	1	1.7e-17	2.52485e-18
59652.082431	-1.3373309384e-14	1	1.7e-17	2.52485e-18
59652.082442	-1.6602088018e-14	1	1.7e-17	2.52485e-18
59652.082454	-1.5425933642e-14	1	1.7e-17	2.52485e-18
59652.082465	-1.3137010062e-14	1	1.7e-17	2.52485e-18
59652.082477	-1.0696223638e-14	1	1.7e-17	2.52485e-18
59652.082488	-1.3061663093e-14	1	1.7e-17	2.52485e-18
59652.082500	-1.3791508185e-14	1	1.7e-17	2.52485e-18
59652.082512	-1.3635544008e-14	1	1.7e-17	2.52485e-18
59652.082523	-1.4717567612e-14	1	1.7e-17	2.52485e-18
59652.082535	-1.5901451163e-14	1	1.7e-17	2.52485e-18
59652.082546	-1.4899819456e-14	1	1.7e-17	2.52485e-18
59652.082558	-1.7666556016e-14	1	1.7e-17	2.52485e-18
59652.082569	-1.6315273344e-14	1	1.7e-17	2.52485e-18
59652.082581	-1.4319230040e-14	1	1.7e-17	2.52485e-18
59652.082593	-1.2358996747e-14	1	1.7e-17	2.52485e-18
59652.082604	-1.3298652747e-14	1	1.7e-17	2.52485e-18
59652.082616	-1.5504562017e-14	1	1.7e-17	2.52485e-18
59652.082627	-1.6813127970e-14	1	1.7e-17	2.52485e-18
59652.082639	-1.6685087929e-14	1	1.7e-17	2.52485e-18
59652.082650	-1.5617658703e-14	1	1.7e-17	2.52485e-18
59652.082662	-1.5996753381e-14	1	1.7e-17	2.52485e-18
59652.082674	-1.5604389085e-14	1	1.7e-17	2.52485e-18
59652.082847	-1.1652212127e-14	1	1.7e-17	2.52485e-18
59652.082859	-1.0325913539e-14	1	1.7e-17	2.52485e-18
59652.082870	-1.6159377777e-14	1	1.7e-17	2.52485e-18
59652.082882	-1.4729191445e-14	1	1.7e-17	2.52485e-18
59652.082894	-1.4399880282e-14	1	1.7e-17	2.52485e-18
59652.082905	-1.2122117207e-14	1	1.7e-17	2.52485e-18
59652.082917	-1.5713690216e-14	1	1.7e-17	2.52485e-18
59652.082928	-1.4824385243e-14	1	1.7e-17	2.52485e-18
59652.082940	-1.7605617078e-14	1	1.7e-17	2.52485e-18
59652.082963	-1.4680014406e-14	1	1.7e-17	2.52485e-18
59652.082975	-1.4945591422e-14	1	1.7e-17	2.52485e-18
59652.082986	-1.6014036241e-14	1	1.7e-17	2.52485e-18
59652.082998	-1.5828597012e-14	1	1.7e-17	2.52485e-18
59652.083009	-1.4361752788e-14	1	1.7e-17	2.52485e-18
59652.083021	-1.2894257195e-14	1	1.7e-17	2.52485e-18
59652.083044	-1.7780782645e-14	1	1.7e-17	2.52485e-18
59652.083056	-1.8084128013e-14	1	1.7e-17	2.52485e-18
59652.083067	-1.2807731086e-14	1	1.7e-17	2.52485e-18
59652.083079	-1.3654249037e-14	1	1.7e-17	2.52485e-18
59652.083090	-1.2309945916e-14	1	1.7e-17	2.52485e-18
59652.083102	-1.6345510726e-14	1	1.7e-17	2.52485e-18
59652.083113	-1.5728181256e-14	1	1.7e-17	2.52485e-18
59652.083125	-1.4983643531e-14	1	1.7e-17	2.52485e-18
59652.083137	-1.6491737412e-14	1	1.7e-17	2.52485e-18
59652.083148	-1.6409720059e-14	1	1.7e-17	2.52485e-18
59652.083160	-1.3808325177e-14	1	1.7e-17	2.52485e-18
59652.083171	-1.4920221092e-14	1	1.7e-17	2.52485e-18
59652.083183	-1.6344156321e-14	1	1.7e-17	2.52485e-18
59652.083194	-1.7354398964e-14	1	1.7e-17	2.52485e-18
59652.083206	-1.4418322730e-14	1	1.7e-17	2.52485e-18
59652.083218	-1.5232014767e-14	1	1.7e-17	2.52485e-18
59652.083229	-1.4813805801e-14	1	1.7e-17	2.52485e-18
59652.083241	-1.4821017440e-14	1	1.7e-17	2.52485e-18
59652.083252	-1.2617120720e-14	1	1.7e-17	2.52485e-18
59652.083264	-1.5721475296e-14	1	1.7e-17	2.52485e-18
59652.083275	-1.4142724467e-14	1	1.7e-17	2.52485e-18
59652.083287	-1.4908747183e-14	1	1.7e-17	2.52485e-18
59652.083299	-1.4609411669e-14	1	1.7e-17	2.52485e-18
59652.083310	-1.5393886151e-14	1	1.7e-17	2.52485e-18
59652.083322	-1.3865022174e-14	1	1.7e-17	2.52485e-18
59652.083333	-1.5308899947e-14	1	1.7e-17	2.52485e-18
59652.083345	-1.3462861095e-14	1	1.7e-17	2.52485e-18
59652.083356	-1.3919413548e-14	1	1.7e-17	2.52485e-18
59652.083368	-1.3483833631e-14	1	1.7e-17	2.52485e-18
59652.083380	-1.4104296276e-14	1	1.7e-17	2.52485e-18
59652.083391	-1.1151481824e-14	1	1.7e-17	2.52485e-18
59652.083403	-1.2774506218e-14	1	1.7e-17	2.52485e-18
59652.083414	-1.2892471650e-14	1	1.7e-17	2.52485e-18
59652.083426	-1.2412366599e-14	1	1.7e-17	2.52485e-18
59652.083623	-1.4910942693e-14	1	1.7e-17	2.52485e-18
59652.083634	-1.1498589150e-14	1	1.7e-17	2.52485e-18
59652.083646	-1.2893464372e-14	1	1.7e-17	2.52485e-18
59652.083657	-1.6289083086e-14	1	1.7e-17	2.52485e-18
59652.083669	-1.5713021060e-14	1	1.7e-17	2.52485e-18
59652.083681	-1.3080806037e-14	1	1.7e-17	2.52485e-18
59652.083762	-1.3614486769e-14	1	1.7e-17	2.52485e-18
59652.083773	-1.2028945277e-14	1	1.7e-17	2.52485e-18
59652.083785	-1.4946092019e-14	1	1.7e-17	2.52485e-18
59652.083796	-1.6107836670e-14	1	1.7e-17	2.52485e-18
59652.083808	-1.3578400624e-14	1	1.7e-17	2.52485e-18
59652.083819	-1.4923638023e-14	1	1.7e-17	2.52485e-18
59652.083831	-1.6418812958e-14	1	1.7e-17	2.52485e-18
59652.083854	-1.6885374799e-14	1	1.7e-17	2.52485e-18
59652.083866	-1.7260147914e-14	1	1.7e-17	2.52485e-18
59652.083877	-1.5965327611e-14	1	1.7e-17	2.52485e-18
59652.083889	-1.5897370158e-14	1	1.7e-17	2.52485e-18
59652.083900	-1.3461858208e-14	1	1.7e-17	2.52485e-18
59652.083912	-1.6800576636e-14	1	1.7e-17	2.52485e-18
59652.083924	-1.6790331773e-14	1	1.7e-17	2.52485e-18
59652.083935	-1.4008801782e-14	1	1.7e-17	2.52485e-18
59652.083947	-1.3316766547e-14	1	1.7e-17	2.52485e-18
59652.083958	-1.4761165245e-14	1	1.7e-17	2.52485e-18
59652.083970	-1.4299073197e-14	1	1.7e-17	2.52485e-18
59652.083981	-1.3661828288e-14	1	1.7e-17	2.52485e-18
59652.083993	-1.5287711418e-14	1	1.7e-17	2.52485e-18
59652.084005	-1.6428817264e-14	1	1.7e-17	2.52485e-18
59652.084016	-1.5293276424e-14	1	1.7e-17	2.52485e-18
59652.084028	-1.6241434941e-14	1	1.7e-17	2.52485e-18
59652.084039	-1.7090837040e-14	1	1.7e-17	2.52485e-18
59652.084051	-1.5674791075e-14	1	1.7e-17	2.52485e-18
59652.084062	-1.5176918661e-14	1	1.7e-17	2.52485e-18
59652.084074	-1.6600958076e-14	1	1.7e-17	2.52485e-18
59652.084086	-1.5395223616e-14	1	1.7e-17	2.52485e-18
59652.084097	-1.5914685206e-14	1	1.7e-17	2.52485e-18
59652.084109	-1.3708401547e-14	1	1.7e-17	2.52485e-18
59652.084120	-1.1831499356e-14	1	1.7e-17	2.52485e-18
59652.084132	-1.1516051581e-14	1	1.7e-17	2.52485e-18
59652.084144	-1.3370509093e-14	1	1.7e-17	2.52485e-18
59652.084155	-1.4063141487e-14	1	1.7e-17	2.52485e-18
59652.084167	-1.2977805984e-14	1	1.7e-17	2.52485e-18
59652.084178	-1.1107024453e-14	1	1.7e-17	2.52485e-18
59652.084190	-1.4447457275e-14	1	1.7e-17	2.52485e-18
59652.084201	-1.4916979497e-14	1	1.7e-17	2.52485e-18
59652.084213	-1.4893234622e-14	1	1.7e-17	2.52485e-18
59652.084225	-1.4397749147e-14	1	1.7e-17	2.52485e-18
59652.084236	-1.7856489602e-14	1	1.7e-17	2.52485e-18
59652.084271	-1.4800998663e-14	1	1.7e-17	2.52485e-18
59652.084282	-1.3459123139e-14	1	1.7e-17	2.52485e-18
59652.084317	-1.4036204145e-14	1	1.7e-17	2.52485e-18
59652.084329	-1.2010995802e-14	1	1.7e-17	2.52485e-18
59652.084340	-1.3062017153e-14	1	1.7e-17	2.52485e-18
59652.084375	-1.5243784289e-14	1	1.7e-17	2.52485e-18
59652.084387	-1.5730617323e-14	1	1.7e-17	2.52485e-18
59652.084398	-1.5081508870e-14	1	1.7e-17	2.52485e-18
59652.084410	-1.6000144054e-14	1	1.7e-17	2.52485e-18
59652.084421	-1.4597894562e-14	1	1.7e-17	2.52485e-18
59652.084433	-1.3614286022e-14	1	1.7e-17	2.52485e-18
59652.084444	-1.2925638072e-14	1	1.7e-17	2.52485e-18
59652.084456	-1.6685934962e-14	1	1.7e-17	2.52485e-18
59652.084468	-1.6706499228e-14	1	1.7e-17	2.52485e-18
59652.084479	-1.6313678381e-14	1	1.7e-17	2.52485e-18
59652.084491	-1.6586436543e-14	1	1.7e-17	2.52485e-18
59652.084502	-1.5872733358e-14	1	1.7e-17	2.52485e-18
59652.084514	-1.3576903917e-14	1	1.7e-17	2.52485e-18
59652.084525	-1.4475666014e-14	1	1.7e-17	2.52485e-18
59652.084537	-1.4200772482e-14	1	1.7e-17	2.52485e-18
59652.084549	-1.2031680346e-14	1	1.7e-17	2.52485e-18
59652.084572	-1.4304534865e-14	1	1.7e-17	2.52485e-18
59652.084583	-9.0441409312e-15	1	1.7e-17	2.52485e-18
59652.084595	-1.0203414787e-14	1	1.7e-17	2.52485e-18
59652.084606	-1.1408364894e-14	1	1.7e-17	2.52485e-18
59652.084618	-1.2587693949e-14	1	1.7e-17	2.52485e-18
59652.084630	-9.7482235161e-15	1	1.7e-17	2.52485e-18
59652.084641	-1.0524164141e-14	1	1.7e-17	2.52485e-18
59652.084653	-1.5164763739e-14	1	1.7e-17	2.52485e-18
59652.084664	-1.4715184908e-14	1	1.7e-17	2.52485e-18
59652.084676	-1.4100737044e-14	1	1.7e-17	2.52485e-18
59652.084687	-1.5416435015e-14	1	1.7e-17	2.52485e-18
59652.084699	-1.4182883146e-14	1	1.7e-17	2.52485e-18
59652.084711	-1.2378478505e-14	1	1.7e-17	2.52485e-18
59652.084722	-1.3535719481e-14	1	1.7e-17	2.52485e-18
59652.084734	-1.4799057264e-14	1	1.7e-17	2.52485e-18
59652.084745	-1.3656934978e-14	1	1.7e-17	2.52485e-18
59652.084757	-1.2606407448e-14	1	1.7e-17	2.52485e-18
59652.084769	-1.2934546317e-14	1	1.7e-17	2.52485e-18
59652.084780	-1.4445524346e-14	1	1.7e-17	2.52485e-18
59652.084792	-1.4122354172e-14	1	1.7e-17	2.52485e-18
59652.084803	-1.8904138068e-14	1	1.7e-17	2.52485e-18
59652.084815	-1.7469033862e-14	1	1.7e-17	2.52485e-18
59652.084826	-8.9676614794e-15	1	1.7e-17	2.52485e-18
59652.084838	-1.0939751539e-14	1	1.7e-17	2.52485e-18
59652.084850	-1.1512162005e-14	1	1.7e-17	2.52485e-18
59652.084861	-1.6509533574e-14	1	1.7e-17	2.52485e-18
59652.084873	-1.1388194498e-14	1	1.7e-17	2.52485e-18
59652.084884	-1.4251419970e-14	1	1.7e-17	2.52485e-18
59652.084896	-1.0756456151e-14	1	1.7e-17	2.52485e-18
59652.084907	-1.5062338821e-14	1	1.7e-17	2.52485e-18
59652.084919	-1.5703923079e-14	1	1.7e-17	2.52485e-18
59652.084931	-1.6292333998e-14	1	1.7e-17	2.52485e-18
59652.084942	-1.6149473421e-14	1	1.7e-17	2.52485e-18
59652.084954	-1.5541755234e-14	1	1.7e-17	2.52485e-18
59652.084965	-1.5672299951e-14	1	1.7e-17	2.52485e-18
59652.084977	-1.4998295506e-14	1	1.7e-17	2.52485e-18
59652.084988	-1.5453422403e-14	1	1.7e-17	2.52485e-18
59652.085000	-1.7471612231e-14	1	1.7e-17	2.52485e-18
59652.085012	-1.6693934341e-14	1	1.7e-17	2.52485e-18
59652.085023	-1.3537721867e-14	1	1.7e-17	2.52485e-18
59652.085035	-1.2089008383e-14	1	1.7e-17	2.52485e-18
59652.085046	-1.3123636258e-14	1	1.7e-17	2.52485e-18
59652.085058	-1.4038284458e-14	1	1.7e-17	2.52485e-18
59652.085069	-1.5039761157e-14	1	1.7e-17	2.52485e-18
59652.085081	-1.4254378656e-14	1	1.7e-17	2.52485e-18
59652.085093	-1.4601949309e-14	1	1.7e-17	2.52485e-18
59652.085104	-1.3952074291e-14	1	1.7e-17	2.52485e-18
59652.085116	-1.5882761381e-14	1	1.7e-17	2.52485e-18
59652.085127	-1.4027557632e-14	1	1.7e-17	2.52485e-18
59652.085139	-1.3726785550e-14	1	1.7e-17	2.52485e-18
59652.085150	-1.3916094873e-14	1	1.7e-17	2.52485e-18
59652.085162	-1.6192739017e-14	1	1.7e-17	2.52485e-18
59652.085174	-1.7770866430e-14	1	1.7e-17	2.52485e-18
59652.085185	-1.2992562145e-14	1	1.7e-17	2.52485e-18
59652.085197	-1.5343093820e-14	1	1.7e-17	2.52485e-18
59652.085208	-1.3513341718e-14	1	1.7e-17	2.52485e-18
59652.085220	-1.8596634615e-14	1	1.7e-17	2.52485e-18
59652.085231	-1.5061821283e-14	1	1.7e-17	2.52485e-18
59652.085243	-1.4384129704e-14	1	1.7e-17	2.52485e-18
59652.085255	-1.2521087513e-14	1	1.7e-17	2.52485e-18
59652.085266	-1.4990811123e-14	1	1.7e-17	2.52485e-18
59652.085278	-1.3700515670e-14	1	1.7e-17	2.52485e-18
59652.085289	-1.6427496739e-14	1	1.7e-17	2.52485e-18
59652.085301	-1.3376456958e-14	1	1.7e-17	2.52485e-18
59652.085312	-1.4493970396e-14	1	1.7e-17	2.52485e-18
59652.085324	-1.3073310643e-14	1	1.7e-17	2.52485e-18
59652.085336	-1.7141421000e-14	1	1.7e-17	2.52485e-18
59652.085347	-1.4669479857e-14	1	1.7e-17	2.52485e-18
59652.085359	-1.4236542683e-14	1	1.7e-17	2.52485e-18
59652.085370	-1.4090310915e-14	1	1.7e-17	2.52485e-18
59652.085382	-1.3777139118e-14	1	1.7e-17	2.52485e-18
59652.085394	-1.5044477437e-14	1	1.7e-17	2.52485e-18
59652.085405	-1.6797306242e-14	1	1.7e-17	2.52485e-18
59652.085417	-1.6390575420e-14	1	1.7e-17	2.52485e-18
59652.085428	-1.6831277345e-14	1	1.7e-17	2.52485e-18
59652.085440	-1.4544968555e-14	1	1.7e-17	2.52485e-18
59652.085451	-1.5244129032e-14	1	1.7e-17	2.52485e-18
59652.085463	-1.6235114381e-14	1	1.7e-17	2.52485e-18
59652.085475	-1.4639302615e-14	1	1.7e-17	2.52485e-18
59652.085486	-1.3572503581e-14	1	1.7e-17	2.52485e-18
59652.085498	-1.2417513171e-14	1	1.7e-17	2.52485e-18
59652.085509	-1.3572422266e-14	1	1.7e-17	2.52485e-18
59652.085521	-1.3435053004e-14	1	1.7e-17	2.52485e-18
59652.085532	-1.2978715697e-14	1	1.7e-17	2.52485e-18
59652.085544	-1.4007947126e-14	1	1.7e-17	2.52485e-18
59652.085556	-1.3142028732e-14	1	1.7e-17	2.52485e-18
59652.085567	-1.4423520971e-14	1	1.7e-17	2.52485e-18
59652.085579	-1.6578193218e-14	1	1.7e-17	2.52485e-18
59652.085590	-1.4761015320e-14	1	1.7e-17	2.52485e-18
59652.085602	-1.5723913904e-14	1	1.7e-17	2.52485e-18
59652.085613	-1.4842432974e-14	1	1.7e-17	2.52485e-18
59652.085625	-1.6095257383e-14	1	1.7e-17	2.52485e-18
59652.085637	-1.5884261476e-14	1	1.7e-17	2.52485e-18
59652.085648	-1.6093274479e-14	1	1.7e-17	2.52485e-18
59652.085752	-1.5032033676e-14	1	1.7e-17	2.52485e-18
59652.085764	-1.5602967764e-14	1	1.7e-17	2.52485e-18
59652.085775	-1.5144783078e-14	1	1.7e-17	2.52485e-18
59652.085787	-1.6061250705e-14	1	1.7e-17	2.52485e-18
59652.085799	-1.5279460470e-14	1	1.7e-17	2.52485e-18
59652.085810	-1.5258554003e-14	1	1.7e-17	2.52485e-18
59652.085822	-1.4401974994e-14	1	1.7e-17	2.52485e-18
59652.085833	-1.3603644747e-14	1	1.7e-17	2.52485e-18
59652.085845	-1.3690347887e-14	1	1.7e-17	2.52485e-18
59652.085856	-1.3841373014e-14	1	1.7e-17	2.52485e-18
59652.085868	-1.2317550578e-14	1	1.7e-17	2.52485e-18
59652.085880	-1.3334544074e-14	1	1.7e-17	2.52485e-18
59652.085891	-1.4276963096e-14	1	1.7e-17	2.52485e-18
59652.085903	-1.6424737953e-14	1	1.7e-17	2.52485e-18
59652.085914	-1.6281079471e-14	1	1.7e-17	2.52485e-18
59652.085926	-1.5801007455e-14	1	1.7e-17	2.52485e-18
59652.085938	-1.6272897133e-14	1	1.7e-17	2.52485e-18
59652.085949	-1.5696248114e-14	1	1.7e-17	2.52485e-18
59652.085961	-1.5846333882e-14	1	1.7e-17	2.52485e-18
59652.085972	-1.5082466017e-14	1	1.7e-17	2.52485e-18
59652.085984	-1.2926332639e-14	1	1.7e-17	2.52485e-18
59652.085995	-1.5952438311e-14	1	1.7e-17	2.52485e-18
59652.086007	-1.1917607878e-14	1	1.7e-17	2.52485e-18
59652.086019	-1.5531966074e-14	1	1.7e-17	2.52485e-18
59652.086030	-1.0213175147e-14	1	1.7e-17	2.52485e-18
59652.086042	-1.2522557962e-14	1	1.7e-17	2.52485e-18
59652.086053	-1.4432025182e-14	1	1.7e-17	2.52485e-18
59652.086065	-1.3526279299e-14	1	1.7e-17	2.52485e-18
59652.086076	-1.2981862425e-14	1	1.7e-17	2.52485e-18
59652.086088	-1.0195011373e-14	1	1.7e-17	2.52485e-18
59652.086100	-1.4602439741e-14	1	1.7e-17	2.52485e-18
59652.086111	-1.5072613330e-14	1	1.7e-17	2.52485e-18
59652.086123	-1.2054125872e-14	1	1.7e-17	2.52485e-18
59652.086134	-1.6262165226e-14	1	1.7e-17	2.52485e-18
59652.086146	-1.3054387080e-14	1	1.7e-17	2.52485e-18
59652.086157	-1.6360418506e-14	1	1.7e-17	2.52485e-18
59652.086169	-1.4732398312e-14	1	1.7e-17	2.52485e-18
59652.086181	-1.9087728224e-14	1	1.7e-17	2.52485e-18
59652.086192	-1.7531111213e-14	1	1.7e-17	2.52485e-18
59652.086204	-1.6669339045e-14	1	1.7e-17	2.52485e-18
59652.086215	-1.4118982134e-14	1	1.7e-17	2.52485e-18
59652.086227	-1.5466639505e-14	1	1.7e-17	2.52485e-18
59652.086238	-1.3782123060e-14	1	1.7e-17	2.52485e-18
59652.086331	-1.4734629397e-14	1	1.7e-17	2.52485e-18
59652.086343	-1.6743030912e-14	1	1.7e-17	2.52485e-18
59652.086354	-1.4728348647e-14	1	1.7e-17	2.52485e-18
59652.086366	-1.7016486182e-14	1	1.7e-17	2.52485e-18
59652.086377	-1.5691602985e-14	1	1.7e-17	2.52485e-18
59652.086389	-1.3070840695e-14	1	1.7e-17	2.52485e-18
59652.086400	-1.4175325918e-14	1	1.7e-17	2.52485e-18
59652.086412	-1.6105403144e-14	1	1.7e-17	2.52485e-18
59652.086424	-1.2793349313e-14	1	1.7e-17	2.52485e-18
59652.086435	-1.2657366644e-14	1	1.7e-17	2.52485e-18
59652.086447	-1.4331097818e-14	1	1.7e-17	2.52485e-18
59652.086458	-1.7089904456e-14	1	1.7e-17	2.52485e-18
59652.086470	-1.3900662780e-14	1	1.7e-17	2.52485e-18
59652.086481	-1.3663730724e-14	1	1.7e-17	2.52485e-18
59652.086493	-1.7199312314e-14	1	1.7e-17	2.52485e-18
59652.086505	-1.8954198562e-14	1	1.7e-17	2.52485e-18
59652.086516	-1.7235727954e-14	1	1.7e-17	2.52485e-18
59652.086528	-1.4834918098e-14	1	1.7e-17	2.52485e-18
59652.086539	-1.4935127177e-14	1	1.7e-17	2.52485e-18
59652.086551	-1.6376314774e-14	1	1.7e-17	2.52485e-18
59652.086563	-1.2642057370e-14	1	1.7e-17	2.52485e-18
59652.086574	-1.5994056428e-14	1	1.7e-17	2.52485e-18
59652.086586	-1.2456878180e-14	1	1.7e-17	2.52485e-18
59652.086597	-1.5232231607e-14	1	1.7e-17	2.52485e-18
59652.086609	-1.2945102042e-14	1	1.7e-17	2.52485e-18
59652.086620	-1.4656164500e-14	1	1.7e-17	2.52485e-18
59652.086632	-8.3746638774e-15	1	1.7e-17	2.52485e-18
59652.086644	-1.2036466929e-14	1	1.7e-17	2.52485e-18
59652.086655	-1.2969549107e-14	1	1.7e-17	2.52485e-18
59652.086667	-1.4641720047e-14	1	1.7e-17	2.52485e-18
59652.086678	-1.1404189869e-14	1	1.7e-17	2.52485e-18
59652.086690	-1.1757055324e-14	1	1.7e-17	2.52485e-18
59652.086701	-1.3914719291e-14	1	1.7e-17	2.52485e-18
59652.086713	-1.4821694219e-14	1	1.7e-17	2.52485e-18
59652.086725	-1.5030337069e-14	1	1.7e-17	2.52485e-18
59652.086736	-1.4765381775e-14	1	1.7e-17	2.52485e-18
59652.086748	-1.2771470452e-14	1	1.7e-17	2.52485e-18
59652.086759	-1.4288139695e-14	1	1.7e-17	2.52485e-18
59652.086771	-1.4044790518e-14	1	1.7e-17	2.52485e-18
59652.086782	-1.3951260293e-14	1	1.7e-17	2.52485e-18
59652.086794	-1.4575770908e-14	1	1.7e-17	2.52485e-18
59652.086806	-1.7097908071e-14	1	1.7e-17	2.52485e-18
59652.086817	-1.5040536193e-14	1	1.7e-17	2.52485e-18
59652.086829	-1.4479821557e-14	1	1.7e-17	2.52485e-18
59652.086840	-1.7337910621e-14	1	1.7e-17	2.52485e-18
59652.086852	-1.6175763630e-14	1	1.7e-17	2.52485e-18
59652.086863	-1.6722027883e-14	1	1.7e-17	2.52485e-18
59652.086875	-1.1718620357e-14	1	1.7e-17	2.52485e-18
59652.086887	-1.3135011911e-14	1	1.7e-17	2.52485e-18
59652.086898	-1.3178658672e-14	1	1.7e-17	2.52485e-18
59652.086910	-1.5229874314e-14	1	1.7e-17	2.52485e-18
59652.086921	-1.2888755716e-14	1	1.7e-17	2.52485e-18
59652.086933	-1.2698253771e-14	1	1.7e-17	2.52485e-18
59652.086944	-1.2663555914e-14	1	1.7e-17	2.52485e-18
59652.086956	-1.5477353625e-14	1	1.7e-17	2.52485e-18
59652.086968	-1.7225730425e-14	1	1.7e-17	2.52485e-18
59652.086979	-1.3647710789e-14	1	1.7e-17	2.52485e-18
59652.086991	-1.4589194687e-14	1	1.7e-17	2.52485e-18
59652.087002	-1.4680075393e-14	1	1.7e-17	2.52485e-18
59652.087014	-1.4345197529e-14	1	1.7e-17	2.52485e-18
59652.087025	-1.1783367556e-14	1	1.7e-17	2.52485e-18
59652.087037	-1.3639331093e-14	1	1.7e-17	2.52485e-18
59652.087049	-1.4631721670e-14	1	1.7e-17	2.52485e-18
59652.087072	-1.6379901111e-14	1	1.7e-17	2.52485e-18
59652.087083	-1.4534610189e-14	1	1.7e-17	2.52485e-18
59652.087095	-1.4509228000e-14	1	1.7e-17	2.52485e-18
59652.087106	-1.4703176522e-14	1	1.7e-17	2.52485e-18
59652.087118	-1.2890295622e-14	1	1.7e-17	2.52485e-18
59652.087130	-1.3653062344e-14	1	1.7e-17	2.52485e-18
59652.087141	-1.4302269899e-14	1	1.7e-17	2.52485e-18
59652.087153	-1.3619613860e-14	1	1.7e-17	2.52485e-18
59652.087164	-1.1608486592e-14	1	1.7e-17	2.52485e-18
59652.087176	-1.2162889985e-14	1	1.7e-17	2.52485e-18
59652.087188	-1.1822483537e-14	1	1.7e-17	2.52485e-18
59652.087199	-1.2469410033e-14	1	1.7e-17	2.52485e-18
59652.087211	-1.3929841371e-14	1	1.7e-17	2.52485e-18
59652.087222	-1.4708888912e-14	1	1.7e-17	2.52485e-18
59652.087234	-1.3447224867e-14	1	1.7e-17	2.52485e-18
59652.087245	-1.5393587148e-14	1	1.7e-17	2.52485e-18
59652.087257	-1.2581121820e-14	1	1.7e-17	2.52485e-18
59652.087269	-1.4290292006e-14	1	1.7e-17	2.52485e-18
59652.087280	-1.7553406814e-14	1	1.7e-17	2.52485e-18
59652.087292	-1.5956421060e-14	1	1.7e-17	2.52485e-18
59652.087303	-1.4624514266e-14	1	1.7e-17	2.52485e-18
59652.087315	-1.5812974336e-14	1	1.7e-17	2.52485e-18
59652.087326	-1.8554185559e-14	1	1.7e-17	2.52485e-18
59652.087338	-1.6146595203e-14	1	1.7e-17	2.52485e-18
59652.087350	-1.4561190930e-14	1	1.7e-17	2.52485e-18
59652.087373	-2.0992050566e-14	1	1.7e-17	2.52485e-18
59652.087396	-1.4140986356e-14	1	1.7e-17	2.52485e-18
59652.087407	-1.6273241028e-14	1	1.7e-17	2.52485e-18
59652.087419	-1.6384891829e-14	1	1.7e-17	2.52485e-18
59652.087431	-1.0719797412e-14	1	1.7e-17	2.52485e-18
59652.087442	-1.4038641906e-14	1	1.7e-17	2.52485e-18
59652.087454	-1.5217819341e-14	1	1.7e-17	2.52485e-18
59652.087465	-1.8670385774e-14	1	1.7e-17	2.52485e-18
59652.087477	-1.4444120813e-14	1	1.7e-17	2.52485e-18
59652.087488	-1.3063127613e-14	1	1.7e-17	2.52485e-18
59652.087500	-1.2158272808e-14	1	1.7e-17	2.52485e-18
59652.087512	-1.5839228969e-14	1	1.7e-17	2.52485e-18
59652.087523	-1.6481051245e-14	1	1.7e-17	2.52485e-18
59652.087535	-1.3341979329e-14	1	1.7e-17	2.52485e-18
59652.087546	-1.2187315874e-14	1	1.7e-17	2.52485e-18
59652.087558	-1.5079740265e-14	1	1.7e-17	2.52485e-18
59652.087569	-1.6353163669e-14	1	1.7e-17	2.52485e-18
59652.087581	-1.5929168622e-14	1	1.7e-17	2.52485e-18
59652.087593	-1.4576935579e-14	1	1.7e-17	2.52485e-18
59652.087604	-1.3370827577e-14	1	1.7e-17	2.52485e-18
59652.087616	-1.6848056221e-14	1	1.7e-17	2.52485e-18
59652.087627	-1.4564294459e-14	1	1.7e-17	2.52485e-18
59652.087639	-1.1919424764e-14	1	1.7e-17	2.52485e-18
59652.087650	-1.2131693762e-14	1	1.7e-17	2.52485e-18
59652.087662	-1.3358056862e-14	1	1.7e-17	2.52485e-18
59652.087674	-1.2841579369e-14	1	1.7e-17	2.52485e-18
59652.087685	-1.4888809722e-14	1	1.7e-17	2.52485e-18
59652.087697	-1.2201063219e-14	1	1.7e-17	2.52485e-18
59652.087708	-6.6437630611e-15	1	1.7e-17	2.52485e-18
59652.087720	-1.5045300753e-14	1	1.7e-17	2.52485e-18
59652.087731	-1.4165707859e-14	1	1.7e-17	2.52485e-18
59652.087743	-1.0340486741e-14	1	1.7e-17	2.52485e-18
59652.087755	-1.0707372285e-14	1	1.7e-17	2.52485e-18
59652.087766	-1.4120389055e-14	1	1.7e-17	2.52485e-18
59652.087778	-1.6728918496e-14	1	1.7e-17	2.52485e-18
59652.087789	-1.3513510277e-14	1	1.7e-17	2.52485e-18
59652.087801	-1.4793510892e-14	1	1.7e-17	2.52485e-18
59652.087813	-1.4816156318e-14	1	1.7e-17	2.52485e-18
59652.087824	-1.4635068297e-14	1	1.7e-17	2.52485e-18
59652.087836	-1.4417888202e-14	1	1.7e-17	2.52485e-18
59652.087847	-1.5085896501e-14	1	1.7e-17	2.52485e-18
59652.087859	-1.3879665680e-14	1	1.7e-17	2.52485e-18
59652.087870	-1.5477684814e-14	1	1.7e-17	2.52485e-18
59652.087882	-1.4759848956e-14	1	1.7e-17	2.52485e-18
59652.087894	-1.5207113692e-14	1	1.7e-17	2.52485e-18
59652.087905	-1.4869719293e-14	1	1.7e-17	2.52485e-18
59652.087917	-1.4826250409e-14	1	1.7e-17	2.52485e-18
59652.087928	-1.4405124263e-14	1	1.7e-17	2.52485e-18
59652.087940	-1.1799224859e-14	1	1.7e-17	2.52485e-18
59652.087951	-1.7549760337e-14	1	1.7e-17	2.52485e-18
59652.087963	-1.5937333172e-14	1	1.7e-17	2.52485e-18
59652.087975	-1.3252211625e-14	1	1.7e-17	2.52485e-18
59652.087986	-1.7791695817e-14	1	1.7e-17	2.52485e-18
59652.087998	-1.4413355729e-14	1	1.7e-17	2.52485e-18
59652.088009	-1.7041631202e-14	1	1.7e-17	2.52485e-18
59652.088021	-1.6258444210e-14	1	1.7e-17	2.52485e-18
59652.088032	-1.4368562086e-14	1	1.7e-17	2.52485e-18
59652.088044	-1.5617333442e-14	1	1.7e-17	2.52485e-18
59652.088056	-1.5910111228e-14	1	1.7e-17	2.52485e-18
59652.088067	-1.5472074915e-14	1	1.7e-17	2.52485e-18
59652.088079	-1.3334494946e-14	1	1.7e-17	2.52485e-18
59652.088090	-1.7245329073e-14	1	1.7e-17	2.52485e-18
59652.088102	-1.5208699338e-14	1	1.7e-17	2.52485e-18
59652.088113	-1.5462713507e-14	1	1.7e-17	2.52485e-18
59652.088125	-1.6791914877e-14	1	1.7e-17	2.52485e-18
59652.088137	-1.3772754875e-14	1	1.7e-17	2.52485e-18
59652.088148	-1.5670460196e-14	1	1.7e-17	2.52485e-18
59652.088160	-1.2647007431e-14	1	1.7e-17	2.52485e-18
59652.088171	-1.6218615027e-14	1	1.7e-17	2.52485e-18
59652.088183	-1.2925618590e-14	1	1.7e-17	2.52485e-18
59652.088194	-1.3319720998e-14	1	1.7e-17	2.52485e-18
59652.088206	-1.1731081059e-14	1	1.7e-17	2.52485e-18
59652.088218	-1.3904742090e-14	1	1.7e-17	2.52485e-18
59652.088229	-1.3812259645e-14	1	1.7e-17	2.52485e-18
59652.088241	-1.5203226658e-14	1	1.7e-17	2.52485e-18
59652.088252	-1.3159800330e-14	1	1.7e-17	2.52485e-18
59652.088264	-1.4630158894e-14	1	1.7e-17	2.52485e-18
59652.088275	-1.5714143379e-14	1	1.7e-17	2.52485e-18
59652.088287	-1.6324101969e-14	1	1.7e-17	2.52485e-18
59652.088299	-1.6738672080e-14	1	1.7e-17	2.52485e-18
59652.088310	-1.5736270421e-14	1	1.7e-17	2.52485e-18
59652.088322	-1.7967576279e-14	1	1.7e-17	2.52485e-18
59652.088333	-1.3459871916e-14	1	1.7e-17	2.52485e-18
59652.088345	-1.1167388256e-14	1	1.7e-17	2.52485e-18
59652.088356	-1.3980549845e-14	1	1.7e-17	2.52485e-18
59652.088368	-1.7121149808e-14	1	1.7e-17	2.52485e-18
59652.088380	-1.3662538101e-14	1	1.7e-17	2.52485e-18
59652.088391	-1.3235453078e-14	1	1.7e-17	2.52485e-18
59652.088403	-1.6250564262e-14	1	1.7e-17	2.52485e-18
59652.088414	-1.6609489392e-14	1	1.7e-17	2.52485e-18
59652.088426	-1.4049815117e-14	1	1.7e-17	2.52485e-18
59652.088438	-1.2587487273e-14	1	1.7e-17	2.52485e-18
59652.088449	-1.4162411207e-14	1	1.7e-17	2.52485e-18
59652.088461	-1.3410113813e-14	1	1.7e-17	2.52485e-18
59652.088472	-1.3829451873e-14	1	1.7e-17	2.52485e-18
59652.088484	-1.3467618032e-14	1	1.7e-17	2.52485e-18
59652.088495	-1.4962098401e-14	1	1.7e-17	2.52485e-18
59652.088519	-1.3385551551e-14	1	1.7e-17	2.52485e-18
59652.088530	-1.6063311536e-14	1	1.7e-17	2.52485e-18
59652.088542	-1.6166926535e-14	1	1.7e-17	2.52485e-18
59652.088553	-1.3118899650e-14	1	1.7e-17	2.52485e-18
59652.088565	-1.5669508978e-14	1	1.7e-17	2.52485e-18
59652.088576	-1.5261149312e-14	1	1.7e-17	2.52485e-18
59652.088588	-1.2432398081e-14	1	1.7e-17	2.52485e-18
59652.088600	-1.1061327872e-14	1	1.7e-17	2.52485e-18
59652.088611	-1.3850509959e-14	1	1.7e-17	2.52485e-18
59652.088912	-1.1344304639e-14	1	1.7e-17	2.52485e-18
59652.088924	-1.3218055868e-14	1	1.7e-17	2.52485e-18
59652.088935	-1.2870040523e-14	1	1.7e-17	2.52485e-18
59652.088947	-1.3823489608e-14	1	1.7e-17	2.52485e-18
59652.088958	-1.3004328280e-14	1	1.7e-17	2.52485e-18
59652.088970	-1.2777062564e-14	1	1.7e-17	2.52485e-18
59652.088981	-1.3323884164e-14	1	1.7e-17	2.52485e-18
59652.088993	-1.1592560679e-14	1	1.7e-17	2.52485e-18
59652.089005	-1.0074769117e-14	1	1.7e-17	2.52485e-18
59652.089016	-1.4513831624e-14	1	1.7e-17	2.52485e-18
59652.089028	-1.5981157810e-14	1	1.7e-17	2.52485e-18
59652.089039	-1.3079659155e-14	1	1.7e-17	2.52485e-18
59652.089051	-1.5047789336e-14	1	1.7e-17	2.52485e-18
59652.089063	-1.6244345346e-14	1	1.7e-17	2.52485e-18
59652.089074	-1.5418209549e-14	1	1.7e-17	2.52485e-18
59652.089086	-1.4744619303e-14	1	1.7e-17	2.52485e-18
59652.089097	-1.3431575933e-14	1	1.7e-17	2.52485e-18
59652.089109	-1.7682694535e-14	1	1.7e-17	2.52485e-18
59652.089120	-1.6940963030e-14	1	1.7e-17	2.52485e-18
59652.089132	-1.4879293307e-14	1	1.7e-17	2.52485e-18
59652.089144	-1.5958193053e-14	1	1.7e-17	2.52485e-18
59652.089155	-1.5830213998e-14	1	1.7e-17	2.52485e-18
59652.089167	-1.8352984741e-14	1	1.7e-17	2.52485e-18
59652.089178	-1.7825353518e-14	1	1.7e-17	2.52485e-18
59652.089190	-1.5397422513e-14	1	1.7e-17	2.52485e-18
59652.089201	-1.3694638956e-14	1	1.7e-17	2.52485e-18
59652.089213	-1.5800274771e-14	1	1.7e-17	2.52485e-18
59652.089225	-1.7685568518e-14	1	1.7e-17	2.52485e-18
59652.089236	-1.6437833930e-14	1	1.7e-17	2.52485e-18
59652.089248	-1.5709042547e-14	1	1.7e-17	2.52485e-18
59652.089525	-1.2943876385e-14	1	1.7e-17	2.52485e-18
59652.089618	-1.3181047305e-14	1	1.7e-17	2.52485e-18
59652.089630	-1.5032240352e-14	1	1.7e-17	2.52485e-18
59652.089641	-1.5390831750e-14	1	1.7e-17	2.52485e-18
59652.089653	-1.7156689616e-14	1	1.7e-17	2.52485e-18
59652.089664	-1.6005727695e-14	1	1.7e-17	2.52485e-18
59652.089676	-1.3544866590e-14	1	1.7e-17	2.52485e-18
59652.089688	-1.7159824485e-14	1	1.7e-17	2.52485e-18
59652.089699	-1.5700239333e-14	1	1.7e-17	2.52485e-18
59652.089711	-1.6218931817e-14	1	1.7e-17	2.52485e-18
59652.089722	-1.8200583185e-14	1	1.7e-17	2.52485e-18
59652.089734	-1.9654404277e-14	1	1.7e-17	2.52485e-18
59652.089745	-1.8792371224e-14	1	1.7e-17	2.52485e-18
59652.089757	-1.3016403581e-14	1	1.7e-17	2.52485e-18
59652.089769	-1.3257062582e-14	1	1.7e-17	2.52485e-18
59652.089780	-1.3970703934e-14	1	1.7e-17	2.52485e-18
59652.089792	-1.5959406851e-14	1	1.7e-17	2.52485e-18
59652.089803	-1.2929254055e-14	1	1.7e-17	2.52485e-18
59652.089815	-1.5668235040e-14	1	1.7e-17	2.52485e-18
59652.089826	-1.3886947622e-14	1	1.7e-17	2.52485e-18
59652.089838	-9.4584128873e-15	1	1.7e-17	2.52485e-18
59652.089850	-1.3585143854e-14	1	1.7e-17	2.52485e-18
59652.089861	-1.3478734493e-14	1	1.7e-17	2.52485e-18
59652.089873	-1.6006800886e-14	1	1.7e-17	2.52485e-18
59652.089884	-1.5743816637e-14	1	1.7e-17	2.52485e-18
59652.089896	-1.6420114000e-14	1	1.7e-17	2.52485e-18
59652.089907	-1.3582718798e-14	1	1.7e-17	2.52485e-18
59652.089919	-1.4998437808e-14	1	1.7e-17	2.52485e-18
59652.089931	-1.7646529617e-14	1	1.7e-17	2.52485e-18
59652.089942	-1.3631700173e-14	1	1.7e-17	2.52485e-18
59652.089954	-1.1652501812e-14	1	1.7e-17	2.52485e-18
59652.089965	-1.5926889256e-14	1	1.7e-17	2.52485e-18
59652.089977	-1.3859591846e-14	1	1.7e-17	2.52485e-18
59652.089988	-1.5152674884e-14	1	1.7e-17	2.52485e-18
59652.090000	-1.6522815051e-14	1	1.7e-17	2.52485e-18
59652.090012	-1.4587991053e-14	1	1.7e-17	2.52485e-18
59652.090023	-1.2650542946e-14	1	1.7e-17	2.52485e-18
59652.090035	-1.7820352636e-14	1	1.7e-17	2.52485e-18
59652.090046	-1.6450403051e-14	1	1.7e-17	2.52485e-18
59652.090058	-1.4457060088e-14	1	1.7e-17	2.52485e-18
59652.090069	-1.6896110094e-14	1	1.7e-17	2.52485e-18
59652.090081	-1.5763616879e-14	1	1.7e-17	2.52485e-18
59652.090093	-1.3086863170e-14	1	1.7e-17	2.52485e-18
59652.090104	-1.5647734302e-14	1	1.7e-17	2.52485e-18
59652.090116	-1.6359978049e-14	1	1.7e-17	2.52485e-18
59652.090127	-1.3212141037e-14	1	1.7e-17	2.52485e-18
59652.090139	-1.5478666526e-14	1	1.7e-17	2.52485e-18
59652.090150	-1.4807032079e-14	1	1.7e-17	2.52485e-18
59652.090162	-1.8663882255e-14	1	1.7e-17	2.52485e-18
59652.090174	-1.4177717939e-14	1	1.7e-17	2.52485e-18
59652.090185	-1.7895584408e-14	1	1.7e-17	2.52485e-18
59652.090197	-1.4138789152e-14	1	1.7e-17	2.52485e-18
59652.090208	-1.5407071066e-14	1	1.7e-17	2.52485e-18
59652.090220	-1.5019996491e-14	1	1.7e-17	2.52485e-18
59652.090231	-1.2746766736e-14	1	1.7e-17	2.52485e-18
59652.090243	-1.3535575486e-14	1	1.7e-17	2.52485e-18
59652.090255	-1.3465811311e-14	1	1.7e-17	2.52485e-18
59652.090266	-1.1289897172e-14	1	1.7e-17	2.52485e-18
59652.090278	-1.4712875049e-14	1	1.7e-17	2.52485e-18
59652.090289	-1.1254168475e-14	1	1.7e-17	2.52485e-18
59652.090301	-1.4253379157e-14	1	1.7e-17	2.52485e-18
59652.090313	-1.4313570166e-14	1	1.7e-17	2.52485e-18
59652.090324	-1.5529373306e-14	1	1.7e-17	2.52485e-18
59652.090336	-1.4684291076e-14	1	1.7e-17	2.52485e-18
59652.090347	-1.4120457665e-14	1	1.7e-17	2.52485e-18
59652.090359	-1.6148101228e-14	1	1.7e-17	2.52485e-18
59652.090370	-1.2949766652e-14	1	1.7e-17	2.52485e-18
59652.090382	-1.1799919426e-14	1	1.7e-17	2.52485e-18
59652.090394	-1.2590457817e-14	1	1.7e-17	2.52485e-18
59652.090405	-1.4161784403e-14	1	1.7e-17	2.52485e-18
59652.090417	-1.4230273793e-14	1	1.7e-17	2.52485e-18
59652.090428	-1.5384626387e-14	1	1.7e-17	2.52485e-18
59652.090440	-1.6980845576e-14	1	1.7e-17	2.52485e-18
59652.090451	-1.6975896363e-14	1	1.7e-17	2.52485e-18
59652.090463	-1.6449710179e-14	1	1.7e-17	2.52485e-18
59652.090475	-1.4274232261e-14	1	1.7e-17	2.52485e-18
59652.090486	-1.4562087938e-14	1	1.7e-17	2.52485e-18
59652.090498	-1.4580724357e-14	1	1.7e-17	2.52485e-18
59652.090509	-1.5369998975e-14	1	1.7e-17	2.52485e-18
59652.090521	-1.4084335098e-14	1	1.7e-17	2.52485e-18
59652.090532	-1.2776628883e-14	1	1.7e-17	2.52485e-18
59652.090544	-1.6844050602e-14	1	1.7e-17	2.52485e-18
59652.090556	-1.4587778447e-14	1	1.7e-17	2.52485e-18
59652.090567	-1.2646516152e-14	1	1.7e-17	2.52485e-18
59652.090579	-1.2932888674e-14	1	1.7e-17	2.52485e-18
59652.090590	-1.5560188365e-14	1	1.7e-17	2.52485e-18
59652.090602	-1.5461861392e-14	1	1.7e-17	2.52485e-18
59652.090613	-1.5488143977e-14	1	1.7e-17	2.52485e-18
59652.090625	-1.3434777718e-14	1	1.7e-17	2.52485e-18
59652.090637	-1.2548222213e-14	1	1.7e-17	2.52485e-18
59652.090648	-1.4986066045e-14	1	1.7e-17	2.52485e-18
59652.090660	-1.3580472467e-14	1	1.7e-17	2.52485e-18
59652.090671	-1.0961978531e-14	1	1.7e-17	2.52485e-18
59652.090683	-1.1174184001e-14	1	1.7e-17	2.52485e-18
59652.090694	-1.5208689173e-14	1	1.7e-17	2.52485e-18
59652.090706	-1.5257834872e-14	1	1.7e-17	2.52485e-18
59652.090718	-1.5024810179e-14	1	1.7e-17	2.52485e-18
59652.090729	-1.3019406313e-14	1	1.7e-17	2.52485e-18
59652.090741	-1.5243152403e-14	1	1.7e-17	2.52485e-18
59652.090752	-1.5927341572e-14	1	1.7e-17	2.52485e-18
59652.090764	-1.4505691638e-14	1	1.7e-17	2.52485e-18
59652.090775	-1.6190929755e-14	1	1.7e-17	2.52485e-18
59652.090787	-1.2974182377e-14	1	1.7e-17	2.52485e-18
59652.090799	-1.4338030783e-14	1	1.7e-17	2.52485e-18
59652.090810	-1.3025521044e-14	1	1.7e-17	2.52485e-18
59652.090822	-1.3914816700e-14	1	1.7e-17	2.52485e-18
59652.090833	-1.2506329658e-14	1	1.7e-17	2.52485e-18
59652.090845	-1.3388762653e-14	1	1.7e-17	2.52485e-18
59652.090856	-1.4972078990e-14	1	1.7e-17	2.52485e-18
59652.090868	-1.5863885252e-14	1	1.7e-17	2.52485e-18
59652.090880	-1.3651322538e-14	1	1.7e-17	2.52485e-18
59652.090891	-1.5032846827e-14	1	1.7e-17	2.52485e-18
59652.090903	-1.4011748610e-14	1	1.7e-17	2.52485e-18
59652.090914	-1.5036926138e-14	1	1.7e-17	2.52485e-18
59652.090926	-1.5137590922e-14	1	1.7e-17	2.52485e-18
59652.090938	-1.6615357636e-14	1	1.7e-17	2.52485e-18
59652.090949	-1.7387028368e-14	1	1.7e-17	2.52485e-18
59652.090961	-1.4397314619e-14	1	1.7e-17	2.52485e-18
59652.090972	-1.2352772749e-14	1	1.7e-17	2.52485e-18
59652.090984	-1.4947592114e-14	1	1.7e-17	2.52485e-18
59652.090995	-1.5039195339e-14	1	1.7e-17	2.52485e-18
59652.091007	-1.3036838251e-14	1	1.7e-17	2.52485e-18
59652.091019	-1.0174990055e-14	1	1.7e-17	2.52485e-18
59652.091030	-1.2591078692e-14	1	1.7e-17	2.52485e-18
59652.091042	-1.5297013534e-14	1	1.7e-17	2.52485e-18
59652.091053	-1.4685518426e-14	1	1.7e-17	2.52485e-18
59652.091065	-1.4051643861e-14	1	1.7e-17	2.52485e-18
59652.091076	-1.3028426367e-14	1	1.7e-17	2.52485e-18
59652.091088	-1.5479411915e-14	1	1.7e-17	2.52485e-18
59652.091100	-1.5507111586e-14	1	1.7e-17	2.52485e-18
59652.091111	-1.5294166656e-14	1	1.7e-17	2.52485e-18
59652.091123	-1.2660144912e-14	1	1.7e-17	2.52485e-18
59652.091134	-1.3616462050e-14	1	1.7e-17	2.52485e-18
59652.091146	-1.3810948438e-14	1	1.7e-17	2.52485e-18
59652.091157	-1.3803875713e-14	1	1.7e-17	2.52485e-18
59652.091169	-1.0888097776e-14	1	1.7e-17	2.52485e-18
59652.091181	-1.3183090348e-14	1	1.7e-17	2.52485e-18
59652.091192	-1.2499001129e-14	1	1.7e-17	2.52485e-18
59652.091204	-1.2997187792e-14	1	1.7e-17	2.52485e-18
59652.091215	-9.3734326128e-15	1	1.7e-17	2.52485e-18
59652.091227	-1.2456857005e-14	1	1.7e-17	2.52485e-18
59652.091238	-1.5844624569e-14	1	1.7e-17	2.52485e-18
59652.091250	-1.5184417444e-14	1	1.7e-17	2.52485e-18
59652.091262	-1.3107099634e-14	1	1.7e-17	2.52485e-18
59652.091273	-1.5011970006e-14	1	1.7e-17	2.52485e-18
59652.091285	-1.1480987805e-14	1	1.7e-17	2.52485e-18
59652.091296	-1.4600547469e-14	1	1.7e-17	2.52485e-18
59652.091308	-1.4458205276e-14	1	1.7e-17	2.52485e-18
59652.091319	-1.5336206595e-14	1	1.7e-17	2.52485e-18
59652.091331	-1.5271997263e-14	1	1.7e-17	2.52485e-18
59652.091343	-1.5275516685e-14	1	1.7e-17	2.52485e-18
59652.091354	-1.3793392833e-14	1	1.7e-17	2.52485e-18
59652.091366	-1.3892161957e-14	1	1.7e-17	2.52485e-18
59652.091377	-1.5249174807e-14	1	1.7e-17	2.52485e-18
59652.091389	-1.8248693809e-14	1	1.7e-17	2.52485e-18
59652.091400	-1.6001822873e-14	1	1.7e-17	2.52485e-18
59652.091412	-1.5218619787e-14	1	1.7e-17	2.52485e-18
59652.091424	-1.4966921406e-14	1	1.7e-17	2.52485e-18
59652.091435	-1.6793802914e-14	1	1.7e-17	2.52485e-18
59652.091447	-1.5815588280e-14	1	1.7e-17	2.52485e-18
59652.091458	-1.4415723186e-14	1	1.7e-17	2.52485e-18
59652.091470	-1.2843048971e-14	1	1.7e-17	2.52485e-18
59652.091481	-1.6103597270e-14	1	1.7e-17	2.52485e-18
59652.091493	-1.5631656769e-14	1	1.7e-17	2.52485e-18
59652.091505	-1.6499774908e-14	1	1.7e-17	2.52485e-18
59652.091516	-1.4560085552e-14	1	1.7e-17	2.52485e-18
59652.091528	-1.6908246382e-14	1	1.7e-17	2.52485e-18
59652.091539	-1.4955138331e-14	1	1.7e-17	2.52485e-18
59652.091551	-1.3467402886e-14	1	1.7e-17	2.52485e-18
59652.091563	-1.5154173286e-14	1	1.7e-17	2.52485e-18
59652.091574	-1.2927883556e-14	1	1.7e-17	2.52485e-18
59652.091586	-1.3966345949e-14	1	1.7e-17	2.52485e-18
59652.091597	-1.1285037744e-14	1	1.7e-17	2.52485e-18
59652.091609	-1.4421429647e-14	1	1.7e-17	2.52485e-18
59652.091620	-1.4254511640e-14	1	1.7e-17	2.52485e-18
59652.091632	-1.4181195010e-14	1	1.7e-17	2.52485e-18
59652.091644	-1.4063106758e-14	1	1.7e-17	2.52485e-18
59652.091655	-1.4141146445e-14	1	1.7e-17	2.52485e-18
59652.091667	-1.5551418185e-14	1	1.7e-17	2.52485e-18
59652.091678	-1.4710541474e-14	1	1.7e-17	2.52485e-18
59652.091690	-1.4573544906e-14	1	1.7e-17	2.52485e-18
59652.091701	-1.8283071488e-14	1	1.7e-17	2.52485e-18
59652.091713	-1.7041787056e-14	1	1.7e-17	2.52485e-18
59652.091725	-1.6699021621e-14	1	1.7e-17	2.52485e-18
59652.091736	-1.5994778947e-14	1	1.7e-17	2.52485e-18
59652.091748	-1.7056067184e-14	1	1.7e-17	2.52485e-18
59652.091759	-1.5721919141e-14	1	1.7e-17	2.52485e-18
59652.091771	-1.3748748268e-14	1	1.7e-17	2.52485e-18
59652.091782	-1.5409533391e-14	1	1.7e-17	2.52485e-18
59652.091794	-1.5391514459e-14	1	1.7e-17	2.52485e-18
59652.091806	-1.5907781040e-14	1	1.7e-17	2.52485e-18
59652.091817	-1.3232878098e-14	1	1.7e-17	2.52485e-18
59652.091829	-1.5772066880e-14	1	1.7e-17	2.52485e-18
59652.091840	-1.3255360046e-14	1	1.7e-17	2.52485e-18
59652.091852	-1.2546702636e-14	1	1.7e-17	2.52485e-18
59652.091863	-1.2939974104e-14	1	1.7e-17	2.52485e-18
59652.091875	-1.3879964682e-14	1	1.7e-17	2.52485e-18
59652.091887	-1.4694500364e-14	1	1.7e-17	2.52485e-18
59652.091898	-1.4431019754e-14	1	1.7e-17	2.52485e-18
59652.091910	-1.2535606505e-14	1	1.7e-17	2.52485e-18
59652.091921	-1.3731724599e-14	1	1.7e-17	2.52485e-18
59652.091933	-1.6465367583e-14	1	1.7e-17	2.52485e-18
59652.091944	-1.7865226747e-14	1	1.7e-17	2.52485e-18
59652.091956	-1.6755778758e-14	1	1.7e-17	2.52485e-18
59652.091968	-1.5180453330e-14	1	1.7e-17	2.52485e-18
59652.091979	-1.7598332595e-14	1	1.7e-17	2.52485e-18
59652.091991	-1.7102188975e-14	1	1.7e-17	2.52485e-18
59652.092002	-1.5563551932e-14	1	1.7e-17	2.52485e-18
59652.092014	-1.5820135153e-14	1	1.7e-17	2.52485e-18
59652.092025	-1.5288921828e-14	1	1.7e-17	2.52485e-18
59652.092037	-1.6203866489e-14	1	1.7e-17	2.52485e-18
59652.092049	-1.4936611179e-14	1	1.7e-17	2.52485e-18
59652.092060	-1.4220233064e-14	1	1.7e-17	2.52485e-18
59652.092072	-1.3921797099e-14	1	1.7e-17	2.52485e-18
59652.092083	-1.3794739615e-14	1	1.7e-17	2.52485e-18
59652.092095	-1.5001759024e-14	1	1.7e-17	2.52485e-18
59652.092106	-1.4234078665e-14	1	1.7e-17	2.52485e-18
59652.092118	-1.4728049645e-14	1	1.7e-17	2.52485e-18
59652.092130	-1.5006678592e-14	1	1.7e-17	2.52485e-18
59652.092141	-1.3573867304e-14	1	1.7e-17	2.52485e-18
59652.092153	-1.5392013361e-14	1	1.7e-17	2.52485e-18
59652.092164	-1.5463037921e-14	1	1.7e-17	2.52485e-18
59652.092176	-1.6246329098e-14	1	1.7e-17	2.52485e-18
59652.092187	-1.5959267938e-14	1	1.7e-17	2.52485e-18
59652.092199	-1.6052911665e-14	1	1.7e-17	2.52485e-18
59652.092211	-1.4243058908e-14	1	1.7e-17	2.52485e-18
59652.092222	-1.4915843625e-14	1	1.7e-17	2.52485e-18
59652.092234	-1.3743888840e-14	1	1.7e-17	2.52485e-18
59652.092245	-1.5259243488e-14	1	1.7e-17	2.52485e-18
59652.092257	-1.6665109810e-14	1	1.7e-17	2.52485e-18
59652.092269	-1.5793919483e-14	1	1.7e-17	2.52485e-18
59652.092280	-1.5920314586e-14	1	1.7e-17	2.52485e-18
59652.092292	-1.4537388457e-14	1	1.7e-17	2.52485e-18
59652.092303	-1.2921528268e-14	1	1.7e-17	2.52485e-18
59652.092315	-1.4037214655e-14	1	1.7e-17	2.52485e-18
59652.092326	-1.3614161508e-14	1	1.7e-17	2.52485e-18
59652.092338	-1.3839573069e-14	1	1.7e-17	2.52485e-18
59652.092350	-1.3249765393e-14	1	1.7e-17	2.52485e-18
59652.092361	-1.4767696716e-14	1	1.7e-17	2.52485e-18
59652.092373	-1.5367606954e-14	1	1.7e-17	2.52485e-18
59652.092384	-1.5780021366e-14	1	1.7e-17	2.52485e-18
59652.092396	-1.5611005259e-14	1	1.7e-17	2.52485e-18
59652.092407	-1.6487403992e-14	1	1.7e-17	2.52485e-18
59652.092419	-1.6667655991e-14	1	1.7e-17	2.52485e-18
59652.092431	-1.4748956959e-14	1	1.7e-17	2.52485e-18
59652.092442	-1.4712925871e-14	1	1.7e-17	2.52485e-18
59652.092454	-1.6767573692e-14	1	1.7e-17	2.52485e-18
59652.092465	-1.6877350009e-14	1	1.7e-17	2.52485e-18
59652.092477	-1.7489419404e-14	1	1.7e-17	2.52485e-18
59652.092488	-1.5596494738e-14	1	1.7e-17	2.52485e-18
59652.092500	-1.4353847429e-14	1	1.7e-17	2.52485e-18
59652.092512	-1.4747677092e-14	1	1.7e-17	2.52485e-18
59652.092523	-1.4943162132e-14	1	1.7e-17	2.52485e-18
59652.092535	-1.4490027457e-14	1	1.7e-17	2.52485e-18
59652.092546	-1.3257242153e-14	1	1.7e-17	2.52485e-18
59652.092558	-1.2639597587e-14	1	1.7e-17	2.52485e-18
59652.092569	-1.3252217554e-14	1	1.7e-17	2.52485e-18
59652.092581	-1.2849851493e-14	1	1.7e-17	2.52485e-18
59652.092593	-1.3029242907e-14	1	1.7e-17	2.52485e-18
59652.092604	-1.4505025023e-14	1	1.7e-17	2.52485e-18
59652.092616	-1.3835474277e-14	1	1.7e-17	2.52485e-18
59652.092627	-1.3223633580e-14	1	1.7e-17	2.52485e-18
59652.092639	-1.3169751273e-14	1	1.7e-17	2.52485e-18
59652.092650	-1.6372328637e-14	1	1.7e-17	2.52485e-18
59652.092662	-1.7244550650e-14	1	1.7e-17	2.52485e-18
59652.092674	-1.6500860804e-14	1	1.7e-17	2.52485e-18
59652.092685	-1.8411271619e-14	1	1.7e-17	2.52485e-18
59652.092697	-1.7888607398e-14	1	1.7e-17	2.52485e-18
59652.092708	-1.6164518420e-14	1	1.7e-17	2.52485e-18
59652.092720	-1.5012647633e-14	1	1.7e-17	2.52485e-18
59652.092731	-1.5192346520e-14	1	1.7e-17	2.52485e-18
59652.092743	-1.5087203473e-14	1	1.7e-17	2.52485e-18
59652.092755	-1.5160837741e-14	1	1.7e-17	2.52485e-18
59652.092766	-1.2314039626e-14	1	1.7e-17	2.52485e-18
59652.092778	-1.2264060447e-14	1	1.7e-17	2.52485e-18
59652.092789	-1.2322027147e-14	1	1.7e-17	2.52485e-18
59652.092801	-1.6066456569e-14	1	1.7e-17	2.52485e-18
59652.092812	-1.5158654090e-14	1	1.7e-17	2.52485e-18
59652.092824	-1.5723323522e-14	1	1.7e-17	2.52485e-18
59652.092836	-1.7432044781e-14	1	1.7e-17	2.52485e-18
59652.092847	-1.7068955637e-14	1	1.7e-17	2.52485e-18
59652.092859	-1.4711391895e-14	1	1.7e-17	2.52485e-18
59652.092870	-1.7308867555e-14	1	1.7e-17	2.52485e-18
59652.092882	-1.5372149591e-14	1	1.7e-17	2.52485e-18
59652.092894	-1.6739331919e-14	1	1.7e-17	2.52485e-18
59652.092905	-1.5361692123e-14	1	1.7e-17	2.52485e-18
59652.092917	-1.8228844439e-14	1	1.7e-17	2.52485e-18
59652.092928	-1.4845795695e-14	1	1.7e-17	2.52485e-18
59652.092940	-1.4470948887e-14	1	1.7e-17	2.52485e-18
59652.092951	-1.4165737505e-14	1	1.7e-17	2.52485e-18
59652.092963	-1.5811166768e-14	1	1.7e-17	2.52485e-18
59652.092975	-1.4132687127e-14	1	1.7e-17	2.52485e-18
59652.092986	-1.1837067750e-14	1	1.7e-17	2.52485e-18
59652.092998	-1.2583000539e-14	1	1.7e-17	2.52485e-18
59652.093009	-1.3337701813e-14	1	1.7e-17	2.52485e-18
59652.093021	-1.3098320985e-14	1	1.7e-17	2.52485e-18
59652.093229	-1.5092636342e-14	1	1.7e-17	2.52485e-18
59652.093241	-1.4864156828e-14	1	1.7e-17	2.52485e-18
59652.093252	-1.4652893258e-14	1	1.7e-17	2.52485e-18
59652.093264	-1.4471706135e-14	1	1.7e-17	2.52485e-18
59652.093275	-1.4949016824e-14	1	1.7e-17	2.52485e-18
59652.093287	-1.7288394769e-14	1	1.7e-17	2.52485e-18
59652.093299	-1.3570467314e-14	1	1.7e-17	2.52485e-18
59652.093310	-1.2015288565e-14	1	1.7e-17	2.52485e-18
59652.093322	-1.3422714275e-14	1	1.7e-17	2.52485e-18
59652.093333	-1.6288823893e-14	1	1.7e-17	2.52485e-18
59652.093345	-1.2206648554e-14	1	1.7e-17	2.52485e-18
59652.093356	-1.4138731554e-14	1	1.7e-17	2.52485e-18
59652.093368	-1.4965312891e-14	1	1.7e-17	2.52485e-18
59652.093380	-1.6292155274e-14	1	1.7e-17	2.52485e-18
59652.093391	-1.4440499747e-14	1	1.7e-17	2.52485e-18
59652.093403	-1.3086863170e-14	1	1.7e-17	2.52485e-18
59652.093414	-1.3741962687e-14	1	1.7e-17	2.52485e-18
59652.093426	-1.4744061108e-14	1	1.7e-17	2.52485e-18
59652.093437	-1.3505054348e-14	1	1.7e-17	2.52485e-18
59652.093449	-1.4923700703e-14	1	1.7e-17	2.52485e-18
59652.093461	-1.4417137731e-14	1	1.7e-17	2.52485e-18
59652.093472	-1.4459432627e-14	1	1.7e-17	2.52485e-18
59652.093484	-1.2911671346e-14	1	1.7e-17	2.52485e-18
59652.093495	-1.6235849606e-14	1	1.7e-17	2.52485e-18
59652.093507	-1.5258587037e-14	1	1.7e-17	2.52485e-18
59652.093519	-1.4217640296e-14	1	1.7e-17	2.52485e-18
59652.093530	-1.3777964975e-14	1	1.7e-17	2.52485e-18
59652.093542	-1.6130149211e-14	1	1.7e-17	2.52485e-18
59652.093553	-1.5174884935e-14	1	1.7e-17	2.52485e-18
59652.093565	-1.4893942741e-14	1	1.7e-17	2.52485e-18
59652.093576	-1.4087884166e-14	1	1.7e-17	2.52485e-18
59652.093588	-1.5304179433e-14	1	1.7e-17	2.52485e-18
59652.093600	-1.6488841407e-14	1	1.7e-17	2.52485e-18
59652.093611	-1.4079187679e-14	1	1.7e-17	2.52485e-18
59652.093623	-1.2672988472e-14	1	1.7e-17	2.52485e-18
59652.093634	-1.1758856963e-14	1	1.7e-17	2.52485e-18
59652.093646	-1.2542005839e-14	1	1.7e-17	2.52485e-18
59652.093657	-1.1100762338e-14	1	1.7e-17	2.52485e-18
59652.093669	-9.6102384609e-15	1	1.7e-17	2.52485e-18
59652.093681	-1.2555947154e-14	1	1.7e-17	2.52485e-18
59652.093692	-1.3896563987e-14	1	1.7e-17	2.52485e-18
59652.093704	-1.3835476818e-14	1	1.7e-17	2.52485e-18
59652.093715	-1.5104409253e-14	1	1.7e-17	2.52485e-18
59652.093727	-1.1804284187e-14	1	1.7e-17	2.52485e-18
59652.093738	-1.2796679000e-14	1	1.7e-17	2.52485e-18
59652.093750	-1.2285255753e-14	1	1.7e-17	2.52485e-18
59652.093762	-1.5236788644e-14	1	1.7e-17	2.52485e-18
59652.093773	-1.6306989362e-14	1	1.7e-17	2.52485e-18
59652.093785	-1.4805512502e-14	1	1.7e-17	2.52485e-18
59652.093796	-1.4184097791e-14	1	1.7e-17	2.52485e-18
59652.093808	-1.4038868063e-14	1	1.7e-17	2.52485e-18
59652.093819	-1.8056982301e-14	1	1.7e-17	2.52485e-18
59652.093831	-1.7285963784e-14	1	1.7e-17	2.52485e-18
59652.093843	-1.4213184056e-14	1	1.7e-17	2.52485e-18
59652.093854	-1.7867844079e-14	1	1.7e-17	2.52485e-18
59652.093866	-1.3798968004e-14	1	1.7e-17	2.52485e-18
59652.093877	-1.8472107219e-14	1	1.7e-17	2.52485e-18
59652.093889	-1.3136011410e-14	1	1.7e-17	2.52485e-18
59652.093900	-1.4805630239e-14	1	1.7e-17	2.52485e-18
59652.094074	-1.8575058145e-14	1	1.7e-17	2.52485e-18
59652.094086	-1.6837423417e-14	1	1.7e-17	2.52485e-18
59652.094097	-1.2670688778e-14	1	1.7e-17	2.52485e-18
59652.094109	-1.8257513116e-14	1	1.7e-17	2.52485e-18
59652.094213	-1.4745302859e-14	1	1.7e-17	2.52485e-18
59652.094225	-1.6366020782e-14	1	1.7e-17	2.52485e-18
59652.094236	-1.5778322218e-14	1	1.7e-17	2.52485e-18
59652.094248	-1.2606536197e-14	1	1.7e-17	2.52485e-18
59652.094259	-1.4061552453e-14	1	1.7e-17	2.52485e-18
59652.094271	-1.5027790888e-14	1	1.7e-17	2.52485e-18
59652.094282	-1.0728876758e-14	1	1.7e-17	2.52485e-18
59652.094294	-1.2297214164e-14	1	1.7e-17	2.52485e-18
59652.094306	-1.4687248915e-14	1	1.7e-17	2.52485e-18
59652.094317	-1.7874502605e-14	1	1.7e-17	2.52485e-18
59652.094329	-1.1386580901e-14	1	1.7e-17	2.52485e-18
59652.094340	-1.2156035794e-14	1	1.7e-17	2.52485e-18
59652.094352	-1.4054820235e-14	1	1.7e-17	2.52485e-18
59652.094363	-1.8124315491e-14	1	1.7e-17	2.52485e-18
59652.094375	-1.5106625091e-14	1	1.7e-17	2.52485e-18
59652.094387	-1.7353858557e-14	1	1.7e-17	2.52485e-18
59652.094398	-2.0045925775e-14	1	1.7e-17	2.52485e-18
59652.094410	-1.6892309457e-14	1	1.7e-17	2.52485e-18
59652.094421	-1.7741699697e-14	1	1.7e-17	2.52485e-18
59652.094433	-1.6923925809e-14	1	1.7e-17	2.52485e-18
59652.094444	-1.5316047211e-14	1	1.7e-17	2.52485e-18
59652.094468	-1.4482846312e-14	1	1.7e-17	2.52485e-18
59652.094479	-1.1983069125e-14	1	1.7e-17	2.52485e-18
59652.094491	-1.0944524570e-14	1	1.7e-17	2.52485e-18
59652.094502	-1.3576988621e-14	1	1.7e-17	2.52485e-18
59652.094514	-1.1496994186e-14	1	1.7e-17	2.52485e-18
59652.094525	-1.3548802752e-14	1	1.7e-17	2.52485e-18
59652.094537	-1.4881465946e-14	1	1.7e-17	2.52485e-18
59652.094549	-1.3926261809e-14	1	1.7e-17	2.52485e-18
59652.094560	-1.4451769520e-14	1	1.7e-17	2.52485e-18
59652.094572	-1.4110344092e-14	1	1.7e-17	2.52485e-18
59652.094583	-1.5184473348e-14	1	1.7e-17	2.52485e-18
59652.094595	-1.3314554944e-14	1	1.7e-17	2.52485e-18
59652.094606	-1.6162734569e-14	1	1.7e-17	2.52485e-18
59652.094618	-1.4709207397e-14	1	1.7e-17	2.52485e-18
59652.094630	-1.7624077314e-14	1	1.7e-17	2.52485e-18
59652.094641	-1.3323633443e-14	1	1.7e-17	2.52485e-18
59652.094653	-1.7746814929e-14	1	1.7e-17	2.52485e-18
59652.094664	-1.2649029298e-14	1	1.7e-17	2.52485e-18
59652.094676	-1.1654996324e-14	1	1.7e-17	2.52485e-18
59652.094688	-1.2208307892e-14	1	1.7e-17	2.52485e-18
59652.094699	-1.2278773410e-14	1	1.7e-17	2.52485e-18
59652.094711	-1.1986071857e-14	1	1.7e-17	2.52485e-18
59652.094722	-1.3395494871e-14	1	1.7e-17	2.52485e-18
59652.094734	-1.4261465781e-14	1	1.7e-17	2.52485e-18
59652.094745	-1.6915116667e-14	1	1.7e-17	2.52485e-18
59652.094757	-1.5134041854e-14	1	1.7e-17	2.52485e-18
59652.094769	-1.1067897460e-14	1	1.7e-17	2.52485e-18
59652.094780	-8.2810540312e-15	1	1.7e-17	2.52485e-18
59652.094792	-1.4501455626e-14	1	1.7e-17	2.52485e-18
59652.094803	-1.6144082056e-14	1	1.7e-17	2.52485e-18
59652.094815	-1.6985395837e-14	1	1.7e-17	2.52485e-18
59652.094826	-1.6209055413e-14	1	1.7e-17	2.52485e-18
59652.094954	-1.4087907883e-14	1	1.7e-17	2.52485e-18
59652.094965	-1.4169399229e-14	1	1.7e-17	2.52485e-18
59652.094977	-1.5334247408e-14	1	1.7e-17	2.52485e-18
59652.094988	-1.4352080518e-14	1	1.7e-17	2.52485e-18
59652.095093	-1.6071539614e-14	1	1.7e-17	2.52485e-18
59652.095104	-1.8958245686e-14	1	1.7e-17	2.52485e-18
59652.095116	-1.6688387969e-14	1	1.7e-17	2.52485e-18
59652.095127	-1.5783493355e-14	1	1.7e-17	2.52485e-18
59652.095139	-1.5961027225e-14	1	1.7e-17	2.52485e-18
59652.095150	-1.4178077928e-14	1	1.7e-17	2.52485e-18
59652.095162	-1.3610308356e-14	1	1.7e-17	2.52485e-18
59652.095174	-1.4890645242e-14	1	1.7e-17	2.52485e-18
59652.095185	-1.5515731840e-14	1	1.7e-17	2.52485e-18
59652.095197	-1.5120531678e-14	1	1.7e-17	2.52485e-18
59652.095208	-1.2739348422e-14	1	1.7e-17	2.52485e-18
59652.095220	-1.5728347274e-14	1	1.7e-17	2.52485e-18
59652.095231	-1.4185235357e-14	1	1.7e-17	2.52485e-18
59652.095243	-1.5061889046e-14	1	1.7e-17	2.52485e-18
59652.095255	-1.7807735233e-14	1	1.7e-17	2.52485e-18
59652.095266	-1.5273491429e-14	1	1.7e-17	2.52485e-18
59652.095278	-1.4718720424e-14	1	1.7e-17	2.52485e-18
59652.095289	-1.5673481562e-14	1	1.7e-17	2.52485e-18
59652.095301	-1.4366446197e-14	1	1.7e-17	2.52485e-18
59652.095313	-1.4596199649e-14	1	1.7e-17	2.52485e-18
59652.095324	-1.3975441389e-14	1	1.7e-17	2.52485e-18
59652.095336	-1.6964237801e-14	1	1.7e-17	2.52485e-18
59652.095347	-1.3120187987e-14	1	1.7e-17	2.52485e-18
59652.095359	-1.4716458846e-14	1	1.7e-17	2.52485e-18
59652.095370	-1.4060795205e-14	1	1.7e-17	2.52485e-18
59652.095382	-1.5471247364e-14	1	1.7e-17	2.52485e-18
59652.095394	-1.5586523466e-14	1	1.7e-17	2.52485e-18
59652.095405	-1.6516419952e-14	1	1.7e-17	2.52485e-18
59652.095417	-1.5739849135e-14	1	1.7e-17	2.52485e-18
59652.095428	-1.4656946311e-14	1	1.7e-17	2.52485e-18
59652.095440	-1.6034498016e-14	1	1.7e-17	2.52485e-18
59652.095451	-1.3388297632e-14	1	1.7e-17	2.52485e-18
59652.095463	-1.1706275699e-14	1	1.7e-17	2.52485e-18
59652.095486	-1.5958150701e-14	1	1.7e-17	2.52485e-18
59652.095498	-1.5381157787e-14	1	1.7e-17	2.52485e-18
59652.095509	-1.2554785872e-14	1	1.7e-17	2.52485e-18
59652.095521	-1.3136508618e-14	1	1.7e-17	2.52485e-18
59652.095532	-1.1157104429e-14	1	1.7e-17	2.52485e-18
59652.095544	-1.2783983670e-14	1	1.7e-17	2.52485e-18
59652.095556	-1.4185752894e-14	1	1.7e-17	2.52485e-18
59652.095567	-1.5345916134e-14	1	1.7e-17	2.52485e-18
59652.095579	-1.6748503592e-14	1	1.7e-17	2.52485e-18
59652.095590	-1.4191743958e-14	1	1.7e-17	2.52485e-18
59652.095602	-1.4948309551e-14	1	1.7e-17	2.52485e-18
59652.095613	-1.5532959643e-14	1	1.7e-17	2.52485e-18
59652.095625	-1.5325128251e-14	1	1.7e-17	2.52485e-18
59652.095637	-1.5317669279e-14	1	1.7e-17	2.52485e-18
59652.095648	-1.5183265479e-14	1	1.7e-17	2.52485e-18
59652.095660	-1.6604412276e-14	1	1.7e-17	2.52485e-18
59652.095671	-1.3436822455e-14	1	1.7e-17	2.52485e-18
59652.095683	-1.4810140690e-14	1	1.7e-17	2.52485e-18
59652.095694	-1.5693815435e-14	1	1.7e-17	2.52485e-18
59652.095706	-1.2121994387e-14	1	1.7e-17	2.52485e-18
59652.095718	-1.1838653396e-14	1	1.7e-17	2.52485e-18
59652.095729	-1.1394790344e-14	1	1.7e-17	2.52485e-18
59652.095741	-1.4067566387e-14	1	1.7e-17	2.52485e-18
59652.095752	-1.2454288801e-14	1	1.7e-17	2.52485e-18
59652.095764	-9.8248300229e-15	1	1.7e-17	2.52485e-18
59652.095775	-1.3447440013e-14	1	1.7e-17	2.52485e-18
59652.095787	-1.4156396426e-14	1	1.7e-17	2.52485e-18
59652.095799	-1.4392569540e-14	1	1.7e-17	2.52485e-18
59652.095810	-1.3603636277e-14	1	1.7e-17	2.52485e-18
59652.095822	-1.5333502019e-14	1	1.7e-17	2.52485e-18
59652.095833	-1.5417371833e-14	1	1.7e-17	2.52485e-18
59652.095845	-1.5801475864e-14	1	1.7e-17	2.52485e-18
59652.095856	-1.3645639794e-14	1	1.7e-17	2.52485e-18
59652.095868	-1.4542737471e-14	1	1.7e-17	2.52485e-18
59652.095880	-1.4542083561e-14	1	1.7e-17	2.52485e-18
59652.095891	-1.5062420983e-14	1	1.7e-17	2.52485e-18
59652.095903	-1.4777461312e-14	1	1.7e-17	2.52485e-18
59652.095914	-1.3912463643e-14	1	1.7e-17	2.52485e-18
59652.095926	-1.3093106650e-14	1	1.7e-17	2.52485e-18
59652.095937	-1.1143260522e-14	1	1.7e-17	2.52485e-18
59652.095949	-1.2302786794e-14	1	1.7e-17	2.52485e-18
59652.095961	-1.2664413111e-14	1	1.7e-17	2.52485e-18
59652.095972	-1.2682863183e-14	1	1.7e-17	2.52485e-18
59652.095984	-1.4318398253e-14	1	1.7e-17	2.52485e-18
59652.095995	-1.1179740537e-14	1	1.7e-17	2.52485e-18
59652.096007	-1.2914992562e-14	1	1.7e-17	2.52485e-18
59652.096019	-1.3943428626e-14	1	1.7e-17	2.52485e-18
59652.096030	-1.5940412984e-14	1	1.7e-17	2.52485e-18
59652.096042	-1.4663512510e-14	1	1.7e-17	2.52485e-18
59652.096053	-1.4136465741e-14	1	1.7e-17	2.52485e-18
59652.096065	-1.5576952841e-14	1	1.7e-17	2.52485e-18
59652.096076	-1.4052775497e-14	1	1.7e-17	2.52485e-18
59652.096088	-1.4386162583e-14	1	1.7e-17	2.52485e-18
59652.096100	-1.4719248125e-14	1	1.7e-17	2.52485e-18
59652.096111	-1.6513878854e-14	1	1.7e-17	2.52485e-18
59652.096123	-1.5640307517e-14	1	1.7e-17	2.52485e-18
59652.096134	-1.5146865932e-14	1	1.7e-17	2.52485e-18
59652.096146	-1.0820579933e-14	1	1.7e-17	2.52485e-18
59652.096157	-1.4533360816e-14	1	1.7e-17	2.52485e-18
59652.096169	-1.3372298874e-14	1	1.7e-17	2.52485e-18
59652.096181	-1.6515871922e-14	1	1.7e-17	2.52485e-18
59652.096192	-1.5321233594e-14	1	1.7e-17	2.52485e-18
59652.096204	-1.6598244182e-14	1	1.7e-17	2.52485e-18
59652.096215	-1.5186459641e-14	1	1.7e-17	2.52485e-18
59652.096227	-1.2240872073e-14	1	1.7e-17	2.52485e-18
59652.096238	-1.2720678121e-14	1	1.7e-17	2.52485e-18
59652.096250	-1.3052921713e-14	1	1.7e-17	2.52485e-18
59652.096262	-1.1256226765e-14	1	1.7e-17	2.52485e-18
59652.096273	-1.5082897157e-14	1	1.7e-17	2.52485e-18
59652.096285	-1.3588349873e-14	1	1.7e-17	2.52485e-18
59652.096296	-1.5181820441e-14	1	1.7e-17	2.52485e-18
59652.096308	-1.2680930253e-14	1	1.7e-17	2.52485e-18
59652.096319	-1.5461498862e-14	1	1.7e-17	2.52485e-18
59652.096331	-1.5308318883e-14	1	1.7e-17	2.52485e-18
59652.096343	-1.4011225143e-14	1	1.7e-17	2.52485e-18
59652.096354	-1.4211919436e-14	1	1.7e-17	2.52485e-18
59652.096366	-1.4735790679e-14	1	1.7e-17	2.52485e-18
59652.096377	-1.3290407728e-14	1	1.7e-17	2.52485e-18
59652.096389	-1.5638396611e-14	1	1.7e-17	2.52485e-18
59652.096400	-1.6792371428e-14	1	1.7e-17	2.52485e-18
59652.096412	-1.4644650781e-14	1	1.7e-17	2.52485e-18
59652.096424	-1.5196402960e-14	1	1.7e-17	2.52485e-18
59652.096435	-1.4922411519e-14	1	1.7e-17	2.52485e-18
59652.096447	-1.4534047760e-14	1	1.7e-17	2.52485e-18
59652.096458	-1.2047746867e-14	1	1.7e-17	2.52485e-18
59652.096470	-1.2861058586e-14	1	1.7e-17	2.52485e-18
59652.096481	-1.2825513695e-14	1	1.7e-17	2.52485e-18
59652.096493	-1.5465417236e-14	1	1.7e-17	2.52485e-18
59652.096505	-1.6347191240e-14	1	1.7e-17	2.52485e-18
59652.096516	-1.4800011023e-14	1	1.7e-17	2.52485e-18
59652.096528	-1.5001452398e-14	1	1.7e-17	2.52485e-18
59652.096539	-1.3384798539e-14	1	1.7e-17	2.52485e-18
59652.096551	-1.5797444834e-14	1	1.7e-17	2.52485e-18
59652.096562	-1.3997070376e-14	1	1.7e-17	2.52485e-18
59652.096574	-1.5985863925e-14	1	1.7e-17	2.52485e-18
59652.096586	-1.0771934831e-14	1	1.7e-17	2.52485e-18
59652.096597	-1.4095845429e-14	1	1.7e-17	2.52485e-18
59652.096609	-1.4143824763e-14	1	1.7e-17	2.52485e-18
59652.096620	-1.5376019685e-14	1	1.7e-17	2.52485e-18
59652.096632	-1.3899154214e-14	1	1.7e-17	2.52485e-18
59652.096644	-1.6054252518e-14	1	1.7e-17	2.52485e-18
59652.096655	-1.7272550171e-14	1	1.7e-17	2.52485e-18
59652.096667	-1.4467699669e-14	1	1.7e-17	2.52485e-18
59652.096678	-1.4660489450e-14	1	1.7e-17	2.52485e-18
59652.096690	-1.4754275479e-14	1	1.7e-17	2.52485e-18
59652.096701	-1.2815686419e-14	1	1.7e-17	2.52485e-18
59652.096713	-1.4590384768e-14	1	1.7e-17	2.52485e-18
59652.096725	-1.3267456524e-14	1	1.7e-17	2.52485e-18
59652.096736	-1.4587670027e-14	1	1.7e-17	2.52485e-18
59652.096748	-1.4602573572e-14	1	1.7e-17	2.52485e-18
59652.096759	-1.4027324698e-14	1	1.7e-17	2.52485e-18
59652.096771	-1.3170480569e-14	1	1.7e-17	2.52485e-18
59652.096782	-1.6141853513e-14	1	1.7e-17	2.52485e-18
59652.096794	-1.4964535314e-14	1	1.7e-17	2.52485e-18
59652.096806	-1.4893221069e-14	1	1.7e-17	2.52485e-18
59652.096817	-1.6317975379e-14	1	1.7e-17	2.52485e-18
59652.096829	-1.6617719164e-14	1	1.7e-17	2.52485e-18
59652.096840	-1.3260271143e-14	1	1.7e-17	2.52485e-18
59652.096852	-1.5638681214e-14	1	1.7e-17	2.52485e-18
59652.096863	-1.5204765717e-14	1	1.7e-17	2.52485e-18
59652.096875	-1.7324612204e-14	1	1.7e-17	2.52485e-18
59652.096887	-1.4999524551e-14	1	1.7e-17	2.52485e-18
59652.096898	-1.4123817845e-14	1	1.7e-17	2.52485e-18
59652.096910	-1.2379111238e-14	1	1.7e-17	2.52485e-18
59652.096921	-1.2499777858e-14	1	1.7e-17	2.52485e-18
59652.097025	-1.6658166681e-14	1	1.7e-17	2.52485e-18
59652.097037	-1.6331394922e-14	1	1.7e-17	2.52485e-18
59652.097049	-1.5493640374e-14	1	1.7e-17	2.52485e-18
59652.097060	-2.0353808699e-14	1	1.7e-17	2.52485e-18
59652.097072	-1.4197413996e-14	1	1.7e-17	2.52485e-18
59652.097083	-1.3571343993e-14	1	1.7e-17	2.52485e-18
59652.097176	-1.4554485818e-14	1	1.7e-17	2.52485e-18
59652.097187	-1.4054951525e-14	1	1.7e-17	2.52485e-18
59652.097199	-1.5961163597e-14	1	1.7e-17	2.52485e-18
59652.097211	-1.4177811113e-14	1	1.7e-17	2.52485e-18
59652.097222	-1.3683792699e-14	1	1.7e-17	2.52485e-18
59652.097234	-1.2789665567e-14	1	1.7e-17	2.52485e-18
59652.097245	-1.3469367155e-14	1	1.7e-17	2.52485e-18
59652.097257	-1.5098424118e-14	1	1.7e-17	2.52485e-18
59652.097269	-1.0504462155e-14	1	1.7e-17	2.52485e-18
59652.097280	-1.5024055472e-14	1	1.7e-17	2.52485e-18
59652.097292	-1.6762956515e-14	1	1.7e-17	2.52485e-18
59652.097303	-1.7138670684e-14	1	1.7e-17	2.52485e-18
59652.097315	-1.3771181088e-14	1	1.7e-17	2.52485e-18
59652.097326	-1.4745448548e-14	1	1.7e-17	2.52485e-18
59652.097338	-1.1642481413e-14	1	1.7e-17	2.52485e-18
59652.097350	-1.5494973604e-14	1	1.7e-17	2.52485e-18
59652.097361	-1.2813064852e-14	1	1.7e-17	2.52485e-18
59652.097373	-1.4299661038e-14	1	1.7e-17	2.52485e-18
59652.097384	-1.2515359876e-14	1	1.7e-17	2.52485e-18
59652.097396	-1.3239647585e-14	1	1.7e-17	2.52485e-18
59652.097407	-1.4276631906e-14	1	1.7e-17	2.52485e-18
59652.097419	-1.7393204085e-14	1	1.7e-17	2.52485e-18
59652.097431	-1.5864135973e-14	1	1.7e-17	2.52485e-18
59652.097442	-1.6501647698e-14	1	1.7e-17	2.52485e-18
59652.097454	-1.3281626538e-14	1	1.7e-17	2.52485e-18
59652.097465	-1.5202537173e-14	1	1.7e-17	2.52485e-18
59652.097477	-1.4602513433e-14	1	1.7e-17	2.52485e-18
59652.097488	-1.5508759065e-14	1	1.7e-17	2.52485e-18
59652.097500	-1.2611105939e-14	1	1.7e-17	2.52485e-18
59652.097512	-1.2651894811e-14	1	1.7e-17	2.52485e-18
59652.097523	-1.1852704826e-14	1	1.7e-17	2.52485e-18
59652.097535	-1.3568357355e-14	1	1.7e-17	2.52485e-18
59652.097546	-1.1030589894e-14	1	1.7e-17	2.52485e-18
59652.097558	-1.3615592147e-14	1	1.7e-17	2.52485e-18
59652.097569	-1.3713082251e-14	1	1.7e-17	2.52485e-18
59652.097581	-1.2821011715e-14	1	1.7e-17	2.52485e-18
59652.097593	-1.2478721466e-14	1	1.7e-17	2.52485e-18
59652.097604	-1.1358398420e-14	1	1.7e-17	2.52485e-18
59652.097616	-1.5171229988e-14	1	1.7e-17	2.52485e-18
59652.097627	-1.3062757459e-14	1	1.7e-17	2.52485e-18
59652.097639	-1.5089952942e-14	1	1.7e-17	2.52485e-18
59652.097650	-1.2416563647e-14	1	1.7e-17	2.52485e-18
59652.097662	-1.4694657912e-14	1	1.7e-17	2.52485e-18
59652.097674	-1.4439174987e-14	1	1.7e-17	2.52485e-18
59652.097685	-1.5099573542e-14	1	1.7e-17	2.52485e-18
59652.097697	-1.2379855780e-14	1	1.7e-17	2.52485e-18
59652.097708	-1.4161353263e-14	1	1.7e-17	2.52485e-18
59652.097720	-1.5673468857e-14	1	1.7e-17	2.52485e-18
59652.097731	-1.7273893565e-14	1	1.7e-17	2.52485e-18
59652.097743	-1.5211109146e-14	1	1.7e-17	2.52485e-18
59652.097755	-1.5913988097e-14	1	1.7e-17	2.52485e-18
59652.097766	-1.4969419306e-14	1	1.7e-17	2.52485e-18
59652.097778	-1.5269419741e-14	1	1.7e-17	2.52485e-18
59652.097789	-1.3156044586e-14	1	1.7e-17	2.52485e-18
59652.097801	-1.5620656353e-14	1	1.7e-17	2.52485e-18
59652.097812	-1.3341272904e-14	1	1.7e-17	2.52485e-18
59652.097824	-1.5062423524e-14	1	1.7e-17	2.52485e-18
59652.097836	-1.6100527622e-14	1	1.7e-17	2.52485e-18
59652.097847	-1.4637132516e-14	1	1.7e-17	2.52485e-18
59652.097859	-1.4299857549e-14	1	1.7e-17	2.52485e-18
59652.097870	-1.4847170429e-14	1	1.7e-17	2.52485e-18
59652.097882	-1.3057319508e-14	1	1.7e-17	2.52485e-18
59652.097894	-1.2370922124e-14	1	1.7e-17	2.52485e-18
59652.097905	-1.2473568965e-14	1	1.7e-17	2.52485e-18
59652.097917	-1.4117792052e-14	1	1.7e-17	2.52485e-18
59652.097928	-1.2566533372e-14	1	1.7e-17	2.52485e-18
59652.097940	-1.4536310185e-14	1	1.7e-17	2.52485e-18
59652.097951	-1.5693781554e-14	1	1.7e-17	2.52485e-18
59652.097963	-1.6370234771e-14	1	1.7e-17	2.52485e-18
59652.097975	-1.7263269231e-14	1	1.7e-17	2.52485e-18
59652.097986	-1.6375370332e-14	1	1.7e-17	2.52485e-18
59652.097998	-1.5884939102e-14	1	1.7e-17	2.52485e-18
59652.098009	-1.4862100232e-14	1	1.7e-17	2.52485e-18
59652.098021	-1.5135541102e-14	1	1.7e-17	2.52485e-18
59652.098032	-1.3792324725e-14	1	1.7e-17	2.52485e-18
59652.098044	-1.3336518508e-14	1	1.7e-17	2.52485e-18
59652.098056	-1.4130798243e-14	1	1.7e-17	2.52485e-18
59652.098067	-1.3964668824e-14	1	1.7e-17	2.52485e-18
59652.098079	-1.5019735604e-14	1	1.7e-17	2.52485e-18
59652.098090	-1.3901330242e-14	1	1.7e-17	2.52485e-18
59652.098102	-1.5948753718e-14	1	1.7e-17	2.52485e-18
59652.098113	-1.4895921410e-14	1	1.7e-17	2.52485e-18
59652.098125	-1.3513103702e-14	1	1.7e-17	2.52485e-18
59652.098137	-1.5911646051e-14	1	1.7e-17	2.52485e-18
59652.098148	-1.4372750664e-14	1	1.7e-17	2.52485e-18
59652.098160	-1.4354331085e-14	1	1.7e-17	2.52485e-18
59652.098171	-1.5791414807e-14	1	1.7e-17	2.52485e-18
59652.098183	-1.6053945892e-14	1	1.7e-17	2.52485e-18
59652.098194	-1.3244586634e-14	1	1.7e-17	2.52485e-18
59652.098206	-1.5379315490e-14	1	1.7e-17	2.52485e-18
59652.098218	-1.3447476436e-14	1	1.7e-17	2.52485e-18
59652.098229	-1.4667752757e-14	1	1.7e-17	2.52485e-18
59652.098241	-1.3893413025e-14	1	1.7e-17	2.52485e-18
59652.098252	-1.5780595655e-14	1	1.7e-17	2.52485e-18
59652.098264	-1.2827353451e-14	1	1.7e-17	2.52485e-18
59652.098275	-1.5663777106e-14	1	1.7e-17	2.52485e-18
59652.098287	-1.6180796700e-14	1	1.7e-17	2.52485e-18
59652.098299	-1.6827902766e-14	1	1.7e-17	2.52485e-18
59652.098310	-1.7921169038e-14	1	1.7e-17	2.52485e-18
59652.098322	-1.6370737909e-14	1	1.7e-17	2.52485e-18
59652.098333	-1.4807977368e-14	1	1.7e-17	2.52485e-18
59652.098345	-1.2425812400e-14	1	1.7e-17	2.52485e-18
59652.098356	-1.6499469129e-14	1	1.7e-17	2.52485e-18
59652.098368	-1.4772317281e-14	1	1.7e-17	2.52485e-18
59652.098380	-1.5408613513e-14	1	1.7e-17	2.52485e-18
59652.098391	-1.3563889256e-14	1	1.7e-17	2.52485e-18
59652.098403	-1.4513410649e-14	1	1.7e-17	2.52485e-18
59652.098414	-1.2875580966e-14	1	1.7e-17	2.52485e-18
59652.098426	-1.6258818598e-14	1	1.7e-17	2.52485e-18
59652.098437	-1.2249078976e-14	1	1.7e-17	2.52485e-18
59652.098449	-1.7196833049e-14	1	1.7e-17	2.52485e-18
59652.098461	-1.3108740337e-14	1	1.7e-17	2.52485e-18
59652.098472	-1.5832191820e-14	1	1.7e-17	2.52485e-18
59652.098484	-1.4216540847e-14	1	1.7e-17	2.52485e-18
59652.098495	-1.4396130467e-14	1	1.7e-17	2.52485e-18
59652.098507	-1.4579574933e-14	1	1.7e-17	2.52485e-18
59652.098519	-1.3948124577e-14	1	1.7e-17	2.52485e-18
59652.098530	-1.3209287383e-14	1	1.7e-17	2.52485e-18
59652.098542	-1.3133889592e-14	1	1.7e-17	2.52485e-18
59652.098553	-1.6305849256e-14	1	1.7e-17	2.52485e-18
59652.098565	-1.5609228184e-14	1	1.7e-17	2.52485e-18
59652.098576	-1.4259709035e-14	1	1.7e-17	2.52485e-18
59652.098588	-1.5175954738e-14	1	1.7e-17	2.52485e-18
59652.098600	-1.6329167226e-14	1	1.7e-17	2.52485e-18
59652.098611	-1.3229723747e-14	1	1.7e-17	2.52485e-18
59652.098623	-1.5773157859e-14	1	1.7e-17	2.52485e-18
59652.098634	-1.4080615776e-14	1	1.7e-17	2.52485e-18
59652.098646	-1.5866430586e-14	1	1.7e-17	2.52485e-18
59652.098657	-1.5003643673e-14	1	1.7e-17	2.52485e-18
59652.098669	-1.3989686789e-14	1	1.7e-17	2.52485e-18
59652.098681	-1.5875778441e-14	1	1.7e-17	2.52485e-18
59652.098692	-1.6198297247e-14	1	1.7e-17	2.52485e-18
59652.098704	-1.3826444059e-14	1	1.7e-17	2.52485e-18
59652.098715	-1.4580147528e-14	1	1.7e-17	2.52485e-18
59652.098727	-1.4880396144e-14	1	1.7e-17	2.52485e-18
59652.098738	-1.4974688698e-14	1	1.7e-17	2.52485e-18
59652.098750	-1.4205177053e-14	1	1.7e-17	2.52485e-18
59652.098762	-1.2670347424e-14	1	1.7e-17	2.52485e-18
59652.098773	-1.2200187387e-14	1	1.7e-17	2.52485e-18
59652.098785	-1.4997284996e-14	1	1.7e-17	2.52485e-18
59652.098796	-1.3954502735e-14	1	1.7e-17	2.52485e-18
59652.098808	-1.2245652727e-14	1	1.7e-17	2.52485e-18
59652.098819	-1.6706157027e-14	1	1.7e-17	2.52485e-18
59652.098831	-1.0876561187e-14	1	1.7e-17	2.52485e-18
59652.098843	-1.5802012036e-14	1	1.7e-17	2.52485e-18
59652.098854	-1.3799527046e-14	1	1.7e-17	2.52485e-18
59652.098866	-1.9699713764e-14	1	1.7e-17	2.52485e-18
59652.098877	-1.4097179506e-14	1	1.7e-17	2.52485e-18
59652.098889	-1.5735671568e-14	1	1.7e-17	2.52485e-18
59652.098900	-1.5510994385e-14	1	1.7e-17	2.52485e-18
59652.098912	-1.5822511080e-14	1	1.7e-17	2.52485e-18
59652.098924	-1.2961872447e-14	1	1.7e-17	2.52485e-18
59652.098935	-1.5693849317e-14	1	1.7e-17	2.52485e-18
59652.098947	-1.5699377901e-14	1	1.7e-17	2.52485e-18
59652.098958	-1.4516310890e-14	1	1.7e-17	2.52485e-18
59652.098970	-1.4518104905e-14	1	1.7e-17	2.52485e-18
59652.098981	-1.4704442836e-14	1	1.7e-17	2.52485e-18
59652.098993	-1.2104215166e-14	1	1.7e-17	2.52485e-18
59652.099005	-1.3291791780e-14	1	1.7e-17	2.52485e-18
59652.099016	-1.6009376713e-14	1	1.7e-17	2.52485e-18
59652.099028	-1.7585622018e-14	1	1.7e-17	2.52485e-18
59652.099039	-1.9243364599e-14	1	1.7e-17	2.52485e-18
59652.099051	-1.3800114040e-14	1	1.7e-17	2.52485e-18
59652.099062	-1.5295903074e-14	1	1.7e-17	2.52485e-18
59652.099074	-1.4650509708e-14	1	1.7e-17	2.52485e-18
59652.099086	-1.3299178755e-14	1	1.7e-17	2.52485e-18
59652.099097	-1.1404695547e-14	1	1.7e-17	2.52485e-18
59652.099109	-1.0663995728e-14	1	1.7e-17	2.52485e-18
59652.099120	-1.3018882847e-14	1	1.7e-17	2.52485e-18
59652.099132	-1.4320610703e-14	1	1.7e-17	2.52485e-18
59652.099144	-1.3533808575e-14	1	1.7e-17	2.52485e-18
59652.099155	-1.3385736204e-14	1	1.7e-17	2.52485e-18
59652.099167	-1.3979954381e-14	1	1.7e-17	2.52485e-18
59652.099178	-1.7815463562e-14	1	1.7e-17	2.52485e-18
59652.099190	-1.5436784982e-14	1	1.7e-17	2.52485e-18
59652.099201	-1.4229414054e-14	1	1.7e-17	2.52485e-18
59652.099213	-1.2634395110e-14	1	1.7e-17	2.52485e-18
59652.099225	-1.4905979927e-14	1	1.7e-17	2.52485e-18
59652.099236	-1.5851325447e-14	1	1.7e-17	2.52485e-18
59652.099248	-1.5750016918e-14	1	1.7e-17	2.52485e-18
59652.099259	-1.2469825079e-14	1	1.7e-17	2.52485e-18
59652.099271	-1.5445671204e-14	1	1.7e-17	2.52485e-18
59652.099282	-1.2220392511e-14	1	1.7e-17	2.52485e-18
59652.099294	-1.3962306449e-14	1	1.7e-17	2.52485e-18
59652.099306	-1.1726924668e-14	1	1.7e-17	2.52485e-18
59652.099317	-1.4138583323e-14	1	1.7e-17	2.52485e-18
59652.099329	-1.5521155392e-14	1	1.7e-17	2.52485e-18
59652.099340	-1.4329882326e-14	1	1.7e-17	2.52485e-18
59652.099352	-1.5749797537e-14	1	1.7e-17	2.52485e-18
59652.099363	-1.3833412599e-14	1	1.7e-17	2.52485e-18
59652.099375	-1.7928712714e-14	1	1.7e-17	2.52485e-18
59652.099387	-1.7515789234e-14	1	1.7e-17	2.52485e-18
59652.099398	-1.4401764083e-14	1	1.7e-17	2.52485e-18
59652.099410	-1.3545384127e-14	1	1.7e-17	2.52485e-18
59652.099421	-1.4981503078e-14	1	1.7e-17	2.52485e-18
59652.099433	-1.7576444416e-14	1	1.7e-17	2.52485e-18
59652.099444	-1.7774127507e-14	1	1.7e-17	2.52485e-18
59652.099456	-1.5399742537e-14	1	1.7e-17	2.52485e-18
59652.099468	-1.5161145214e-14	1	1.7e-17	2.52485e-18
59652.099479	-1.4081561065e-14	1	1.7e-17	2.52485e-18
59652.099491	-1.5342146837e-14	1	1.7e-17	2.52485e-18
59652.099502	-1.2677837736e-14	1	1.7e-17	2.52485e-18
59652.099514	-1.6321556635e-14	1	1.7e-17	2.52485e-18
59652.099525	-1.3770878697e-14	1	1.7e-17	2.52485e-18
59652.099537	-1.2233000596e-14	1	1.7e-17	2.52485e-18
59652.099549	-1.3769878351e-14	1	1.7e-17	2.52485e-18
59652.099560	-1.6532111238e-14	1	1.7e-17	2.52485e-18
59652.099572	-1.5844752471e-14	1	1.7e-17	2.52485e-18
59652.099583	-1.7699741073e-14	1	1.7e-17	2.52485e-18
59652.099595	-1.4415656270e-14	1	1.7e-17	2.52485e-18
59652.099606	-1.7301040124e-14	1	1.7e-17	2.52485e-18
59652.099618	-1.5428021579e-14	1	1.7e-17	2.52485e-18
59652.099630	-1.8626340060e-14	1	1.7e-17	2.52485e-18
59652.099641	-1.3322556017e-14	1	1.7e-17	2.52485e-18
59652.099653	-1.4098301824e-14	1	1.7e-17	2.52485e-18
59652.099664	-1.3864018440e-14	1	1.7e-17	2.52485e-18
59652.099676	-1.4146590325e-14	1	1.7e-17	2.52485e-18
59652.099687	-1.4811998233e-14	1	1.7e-17	2.52485e-18
59652.099699	-1.4463422152e-14	1	1.7e-17	2.52485e-18
59652.099711	-1.1871446277e-14	1	1.7e-17	2.52485e-18
59652.099722	-1.5108261559e-14	1	1.7e-17	2.52485e-18
59652.099734	-1.2554937491e-14	1	1.7e-17	2.52485e-18
59652.099745	-1.4915157529e-14	1	1.7e-17	2.52485e-18
59652.099757	-1.1466968563e-14	1	1.7e-17	2.52485e-18
59652.099769	-1.2620109053e-14	1	1.7e-17	2.52485e-18
59652.099780	-9.1900787788e-15	1	1.7e-17	2.52485e-18
59652.099792	-1.4444189422e-14	1	1.7e-17	2.52485e-18
59652.099803	-1.4440469254e-14	1	1.7e-17	2.52485e-18
59652.099815	-1.4554805149e-14	1	1.7e-17	2.52485e-18
59652.099826	-1.6525385796e-14	1	1.7e-17	2.52485e-18
59652.099838	-1.5706635279e-14	1	1.7e-17	2.52485e-18
59652.099850	-1.5210026638e-14	1	1.7e-17	2.52485e-18
59652.099861	-1.7333484027e-14	1	1.7e-17	2.52485e-18
59652.099873	-1.7853249701e-14	1	1.7e-17	2.52485e-18
59652.099884	-1.6335721567e-14	1	1.7e-17	2.52485e-18
59652.099896	-1.6347002351e-14	1	1.7e-17	2.52485e-18
59652.099907	-1.5923034409e-14	1	1.7e-17	2.52485e-18
59652.099919	-1.8164225989e-14	1	1.7e-17	2.52485e-18
59652.099931	-2.0171731344e-14	1	1.7e-17	2.52485e-18
59652.099942	-1.7283677643e-14	1	1.7e-17	2.52485e-18
59652.099954	-1.4032051989e-14	1	1.7e-17	2.52485e-18
59652.099965	-1.4808525398e-14	1	1.7e-17	2.52485e-18
59652.099977	-1.3748986284e-14	1	1.7e-17	2.52485e-18
59652.099988	-1.2747985617e-14	1	1.7e-17	2.52485e-18
59652.100000	-1.8141768605e-14	1	1.7e-17	2.52485e-18
59652.100012	-1.4478653499e-14	1	1.7e-17	2.52485e-18
59652.100023	-1.5283747304e-14	1	1.7e-17	2.52485e-18
59652.100035	-1.2125636629e-14	1	1.7e-17	2.52485e-18
59652.100046	-1.4254058478e-14	1	1.7e-17	2.52485e-18
59652.100058	-1.3908989113e-14	1	1.7e-17	2.52485e-18
59652.100069	-1.2306090222e-14	1	1.7e-17	2.52485e-18
59652.100081	-1.4416016259e-14	1	1.7e-17	2.52485e-18
59652.100093	-1.5326713897e-14	1	1.7e-17	2.52485e-18
59652.100104	-1.2602810099e-14	1	1.7e-17	2.52485e-18
59652.100116	-1.4079492611e-14	1	1.7e-17	2.52485e-18
59652.100127	-1.2303490678e-14	1	1.7e-17	2.52485e-18
59652.100139	-1.6072433233e-14	1	1.7e-17	2.52485e-18
59652.100150	-1.3787777005e-14	1	1.7e-17	2.52485e-18
59652.100162	-1.5977695139e-14	1	1.7e-17	2.52485e-18
59652.100174	-1.2139434796e-14	1	1.7e-17	2.52485e-18
59652.100185	-1.7692362569e-14	1	1.7e-17	2.52485e-18
59652.100197	-1.7460118841e-14	1	1.7e-17	2.52485e-18
59652.100208	-1.6537031652e-14	1	1.7e-17	2.52485e-18
59652.100220	-1.3359938969e-14	1	1.7e-17	2.52485e-18
59652.100231	-1.4329465586e-14	1	1.7e-17	2.52485e-18
59652.100428	-1.5086967151e-14	1	1.7e-17	2.52485e-18
59652.100440	-1.3133734585e-14	1	1.7e-17	2.52485e-18
59652.100451	-1.3493477101e-14	1	1.7e-17	2.52485e-18
59652.100463	-1.7342511704e-14	1	1.7e-17	2.52485e-18
59652.100475	-1.3018093412e-14	1	1.7e-17	2.52485e-18
59652.100486	-1.3212722949e-14	1	1.7e-17	2.52485e-18
59652.100498	-1.1165302014e-14	1	1.7e-17	2.52485e-18
59652.100509	-1.8552762543e-14	1	1.7e-17	2.52485e-18
59652.100521	-1.2021518492e-14	1	1.7e-17	2.52485e-18
59652.100532	-1.4449108990e-14	1	1.7e-17	2.52485e-18
59652.100544	-1.9602445582e-14	1	1.7e-17	2.52485e-18
59652.100556	-1.4924568065e-14	1	1.7e-17	2.52485e-18
59652.100567	-1.3525972673e-14	1	1.7e-17	2.52485e-18
59652.100579	-9.1001103273e-15	1	1.7e-17	2.52485e-18
59652.100590	-1.4550597089e-14	1	1.7e-17	2.52485e-18
59652.100602	-1.1895470672e-14	1	1.7e-17	2.52485e-18
59652.100613	-1.5491632906e-14	1	1.7e-17	2.52485e-18
59652.100625	-1.3295993911e-14	1	1.7e-17	2.52485e-18
59652.100637	-1.7845988935e-14	1	1.7e-17	2.52485e-18
59652.100648	-1.3059581086e-14	1	1.7e-17	2.52485e-18
59652.100660	-1.6459275722e-14	1	1.7e-17	2.52485e-18
59652.100671	-1.3485232930e-14	1	1.7e-17	2.52485e-18
59652.100683	-1.7258762168e-14	1	1.7e-17	2.52485e-18
59652.100694	-1.5691841849e-14	1	1.7e-17	2.52485e-18
59652.100706	-1.6870264578e-14	1	1.7e-17	2.52485e-18
59652.100718	-1.3098262539e-14	1	1.7e-17	2.52485e-18
59652.100729	-1.5194656378e-14	1	1.7e-17	2.52485e-18
59652.100741	-1.4553814120e-14	1	1.7e-17	2.52485e-18
59652.100752	-1.6795010783e-14	1	1.7e-17	2.52485e-18
59652.100764	-1.4931890665e-14	1	1.7e-17	2.52485e-18
59652.100775	-1.4597564219e-14	1	1.7e-17	2.52485e-18
59652.100787	-1.4261971460e-14	1	1.7e-17	2.52485e-18
59652.100799	-1.6880688165e-14	1	1.7e-17	2.52485e-18
59652.100810	-1.6513322353e-14	1	1.7e-17	2.52485e-18
59652.100822	-1.6114893301e-14	1	1.7e-17	2.52485e-18
59652.100833	-1.4462560720e-14	1	1.7e-17	2.52485e-18
59652.100845	-1.3996607896e-14	1	1.7e-17	2.52485e-18
59652.100856	-1.5453075119e-14	1	1.7e-17	2.52485e-18
59652.100868	-1.4533290512e-14	1	1.7e-17	2.52485e-18
59652.100880	-1.5052730926e-14	1	1.7e-17	2.52485e-18
59652.100891	-1.2917272774e-14	1	1.7e-17	2.52485e-18
59652.100903	-1.4263631644e-14	1	1.7e-17	2.52485e-18
59652.100914	-1.2588443573e-14	1	1.7e-17	2.52485e-18
59652.100926	-1.3662240793e-14	1	1.7e-17	2.52485e-18
59652.100937	-1.7073331410e-14	1	1.7e-17	2.52485e-18
59652.100949	-1.4584436903e-14	1	1.7e-17	2.52485e-18
59652.100961	-1.1918799654e-14	1	1.7e-17	2.52485e-18
59652.100972	-1.7855251240e-14	1	1.7e-17	2.52485e-18
59652.100984	-1.7316465441e-14	1	1.7e-17	2.52485e-18
59652.100995	-1.3999607239e-14	1	1.7e-17	2.52485e-18
59652.101007	-1.5054602869e-14	1	1.7e-17	2.52485e-18
59652.101019	-1.6793562356e-14	1	1.7e-17	2.52485e-18
59652.101030	-1.5964222233e-14	1	1.7e-17	2.52485e-18
59652.101042	-1.2370645991e-14	1	1.7e-17	2.52485e-18
59652.101053	-1.1614193053e-14	1	1.7e-17	2.52485e-18
59652.101065	-1.4345446556e-14	1	1.7e-17	2.52485e-18
59652.101076	-1.4621588615e-14	1	1.7e-17	2.52485e-18
59652.101088	-1.8558157296e-14	1	1.7e-17	2.52485e-18
59652.101100	-1.5595988212e-14	1	1.7e-17	2.52485e-18
59652.101111	-1.5043610075e-14	1	1.7e-17	2.52485e-18
59652.101123	-1.4977474590e-14	1	1.7e-17	2.52485e-18
59652.101134	-1.3391549391e-14	1	1.7e-17	2.52485e-18
59652.101146	-1.4516421004e-14	1	1.7e-17	2.52485e-18
59652.101157	-1.6971072510e-14	1	1.7e-17	2.52485e-18
59652.101169	-1.6513151252e-14	1	1.7e-17	2.52485e-18
59652.101181	-1.5781136062e-14	1	1.7e-17	2.52485e-18
59652.101192	-1.5673887291e-14	1	1.7e-17	2.52485e-18
59652.101204	-1.6337645179e-14	1	1.7e-17	2.52485e-18
59652.101215	-1.5587306124e-14	1	1.7e-17	2.52485e-18
59652.101227	-1.6712782518e-14	1	1.7e-17	2.52485e-18
59652.101238	-1.6998852650e-14	1	1.7e-17	2.52485e-18
59652.101250	-1.4542850126e-14	1	1.7e-17	2.52485e-18
59652.101262	-1.2994883015e-14	1	1.7e-17	2.52485e-18
59652.101273	-1.2549489375e-14	1	1.7e-17	2.52485e-18
59652.101285	-1.3521737508e-14	1	1.7e-17	2.52485e-18
59652.101296	-1.4800200758e-14	1	1.7e-17	2.52485e-18
59652.101308	-1.4018440170e-14	1	1.7e-17	2.52485e-18
59652.101319	-1.4437243752e-14	1	1.7e-17	2.52485e-18
59652.101331	-1.5293799891e-14	1	1.7e-17	2.52485e-18
59652.101343	-1.5918721318e-14	1	1.7e-17	2.52485e-18
59652.101354	-1.6965247465e-14	1	1.7e-17	2.52485e-18
59652.101366	-1.7135047077e-14	1	1.7e-17	2.52485e-18
59652.101377	-1.6048214867e-14	1	1.7e-17	2.52485e-18
59652.101389	-1.4215930137e-14	1	1.7e-17	2.52485e-18
59652.101400	-1.7674499491e-14	1	1.7e-17	2.52485e-18
59652.101412	-1.1385691516e-14	1	1.7e-17	2.52485e-18
59652.101424	-1.3194687923e-14	1	1.7e-17	2.52485e-18
59652.101435	-1.4622156127e-14	1	1.7e-17	2.52485e-18
59652.101447	-1.6908964666e-14	1	1.7e-17	2.52485e-18
59652.101458	-1.4211366323e-14	1	1.7e-17	2.52485e-18
59652.101470	-1.3199782826e-14	1	1.7e-17	2.52485e-18
59652.101481	-9.6317361571e-15	1	1.7e-17	2.52485e-18
59652.101493	-1.1731264018e-14	1	1.7e-17	2.52485e-18
59652.101505	-1.3406531710e-14	1	1.7e-17	2.52485e-18
59652.101516	-1.3338862248e-14	1	1.7e-17	2.52485e-18
59652.101528	-1.5324624267e-14	1	1.7e-17	2.52485e-18
59652.101539	-1.3758245201e-14	1	1.7e-17	2.52485e-18
59652.101551	-1.3169908821e-14	1	1.7e-17	2.52485e-18
59652.101562	-1.7366677554e-14	1	1.7e-17	2.52485e-18
59652.101574	-1.5975599580e-14	1	1.7e-17	2.52485e-18
59652.101586	-1.6459558631e-14	1	1.7e-17	2.52485e-18
59652.101597	-1.5940911887e-14	1	1.7e-17	2.52485e-18
59652.101609	-1.5344202586e-14	1	1.7e-17	2.52485e-18
59652.101620	-1.3697300333e-14	1	1.7e-17	2.52485e-18
59652.101632	-1.5398840447e-14	1	1.7e-17	2.52485e-18
59652.101644	-1.5775291534e-14	1	1.7e-17	2.52485e-18
59652.101655	-1.4439909365e-14	1	1.7e-17	2.52485e-18
59652.101667	-1.4703268002e-14	1	1.7e-17	2.52485e-18
59652.101678	-1.4293196482e-14	1	1.7e-17	2.52485e-18
59652.101690	-1.4811488319e-14	1	1.7e-17	2.52485e-18
59652.101701	-1.2860835816e-14	1	1.7e-17	2.52485e-18
59652.101713	-1.2769335082e-14	1	1.7e-17	2.52485e-18
59652.101725	-1.2756405971e-14	1	1.7e-17	2.52485e-18
59652.101736	-1.4077553752e-14	1	1.7e-17	2.52485e-18
59652.101748	-1.2413473671e-14	1	1.7e-17	2.52485e-18
59652.101759	-1.3396971249e-14	1	1.7e-17	2.52485e-18
59652.101771	-1.3028883765e-14	1	1.7e-17	2.52485e-18
59652.101782	-1.4024726001e-14	1	1.7e-17	2.52485e-18
59652.101794	-1.4531376218e-14	1	1.7e-17	2.52485e-18
59652.101806	-1.4797425031e-14	1	1.7e-17	2.52485e-18
59652.101817	-1.3817533272e-14	1	1.7e-17	2.52485e-18
59652.101829	-1.6556692981e-14	1	1.7e-17	2.52485e-18
59652.101840	-1.5276757588e-14	1	1.7e-17	2.52485e-18
59652.101852	-1.6593579572e-14	1	1.7e-17	2.52485e-18
59652.101863	-1.2830217269e-14	1	1.7e-17	2.52485e-18
59652.101875	-1.5098408872e-14	1	1.7e-17	2.52485e-18
59652.101887	-1.5446515696e-14	1	1.7e-17	2.52485e-18
59652.101898	-1.7919541041e-14	1	1.7e-17	2.52485e-18
59652.101910	-1.6501640921e-14	1	1.7e-17	2.52485e-18
59652.101921	-1.3723482969e-14	1	1.7e-17	2.52485e-18
59652.101933	-1.5534729095e-14	1	1.7e-17	2.52485e-18
59652.101944	-1.3319708292e-14	1	1.7e-17	2.52485e-18
59652.101956	-1.2972762750e-14	1	1.7e-17	2.52485e-18
59652.101968	-1.5248193943e-14	1	1.7e-17	2.52485e-18
59652.101979	-1.4255376461e-14	1	1.7e-17	2.52485e-18
59652.101991	-1.3955282005e-14	1	1.7e-17	2.52485e-18
59652.102002	-1.5796865464e-14	1	1.7e-17	2.52485e-18
59652.102014	-1.3838882738e-14	1	1.7e-17	2.52485e-18
59652.102025	-1.5146106991e-14	1	1.7e-17	2.52485e-18
59652.102037	-1.5426621433e-14	1	1.7e-17	2.52485e-18
59652.102049	-1.5348002376e-14	1	1.7e-17	2.52485e-18
59652.102060	-1.4227011869e-14	1	1.7e-17	2.52485e-18
59652.102072	-1.5491765043e-14	1	1.7e-17	2.52485e-18
59652.102083	-1.6853179923e-14	1	1.7e-17	2.52485e-18
59652.102095	-1.3622087196e-14	1	1.7e-17	2.52485e-18
59652.102106	-1.4885479188e-14	1	1.7e-17	2.52485e-18
59652.102118	-1.5917944588e-14	1	1.7e-17	2.52485e-18
59652.102130	-1.5319348946e-14	1	1.7e-17	2.52485e-18
59652.102141	-1.2948258934e-14	1	1.7e-17	2.52485e-18
59652.102153	-1.4075470898e-14	1	1.7e-17	2.52485e-18
59652.102164	-1.4006752809e-14	1	1.7e-17	2.52485e-18
59652.102176	-1.5669811369e-14	1	1.7e-17	2.52485e-18
59652.102188	-1.4648683505e-14	1	1.7e-17	2.52485e-18
59652.102280	-1.2468368182e-14	1	1.7e-17	2.52485e-18
59652.102292	-1.1880589150e-14	1	1.7e-17	2.52485e-18
59652.102303	-1.4534088417e-14	1	1.7e-17	2.52485e-18
59652.102315	-1.7187559732e-14	1	1.7e-17	2.52485e-18
59652.102326	-1.8032674997e-14	1	1.7e-17	2.52485e-18
59652.102338	-1.6790036158e-14	1	1.7e-17	2.52485e-18
59652.102350	-1.7248086165e-14	1	1.7e-17	2.52485e-18
59652.102361	-1.4249840254e-14	1	1.7e-17	2.52485e-18
59652.102373	-1.3560782339e-14	1	1.7e-17	2.52485e-18
59652.102384	-1.4477044983e-14	1	1.7e-17	2.52485e-18
59652.102396	-1.2517693452e-14	1	1.7e-17	2.52485e-18
59652.102407	-1.2884079247e-14	1	1.7e-17	2.52485e-18
59652.102419	-1.5885980106e-14	1	1.7e-17	2.52485e-18
59652.102431	-1.5446570753e-14	1	1.7e-17	2.52485e-18
59652.102442	-1.4060504673e-14	1	1.7e-17	2.52485e-18
59652.102454	-1.2349417651e-14	1	1.7e-17	2.52485e-18
59652.102465	-1.4195441257e-14	1	1.7e-17	2.52485e-18
59652.102477	-1.4725189214e-14	1	1.7e-17	2.52485e-18
59652.102488	-1.3366591566e-14	1	1.7e-17	2.52485e-18
59652.102500	-1.1810392989e-14	1	1.7e-17	2.52485e-18
59652.102512	-1.3854446968e-14	1	1.7e-17	2.52485e-18
59652.102523	-1.3642967405e-14	1	1.7e-17	2.52485e-18
59652.102535	-1.5917394017e-14	1	1.7e-17	2.52485e-18
59652.102546	-1.4968285976e-14	1	1.7e-17	2.52485e-18
59652.102558	-1.2330533899e-14	1	1.7e-17	2.52485e-18
59652.102569	-1.5129958308e-14	1	1.7e-17	2.52485e-18
59652.102581	-1.7660747065e-14	1	1.7e-17	2.52485e-18
59652.102593	-1.4930112742e-14	1	1.7e-17	2.52485e-18
59652.102604	-1.2381356723e-14	1	1.7e-17	2.52485e-18
59652.102616	-1.3965817401e-14	1	1.7e-17	2.52485e-18
59652.102627	-1.4930381252e-14	1	1.7e-17	2.52485e-18
59652.102639	-1.2499610993e-14	1	1.7e-17	2.52485e-18
59652.102650	-1.1953273047e-14	1	1.7e-17	2.52485e-18
59652.102662	-1.3521212348e-14	1	1.7e-17	2.52485e-18
59652.102674	-1.3174726745e-14	1	1.7e-17	2.52485e-18
59652.102685	-1.4396155031e-14	1	1.7e-17	2.52485e-18
59652.102697	-1.3603447389e-14	1	1.7e-17	2.52485e-18
59652.102708	-1.4209418147e-14	1	1.7e-17	2.52485e-18
59652.102720	-1.6114872972e-14	1	1.7e-17	2.52485e-18
59652.102731	-1.6178573238e-14	1	1.7e-17	2.52485e-18
59652.102743	-1.3398933825e-14	1	1.7e-17	2.52485e-18
59652.102755	-1.5244583888e-14	1	1.7e-17	2.52485e-18
59652.102766	-1.3495138980e-14	1	1.7e-17	2.52485e-18
59652.102778	-1.6550917910e-14	1	1.7e-17	2.52485e-18
59652.102789	-1.5641959231e-14	1	1.7e-17	2.52485e-18
59652.102801	-1.4699542751e-14	1	1.7e-17	2.52485e-18
59652.102813	-1.4437542755e-14	1	1.7e-17	2.52485e-18
59652.102824	-1.7602477127e-14	1	1.7e-17	2.52485e-18
59652.102836	-1.5190154398e-14	1	1.7e-17	2.52485e-18
59652.102847	-1.4884345858e-14	1	1.7e-17	2.52485e-18
59652.102859	-1.4534356927e-14	1	1.7e-17	2.52485e-18
59652.102870	-1.6833899759e-14	1	1.7e-17	2.52485e-18
59652.102882	-1.6386719726e-14	1	1.7e-17	2.52485e-18
59652.102894	-1.5917954753e-14	1	1.7e-17	2.52485e-18
59652.102905	-1.4414734699e-14	1	1.7e-17	2.52485e-18
59652.102917	-1.3452100389e-14	1	1.7e-17	2.52485e-18
59652.102928	-1.3210234366e-14	1	1.7e-17	2.52485e-18
59652.102940	-1.3786259122e-14	1	1.7e-17	2.52485e-18
59652.102951	-1.3879184565e-14	1	1.7e-17	2.52485e-18
59652.102963	-1.2091247091e-14	1	1.7e-17	2.52485e-18
59652.102975	-1.4943875334e-14	1	1.7e-17	2.52485e-18
59652.102986	-1.3602097218e-14	1	1.7e-17	2.52485e-18
59652.102998	-1.6623728862e-14	1	1.7e-17	2.52485e-18
59652.103009	-1.4450096630e-14	1	1.7e-17	2.52485e-18
59652.103021	-1.4416478739e-14	1	1.7e-17	2.52485e-18
59652.103032	-1.3432094318e-14	1	1.7e-17	2.52485e-18
59652.103044	-1.6873896655e-14	1	1.7e-17	2.52485e-18
59652.103056	-1.6737382049e-14	1	1.7e-17	2.52485e-18
59652.103067	-1.5652465828e-14	1	1.7e-17	2.52485e-18
59652.103079	-1.4952028873e-14	1	1.7e-17	2.52485e-18
59652.103090	-1.6024974824e-14	1	1.7e-17	2.52485e-18
59652.103102	-1.3712441047e-14	1	1.7e-17	2.52485e-18
59652.103113	-1.3730520966e-14	1	1.7e-17	2.52485e-18
59652.103125	-1.4341883936e-14	1	1.7e-17	2.52485e-18
59652.103137	-1.4644859998e-14	1	1.7e-17	2.52485e-18
59652.103148	-1.2389024065e-14	1	1.7e-17	2.52485e-18
59652.103160	-1.3747248172e-14	1	1.7e-17	2.52485e-18
59652.103171	-1.4425464065e-14	1	1.7e-17	2.52485e-18
59652.103183	-1.6669798137e-14	1	1.7e-17	2.52485e-18
59652.103194	-1.4119530164e-14	1	1.7e-17	2.52485e-18
59652.103206	-1.6310391893e-14	1	1.7e-17	2.52485e-18
59652.103218	-1.4631522617e-14	1	1.7e-17	2.52485e-18
59652.103229	-1.7184529048e-14	1	1.7e-17	2.52485e-18
59652.103241	-1.5597600116e-14	1	1.7e-17	2.52485e-18
59652.103252	-1.5838206601e-14	1	1.7e-17	2.52485e-18
59652.103264	-1.6506147137e-14	1	1.7e-17	2.52485e-18
59652.103275	-1.6435619785e-14	1	1.7e-17	2.52485e-18
59652.103287	-1.7640749464e-14	1	1.7e-17	2.52485e-18
59652.103299	-1.5280355784e-14	1	1.7e-17	2.52485e-18
59652.103310	-1.4870771308e-14	1	1.7e-17	2.52485e-18
59652.103322	-1.3414842798e-14	1	1.7e-17	2.52485e-18
59652.103333	-1.3181848598e-14	1	1.7e-17	2.52485e-18
59652.103345	-1.2874484905e-14	1	1.7e-17	2.52485e-18
59652.103356	-1.2111757147e-14	1	1.7e-17	2.52485e-18
59652.103368	-1.3351660916e-14	1	1.7e-17	2.52485e-18
59652.103380	-1.5968847880e-14	1	1.7e-17	2.52485e-18
59652.103391	-1.4834318398e-14	1	1.7e-17	2.52485e-18
59652.103403	-1.4927364967e-14	1	1.7e-17	2.52485e-18
59652.103414	-1.2840815345e-14	1	1.7e-17	2.52485e-18
59652.103426	-1.3225619025e-14	1	1.7e-17	2.52485e-18
59652.103438	-1.4596653659e-14	1	1.7e-17	2.52485e-18
59652.103449	-1.5735209935e-14	1	1.7e-17	2.52485e-18
59652.103461	-1.4631016938e-14	1	1.7e-17	2.52485e-18
59652.103472	-1.4739961469e-14	1	1.7e-17	2.52485e-18
59652.103484	-1.5736377147e-14	1	1.7e-17	2.52485e-18
59652.103495	-1.4563369499e-14	1	1.7e-17	2.52485e-18
59652.103507	-1.3564338183e-14	1	1.7e-17	2.52485e-18
59652.103519	-1.4566777113e-14	1	1.7e-17	2.52485e-18
59652.103530	-1.5579618453e-14	1	1.7e-17	2.52485e-18
59652.103542	-1.4948468793e-14	1	1.7e-17	2.52485e-18
59652.103553	-1.4552238639e-14	1	1.7e-17	2.52485e-18
59652.103565	-1.4153573265e-14	1	1.7e-17	2.52485e-18
59652.103576	-1.4724763157e-14	1	1.7e-17	2.52485e-18
59652.103588	-1.3777961587e-14	1	1.7e-17	2.52485e-18
59652.103600	-1.2179229251e-14	1	1.7e-17	2.52485e-18
59652.103611	-1.3985521081e-14	1	1.7e-17	2.52485e-18
59652.103623	-1.2733857954e-14	1	1.7e-17	2.52485e-18
59652.103634	-1.4491395415e-14	1	1.7e-17	2.52485e-18
59652.103646	-1.3436458231e-14	1	1.7e-17	2.52485e-18
59652.103657	-1.3025672663e-14	1	1.7e-17	2.52485e-18
59652.103669	-1.2424472394e-14	1	1.7e-17	2.52485e-18
59652.103681	-1.0881487531e-14	1	1.7e-17	2.52485e-18
59652.103692	-1.2564392072e-14	1	1.7e-17	2.52485e-18
59652.103704	-1.1413492832e-14	1	1.7e-17	2.52485e-18
59652.103715	-1.6012186321e-14	1	1.7e-17	2.52485e-18
59652.103727	-1.3839086025e-14	1	1.7e-17	2.52485e-18
59652.103738	-1.6530755985e-14	1	1.7e-17	2.52485e-18
59652.103750	-1.3813265073e-14	1	1.7e-17	2.52485e-18
59652.103762	-1.4097427686e-14	1	1.7e-17	2.52485e-18
59652.103773	-1.4058171944e-14	1	1.7e-17	2.52485e-18
59652.103785	-1.5732583286e-14	1	1.7e-17	2.52485e-18
59652.103796	-1.6133279845e-14	1	1.7e-17	2.52485e-18
59652.103808	-1.3193328435e-14	1	1.7e-17	2.52485e-18
59652.103819	-1.5249862598e-14	1	1.7e-17	2.52485e-18
59652.103831	-1.4722034864e-14	1	1.7e-17	2.52485e-18
59652.103843	-1.3770935449e-14	1	1.7e-17	2.52485e-18
59652.103854	-1.3549659950e-14	1	1.7e-17	2.52485e-18
59652.103866	-1.4815321143e-14	1	1.7e-17	2.52485e-18
59652.103877	-1.4296320340e-14	1	1.7e-17	2.52485e-18
59652.103889	-1.6465509884e-14	1	1.7e-17	2.52485e-18
59652.103900	-1.3510688811e-14	1	1.7e-17	2.52485e-18
59652.103912	-1.3275007822e-14	1	1.7e-17	2.52485e-18
59652.103924	-1.4571063946e-14	1	1.7e-17	2.52485e-18
59652.103935	-1.3372019353e-14	1	1.7e-17	2.52485e-18
59652.103947	-1.4348225672e-14	1	1.7e-17	2.52485e-18
59652.103958	-1.4908444793e-14	1	1.7e-17	2.52485e-18
59652.103970	-1.3921035616e-14	1	1.7e-17	2.52485e-18
59652.103981	-1.5861652473e-14	1	1.7e-17	2.52485e-18
59652.103993	-1.3653354570e-14	1	1.7e-17	2.52485e-18
59652.104005	-1.3084496560e-14	1	1.7e-17	2.52485e-18
59652.104016	-1.1422968589e-14	1	1.7e-17	2.52485e-18
59652.104028	-1.4050627422e-14	1	1.7e-17	2.52485e-18
59652.104039	-1.4936733999e-14	1	1.7e-17	2.52485e-18
59652.104051	-1.3136292625e-14	1	1.7e-17	2.52485e-18
59652.104063	-1.2897054945e-14	1	1.7e-17	2.52485e-18
59652.104074	-1.2769303742e-14	1	1.7e-17	2.52485e-18
59652.104086	-1.3081595472e-14	1	1.7e-17	2.52485e-18
59652.104097	-1.3337130066e-14	1	1.7e-17	2.52485e-18
59652.104109	-1.4369981713e-14	1	1.7e-17	2.52485e-18
59652.104120	-1.5556073479e-14	1	1.7e-17	2.52485e-18
59652.104132	-1.5362411254e-14	1	1.7e-17	2.52485e-18
59652.104144	-1.8149782384e-14	1	1.7e-17	2.52485e-18
59652.104155	-1.5540820956e-14	1	1.7e-17	2.52485e-18
59652.104167	-1.5564635288e-14	1	1.7e-17	2.52485e-18
59652.104178	-1.3820176015e-14	1	1.7e-17	2.52485e-18
59652.104190	-1.4628663034e-14	1	1.7e-17	2.52485e-18
59652.104201	-1.7798470387e-14	1	1.7e-17	2.52485e-18
59652.104213	-1.6284679361e-14	1	1.7e-17	2.52485e-18
59652.104225	-1.5883384797e-14	1	1.7e-17	2.52485e-18
59652.104236	-1.4632735568e-14	1	1.7e-17	2.52485e-18
59652.104248	-1.4541655809e-14	1	1.7e-17	2.52485e-18
59652.104259	-1.3931501555e-14	1	1.7e-17	2.52485e-18
59652.104271	-1.5894829059e-14	1	1.7e-17	2.52485e-18
59652.104282	-1.5558234260e-14	1	1.7e-17	2.52485e-18
59652.104294	-1.3672140067e-14	1	1.7e-17	2.52485e-18
59652.104306	-1.2822816742e-14	1	1.7e-17	2.52485e-18
59652.104317	-1.4239181191e-14	1	1.7e-17	2.52485e-18
59652.104329	-1.4758938395e-14	1	1.7e-17	2.52485e-18
59652.104340	-1.3476245063e-14	1	1.7e-17	2.52485e-18
59652.104352	-1.5391039273e-14	1	1.7e-17	2.52485e-18
59652.104363	-1.6387540501e-14	1	1.7e-17	2.52485e-18
59652.104375	-1.5316666392e-14	1	1.7e-17	2.52485e-18
59652.104387	-1.6040837210e-14	1	1.7e-17	2.52485e-18
59652.104398	-1.4507123970e-14	1	1.7e-17	2.52485e-18
59652.104410	-1.3622996062e-14	1	1.7e-17	2.52485e-18
59652.104421	-1.4627934585e-14	1	1.7e-17	2.52485e-18
59652.104433	-1.4788196607e-14	1	1.7e-17	2.52485e-18
59652.104444	-1.2929736864e-14	1	1.7e-17	2.52485e-18
59652.104456	-1.5024923681e-14	1	1.7e-17	2.52485e-18
59652.104468	-1.4574599462e-14	1	1.7e-17	2.52485e-18
59652.104479	-1.4876142344e-14	1	1.7e-17	2.52485e-18
59652.104491	-1.3635580431e-14	1	1.7e-17	2.52485e-18
59652.104502	-1.4158510620e-14	1	1.7e-17	2.52485e-18
59652.104514	-1.3497488649e-14	1	1.7e-17	2.52485e-18
59652.104525	-1.4839983355e-14	1	1.7e-17	2.52485e-18
59652.104537	-1.6567213130e-14	1	1.7e-17	2.52485e-18
59652.104549	-1.4724771627e-14	1	1.7e-17	2.52485e-18
59652.104560	-1.5173644879e-14	1	1.7e-17	2.52485e-18
59652.104572	-1.5516179074e-14	1	1.7e-17	2.52485e-18
59652.104583	-1.5575444275e-14	1	1.7e-17	2.52485e-18
59652.104595	-1.5305512662e-14	1	1.7e-17	2.52485e-18
59652.104606	-1.3920735766e-14	1	1.7e-17	2.52485e-18
59652.104618	-1.2520746159e-14	1	1.7e-17	2.52485e-18
59652.104630	-1.2422846938e-14	1	1.7e-17	2.52485e-18
59652.104641	-1.5005753632e-14	1	1.7e-17	2.52485e-18
59652.104653	-1.5401518765e-14	1	1.7e-17	2.52485e-18
59652.104664	-1.5461547143e-14	1	1.7e-17	2.52485e-18
59652.104676	-1.3877158462e-14	1	1.7e-17	2.52485e-18
59652.104688	-1.3229365452e-14	1	1.7e-17	2.52485e-18
59652.104699	-1.3738996377e-14	1	1.7e-17	2.52485e-18
59652.104711	-1.3235711423e-14	1	1.7e-17	2.52485e-18
59652.104722	-1.2737326554e-14	1	1.7e-17	2.52485e-18
59652.104734	-1.3409625075e-14	1	1.7e-17	2.52485e-18
59652.104745	-1.2694499721e-14	1	1.7e-17	2.52485e-18
59652.104757	-1.4209786607e-14	1	1.7e-17	2.52485e-18
59652.104769	-1.4094363121e-14	1	1.7e-17	2.52485e-18
59652.104977	-1.3881487648e-14	1	1.7e-17	2.52485e-18
59652.104988	-1.5906402070e-14	1	1.7e-17	2.52485e-18
59652.105000	-1.5062831794e-14	1	1.7e-17	2.52485e-18
59652.105012	-1.2768420286e-14	1	1.7e-17	2.52485e-18
59652.105023	-1.4709276006e-14	1	1.7e-17	2.52485e-18
59652.105035	-1.3342080126e-14	1	1.7e-17	2.52485e-18
59652.105046	-1.3473516770e-14	1	1.7e-17	2.52485e-18
59652.105058	-1.2991602457e-14	1	1.7e-17	2.52485e-18
59652.105069	-1.6647251814e-14	1	1.7e-17	2.52485e-18
59652.105081	-1.4085055076e-14	1	1.7e-17	2.52485e-18
59652.105093	-1.5274735720e-14	1	1.7e-17	2.52485e-18
59652.105104	-1.4973232649e-14	1	1.7e-17	2.52485e-18
59652.105116	-1.3459862599e-14	1	1.7e-17	2.52485e-18
59652.105127	-1.4215961477e-14	1	1.7e-17	2.52485e-18
59652.105139	-1.4339186983e-14	1	1.7e-17	2.52485e-18
59652.105150	-1.3841539033e-14	1	1.7e-17	2.52485e-18
59652.105162	-1.4312486810e-14	1	1.7e-17	2.52485e-18
59652.105174	-1.6217085285e-14	1	1.7e-17	2.52485e-18
59652.105185	-1.3137403085e-14	1	1.7e-17	2.52485e-18
59652.105197	-1.3685153034e-14	1	1.7e-17	2.52485e-18
59652.105208	-1.4827492160e-14	1	1.7e-17	2.52485e-18
59652.105220	-1.7659850904e-14	1	1.7e-17	2.52485e-18
59652.105231	-1.6028212184e-14	1	1.7e-17	2.52485e-18
59652.105243	-1.6814322287e-14	1	1.7e-17	2.52485e-18
59652.105255	-1.6472323417e-14	1	1.7e-17	2.52485e-18
59652.105266	-1.6967835150e-14	1	1.7e-17	2.52485e-18
59652.105278	-1.5397115888e-14	1	1.7e-17	2.52485e-18
59652.105289	-1.3719178347e-14	1	1.7e-17	2.52485e-18
59652.105301	-1.2628968170e-14	1	1.7e-17	2.52485e-18
59652.105313	-1.5064999351e-14	1	1.7e-17	2.52485e-18
59652.105324	-1.2834190701e-14	1	1.7e-17	2.52485e-18
59652.105336	-1.2842190927e-14	1	1.7e-17	2.52485e-18
59652.105347	-1.2311772966e-14	1	1.7e-17	2.52485e-18
59652.105359	-1.2832339934e-14	1	1.7e-17	2.52485e-18
59652.105370	-1.3414093173e-14	1	1.7e-17	2.52485e-18
59652.105382	-1.4761487117e-14	1	1.7e-17	2.52485e-18
59652.105394	-1.5583919687e-14	1	1.7e-17	2.52485e-18
59652.105405	-1.4661337330e-14	1	1.7e-17	2.52485e-18
59652.105417	-1.4136382731e-14	1	1.7e-17	2.52485e-18
59652.105428	-1.4330344806e-14	1	1.7e-17	2.52485e-18
59652.105440	-1.5017759477e-14	1	1.7e-17	2.52485e-18
59652.105451	-1.5096306536e-14	1	1.7e-17	2.52485e-18
59652.105463	-1.3032107572e-14	1	1.7e-17	2.52485e-18
59652.105475	-1.2891602594e-14	1	1.7e-17	2.52485e-18
59652.105486	-1.1915362394e-14	1	1.7e-17	2.52485e-18
59652.105498	-1.2278182181e-14	1	1.7e-17	2.52485e-18
59652.105509	-1.5443312217e-14	1	1.7e-17	2.52485e-18
59652.105521	-1.5848269352e-14	1	1.7e-17	2.52485e-18
59652.105532	-1.3536701192e-14	1	1.7e-17	2.52485e-18
59652.105544	-1.4688432220e-14	1	1.7e-17	2.52485e-18
59652.105556	-1.4782267377e-14	1	1.7e-17	2.52485e-18
59652.105567	-1.3825657165e-14	1	1.7e-17	2.52485e-18
59652.105706	-1.4534900722e-14	1	1.7e-17	2.52485e-18
59652.105718	-1.6893142091e-14	1	1.7e-17	2.52485e-18
59652.105729	-1.5586244792e-14	1	1.7e-17	2.52485e-18
59652.105741	-1.8967834099e-14	1	1.7e-17	2.52485e-18
59652.105752	-1.6815059206e-14	1	1.7e-17	2.52485e-18
59652.105764	-1.3885274732e-14	1	1.7e-17	2.52485e-18
59652.105775	-1.3195213931e-14	1	1.7e-17	2.52485e-18
59652.105787	-1.6920565630e-14	1	1.7e-17	2.52485e-18
59652.105799	-1.5343884102e-14	1	1.7e-17	2.52485e-18
59652.105810	-1.2252127447e-14	1	1.7e-17	2.52485e-18
59652.105822	-1.3158922804e-14	1	1.7e-17	2.52485e-18
59652.105833	-1.5145928267e-14	1	1.7e-17	2.52485e-18
59652.105845	-1.3145416864e-14	1	1.7e-17	2.52485e-18
59652.105856	-1.5986156999e-14	1	1.7e-17	2.52485e-18
59652.105868	-1.6596550963e-14	1	1.7e-17	2.52485e-18
59652.105880	-1.8182438045e-14	1	1.7e-17	2.52485e-18
59652.105891	-1.7680251692e-14	1	1.7e-17	2.52485e-18
59652.105903	-1.6042943781e-14	1	1.7e-17	2.52485e-18
59652.105914	-1.4888662338e-14	1	1.7e-17	2.52485e-18
59652.105926	-1.2159246049e-14	1	1.7e-17	2.52485e-18
59652.105938	-1.5055994544e-14	1	1.7e-17	2.52485e-18
59652.105949	-1.4040756947e-14	1	1.7e-17	2.52485e-18
59652.105961	-1.1606387645e-14	1	1.7e-17	2.52485e-18
59652.105972	-1.6232491120e-14	1	1.7e-17	2.52485e-18
59652.105984	-1.5986245937e-14	1	1.7e-17	2.52485e-18
59652.105995	-1.7402563799e-14	1	1.7e-17	2.52485e-18
59652.106007	-1.4005383157e-14	1	1.7e-17	2.52485e-18
59652.106019	-1.4803294970e-14	1	1.7e-17	2.52485e-18
59652.106030	-1.5840341124e-14	1	1.7e-17	2.52485e-18
59652.106042	-1.7628882532e-14	1	1.7e-17	2.52485e-18
59652.106053	-1.8404178565e-14	1	1.7e-17	2.52485e-18
59652.106065	-1.3351867592e-14	1	1.7e-17	2.52485e-18
59652.106076	-1.4329619746e-14	1	1.7e-17	2.52485e-18
59652.106088	-1.4498945020e-14	1	1.7e-17	2.52485e-18
59652.106100	-1.4331860995e-14	1	1.7e-17	2.52485e-18
59652.106111	-1.5378597206e-14	1	1.7e-17	2.52485e-18
59652.106123	-1.5845395369e-14	1	1.7e-17	2.52485e-18
59652.106134	-1.5722002998e-14	1	1.7e-17	2.52485e-18
59652.106146	-1.2207108493e-14	1	1.7e-17	2.52485e-18
59652.106157	-1.4565969890e-14	1	1.7e-17	2.52485e-18
59652.106169	-1.3225637660e-14	1	1.7e-17	2.52485e-18
59652.106181	-1.6625729554e-14	1	1.7e-17	2.52485e-18
59652.106192	-1.5184347987e-14	1	1.7e-17	2.52485e-18
59652.106204	-1.7404001214e-14	1	1.7e-17	2.52485e-18
59652.106215	-1.3687026671e-14	1	1.7e-17	2.52485e-18
59652.106227	-1.7776992172e-14	1	1.7e-17	2.52485e-18
59652.106238	-1.7013885790e-14	1	1.7e-17	2.52485e-18
59652.106250	-1.5364262021e-14	1	1.7e-17	2.52485e-18
59652.106262	-1.6488256107e-14	1	1.7e-17	2.52485e-18
59652.106273	-1.7735451135e-14	1	1.7e-17	2.52485e-18
59652.106285	-1.4445584486e-14	1	1.7e-17	2.52485e-18
59652.106296	-1.2857577280e-14	1	1.7e-17	2.52485e-18
59652.106308	-1.4971711377e-14	1	1.7e-17	2.52485e-18
59652.106319	-1.6944425701e-14	1	1.7e-17	2.52485e-18
59652.106331	-1.2941383567e-14	1	1.7e-17	2.52485e-18
59652.106539	-1.2553005408e-14	1	1.7e-17	2.52485e-18
59652.106551	-1.6227691832e-14	1	1.7e-17	2.52485e-18
59652.106563	-1.7755818043e-14	1	1.7e-17	2.52485e-18
59652.106574	-1.3962944265e-14	1	1.7e-17	2.52485e-18
59652.106586	-1.4358287576e-14	1	1.7e-17	2.52485e-18
59652.106597	-1.2552477707e-14	1	1.7e-17	2.52485e-18
59652.106609	-1.7189689173e-14	1	1.7e-17	2.52485e-18
59652.106620	-1.2686739205e-14	1	1.7e-17	2.52485e-18
59652.106632	-1.3539119472e-14	1	1.7e-17	2.52485e-18
59652.106644	-1.0361844676e-14	1	1.7e-17	2.52485e-18
59652.106655	-1.4806755946e-14	1	1.7e-17	2.52485e-18
59652.106667	-1.4918590553e-14	1	1.7e-17	2.52485e-18
59652.106678	-1.7057450389e-14	1	1.7e-17	2.52485e-18
59652.106690	-1.3448836771e-14	1	1.7e-17	2.52485e-18
59652.106701	-1.3494618902e-14	1	1.7e-17	2.52485e-18
59652.106713	-1.4007635418e-14	1	1.7e-17	2.52485e-18
59652.106725	-1.2363234453e-14	1	1.7e-17	2.52485e-18
59652.106736	-1.2823250423e-14	1	1.7e-17	2.52485e-18
59652.106748	-1.3197644068e-14	1	1.7e-17	2.52485e-18
59652.106759	-1.6253251898e-14	1	1.7e-17	2.52485e-18
59652.106771	-1.3471679555e-14	1	1.7e-17	2.52485e-18
59652.106782	-1.4479500532e-14	1	1.7e-17	2.52485e-18
59652.106794	-1.0766108091e-14	1	1.7e-17	2.52485e-18
59652.106806	-1.3137545386e-14	1	1.7e-17	2.52485e-18
59652.106817	-1.3994325142e-14	1	1.7e-17	2.52485e-18
59652.106829	-1.6478756632e-14	1	1.7e-17	2.52485e-18
59652.106840	-1.2950751752e-14	1	1.7e-17	2.52485e-18
59652.106852	-1.6414857314e-14	1	1.7e-17	2.52485e-18
59652.106863	-1.7647394437e-14	1	1.7e-17	2.52485e-18
59652.106875	-1.5468487731e-14	1	1.7e-17	2.52485e-18
59652.106887	-1.6025549960e-14	1	1.7e-17	2.52485e-18
59652.106898	-1.5963742813e-14	1	1.7e-17	2.52485e-18
59652.106910	-1.3877006843e-14	1	1.7e-17	2.52485e-18
59652.106933	-1.5090541630e-14	1	1.7e-17	2.52485e-18
59652.106944	-1.6047924335e-14	1	1.7e-17	2.52485e-18
59652.106956	-1.3376044453e-14	1	1.7e-17	2.52485e-18
59652.106968	-1.5901389329e-14	1	1.7e-17	2.52485e-18
59652.106979	-1.2343909396e-14	1	1.7e-17	2.52485e-18
59652.106991	-1.4089573150e-14	1	1.7e-17	2.52485e-18
59652.107002	-1.4193111069e-14	1	1.7e-17	2.52485e-18
59652.107014	-1.6476226545e-14	1	1.7e-17	2.52485e-18
59652.107025	-1.3172187340e-14	1	1.7e-17	2.52485e-18
59652.107037	-1.4409978609e-14	1	1.7e-17	2.52485e-18
59652.107049	-1.2044790722e-14	1	1.7e-17	2.52485e-18
59652.107060	-1.1190007424e-14	1	1.7e-17	2.52485e-18
59652.107072	-1.5616171313e-14	1	1.7e-17	2.52485e-18
59652.107083	-1.3698162613e-14	1	1.7e-17	2.52485e-18
59652.107095	-1.4278797769e-14	1	1.7e-17	2.52485e-18
59652.107106	-1.2462438105e-14	1	1.7e-17	2.52485e-18
59652.107118	-1.8009151197e-14	1	1.7e-17	2.52485e-18
59652.107130	-1.4494085592e-14	1	1.7e-17	2.52485e-18
59652.107141	-1.5538339150e-14	1	1.7e-17	2.52485e-18
59652.107153	-1.5396737264e-14	1	1.7e-17	2.52485e-18
59652.107164	-1.8934403402e-14	1	1.7e-17	2.52485e-18
59652.107176	-1.6264209963e-14	1	1.7e-17	2.52485e-18
59652.107188	-1.4297078434e-14	1	1.7e-17	2.52485e-18
59652.107199	-1.4514682892e-14	1	1.7e-17	2.52485e-18
59652.107211	-1.4544844889e-14	1	1.7e-17	2.52485e-18
59652.107222	-1.3464962584e-14	1	1.7e-17	2.52485e-18
59652.107234	-1.1726558750e-14	1	1.7e-17	2.52485e-18
59652.107245	-1.2771967660e-14	1	1.7e-17	2.52485e-18
59652.107257	-1.7232859054e-14	1	1.7e-17	2.52485e-18
59652.107269	-1.6315549477e-14	1	1.7e-17	2.52485e-18
59652.107280	-1.7251448039e-14	1	1.7e-17	2.52485e-18
59652.107292	-1.2348900961e-14	1	1.7e-17	2.52485e-18
59652.107303	-1.5408383967e-14	1	1.7e-17	2.52485e-18
59652.107315	-1.6517532107e-14	1	1.7e-17	2.52485e-18
59652.107326	-1.6772682147e-14	1	1.7e-17	2.52485e-18
59652.107338	-1.4703822808e-14	1	1.7e-17	2.52485e-18
59652.107350	-1.4311317058e-14	1	1.7e-17	2.52485e-18
59652.107361	-1.3890987969e-14	1	1.7e-17	2.52485e-18
59652.107373	-1.5688805235e-14	1	1.7e-17	2.52485e-18
59652.107384	-1.5613198228e-14	1	1.7e-17	2.52485e-18
59652.107396	-1.2402696871e-14	1	1.7e-17	2.52485e-18
59652.107407	-1.4668659083e-14	1	1.7e-17	2.52485e-18
59652.107419	-1.6890960981e-14	1	1.7e-17	2.52485e-18
59652.107431	-1.7176387367e-14	1	1.7e-17	2.52485e-18
59652.107442	-1.2739708411e-14	1	1.7e-17	2.52485e-18
59652.107454	-1.5183472155e-14	1	1.7e-17	2.52485e-18
59652.107465	-1.5950284306e-14	1	1.7e-17	2.52485e-18
59652.107477	-1.5697217120e-14	1	1.7e-17	2.52485e-18
59652.107488	-1.2949943682e-14	1	1.7e-17	2.52485e-18
59652.107500	-1.1505389130e-14	1	1.7e-17	2.52485e-18
59652.107512	-1.2051817708e-14	1	1.7e-17	2.52485e-18
59652.107523	-1.1937502988e-14	1	1.7e-17	2.52485e-18
59652.107535	-1.4579989133e-14	1	1.7e-17	2.52485e-18
59652.107546	-1.6474984795e-14	1	1.7e-17	2.52485e-18
59652.107558	-1.4645601152e-14	1	1.7e-17	2.52485e-18
59652.107569	-1.5779215838e-14	1	1.7e-17	2.52485e-18
59652.107581	-1.6734400493e-14	1	1.7e-17	2.52485e-18
59652.107593	-1.5570898249e-14	1	1.7e-17	2.52485e-18
59652.107604	-1.4335872543e-14	1	1.7e-17	2.52485e-18
59652.107616	-1.4751107576e-14	1	1.7e-17	2.52485e-18
59652.107627	-1.4276186366e-14	1	1.7e-17	2.52485e-18
59652.107639	-1.5303148593e-14	1	1.7e-17	2.52485e-18
59652.107650	-1.6263340907e-14	1	1.7e-17	2.52485e-18
59652.107662	-1.5837490858e-14	1	1.7e-17	2.52485e-18
59652.107674	-1.3597870524e-14	1	1.7e-17	2.52485e-18
59652.107685	-1.6975479623e-14	1	1.7e-17	2.52485e-18
59652.107697	-1.5635243954e-14	1	1.7e-17	2.52485e-18
59652.107708	-1.4327610584e-14	1	1.7e-17	2.52485e-18
59652.107720	-1.2348927219e-14	1	1.7e-17	2.52485e-18
59652.107731	-1.4904650932e-14	1	1.7e-17	2.52485e-18
59652.107743	-1.4914412987e-14	1	1.7e-17	2.52485e-18
59652.107755	-1.4539367973e-14	1	1.7e-17	2.52485e-18
59652.107766	-1.5932830345e-14	1	1.7e-17	2.52485e-18
59652.107778	-1.5640501488e-14	1	1.7e-17	2.52485e-18
59652.107789	-1.6501751036e-14	1	1.7e-17	2.52485e-18
59652.107801	-1.5722238473e-14	1	1.7e-17	2.52485e-18
59652.107812	-1.5423288359e-14	1	1.7e-17	2.52485e-18
59652.107824	-1.5811447983e-14	1	1.7e-17	2.52485e-18
59652.107836	-1.7657114987e-14	1	1.7e-17	2.52485e-18
59652.107847	-1.6930527584e-14	1	1.7e-17	2.52485e-18
59652.107859	-1.5884136962e-14	1	1.7e-17	2.52485e-18
59652.107870	-1.4587858069e-14	1	1.7e-17	2.52485e-18
59652.107882	-1.5577272172e-14	1	1.7e-17	2.52485e-18
59652.107894	-1.3509341181e-14	1	1.7e-17	2.52485e-18
59652.107905	-1.5796465664e-14	1	1.7e-17	2.52485e-18
59652.107917	-1.3316550553e-14	1	1.7e-17	2.52485e-18
59652.107928	-1.4167546768e-14	1	1.7e-17	2.52485e-18
59652.107940	-1.4275334251e-14	1	1.7e-17	2.52485e-18
59652.107951	-1.3563984971e-14	1	1.7e-17	2.52485e-18
59652.107963	-1.4157932944e-14	1	1.7e-17	2.52485e-18
59652.107975	-1.8215385932e-14	1	1.7e-17	2.52485e-18
59652.107986	-1.2493917237e-14	1	1.7e-17	2.52485e-18
59652.107998	-1.4734105930e-14	1	1.7e-17	2.52485e-18
59652.108009	-1.1944832364e-14	1	1.7e-17	2.52485e-18
59652.108021	-1.4276427771e-14	1	1.7e-17	2.52485e-18
59652.108032	-1.5648500867e-14	1	1.7e-17	2.52485e-18
59652.108044	-1.5039534153e-14	1	1.7e-17	2.52485e-18
59652.108056	-1.2360802621e-14	1	1.7e-17	2.52485e-18
59652.108067	-1.4306174721e-14	1	1.7e-17	2.52485e-18
59652.108079	-1.7457987706e-14	1	1.7e-17	2.52485e-18
59652.108090	-1.5219737024e-14	1	1.7e-17	2.52485e-18
59652.108102	-1.3274686797e-14	1	1.7e-17	2.52485e-18
59652.108113	-1.5705031846e-14	1	1.7e-17	2.52485e-18
59652.108125	-1.3506648464e-14	1	1.7e-17	2.52485e-18
59652.108137	-1.4423836068e-14	1	1.7e-17	2.52485e-18
59652.108148	-1.3341977635e-14	1	1.7e-17	2.52485e-18
59652.108160	-1.4775729129e-14	1	1.7e-17	2.52485e-18
59652.108171	-1.4483325733e-14	1	1.7e-17	2.52485e-18
59652.108183	-1.5595009042e-14	1	1.7e-17	2.52485e-18
59652.108194	-1.5698494445e-14	1	1.7e-17	2.52485e-18
59652.108206	-1.5311232676e-14	1	1.7e-17	2.52485e-18
59652.108218	-1.3961433158e-14	1	1.7e-17	2.52485e-18
59652.108229	-1.5799231227e-14	1	1.7e-17	2.52485e-18
59652.108241	-1.5136590576e-14	1	1.7e-17	2.52485e-18
59652.108252	-1.3975497293e-14	1	1.7e-17	2.52485e-18
59652.108264	-1.4435137181e-14	1	1.7e-17	2.52485e-18
59652.108275	-1.2590922838e-14	1	1.7e-17	2.52485e-18
59652.108287	-1.3184396473e-14	1	1.7e-17	2.52485e-18
59652.108299	-1.1893583483e-14	1	1.7e-17	2.52485e-18
59652.108310	-1.2021182220e-14	1	1.7e-17	2.52485e-18
59652.108322	-1.2272615480e-14	1	1.7e-17	2.52485e-18
59652.108333	-1.4116752743e-14	1	1.7e-17	2.52485e-18
59652.108345	-1.4801866872e-14	1	1.7e-17	2.52485e-18
59652.108356	-1.4187816266e-14	1	1.7e-17	2.52485e-18
59652.108368	-1.3358598116e-14	1	1.7e-17	2.52485e-18
59652.108380	-1.4008315585e-14	1	1.7e-17	2.52485e-18
59652.108391	-1.5578436842e-14	1	1.7e-17	2.52485e-18
59652.108403	-1.4806501836e-14	1	1.7e-17	2.52485e-18
59652.108414	-1.6858970241e-14	1	1.7e-17	2.52485e-18
59652.108426	-1.6108493967e-14	1	1.7e-17	2.52485e-18
59652.108437	-1.4432898473e-14	1	1.7e-17	2.52485e-18
59652.108449	-1.1913941073e-14	1	1.7e-17	2.52485e-18
59652.108461	-1.4026623355e-14	1	1.7e-17	2.52485e-18
59652.108472	-1.3718992847e-14	1	1.7e-17	2.52485e-18
59652.108484	-1.2520353135e-14	1	1.7e-17	2.52485e-18
59652.108495	-1.5492373213e-14	1	1.7e-17	2.52485e-18
59652.108507	-1.4036581074e-14	1	1.7e-17	2.52485e-18
59652.108519	-1.2197626806e-14	1	1.7e-17	2.52485e-18
59652.108530	-1.3576331323e-14	1	1.7e-17	2.52485e-18
59652.108542	-1.3568187101e-14	1	1.7e-17	2.52485e-18
59652.108553	-1.5982838323e-14	1	1.7e-17	2.52485e-18
59652.108565	-1.5183832144e-14	1	1.7e-17	2.52485e-18
59652.108576	-1.6840067853e-14	1	1.7e-17	2.52485e-18
59652.108588	-1.2762178501e-14	1	1.7e-17	2.52485e-18
59652.108600	-1.2349077991e-14	1	1.7e-17	2.52485e-18
59652.108611	-1.4925902142e-14	1	1.7e-17	2.52485e-18
59652.108623	-1.5849270545e-14	1	1.7e-17	2.52485e-18
59652.108634	-1.4779461156e-14	1	1.7e-17	2.52485e-18
59652.108646	-1.2316638323e-14	1	1.7e-17	2.52485e-18
59652.108657	-1.5180509234e-14	1	1.7e-17	2.52485e-18
59652.108669	-1.4812005856e-14	1	1.7e-17	2.52485e-18
59652.108681	-1.3058198728e-14	1	1.7e-17	2.52485e-18
59652.108692	-1.6750209516e-14	1	1.7e-17	2.52485e-18
59652.108704	-1.5357360396e-14	1	1.7e-17	2.52485e-18
59652.108715	-1.5383543879e-14	1	1.7e-17	2.52485e-18
59652.108727	-1.4024139855e-14	1	1.7e-17	2.52485e-18
59652.108738	-1.4799720490e-14	1	1.7e-17	2.52485e-18
59652.108750	-1.6012267636e-14	1	1.7e-17	2.52485e-18
59652.108762	-1.6593447435e-14	1	1.7e-17	2.52485e-18
59652.108773	-1.4783625170e-14	1	1.7e-17	2.52485e-18
59652.108785	-1.4828312935e-14	1	1.7e-17	2.52485e-18
59652.108796	-1.3867909710e-14	1	1.7e-17	2.52485e-18
59652.108808	-1.3917260390e-14	1	1.7e-17	2.52485e-18
59652.108819	-1.4349292933e-14	1	1.7e-17	2.52485e-18
59652.108831	-1.4022206925e-14	1	1.7e-17	2.52485e-18
59652.108843	-1.4355826098e-14	1	1.7e-17	2.52485e-18
59652.108854	-1.4564832325e-14	1	1.7e-17	2.52485e-18
59652.108866	-1.4550712286e-14	1	1.7e-17	2.52485e-18
59652.108877	-1.4720775326e-14	1	1.7e-17	2.52485e-18
59652.108889	-1.4715754114e-14	1	1.7e-17	2.52485e-18
59652.108900	-1.5488019463e-14	1	1.7e-17	2.52485e-18
59652.108912	-1.3444885362e-14	1	1.7e-17	2.52485e-18
59652.108924	-1.2010451160e-14	1	1.7e-17	2.52485e-18
59652.108935	-1.4253121659e-14	1	1.7e-17	2.52485e-18
59652.108947	-1.3914402501e-14	1	1.7e-17	2.52485e-18
59652.108958	-1.6282211107e-14	1	1.7e-17	2.52485e-18
59652.108970	-1.5345975426e-14	1	1.7e-17	2.52485e-18
59652.108981	-1.5606773483e-14	1	1.7e-17	2.52485e-18
59652.108993	-1.5147605392e-14	1	1.7e-17	2.52485e-18
59652.109005	-1.7531390734e-14	1	1.7e-17	2.52485e-18
59652.109016	-1.5709892968e-14	1	1.7e-17	2.52485e-18
59652.109028	-1.8012508836e-14	1	1.7e-17	2.52485e-18
59652.109039	-1.5436384335e-14	1	1.7e-17	2.52485e-18
59652.109051	-1.5859656016e-14	1	1.7e-17	2.52485e-18
59652.109062	-1.6094345129e-14	1	1.7e-17	2.52485e-18
59652.109074	-1.3185106286e-14	1	1.7e-17	2.52485e-18
59652.109086	-1.1374247254e-14	1	1.7e-17	2.52485e-18
59652.109097	-1.2103042872e-14	1	1.7e-17	2.52485e-18
59652.109109	-1.2443146929e-14	1	1.7e-17	2.52485e-18
59652.109120	-1.3344284953e-14	1	1.7e-17	2.52485e-18
59652.109132	-1.2766499216e-14	1	1.7e-17	2.52485e-18
59652.109144	-1.3874466592e-14	1	1.7e-17	2.52485e-18
59652.109155	-1.4639220452e-14	1	1.7e-17	2.52485e-18
59652.109167	-1.6234305465e-14	1	1.7e-17	2.52485e-18
59652.109178	-1.5898091830e-14	1	1.7e-17	2.52485e-18
59652.109190	-1.3380740404e-14	1	1.7e-17	2.52485e-18
59652.109201	-1.4449218257e-14	1	1.7e-17	2.52485e-18
59652.109213	-1.4132556684e-14	1	1.7e-17	2.52485e-18
59652.109225	-1.5516949874e-14	1	1.7e-17	2.52485e-18
59652.109236	-1.8471824310e-14	1	1.7e-17	2.52485e-18
59652.109248	-1.4248636620e-14	1	1.7e-17	2.52485e-18
59652.109259	-1.3191403129e-14	1	1.7e-17	2.52485e-18
59652.109271	-1.3500571002e-14	1	1.7e-17	2.52485e-18
59652.109282	-1.5101540352e-14	1	1.7e-17	2.52485e-18
59652.109294	-1.2284346886e-14	1	1.7e-17	2.52485e-18
59652.109306	-1.5784193851e-14	1	1.7e-17	2.52485e-18
59652.109317	-1.4958407031e-14	1	1.7e-17	2.52485e-18
59652.109329	-1.6858277368e-14	1	1.7e-17	2.52485e-18
59652.109340	-1.4553333006e-14	1	1.7e-17	2.52485e-18
59652.109352	-1.2512377473e-14	1	1.7e-17	2.52485e-18
59652.109363	-1.4877436610e-14	1	1.7e-17	2.52485e-18
59652.109375	-1.3087329885e-14	1	1.7e-17	2.52485e-18
59652.109387	-1.8155515950e-14	1	1.7e-17	2.52485e-18
59652.109398	-1.4318332185e-14	1	1.7e-17	2.52485e-18
59652.109410	-1.5216649589e-14	1	1.7e-17	2.52485e-18
59652.109421	-1.3900077480e-14	1	1.7e-17	2.52485e-18
59652.109433	-1.6088807227e-14	1	1.7e-17	2.52485e-18
59652.109444	-1.5584689640e-14	1	1.7e-17	2.52485e-18
59652.109456	-1.5741504237e-14	1	1.7e-17	2.52485e-18
59652.109468	-1.6197917776e-14	1	1.7e-17	2.52485e-18
59652.109479	-1.4692721594e-14	1	1.7e-17	2.52485e-18
59652.109491	-1.4522955863e-14	1	1.7e-17	2.52485e-18
59652.109502	-1.3726750822e-14	1	1.7e-17	2.52485e-18
59652.109514	-1.4774644080e-14	1	1.7e-17	2.52485e-18
59652.109525	-1.4645081073e-14	1	1.7e-17	2.52485e-18
59652.109537	-1.7944223581e-14	1	1.7e-17	2.52485e-18
59652.109549	-1.6265556745e-14	1	1.7e-17	2.52485e-18
59652.109560	-1.5534558842e-14	1	1.7e-17	2.52485e-18
59652.109572	-1.4408096501e-14	1	1.7e-17	2.52485e-18
59652.109583	-1.6714623968e-14	1	1.7e-17	2.52485e-18
59652.109595	-1.4619852197e-14	1	1.7e-17	2.52485e-18
59652.109606	-1.4965885485e-14	1	1.7e-17	2.52485e-18
59652.109618	-1.3862069417e-14	1	1.7e-17	2.52485e-18
59652.109630	-1.6166587722e-14	1	1.7e-17	2.52485e-18
59652.109641	-1.4170962004e-14	1	1.7e-17	2.52485e-18
59652.109653	-1.6621035298e-14	1	1.7e-17	2.52485e-18
59652.109664	-1.4430257424e-14	1	1.7e-17	2.52485e-18
59652.109676	-1.5698957772e-14	1	1.7e-17	2.52485e-18
59652.109688	-1.3776665626e-14	1	1.7e-17	2.52485e-18
59652.109699	-1.1069193420e-14	1	1.7e-17	2.52485e-18
59652.109711	-1.2136473568e-14	1	1.7e-17	2.52485e-18
59652.109722	-1.4489722525e-14	1	1.7e-17	2.52485e-18
59652.109734	-1.3892376256e-14	1	1.7e-17	2.52485e-18
59652.109745	-1.2154460313e-14	1	1.7e-17	2.52485e-18
59652.109757	-1.2284091929e-14	1	1.7e-17	2.52485e-18
59652.109769	-1.7087346417e-14	1	1.7e-17	2.52485e-18
59652.109780	-1.6431111876e-14	1	1.7e-17	2.52485e-18
59652.109792	-1.7255288486e-14	1	1.7e-17	2.52485e-18
59652.109803	-1.4971406446e-14	1	1.7e-17	2.52485e-18
59652.109815	-1.4061317825e-14	1	1.7e-17	2.52485e-18
59652.109826	-1.6752036566e-14	1	1.7e-17	2.52485e-18
59652.109838	-1.5446812158e-14	1	1.7e-17	2.52485e-18
59652.109850	-1.4745027573e-14	1	1.7e-17	2.52485e-18
59652.109861	-1.2174777245e-14	1	1.7e-17	2.52485e-18
59652.109873	-1.4468954125e-14	1	1.7e-17	2.52485e-18
59652.109884	-1.2507365579e-14	1	1.7e-17	2.52485e-18
59652.109896	-1.4149986081e-14	1	1.7e-17	2.52485e-18
59652.109907	-1.4079480752e-14	1	1.7e-17	2.52485e-18
59652.109919	-1.5061602749e-14	1	1.7e-17	2.52485e-18
59652.109931	-1.5299325934e-14	1	1.7e-17	2.52485e-18
59652.109942	-1.4970896532e-14	1	1.7e-17	2.52485e-18
59652.109954	-1.3874596188e-14	1	1.7e-17	2.52485e-18
59652.109965	-1.6705230373e-14	1	1.7e-17	2.52485e-18
59652.109977	-1.3933051625e-14	1	1.7e-17	2.52485e-18
59652.109988	-1.3079203451e-14	1	1.7e-17	2.52485e-18
59652.110000	-1.4068846253e-14	1	1.7e-17	2.52485e-18
59652.110012	-1.4913883591e-14	1	1.7e-17	2.52485e-18
59652.110023	-1.4177179226e-14	1	1.7e-17	2.52485e-18
59652.110035	-1.4354106621e-14	1	1.7e-17	2.52485e-18
59652.110046	-1.2821289542e-14	1	1.7e-17	2.52485e-18
59652.110058	-1.2925654165e-14	1	1.7e-17	2.52485e-18
59652.110069	-1.3747272736e-14	1	1.7e-17	2.52485e-18
59652.110081	-1.4903842016e-14	1	1.7e-17	2.52485e-18
59652.110093	-1.2831885077e-14	1	1.7e-17	2.52485e-18
59652.110104	-1.6153269823e-14	1	1.7e-17	2.52485e-18
59652.110116	-1.6388699242e-14	1	1.7e-17	2.52485e-18
59652.110127	-1.5532472600e-14	1	1.7e-17	2.52485e-18
59652.110139	-1.5394776383e-14	1	1.7e-17	2.52485e-18
59652.110150	-1.3830004985e-14	1	1.7e-17	2.52485e-18
59652.110162	-1.3746189381e-14	1	1.7e-17	2.52485e-18
59652.110174	-1.5373629358e-14	1	1.7e-17	2.52485e-18
59652.110185	-1.3286186963e-14	1	1.7e-17	2.52485e-18
59652.110197	-1.3998177448e-14	1	1.7e-17	2.52485e-18
59652.110208	-1.5567915846e-14	1	1.7e-17	2.52485e-18
59652.110220	-1.5889591854e-14	1	1.7e-17	2.52485e-18
59652.110231	-1.5451411546e-14	1	1.7e-17	2.52485e-18
59652.110243	-1.5048051069e-14	1	1.7e-17	2.52485e-18
59652.110255	-1.6037459243e-14	1	1.7e-17	2.52485e-18
59652.110266	-1.8810540080e-14	1	1.7e-17	2.52485e-18
59652.110278	-1.7787642764e-14	1	1.7e-17	2.52485e-18
59652.110289	-1.3970836071e-14	1	1.7e-17	2.52485e-18
59652.110301	-1.2660327024e-14	1	1.7e-17	2.52485e-18
59652.110313	-1.3251045260e-14	1	1.7e-17	2.52485e-18
59652.110324	-1.2195342358e-14	1	1.7e-17	2.52485e-18
59652.110336	-1.1825605701e-14	1	1.7e-17	2.52485e-18
59652.110347	-1.3072154443e-14	1	1.7e-17	2.52485e-18
59652.110359	-1.3887333869e-14	1	1.7e-17	2.52485e-18
59652.110370	-1.3146977098e-14	1	1.7e-17	2.52485e-18
59652.110382	-1.4225615958e-14	1	1.7e-17	2.52485e-18
59652.110394	-1.1245090823e-14	1	1.7e-17	2.52485e-18
59652.110405	-1.3411760445e-14	1	1.7e-17	2.52485e-18
59652.110417	-1.5665815067e-14	1	1.7e-17	2.52485e-18
59652.110428	-1.5483161729e-14	1	1.7e-17	2.52485e-18
59652.110440	-1.0922843915e-14	1	1.7e-17	2.52485e-18
59652.110451	-1.2917592106e-14	1	1.7e-17	2.52485e-18
59652.110463	-1.6384822373e-14	1	1.7e-17	2.52485e-18
59652.110475	-1.5836876759e-14	1	1.7e-17	2.52485e-18
59652.110486	-1.4314462938e-14	1	1.7e-17	2.52485e-18
59652.110498	-1.5806738480e-14	1	1.7e-17	2.52485e-18
59652.110509	-1.5339316053e-14	1	1.7e-17	2.52485e-18
59652.110521	-1.2837966774e-14	1	1.7e-17	2.52485e-18
59652.110532	-1.1165538336e-14	1	1.7e-17	2.52485e-18
59652.110544	-1.2358895950e-14	1	1.7e-17	2.52485e-18
59652.110556	-1.5292127848e-14	1	1.7e-17	2.52485e-18
59652.110567	-1.6960878469e-14	1	1.7e-17	2.52485e-18
59652.110579	-1.3162384628e-14	1	1.7e-17	2.52485e-18
59652.110590	-1.2795636302e-14	1	1.7e-17	2.52485e-18
59652.110602	-1.4206655126e-14	1	1.7e-17	2.52485e-18
59652.110613	-1.8625217742e-14	1	1.7e-17	2.52485e-18
59652.110625	-1.5516477229e-14	1	1.7e-17	2.52485e-18
59652.110637	-1.6772202727e-14	1	1.7e-17	2.52485e-18
59652.110648	-1.2763104308e-14	1	1.7e-17	2.52485e-18
59652.110660	-1.4855096116e-14	1	1.7e-17	2.52485e-18
59652.110671	-1.6492132130e-14	1	1.7e-17	2.52485e-18
59652.110683	-1.4498724792e-14	1	1.7e-17	2.52485e-18
59652.110694	-1.6964306411e-14	1	1.7e-17	2.52485e-18
59652.110706	-1.7430742891e-14	1	1.7e-17	2.52485e-18
59652.110718	-1.6194644841e-14	1	1.7e-17	2.52485e-18
59652.110729	-1.3542671928e-14	1	1.7e-17	2.52485e-18
59652.110741	-1.2211871359e-14	1	1.7e-17	2.52485e-18
59652.110752	-1.3337902560e-14	1	1.7e-17	2.52485e-18
59652.110764	-1.3876731558e-14	1	1.7e-17	2.52485e-18
59652.110775	-1.5417060972e-14	1	1.7e-17	2.52485e-18
59652.110787	-1.3455648610e-14	1	1.7e-17	2.52485e-18
59652.110799	-1.5673914396e-14	1	1.7e-17	2.52485e-18
59652.110810	-1.4239399726e-14	1	1.7e-17	2.52485e-18
59652.110822	-1.2605960214e-14	1	1.7e-17	2.52485e-18
59652.110833	-1.4425733421e-14	1	1.7e-17	2.52485e-18
59652.110845	-1.9098726947e-14	1	1.7e-17	2.52485e-18
59652.110856	-1.6730191586e-14	1	1.7e-17	2.52485e-18
59652.110868	-1.4999989572e-14	1	1.7e-17	2.52485e-18
59652.110880	-1.3823633603e-14	1	1.7e-17	2.52485e-18
59652.110891	-1.4269087383e-14	1	1.7e-17	2.52485e-18
59652.110903	-1.5615254824e-14	1	1.7e-17	2.52485e-18
59652.110914	-1.7442369265e-14	1	1.7e-17	2.52485e-18
59652.110926	-1.1592460729e-14	1	1.7e-17	2.52485e-18
59652.110938	-1.2636758332e-14	1	1.7e-17	2.52485e-18
59652.110949	-1.4411078057e-14	1	1.7e-17	2.52485e-18
59652.110961	-1.8082404301e-14	1	1.7e-17	2.52485e-18
59652.110972	-1.2608901960e-14	1	1.7e-17	2.52485e-18
59652.110984	-1.2095754154e-14	1	1.7e-17	2.52485e-18
59652.110995	-1.1246313939e-14	1	1.7e-17	2.52485e-18
59652.111007	-1.4737423758e-14	1	1.7e-17	2.52485e-18
59652.111019	-1.6312332446e-14	1	1.7e-17	2.52485e-18
59652.111030	-1.4879579604e-14	1	1.7e-17	2.52485e-18
59652.111042	-1.6264826603e-14	1	1.7e-17	2.52485e-18
59652.111053	-1.4873631738e-14	1	1.7e-17	2.52485e-18
59652.111065	-1.7506997879e-14	1	1.7e-17	2.52485e-18
59652.111076	-1.4848450296e-14	1	1.7e-17	2.52485e-18
59652.111088	-1.4164817627e-14	1	1.7e-17	2.52485e-18
59652.111100	-1.1719812132e-14	1	1.7e-17	2.52485e-18
59652.111111	-1.3463984261e-14	1	1.7e-17	2.52485e-18
59652.111123	-1.2821217544e-14	1	1.7e-17	2.52485e-18
59652.111134	-1.0716150088e-14	1	1.7e-17	2.52485e-18
59652.111146	-1.3029322528e-14	1	1.7e-17	2.52485e-18
59652.111157	-9.2615073732e-15	1	1.7e-17	2.52485e-18
59652.111169	-1.5035653895e-14	1	1.7e-17	2.52485e-18
59652.111181	-1.4933837146e-14	1	1.7e-17	2.52485e-18
59652.111192	-1.4865108046e-14	1	1.7e-17	2.52485e-18
59652.111204	-1.1308162590e-14	1	1.7e-17	2.52485e-18
59652.111215	-1.2080765906e-14	1	1.7e-17	2.52485e-18
59652.111227	-1.5994773018e-14	1	1.7e-17	2.52485e-18
59652.111238	-1.4725268835e-14	1	1.7e-17	2.52485e-18
59652.111250	-1.1037627043e-14	1	1.7e-17	2.52485e-18
59652.111262	-1.3437237502e-14	1	1.7e-17	2.52485e-18
59652.111273	-1.5992042184e-14	1	1.7e-17	2.52485e-18
59652.111285	-1.6648663818e-14	1	1.7e-17	2.52485e-18
59652.111296	-1.4079286782e-14	1	1.7e-17	2.52485e-18
59652.111308	-1.0894270952e-14	1	1.7e-17	2.52485e-18
59652.111319	-1.2659517260e-14	1	1.7e-17	2.52485e-18
59652.111331	-1.5494802503e-14	1	1.7e-17	2.52485e-18
59652.111343	-1.5904868941e-14	1	1.7e-17	2.52485e-18
59652.111354	-1.4549998237e-14	1	1.7e-17	2.52485e-18
59652.111366	-1.4230589736e-14	1	1.7e-17	2.52485e-18
59652.111377	-1.4950743077e-14	1	1.7e-17	2.52485e-18
59652.111389	-1.4869576145e-14	1	1.7e-17	2.52485e-18
59652.111400	-1.5689771700e-14	1	1.7e-17	2.52485e-18
59652.111412	-1.2911613747e-14	1	1.7e-17	2.52485e-18
59652.111424	-1.4598506967e-14	1	1.7e-17	2.52485e-18
59652.111435	-1.4041846231e-14	1	1.7e-17	2.52485e-18
59652.111447	-1.6637975957e-14	1	1.7e-17	2.52485e-18
59652.111458	-1.4903532001e-14	1	1.7e-17	2.52485e-18
59652.111470	-1.6189023084e-14	1	1.7e-17	2.52485e-18
59652.111481	-1.0850527630e-14	1	1.7e-17	2.52485e-18
59652.111493	-1.3460285268e-14	1	1.7e-17	2.52485e-18
59652.111505	-1.4019623475e-14	1	1.7e-17	2.52485e-18
59652.111655	-1.5238106627e-14	1	1.7e-17	2.52485e-18
59652.111667	-1.6242091392e-14	1	1.7e-17	2.52485e-18
59652.111678	-1.3732851153e-14	1	1.7e-17	2.52485e-18
59652.111690	-1.6898508892e-14	1	1.7e-17	2.52485e-18
59652.111701	-1.3486420470e-14	1	1.7e-17	2.52485e-18
59652.111713	-1.6642338176e-14	1	1.7e-17	2.52485e-18
59652.111725	-1.5469550757e-14	1	1.7e-17	2.52485e-18
59652.111736	-1.7104298934e-14	1	1.7e-17	2.52485e-18
59652.111748	-1.3228686132e-14	1	1.7e-17	2.52485e-18
59652.111759	-1.2948650263e-14	1	1.7e-17	2.52485e-18
59652.111771	-1.0068145319e-14	1	1.7e-17	2.52485e-18
59652.111782	-1.4357948763e-14	1	1.7e-17	2.52485e-18
59652.111794	-1.3104146877e-14	1	1.7e-17	2.52485e-18
59652.111806	-1.2839375389e-14	1	1.7e-17	2.52485e-18
59652.111817	-1.3433721468e-14	1	1.7e-17	2.52485e-18
59652.111910	-1.4572264192e-14	1	1.7e-17	2.52485e-18
59652.111921	-1.4613464722e-14	1	1.7e-17	2.52485e-18
59652.111933	-1.5792631993e-14	1	1.7e-17	2.52485e-18
59652.111944	-1.4917449600e-14	1	1.7e-17	2.52485e-18
59652.111956	-1.8116743017e-14	1	1.7e-17	2.52485e-18
59652.111968	-1.5476238929e-14	1	1.7e-17	2.52485e-18
59652.111979	-1.2543429701e-14	1	1.7e-17	2.52485e-18
59652.111991	-1.3817044534e-14	1	1.7e-17	2.52485e-18
59652.112002	-1.5646104610e-14	1	1.7e-17	2.52485e-18
59652.112014	-1.5284143715e-14	1	1.7e-17	2.52485e-18
59652.112025	-1.3658540106e-14	1	1.7e-17	2.52485e-18
59652.112037	-1.4592100010e-14	1	1.7e-17	2.52485e-18
59652.112049	-1.1976018423e-14	1	1.7e-17	2.52485e-18
59652.112060	-1.4578300996e-14	1	1.7e-17	2.52485e-18
59652.112072	-1.5507139538e-14	1	1.7e-17	2.52485e-18
59652.112083	-1.3388439086e-14	1	1.7e-17	2.52485e-18
59652.112095	-1.2343684932e-14	1	1.7e-17	2.52485e-18
59652.112106	-1.1541926743e-14	1	1.7e-17	2.52485e-18
59652.112118	-1.5188286691e-14	1	1.7e-17	2.52485e-18
59652.112130	-1.6018426413e-14	1	1.7e-17	2.52485e-18
59652.112141	-1.5584433836e-14	1	1.7e-17	2.52485e-18
59652.112176	-2.1025253411e-14	1	1.7e-17	2.52485e-18
59652.112187	-1.1960842134e-14	1	1.7e-17	2.52485e-18
59652.112199	-1.3889646269e-14	1	1.7e-17	2.52485e-18
59652.112211	-1.7198062940e-14	1	1.7e-17	2.52485e-18
59652.112222	-1.8441980798e-14	1	1.7e-17	2.52485e-18
59652.112234	-1.6197495954e-14	1	1.7e-17	2.52485e-18
59652.112245	-1.5860060898e-14	1	1.7e-17	2.52485e-18
59652.112257	-1.6273095339e-14	1	1.7e-17	2.52485e-18
59652.112269	-1.4741936750e-14	1	1.7e-17	2.52485e-18
59652.112280	-1.5885902179e-14	1	1.7e-17	2.52485e-18
59652.112292	-1.3228421857e-14	1	1.7e-17	2.52485e-18
59652.112303	-1.4800562441e-14	1	1.7e-17	2.52485e-18
59652.112315	-1.4873436074e-14	1	1.7e-17	2.52485e-18
59652.112326	-1.5935231684e-14	1	1.7e-17	2.52485e-18
59652.112488	-1.5382934015e-14	1	1.7e-17	2.52485e-18
59652.112500	-1.2903752435e-14	1	1.7e-17	2.52485e-18
59652.112512	-1.6805538555e-14	1	1.7e-17	2.52485e-18
59652.112523	-1.5857742569e-14	1	1.7e-17	2.52485e-18
59652.112535	-1.3103186342e-14	1	1.7e-17	2.52485e-18
59652.112546	-1.7317601312e-14	1	1.7e-17	2.52485e-18
59652.112558	-1.4829118463e-14	1	1.7e-17	2.52485e-18
59652.112569	-1.7225204417e-14	1	1.7e-17	2.52485e-18
59652.112581	-1.3818401481e-14	1	1.7e-17	2.52485e-18
59652.112593	-1.6969113323e-14	1	1.7e-17	2.52485e-18
59652.112604	-1.3564379688e-14	1	1.7e-17	2.52485e-18
59652.112616	-1.7760346281e-14	1	1.7e-17	2.52485e-18
59652.112627	-1.4899511983e-14	1	1.7e-17	2.52485e-18
59652.112639	-1.8639967974e-14	1	1.7e-17	2.52485e-18
59652.112650	-1.6590787751e-14	1	1.7e-17	2.52485e-18
59652.112662	-1.6747846294e-14	1	1.7e-17	2.52485e-18
59652.112674	-1.5686857060e-14	1	1.7e-17	2.52485e-18
59652.112685	-1.4221995740e-14	1	1.7e-17	2.52485e-18
59652.112697	-1.5133834331e-14	1	1.7e-17	2.52485e-18
59652.112708	-1.5490216667e-14	1	1.7e-17	2.52485e-18
59652.112720	-1.3188367363e-14	1	1.7e-17	2.52485e-18
59652.112731	-8.4199106834e-15	1	1.7e-17	2.52485e-18
59652.112743	-1.1057396792e-14	1	1.7e-17	2.52485e-18
59652.112755	-1.8512699579e-14	1	1.7e-17	2.52485e-18
59652.112766	-1.4802613955e-14	1	1.7e-17	2.52485e-18
59652.112778	-9.7246954819e-15	1	1.7e-17	2.52485e-18
59652.112789	-1.3340221736e-14	1	1.7e-17	2.52485e-18
59652.112801	-1.5543395936e-14	1	1.7e-17	2.52485e-18
59652.112812	-1.4272826187e-14	1	1.7e-17	2.52485e-18
59652.112824	-1.4048693646e-14	1	1.7e-17	2.52485e-18
59652.112836	-1.5198026722e-14	1	1.7e-17	2.52485e-18
59652.112847	-1.6343661654e-14	1	1.7e-17	2.52485e-18
59652.112859	-1.6978786439e-14	1	1.7e-17	2.52485e-18
59652.112870	-1.3432302688e-14	1	1.7e-17	2.52485e-18
59652.112882	-1.3867628495e-14	1	1.7e-17	2.52485e-18
59652.112894	-1.6865768527e-14	1	1.7e-17	2.52485e-18
59652.112905	-1.8860886025e-14	1	1.7e-17	2.52485e-18
59652.112917	-1.3624927297e-14	1	1.7e-17	2.52485e-18
59652.112928	-1.5446112508e-14	1	1.7e-17	2.52485e-18
59652.112940	-1.7251278632e-14	1	1.7e-17	2.52485e-18
59652.112951	-1.9787717946e-14	1	1.7e-17	2.52485e-18
59652.112963	-1.7985729889e-14	1	1.7e-17	2.52485e-18
59652.112975	-1.5925528074e-14	1	1.7e-17	2.52485e-18
59652.112986	-1.6973521282e-14	1	1.7e-17	2.52485e-18
59652.112998	-1.4054368766e-14	1	1.7e-17	2.52485e-18
59652.113009	-1.4278680878e-14	1	1.7e-17	2.52485e-18
59652.113021	-1.2712762599e-14	1	1.7e-17	2.52485e-18
59652.113032	-1.2667041454e-14	1	1.7e-17	2.52485e-18
59652.113044	-1.0412990220e-14	1	1.7e-17	2.52485e-18
59652.113056	-1.4574178486e-14	1	1.7e-17	2.52485e-18
59652.113067	-1.3863522926e-14	1	1.7e-17	2.52485e-18
59652.113079	-1.4359070234e-14	1	1.7e-17	2.52485e-18
59652.113090	-1.4670095650e-14	1	1.7e-17	2.52485e-18
59652.113102	-1.6312139322e-14	1	1.7e-17	2.52485e-18
59652.113113	-1.6366245246e-14	1	1.7e-17	2.52485e-18
59652.113125	-1.3561549751e-14	1	1.7e-17	2.52485e-18
59652.113137	-1.3804023944e-14	1	1.7e-17	2.52485e-18
59652.113148	-1.5462766023e-14	1	1.7e-17	2.52485e-18
59652.113160	-1.5850736759e-14	1	1.7e-17	2.52485e-18
59652.113171	-1.5472329872e-14	1	1.7e-17	2.52485e-18
59652.113183	-1.3283556926e-14	1	1.7e-17	2.52485e-18
59652.113194	-1.3439942925e-14	1	1.7e-17	2.52485e-18
59652.113206	-1.4818407731e-14	1	1.7e-17	2.52485e-18
59652.113218	-1.5811180320e-14	1	1.7e-17	2.52485e-18
59652.113229	-1.4613152166e-14	1	1.7e-17	2.52485e-18
59652.113241	-1.5073685674e-14	1	1.7e-17	2.52485e-18
59652.113252	-1.4298475191e-14	1	1.7e-17	2.52485e-18
59652.113264	-1.4350583811e-14	1	1.7e-17	2.52485e-18
59652.113275	-1.2145161585e-14	1	1.7e-17	2.52485e-18
59652.113287	-1.3083879073e-14	1	1.7e-17	2.52485e-18
59652.113299	-1.4708130818e-14	1	1.7e-17	2.52485e-18
59652.113310	-1.6177882059e-14	1	1.7e-17	2.52485e-18
59652.113322	-1.5637092180e-14	1	1.7e-17	2.52485e-18
59652.113333	-1.4872820281e-14	1	1.7e-17	2.52485e-18
59652.113345	-1.5302550588e-14	1	1.7e-17	2.52485e-18
59652.113356	-1.4724043179e-14	1	1.7e-17	2.52485e-18
59652.113368	-1.6238082385e-14	1	1.7e-17	2.52485e-18
59652.113380	-1.5308456102e-14	1	1.7e-17	2.52485e-18
59652.113391	-1.3079045903e-14	1	1.7e-17	2.52485e-18
59652.113403	-1.7128931499e-14	1	1.7e-17	2.52485e-18
59652.113414	-1.4614318531e-14	1	1.7e-17	2.52485e-18
59652.113426	-1.7722512707e-14	1	1.7e-17	2.52485e-18
59652.113437	-1.6273357072e-14	1	1.7e-17	2.52485e-18
59652.113449	-1.5601955559e-14	1	1.7e-17	2.52485e-18
59652.113461	-1.4598874579e-14	1	1.7e-17	2.52485e-18
59652.113472	-1.6514706405e-14	1	1.7e-17	2.52485e-18
59652.113484	-1.6334996506e-14	1	1.7e-17	2.52485e-18
59652.113495	-1.5831099994e-14	1	1.7e-17	2.52485e-18
59652.113507	-1.3047792928e-14	1	1.7e-17	2.52485e-18
59652.113519	-1.4528632678e-14	1	1.7e-17	2.52485e-18
59652.113530	-1.5394244446e-14	1	1.7e-17	2.52485e-18
59652.113542	-1.4942375238e-14	1	1.7e-17	2.52485e-18
59652.113553	-1.6912333316e-14	1	1.7e-17	2.52485e-18
59652.113565	-1.4142070558e-14	1	1.7e-17	2.52485e-18
59652.113576	-1.5418584785e-14	1	1.7e-17	2.52485e-18
59652.113588	-1.4290204762e-14	1	1.7e-17	2.52485e-18
59652.113600	-1.6047418656e-14	1	1.7e-17	2.52485e-18
59652.113611	-1.4994721874e-14	1	1.7e-17	2.52485e-18
59652.113623	-1.5802200924e-14	1	1.7e-17	2.52485e-18
59652.113634	-1.6415415509e-14	1	1.7e-17	2.52485e-18
59652.113646	-1.4105509228e-14	1	1.7e-17	2.52485e-18
59652.113657	-1.5366947962e-14	1	1.7e-17	2.52485e-18
59652.113669	-1.4996735272e-14	1	1.7e-17	2.52485e-18
59652.113681	-1.4805016987e-14	1	1.7e-17	2.52485e-18
59652.113692	-1.4744046709e-14	1	1.7e-17	2.52485e-18
59652.113704	-1.5478792734e-14	1	1.7e-17	2.52485e-18
59652.113715	-1.4548789521e-14	1	1.7e-17	2.52485e-18
59652.113727	-1.5253698810e-14	1	1.7e-17	2.52485e-18
59652.113738	-1.3290625416e-14	1	1.7e-17	2.52485e-18
59652.113750	-1.3294701338e-14	1	1.7e-17	2.52485e-18
59652.113762	-1.5185752368e-14	1	1.7e-17	2.52485e-18
59652.113773	-1.4436393331e-14	1	1.7e-17	2.52485e-18
59652.113785	-1.5661480800e-14	1	1.7e-17	2.52485e-18
59652.113796	-1.4943439112e-14	1	1.7e-17	2.52485e-18
59652.113808	-1.5872698629e-14	1	1.7e-17	2.52485e-18
59652.113819	-1.6616274125e-14	1	1.7e-17	2.52485e-18
59652.113831	-1.5029082613e-14	1	1.7e-17	2.52485e-18
59652.113843	-1.3827057311e-14	1	1.7e-17	2.52485e-18
59652.113854	-1.6517047604e-14	1	1.7e-17	2.52485e-18
59652.113866	-1.4744905600e-14	1	1.7e-17	2.52485e-18
59652.113877	-1.6272715868e-14	1	1.7e-17	2.52485e-18
59652.113889	-1.3443562297e-14	1	1.7e-17	2.52485e-18
59652.113900	-1.5349565999e-14	1	1.7e-17	2.52485e-18
59652.113912	-1.3919302587e-14	1	1.7e-17	2.52485e-18
59652.113924	-1.6653220856e-14	1	1.7e-17	2.52485e-18
59652.113935	-1.5224123808e-14	1	1.7e-17	2.52485e-18
59652.113947	-1.5560099426e-14	1	1.7e-17	2.52485e-18
59652.113958	-1.8385537064e-14	1	1.7e-17	2.52485e-18
59652.113970	-1.8398814305e-14	1	1.7e-17	2.52485e-18
59652.113981	-1.6983471378e-14	1	1.7e-17	2.52485e-18
59652.113993	-1.5673551019e-14	1	1.7e-17	2.52485e-18
59652.114005	-1.6078796992e-14	1	1.7e-17	2.52485e-18
59652.114016	-1.3195756032e-14	1	1.7e-17	2.52485e-18
59652.114028	-1.2303811703e-14	1	1.7e-17	2.52485e-18
59652.114039	-1.6301068602e-14	1	1.7e-17	2.52485e-18
59652.114051	-1.6256612078e-14	1	1.7e-17	2.52485e-18
59652.114062	-1.4679070812e-14	1	1.7e-17	2.52485e-18
59652.114074	-1.3988076580e-14	1	1.7e-17	2.52485e-18
59652.114086	-1.6688789463e-14	1	1.7e-17	2.52485e-18
59652.114097	-1.6982055986e-14	1	1.7e-17	2.52485e-18
59652.114109	-1.5881521325e-14	1	1.7e-17	2.52485e-18
59652.114120	-1.4317996760e-14	1	1.7e-17	2.52485e-18
59652.114132	-1.4255768637e-14	1	1.7e-17	2.52485e-18
59652.114144	-1.4565741191e-14	1	1.7e-17	2.52485e-18
59652.114155	-1.4921072360e-14	1	1.7e-17	2.52485e-18
59652.114167	-1.5597929612e-14	1	1.7e-17	2.52485e-18
59652.114178	-1.3691034831e-14	1	1.7e-17	2.52485e-18
59652.114190	-1.4384294876e-14	1	1.7e-17	2.52485e-18
59652.114201	-1.2935783832e-14	1	1.7e-17	2.52485e-18
59652.114213	-1.4681262933e-14	1	1.7e-17	2.52485e-18
59652.114225	-1.3440150448e-14	1	1.7e-17	2.52485e-18
59652.114236	-1.5668106291e-14	1	1.7e-17	2.52485e-18
59652.114248	-1.6567405407e-14	1	1.7e-17	2.52485e-18
59652.114259	-1.4170617262e-14	1	1.7e-17	2.52485e-18
59652.114271	-1.5596548948e-14	1	1.7e-17	2.52485e-18
59652.114282	-1.4545521668e-14	1	1.7e-17	2.52485e-18
59652.114294	-1.4043456441e-14	1	1.7e-17	2.52485e-18
59652.114306	-1.2529121620e-14	1	1.7e-17	2.52485e-18
59652.114317	-1.4367613409e-14	1	1.7e-17	2.52485e-18
59652.114329	-1.5768167140e-14	1	1.7e-17	2.52485e-18
59652.114340	-1.5116053415e-14	1	1.7e-17	2.52485e-18
59652.114352	-1.4705051853e-14	1	1.7e-17	2.52485e-18
59652.114363	-1.4889422127e-14	1	1.7e-17	2.52485e-18
59652.114375	-1.7358702739e-14	1	1.7e-17	2.52485e-18
59652.114387	-1.7096601946e-14	1	1.7e-17	2.52485e-18
59652.114398	-1.2015415620e-14	1	1.7e-17	2.52485e-18
59652.114410	-1.5503185588e-14	1	1.7e-17	2.52485e-18
59652.114421	-1.4521525224e-14	1	1.7e-17	2.52485e-18
59652.114433	-1.5425997170e-14	1	1.7e-17	2.52485e-18
59652.114444	-1.4714998561e-14	1	1.7e-17	2.52485e-18
59652.114456	-1.6165138448e-14	1	1.7e-17	2.52485e-18
59652.114468	-1.5080321330e-14	1	1.7e-17	2.52485e-18
59652.114479	-1.4558516000e-14	1	1.7e-17	2.52485e-18
59652.114491	-1.6297243401e-14	1	1.7e-17	2.52485e-18
59652.114502	-1.4780567381e-14	1	1.7e-17	2.52485e-18
59652.114514	-1.3869631728e-14	1	1.7e-17	2.52485e-18
59652.114525	-1.7894495971e-14	1	1.7e-17	2.52485e-18
59652.114537	-1.2795106907e-14	1	1.7e-17	2.52485e-18
59652.114549	-1.4107873297e-14	1	1.7e-17	2.52485e-18
59652.114560	-1.4072434285e-14	1	1.7e-17	2.52485e-18
59652.114572	-1.5194234556e-14	1	1.7e-17	2.52485e-18
59652.114583	-1.3872361715e-14	1	1.7e-17	2.52485e-18
59652.114595	-1.2960634085e-14	1	1.7e-17	2.52485e-18
59652.114606	-1.3500935226e-14	1	1.7e-17	2.52485e-18
59652.114618	-1.1821352748e-14	1	1.7e-17	2.52485e-18
59652.114630	-1.2096878166e-14	1	1.7e-17	2.52485e-18
59652.114641	-1.0305766013e-14	1	1.7e-17	2.52485e-18
59652.114653	-1.2731812370e-14	1	1.7e-17	2.52485e-18
59652.114664	-1.4734345641e-14	1	1.7e-17	2.52485e-18
59652.114676	-1.4969606501e-14	1	1.7e-17	2.52485e-18
59652.114687	-1.5931212512e-14	1	1.7e-17	2.52485e-18
59652.114699	-1.4717618434e-14	1	1.7e-17	2.52485e-18
59652.114711	-1.5963098221e-14	1	1.7e-17	2.52485e-18
59652.114722	-1.5605640153e-14	1	1.7e-17	2.52485e-18
59652.114734	-1.5114141662e-14	1	1.7e-17	2.52485e-18
59652.114745	-1.3960518363e-14	1	1.7e-17	2.52485e-18
59652.114757	-1.5073841528e-14	1	1.7e-17	2.52485e-18
59652.114769	-1.4261344655e-14	1	1.7e-17	2.52485e-18
59652.114780	-1.1882129903e-14	1	1.7e-17	2.52485e-18
59652.114792	-1.4061073879e-14	1	1.7e-17	2.52485e-18
59652.114803	-1.3367817222e-14	1	1.7e-17	2.52485e-18
59652.114815	-1.4598113944e-14	1	1.7e-17	2.52485e-18
59652.114826	-1.4360893896e-14	1	1.7e-17	2.52485e-18
59652.114838	-1.5916928149e-14	1	1.7e-17	2.52485e-18
59652.114850	-1.6225859699e-14	1	1.7e-17	2.52485e-18
59652.114861	-1.5669825768e-14	1	1.7e-17	2.52485e-18
59652.114873	-1.8115104855e-14	1	1.7e-17	2.52485e-18
59652.114884	-1.8096459119e-14	1	1.7e-17	2.52485e-18
59652.114896	-1.5538502627e-14	1	1.7e-17	2.52485e-18
59652.114907	-1.5607977116e-14	1	1.7e-17	2.52485e-18
59652.114919	-1.4948489969e-14	1	1.7e-17	2.52485e-18
59652.114931	-1.3208156594e-14	1	1.7e-17	2.52485e-18
59652.114942	-1.4712864885e-14	1	1.7e-17	2.52485e-18
59652.114954	-1.6492303230e-14	1	1.7e-17	2.52485e-18
59652.114965	-1.2172664745e-14	1	1.7e-17	2.52485e-18
59652.114977	-1.4543927552e-14	1	1.7e-17	2.52485e-18
59652.114988	-1.6442223254e-14	1	1.7e-17	2.52485e-18
59652.115000	-1.8578079511e-14	1	1.7e-17	2.52485e-18
59652.115012	-1.3705613115e-14	1	1.7e-17	2.52485e-18
59652.115023	-1.3148797372e-14	1	1.7e-17	2.52485e-18
59652.115035	-1.2721198200e-14	1	1.7e-17	2.52485e-18
59652.115046	-1.4782741715e-14	1	1.7e-17	2.52485e-18
59652.115058	-1.3821021354e-14	1	1.7e-17	2.52485e-18
59652.115069	-1.4611912957e-14	1	1.7e-17	2.52485e-18
59652.115081	-1.3942564652e-14	1	1.7e-17	2.52485e-18
59652.115093	-1.4782646000e-14	1	1.7e-17	2.52485e-18
59652.115104	-1.6545315634e-14	1	1.7e-17	2.52485e-18
59652.115116	-1.6459623005e-14	1	1.7e-17	2.52485e-18
59652.115127	-1.6505759196e-14	1	1.7e-17	2.52485e-18
59652.115139	-1.5110321543e-14	1	1.7e-17	2.52485e-18
59652.115150	-1.5227605113e-14	1	1.7e-17	2.52485e-18
59652.115162	-1.5129520392e-14	1	1.7e-17	2.52485e-18
59652.115174	-1.3899622623e-14	1	1.7e-17	2.52485e-18
59652.115185	-1.2841066914e-14	1	1.7e-17	2.52485e-18
59652.115197	-1.3718094992e-14	1	1.7e-17	2.52485e-18
59652.115208	-1.4860351956e-14	1	1.7e-17	2.52485e-18
59652.115220	-1.4061744729e-14	1	1.7e-17	2.52485e-18
59652.115231	-1.1887915985e-14	1	1.7e-17	2.52485e-18
59652.115243	-1.5342723667e-14	1	1.7e-17	2.52485e-18
59652.115255	-1.4289644873e-14	1	1.7e-17	2.52485e-18
59652.115266	-1.4034139925e-14	1	1.7e-17	2.52485e-18
59652.115278	-1.3201465034e-14	1	1.7e-17	2.52485e-18
59652.115289	-1.5638769305e-14	1	1.7e-17	2.52485e-18
59652.115301	-1.5679879202e-14	1	1.7e-17	2.52485e-18
59652.115312	-1.5569301592e-14	1	1.7e-17	2.52485e-18
59652.115324	-1.5682712527e-14	1	1.7e-17	2.52485e-18
59652.115336	-1.3940527538e-14	1	1.7e-17	2.52485e-18
59652.115347	-1.3659448125e-14	1	1.7e-17	2.52485e-18
59652.115359	-1.4292606947e-14	1	1.7e-17	2.52485e-18
59652.115370	-1.4177131792e-14	1	1.7e-17	2.52485e-18
59652.115382	-1.5346908857e-14	1	1.7e-17	2.52485e-18
59652.115394	-1.5696183739e-14	1	1.7e-17	2.52485e-18
59652.115405	-1.4157744902e-14	1	1.7e-17	2.52485e-18
59652.115417	-1.1640639963e-14	1	1.7e-17	2.52485e-18
59652.115428	-1.1944766296e-14	1	1.7e-17	2.52485e-18
59652.115440	-1.4747742314e-14	1	1.7e-17	2.52485e-18
59652.115451	-1.3197250198e-14	1	1.7e-17	2.52485e-18
59652.115463	-1.1208746333e-14	1	1.7e-17	2.52485e-18
59652.115475	-1.3020814929e-14	1	1.7e-17	2.52485e-18
59652.115486	-1.4224245459e-14	1	1.7e-17	2.52485e-18
59652.115498	-1.5369335748e-14	1	1.7e-17	2.52485e-18
59652.115509	-1.5857434249e-14	1	1.7e-17	2.52485e-18
59652.115521	-1.5162126925e-14	1	1.7e-17	2.52485e-18
59652.115532	-1.2250579071e-14	1	1.7e-17	2.52485e-18
59652.115544	-1.6689900770e-14	1	1.7e-17	2.52485e-18
59652.115556	-1.4747817700e-14	1	1.7e-17	2.52485e-18
59652.115567	-1.5891700967e-14	1	1.7e-17	2.52485e-18
59652.115579	-1.3237413112e-14	1	1.7e-17	2.52485e-18
59652.115590	-1.9587836805e-14	1	1.7e-17	2.52485e-18
59652.115602	-1.6300198699e-14	1	1.7e-17	2.52485e-18
59652.115613	-1.5748552398e-14	1	1.7e-17	2.52485e-18
59652.115625	-1.2977362139e-14	1	1.7e-17	2.52485e-18
59652.115637	-1.5085380658e-14	1	1.7e-17	2.52485e-18
59652.115648	-1.4513879058e-14	1	1.7e-17	2.52485e-18
59652.115660	-1.4144389734e-14	1	1.7e-17	2.52485e-18
59652.115671	-1.3186807976e-14	1	1.7e-17	2.52485e-18
59652.115683	-1.2792505668e-14	1	1.7e-17	2.52485e-18
59652.115694	-1.3254073403e-14	1	1.7e-17	2.52485e-18
59652.115706	-1.6445510589e-14	1	1.7e-17	2.52485e-18
59652.115718	-1.4550368390e-14	1	1.7e-17	2.52485e-18
59652.115729	-1.4660037134e-14	1	1.7e-17	2.52485e-18
59652.115741	-1.3437638148e-14	1	1.7e-17	2.52485e-18
59652.115752	-1.6050781377e-14	1	1.7e-17	2.52485e-18
59652.115764	-1.5130375048e-14	1	1.7e-17	2.52485e-18
59652.115775	-1.4928201836e-14	1	1.7e-17	2.52485e-18
59652.115787	-1.3794027261e-14	1	1.7e-17	2.52485e-18
59652.115799	-1.5418317122e-14	1	1.7e-17	2.52485e-18
59652.115810	-1.3921126249e-14	1	1.7e-17	2.52485e-18
59652.115822	-1.4346920394e-14	1	1.7e-17	2.52485e-18
59652.115833	-1.5459867476e-14	1	1.7e-17	2.52485e-18
59652.115845	-1.6318174432e-14	1	1.7e-17	2.52485e-18
59652.115856	-1.5761858439e-14	1	1.7e-17	2.52485e-18
59652.115868	-1.5102126499e-14	1	1.7e-17	2.52485e-18
59652.115880	-1.3039193003e-14	1	1.7e-17	2.52485e-18
59652.115891	-1.2631878575e-14	1	1.7e-17	2.52485e-18
59652.115903	-1.2063350061e-14	1	1.7e-17	2.52485e-18
59652.115914	-1.5297866496e-14	1	1.7e-17	2.52485e-18
59652.115926	-1.6333930092e-14	1	1.7e-17	2.52485e-18
59652.115937	-1.5123038896e-14	1	1.7e-17	2.52485e-18
59652.115949	-1.4063094900e-14	1	1.7e-17	2.52485e-18
59652.115961	-1.3216836141e-14	1	1.7e-17	2.52485e-18
59652.115972	-1.4458604229e-14	1	1.7e-17	2.52485e-18
59652.115984	-1.4569323294e-14	1	1.7e-17	2.52485e-18
59652.115995	-1.6960412600e-14	1	1.7e-17	2.52485e-18
59652.116007	-1.7558527128e-14	1	1.7e-17	2.52485e-18
59652.116019	-1.8013617602e-14	1	1.7e-17	2.52485e-18
59652.116030	-1.6629037218e-14	1	1.7e-17	2.52485e-18
59652.116042	-1.5094895379e-14	1	1.7e-17	2.52485e-18
59652.116053	-1.4014529419e-14	1	1.7e-17	2.52485e-18
59652.116065	-1.4020421380e-14	1	1.7e-17	2.52485e-18
59652.116076	-1.4176197515e-14	1	1.7e-17	2.52485e-18
59652.116285	-1.4641016162e-14	1	1.7e-17	2.52485e-18
59652.116296	-1.2914590221e-14	1	1.7e-17	2.52485e-18
59652.116308	-1.1738838187e-14	1	1.7e-17	2.52485e-18
59652.116319	-1.2601524303e-14	1	1.7e-17	2.52485e-18
59652.116331	-1.3857126133e-14	1	1.7e-17	2.52485e-18
59652.116343	-1.2604711688e-14	1	1.7e-17	2.52485e-18
59652.116354	-1.2617180860e-14	1	1.7e-17	2.52485e-18
59652.116366	-1.6504361591e-14	1	1.7e-17	2.52485e-18
59652.116377	-1.5981172210e-14	1	1.7e-17	2.52485e-18
59652.116389	-1.4830605006e-14	1	1.7e-17	2.52485e-18
59652.116400	-1.5235252973e-14	1	1.7e-17	2.52485e-18
59652.116412	-1.5356685311e-14	1	1.7e-17	2.52485e-18
59652.116424	-1.3496360401e-14	1	1.7e-17	2.52485e-18
59652.116435	-1.2888803150e-14	1	1.7e-17	2.52485e-18
59652.116447	-1.3504161575e-14	1	1.7e-17	2.52485e-18
59652.116458	-1.4295463989e-14	1	1.7e-17	2.52485e-18
59652.116470	-1.4117651445e-14	1	1.7e-17	2.52485e-18
59652.116481	-1.2702294965e-14	1	1.7e-17	2.52485e-18
59652.116493	-1.2559983266e-14	1	1.7e-17	2.52485e-18
59652.116505	-1.5606488033e-14	1	1.7e-17	2.52485e-18
59652.116516	-1.3451195758e-14	1	1.7e-17	2.52485e-18
59652.116528	-1.4974271111e-14	1	1.7e-17	2.52485e-18
59652.116539	-1.4529079064e-14	1	1.7e-17	2.52485e-18
59652.116551	-1.3538775576e-14	1	1.7e-17	2.52485e-18
59652.116562	-1.4781386462e-14	1	1.7e-17	2.52485e-18
59652.116574	-1.6327090301e-14	1	1.7e-17	2.52485e-18
59652.116586	-1.6321693007e-14	1	1.7e-17	2.52485e-18
59652.116597	-1.5308881312e-14	1	1.7e-17	2.52485e-18
59652.116609	-1.7470898182e-14	1	1.7e-17	2.52485e-18
59652.116620	-1.7309468102e-14	1	1.7e-17	2.52485e-18
59652.116632	-1.7477427959e-14	1	1.7e-17	2.52485e-18
59652.116644	-1.5061900905e-14	1	1.7e-17	2.52485e-18
59652.116655	-1.4314804293e-14	1	1.7e-17	2.52485e-18
59652.116667	-1.5628690460e-14	1	1.7e-17	2.52485e-18
59652.116678	-1.4976870655e-14	1	1.7e-17	2.52485e-18
59652.116690	-1.1627020520e-14	1	1.7e-17	2.52485e-18
59652.116701	-1.2102108595e-14	1	1.7e-17	2.52485e-18
59652.116713	-1.1565683476e-14	1	1.7e-17	2.52485e-18
59652.116725	-1.4551807499e-14	1	1.7e-17	2.52485e-18
59652.116736	-1.3576254243e-14	1	1.7e-17	2.52485e-18
59652.116748	-1.4081252745e-14	1	1.7e-17	2.52485e-18
59652.116759	-1.3477354676e-14	1	1.7e-17	2.52485e-18
59652.116771	-1.5743767509e-14	1	1.7e-17	2.52485e-18
59652.116782	-1.4920732700e-14	1	1.7e-17	2.52485e-18
59652.116794	-1.8181174272e-14	1	1.7e-17	2.52485e-18
59652.116806	-1.5668583171e-14	1	1.7e-17	2.52485e-18
59652.116817	-1.4180471643e-14	1	1.7e-17	2.52485e-18
59652.116829	-1.4748708778e-14	1	1.7e-17	2.52485e-18
59652.116840	-1.3231988713e-14	1	1.7e-17	2.52485e-18
59652.116852	-1.4292206301e-14	1	1.7e-17	2.52485e-18
59652.116863	-1.5375929052e-14	1	1.7e-17	2.52485e-18
59652.116875	-1.4397255327e-14	1	1.7e-17	2.52485e-18
59652.116887	-1.3663968740e-14	1	1.7e-17	2.52485e-18
59652.116898	-1.2472443258e-14	1	1.7e-17	2.52485e-18
59652.116910	-1.5509141924e-14	1	1.7e-17	2.52485e-18
59652.116921	-1.5164394432e-14	1	1.7e-17	2.52485e-18
59652.116933	-1.4706159772e-14	1	1.7e-17	2.52485e-18
59652.116944	-1.5489356928e-14	1	1.7e-17	2.52485e-18
59652.116956	-1.5743566762e-14	1	1.7e-17	2.52485e-18
59652.117106	-1.5502107315e-14	1	1.7e-17	2.52485e-18
59652.117118	-1.5955873877e-14	1	1.7e-17	2.52485e-18
59652.117130	-1.4699746039e-14	1	1.7e-17	2.52485e-18
59652.117141	-1.3479850035e-14	1	1.7e-17	2.52485e-18
59652.117153	-1.5107079101e-14	1	1.7e-17	2.52485e-18
59652.117164	-1.3026828016e-14	1	1.7e-17	2.52485e-18
59652.117176	-1.2385350483e-14	1	1.7e-17	2.52485e-18
59652.117188	-1.7477575343e-14	1	1.7e-17	2.52485e-18
59652.117199	-1.7560261852e-14	1	1.7e-17	2.52485e-18
59652.117211	-1.3924070535e-14	1	1.7e-17	2.52485e-18
59652.117222	-1.2616065317e-14	1	1.7e-17	2.52485e-18
59652.117234	-1.3541152351e-14	1	1.7e-17	2.52485e-18
59652.117245	-1.4945487237e-14	1	1.7e-17	2.52485e-18
59652.117257	-1.5315971825e-14	1	1.7e-17	2.52485e-18
59652.117269	-1.3990351710e-14	1	1.7e-17	2.52485e-18
59652.117280	-1.5144619601e-14	1	1.7e-17	2.52485e-18
59652.117292	-1.9430727440e-14	1	1.7e-17	2.52485e-18
59652.117303	-1.5045330399e-14	1	1.7e-17	2.52485e-18
59652.117315	-1.4003877132e-14	1	1.7e-17	2.52485e-18
59652.117326	-1.3761910312e-14	1	1.7e-17	2.52485e-18
59652.117338	-1.7059313861e-14	1	1.7e-17	2.52485e-18
59652.117350	-1.2242651690e-14	1	1.7e-17	2.52485e-18
59652.117373	-1.0875837821e-14	1	1.7e-17	2.52485e-18
59652.117384	-1.5122402774e-14	1	1.7e-17	2.52485e-18
59652.117396	-1.5340852571e-14	1	1.7e-17	2.52485e-18
59652.117407	-1.2509266321e-14	1	1.7e-17	2.52485e-18
59652.117419	-1.6083952882e-14	1	1.7e-17	2.52485e-18
59652.117431	-1.5729265458e-14	1	1.7e-17	2.52485e-18
59652.117442	-1.4067252984e-14	1	1.7e-17	2.52485e-18
59652.117454	-1.4044699038e-14	1	1.7e-17	2.52485e-18
59652.117465	-1.6402626158e-14	1	1.7e-17	2.52485e-18
59652.117477	-1.4655289514e-14	1	1.7e-17	2.52485e-18
59652.117488	-1.4826302925e-14	1	1.7e-17	2.52485e-18
59652.117500	-1.4955943012e-14	1	1.7e-17	2.52485e-18
59652.117512	-1.3716673671e-14	1	1.7e-17	2.52485e-18
59652.117523	-1.4073814102e-14	1	1.7e-17	2.52485e-18
59652.117535	-1.5318584922e-14	1	1.7e-17	2.52485e-18
59652.117546	-1.3223297308e-14	1	1.7e-17	2.52485e-18
59652.117558	-1.3086077970e-14	1	1.7e-17	2.52485e-18
59652.117569	-1.4645659597e-14	1	1.7e-17	2.52485e-18
59652.117581	-1.3761208969e-14	1	1.7e-17	2.52485e-18
59652.117593	-1.5080387399e-14	1	1.7e-17	2.52485e-18
59652.117604	-1.3546997725e-14	1	1.7e-17	2.52485e-18
59652.117616	-1.4743109043e-14	1	1.7e-17	2.52485e-18
59652.117627	-1.4709213326e-14	1	1.7e-17	2.52485e-18
59652.117639	-1.6075382602e-14	1	1.7e-17	2.52485e-18
59652.117650	-1.2442193170e-14	1	1.7e-17	2.52485e-18
59652.117662	-1.5447140806e-14	1	1.7e-17	2.52485e-18
59652.117674	-1.4273162459e-14	1	1.7e-17	2.52485e-18
59652.117685	-1.4002332991e-14	1	1.7e-17	2.52485e-18
59652.117697	-1.3535507723e-14	1	1.7e-17	2.52485e-18
59652.117708	-1.6243604193e-14	1	1.7e-17	2.52485e-18
59652.117720	-1.4252513490e-14	1	1.7e-17	2.52485e-18
59652.117731	-1.4785573346e-14	1	1.7e-17	2.52485e-18
59652.117743	-1.7270398707e-14	1	1.7e-17	2.52485e-18
59652.117755	-1.8064914765e-14	1	1.7e-17	2.52485e-18
59652.117766	-1.1072356241e-14	1	1.7e-17	2.52485e-18
59652.117778	-1.6134301367e-14	1	1.7e-17	2.52485e-18
59652.117789	-1.4917320004e-14	1	1.7e-17	2.52485e-18
59652.117801	-1.6999167746e-14	1	1.7e-17	2.52485e-18
59652.117813	-1.3341797217e-14	1	1.7e-17	2.52485e-18
59652.117824	-1.6128645728e-14	1	1.7e-17	2.52485e-18
59652.117975	-1.5462828704e-14	1	1.7e-17	2.52485e-18
59652.117986	-1.5846328800e-14	1	1.7e-17	2.52485e-18
59652.117998	-1.7434255537e-14	1	1.7e-17	2.52485e-18
59652.118009	-1.4395454535e-14	1	1.7e-17	2.52485e-18
59652.118021	-1.4189325679e-14	1	1.7e-17	2.52485e-18
59652.118032	-1.5267956069e-14	1	1.7e-17	2.52485e-18
59652.118044	-1.7559314022e-14	1	1.7e-17	2.52485e-18
59652.118056	-1.1973778868e-14	1	1.7e-17	2.52485e-18
59652.118148	-1.3750624446e-14	1	1.7e-17	2.52485e-18
59652.118160	-1.3388315420e-14	1	1.7e-17	2.52485e-18
59652.118171	-1.3831964172e-14	1	1.7e-17	2.52485e-18
59652.118183	-1.7607138349e-14	1	1.7e-17	2.52485e-18
59652.118194	-1.5998472011e-14	1	1.7e-17	2.52485e-18
59652.118206	-1.5931689392e-14	1	1.7e-17	2.52485e-18
59652.118218	-1.4305702924e-14	1	1.7e-17	2.52485e-18
59652.118229	-1.5868399090e-14	1	1.7e-17	2.52485e-18
59652.118241	-1.4188831012e-14	1	1.7e-17	2.52485e-18
59652.118252	-1.0790117240e-14	1	1.7e-17	2.52485e-18
59652.118264	-1.4533277807e-14	1	1.7e-17	2.52485e-18
59652.118275	-1.5182129608e-14	1	1.7e-17	2.52485e-18
59652.118287	-1.4129052508e-14	1	1.7e-17	2.52485e-18
59652.118299	-1.3231444918e-14	1	1.7e-17	2.52485e-18
59652.118310	-1.3066514050e-14	1	1.7e-17	2.52485e-18
59652.118322	-1.4250406072e-14	1	1.7e-17	2.52485e-18
59652.118333	-1.4265949126e-14	1	1.7e-17	2.52485e-18
59652.118345	-1.3879497120e-14	1	1.7e-17	2.52485e-18
59652.118356	-1.4686326496e-14	1	1.7e-17	2.52485e-18
59652.118368	-1.7182969660e-14	1	1.7e-17	2.52485e-18
59652.118380	-1.7882475726e-14	1	1.7e-17	2.52485e-18
59652.118391	-1.6632374528e-14	1	1.7e-17	2.52485e-18
59652.118403	-1.5592226539e-14	1	1.7e-17	2.52485e-18
59652.118414	-1.4577585253e-14	1	1.7e-17	2.52485e-18
59652.118426	-1.6685991713e-14	1	1.7e-17	2.52485e-18
59652.118438	-1.4570054283e-14	1	1.7e-17	2.52485e-18
59652.118449	-1.3901159988e-14	1	1.7e-17	2.52485e-18
59652.118461	-1.4510826351e-14	1	1.7e-17	2.52485e-18
59652.118472	-1.4471072554e-14	1	1.7e-17	2.52485e-18
59652.118484	-1.4826742536e-14	1	1.7e-17	2.52485e-18
59652.118495	-1.1996270134e-14	1	1.7e-17	2.52485e-18
59652.118507	-1.4549358727e-14	1	1.7e-17	2.52485e-18
59652.118519	-1.4894013892e-14	1	1.7e-17	2.52485e-18
59652.118530	-1.4211833885e-14	1	1.7e-17	2.52485e-18
59652.118542	-1.5898718634e-14	1	1.7e-17	2.52485e-18
59652.118553	-1.3081554815e-14	1	1.7e-17	2.52485e-18
59652.118565	-1.0554284633e-14	1	1.7e-17	2.52485e-18
59652.118576	-1.0670270548e-14	1	1.7e-17	2.52485e-18
59652.118588	-1.3213823244e-14	1	1.7e-17	2.52485e-18
59652.118600	-1.3056730820e-14	1	1.7e-17	2.52485e-18
59652.118611	-1.1854329435e-14	1	1.7e-17	2.52485e-18
59652.118623	-1.5421148753e-14	1	1.7e-17	2.52485e-18
59652.118634	-1.5991361169e-14	1	1.7e-17	2.52485e-18
59652.118646	-1.6134024387e-14	1	1.7e-17	2.52485e-18
59652.118657	-1.7074652781e-14	1	1.7e-17	2.52485e-18
59652.118669	-1.6005946229e-14	1	1.7e-17	2.52485e-18
59652.118681	-1.5336990948e-14	1	1.7e-17	2.52485e-18
59652.118692	-1.3537110309e-14	1	1.7e-17	2.52485e-18
59652.118704	-1.7547966322e-14	1	1.7e-17	2.52485e-18
59652.118715	-1.4077504624e-14	1	1.7e-17	2.52485e-18
59652.118727	-1.3647925936e-14	1	1.7e-17	2.52485e-18
59652.118738	-1.5460586607e-14	1	1.7e-17	2.52485e-18
59652.118750	-1.6919446699e-14	1	1.7e-17	2.52485e-18
59652.118762	-1.5750983383e-14	1	1.7e-17	2.52485e-18
59652.118773	-1.4660979035e-14	1	1.7e-17	2.52485e-18
59652.118785	-1.3213950299e-14	1	1.7e-17	2.52485e-18
59652.118796	-1.4869425373e-14	1	1.7e-17	2.52485e-18
59652.118808	-1.2310809043e-14	1	1.7e-17	2.52485e-18
59652.118819	-1.5410786999e-14	1	1.7e-17	2.52485e-18
59652.118831	-1.6974242954e-14	1	1.7e-17	2.52485e-18
59652.118843	-1.3994385281e-14	1	1.7e-17	2.52485e-18
59652.118854	-1.2369350031e-14	1	1.7e-17	2.52485e-18
59652.118866	-1.3307201851e-14	1	1.7e-17	2.52485e-18
59652.118877	-1.4404039214e-14	1	1.7e-17	2.52485e-18
59652.118889	-1.5756261245e-14	1	1.7e-17	2.52485e-18
59652.118900	-1.4702726748e-14	1	1.7e-17	2.52485e-18
59652.118912	-1.4708755928e-14	1	1.7e-17	2.52485e-18
59652.118924	-1.5258188932e-14	1	1.7e-17	2.52485e-18
59652.118935	-1.4330399016e-14	1	1.7e-17	2.52485e-18
59652.118947	-1.5340132593e-14	1	1.7e-17	2.52485e-18
59652.118958	-1.4837841208e-14	1	1.7e-17	2.52485e-18
59652.118970	-1.4655270880e-14	1	1.7e-17	2.52485e-18
59652.118981	-1.3466578723e-14	1	1.7e-17	2.52485e-18
59652.118993	-1.4157513662e-14	1	1.7e-17	2.52485e-18
59652.119005	-1.1433967312e-14	1	1.7e-17	2.52485e-18
59652.119016	-1.1850334827e-14	1	1.7e-17	2.52485e-18
59652.119028	-1.3206928396e-14	1	1.7e-17	2.52485e-18
59652.119039	-1.2784129360e-14	1	1.7e-17	2.52485e-18
59652.119051	-1.4793100081e-14	1	1.7e-17	2.52485e-18
59652.119063	-1.5787338884e-14	1	1.7e-17	2.52485e-18
59652.119074	-1.6328168574e-14	1	1.7e-17	2.52485e-18
59652.119086	-1.6185499426e-14	1	1.7e-17	2.52485e-18
59652.119097	-1.5645585379e-14	1	1.7e-17	2.52485e-18
59652.119109	-1.4606552086e-14	1	1.7e-17	2.52485e-18
59652.119120	-1.2670061127e-14	1	1.7e-17	2.52485e-18
59652.119132	-1.3680203820e-14	1	1.7e-17	2.52485e-18
59652.119144	-1.4177234283e-14	1	1.7e-17	2.52485e-18
59652.119155	-1.5935401937e-14	1	1.7e-17	2.52485e-18
59652.119167	-1.4691260463e-14	1	1.7e-17	2.52485e-18
59652.119178	-1.4610258702e-14	1	1.7e-17	2.52485e-18
59652.119190	-1.2892640209e-14	1	1.7e-17	2.52485e-18
59652.119201	-1.4274488912e-14	1	1.7e-17	2.52485e-18
59652.119213	-1.3844282573e-14	1	1.7e-17	2.52485e-18
59652.119225	-1.1782024161e-14	1	1.7e-17	2.52485e-18
59652.119236	-1.4539888052e-14	1	1.7e-17	2.52485e-18
59652.119248	-1.5421357970e-14	1	1.7e-17	2.52485e-18
59652.119259	-1.5043126419e-14	1	1.7e-17	2.52485e-18
59652.119271	-1.4593995669e-14	1	1.7e-17	2.52485e-18
59652.119282	-1.2668874433e-14	1	1.7e-17	2.52485e-18
59652.119294	-1.4625750087e-14	1	1.7e-17	2.52485e-18
59652.119306	-1.5754881429e-14	1	1.7e-17	2.52485e-18
59652.119317	-1.7053326186e-14	1	1.7e-17	2.52485e-18
59652.119329	-1.6486030951e-14	1	1.7e-17	2.52485e-18
59652.119340	-1.7140793349e-14	1	1.7e-17	2.52485e-18
59652.119352	-1.4056170405e-14	1	1.7e-17	2.52485e-18
59652.119363	-1.4568636350e-14	1	1.7e-17	2.52485e-18
59652.119375	-1.6600716671e-14	1	1.7e-17	2.52485e-18
59652.119387	-1.5164845054e-14	1	1.7e-17	2.52485e-18
59652.119398	-1.4223114670e-14	1	1.7e-17	2.52485e-18
59652.119410	-1.4934680791e-14	1	1.7e-17	2.52485e-18
59652.119421	-1.4786533035e-14	1	1.7e-17	2.52485e-18
59652.119433	-1.5349959022e-14	1	1.7e-17	2.52485e-18
59652.119444	-1.5508021299e-14	1	1.7e-17	2.52485e-18
59652.119456	-1.3046553719e-14	1	1.7e-17	2.52485e-18
59652.119468	-1.1781011957e-14	1	1.7e-17	2.52485e-18
59652.119479	-1.3700614773e-14	1	1.7e-17	2.52485e-18
59652.119491	-1.3673535977e-14	1	1.7e-17	2.52485e-18
59652.119502	-1.3888915280e-14	1	1.7e-17	2.52485e-18
59652.119514	-1.6150832062e-14	1	1.7e-17	2.52485e-18
59652.119525	-1.7751580337e-14	1	1.7e-17	2.52485e-18
59652.119537	-1.3685351240e-14	1	1.7e-17	2.52485e-18
59652.119549	-1.2117645720e-14	1	1.7e-17	2.52485e-18
59652.119560	-1.4290548657e-14	1	1.7e-17	2.52485e-18
59652.119572	-1.7266447298e-14	1	1.7e-17	2.52485e-18
59652.119583	-1.4799427417e-14	1	1.7e-17	2.52485e-18
59652.119595	-1.2619248467e-14	1	1.7e-17	2.52485e-18
59652.119606	-1.2791900887e-14	1	1.7e-17	2.52485e-18
59652.119618	-1.4670534413e-14	1	1.7e-17	2.52485e-18
59652.119630	-1.4380409535e-14	1	1.7e-17	2.52485e-18
59652.119641	-1.3625499044e-14	1	1.7e-17	2.52485e-18
59652.119653	-1.4386332837e-14	1	1.7e-17	2.52485e-18
59652.119664	-1.5389158013e-14	1	1.7e-17	2.52485e-18
59652.119676	-1.5359856602e-14	1	1.7e-17	2.52485e-18
59652.119688	-1.5494891442e-14	1	1.7e-17	2.52485e-18
59652.119699	-1.2094587789e-14	1	1.7e-17	2.52485e-18
59652.119711	-1.4826249562e-14	1	1.7e-17	2.52485e-18
59652.119722	-1.5645400726e-14	1	1.7e-17	2.52485e-18
59652.119734	-1.4674820400e-14	1	1.7e-17	2.52485e-18
59652.119745	-1.2707422903e-14	1	1.7e-17	2.52485e-18
59652.119757	-1.5693153056e-14	1	1.7e-17	2.52485e-18
59652.119769	-1.5527144762e-14	1	1.7e-17	2.52485e-18
59652.119780	-1.4604609839e-14	1	1.7e-17	2.52485e-18
59652.119792	-1.6446760810e-14	1	1.7e-17	2.52485e-18
59652.119803	-1.6560155652e-14	1	1.7e-17	2.52485e-18
59652.119815	-1.3704181629e-14	1	1.7e-17	2.52485e-18
59652.119826	-1.6314882015e-14	1	1.7e-17	2.52485e-18
59652.119838	-1.3162512530e-14	1	1.7e-17	2.52485e-18
59652.119850	-1.3052242392e-14	1	1.7e-17	2.52485e-18
59652.119861	-1.1709692630e-14	1	1.7e-17	2.52485e-18
59652.119873	-1.4483666240e-14	1	1.7e-17	2.52485e-18
59652.119884	-9.4214958033e-15	1	1.7e-17	2.52485e-18
59652.119896	-1.0858614253e-14	1	1.7e-17	2.52485e-18
59652.119907	-1.2304057343e-14	1	1.7e-17	2.52485e-18
59652.119919	-1.4706435905e-14	1	1.7e-17	2.52485e-18
59652.119931	-1.3831235724e-14	1	1.7e-17	2.52485e-18
59652.119942	-1.3284484427e-14	1	1.7e-17	2.52485e-18
59652.119954	-1.4266356549e-14	1	1.7e-17	2.52485e-18
59652.119965	-1.4822281213e-14	1	1.7e-17	2.52485e-18
59652.119977	-1.4479608952e-14	1	1.7e-17	2.52485e-18
59652.119988	-1.4402185905e-14	1	1.7e-17	2.52485e-18
59652.120000	-1.3960055883e-14	1	1.7e-17	2.52485e-18
59652.120012	-1.8075472183e-14	1	1.7e-17	2.52485e-18
59652.120023	-1.6339675516e-14	1	1.7e-17	2.52485e-18
59652.120035	-1.4451207090e-14	1	1.7e-17	2.52485e-18
59652.120046	-1.2372879617e-14	1	1.7e-17	2.52485e-18
59652.120058	-1.2778511837e-14	1	1.7e-17	2.52485e-18
59652.120069	-1.3414405729e-14	1	1.7e-17	2.52485e-18
59652.120081	-1.2803127461e-14	1	1.7e-17	2.52485e-18
59652.120093	-1.3880740565e-14	1	1.7e-17	2.52485e-18
59652.120104	-1.2400672462e-14	1	1.7e-17	2.52485e-18
59652.120116	-1.4787351268e-14	1	1.7e-17	2.52485e-18
59652.120127	-1.4131289522e-14	1	1.7e-17	2.52485e-18
59652.120139	-1.6056520873e-14	1	1.7e-17	2.52485e-18
59652.120150	-1.4567183688e-14	1	1.7e-17	2.52485e-18
59652.120162	-1.5680135853e-14	1	1.7e-17	2.52485e-18
59652.120174	-1.6583048411e-14	1	1.7e-17	2.52485e-18
59652.120185	-1.6427451847e-14	1	1.7e-17	2.52485e-18
59652.120197	-1.5834997193e-14	1	1.7e-17	2.52485e-18
59652.120208	-1.2324324300e-14	1	1.7e-17	2.52485e-18
59652.120220	-1.5267923881e-14	1	1.7e-17	2.52485e-18
59652.120231	-1.4397254480e-14	1	1.7e-17	2.52485e-18
59652.120243	-1.4831961953e-14	1	1.7e-17	2.52485e-18
59652.120255	-1.3209188280e-14	1	1.7e-17	2.52485e-18
59652.120266	-1.3232278398e-14	1	1.7e-17	2.52485e-18
59652.120278	-1.4727754030e-14	1	1.7e-17	2.52485e-18
59652.120289	-1.4806472190e-14	1	1.7e-17	2.52485e-18
59652.120301	-1.5519393564e-14	1	1.7e-17	2.52485e-18
59652.120313	-1.3242474134e-14	1	1.7e-17	2.52485e-18
59652.120324	-1.3111584674e-14	1	1.7e-17	2.52485e-18
59652.120336	-1.4961483455e-14	1	1.7e-17	2.52485e-18
59652.120347	-1.5171761078e-14	1	1.7e-17	2.52485e-18
59652.120359	-1.1738208841e-14	1	1.7e-17	2.52485e-18
59652.120370	-1.3683785076e-14	1	1.7e-17	2.52485e-18
59652.120382	-1.4804407124e-14	1	1.7e-17	2.52485e-18
59652.120394	-1.1555359839e-14	1	1.7e-17	2.52485e-18
59652.120405	-1.2290935956e-14	1	1.7e-17	2.52485e-18
59652.120417	-1.3509884976e-14	1	1.7e-17	2.52485e-18
59652.120428	-1.4143840857e-14	1	1.7e-17	2.52485e-18
59652.120440	-1.7251224422e-14	1	1.7e-17	2.52485e-18
59652.120451	-1.4720289129e-14	1	1.7e-17	2.52485e-18
59652.120463	-1.3407607442e-14	1	1.7e-17	2.52485e-18
59652.120475	-1.4701993217e-14	1	1.7e-17	2.52485e-18
59652.120486	-1.7623756289e-14	1	1.7e-17	2.52485e-18
59652.120498	-1.5834610099e-14	1	1.7e-17	2.52485e-18
59652.120509	-1.1631227733e-14	1	1.7e-17	2.52485e-18
59652.120521	-1.3283359567e-14	1	1.7e-17	2.52485e-18
59652.120532	-1.3369111489e-14	1	1.7e-17	2.52485e-18
59652.120544	-1.5848429441e-14	1	1.7e-17	2.52485e-18
59652.120556	-1.7204955247e-14	1	1.7e-17	2.52485e-18
59652.120567	-1.3593377861e-14	1	1.7e-17	2.52485e-18
59652.120579	-1.2847088471e-14	1	1.7e-17	2.52485e-18
59652.120590	-1.3891857872e-14	1	1.7e-17	2.52485e-18
59652.120602	-1.7022482328e-14	1	1.7e-17	2.52485e-18
59652.120613	-1.5443425720e-14	1	1.7e-17	2.52485e-18
59652.120625	-1.4856750372e-14	1	1.7e-17	2.52485e-18
59652.120637	-1.5897068614e-14	1	1.7e-17	2.52485e-18
59652.120648	-1.8212190077e-14	1	1.7e-17	2.52485e-18
59652.120660	-1.5324470954e-14	1	1.7e-17	2.52485e-18
59652.120671	-1.4009789422e-14	1	1.7e-17	2.52485e-18
59652.120683	-1.4169852391e-14	1	1.7e-17	2.52485e-18
59652.120694	-1.3658166564e-14	1	1.7e-17	2.52485e-18
59652.120706	-1.5421632409e-14	1	1.7e-17	2.52485e-18
59652.120718	-1.8166612928e-14	1	1.7e-17	2.52485e-18
59652.120729	-1.3209023109e-14	1	1.7e-17	2.52485e-18
59652.120741	-1.6596058837e-14	1	1.7e-17	2.52485e-18
59652.120856	-1.3923166751e-14	1	1.7e-17	2.52485e-18
59652.120868	-1.3767028086e-14	1	1.7e-17	2.52485e-18
59652.120880	-1.7029768505e-14	1	1.7e-17	2.52485e-18
59652.120891	-1.3788186969e-14	1	1.7e-17	2.52485e-18
59652.120903	-1.3265303366e-14	1	1.7e-17	2.52485e-18
59652.120914	-1.3032912253e-14	1	1.7e-17	2.52485e-18
59652.120926	-1.4752112157e-14	1	1.7e-17	2.52485e-18
59652.120938	-1.4465291554e-14	1	1.7e-17	2.52485e-18
59652.120949	-1.3846925315e-14	1	1.7e-17	2.52485e-18
59652.120961	-1.5540561764e-14	1	1.7e-17	2.52485e-18
59652.120972	-1.4822785198e-14	1	1.7e-17	2.52485e-18
59652.120984	-1.4210194877e-14	1	1.7e-17	2.52485e-18
59652.120995	-1.4903751383e-14	1	1.7e-17	2.52485e-18
59652.121007	-1.6554726170e-14	1	1.7e-17	2.52485e-18
59652.121019	-1.4907594371e-14	1	1.7e-17	2.52485e-18
59652.121030	-1.5260098144e-14	1	1.7e-17	2.52485e-18
59652.121042	-1.4761356674e-14	1	1.7e-17	2.52485e-18
59652.121053	-1.7016701328e-14	1	1.7e-17	2.52485e-18
59652.121065	-1.5820335053e-14	1	1.7e-17	2.52485e-18
59652.121076	-1.6480083086e-14	1	1.7e-17	2.52485e-18
59652.121088	-1.4459793463e-14	1	1.7e-17	2.52485e-18
59652.121100	-1.5561710483e-14	1	1.7e-17	2.52485e-18
59652.121111	-1.2517167444e-14	1	1.7e-17	2.52485e-18
59652.121123	-1.3201973253e-14	1	1.7e-17	2.52485e-18
59652.121134	-1.3646582542e-14	1	1.7e-17	2.52485e-18
59652.121146	-1.5674140554e-14	1	1.7e-17	2.52485e-18
59652.121157	-1.2780836095e-14	1	1.7e-17	2.52485e-18
59652.121169	-1.3855316024e-14	1	1.7e-17	2.52485e-18
59652.121181	-1.3715853743e-14	1	1.7e-17	2.52485e-18
59652.121192	-1.4666782058e-14	1	1.7e-17	2.52485e-18
59652.121204	-1.5772230357e-14	1	1.7e-17	2.52485e-18
59652.121215	-1.6251300334e-14	1	1.7e-17	2.52485e-18
59652.121227	-1.5419210742e-14	1	1.7e-17	2.52485e-18
59652.121238	-1.6165611940e-14	1	1.7e-17	2.52485e-18
59652.121250	-1.7185876677e-14	1	1.7e-17	2.52485e-18
59652.121262	-1.7042990690e-14	1	1.7e-17	2.52485e-18
59652.121273	-1.4054293380e-14	1	1.7e-17	2.52485e-18
59652.121285	-1.3982829211e-14	1	1.7e-17	2.52485e-18
59652.121296	-1.2553566991e-14	1	1.7e-17	2.52485e-18
59652.121308	-1.3539155894e-14	1	1.7e-17	2.52485e-18
59652.121319	-1.3928614867e-14	1	1.7e-17	2.52485e-18
59652.121331	-1.6080901869e-14	1	1.7e-17	2.52485e-18
59652.121343	-1.3151291884e-14	1	1.7e-17	2.52485e-18
59652.121354	-1.2077078771e-14	1	1.7e-17	2.52485e-18
59652.121366	-1.3088303973e-14	1	1.7e-17	2.52485e-18
59652.121377	-1.5587035921e-14	1	1.7e-17	2.52485e-18
59652.121389	-1.5361642148e-14	1	1.7e-17	2.52485e-18
59652.121400	-1.5313559475e-14	1	1.7e-17	2.52485e-18
59652.121412	-1.3187863379e-14	1	1.7e-17	2.52485e-18
59652.121424	-1.4155169075e-14	1	1.7e-17	2.52485e-18
59652.121435	-1.2307438699e-14	1	1.7e-17	2.52485e-18
59652.121447	-1.5707468759e-14	1	1.7e-17	2.52485e-18
59652.121458	-1.5920816877e-14	1	1.7e-17	2.52485e-18
59652.121470	-1.4072030250e-14	1	1.7e-17	2.52485e-18
59652.121481	-1.3247325092e-14	1	1.7e-17	2.52485e-18
59652.121493	-1.3082027459e-14	1	1.7e-17	2.52485e-18
59652.121505	-1.4949272628e-14	1	1.7e-17	2.52485e-18
59652.121516	-1.2866025587e-14	1	1.7e-17	2.52485e-18
59652.121528	-1.6312257907e-14	1	1.7e-17	2.52485e-18
59652.121539	-1.4569312282e-14	1	1.7e-17	2.52485e-18
59652.121551	-1.4421297510e-14	1	1.7e-17	2.52485e-18
59652.121563	-1.7126183724e-14	1	1.7e-17	2.52485e-18
59652.121574	-1.8845519153e-14	1	1.7e-17	2.52485e-18
59652.121586	-1.7059392636e-14	1	1.7e-17	2.52485e-18
59652.121597	-1.5917251715e-14	1	1.7e-17	2.52485e-18
59652.121609	-1.8531994990e-14	1	1.7e-17	2.52485e-18
59652.121620	-1.6851230054e-14	1	1.7e-17	2.52485e-18
59652.121632	-1.5392838371e-14	1	1.7e-17	2.52485e-18
59652.121644	-1.5262088671e-14	1	1.7e-17	2.52485e-18
59652.121655	-1.4879693106e-14	1	1.7e-17	2.52485e-18
59652.121667	-1.4746735191e-14	1	1.7e-17	2.52485e-18
59652.121678	-1.5194540335e-14	1	1.7e-17	2.52485e-18
59652.121690	-1.1496873908e-14	1	1.7e-17	2.52485e-18
59652.121701	-1.4976387846e-14	1	1.7e-17	2.52485e-18
59652.121713	-1.6207954270e-14	1	1.7e-17	2.52485e-18
59652.121725	-1.7325144141e-14	1	1.7e-17	2.52485e-18
59652.121736	-1.5486341491e-14	1	1.7e-17	2.52485e-18
59652.121748	-1.4949360719e-14	1	1.7e-17	2.52485e-18
59652.121759	-1.3171921372e-14	1	1.7e-17	2.52485e-18
59652.121771	-1.4972386463e-14	1	1.7e-17	2.52485e-18
59652.121782	-1.6800142108e-14	1	1.7e-17	2.52485e-18
59652.121794	-1.7044012211e-14	1	1.7e-17	2.52485e-18
59652.121806	-1.4679859399e-14	1	1.7e-17	2.52485e-18
59652.121817	-1.7422286961e-14	1	1.7e-17	2.52485e-18
59652.121829	-1.6309960754e-14	1	1.7e-17	2.52485e-18
59652.121840	-1.3336898826e-14	1	1.7e-17	2.52485e-18
59652.121852	-1.1894001917e-14	1	1.7e-17	2.52485e-18
59652.121863	-1.5031996406e-14	1	1.7e-17	2.52485e-18
59652.121875	-1.3277203332e-14	1	1.7e-17	2.52485e-18
59652.121887	-1.1691619488e-14	1	1.7e-17	2.52485e-18
59652.121898	-1.1630411193e-14	1	1.7e-17	2.52485e-18
59652.121910	-1.3435488379e-14	1	1.7e-17	2.52485e-18
59652.121921	-1.4055458051e-14	1	1.7e-17	2.52485e-18
59652.121933	-1.4422734925e-14	1	1.7e-17	2.52485e-18
59652.121944	-1.3763915239e-14	1	1.7e-17	2.52485e-18
59652.121956	-1.5260634316e-14	1	1.7e-17	2.52485e-18
59652.121968	-1.3149845999e-14	1	1.7e-17	2.52485e-18
59652.121979	-1.5270253222e-14	1	1.7e-17	2.52485e-18
59652.121991	-1.2995762235e-14	1	1.7e-17	2.52485e-18
59652.122002	-1.6718547425e-14	1	1.7e-17	2.52485e-18
59652.122014	-1.4654241735e-14	1	1.7e-17	2.52485e-18
59652.122025	-1.4391094856e-14	1	1.7e-17	2.52485e-18
59652.122037	-1.5426542659e-14	1	1.7e-17	2.52485e-18
59652.122049	-1.7761448271e-14	1	1.7e-17	2.52485e-18
59652.122060	-1.4728967828e-14	1	1.7e-17	2.52485e-18
59652.122072	-1.3636975494e-14	1	1.7e-17	2.52485e-18
59652.122083	-1.0265957159e-14	1	1.7e-17	2.52485e-18
59652.122095	-1.4074940656e-14	1	1.7e-17	2.52485e-18
59652.122106	-1.6026614680e-14	1	1.7e-17	2.52485e-18
59652.122118	-1.2493468310e-14	1	1.7e-17	2.52485e-18
59652.122130	-1.3176748612e-14	1	1.7e-17	2.52485e-18
59652.122141	-1.1209687387e-14	1	1.7e-17	2.52485e-18
59652.122153	-1.3361638117e-14	1	1.7e-17	2.52485e-18
59652.122164	-1.2581613946e-14	1	1.7e-17	2.52485e-18
59652.122176	-1.3121108712e-14	1	1.7e-17	2.52485e-18
59652.122188	-1.4223810931e-14	1	1.7e-17	2.52485e-18
59652.122199	-1.5945020843e-14	1	1.7e-17	2.52485e-18
59652.122211	-1.4640897578e-14	1	1.7e-17	2.52485e-18
59652.122222	-1.5193739889e-14	1	1.7e-17	2.52485e-18
59652.122234	-1.5532905433e-14	1	1.7e-17	2.52485e-18
59652.122245	-1.4742796488e-14	1	1.7e-17	2.52485e-18
59652.122257	-1.6561175479e-14	1	1.7e-17	2.52485e-18
59652.122269	-1.8569272910e-14	1	1.7e-17	2.52485e-18
59652.122280	-1.5026976042e-14	1	1.7e-17	2.52485e-18
59652.122292	-1.5239763424e-14	1	1.7e-17	2.52485e-18
59652.122303	-1.4837911512e-14	1	1.7e-17	2.52485e-18
59652.122315	-1.6265550816e-14	1	1.7e-17	2.52485e-18
59652.122326	-1.3372973959e-14	1	1.7e-17	2.52485e-18
59652.122338	-1.5049341100e-14	1	1.7e-17	2.52485e-18
59652.122350	-1.2292093003e-14	1	1.7e-17	2.52485e-18
59652.122361	-1.4685410006e-14	1	1.7e-17	2.52485e-18
59652.122373	-1.2629029157e-14	1	1.7e-17	2.52485e-18
59652.122384	-1.3971954155e-14	1	1.7e-17	2.52485e-18
59652.122396	-1.4611813007e-14	1	1.7e-17	2.52485e-18
59652.122407	-1.2479039950e-14	1	1.7e-17	2.52485e-18
59652.122419	-1.6539765874e-14	1	1.7e-17	2.52485e-18
59652.122431	-1.4825947172e-14	1	1.7e-17	2.52485e-18
59652.122442	-1.5069721560e-14	1	1.7e-17	2.52485e-18
59652.122454	-1.4297133491e-14	1	1.7e-17	2.52485e-18
59652.122465	-1.6084580533e-14	1	1.7e-17	2.52485e-18
59652.122477	-1.3806042423e-14	1	1.7e-17	2.52485e-18
59652.122488	-1.5060613414e-14	1	1.7e-17	2.52485e-18
59652.122500	-1.3158437454e-14	1	1.7e-17	2.52485e-18
59652.122512	-1.2673271381e-14	1	1.7e-17	2.52485e-18
59652.122523	-1.4889394175e-14	1	1.7e-17	2.52485e-18
59652.122535	-1.2807035671e-14	1	1.7e-17	2.52485e-18
59652.122546	-1.2191221543e-14	1	1.7e-17	2.52485e-18
59652.122558	-1.6094017327e-14	1	1.7e-17	2.52485e-18
59652.122569	-1.6161333576e-14	1	1.7e-17	2.52485e-18
59652.122581	-1.3655927856e-14	1	1.7e-17	2.52485e-18
59652.122593	-1.2601219371e-14	1	1.7e-17	2.52485e-18
59652.122604	-1.3855903018e-14	1	1.7e-17	2.52485e-18
59652.122616	-1.3712389378e-14	1	1.7e-17	2.52485e-18
59652.122627	-1.3300990558e-14	1	1.7e-17	2.52485e-18
59652.122639	-1.3491893150e-14	1	1.7e-17	2.52485e-18
59652.122650	-1.5979215564e-14	1	1.7e-17	2.52485e-18
59652.122662	-1.6351000347e-14	1	1.7e-17	2.52485e-18
59652.122674	-1.7111182771e-14	1	1.7e-17	2.52485e-18
59652.122685	-1.6656166836e-14	1	1.7e-17	2.52485e-18
59652.122697	-1.4475617733e-14	1	1.7e-17	2.52485e-18
59652.122708	-1.8095017468e-14	1	1.7e-17	2.52485e-18
59652.122720	-1.5360203886e-14	1	1.7e-17	2.52485e-18
59652.122731	-1.4372396604e-14	1	1.7e-17	2.52485e-18
59652.122743	-1.1465222828e-14	1	1.7e-17	2.52485e-18
59652.122755	-1.2090979429e-14	1	1.7e-17	2.52485e-18
59652.122766	-1.4041677672e-14	1	1.7e-17	2.52485e-18
59652.122778	-1.3290442457e-14	1	1.7e-17	2.52485e-18
59652.122928	-1.7493033694e-14	1	1.7e-17	2.52485e-18
59652.122940	-1.6531406506e-14	1	1.7e-17	2.52485e-18
59652.122951	-2.0828727367e-14	1	1.7e-17	2.52485e-18
59652.122963	-1.4577227805e-14	1	1.7e-17	2.52485e-18
59652.122975	-1.5351722545e-14	1	1.7e-17	2.52485e-18
59652.122986	-1.8096358322e-14	1	1.7e-17	2.52485e-18
59652.122998	-2.0304496135e-14	1	1.7e-17	2.52485e-18
59652.123009	-1.7226375864e-14	1	1.7e-17	2.52485e-18
59652.123021	-1.5596460009e-14	1	1.7e-17	2.52485e-18
59652.123032	-1.5636673746e-14	1	1.7e-17	2.52485e-18
59652.123044	-1.6836096963e-14	1	1.7e-17	2.52485e-18
59652.123056	-1.3070668747e-14	1	1.7e-17	2.52485e-18
59652.123067	-1.5585438417e-14	1	1.7e-17	2.52485e-18
59652.123079	-1.6943362674e-14	1	1.7e-17	2.52485e-18
59652.123090	-1.8010038888e-14	1	1.7e-17	2.52485e-18
59652.123102	-1.4484235446e-14	1	1.7e-17	2.52485e-18
59652.123113	-1.7974173819e-14	1	1.7e-17	2.52485e-18
59652.123125	-1.3345136221e-14	1	1.7e-17	2.52485e-18
59652.123137	-1.6902587355e-14	1	1.7e-17	2.52485e-18
59652.123148	-1.5442327965e-14	1	1.7e-17	2.52485e-18
59652.123160	-1.4015749146e-14	1	1.7e-17	2.52485e-18
59652.123171	-1.2556658662e-14	1	1.7e-17	2.52485e-18
59652.123183	-1.6820765667e-14	1	1.7e-17	2.52485e-18
59652.123194	-1.9989723445e-14	1	1.7e-17	2.52485e-18
59652.123206	-1.3933430249e-14	1	1.7e-17	2.52485e-18
59652.123218	-1.0719495868e-14	1	1.7e-17	2.52485e-18
59652.123229	-1.3843800611e-14	1	1.7e-17	2.52485e-18
59652.123241	-1.6620721895e-14	1	1.7e-17	2.52485e-18
59652.123252	-1.3872559073e-14	1	1.7e-17	2.52485e-18
59652.123264	-1.4856027853e-14	1	1.7e-17	2.52485e-18
59652.123275	-1.4278903648e-14	1	1.7e-17	2.52485e-18
59652.123287	-1.2744590709e-14	1	1.7e-17	2.52485e-18
59652.123299	-1.1203127117e-14	1	1.7e-17	2.52485e-18
59652.123310	-1.4160572298e-14	1	1.7e-17	2.52485e-18
59652.123322	-1.2727370529e-14	1	1.7e-17	2.52485e-18
59652.123333	-1.2641922692e-14	1	1.7e-17	2.52485e-18
59652.123345	-1.2459719129e-14	1	1.7e-17	2.52485e-18
59652.123356	-1.3038379004e-14	1	1.7e-17	2.52485e-18
59652.123368	-1.2700489938e-14	1	1.7e-17	2.52485e-18
59652.123472	-1.2216639308e-14	1	1.7e-17	2.52485e-18
59652.123484	-1.3527323691e-14	1	1.7e-17	2.52485e-18
59652.123495	-1.5671961138e-14	1	1.7e-17	2.52485e-18
59652.123507	-1.4196022321e-14	1	1.7e-17	2.52485e-18
59652.123519	-1.4999952303e-14	1	1.7e-17	2.52485e-18
59652.123530	-1.6884558259e-14	1	1.7e-17	2.52485e-18
59652.123542	-1.7155127687e-14	1	1.7e-17	2.52485e-18
59652.123553	-1.5077495628e-14	1	1.7e-17	2.52485e-18
59652.123565	-1.7375377429e-14	1	1.7e-17	2.52485e-18
59652.123576	-1.5625509851e-14	1	1.7e-17	2.52485e-18
59652.123588	-1.4962035720e-14	1	1.7e-17	2.52485e-18
59652.123600	-1.3951217094e-14	1	1.7e-17	2.52485e-18
59652.123692	-1.4689402919e-14	1	1.7e-17	2.52485e-18
59652.123704	-1.6667805069e-14	1	1.7e-17	2.52485e-18
59652.123715	-1.5494267178e-14	1	1.7e-17	2.52485e-18
59652.123727	-1.1512925182e-14	1	1.7e-17	2.52485e-18
59652.123738	-8.0267061308e-15	1	1.7e-17	2.52485e-18
59652.123750	-9.1545152535e-15	1	1.7e-17	2.52485e-18
59652.123762	-1.2765251536e-14	1	1.7e-17	2.52485e-18
59652.123773	-1.2970945864e-14	1	1.7e-17	2.52485e-18
59652.123785	-1.1195231923e-14	1	1.7e-17	2.52485e-18
59652.123796	-1.4884655872e-14	1	1.7e-17	2.52485e-18
59652.123808	-1.5050205921e-14	1	1.7e-17	2.52485e-18
59652.123819	-1.5707470453e-14	1	1.7e-17	2.52485e-18
59652.123831	-1.2829772577e-14	1	1.7e-17	2.52485e-18
59652.123843	-1.6606385863e-14	1	1.7e-17	2.52485e-18
59652.123854	-1.6356606011e-14	1	1.7e-17	2.52485e-18
59652.123866	-2.0641061289e-14	1	1.7e-17	2.52485e-18
59652.123877	-1.6523569757e-14	1	1.7e-17	2.52485e-18
59652.123889	-1.5278185685e-14	1	1.7e-17	2.52485e-18
59652.123900	-1.3079884466e-14	1	1.7e-17	2.52485e-18
59652.123912	-1.5599379732e-14	1	1.7e-17	2.52485e-18
59652.123924	-1.5954674478e-14	1	1.7e-17	2.52485e-18
59652.123935	-1.3576541387e-14	1	1.7e-17	2.52485e-18
59652.123947	-1.1593726196e-14	1	1.7e-17	2.52485e-18
59652.123958	-1.5452193358e-14	1	1.7e-17	2.52485e-18
59652.123970	-1.3098136332e-14	1	1.7e-17	2.52485e-18
59652.123981	-1.5269524774e-14	1	1.7e-17	2.52485e-18
59652.123993	-1.2029570387e-14	1	1.7e-17	2.52485e-18
59652.124005	-1.7383266694e-14	1	1.7e-17	2.52485e-18
59652.124016	-1.4515080998e-14	1	1.7e-17	2.52485e-18
59652.124028	-1.8124334973e-14	1	1.7e-17	2.52485e-18
59652.124039	-1.6589670515e-14	1	1.7e-17	2.52485e-18
59652.124051	-1.5800162116e-14	1	1.7e-17	2.52485e-18
59652.124062	-1.4588406099e-14	1	1.7e-17	2.52485e-18
59652.124074	-1.7016066900e-14	1	1.7e-17	2.52485e-18
59652.124086	-1.4547039551e-14	1	1.7e-17	2.52485e-18
59652.124097	-1.4901527074e-14	1	1.7e-17	2.52485e-18
59652.124109	-1.4194217294e-14	1	1.7e-17	2.52485e-18
59652.124120	-1.3970902140e-14	1	1.7e-17	2.52485e-18
59652.124132	-1.2448639091e-14	1	1.7e-17	2.52485e-18
59652.124144	-1.3542003619e-14	1	1.7e-17	2.52485e-18
59652.124155	-1.3011695772e-14	1	1.7e-17	2.52485e-18
59652.124167	-1.2699594624e-14	1	1.7e-17	2.52485e-18
59652.124178	-1.3191562372e-14	1	1.7e-17	2.52485e-18
59652.124190	-1.7476491140e-14	1	1.7e-17	2.52485e-18
59652.124201	-1.5501507616e-14	1	1.7e-17	2.52485e-18
59652.124213	-1.7470100277e-14	1	1.7e-17	2.52485e-18
59652.124225	-1.4158736778e-14	1	1.7e-17	2.52485e-18
59652.124236	-1.5174927287e-14	1	1.7e-17	2.52485e-18
59652.124248	-1.6996501286e-14	1	1.7e-17	2.52485e-18
59652.124259	-1.4194126662e-14	1	1.7e-17	2.52485e-18
59652.124271	-1.2460242595e-14	1	1.7e-17	2.52485e-18
59652.124282	-1.3929097676e-14	1	1.7e-17	2.52485e-18
59652.124294	-1.3986413854e-14	1	1.7e-17	2.52485e-18
59652.124306	-1.5196812924e-14	1	1.7e-17	2.52485e-18
59652.124317	-1.4671377211e-14	1	1.7e-17	2.52485e-18
59652.124329	-1.5664955329e-14	1	1.7e-17	2.52485e-18
59652.124340	-1.4661126419e-14	1	1.7e-17	2.52485e-18
59652.124352	-1.4738468150e-14	1	1.7e-17	2.52485e-18
59652.124363	-1.4054903244e-14	1	1.7e-17	2.52485e-18
59652.124375	-1.3926202517e-14	1	1.7e-17	2.52485e-18
59652.124387	-1.5822529715e-14	1	1.7e-17	2.52485e-18
59652.124398	-1.1404191563e-14	1	1.7e-17	2.52485e-18
59652.124410	-1.4866614070e-14	1	1.7e-17	2.52485e-18
59652.124421	-1.4095526944e-14	1	1.7e-17	2.52485e-18
59652.124433	-1.4801522977e-14	1	1.7e-17	2.52485e-18
59652.124444	-1.2789381811e-14	1	1.7e-17	2.52485e-18
59652.124456	-1.4507821925e-14	1	1.7e-17	2.52485e-18
59652.124468	-1.6586569527e-14	1	1.7e-17	2.52485e-18
59652.124479	-1.4362054331e-14	1	1.7e-17	2.52485e-18
59652.124491	-1.4927492869e-14	1	1.7e-17	2.52485e-18
59652.124502	-1.5245851050e-14	1	1.7e-17	2.52485e-18
59652.124514	-1.5628322848e-14	1	1.7e-17	2.52485e-18
59652.124525	-1.6067794881e-14	1	1.7e-17	2.52485e-18
59652.124537	-1.4201184987e-14	1	1.7e-17	2.52485e-18
59652.124549	-1.7707834473e-14	1	1.7e-17	2.52485e-18
59652.124560	-1.3465270057e-14	1	1.7e-17	2.52485e-18
59652.124572	-1.5494066432e-14	1	1.7e-17	2.52485e-18
59652.124583	-1.3439323744e-14	1	1.7e-17	2.52485e-18
59652.124595	-1.5682771820e-14	1	1.7e-17	2.52485e-18
59652.124606	-1.3763141051e-14	1	1.7e-17	2.52485e-18
59652.124618	-1.6062256133e-14	1	1.7e-17	2.52485e-18
59652.124630	-1.1590409215e-14	1	1.7e-17	2.52485e-18
59652.124641	-1.2176842312e-14	1	1.7e-17	2.52485e-18
59652.124653	-1.2005440960e-14	1	1.7e-17	2.52485e-18
59652.124664	-1.2456591036e-14	1	1.7e-17	2.52485e-18
59652.124676	-1.3808345506e-14	1	1.7e-17	2.52485e-18
59652.124687	-1.5263807301e-14	1	1.7e-17	2.52485e-18
59652.124699	-1.6941643197e-14	1	1.7e-17	2.52485e-18
59652.124711	-1.5080694872e-14	1	1.7e-17	2.52485e-18
59652.124722	-1.5103570690e-14	1	1.7e-17	2.52485e-18
59652.124734	-1.2469153382e-14	1	1.7e-17	2.52485e-18
59652.124745	-1.3075757721e-14	1	1.7e-17	2.52485e-18
59652.124757	-1.5466167707e-14	1	1.7e-17	2.52485e-18
59652.124769	-1.5534660486e-14	1	1.7e-17	2.52485e-18
59652.124780	-1.5852339345e-14	1	1.7e-17	2.52485e-18
59652.124792	-1.4479624199e-14	1	1.7e-17	2.52485e-18
59652.124803	-1.5130887503e-14	1	1.7e-17	2.52485e-18
59652.124815	-1.2409544285e-14	1	1.7e-17	2.52485e-18
59652.124826	-1.5834931124e-14	1	1.7e-17	2.52485e-18
59652.124838	-1.5522561467e-14	1	1.7e-17	2.52485e-18
59652.124850	-1.1697144684e-14	1	1.7e-17	2.52485e-18
59652.124861	-1.2579055060e-14	1	1.7e-17	2.52485e-18
59652.124873	-1.4075282857e-14	1	1.7e-17	2.52485e-18
59652.124884	-1.5527694487e-14	1	1.7e-17	2.52485e-18
59652.124896	-1.4653887675e-14	1	1.7e-17	2.52485e-18
59652.124907	-1.3641742595e-14	1	1.7e-17	2.52485e-18
59652.124919	-1.3864351324e-14	1	1.7e-17	2.52485e-18
59652.124931	-1.5063135879e-14	1	1.7e-17	2.52485e-18
59652.124942	-1.3186798658e-14	1	1.7e-17	2.52485e-18
59652.124954	-1.4880445271e-14	1	1.7e-17	2.52485e-18
59652.124965	-1.6142007673e-14	1	1.7e-17	2.52485e-18
59652.124977	-1.5762671591e-14	1	1.7e-17	2.52485e-18
59652.124988	-1.6987960653e-14	1	1.7e-17	2.52485e-18
59652.125000	-1.5593948557e-14	1	1.7e-17	2.52485e-18
59652.125012	-1.4936254578e-14	1	1.7e-17	2.52485e-18
59652.125023	-1.3645944726e-14	1	1.7e-17	2.52485e-18
59652.125035	-1.4133191958e-14	1	1.7e-17	2.52485e-18
59652.125046	-1.3394944300e-14	1	1.7e-17	2.52485e-18
59652.125058	-1.3507641186e-14	1	1.7e-17	2.52485e-18
59652.125069	-1.4079896645e-14	1	1.7e-17	2.52485e-18
59652.125081	-1.3851522163e-14	1	1.7e-17	2.52485e-18
59652.125093	-1.3676606471e-14	1	1.7e-17	2.52485e-18
59652.125104	-1.4570969926e-14	1	1.7e-17	2.52485e-18
59652.125116	-1.4164165412e-14	1	1.7e-17	2.52485e-18
59652.125127	-1.6511126843e-14	1	1.7e-17	2.52485e-18
59652.125139	-1.4460544781e-14	1	1.7e-17	2.52485e-18
59652.125150	-1.4060778265e-14	1	1.7e-17	2.52485e-18
59652.125162	-1.5926755425e-14	1	1.7e-17	2.52485e-18
59652.125174	-1.6889261833e-14	1	1.7e-17	2.52485e-18
59652.125185	-1.5088156385e-14	1	1.7e-17	2.52485e-18
59652.125197	-1.3993132519e-14	1	1.7e-17	2.52485e-18
59652.125208	-1.4456877976e-14	1	1.7e-17	2.52485e-18
59652.125220	-1.5565081674e-14	1	1.7e-17	2.52485e-18
59652.125231	-1.4593682267e-14	1	1.7e-17	2.52485e-18
59652.125243	-1.4027391614e-14	1	1.7e-17	2.52485e-18
59652.125255	-1.4032976102e-14	1	1.7e-17	2.52485e-18
59652.125266	-1.5797969148e-14	1	1.7e-17	2.52485e-18
59652.125278	-1.2889955962e-14	1	1.7e-17	2.52485e-18
59652.125289	-1.4202353046e-14	1	1.7e-17	2.52485e-18
59652.125301	-1.2606782683e-14	1	1.7e-17	2.52485e-18
59652.125313	-1.6368035874e-14	1	1.7e-17	2.52485e-18
59652.125324	-1.5298119759e-14	1	1.7e-17	2.52485e-18
59652.125336	-1.2495699394e-14	1	1.7e-17	2.52485e-18
59652.125347	-1.3688467474e-14	1	1.7e-17	2.52485e-18
59652.125359	-1.4242366882e-14	1	1.7e-17	2.52485e-18
59652.125370	-1.4284504230e-14	1	1.7e-17	2.52485e-18
59652.125382	-1.3348412545e-14	1	1.7e-17	2.52485e-18
59652.125394	-1.4535652040e-14	1	1.7e-17	2.52485e-18
59652.125405	-1.5912580329e-14	1	1.7e-17	2.52485e-18
59652.125417	-1.5830913647e-14	1	1.7e-17	2.52485e-18
59652.125428	-1.3638637373e-14	1	1.7e-17	2.52485e-18
59652.125440	-1.5113635983e-14	1	1.7e-17	2.52485e-18
59652.125451	-1.3332257085e-14	1	1.7e-17	2.52485e-18
59652.125463	-1.7026706481e-14	1	1.7e-17	2.52485e-18
59652.125475	-1.5956644677e-14	1	1.7e-17	2.52485e-18
59652.125486	-1.6610394023e-14	1	1.7e-17	2.52485e-18
59652.125498	-1.5163419497e-14	1	1.7e-17	2.52485e-18
59652.125509	-1.5723786002e-14	1	1.7e-17	2.52485e-18
59652.125521	-1.2375606216e-14	1	1.7e-17	2.52485e-18
59652.125532	-1.2291071481e-14	1	1.7e-17	2.52485e-18
59652.125544	-1.2639115625e-14	1	1.7e-17	2.52485e-18
59652.125556	-1.2676396086e-14	1	1.7e-17	2.52485e-18
59652.125567	-1.5176005560e-14	1	1.7e-17	2.52485e-18
59652.125579	-1.6239817955e-14	1	1.7e-17	2.52485e-18
59652.125590	-1.3591904024e-14	1	1.7e-17	2.52485e-18
59652.125602	-1.0085137647e-14	1	1.7e-17	2.52485e-18
59652.125613	-1.3746526500e-14	1	1.7e-17	2.52485e-18
59652.125625	-1.7160497876e-14	1	1.7e-17	2.52485e-18
59652.125637	-1.5438223243e-14	1	1.7e-17	2.52485e-18
59652.125648	-1.4354853704e-14	1	1.7e-17	2.52485e-18
59652.125660	-1.6400548386e-14	1	1.7e-17	2.52485e-18
59652.125671	-1.5689858944e-14	1	1.7e-17	2.52485e-18
59652.125683	-1.5891225781e-14	1	1.7e-17	2.52485e-18
59652.125694	-1.5303472160e-14	1	1.7e-17	2.52485e-18
59652.125706	-1.3723766725e-14	1	1.7e-17	2.52485e-18
59652.125718	-1.4175733341e-14	1	1.7e-17	2.52485e-18
59652.125729	-1.6873235970e-14	1	1.7e-17	2.52485e-18
59652.125741	-1.5350166545e-14	1	1.7e-17	2.52485e-18
59652.125752	-1.4432369925e-14	1	1.7e-17	2.52485e-18
59652.125764	-1.3351267046e-14	1	1.7e-17	2.52485e-18
59652.125775	-1.4991757259e-14	1	1.7e-17	2.52485e-18
59652.125787	-1.4213210314e-14	1	1.7e-17	2.52485e-18
59652.125799	-1.5794305730e-14	1	1.7e-17	2.52485e-18
59652.125810	-1.4532023351e-14	1	1.7e-17	2.52485e-18
59652.125822	-1.6202824638e-14	1	1.7e-17	2.52485e-18
59652.125833	-1.5534663874e-14	1	1.7e-17	2.52485e-18
59652.125845	-1.5865805475e-14	1	1.7e-17	2.52485e-18
59652.125856	-1.4195449727e-14	1	1.7e-17	2.52485e-18
59652.125868	-1.2893053561e-14	1	1.7e-17	2.52485e-18
59652.125880	-1.4248864472e-14	1	1.7e-17	2.52485e-18
59652.125891	-1.4581623906e-14	1	1.7e-17	2.52485e-18
59652.125903	-1.5730721508e-14	1	1.7e-17	2.52485e-18
59652.125914	-1.2410936807e-14	1	1.7e-17	2.52485e-18
59652.125926	-1.5321525820e-14	1	1.7e-17	2.52485e-18
59652.125938	-1.4253417274e-14	1	1.7e-17	2.52485e-18
59652.125949	-1.6020594817e-14	1	1.7e-17	2.52485e-18
59652.125961	-1.6059928486e-14	1	1.7e-17	2.52485e-18
59652.125972	-1.5806931603e-14	1	1.7e-17	2.52485e-18
59652.125984	-1.4400304645e-14	1	1.7e-17	2.52485e-18
59652.125995	-1.5967016595e-14	1	1.7e-17	2.52485e-18
59652.126007	-1.4632850765e-14	1	1.7e-17	2.52485e-18
59652.126019	-1.6077672132e-14	1	1.7e-17	2.52485e-18
59652.126030	-1.5446189588e-14	1	1.7e-17	2.52485e-18
59652.126042	-1.6715372745e-14	1	1.7e-17	2.52485e-18
59652.126053	-1.6107602041e-14	1	1.7e-17	2.52485e-18
59652.126065	-1.5695675520e-14	1	1.7e-17	2.52485e-18
59652.126076	-1.4295292042e-14	1	1.7e-17	2.52485e-18
59652.126088	-1.2737637415e-14	1	1.7e-17	2.52485e-18
59652.126100	-1.2509275638e-14	1	1.7e-17	2.52485e-18
59652.126111	-1.5845942553e-14	1	1.7e-17	2.52485e-18
59652.126123	-1.5187858092e-14	1	1.7e-17	2.52485e-18
59652.126134	-1.5055469383e-14	1	1.7e-17	2.52485e-18
59652.126146	-1.4963451959e-14	1	1.7e-17	2.52485e-18
59652.126157	-1.6078198140e-14	1	1.7e-17	2.52485e-18
59652.126169	-1.4922781672e-14	1	1.7e-17	2.52485e-18
59652.126181	-1.2718320829e-14	1	1.7e-17	2.52485e-18
59652.126192	-1.4103991345e-14	1	1.7e-17	2.52485e-18
59652.126204	-1.4555282028e-14	1	1.7e-17	2.52485e-18
59652.126215	-1.3269585964e-14	1	1.7e-17	2.52485e-18
59652.126227	-1.3084753211e-14	1	1.7e-17	2.52485e-18
59652.126238	-1.6604910331e-14	1	1.7e-17	2.52485e-18
59652.126250	-1.4624430410e-14	1	1.7e-17	2.52485e-18
59652.126262	-1.4197624061e-14	1	1.7e-17	2.52485e-18
59652.126273	-1.2272092861e-14	1	1.7e-17	2.52485e-18
59652.126285	-1.2850791699e-14	1	1.7e-17	2.52485e-18
59652.126296	-1.5636681369e-14	1	1.7e-17	2.52485e-18
59652.126308	-1.4244353174e-14	1	1.7e-17	2.52485e-18
59652.126319	-1.4307375814e-14	1	1.7e-17	2.52485e-18
59652.126331	-1.5614523834e-14	1	1.7e-17	2.52485e-18
59652.126343	-1.8672854875e-14	1	1.7e-17	2.52485e-18
59652.126354	-1.5651833941e-14	1	1.7e-17	2.52485e-18
59652.126366	-1.4241025182e-14	1	1.7e-17	2.52485e-18
59652.126377	-1.3756554523e-14	1	1.7e-17	2.52485e-18
59652.126389	-1.1758950984e-14	1	1.7e-17	2.52485e-18
59652.126400	-1.3039799478e-14	1	1.7e-17	2.52485e-18
59652.126412	-1.4308581141e-14	1	1.7e-17	2.52485e-18
59652.126424	-1.4884967580e-14	1	1.7e-17	2.52485e-18
59652.126435	-1.4967827731e-14	1	1.7e-17	2.52485e-18
59652.126447	-1.4957852224e-14	1	1.7e-17	2.52485e-18
59652.126458	-1.5918098748e-14	1	1.7e-17	2.52485e-18
59652.126470	-1.4673707399e-14	1	1.7e-17	2.52485e-18
59652.126481	-1.4432395336e-14	1	1.7e-17	2.52485e-18
59652.126493	-1.2771729644e-14	1	1.7e-17	2.52485e-18
59652.126505	-1.4186666842e-14	1	1.7e-17	2.52485e-18
59652.126516	-1.3226359332e-14	1	1.7e-17	2.52485e-18
59652.126528	-1.4192276742e-14	1	1.7e-17	2.52485e-18
59652.126539	-1.5916966265e-14	1	1.7e-17	2.52485e-18
59652.126551	-1.5253526862e-14	1	1.7e-17	2.52485e-18
59652.126563	-1.5231290553e-14	1	1.7e-17	2.52485e-18
59652.126574	-1.6452796767e-14	1	1.7e-17	2.52485e-18
59652.126586	-1.4631218532e-14	1	1.7e-17	2.52485e-18
59652.126597	-1.3663156435e-14	1	1.7e-17	2.52485e-18
59652.126609	-1.0593190550e-14	1	1.7e-17	2.52485e-18
59652.126620	-1.6110137211e-14	1	1.7e-17	2.52485e-18
59652.126632	-1.3262597943e-14	1	1.7e-17	2.52485e-18
59652.126644	-1.4357908952e-14	1	1.7e-17	2.52485e-18
59652.126655	-1.2160049884e-14	1	1.7e-17	2.52485e-18
59652.126667	-1.5240568105e-14	1	1.7e-17	2.52485e-18
59652.126678	-1.5006074657e-14	1	1.7e-17	2.52485e-18
59652.126690	-1.3857375161e-14	1	1.7e-17	2.52485e-18
59652.126701	-1.1462221790e-14	1	1.7e-17	2.52485e-18
59652.126713	-1.5570797452e-14	1	1.7e-17	2.52485e-18
59652.126725	-1.4991114361e-14	1	1.7e-17	2.52485e-18
59652.126736	-1.4980026700e-14	1	1.7e-17	2.52485e-18
59652.126748	-1.2521647402e-14	1	1.7e-17	2.52485e-18
59652.126759	-1.6092605323e-14	1	1.7e-17	2.52485e-18
59652.126771	-1.7932400695e-14	1	1.7e-17	2.52485e-18
59652.126782	-1.7949638663e-14	1	1.7e-17	2.52485e-18
59652.126794	-1.7220844739e-14	1	1.7e-17	2.52485e-18
59652.126806	-1.4321508558e-14	1	1.7e-17	2.52485e-18
59652.126817	-1.4980685692e-14	1	1.7e-17	2.52485e-18
59652.126829	-1.5943261556e-14	1	1.7e-17	2.52485e-18
59652.126840	-1.5806716457e-14	1	1.7e-17	2.52485e-18
59652.126852	-1.5788817804e-14	1	1.7e-17	2.52485e-18
59652.126863	-1.4143697708e-14	1	1.7e-17	2.52485e-18
59652.126875	-1.4981430233e-14	1	1.7e-17	2.52485e-18
59652.126887	-1.4476049720e-14	1	1.7e-17	2.52485e-18
59652.126898	-1.2772481809e-14	1	1.7e-17	2.52485e-18
59652.126910	-1.4656482984e-14	1	1.7e-17	2.52485e-18
59652.126921	-1.5576283685e-14	1	1.7e-17	2.52485e-18
59652.126933	-1.7291051911e-14	1	1.7e-17	2.52485e-18
59652.126944	-1.6137663241e-14	1	1.7e-17	2.52485e-18
59652.126956	-1.7169030886e-14	1	1.7e-17	2.52485e-18
59652.127164	-1.3601530553e-14	1	1.7e-17	2.52485e-18
59652.127176	-1.3819389968e-14	1	1.7e-17	2.52485e-18
59652.127187	-1.5052571684e-14	1	1.7e-17	2.52485e-18
59652.127199	-1.3654404044e-14	1	1.7e-17	2.52485e-18
59652.127211	-1.1946636544e-14	1	1.7e-17	2.52485e-18
59652.127222	-1.4952292300e-14	1	1.7e-17	2.52485e-18
59652.127234	-1.7753718248e-14	1	1.7e-17	2.52485e-18
59652.127245	-1.4658745409e-14	1	1.7e-17	2.52485e-18
59652.127257	-1.4712799663e-14	1	1.7e-17	2.52485e-18
59652.127269	-1.3780401042e-14	1	1.7e-17	2.52485e-18
59652.127280	-1.2034107943e-14	1	1.7e-17	2.52485e-18
59652.127292	-1.5841030609e-14	1	1.7e-17	2.52485e-18
59652.127303	-1.5885568448e-14	1	1.7e-17	2.52485e-18
59652.127315	-1.5180894634e-14	1	1.7e-17	2.52485e-18
59652.127326	-1.4365677091e-14	1	1.7e-17	2.52485e-18
59652.127338	-1.4012898033e-14	1	1.7e-17	2.52485e-18
59652.127350	-1.4436428906e-14	1	1.7e-17	2.52485e-18
59652.127361	-1.3759071905e-14	1	1.7e-17	2.52485e-18
59652.127373	-1.3844773005e-14	1	1.7e-17	2.52485e-18
59652.127384	-1.2160563185e-14	1	1.7e-17	2.52485e-18
59652.127396	-1.1366147925e-14	1	1.7e-17	2.52485e-18
59652.127407	-1.2031826883e-14	1	1.7e-17	2.52485e-18
59652.127419	-1.5284485917e-14	1	1.7e-17	2.52485e-18
59652.127431	-1.4048304010e-14	1	1.7e-17	2.52485e-18
59652.127442	-1.3960847859e-14	1	1.7e-17	2.52485e-18
59652.127454	-1.5082574438e-14	1	1.7e-17	2.52485e-18
59652.127465	-1.7357610913e-14	1	1.7e-17	2.52485e-18
59652.127477	-1.6351369653e-14	1	1.7e-17	2.52485e-18
59652.127488	-1.5602274891e-14	1	1.7e-17	2.52485e-18
59652.127500	-1.3922640743e-14	1	1.7e-17	2.52485e-18
59652.127512	-1.3336339784e-14	1	1.7e-17	2.52485e-18
59652.127523	-1.4823633925e-14	1	1.7e-17	2.52485e-18
59652.127535	-1.4071363635e-14	1	1.7e-17	2.52485e-18
59652.127546	-1.4699191232e-14	1	1.7e-17	2.52485e-18
59652.127558	-1.3486911749e-14	1	1.7e-17	2.52485e-18
59652.127569	-1.2798065593e-14	1	1.7e-17	2.52485e-18
59652.127581	-1.2563186744e-14	1	1.7e-17	2.52485e-18
59652.127593	-1.3264002323e-14	1	1.7e-17	2.52485e-18
59652.127604	-1.2777162514e-14	1	1.7e-17	2.52485e-18
59652.127616	-1.4065256528e-14	1	1.7e-17	2.52485e-18
59652.127627	-1.4101518008e-14	1	1.7e-17	2.52485e-18
59652.127639	-1.6005411752e-14	1	1.7e-17	2.52485e-18
59652.127650	-1.5628699777e-14	1	1.7e-17	2.52485e-18
59652.127662	-1.5496291587e-14	1	1.7e-17	2.52485e-18
59652.127674	-1.5059633397e-14	1	1.7e-17	2.52485e-18
59652.127685	-1.3500602342e-14	1	1.7e-17	2.52485e-18
59652.127697	-1.3306237927e-14	1	1.7e-17	2.52485e-18
59652.127708	-1.3539951258e-14	1	1.7e-17	2.52485e-18
59652.127720	-1.3634491146e-14	1	1.7e-17	2.52485e-18
59652.127731	-1.4981800387e-14	1	1.7e-17	2.52485e-18
59652.127743	-1.3357493585e-14	1	1.7e-17	2.52485e-18
59652.127755	-1.6263143549e-14	1	1.7e-17	2.52485e-18
59652.127766	-1.4698779574e-14	1	1.7e-17	2.52485e-18
59652.127778	-1.5302442168e-14	1	1.7e-17	2.52485e-18
59652.127789	-1.3296631726e-14	1	1.7e-17	2.52485e-18
59652.127801	-1.6702759577e-14	1	1.7e-17	2.52485e-18
59652.127812	-1.5564224477e-14	1	1.7e-17	2.52485e-18
59652.127824	-1.4031842772e-14	1	1.7e-17	2.52485e-18
59652.127836	-1.5193637398e-14	1	1.7e-17	2.52485e-18
59652.127847	-1.5028960640e-14	1	1.7e-17	2.52485e-18
59652.127859	-1.4680451475e-14	1	1.7e-17	2.52485e-18
59652.127870	-1.4984453294e-14	1	1.7e-17	2.52485e-18
59652.127882	-1.6372509902e-14	1	1.7e-17	2.52485e-18
59652.127894	-1.4182588379e-14	1	1.7e-17	2.52485e-18
59652.127905	-1.4377633808e-14	1	1.7e-17	2.52485e-18
59652.127917	-1.5518791323e-14	1	1.7e-17	2.52485e-18
59652.127928	-1.5192745472e-14	1	1.7e-17	2.52485e-18
59652.127940	-1.1828174751e-14	1	1.7e-17	2.52485e-18
59652.127951	-1.3856430719e-14	1	1.7e-17	2.52485e-18
59652.127963	-1.2301737320e-14	1	1.7e-17	2.52485e-18
59652.127975	-1.5387660459e-14	1	1.7e-17	2.52485e-18
59652.127986	-1.4140204544e-14	1	1.7e-17	2.52485e-18
59652.127998	-1.6104880525e-14	1	1.7e-17	2.52485e-18
59652.128009	-1.4668219472e-14	1	1.7e-17	2.52485e-18
59652.128021	-1.7426855010e-14	1	1.7e-17	2.52485e-18
59652.128032	-1.7547568216e-14	1	1.7e-17	2.52485e-18
59652.128044	-1.4390524803e-14	1	1.7e-17	2.52485e-18
59652.128056	-1.4471152175e-14	1	1.7e-17	2.52485e-18
59652.128067	-1.4707889413e-14	1	1.7e-17	2.52485e-18
59652.128079	-1.8267065107e-14	1	1.7e-17	2.52485e-18
59652.128090	-1.5685116407e-14	1	1.7e-17	2.52485e-18
59652.128194	-1.3225192968e-14	1	1.7e-17	2.52485e-18
59652.128206	-1.3333140541e-14	1	1.7e-17	2.52485e-18
59652.128218	-1.2773786240e-14	1	1.7e-17	2.52485e-18
59652.128229	-1.3818647967e-14	1	1.7e-17	2.52485e-18
59652.128333	-1.4637834707e-14	1	1.7e-17	2.52485e-18
59652.128345	-1.3887724351e-14	1	1.7e-17	2.52485e-18
59652.128356	-1.4926220626e-14	1	1.7e-17	2.52485e-18
59652.128507	-1.6496773870e-14	1	1.7e-17	2.52485e-18
59652.128519	-1.2682447289e-14	1	1.7e-17	2.52485e-18
59652.128530	-1.6294426169e-14	1	1.7e-17	2.52485e-18
59652.128542	-1.5810709370e-14	1	1.7e-17	2.52485e-18
59652.128553	-1.1428363342e-14	1	1.7e-17	2.52485e-18
59652.128565	-1.3265103466e-14	1	1.7e-17	2.52485e-18
59652.128576	-1.3307305189e-14	1	1.7e-17	2.52485e-18
59652.128588	-1.0622375917e-14	1	1.7e-17	2.52485e-18
59652.128600	-1.0445073287e-14	1	1.7e-17	2.52485e-18
59652.128611	-1.1295492672e-14	1	1.7e-17	2.52485e-18
59652.128623	-1.4938651682e-14	1	1.7e-17	2.52485e-18
59652.128634	-1.3360603043e-14	1	1.7e-17	2.52485e-18
59652.128646	-1.5100884749e-14	1	1.7e-17	2.52485e-18
59652.128657	-1.1664336557e-14	1	1.7e-17	2.52485e-18
59652.128669	-1.6331915848e-14	1	1.7e-17	2.52485e-18
59652.128681	-1.8789758127e-14	1	1.7e-17	2.52485e-18
59652.128692	-1.5715356330e-14	1	1.7e-17	2.52485e-18
59652.128704	-1.7071189263e-14	1	1.7e-17	2.52485e-18
59652.128715	-1.6774608300e-14	1	1.7e-17	2.52485e-18
59652.128727	-1.6218467643e-14	1	1.7e-17	2.52485e-18
59652.128738	-1.5560184129e-14	1	1.7e-17	2.52485e-18
59652.128750	-1.4750054714e-14	1	1.7e-17	2.52485e-18
59652.128762	-1.5190495753e-14	1	1.7e-17	2.52485e-18
59652.128773	-1.4899782187e-14	1	1.7e-17	2.52485e-18
59652.128785	-1.3714646721e-14	1	1.7e-17	2.52485e-18
59652.128796	-1.4046972475e-14	1	1.7e-17	2.52485e-18
59652.128808	-1.2574729262e-14	1	1.7e-17	2.52485e-18
59652.128819	-1.3391893287e-14	1	1.7e-17	2.52485e-18
59652.128831	-1.4140135934e-14	1	1.7e-17	2.52485e-18
59652.128843	-1.5524605357e-14	1	1.7e-17	2.52485e-18
59652.128854	-1.5976582985e-14	1	1.7e-17	2.52485e-18
59652.128866	-1.5066024261e-14	1	1.7e-17	2.52485e-18
59652.128877	-1.5420798929e-14	1	1.7e-17	2.52485e-18
59652.128889	-1.5960424138e-14	1	1.7e-17	2.52485e-18
59652.128900	-1.7221350417e-14	1	1.7e-17	2.52485e-18
59652.128912	-1.5062414207e-14	1	1.7e-17	2.52485e-18
59652.128924	-1.1863069121e-14	1	1.7e-17	2.52485e-18
59652.128935	-1.1743777236e-14	1	1.7e-17	2.52485e-18
59652.128947	-1.1989340557e-14	1	1.7e-17	2.52485e-18
59652.128958	-1.1624827552e-14	1	1.7e-17	2.52485e-18
59652.128970	-1.6437005531e-14	1	1.7e-17	2.52485e-18
59652.128981	-1.2688445130e-14	1	1.7e-17	2.52485e-18
59652.128993	-1.6123597412e-14	1	1.7e-17	2.52485e-18
59652.129005	-1.4798604101e-14	1	1.7e-17	2.52485e-18
59652.129016	-1.6434099361e-14	1	1.7e-17	2.52485e-18
59652.129028	-1.6626800204e-14	1	1.7e-17	2.52485e-18
59652.129039	-1.4544193520e-14	1	1.7e-17	2.52485e-18
59652.129051	-1.5529225922e-14	1	1.7e-17	2.52485e-18
59652.129062	-1.3403173225e-14	1	1.7e-17	2.52485e-18
59652.129074	-1.3114734789e-14	1	1.7e-17	2.52485e-18
59652.129086	-1.3382096504e-14	1	1.7e-17	2.52485e-18
59652.129097	-1.3826579584e-14	1	1.7e-17	2.52485e-18
59652.129109	-1.1776543858e-14	1	1.7e-17	2.52485e-18
59652.129120	-1.3737909634e-14	1	1.7e-17	2.52485e-18
59652.129132	-1.3767120412e-14	1	1.7e-17	2.52485e-18
59652.129144	-1.7641208556e-14	1	1.7e-17	2.52485e-18
59652.129155	-1.4807360728e-14	1	1.7e-17	2.52485e-18
59652.129167	-1.5081519882e-14	1	1.7e-17	2.52485e-18
59652.129178	-1.2378774119e-14	1	1.7e-17	2.52485e-18
59652.129190	-1.5667287210e-14	1	1.7e-17	2.52485e-18
59652.129201	-1.6901565833e-14	1	1.7e-17	2.52485e-18
59652.129213	-1.8513779546e-14	1	1.7e-17	2.52485e-18
59652.129225	-1.7347440589e-14	1	1.7e-17	2.52485e-18
59652.129236	-2.1259053139e-14	1	1.7e-17	2.52485e-18
59652.129248	-1.6476627192e-14	1	1.7e-17	2.52485e-18
59652.129259	-1.2646555115e-14	1	1.7e-17	2.52485e-18
59652.129271	-1.1782906770e-14	1	1.7e-17	2.52485e-18
59652.129282	-1.3789065342e-14	1	1.7e-17	2.52485e-18
59652.129294	-1.3557985436e-14	1	1.7e-17	2.52485e-18
59652.129306	-1.4480339941e-14	1	1.7e-17	2.52485e-18
59652.129317	-1.2355043644e-14	1	1.7e-17	2.52485e-18
59652.129329	-1.4336393468e-14	1	1.7e-17	2.52485e-18
59652.129340	-1.5888388221e-14	1	1.7e-17	2.52485e-18
59652.129352	-1.5798290173e-14	1	1.7e-17	2.52485e-18
59652.129363	-1.2571886620e-14	1	1.7e-17	2.52485e-18
59652.129375	-1.4862970135e-14	1	1.7e-17	2.52485e-18
59652.129387	-1.6445652891e-14	1	1.7e-17	2.52485e-18
59652.129398	-1.3695050614e-14	1	1.7e-17	2.52485e-18
59652.129410	-1.6116995637e-14	1	1.7e-17	2.52485e-18
59652.129421	-1.1754043275e-14	1	1.7e-17	2.52485e-18
59652.129433	-1.3033701688e-14	1	1.7e-17	2.52485e-18
59652.129444	-1.1678782704e-14	1	1.7e-17	2.52485e-18
59652.129456	-1.3485617482e-14	1	1.7e-17	2.52485e-18
59652.129468	-1.3299812335e-14	1	1.7e-17	2.52485e-18
59652.129479	-9.3102304024e-15	1	1.7e-17	2.52485e-18
59652.129491	-1.1974505622e-14	1	1.7e-17	2.52485e-18
59652.129502	-1.3955500540e-14	1	1.7e-17	2.52485e-18
59652.129514	-1.5550860838e-14	1	1.7e-17	2.52485e-18
59652.129525	-1.5110867879e-14	1	1.7e-17	2.52485e-18
59652.129537	-1.2399177449e-14	1	1.7e-17	2.52485e-18
59652.129549	-1.4351949228e-14	1	1.7e-17	2.52485e-18
59652.129560	-1.5302073709e-14	1	1.7e-17	2.52485e-18
59652.129572	-1.3698498885e-14	1	1.7e-17	2.52485e-18
59652.129583	-1.5664231963e-14	1	1.7e-17	2.52485e-18
59652.129595	-1.4907378378e-14	1	1.7e-17	2.52485e-18
59652.129606	-1.6624518297e-14	1	1.7e-17	2.52485e-18
59652.129618	-1.3077871068e-14	1	1.7e-17	2.52485e-18
59652.129630	-1.5444018643e-14	1	1.7e-17	2.52485e-18
59652.129641	-1.6342657919e-14	1	1.7e-17	2.52485e-18
59652.129653	-1.7631316058e-14	1	1.7e-17	2.52485e-18
59652.129664	-1.3614906050e-14	1	1.7e-17	2.52485e-18
59652.129676	-1.3373698172e-14	1	1.7e-17	2.52485e-18
59652.129687	-1.1750916029e-14	1	1.7e-17	2.52485e-18
59652.129699	-1.4560474340e-14	1	1.7e-17	2.52485e-18
59652.129711	-1.7120168096e-14	1	1.7e-17	2.52485e-18
59652.129722	-1.8042016923e-14	1	1.7e-17	2.52485e-18
59652.129734	-1.5808409676e-14	1	1.7e-17	2.52485e-18
59652.129745	-1.3309333833e-14	1	1.7e-17	2.52485e-18
59652.129757	-1.3933831743e-14	1	1.7e-17	2.52485e-18
59652.129769	-1.3360131245e-14	1	1.7e-17	2.52485e-18
59652.129780	-1.4291648953e-14	1	1.7e-17	2.52485e-18
59652.129792	-1.2749153675e-14	1	1.7e-17	2.52485e-18
59652.129803	-1.4105636282e-14	1	1.7e-17	2.52485e-18
59652.129815	-1.3265844620e-14	1	1.7e-17	2.52485e-18
59652.129826	-1.2364584623e-14	1	1.7e-17	2.52485e-18
59652.129838	-1.5179575804e-14	1	1.7e-17	2.52485e-18
59652.129850	-1.2726371030e-14	1	1.7e-17	2.52485e-18
59652.129861	-1.5074696184e-14	1	1.7e-17	2.52485e-18
59652.129873	-1.3350507257e-14	1	1.7e-17	2.52485e-18
59652.129884	-1.6821529690e-14	1	1.7e-17	2.52485e-18
59652.129896	-1.4687458979e-14	1	1.7e-17	2.52485e-18
59652.129907	-1.5850917177e-14	1	1.7e-17	2.52485e-18
59652.129919	-1.5602142753e-14	1	1.7e-17	2.52485e-18
59652.129931	-1.4950350054e-14	1	1.7e-17	2.52485e-18
59652.129942	-1.4822241402e-14	1	1.7e-17	2.52485e-18
59652.129954	-1.5041898222e-14	1	1.7e-17	2.52485e-18
59652.129965	-1.4223592397e-14	1	1.7e-17	2.52485e-18
59652.129977	-1.2730692592e-14	1	1.7e-17	2.52485e-18
59652.129988	-1.4234994307e-14	1	1.7e-17	2.52485e-18
59652.130000	-1.3505691316e-14	1	1.7e-17	2.52485e-18
59652.130012	-1.4807360728e-14	1	1.7e-17	2.52485e-18
59652.130023	-1.5440085022e-14	1	1.7e-17	2.52485e-18
59652.130035	-1.3817789923e-14	1	1.7e-17	2.52485e-18
59652.130046	-1.4655221752e-14	1	1.7e-17	2.52485e-18
59652.130058	-1.5134936320e-14	1	1.7e-17	2.52485e-18
59652.130069	-1.3199325428e-14	1	1.7e-17	2.52485e-18
59652.130081	-1.0826899646e-14	1	1.7e-17	2.52485e-18
59652.130093	-1.1622530398e-14	1	1.7e-17	2.52485e-18
59652.130104	-1.3913542763e-14	1	1.7e-17	2.52485e-18
59652.130116	-1.4776599879e-14	1	1.7e-17	2.52485e-18
59652.130127	-1.5035547168e-14	1	1.7e-17	2.52485e-18
59652.130139	-1.4835004495e-14	1	1.7e-17	2.52485e-18
59652.130150	-1.6090395414e-14	1	1.7e-17	2.52485e-18
59652.130162	-1.5852944127e-14	1	1.7e-17	2.52485e-18
59652.130174	-1.5676471589e-14	1	1.7e-17	2.52485e-18
59652.130185	-1.4991166030e-14	1	1.7e-17	2.52485e-18
59652.130197	-1.5465546832e-14	1	1.7e-17	2.52485e-18
59652.130208	-1.3429718390e-14	1	1.7e-17	2.52485e-18
59652.130220	-1.4704104023e-14	1	1.7e-17	2.52485e-18
59652.130231	-1.6546594654e-14	1	1.7e-17	2.52485e-18
59652.130243	-1.3279231976e-14	1	1.7e-17	2.52485e-18
59652.130255	-1.4321417926e-14	1	1.7e-17	2.52485e-18
59652.130266	-1.3874423393e-14	1	1.7e-17	2.52485e-18
59652.130278	-1.4531660821e-14	1	1.7e-17	2.52485e-18
59652.130289	-1.3346461828e-14	1	1.7e-17	2.52485e-18
59652.130301	-1.5986528846e-14	1	1.7e-17	2.52485e-18
59652.130312	-1.3442876200e-14	1	1.7e-17	2.52485e-18
59652.130324	-1.4619057680e-14	1	1.7e-17	2.52485e-18
59652.130336	-1.7237438961e-14	1	1.7e-17	2.52485e-18
59652.130347	-1.8515814119e-14	1	1.7e-17	2.52485e-18
59652.130359	-1.4981084644e-14	1	1.7e-17	2.52485e-18
59652.130370	-1.4778523491e-14	1	1.7e-17	2.52485e-18
59652.130382	-1.5204782657e-14	1	1.7e-17	2.52485e-18
59652.130394	-1.4872140960e-14	1	1.7e-17	2.52485e-18
59652.130405	-1.4243677242e-14	1	1.7e-17	2.52485e-18
59652.130417	-1.4469778288e-14	1	1.7e-17	2.52485e-18
59652.130428	-1.2990792693e-14	1	1.7e-17	2.52485e-18
59652.130440	-1.4775952746e-14	1	1.7e-17	2.52485e-18
59652.130451	-1.3802528930e-14	1	1.7e-17	2.52485e-18
59652.130463	-1.4504892885e-14	1	1.7e-17	2.52485e-18
59652.130475	-1.3537369501e-14	1	1.7e-17	2.52485e-18
59652.130486	-1.6000945347e-14	1	1.7e-17	2.52485e-18
59652.130498	-1.2137358718e-14	1	1.7e-17	2.52485e-18
59652.130509	-1.3496957560e-14	1	1.7e-17	2.52485e-18
59652.130521	-1.5453382592e-14	1	1.7e-17	2.52485e-18
59652.130532	-1.5405360059e-14	1	1.7e-17	2.52485e-18
59652.130544	-1.4885145457e-14	1	1.7e-17	2.52485e-18
59652.130556	-1.5133674241e-14	1	1.7e-17	2.52485e-18
59652.130567	-1.4378690906e-14	1	1.7e-17	2.52485e-18
59652.130579	-1.4699612208e-14	1	1.7e-17	2.52485e-18
59652.130590	-1.5314785132e-14	1	1.7e-17	2.52485e-18
59652.130602	-1.4988001515e-14	1	1.7e-17	2.52485e-18
59652.130613	-1.7333505203e-14	1	1.7e-17	2.52485e-18
59652.130625	-1.7325021321e-14	1	1.7e-17	2.52485e-18
59652.130637	-1.5861119689e-14	1	1.7e-17	2.52485e-18
59652.130648	-1.3531640171e-14	1	1.7e-17	2.52485e-18
59652.130660	-1.2669937460e-14	1	1.7e-17	2.52485e-18
59652.130671	-1.4554844959e-14	1	1.7e-17	2.52485e-18
59652.130683	-1.3043705147e-14	1	1.7e-17	2.52485e-18
59652.130694	-1.2721991022e-14	1	1.7e-17	2.52485e-18
59652.130706	-1.4515427434e-14	1	1.7e-17	2.52485e-18
59652.130718	-1.5339543058e-14	1	1.7e-17	2.52485e-18
59652.130729	-1.3224244291e-14	1	1.7e-17	2.52485e-18
59652.130741	-1.4878144730e-14	1	1.7e-17	2.52485e-18
59652.130752	-1.3446373599e-14	1	1.7e-17	2.52485e-18
59652.130764	-1.4260146951e-14	1	1.7e-17	2.52485e-18
59652.130775	-1.4053702998e-14	1	1.7e-17	2.52485e-18
59652.130787	-1.5038456727e-14	1	1.7e-17	2.52485e-18
59652.130799	-1.4795507349e-14	1	1.7e-17	2.52485e-18
59652.130810	-1.4405684152e-14	1	1.7e-17	2.52485e-18
59652.130822	-1.5644790862e-14	1	1.7e-17	2.52485e-18
59652.130833	-1.3782878613e-14	1	1.7e-17	2.52485e-18
59652.130845	-1.2288068749e-14	1	1.7e-17	2.52485e-18
59652.130856	-1.5518573636e-14	1	1.7e-17	2.52485e-18
59652.130868	-1.6298391131e-14	1	1.7e-17	2.52485e-18
59652.130880	-1.6156460596e-14	1	1.7e-17	2.52485e-18
59652.130891	-1.5055417714e-14	1	1.7e-17	2.52485e-18
59652.130903	-1.4427181001e-14	1	1.7e-17	2.52485e-18
59652.130914	-1.4183207560e-14	1	1.7e-17	2.52485e-18
59652.130926	-1.4729318500e-14	1	1.7e-17	2.52485e-18
59652.130937	-1.1292983760e-14	1	1.7e-17	2.52485e-18
59652.130949	-1.4576277434e-14	1	1.7e-17	2.52485e-18
59652.130961	-1.5493205846e-14	1	1.7e-17	2.52485e-18
59652.130972	-1.3448058348e-14	1	1.7e-17	2.52485e-18
59652.130984	-1.5699920002e-14	1	1.7e-17	2.52485e-18
59652.130995	-1.3278986336e-14	1	1.7e-17	2.52485e-18
59652.131007	-1.3782041745e-14	1	1.7e-17	2.52485e-18
59652.131019	-1.0877908817e-14	1	1.7e-17	2.52485e-18
59652.131030	-1.3378544895e-14	1	1.7e-17	2.52485e-18
59652.131042	-1.2508331197e-14	1	1.7e-17	2.52485e-18
59652.131053	-1.1986552125e-14	1	1.7e-17	2.52485e-18
59652.131065	-1.2552745369e-14	1	1.7e-17	2.52485e-18
59652.131076	-1.4971405599e-14	1	1.7e-17	2.52485e-18
59652.131088	-1.4570132210e-14	1	1.7e-17	2.52485e-18
59652.131100	-1.4557588499e-14	1	1.7e-17	2.52485e-18
59652.131111	-1.3089955687e-14	1	1.7e-17	2.52485e-18
59652.131123	-1.4428013634e-14	1	1.7e-17	2.52485e-18
59652.131134	-1.3610591265e-14	1	1.7e-17	2.52485e-18
59652.131146	-1.5364700784e-14	1	1.7e-17	2.52485e-18
59652.131157	-1.5515901247e-14	1	1.7e-17	2.52485e-18
59652.131169	-1.6255715917e-14	1	1.7e-17	2.52485e-18
59652.131181	-1.7514811758e-14	1	1.7e-17	2.52485e-18
59652.131192	-1.4955771064e-14	1	1.7e-17	2.52485e-18
59652.131204	-1.7384405107e-14	1	1.7e-17	2.52485e-18
59652.131215	-1.9251363978e-14	1	1.7e-17	2.52485e-18
59652.131227	-1.8366302640e-14	1	1.7e-17	2.52485e-18
59652.131238	-1.6321422804e-14	1	1.7e-17	2.52485e-18
59652.131250	-1.5806542815e-14	1	1.7e-17	2.52485e-18
59652.131262	-1.7406143360e-14	1	1.7e-17	2.52485e-18
59652.131273	-1.3527267787e-14	1	1.7e-17	2.52485e-18
59652.131285	-1.3131389151e-14	1	1.7e-17	2.52485e-18
59652.131296	-1.3483222073e-14	1	1.7e-17	2.52485e-18
59652.131308	-1.4411195795e-14	1	1.7e-17	2.52485e-18
59652.131319	-1.5513492285e-14	1	1.7e-17	2.52485e-18
59652.131331	-1.3851078318e-14	1	1.7e-17	2.52485e-18
59652.131343	-1.3694849867e-14	1	1.7e-17	2.52485e-18
59652.131354	-1.2510010863e-14	1	1.7e-17	2.52485e-18
59652.131366	-1.5094054275e-14	1	1.7e-17	2.52485e-18
59652.131377	-1.5553335868e-14	1	1.7e-17	2.52485e-18
59652.131389	-1.7336513017e-14	1	1.7e-17	2.52485e-18
59652.131400	-1.5092967532e-14	1	1.7e-17	2.52485e-18
59652.131412	-1.4670308256e-14	1	1.7e-17	2.52485e-18
59652.131424	-1.1448205936e-14	1	1.7e-17	2.52485e-18
59652.131435	-1.1554638167e-14	1	1.7e-17	2.52485e-18
59652.131447	-1.2926939114e-14	1	1.7e-17	2.52485e-18
59652.131458	-1.3811630299e-14	1	1.7e-17	2.52485e-18
59652.131470	-1.4592649734e-14	1	1.7e-17	2.52485e-18
59652.131481	-1.3696591367e-14	1	1.7e-17	2.52485e-18
59652.131493	-1.6551800519e-14	1	1.7e-17	2.52485e-18
59652.131505	-1.5054890013e-14	1	1.7e-17	2.52485e-18
59652.131516	-1.4980460381e-14	1	1.7e-17	2.52485e-18
59652.131528	-1.6113606658e-14	1	1.7e-17	2.52485e-18
59652.131539	-1.6282343244e-14	1	1.7e-17	2.52485e-18
59652.131551	-1.4465020504e-14	1	1.7e-17	2.52485e-18
59652.131562	-1.1995153745e-14	1	1.7e-17	2.52485e-18
59652.131574	-1.4042927045e-14	1	1.7e-17	2.52485e-18
59652.131586	-1.5222609313e-14	1	1.7e-17	2.52485e-18
59652.131597	-1.5627319961e-14	1	1.7e-17	2.52485e-18
59652.131609	-1.2623782634e-14	1	1.7e-17	2.52485e-18
59652.131620	-1.3012178581e-14	1	1.7e-17	2.52485e-18
59652.131632	-1.3582922933e-14	1	1.7e-17	2.52485e-18
59652.131644	-1.3301342924e-14	1	1.7e-17	2.52485e-18
59652.131655	-1.5423129116e-14	1	1.7e-17	2.52485e-18
59652.131667	-1.5076260654e-14	1	1.7e-17	2.52485e-18
59652.131678	-1.3173149569e-14	1	1.7e-17	2.52485e-18
59652.131690	-1.4432920496e-14	1	1.7e-17	2.52485e-18
59652.131701	-1.4209366478e-14	1	1.7e-17	2.52485e-18
59652.131713	-1.3171898502e-14	1	1.7e-17	2.52485e-18
59652.131725	-1.3960890210e-14	1	1.7e-17	2.52485e-18
59652.131736	-1.5419198036e-14	1	1.7e-17	2.52485e-18
59652.131748	-1.4219791760e-14	1	1.7e-17	2.52485e-18
59652.131759	-1.2898366152e-14	1	1.7e-17	2.52485e-18
59652.131771	-1.4315947787e-14	1	1.7e-17	2.52485e-18
59652.131782	-1.5133363380e-14	1	1.7e-17	2.52485e-18
59652.131794	-1.5234184018e-14	1	1.7e-17	2.52485e-18
59652.131806	-1.5365666401e-14	1	1.7e-17	2.52485e-18
59652.131817	-1.7954566700e-14	1	1.7e-17	2.52485e-18
59652.131829	-1.5306503691e-14	1	1.7e-17	2.52485e-18
59652.131840	-1.2177791836e-14	1	1.7e-17	2.52485e-18
59652.131852	-1.1655640069e-14	1	1.7e-17	2.52485e-18
59652.131863	-1.6294041616e-14	1	1.7e-17	2.52485e-18
59652.132060	-1.8246950615e-14	1	1.7e-17	2.52485e-18
59652.132072	-1.6107022671e-14	1	1.7e-17	2.52485e-18
59652.132083	-1.0794522658e-14	1	1.7e-17	2.52485e-18
59652.132095	-1.4578444144e-14	1	1.7e-17	2.52485e-18
59652.132106	-1.4535621547e-14	1	1.7e-17	2.52485e-18
59652.132118	-1.3064000057e-14	1	1.7e-17	2.52485e-18
59652.132130	-1.2951367545e-14	1	1.7e-17	2.52485e-18
59652.132141	-1.4956707883e-14	1	1.7e-17	2.52485e-18
59652.132153	-1.6444317120e-14	1	1.7e-17	2.52485e-18
59652.132164	-1.5163241620e-14	1	1.7e-17	2.52485e-18
59652.132176	-1.7051955686e-14	1	1.7e-17	2.52485e-18
59652.132187	-1.3172485495e-14	1	1.7e-17	2.52485e-18
59652.132199	-1.5141787123e-14	1	1.7e-17	2.52485e-18
59652.132211	-1.4532739941e-14	1	1.7e-17	2.52485e-18
59652.132222	-1.6429480491e-14	1	1.7e-17	2.52485e-18
59652.132234	-1.4242234745e-14	1	1.7e-17	2.52485e-18
59652.132245	-1.3826025624e-14	1	1.7e-17	2.52485e-18
59652.132257	-1.6445104013e-14	1	1.7e-17	2.52485e-18
59652.132269	-1.4171731957e-14	1	1.7e-17	2.52485e-18
59652.132280	-1.7436754284e-14	1	1.7e-17	2.52485e-18
59652.132292	-1.6540302046e-14	1	1.7e-17	2.52485e-18
59652.132303	-1.6800216647e-14	1	1.7e-17	2.52485e-18
59652.132315	-1.4332436130e-14	1	1.7e-17	2.52485e-18
59652.132326	-1.3869372535e-14	1	1.7e-17	2.52485e-18
59652.132338	-1.3888749261e-14	1	1.7e-17	2.52485e-18
59652.132350	-1.3700942575e-14	1	1.7e-17	2.52485e-18
59652.132361	-1.5171992318e-14	1	1.7e-17	2.52485e-18
59652.132373	-1.2755835918e-14	1	1.7e-17	2.52485e-18
59652.132384	-1.1034048329e-14	1	1.7e-17	2.52485e-18
59652.132396	-1.5103646923e-14	1	1.7e-17	2.52485e-18
59652.132407	-1.4394550750e-14	1	1.7e-17	2.52485e-18
59652.132419	-1.4533560716e-14	1	1.7e-17	2.52485e-18
59652.132431	-1.3167734488e-14	1	1.7e-17	2.52485e-18
59652.132442	-1.5053894749e-14	1	1.7e-17	2.52485e-18
59652.132454	-1.7737114708e-14	1	1.7e-17	2.52485e-18
59652.132465	-1.6377463350e-14	1	1.7e-17	2.52485e-18
59652.132477	-1.5177943571e-14	1	1.7e-17	2.52485e-18
59652.132488	-1.4779919401e-14	1	1.7e-17	2.52485e-18
59652.132500	-1.5498957200e-14	1	1.7e-17	2.52485e-18
59652.132512	-1.3620553219e-14	1	1.7e-17	2.52485e-18
59652.132523	-1.4743152242e-14	1	1.7e-17	2.52485e-18
59652.132535	-1.3414193123e-14	1	1.7e-17	2.52485e-18
59652.132546	-1.4180484349e-14	1	1.7e-17	2.52485e-18
59652.132558	-1.5705350330e-14	1	1.7e-17	2.52485e-18
59652.132569	-1.6409946217e-14	1	1.7e-17	2.52485e-18
59652.132581	-1.5516022373e-14	1	1.7e-17	2.52485e-18
59652.132593	-1.5554967253e-14	1	1.7e-17	2.52485e-18
59652.132604	-1.3816255099e-14	1	1.7e-17	2.52485e-18
59652.132616	-1.4487094182e-14	1	1.7e-17	2.52485e-18
59652.132627	-1.4061609204e-14	1	1.7e-17	2.52485e-18
59652.132639	-1.4088970062e-14	1	1.7e-17	2.52485e-18
59652.132650	-1.4142071405e-14	1	1.7e-17	2.52485e-18
59652.132662	-1.5069901978e-14	1	1.7e-17	2.52485e-18
59652.132674	-1.3915125020e-14	1	1.7e-17	2.52485e-18
59652.132685	-1.1954740956e-14	1	1.7e-17	2.52485e-18
59652.132697	-1.1503993220e-14	1	1.7e-17	2.52485e-18
59652.132708	-1.4054355214e-14	1	1.7e-17	2.52485e-18
59652.132720	-1.6193774091e-14	1	1.7e-17	2.52485e-18
59652.132731	-1.5714154390e-14	1	1.7e-17	2.52485e-18
59652.132743	-1.2825285843e-14	1	1.7e-17	2.52485e-18
59652.132755	-1.5129042665e-14	1	1.7e-17	2.52485e-18
59652.132766	-1.6202927129e-14	1	1.7e-17	2.52485e-18
59652.132778	-1.6950465046e-14	1	1.7e-17	2.52485e-18
59652.132789	-1.7208408601e-14	1	1.7e-17	2.52485e-18
59652.132801	-1.5325349327e-14	1	1.7e-17	2.52485e-18
59652.132812	-1.9240797242e-14	1	1.7e-17	2.52485e-18
59652.132824	-1.6300382505e-14	1	1.7e-17	2.52485e-18
59652.132836	-1.5694933519e-14	1	1.7e-17	2.52485e-18
59652.132847	-1.4026198992e-14	1	1.7e-17	2.52485e-18
59652.132859	-1.4632689828e-14	1	1.7e-17	2.52485e-18
59652.132870	-1.3424298226e-14	1	1.7e-17	2.52485e-18
59652.132882	-1.5716793745e-14	1	1.7e-17	2.52485e-18
59652.132894	-1.5040125382e-14	1	1.7e-17	2.52485e-18
59652.132905	-1.4067091201e-14	1	1.7e-17	2.52485e-18
59652.132917	-1.3709927901e-14	1	1.7e-17	2.52485e-18
59652.132928	-1.4056382164e-14	1	1.7e-17	2.52485e-18
59652.132940	-1.5039733205e-14	1	1.7e-17	2.52485e-18
59652.132951	-1.5777504832e-14	1	1.7e-17	2.52485e-18
59652.132963	-1.5228192107e-14	1	1.7e-17	2.52485e-18
59652.132975	-1.5657200742e-14	1	1.7e-17	2.52485e-18
59652.132986	-1.2994800006e-14	1	1.7e-17	2.52485e-18
59652.132998	-1.6981780701e-14	1	1.7e-17	2.52485e-18
59652.133009	-1.4358033466e-14	1	1.7e-17	2.52485e-18
59652.133021	-1.3386186826e-14	1	1.7e-17	2.52485e-18
59652.133032	-1.2865362360e-14	1	1.7e-17	2.52485e-18
59652.133044	-1.3346048476e-14	1	1.7e-17	2.52485e-18
59652.133056	-1.6579861873e-14	1	1.7e-17	2.52485e-18
59652.133067	-1.5876832150e-14	1	1.7e-17	2.52485e-18
59652.133079	-1.2199775729e-14	1	1.7e-17	2.52485e-18
59652.133090	-1.9388831496e-14	1	1.7e-17	2.52485e-18
59652.133102	-1.4875107270e-14	1	1.7e-17	2.52485e-18
59652.133113	-1.5659058285e-14	1	1.7e-17	2.52485e-18
59652.133125	-1.4909003834e-14	1	1.7e-17	2.52485e-18
59652.133137	-2.0936177732e-14	1	1.7e-17	2.52485e-18
59652.133148	-1.7706264074e-14	1	1.7e-17	2.52485e-18
59652.133160	-2.1975742115e-14	1	1.7e-17	2.52485e-18
59652.133171	-1.5306078480e-14	1	1.7e-17	2.52485e-18
59652.133183	-1.5261174723e-14	1	1.7e-17	2.52485e-18
59652.133194	-1.4703867701e-14	1	1.7e-17	2.52485e-18
59652.133206	-1.5957113086e-14	1	1.7e-17	2.52485e-18
59652.133218	-1.2703047131e-14	1	1.7e-17	2.52485e-18
59652.133229	-1.6069466924e-14	1	1.7e-17	2.52485e-18
59652.133241	-1.3887012844e-14	1	1.7e-17	2.52485e-18
59652.133252	-1.5666984820e-14	1	1.7e-17	2.52485e-18
59652.133264	-1.4650624057e-14	1	1.7e-17	2.52485e-18
59652.133275	-1.4529888828e-14	1	1.7e-17	2.52485e-18
59652.133287	-1.2778289914e-14	1	1.7e-17	2.52485e-18
59652.133299	-1.5790436484e-14	1	1.7e-17	2.52485e-18
59652.133310	-1.4544353609e-14	1	1.7e-17	2.52485e-18
59652.133322	-1.5221887641e-14	1	1.7e-17	2.52485e-18
59652.133333	-1.3607571592e-14	1	1.7e-17	2.52485e-18
59652.133345	-1.6629254905e-14	1	1.7e-17	2.52485e-18
59652.133356	-1.1360167872e-14	1	1.7e-17	2.52485e-18
59652.133368	-1.4531959823e-14	1	1.7e-17	2.52485e-18
59652.133380	-1.4388616438e-14	1	1.7e-17	2.52485e-18
59652.133391	-1.5672788689e-14	1	1.7e-17	2.52485e-18
59652.133403	-1.3953324512e-14	1	1.7e-17	2.52485e-18
59652.133414	-1.3326429498e-14	1	1.7e-17	2.52485e-18
59652.133426	-1.4204191107e-14	1	1.7e-17	2.52485e-18
59652.133438	-1.8075688177e-14	1	1.7e-17	2.52485e-18
59652.133449	-1.3980632007e-14	1	1.7e-17	2.52485e-18
59652.133461	-1.2231743599e-14	1	1.7e-17	2.52485e-18
59652.133472	-1.6631516483e-14	1	1.7e-17	2.52485e-18
59652.133484	-1.6473638012e-14	1	1.7e-17	2.52485e-18
59652.133495	-1.5442918347e-14	1	1.7e-17	2.52485e-18
59652.133507	-1.5780000191e-14	1	1.7e-17	2.52485e-18
59652.133519	-1.5008250685e-14	1	1.7e-17	2.52485e-18
59652.133530	-1.3762508318e-14	1	1.7e-17	2.52485e-18
59652.133542	-1.4290224243e-14	1	1.7e-17	2.52485e-18
59652.133553	-1.1933751479e-14	1	1.7e-17	2.52485e-18
59652.133565	-1.2206423243e-14	1	1.7e-17	2.52485e-18
59652.133576	-1.4587900420e-14	1	1.7e-17	2.52485e-18
59652.133588	-1.6381014959e-14	1	1.7e-17	2.52485e-18
59652.133600	-1.5861500854e-14	1	1.7e-17	2.52485e-18
59652.133611	-1.4419588197e-14	1	1.7e-17	2.52485e-18
59652.133623	-1.7961048196e-14	1	1.7e-17	2.52485e-18
59652.133634	-1.5689234681e-14	1	1.7e-17	2.52485e-18
59652.133646	-1.7304733188e-14	1	1.7e-17	2.52485e-18
59652.133657	-1.4864128876e-14	1	1.7e-17	2.52485e-18
59652.133669	-1.4574455466e-14	1	1.7e-17	2.52485e-18
59652.133681	-1.6215141344e-14	1	1.7e-17	2.52485e-18
59652.133692	-1.6124169159e-14	1	1.7e-17	2.52485e-18
59652.133704	-1.4164479661e-14	1	1.7e-17	2.52485e-18
59652.133715	-1.3086657341e-14	1	1.7e-17	2.52485e-18
59652.133727	-1.2542799508e-14	1	1.7e-17	2.52485e-18
59652.133738	-1.3969748481e-14	1	1.7e-17	2.52485e-18
59652.133750	-1.3299481145e-14	1	1.7e-17	2.52485e-18
59652.133762	-1.3544825085e-14	1	1.7e-17	2.52485e-18
59652.133773	-1.2423885400e-14	1	1.7e-17	2.52485e-18
59652.133785	-1.3972145584e-14	1	1.7e-17	2.52485e-18
59652.133796	-1.3187784605e-14	1	1.7e-17	2.52485e-18
59652.133808	-1.2623286273e-14	1	1.7e-17	2.52485e-18
59652.133819	-1.3365136363e-14	1	1.7e-17	2.52485e-18
59652.133831	-1.3477878142e-14	1	1.7e-17	2.52485e-18
59652.133843	-1.6153335891e-14	1	1.7e-17	2.52485e-18
59652.133854	-1.4656790457e-14	1	1.7e-17	2.52485e-18
59652.133866	-1.5460168173e-14	1	1.7e-17	2.52485e-18
59652.133877	-1.4318500744e-14	1	1.7e-17	2.52485e-18
59652.133889	-1.4397592446e-14	1	1.7e-17	2.52485e-18
59652.133900	-1.4843376569e-14	1	1.7e-17	2.52485e-18
59652.133912	-1.5565973600e-14	1	1.7e-17	2.52485e-18
59652.133924	-1.5520564163e-14	1	1.7e-17	2.52485e-18
59652.133935	-1.4050352136e-14	1	1.7e-17	2.52485e-18
59652.134144	-1.3685700217e-14	1	1.7e-17	2.52485e-18
59652.134155	-1.5052762266e-14	1	1.7e-17	2.52485e-18
59652.134167	-1.5433724651e-14	1	1.7e-17	2.52485e-18
59652.134178	-1.4761120352e-14	1	1.7e-17	2.52485e-18
59652.134190	-1.5107545816e-14	1	1.7e-17	2.52485e-18
59652.134201	-1.6626779875e-14	1	1.7e-17	2.52485e-18
59652.134213	-1.2467676156e-14	1	1.7e-17	2.52485e-18
59652.134225	-1.5491280540e-14	1	1.7e-17	2.52485e-18
59652.134236	-1.5364592363e-14	1	1.7e-17	2.52485e-18
59652.134248	-1.2202067800e-14	1	1.7e-17	2.52485e-18
59652.134259	-1.9206811739e-14	1	1.7e-17	2.52485e-18
59652.134271	-1.5440426376e-14	1	1.7e-17	2.52485e-18
59652.134282	-1.3943938540e-14	1	1.7e-17	2.52485e-18
59652.134294	-1.4605221397e-14	1	1.7e-17	2.52485e-18
59652.134306	-1.4717781911e-14	1	1.7e-17	2.52485e-18
59652.134317	-1.5159387621e-14	1	1.7e-17	2.52485e-18
59652.134329	-1.5713730874e-14	1	1.7e-17	2.52485e-18
59652.134340	-1.5834558430e-14	1	1.7e-17	2.52485e-18
59652.134352	-1.2938091150e-14	1	1.7e-17	2.52485e-18
59652.134363	-1.4694687558e-14	1	1.7e-17	2.52485e-18
59652.134375	-1.4363302011e-14	1	1.7e-17	2.52485e-18
59652.134387	-1.2744108747e-14	1	1.7e-17	2.52485e-18
59652.134398	-1.4774794005e-14	1	1.7e-17	2.52485e-18
59652.134410	-1.4783783566e-14	1	1.7e-17	2.52485e-18
59652.134421	-1.4607382178e-14	1	1.7e-17	2.52485e-18
59652.134433	-1.4227802997e-14	1	1.7e-17	2.52485e-18
59652.134444	-1.4320295607e-14	1	1.7e-17	2.52485e-18
59652.134456	-1.1395533192e-14	1	1.7e-17	2.52485e-18
59652.134468	-1.4327568232e-14	1	1.7e-17	2.52485e-18
59652.134479	-1.4043367502e-14	1	1.7e-17	2.52485e-18
59652.134491	-1.4567564853e-14	1	1.7e-17	2.52485e-18
59652.134502	-1.4866674210e-14	1	1.7e-17	2.52485e-18
59652.134514	-1.3579949001e-14	1	1.7e-17	2.52485e-18
59652.134525	-1.2335743152e-14	1	1.7e-17	2.52485e-18
59652.134537	-1.5607624751e-14	1	1.7e-17	2.52485e-18
59652.134549	-1.6889637068e-14	1	1.7e-17	2.52485e-18
59652.134560	-1.4604531912e-14	1	1.7e-17	2.52485e-18
59652.134572	-1.4356481702e-14	1	1.7e-17	2.52485e-18
59652.134583	-1.5058937136e-14	1	1.7e-17	2.52485e-18
59652.134595	-1.5201556309e-14	1	1.7e-17	2.52485e-18
59652.134919	-1.5448428296e-14	1	1.7e-17	2.52485e-18
59652.134931	-1.2727273967e-14	1	1.7e-17	2.52485e-18
59652.134942	-1.4949047317e-14	1	1.7e-17	2.52485e-18
59652.134954	-1.5270923225e-14	1	1.7e-17	2.52485e-18
59652.134965	-1.3644232025e-14	1	1.7e-17	2.52485e-18
59652.134977	-1.8921278627e-14	1	1.7e-17	2.52485e-18
59652.134988	-1.4021197262e-14	1	1.7e-17	2.52485e-18
59652.135000	-1.5538813488e-14	1	1.7e-17	2.52485e-18
59652.135012	-1.3720676749e-14	1	1.7e-17	2.52485e-18
59652.135023	-1.6070334286e-14	1	1.7e-17	2.52485e-18
59652.135035	-1.5171792418e-14	1	1.7e-17	2.52485e-18
59652.135046	-1.6776642026e-14	1	1.7e-17	2.52485e-18
59652.135058	-1.5969863473e-14	1	1.7e-17	2.52485e-18
59652.135069	-1.2799757964e-14	1	1.7e-17	2.52485e-18
59652.135081	-1.3162461708e-14	1	1.7e-17	2.52485e-18
59652.135093	-1.6268948265e-14	1	1.7e-17	2.52485e-18
59652.135104	-1.5883147628e-14	1	1.7e-17	2.52485e-18
59652.135116	-1.5401000381e-14	1	1.7e-17	2.52485e-18
59652.135127	-1.4939017600e-14	1	1.7e-17	2.52485e-18
59652.135139	-1.2171654235e-14	1	1.7e-17	2.52485e-18
59652.135150	-1.2075102643e-14	1	1.7e-17	2.52485e-18
59652.135162	-1.4903043263e-14	1	1.7e-17	2.52485e-18
59652.135174	-1.4083804855e-14	1	1.7e-17	2.52485e-18
59652.135185	-1.2761005360e-14	1	1.7e-17	2.52485e-18
59652.135197	-7.7853322340e-15	1	1.7e-17	2.52485e-18
59652.135220	-1.4251398794e-14	1	1.7e-17	2.52485e-18
59652.135231	-1.2231500501e-14	1	1.7e-17	2.52485e-18
59652.135243	-1.2681282619e-14	1	1.7e-17	2.52485e-18
59652.135255	-1.6396158215e-14	1	1.7e-17	2.52485e-18
59652.135266	-1.4607337285e-14	1	1.7e-17	2.52485e-18
59652.135278	-1.6189593137e-14	1	1.7e-17	2.52485e-18
59652.135289	-1.6538265779e-14	1	1.7e-17	2.52485e-18
59652.135301	-1.6065557867e-14	1	1.7e-17	2.52485e-18
59652.135313	-1.5359802392e-14	1	1.7e-17	2.52485e-18
59652.135324	-1.5693261476e-14	1	1.7e-17	2.52485e-18
59652.135336	-1.3187456803e-14	1	1.7e-17	2.52485e-18
59652.135347	-1.3805458817e-14	1	1.7e-17	2.52485e-18
59652.135359	-1.3987415894e-14	1	1.7e-17	2.52485e-18
59652.135370	-1.3617025327e-14	1	1.7e-17	2.52485e-18
59652.135382	-1.5843822429e-14	1	1.7e-17	2.52485e-18
59652.135394	-1.7918177318e-14	1	1.7e-17	2.52485e-18
59652.135405	-1.3895783023e-14	1	1.7e-17	2.52485e-18
59652.135417	-1.2610989896e-14	1	1.7e-17	2.52485e-18
59652.135428	-1.5007861897e-14	1	1.7e-17	2.52485e-18
59652.135440	-1.6277743008e-14	1	1.7e-17	2.52485e-18
59652.135451	-1.4203077259e-14	1	1.7e-17	2.52485e-18
59652.135463	-1.6480499826e-14	1	1.7e-17	2.52485e-18
59652.135556	-1.6611637467e-14	1	1.7e-17	2.52485e-18
59652.135567	-1.3974706165e-14	1	1.7e-17	2.52485e-18
59652.135579	-1.5801179402e-14	1	1.7e-17	2.52485e-18
59652.135590	-1.3871763709e-14	1	1.7e-17	2.52485e-18
59652.135602	-1.7771132398e-14	1	1.7e-17	2.52485e-18
59652.135613	-1.2080222110e-14	1	1.7e-17	2.52485e-18
59652.135625	-1.3917536523e-14	1	1.7e-17	2.52485e-18
59652.135637	-1.5371681182e-14	1	1.7e-17	2.52485e-18
59652.135648	-1.7278256632e-14	1	1.7e-17	2.52485e-18
59652.135660	-1.4345067086e-14	1	1.7e-17	2.52485e-18
59652.135671	-1.4630061485e-14	1	1.7e-17	2.52485e-18
59652.135683	-1.4114552998e-14	1	1.7e-17	2.52485e-18
59652.135694	-1.7540912231e-14	1	1.7e-17	2.52485e-18
59652.135706	-1.4876417630e-14	1	1.7e-17	2.52485e-18
59652.135718	-1.8087934579e-14	1	1.7e-17	2.52485e-18
59652.135729	-1.6106773643e-14	1	1.7e-17	2.52485e-18
59652.135741	-1.9749493043e-14	1	1.7e-17	2.52485e-18
59652.135752	-1.6459857633e-14	1	1.7e-17	2.52485e-18
59652.135764	-1.9639697244e-14	1	1.7e-17	2.52485e-18
59652.135775	-1.3847494521e-14	1	1.7e-17	2.52485e-18
59652.135787	-1.6965650652e-14	1	1.7e-17	2.52485e-18
59652.135799	-1.5311956889e-14	1	1.7e-17	2.52485e-18
59652.135810	-1.2620981497e-14	1	1.7e-17	2.52485e-18
59652.135822	-1.4607099269e-14	1	1.7e-17	2.52485e-18
59652.135833	-1.4012875163e-14	1	1.7e-17	2.52485e-18
59652.135845	-1.3874233658e-14	1	1.7e-17	2.52485e-18
59652.135856	-1.3116030750e-14	1	1.7e-17	2.52485e-18
59652.135868	-1.2613413257e-14	1	1.7e-17	2.52485e-18
59652.135880	-1.2587900625e-14	1	1.7e-17	2.52485e-18
59652.135891	-1.1621611368e-14	1	1.7e-17	2.52485e-18
59652.135903	-1.2968052400e-14	1	1.7e-17	2.52485e-18
59652.135914	-1.5975224344e-14	1	1.7e-17	2.52485e-18
59652.135926	-1.5198016558e-14	1	1.7e-17	2.52485e-18
59652.135938	-1.2619471237e-14	1	1.7e-17	2.52485e-18
59652.135949	-1.3769845317e-14	1	1.7e-17	2.52485e-18
59652.135961	-1.3337090255e-14	1	1.7e-17	2.52485e-18
59652.135972	-1.3027537829e-14	1	1.7e-17	2.52485e-18
59652.135984	-1.5360462231e-14	1	1.7e-17	2.52485e-18
59652.135995	-1.4423215192e-14	1	1.7e-17	2.52485e-18
59652.136007	-1.6180076722e-14	1	1.7e-17	2.52485e-18
59652.136019	-1.4041367658e-14	1	1.7e-17	2.52485e-18
59652.136030	-1.7675061921e-14	1	1.7e-17	2.52485e-18
59652.136042	-1.3539566705e-14	1	1.7e-17	2.52485e-18
59652.136053	-1.7363785784e-14	1	1.7e-17	2.52485e-18
59652.136065	-1.3975266053e-14	1	1.7e-17	2.52485e-18
59652.136076	-1.4248231738e-14	1	1.7e-17	2.52485e-18
59652.136088	-1.7303917495e-14	1	1.7e-17	2.52485e-18
59652.136100	-1.3757504894e-14	1	1.7e-17	2.52485e-18
59652.136111	-1.6151372469e-14	1	1.7e-17	2.52485e-18
59652.136123	-1.6041747771e-14	1	1.7e-17	2.52485e-18
59652.136134	-1.8625884357e-14	1	1.7e-17	2.52485e-18
59652.136146	-1.5328350365e-14	1	1.7e-17	2.52485e-18
59652.136157	-1.3830124417e-14	1	1.7e-17	2.52485e-18
59652.136169	-1.4020580622e-14	1	1.7e-17	2.52485e-18
59652.136181	-1.5948909572e-14	1	1.7e-17	2.52485e-18
59652.136192	-1.4043005819e-14	1	1.7e-17	2.52485e-18
59652.136204	-1.2142562888e-14	1	1.7e-17	2.52485e-18
59652.136215	-1.2830970281e-14	1	1.7e-17	2.52485e-18
59652.136227	-1.2016676852e-14	1	1.7e-17	2.52485e-18
59652.136238	-1.2922626023e-14	1	1.7e-17	2.52485e-18
59652.136250	-1.1138450222e-14	1	1.7e-17	2.52485e-18
59652.136262	-1.3123689621e-14	1	1.7e-17	2.52485e-18
59652.136273	-1.2869084223e-14	1	1.7e-17	2.52485e-18
59652.136285	-1.5533974389e-14	1	1.7e-17	2.52485e-18
59652.136296	-1.1414572799e-14	1	1.7e-17	2.52485e-18
59652.136308	-1.3864825663e-14	1	1.7e-17	2.52485e-18
59652.136319	-1.4735821172e-14	1	1.7e-17	2.52485e-18
59652.136331	-1.6144894361e-14	1	1.7e-17	2.52485e-18
59652.136343	-1.3685112376e-14	1	1.7e-17	2.52485e-18
59652.136354	-1.5358951971e-14	1	1.7e-17	2.52485e-18
59652.136366	-1.6425147917e-14	1	1.7e-17	2.52485e-18
59652.136377	-1.6255297482e-14	1	1.7e-17	2.52485e-18
59652.136389	-1.5799315083e-14	1	1.7e-17	2.52485e-18
59652.136400	-1.3203243803e-14	1	1.7e-17	2.52485e-18
59652.136412	-1.1990829641e-14	1	1.7e-17	2.52485e-18
59652.136424	-1.3928546257e-14	1	1.7e-17	2.52485e-18
59652.136435	-1.3357377541e-14	1	1.7e-17	2.52485e-18
59652.136447	-1.2359710796e-14	1	1.7e-17	2.52485e-18
59652.136458	-1.3515538921e-14	1	1.7e-17	2.52485e-18
59652.136470	-1.6003347532e-14	1	1.7e-17	2.52485e-18
59652.136481	-1.6063594445e-14	1	1.7e-17	2.52485e-18
59652.136493	-1.6212499449e-14	1	1.7e-17	2.52485e-18
59652.136505	-1.6053653666e-14	1	1.7e-17	2.52485e-18
59652.136516	-1.8931329520e-14	1	1.7e-17	2.52485e-18
59652.136528	-1.6294050087e-14	1	1.7e-17	2.52485e-18
59652.136539	-1.2656126588e-14	1	1.7e-17	2.52485e-18
59652.136551	-1.5101311654e-14	1	1.7e-17	2.52485e-18
59652.136563	-1.2782422588e-14	1	1.7e-17	2.52485e-18
59652.136574	-1.7612343367e-14	1	1.7e-17	2.52485e-18
59652.136586	-1.5403789660e-14	1	1.7e-17	2.52485e-18
59652.136597	-1.5597805098e-14	1	1.7e-17	2.52485e-18
59652.136609	-1.4930989421e-14	1	1.7e-17	2.52485e-18
59652.136620	-1.7191192656e-14	1	1.7e-17	2.52485e-18
59652.136632	-1.6296544599e-14	1	1.7e-17	2.52485e-18
59652.136644	-1.4507307776e-14	1	1.7e-17	2.52485e-18
59652.136655	-1.6343155975e-14	1	1.7e-17	2.52485e-18
59652.136667	-1.5559856328e-14	1	1.7e-17	2.52485e-18
59652.136678	-1.5197665039e-14	1	1.7e-17	2.52485e-18
59652.136690	-1.6824116529e-14	1	1.7e-17	2.52485e-18
59652.136701	-1.5134044395e-14	1	1.7e-17	2.52485e-18
59652.136713	-1.3996281788e-14	1	1.7e-17	2.52485e-18
59652.136725	-1.5403197584e-14	1	1.7e-17	2.52485e-18
59652.136736	-1.6324234106e-14	1	1.7e-17	2.52485e-18
59652.136748	-1.5204686943e-14	1	1.7e-17	2.52485e-18
59652.136759	-1.3992387977e-14	1	1.7e-17	2.52485e-18
59652.136771	-1.5397983249e-14	1	1.7e-17	2.52485e-18
59652.136782	-1.6040879562e-14	1	1.7e-17	2.52485e-18
59652.136794	-1.5636578031e-14	1	1.7e-17	2.52485e-18
59652.136806	-1.5477919443e-14	1	1.7e-17	2.52485e-18
59652.136817	-1.3946720196e-14	1	1.7e-17	2.52485e-18
59652.136829	-1.5843454817e-14	1	1.7e-17	2.52485e-18
59652.136840	-1.5547143210e-14	1	1.7e-17	2.52485e-18
59652.136852	-1.2295497228e-14	1	1.7e-17	2.52485e-18
59652.136863	-1.1971100550e-14	1	1.7e-17	2.52485e-18
59652.136875	-1.1546251693e-14	1	1.7e-17	2.52485e-18
59652.136887	-1.4712365136e-14	1	1.7e-17	2.52485e-18
59652.136898	-1.4130429784e-14	1	1.7e-17	2.52485e-18
59652.136910	-1.2194430104e-14	1	1.7e-17	2.52485e-18
59652.136921	-1.4299536524e-14	1	1.7e-17	2.52485e-18
59652.136933	-1.3852499639e-14	1	1.7e-17	2.52485e-18
59652.136944	-1.4324511290e-14	1	1.7e-17	2.52485e-18
59652.136956	-1.4458469551e-14	1	1.7e-17	2.52485e-18
59652.136968	-1.5825406239e-14	1	1.7e-17	2.52485e-18
59652.136979	-1.3159628382e-14	1	1.7e-17	2.52485e-18
59652.136991	-1.6669695646e-14	1	1.7e-17	2.52485e-18
59652.137002	-1.5977791701e-14	1	1.7e-17	2.52485e-18
59652.137014	-1.7138260720e-14	1	1.7e-17	2.52485e-18
59652.137025	-1.5042432699e-14	1	1.7e-17	2.52485e-18
59652.137037	-1.5751869379e-14	1	1.7e-17	2.52485e-18
59652.137049	-1.4177346092e-14	1	1.7e-17	2.52485e-18
59652.137060	-1.5044459649e-14	1	1.7e-17	2.52485e-18
59652.137072	-1.4683216191e-14	1	1.7e-17	2.52485e-18
59652.137083	-1.4422999199e-14	1	1.7e-17	2.52485e-18
59652.137095	-1.5160026283e-14	1	1.7e-17	2.52485e-18
59652.137106	-1.6275634743e-14	1	1.7e-17	2.52485e-18
59652.137118	-1.5528645705e-14	1	1.7e-17	2.52485e-18
59652.137130	-1.6261841659e-14	1	1.7e-17	2.52485e-18
59652.137141	-1.5807986159e-14	1	1.7e-17	2.52485e-18
59652.137153	-1.7910701405e-14	1	1.7e-17	2.52485e-18
59652.137164	-1.6807306313e-14	1	1.7e-17	2.52485e-18
59652.137176	-1.6274481085e-14	1	1.7e-17	2.52485e-18
59652.137188	-1.4795047410e-14	1	1.7e-17	2.52485e-18
59652.137199	-1.5151826157e-14	1	1.7e-17	2.52485e-18
59652.137211	-1.4701397753e-14	1	1.7e-17	2.52485e-18
59652.137222	-1.2590476452e-14	1	1.7e-17	2.52485e-18
59652.137234	-1.3534247338e-14	1	1.7e-17	2.52485e-18
59652.137245	-1.3522726843e-14	1	1.7e-17	2.52485e-18
59652.137257	-1.5007270668e-14	1	1.7e-17	2.52485e-18
59652.137269	-1.7041546498e-14	1	1.7e-17	2.52485e-18
59652.137280	-1.6479523197e-14	1	1.7e-17	2.52485e-18
59652.137292	-1.3879846945e-14	1	1.7e-17	2.52485e-18
59652.137303	-1.5167570806e-14	1	1.7e-17	2.52485e-18
59652.137315	-1.5520400686e-14	1	1.7e-17	2.52485e-18
59652.137326	-1.5882943493e-14	1	1.7e-17	2.52485e-18
59652.137338	-1.3626195306e-14	1	1.7e-17	2.52485e-18
59652.137350	-1.4161861483e-14	1	1.7e-17	2.52485e-18
59652.137361	-1.7254314398e-14	1	1.7e-17	2.52485e-18
59652.137373	-1.7404885516e-14	1	1.7e-17	2.52485e-18
59652.137384	-1.6391184437e-14	1	1.7e-17	2.52485e-18
59652.137396	-1.4272452645e-14	1	1.7e-17	2.52485e-18
59652.137407	-1.5758384757e-14	1	1.7e-17	2.52485e-18
59652.137419	-1.6685020166e-14	1	1.7e-17	2.52485e-18
59652.137431	-1.9623125045e-14	1	1.7e-17	2.52485e-18
59652.137442	-1.4550763955e-14	1	1.7e-17	2.52485e-18
59652.137454	-1.4246169213e-14	1	1.7e-17	2.52485e-18
59652.137465	-1.4718418033e-14	1	1.7e-17	2.52485e-18
59652.137477	-1.5179007445e-14	1	1.7e-17	2.52485e-18
59652.137488	-1.2292269185e-14	1	1.7e-17	2.52485e-18
59652.137500	-1.3503007069e-14	1	1.7e-17	2.52485e-18
59652.137512	-1.1193759779e-14	1	1.7e-17	2.52485e-18
59652.137523	-1.3199659159e-14	1	1.7e-17	2.52485e-18
59652.137535	-1.3093187118e-14	1	1.7e-17	2.52485e-18
59652.137546	-1.4448772718e-14	1	1.7e-17	2.52485e-18
59652.137558	-1.2572133106e-14	1	1.7e-17	2.52485e-18
59652.137569	-1.4833600961e-14	1	1.7e-17	2.52485e-18
59652.137581	-1.4102871567e-14	1	1.7e-17	2.52485e-18
59652.137593	-1.6474293616e-14	1	1.7e-17	2.52485e-18
59652.137604	-1.4445125394e-14	1	1.7e-17	2.52485e-18
59652.137616	-1.6367315896e-14	1	1.7e-17	2.52485e-18
59652.137627	-1.2237310300e-14	1	1.7e-17	2.52485e-18
59652.137639	-1.5876665285e-14	1	1.7e-17	2.52485e-18
59652.137650	-1.4515104715e-14	1	1.7e-17	2.52485e-18
59652.137662	-1.3953336370e-14	1	1.7e-17	2.52485e-18
59652.137674	-1.7283831803e-14	1	1.7e-17	2.52485e-18
59652.137685	-1.5846716741e-14	1	1.7e-17	2.52485e-18
59652.137697	-1.3979194592e-14	1	1.7e-17	2.52485e-18
59652.137708	-1.4025562870e-14	1	1.7e-17	2.52485e-18
59652.137720	-1.6388969446e-14	1	1.7e-17	2.52485e-18
59652.137731	-1.6026782393e-14	1	1.7e-17	2.52485e-18
59652.137743	-1.7201883059e-14	1	1.7e-17	2.52485e-18
59652.137755	-1.6689310388e-14	1	1.7e-17	2.52485e-18
59652.137766	-1.5223735019e-14	1	1.7e-17	2.52485e-18
59652.137778	-1.5331289569e-14	1	1.7e-17	2.52485e-18
59652.137789	-1.7286925167e-14	1	1.7e-17	2.52485e-18
59652.137801	-1.5621722767e-14	1	1.7e-17	2.52485e-18
59652.137813	-1.4486777392e-14	1	1.7e-17	2.52485e-18
59652.137824	-1.4549491711e-14	1	1.7e-17	2.52485e-18
59652.137836	-1.6038008967e-14	1	1.7e-17	2.52485e-18
59652.137847	-1.6748910168e-14	1	1.7e-17	2.52485e-18
59652.137859	-1.6638787414e-14	1	1.7e-17	2.52485e-18
59652.137870	-1.4570176256e-14	1	1.7e-17	2.52485e-18
59652.137882	-1.6560244590e-14	1	1.7e-17	2.52485e-18
59652.137894	-1.5568045442e-14	1	1.7e-17	2.52485e-18
59652.137905	-1.5709566860e-14	1	1.7e-17	2.52485e-18
59652.137917	-1.5656385049e-14	1	1.7e-17	2.52485e-18
59652.137928	-1.4538964786e-14	1	1.7e-17	2.52485e-18
59652.137940	-1.3994012587e-14	1	1.7e-17	2.52485e-18
59652.137951	-1.6161786739e-14	1	1.7e-17	2.52485e-18
59652.137963	-1.4453895573e-14	1	1.7e-17	2.52485e-18
59652.137975	-1.5894472458e-14	1	1.7e-17	2.52485e-18
59652.137986	-1.2615731586e-14	1	1.7e-17	2.52485e-18
59652.137998	-1.5283201815e-14	1	1.7e-17	2.52485e-18
59652.138009	-1.6942151417e-14	1	1.7e-17	2.52485e-18
59652.138021	-1.6932418162e-14	1	1.7e-17	2.52485e-18
59652.138032	-1.6716761879e-14	1	1.7e-17	2.52485e-18
59652.138044	-1.5196299622e-14	1	1.7e-17	2.52485e-18
59652.138056	-1.7084082799e-14	1	1.7e-17	2.52485e-18
59652.138067	-1.5513750630e-14	1	1.7e-17	2.52485e-18
59652.138079	-1.5388161055e-14	1	1.7e-17	2.52485e-18
59652.138090	-1.4273418263e-14	1	1.7e-17	2.52485e-18
59652.138102	-1.2691756181e-14	1	1.7e-17	2.52485e-18
59652.138113	-1.5204365917e-14	1	1.7e-17	2.52485e-18
59652.138125	-1.3518919430e-14	1	1.7e-17	2.52485e-18
59652.138137	-1.1975891368e-14	1	1.7e-17	2.52485e-18
59652.138148	-1.0985404074e-14	1	1.7e-17	2.52485e-18
59652.138160	-1.3212775465e-14	1	1.7e-17	2.52485e-18
59652.138171	-1.3906012640e-14	1	1.7e-17	2.52485e-18
59652.138183	-1.5515294771e-14	1	1.7e-17	2.52485e-18
59652.138194	-1.5235635832e-14	1	1.7e-17	2.52485e-18
59652.138206	-1.5586225310e-14	1	1.7e-17	2.52485e-18
59652.138218	-1.6544345782e-14	1	1.7e-17	2.52485e-18
59652.138229	-1.6076834417e-14	1	1.7e-17	2.52485e-18
59652.138241	-1.6795396183e-14	1	1.7e-17	2.52485e-18
59652.138252	-1.4417676444e-14	1	1.7e-17	2.52485e-18
59652.138264	-1.3721089254e-14	1	1.7e-17	2.52485e-18
59652.138275	-1.5218548637e-14	1	1.7e-17	2.52485e-18
59652.138287	-1.3707159797e-14	1	1.7e-17	2.52485e-18
59652.138299	-1.2038426117e-14	1	1.7e-17	2.52485e-18
59652.138310	-1.3034986637e-14	1	1.7e-17	2.52485e-18
59652.138322	-1.2795806556e-14	1	1.7e-17	2.52485e-18
59652.138333	-1.2199242098e-14	1	1.7e-17	2.52485e-18
59652.138345	-1.2458140259e-14	1	1.7e-17	2.52485e-18
59652.138356	-1.5268842065e-14	1	1.7e-17	2.52485e-18
59652.138368	-1.6803457395e-14	1	1.7e-17	2.52485e-18
59652.138380	-1.4835370413e-14	1	1.7e-17	2.52485e-18
59652.138391	-1.7879411161e-14	1	1.7e-17	2.52485e-18
59652.138403	-1.6266393614e-14	1	1.7e-17	2.52485e-18
59652.138414	-1.4586551944e-14	1	1.7e-17	2.52485e-18
59652.138426	-1.3005365048e-14	1	1.7e-17	2.52485e-18
59652.138438	-1.5136644786e-14	1	1.7e-17	2.52485e-18
59652.138449	-1.4557797716e-14	1	1.7e-17	2.52485e-18
59652.138461	-1.3740229657e-14	1	1.7e-17	2.52485e-18
59652.138472	-1.4231194517e-14	1	1.7e-17	2.52485e-18
59652.138484	-1.6584360465e-14	1	1.7e-17	2.52485e-18
59652.138495	-1.6024421712e-14	1	1.7e-17	2.52485e-18
59652.138507	-1.5988313544e-14	1	1.7e-17	2.52485e-18
59652.138519	-1.4677061649e-14	1	1.7e-17	2.52485e-18
59652.138530	-1.3682935502e-14	1	1.7e-17	2.52485e-18
59652.138542	-1.4043873181e-14	1	1.7e-17	2.52485e-18
59652.138553	-1.3798358140e-14	1	1.7e-17	2.52485e-18
59652.138565	-1.5038495690e-14	1	1.7e-17	2.52485e-18
59652.138576	-1.6753143638e-14	1	1.7e-17	2.52485e-18
59652.138588	-1.6587406396e-14	1	1.7e-17	2.52485e-18
59652.138600	-1.6857566707e-14	1	1.7e-17	2.52485e-18
59652.138611	-1.5771442617e-14	1	1.7e-17	2.52485e-18
59652.138623	-1.7474368476e-14	1	1.7e-17	2.52485e-18
59652.138634	-1.6772354345e-14	1	1.7e-17	2.52485e-18
59652.138646	-1.4286612495e-14	1	1.7e-17	2.52485e-18
59652.138657	-1.3981239330e-14	1	1.7e-17	2.52485e-18
59652.138669	-1.4169251845e-14	1	1.7e-17	2.52485e-18
59652.138681	-1.3525832066e-14	1	1.7e-17	2.52485e-18
59652.138692	-1.4034970018e-14	1	1.7e-17	2.52485e-18
59652.138704	-1.2388328651e-14	1	1.7e-17	2.52485e-18
59652.138715	-1.3906843579e-14	1	1.7e-17	2.52485e-18
59652.138727	-1.6560170051e-14	1	1.7e-17	2.52485e-18
59652.138738	-1.6100516611e-14	1	1.7e-17	2.52485e-18
59652.138750	-1.4636379504e-14	1	1.7e-17	2.52485e-18
59652.138762	-1.5548519639e-14	1	1.7e-17	2.52485e-18
59652.138773	-1.4294364541e-14	1	1.7e-17	2.52485e-18
59652.138785	-1.6215087981e-14	1	1.7e-17	2.52485e-18
59652.138796	-1.7000243478e-14	1	1.7e-17	2.52485e-18
59652.138808	-1.6532177306e-14	1	1.7e-17	2.52485e-18
59652.138819	-1.3954692470e-14	1	1.7e-17	2.52485e-18
59652.138831	-1.6086622729e-14	1	1.7e-17	2.52485e-18
59652.138843	-1.3836478011e-14	1	1.7e-17	2.52485e-18
59652.138854	-1.5943254780e-14	1	1.7e-17	2.52485e-18
59652.138866	-1.5424845205e-14	1	1.7e-17	2.52485e-18
59652.138877	-1.5758698159e-14	1	1.7e-17	2.52485e-18
59652.138889	-1.7762805217e-14	1	1.7e-17	2.52485e-18
59652.138900	-1.6134192947e-14	1	1.7e-17	2.52485e-18
59652.138912	-1.5721914059e-14	1	1.7e-17	2.52485e-18
59652.138924	-1.3537248376e-14	1	1.7e-17	2.52485e-18
59652.138935	-1.4096357884e-14	1	1.7e-17	2.52485e-18
59652.138947	-1.6600460867e-14	1	1.7e-17	2.52485e-18
59652.138958	-1.4128533277e-14	1	1.7e-17	2.52485e-18
59652.138970	-1.4231557894e-14	1	1.7e-17	2.52485e-18
59652.138981	-1.0865659026e-14	1	1.7e-17	2.52485e-18
59652.138993	-1.4803106928e-14	1	1.7e-17	2.52485e-18
59652.139005	-1.1383449420e-14	1	1.7e-17	2.52485e-18
59652.139016	-1.4927847776e-14	1	1.7e-17	2.52485e-18
59652.139028	-1.2109927556e-14	1	1.7e-17	2.52485e-18
59652.139039	-1.4815299967e-14	1	1.7e-17	2.52485e-18
59652.139051	-1.3683054933e-14	1	1.7e-17	2.52485e-18
59652.139062	-1.4139455767e-14	1	1.7e-17	2.52485e-18
59652.139074	-1.4657480789e-14	1	1.7e-17	2.52485e-18
59652.139086	-1.3835566604e-14	1	1.7e-17	2.52485e-18
59652.139097	-1.3834427344e-14	1	1.7e-17	2.52485e-18
59652.139109	-1.5576369235e-14	1	1.7e-17	2.52485e-18
59652.139120	-1.5197876798e-14	1	1.7e-17	2.52485e-18
59652.139132	-1.4862397540e-14	1	1.7e-17	2.52485e-18
59652.139144	-1.4974792036e-14	1	1.7e-17	2.52485e-18
59652.139155	-1.4928204377e-14	1	1.7e-17	2.52485e-18
59652.139167	-1.3600681826e-14	1	1.7e-17	2.52485e-18
59652.139178	-1.4807486936e-14	1	1.7e-17	2.52485e-18
59652.139190	-1.3229082543e-14	1	1.7e-17	2.52485e-18
59652.139201	-1.4797749445e-14	1	1.7e-17	2.52485e-18
59652.139213	-1.5361222019e-14	1	1.7e-17	2.52485e-18
59652.139225	-1.5850305619e-14	1	1.7e-17	2.52485e-18
59652.139236	-1.2016486269e-14	1	1.7e-17	2.52485e-18
59652.139444	-1.5693296204e-14	1	1.7e-17	2.52485e-18
59652.139456	-1.6484031107e-14	1	1.7e-17	2.52485e-18
59652.139468	-1.2268793667e-14	1	1.7e-17	2.52485e-18
59652.139479	-1.2171650847e-14	1	1.7e-17	2.52485e-18
59652.139491	-1.5792232193e-14	1	1.7e-17	2.52485e-18
59652.139502	-1.6568067786e-14	1	1.7e-17	2.52485e-18
59652.139514	-1.3485387090e-14	1	1.7e-17	2.52485e-18
59652.139525	-1.6469479080e-14	1	1.7e-17	2.52485e-18
59652.139537	-1.6043481647e-14	1	1.7e-17	2.52485e-18
59652.139549	-1.5285763242e-14	1	1.7e-17	2.52485e-18
59652.139560	-1.3754793542e-14	1	1.7e-17	2.52485e-18
59652.139572	-1.3724458751e-14	1	1.7e-17	2.52485e-18
59652.139583	-1.1090298940e-14	1	1.7e-17	2.52485e-18
59652.139595	-1.1339370672e-14	1	1.7e-17	2.52485e-18
59652.139606	-1.3733929426e-14	1	1.7e-17	2.52485e-18
59652.139618	-1.4691738189e-14	1	1.7e-17	2.52485e-18
59652.139630	-1.4737542343e-14	1	1.7e-17	2.52485e-18
59652.139641	-1.6335698697e-14	1	1.7e-17	2.52485e-18
59652.139653	-1.6557738220e-14	1	1.7e-17	2.52485e-18
59652.139664	-1.6773998436e-14	1	1.7e-17	2.52485e-18
59652.139676	-1.5408694828e-14	1	1.7e-17	2.52485e-18
59652.139687	-1.3557051159e-14	1	1.7e-17	2.52485e-18
59652.139699	-1.4411238994e-14	1	1.7e-17	2.52485e-18
59652.140023	-1.7367773615e-14	1	1.7e-17	2.52485e-18
59652.140035	-1.5689560789e-14	1	1.7e-17	2.52485e-18
59652.140046	-1.6460733465e-14	1	1.7e-17	2.52485e-18
59652.140058	-1.6669504217e-14	1	1.7e-17	2.52485e-18
59652.140069	-1.5840928965e-14	1	1.7e-17	2.52485e-18
59652.140081	-1.3449303486e-14	1	1.7e-17	2.52485e-18
59652.140093	-1.4185873172e-14	1	1.7e-17	2.52485e-18
59652.140104	-1.3397711556e-14	1	1.7e-17	2.52485e-18
59652.140116	-1.2733556410e-14	1	1.7e-17	2.52485e-18
59652.140127	-1.6318741944e-14	1	1.7e-17	2.52485e-18
59652.140139	-1.4808621113e-14	1	1.7e-17	2.52485e-18
59652.140150	-1.2986870084e-14	1	1.7e-17	2.52485e-18
59652.140162	-1.3710829144e-14	1	1.7e-17	2.52485e-18
59652.140174	-1.4451750885e-14	1	1.7e-17	2.52485e-18
59652.140185	-1.3163808490e-14	1	1.7e-17	2.52485e-18
59652.140197	-1.1944714627e-14	1	1.7e-17	2.52485e-18
59652.140208	-1.4062293607e-14	1	1.7e-17	2.52485e-18
59652.140220	-1.3919750667e-14	1	1.7e-17	2.52485e-18
59652.140231	-1.4762377349e-14	1	1.7e-17	2.52485e-18
59652.140243	-1.5859762742e-14	1	1.7e-17	2.52485e-18
59652.140255	-1.3103834322e-14	1	1.7e-17	2.52485e-18
59652.140266	-1.5408536433e-14	1	1.7e-17	2.52485e-18
59652.140278	-1.3323732546e-14	1	1.7e-17	2.52485e-18
59652.140289	-1.3628655936e-14	1	1.7e-17	2.52485e-18
59652.140301	-1.4154383876e-14	1	1.7e-17	2.52485e-18
59652.140312	-1.6094184193e-14	1	1.7e-17	2.52485e-18
59652.140324	-1.4869691341e-14	1	1.7e-17	2.52485e-18
59652.140336	-1.3969040361e-14	1	1.7e-17	2.52485e-18
59652.140347	-1.5565715255e-14	1	1.7e-17	2.52485e-18
59652.140359	-1.6042051856e-14	1	1.7e-17	2.52485e-18
59652.140370	-1.3056524144e-14	1	1.7e-17	2.52485e-18
59652.140382	-1.2553203614e-14	1	1.7e-17	2.52485e-18
59652.140394	-1.2268497206e-14	1	1.7e-17	2.52485e-18
59652.140405	-1.7349481938e-14	1	1.7e-17	2.52485e-18
59652.140417	-1.5534464821e-14	1	1.7e-17	2.52485e-18
59652.140428	-1.4060749466e-14	1	1.7e-17	2.52485e-18
59652.140440	-1.3176947665e-14	1	1.7e-17	2.52485e-18
59652.140451	-1.9179893032e-14	1	1.7e-17	2.52485e-18
59652.140463	-1.5348417422e-14	1	1.7e-17	2.52485e-18
59652.140475	-1.2183509308e-14	1	1.7e-17	2.52485e-18
59652.140486	-1.1716728933e-14	1	1.7e-17	2.52485e-18
59652.140498	-1.3318056578e-14	1	1.7e-17	2.52485e-18
59652.140509	-1.6231354402e-14	1	1.7e-17	2.52485e-18
59652.140521	-1.6189847247e-14	1	1.7e-17	2.52485e-18
59652.140532	-1.7081610310e-14	1	1.7e-17	2.52485e-18
59652.140544	-1.9935752200e-14	1	1.7e-17	2.52485e-18
59652.140556	-1.6990855812e-14	1	1.7e-17	2.52485e-18
59652.140567	-1.8208729101e-14	1	1.7e-17	2.52485e-18
59652.140579	-1.7621588731e-14	1	1.7e-17	2.52485e-18
59652.140590	-1.7119181303e-14	1	1.7e-17	2.52485e-18
59652.140602	-1.6393440933e-14	1	1.7e-17	2.52485e-18
59652.140613	-1.4742275563e-14	1	1.7e-17	2.52485e-18
59652.140625	-1.4928815088e-14	1	1.7e-17	2.52485e-18
59652.140637	-1.4872849927e-14	1	1.7e-17	2.52485e-18
59652.140648	-1.5811892675e-14	1	1.7e-17	2.52485e-18
59652.140660	-1.4882148655e-14	1	1.7e-17	2.52485e-18
59652.140671	-1.7434104765e-14	1	1.7e-17	2.52485e-18
59652.140683	-1.5529687555e-14	1	1.7e-17	2.52485e-18
59652.140694	-1.6773353844e-14	1	1.7e-17	2.52485e-18
59652.140706	-1.3492065097e-14	1	1.7e-17	2.52485e-18
59652.140718	-1.4348524674e-14	1	1.7e-17	2.52485e-18
59652.140729	-1.4094354651e-14	1	1.7e-17	2.52485e-18
59652.140741	-1.5259014789e-14	1	1.7e-17	2.52485e-18
59652.140752	-1.5172005870e-14	1	1.7e-17	2.52485e-18
59652.140764	-1.4310475107e-14	1	1.7e-17	2.52485e-18
59652.140775	-1.6649788678e-14	1	1.7e-17	2.52485e-18
59652.140787	-1.6918786013e-14	1	1.7e-17	2.52485e-18
59652.140799	-1.5129335739e-14	1	1.7e-17	2.52485e-18
59652.140810	-1.8134655222e-14	1	1.7e-17	2.52485e-18
59652.140822	-1.3295218028e-14	1	1.7e-17	2.52485e-18
59652.140833	-1.5469609202e-14	1	1.7e-17	2.52485e-18
59652.140845	-1.4608512967e-14	1	1.7e-17	2.52485e-18
59652.140856	-1.5700721295e-14	1	1.7e-17	2.52485e-18
59652.140868	-1.3071298093e-14	1	1.7e-17	2.52485e-18
59652.140880	-1.2895501487e-14	1	1.7e-17	2.52485e-18
59652.140891	-1.2966667501e-14	1	1.7e-17	2.52485e-18
59652.140903	-1.0234007923e-14	1	1.7e-17	2.52485e-18
59652.140914	-1.4585552445e-14	1	1.7e-17	2.52485e-18
59652.140926	-1.6676975048e-14	1	1.7e-17	2.52485e-18
59652.140938	-1.3406722293e-14	1	1.7e-17	2.52485e-18
59652.140949	-1.4572203206e-14	1	1.7e-17	2.52485e-18
59652.140961	-1.5061517199e-14	1	1.7e-17	2.52485e-18
59652.140972	-1.5712044431e-14	1	1.7e-17	2.52485e-18
59652.140984	-1.5222606772e-14	1	1.7e-17	2.52485e-18
59652.140995	-1.6271186126e-14	1	1.7e-17	2.52485e-18
59652.141007	-1.8800684852e-14	1	1.7e-17	2.52485e-18
59652.141019	-1.7816675666e-14	1	1.7e-17	2.52485e-18
59652.141192	-1.3440919554e-14	1	1.7e-17	2.52485e-18
59652.141204	-1.3952866267e-14	1	1.7e-17	2.52485e-18
59652.141215	-1.4830080692e-14	1	1.7e-17	2.52485e-18
59652.141319	-1.8200412931e-14	1	1.7e-17	2.52485e-18
59652.141331	-1.6473552462e-14	1	1.7e-17	2.52485e-18
59652.141343	-1.3688170165e-14	1	1.7e-17	2.52485e-18
59652.141354	-1.4537965287e-14	1	1.7e-17	2.52485e-18
59652.141366	-1.6824609502e-14	1	1.7e-17	2.52485e-18
59652.141377	-1.3020496445e-14	1	1.7e-17	2.52485e-18
59652.141389	-1.6282646482e-14	1	1.7e-17	2.52485e-18
59652.141400	-1.4819826512e-14	1	1.7e-17	2.52485e-18
59652.141412	-1.6844950998e-14	1	1.7e-17	2.52485e-18
59652.141424	-1.6370843788e-14	1	1.7e-17	2.52485e-18
59652.141435	-1.6238005305e-14	1	1.7e-17	2.52485e-18
59652.141447	-1.4173876645e-14	1	1.7e-17	2.52485e-18
59652.141458	-1.4676215463e-14	1	1.7e-17	2.52485e-18
59652.141470	-1.5568487593e-14	1	1.7e-17	2.52485e-18
59652.141481	-1.5306926360e-14	1	1.7e-17	2.52485e-18
59652.141493	-1.4834168473e-14	1	1.7e-17	2.52485e-18
59652.141505	-1.4847383034e-14	1	1.7e-17	2.52485e-18
59652.141516	-1.3560774716e-14	1	1.7e-17	2.52485e-18
59652.141528	-1.5775164480e-14	1	1.7e-17	2.52485e-18
59652.141539	-1.6143603483e-14	1	1.7e-17	2.52485e-18
59652.141551	-1.7348440935e-14	1	1.7e-17	2.52485e-18
59652.141563	-1.3878993983e-14	1	1.7e-17	2.52485e-18
59652.141574	-1.3555940699e-14	1	1.7e-17	2.52485e-18
59652.141586	-1.1459129273e-14	1	1.7e-17	2.52485e-18
59652.141597	-1.4630612057e-14	1	1.7e-17	2.52485e-18
59652.141609	-1.1148644264e-14	1	1.7e-17	2.52485e-18
59652.141620	-1.2590864393e-14	1	1.7e-17	2.52485e-18
59652.141632	-1.1411774202e-14	1	1.7e-17	2.52485e-18
59652.141644	-1.4197913746e-14	1	1.7e-17	2.52485e-18
59652.141655	-1.5937648269e-14	1	1.7e-17	2.52485e-18
59652.141667	-1.4554680635e-14	1	1.7e-17	2.52485e-18
59652.141678	-1.5331121009e-14	1	1.7e-17	2.52485e-18
59652.141690	-1.4988142970e-14	1	1.7e-17	2.52485e-18
59652.141701	-1.5144771220e-14	1	1.7e-17	2.52485e-18
59652.141713	-1.5741300102e-14	1	1.7e-17	2.52485e-18
59652.141725	-1.4020736476e-14	1	1.7e-17	2.52485e-18
59652.141736	-1.4681586499e-14	1	1.7e-17	2.52485e-18
59652.141748	-1.5028168664e-14	1	1.7e-17	2.52485e-18
59652.141759	-1.4429003816e-14	1	1.7e-17	2.52485e-18
59652.141771	-1.2864074870e-14	1	1.7e-17	2.52485e-18
59652.141782	-1.2545521025e-14	1	1.7e-17	2.52485e-18
59652.141794	-1.5122737352e-14	1	1.7e-17	2.52485e-18
59652.141806	-1.4994261089e-14	1	1.7e-17	2.52485e-18
59652.141817	-1.2528288140e-14	1	1.7e-17	2.52485e-18
59652.141829	-1.7182984907e-14	1	1.7e-17	2.52485e-18
59652.141840	-1.5913442608e-14	1	1.7e-17	2.52485e-18
59652.141852	-1.4465071326e-14	1	1.7e-17	2.52485e-18
59652.141863	-1.4765706188e-14	1	1.7e-17	2.52485e-18
59652.141875	-1.5413483952e-14	1	1.7e-17	2.52485e-18
59652.141887	-1.7221032780e-14	1	1.7e-17	2.52485e-18
59652.141898	-1.5180646453e-14	1	1.7e-17	2.52485e-18
59652.141910	-1.5378428647e-14	1	1.7e-17	2.52485e-18
59652.141921	-1.4023146285e-14	1	1.7e-17	2.52485e-18
59652.141933	-1.7698257919e-14	1	1.7e-17	2.52485e-18
59652.141944	-1.5582066379e-14	1	1.7e-17	2.52485e-18
59652.141956	-1.5453878106e-14	1	1.7e-17	2.52485e-18
59652.141968	-1.3939920216e-14	1	1.7e-17	2.52485e-18
59652.141979	-1.1867393224e-14	1	1.7e-17	2.52485e-18
59652.141991	-1.4501431909e-14	1	1.7e-17	2.52485e-18
59652.142002	-1.7424604443e-14	1	1.7e-17	2.52485e-18
59652.142014	-1.4144632832e-14	1	1.7e-17	2.52485e-18
59652.142025	-1.5014624608e-14	1	1.7e-17	2.52485e-18
59652.142037	-1.3570197957e-14	1	1.7e-17	2.52485e-18
59652.142049	-1.7194106449e-14	1	1.7e-17	2.52485e-18
59652.142060	-1.4625462943e-14	1	1.7e-17	2.52485e-18
59652.142072	-1.4469040522e-14	1	1.7e-17	2.52485e-18
59652.142083	-1.4709929069e-14	1	1.7e-17	2.52485e-18
59652.142095	-1.7187058288e-14	1	1.7e-17	2.52485e-18
59652.142106	-1.9578993781e-14	1	1.7e-17	2.52485e-18
59652.142118	-1.5659719818e-14	1	1.7e-17	2.52485e-18
59652.142130	-1.3970727651e-14	1	1.7e-17	2.52485e-18
59652.142141	-1.0905923584e-14	1	1.7e-17	2.52485e-18
59652.142153	-1.4434518847e-14	1	1.7e-17	2.52485e-18
59652.142164	-1.6775734854e-14	1	1.7e-17	2.52485e-18
59652.142176	-1.6881331063e-14	1	1.7e-17	2.52485e-18
59652.142188	-1.4714553869e-14	1	1.7e-17	2.52485e-18
59652.142199	-1.4710671917e-14	1	1.7e-17	2.52485e-18
59652.142211	-1.7665587858e-14	1	1.7e-17	2.52485e-18
59652.142222	-1.7907250593e-14	1	1.7e-17	2.52485e-18
59652.142234	-1.6617975815e-14	1	1.7e-17	2.52485e-18
59652.142245	-1.5105087726e-14	1	1.7e-17	2.52485e-18
59652.142257	-1.3146932206e-14	1	1.7e-17	2.52485e-18
59652.142269	-1.3871092012e-14	1	1.7e-17	2.52485e-18
59652.142280	-1.3610684438e-14	1	1.7e-17	2.52485e-18
59652.142292	-1.5199247297e-14	1	1.7e-17	2.52485e-18
59652.142303	-1.3160374618e-14	1	1.7e-17	2.52485e-18
59652.142315	-1.2198545837e-14	1	1.7e-17	2.52485e-18
59652.142326	-1.1071114491e-14	1	1.7e-17	2.52485e-18
59652.142338	-1.2712625379e-14	1	1.7e-17	2.52485e-18
59652.142350	-1.2239609994e-14	1	1.7e-17	2.52485e-18
59652.142361	-9.1484970844e-15	1	1.7e-17	2.52485e-18
59652.142373	-1.3547876098e-14	1	1.7e-17	2.52485e-18
59652.142384	-1.5171678916e-14	1	1.7e-17	2.52485e-18
59652.142396	-1.1766857189e-14	1	1.7e-17	2.52485e-18
59652.142407	-1.6097005659e-14	1	1.7e-17	2.52485e-18
59652.142419	-1.6702555443e-14	1	1.7e-17	2.52485e-18
59652.142431	-1.5105816175e-14	1	1.7e-17	2.52485e-18
59652.142442	-1.7500653602e-14	1	1.7e-17	2.52485e-18
59652.142454	-1.7479093226e-14	1	1.7e-17	2.52485e-18
59652.142465	-1.7216236879e-14	1	1.7e-17	2.52485e-18
59652.142477	-1.2738005874e-14	1	1.7e-17	2.52485e-18
59652.142488	-1.4959252370e-14	1	1.7e-17	2.52485e-18
59652.142500	-1.3895174006e-14	1	1.7e-17	2.52485e-18
59652.142512	-1.2812659970e-14	1	1.7e-17	2.52485e-18
59652.142523	-1.3831902339e-14	1	1.7e-17	2.52485e-18
59652.142535	-1.2314925623e-14	1	1.7e-17	2.52485e-18
59652.142546	-1.2825235021e-14	1	1.7e-17	2.52485e-18
59652.142558	-1.4909307919e-14	1	1.7e-17	2.52485e-18
59652.142569	-1.5311923855e-14	1	1.7e-17	2.52485e-18
59652.142581	-1.3592812043e-14	1	1.7e-17	2.52485e-18
59652.142593	-1.1854336211e-14	1	1.7e-17	2.52485e-18
59652.142604	-1.4552973864e-14	1	1.7e-17	2.52485e-18
59652.142616	-1.6996804524e-14	1	1.7e-17	2.52485e-18
59652.142627	-1.5421842473e-14	1	1.7e-17	2.52485e-18
59652.142639	-1.2587397487e-14	1	1.7e-17	2.52485e-18
59652.142650	-1.2859469552e-14	1	1.7e-17	2.52485e-18
59652.142662	-1.4891687940e-14	1	1.7e-17	2.52485e-18
59652.142674	-1.5245510542e-14	1	1.7e-17	2.52485e-18
59652.142685	-1.3669692141e-14	1	1.7e-17	2.52485e-18
59652.142697	-1.3152315947e-14	1	1.7e-17	2.52485e-18
59652.142708	-1.3224384051e-14	1	1.7e-17	2.52485e-18
59652.142720	-1.5440411130e-14	1	1.7e-17	2.52485e-18
59652.142731	-1.4046173723e-14	1	1.7e-17	2.52485e-18
59652.142743	-1.3907467842e-14	1	1.7e-17	2.52485e-18
59652.142755	-1.2268365916e-14	1	1.7e-17	2.52485e-18
59652.142766	-1.3327127454e-14	1	1.7e-17	2.52485e-18
59652.142778	-1.4864819208e-14	1	1.7e-17	2.52485e-18
59652.142789	-1.5020963802e-14	1	1.7e-17	2.52485e-18
59652.142801	-1.5535822615e-14	1	1.7e-17	2.52485e-18
59652.142812	-1.5772071115e-14	1	1.7e-17	2.52485e-18
59652.142824	-1.2635133723e-14	1	1.7e-17	2.52485e-18
59652.142836	-1.2932877662e-14	1	1.7e-17	2.52485e-18
59652.142847	-1.5590829781e-14	1	1.7e-17	2.52485e-18
59652.142859	-1.6462408896e-14	1	1.7e-17	2.52485e-18
59652.142870	-1.4349165878e-14	1	1.7e-17	2.52485e-18
59652.142882	-1.3712514739e-14	1	1.7e-17	2.52485e-18
59652.142894	-1.2864189220e-14	1	1.7e-17	2.52485e-18
59652.142905	-1.3176639345e-14	1	1.7e-17	2.52485e-18
59652.142917	-1.4945092520e-14	1	1.7e-17	2.52485e-18
59652.142928	-1.5125494444e-14	1	1.7e-17	2.52485e-18
59652.142940	-1.2404968613e-14	1	1.7e-17	2.52485e-18
59652.142951	-1.2328724637e-14	1	1.7e-17	2.52485e-18
59652.142963	-1.4257229769e-14	1	1.7e-17	2.52485e-18
59652.142975	-1.4661355964e-14	1	1.7e-17	2.52485e-18
59652.142986	-1.4067361405e-14	1	1.7e-17	2.52485e-18
59652.142998	-1.1396735979e-14	1	1.7e-17	2.52485e-18
59652.143009	-1.4569108994e-14	1	1.7e-17	2.52485e-18
59652.143021	-1.6563055045e-14	1	1.7e-17	2.52485e-18
59652.143032	-1.4794709444e-14	1	1.7e-17	2.52485e-18
59652.143044	-1.1018122416e-14	1	1.7e-17	2.52485e-18
59652.143056	-1.2539557913e-14	1	1.7e-17	2.52485e-18
59652.143067	-1.6369269154e-14	1	1.7e-17	2.52485e-18
59652.143079	-1.6954843359e-14	1	1.7e-17	2.52485e-18
59652.143090	-1.5837024990e-14	1	1.7e-17	2.52485e-18
59652.143102	-1.7425498063e-14	1	1.7e-17	2.52485e-18
59652.143113	-1.6066099121e-14	1	1.7e-17	2.52485e-18
59652.143125	-1.4395626482e-14	1	1.7e-17	2.52485e-18
59652.143137	-1.4871834334e-14	1	1.7e-17	2.52485e-18
59652.143148	-1.6133002865e-14	1	1.7e-17	2.52485e-18
59652.143160	-1.4486738428e-14	1	1.7e-17	2.52485e-18
59652.143171	-1.5075189157e-14	1	1.7e-17	2.52485e-18
59652.143183	-1.4410211543e-14	1	1.7e-17	2.52485e-18
59652.143194	-1.6371395206e-14	1	1.7e-17	2.52485e-18
59652.143206	-1.6386754455e-14	1	1.7e-17	2.52485e-18
59652.143218	-1.7175396339e-14	1	1.7e-17	2.52485e-18
59652.143229	-1.4965234116e-14	1	1.7e-17	2.52485e-18
59652.143241	-1.5367959319e-14	1	1.7e-17	2.52485e-18
59652.143252	-1.2438143506e-14	1	1.7e-17	2.52485e-18
59652.143264	-1.3791277792e-14	1	1.7e-17	2.52485e-18
59652.143275	-1.0602820468e-14	1	1.7e-17	2.52485e-18
59652.143287	-1.3506532420e-14	1	1.7e-17	2.52485e-18
59652.143299	-1.1801204375e-14	1	1.7e-17	2.52485e-18
59652.143310	-1.5060776892e-14	1	1.7e-17	2.52485e-18
59652.143322	-1.4040789134e-14	1	1.7e-17	2.52485e-18
59652.143333	-1.4344969677e-14	1	1.7e-17	2.52485e-18
59652.143345	-1.4052953374e-14	1	1.7e-17	2.52485e-18
59652.143356	-1.2751571954e-14	1	1.7e-17	2.52485e-18
59652.143368	-1.3616371417e-14	1	1.7e-17	2.52485e-18
59652.143380	-1.4022548280e-14	1	1.7e-17	2.52485e-18
59652.143391	-1.1779715150e-14	1	1.7e-17	2.52485e-18
59652.143403	-1.5983238123e-14	1	1.7e-17	2.52485e-18
59652.143414	-1.4689068341e-14	1	1.7e-17	2.52485e-18
59652.143426	-1.7333536543e-14	1	1.7e-17	2.52485e-18
59652.143437	-1.3452455296e-14	1	1.7e-17	2.52485e-18
59652.143449	-1.4793427883e-14	1	1.7e-17	2.52485e-18
59652.143461	-1.4571080040e-14	1	1.7e-17	2.52485e-18
59652.143472	-1.3942136901e-14	1	1.7e-17	2.52485e-18
59652.143484	-1.2219130432e-14	1	1.7e-17	2.52485e-18
59652.143495	-1.3474688216e-14	1	1.7e-17	2.52485e-18
59652.143507	-1.2478599493e-14	1	1.7e-17	2.52485e-18
59652.143519	-1.4209133544e-14	1	1.7e-17	2.52485e-18
59652.143530	-1.1423907102e-14	1	1.7e-17	2.52485e-18
59652.143542	-1.3302215368e-14	1	1.7e-17	2.52485e-18
59652.143553	-1.3758624672e-14	1	1.7e-17	2.52485e-18
59652.143565	-1.5511075700e-14	1	1.7e-17	2.52485e-18
59652.143576	-1.3907212038e-14	1	1.7e-17	2.52485e-18
59652.143588	-1.5840624033e-14	1	1.7e-17	2.52485e-18
59652.143600	-1.3073157330e-14	1	1.7e-17	2.52485e-18
59652.143611	-1.4952994490e-14	1	1.7e-17	2.52485e-18
59652.143623	-1.4780713918e-14	1	1.7e-17	2.52485e-18
59652.143634	-1.3033828743e-14	1	1.7e-17	2.52485e-18
59652.143646	-1.3614375808e-14	1	1.7e-17	2.52485e-18
59652.143657	-1.4920177046e-14	1	1.7e-17	2.52485e-18
59652.143669	-1.0759062471e-14	1	1.7e-17	2.52485e-18
59652.143681	-1.3974003127e-14	1	1.7e-17	2.52485e-18
59652.143692	-1.3208508113e-14	1	1.7e-17	2.52485e-18
59652.143704	-1.4445109300e-14	1	1.7e-17	2.52485e-18
59652.143715	-1.2429308105e-14	1	1.7e-17	2.52485e-18
59652.143796	-1.6025154395e-14	1	1.7e-17	2.52485e-18
59652.143808	-1.6735129789e-14	1	1.7e-17	2.52485e-18
59652.143819	-1.4810926736e-14	1	1.7e-17	2.52485e-18
59652.143831	-1.5633358459e-14	1	1.7e-17	2.52485e-18
59652.143843	-1.4064740685e-14	1	1.7e-17	2.52485e-18
59652.143854	-1.5712439149e-14	1	1.7e-17	2.52485e-18
59652.143866	-1.6429217910e-14	1	1.7e-17	2.52485e-18
59652.143877	-1.9513500347e-14	1	1.7e-17	2.52485e-18
59652.143889	-1.6131024197e-14	1	1.7e-17	2.52485e-18
59652.143900	-1.3755471168e-14	1	1.7e-17	2.52485e-18
59652.143912	-1.2932106862e-14	1	1.7e-17	2.52485e-18
59652.143924	-1.4114486930e-14	1	1.7e-17	2.52485e-18
59652.143935	-1.6087600205e-14	1	1.7e-17	2.52485e-18
59652.143947	-1.3787845614e-14	1	1.7e-17	2.52485e-18
59652.143958	-1.4052528164e-14	1	1.7e-17	2.52485e-18
59652.143970	-1.4324850103e-14	1	1.7e-17	2.52485e-18
59652.143981	-1.4983984038e-14	1	1.7e-17	2.52485e-18
59652.143993	-1.7016991860e-14	1	1.7e-17	2.52485e-18
59652.144005	-1.4679518045e-14	1	1.7e-17	2.52485e-18
59652.144016	-1.3910827175e-14	1	1.7e-17	2.52485e-18
59652.144028	-1.4674581537e-14	1	1.7e-17	2.52485e-18
59652.144039	-1.5185021379e-14	1	1.7e-17	2.52485e-18
59652.144051	-1.2244337285e-14	1	1.7e-17	2.52485e-18
59652.144062	-1.1512832856e-14	1	1.7e-17	2.52485e-18
59652.144074	-1.1582176902e-14	1	1.7e-17	2.52485e-18
59652.144086	-1.3239451920e-14	1	1.7e-17	2.52485e-18
59652.144097	-1.4734684454e-14	1	1.7e-17	2.52485e-18
59652.144109	-1.4972186563e-14	1	1.7e-17	2.52485e-18
59652.144120	-1.3841339980e-14	1	1.7e-17	2.52485e-18
59652.144132	-1.4068271965e-14	1	1.7e-17	2.52485e-18
59652.144144	-1.4367424520e-14	1	1.7e-17	2.52485e-18
59652.144155	-1.4561309515e-14	1	1.7e-17	2.52485e-18
59652.144167	-1.5084121967e-14	1	1.7e-17	2.52485e-18
59652.144178	-1.4911698246e-14	1	1.7e-17	2.52485e-18
59652.144190	-1.6445989163e-14	1	1.7e-17	2.52485e-18
59652.144201	-1.7567827550e-14	1	1.7e-17	2.52485e-18
59652.144213	-2.0159308759e-14	1	1.7e-17	2.52485e-18
59652.144225	-1.4191853225e-14	1	1.7e-17	2.52485e-18
59652.144236	-1.5230825532e-14	1	1.7e-17	2.52485e-18
59652.144248	-1.5592371381e-14	1	1.7e-17	2.52485e-18
59652.144259	-1.7126390401e-14	1	1.7e-17	2.52485e-18
59652.144271	-1.3147950339e-14	1	1.7e-17	2.52485e-18
59652.144282	-1.6694405291e-14	1	1.7e-17	2.52485e-18
59652.144294	-1.5740103245e-14	1	1.7e-17	2.52485e-18
59652.144306	-1.5347785536e-14	1	1.7e-17	2.52485e-18
59652.144317	-1.4795485326e-14	1	1.7e-17	2.52485e-18
59652.144329	-1.4187108994e-14	1	1.7e-17	2.52485e-18
59652.144340	-1.2724278858e-14	1	1.7e-17	2.52485e-18
59652.144352	-1.2501143275e-14	1	1.7e-17	2.52485e-18
59652.144363	-1.2718026908e-14	1	1.7e-17	2.52485e-18
59652.144375	-1.4805220275e-14	1	1.7e-17	2.52485e-18
59652.144387	-1.3600974053e-14	1	1.7e-17	2.52485e-18
59652.144398	-1.3500582014e-14	1	1.7e-17	2.52485e-18
59652.144410	-1.4317183608e-14	1	1.7e-17	2.52485e-18
59652.144421	-1.5336699568e-14	1	1.7e-17	2.52485e-18
59652.144433	-1.3772991198e-14	1	1.7e-17	2.52485e-18
59652.144444	-1.1759532048e-14	1	1.7e-17	2.52485e-18
59652.144456	-1.2714974202e-14	1	1.7e-17	2.52485e-18
59652.144468	-1.3762826802e-14	1	1.7e-17	2.52485e-18
59652.144479	-1.4849522640e-14	1	1.7e-17	2.52485e-18
59652.144491	-1.5565018146e-14	1	1.7e-17	2.52485e-18
59652.144502	-1.2912402335e-14	1	1.7e-17	2.52485e-18
59652.144514	-1.6140568564e-14	1	1.7e-17	2.52485e-18
59652.144525	-1.6890049574e-14	1	1.7e-17	2.52485e-18
59652.144537	-1.3538041199e-14	1	1.7e-17	2.52485e-18
59652.144549	-1.6291656372e-14	1	1.7e-17	2.52485e-18
59652.144560	-1.4850485716e-14	1	1.7e-17	2.52485e-18
59652.144572	-1.5496455065e-14	1	1.7e-17	2.52485e-18
59652.144583	-1.6288920455e-14	1	1.7e-17	2.52485e-18
59652.144595	-1.5268997072e-14	1	1.7e-17	2.52485e-18
59652.144606	-1.3989980710e-14	1	1.7e-17	2.52485e-18
59652.144618	-1.2399956719e-14	1	1.7e-17	2.52485e-18
59652.144630	-1.3776719837e-14	1	1.7e-17	2.52485e-18
59652.144641	-1.3317068937e-14	1	1.7e-17	2.52485e-18
59652.144653	-1.4247024716e-14	1	1.7e-17	2.52485e-18
59652.144664	-1.5021670228e-14	1	1.7e-17	2.52485e-18
59652.144676	-1.0888355274e-14	1	1.7e-17	2.52485e-18
59652.144687	-1.3347378317e-14	1	1.7e-17	2.52485e-18
59652.144699	-1.5722198662e-14	1	1.7e-17	2.52485e-18
59652.144711	-1.3735529471e-14	1	1.7e-17	2.52485e-18
59652.144722	-1.4143382612e-14	1	1.7e-17	2.52485e-18
59652.144734	-1.3431364175e-14	1	1.7e-17	2.52485e-18
59652.144745	-1.5290575236e-14	1	1.7e-17	2.52485e-18
59652.144757	-1.4439872942e-14	1	1.7e-17	2.52485e-18
59652.144769	-1.5091488612e-14	1	1.7e-17	2.52485e-18
59652.144780	-1.2196911063e-14	1	1.7e-17	2.52485e-18
59652.144792	-1.4353955849e-14	1	1.7e-17	2.52485e-18
59652.144803	-1.7195725976e-14	1	1.7e-17	2.52485e-18
59652.144815	-1.4611591932e-14	1	1.7e-17	2.52485e-18
59652.144826	-1.3617302307e-14	1	1.7e-17	2.52485e-18
59652.144838	-1.4547023457e-14	1	1.7e-17	2.52485e-18
59652.144850	-1.6734952759e-14	1	1.7e-17	2.52485e-18
59652.144861	-1.7013181906e-14	1	1.7e-17	2.52485e-18
59652.144873	-1.5612047110e-14	1	1.7e-17	2.52485e-18
59652.144884	-1.5644213186e-14	1	1.7e-17	2.52485e-18
59652.144896	-1.3615379542e-14	1	1.7e-17	2.52485e-18
59652.144907	-1.6775952541e-14	1	1.7e-17	2.52485e-18
59652.144919	-1.7395618976e-14	1	1.7e-17	2.52485e-18
59652.144931	-1.3351050205e-14	1	1.7e-17	2.52485e-18
59652.144942	-1.0667324568e-14	1	1.7e-17	2.52485e-18
59652.144954	-1.3446935182e-14	1	1.7e-17	2.52485e-18
59652.144965	-1.3880969264e-14	1	1.7e-17	2.52485e-18
59652.144977	-1.5784480995e-14	1	1.7e-17	2.52485e-18
59652.144988	-1.6154624228e-14	1	1.7e-17	2.52485e-18
59652.145000	-1.6274720795e-14	1	1.7e-17	2.52485e-18
59652.145012	-1.5148434637e-14	1	1.7e-17	2.52485e-18
59652.145023	-1.4999269594e-14	1	1.7e-17	2.52485e-18
59652.145035	-1.6477187927e-14	1	1.7e-17	2.52485e-18
59652.145046	-1.6183393703e-14	1	1.7e-17	2.52485e-18
59652.145058	-1.7638490427e-14	1	1.7e-17	2.52485e-18
59652.145069	-1.5976039190e-14	1	1.7e-17	2.52485e-18
59652.145081	-1.7058622683e-14	1	1.7e-17	2.52485e-18
59652.145093	-1.6998018322e-14	1	1.7e-17	2.52485e-18
59652.145104	-1.4588693243e-14	1	1.7e-17	2.52485e-18
59652.145116	-1.6301917329e-14	1	1.7e-17	2.52485e-18
59652.145127	-1.4382853225e-14	1	1.7e-17	2.52485e-18
59652.145139	-1.7160584274e-14	1	1.7e-17	2.52485e-18
59652.145150	-1.4529235765e-14	1	1.7e-17	2.52485e-18
59652.145162	-1.3166635886e-14	1	1.7e-17	2.52485e-18
59652.145174	-1.4486098071e-14	1	1.7e-17	2.52485e-18
59652.145185	-1.5874542620e-14	1	1.7e-17	2.52485e-18
59652.145197	-1.6414355870e-14	1	1.7e-17	2.52485e-18
59652.145208	-1.3845469266e-14	1	1.7e-17	2.52485e-18
59652.145220	-1.4990381678e-14	1	1.7e-17	2.52485e-18
59652.145231	-1.9885558722e-14	1	1.7e-17	2.52485e-18
59652.145243	-1.2924027015e-14	1	1.7e-17	2.52485e-18
59652.145255	-1.4694067530e-14	1	1.7e-17	2.52485e-18
59652.145266	-1.5051934715e-14	1	1.7e-17	2.52485e-18
59652.145278	-1.8906151465e-14	1	1.7e-17	2.52485e-18
59652.145289	-1.6063896835e-14	1	1.7e-17	2.52485e-18
59652.145301	-1.4086365436e-14	1	1.7e-17	2.52485e-18
59652.145312	-1.3111350893e-14	1	1.7e-17	2.52485e-18
59652.145324	-1.4005152764e-14	1	1.7e-17	2.52485e-18
59652.145336	-1.4946285142e-14	1	1.7e-17	2.52485e-18
59652.145347	-1.3336807346e-14	1	1.7e-17	2.52485e-18
59652.145359	-1.5422070325e-14	1	1.7e-17	2.52485e-18
59652.145370	-1.5404889109e-14	1	1.7e-17	2.52485e-18
59652.145382	-1.4482539686e-14	1	1.7e-17	2.52485e-18
59652.145394	-1.7350078249e-14	1	1.7e-17	2.52485e-18
59652.145405	-1.5697356033e-14	1	1.7e-17	2.52485e-18
59652.145417	-1.6351569553e-14	1	1.7e-17	2.52485e-18
59652.145428	-1.5397297153e-14	1	1.7e-17	2.52485e-18
59652.145440	-1.6414652332e-14	1	1.7e-17	2.52485e-18
59652.145451	-1.5244551701e-14	1	1.7e-17	2.52485e-18
59652.145463	-1.6056105826e-14	1	1.7e-17	2.52485e-18
59652.145475	-1.5685395081e-14	1	1.7e-17	2.52485e-18
59652.145486	-1.5241138158e-14	1	1.7e-17	2.52485e-18
59652.145498	-1.2161928603e-14	1	1.7e-17	2.52485e-18
59652.145509	-1.4948287528e-14	1	1.7e-17	2.52485e-18
59652.145521	-1.2720052164e-14	1	1.7e-17	2.52485e-18
59652.145532	-1.2035462348e-14	1	1.7e-17	2.52485e-18
59652.145544	-1.5201816348e-14	1	1.7e-17	2.52485e-18
59652.145556	-1.4356688378e-14	1	1.7e-17	2.52485e-18
59652.145567	-9.4402440306e-15	1	1.7e-17	2.52485e-18
59652.145579	-1.2752210617e-14	1	1.7e-17	2.52485e-18
59652.145590	-1.5123379403e-14	1	1.7e-17	2.52485e-18
59652.145602	-1.3884529343e-14	1	1.7e-17	2.52485e-18
59652.145613	-1.4037976985e-14	1	1.7e-17	2.52485e-18
59652.145625	-1.3700504659e-14	1	1.7e-17	2.52485e-18
59652.145637	-1.7207484488e-14	1	1.7e-17	2.52485e-18
59652.145648	-1.8850404839e-14	1	1.7e-17	2.52485e-18
59652.145660	-1.5815258784e-14	1	1.7e-17	2.52485e-18
59652.145671	-1.4456120728e-14	1	1.7e-17	2.52485e-18
59652.145683	-1.8120340365e-14	1	1.7e-17	2.52485e-18
59652.145694	-1.7586114992e-14	1	1.7e-17	2.52485e-18
59652.145706	-1.8273774455e-14	1	1.7e-17	2.52485e-18
59652.145718	-1.3674965769e-14	1	1.7e-17	2.52485e-18
59652.145729	-1.2734339069e-14	1	1.7e-17	2.52485e-18
59652.145741	-1.3618522034e-14	1	1.7e-17	2.52485e-18
59652.145752	-1.5702706740e-14	1	1.7e-17	2.52485e-18
59652.145764	-1.0796620759e-14	1	1.7e-17	2.52485e-18
59652.145775	-1.1822586875e-14	1	1.7e-17	2.52485e-18
59652.145787	-1.0505556521e-14	1	1.7e-17	2.52485e-18
59652.145799	-1.3451704824e-14	1	1.7e-17	2.52485e-18
59652.145810	-1.4025166458e-14	1	1.7e-17	2.52485e-18
59652.145822	-1.3736609438e-14	1	1.7e-17	2.52485e-18
59652.145833	-1.7166735427e-14	1	1.7e-17	2.52485e-18
59652.145845	-1.4725736398e-14	1	1.7e-17	2.52485e-18
59652.145856	-1.5204970699e-14	1	1.7e-17	2.52485e-18
59652.145868	-1.5058876997e-14	1	1.7e-17	2.52485e-18
59652.145880	-1.8662405029e-14	1	1.7e-17	2.52485e-18
59652.145891	-1.6518881430e-14	1	1.7e-17	2.52485e-18
59652.145903	-1.4324629028e-14	1	1.7e-17	2.52485e-18
59652.145914	-1.4023969601e-14	1	1.7e-17	2.52485e-18
59652.145926	-1.6002830842e-14	1	1.7e-17	2.52485e-18
59652.145937	-1.5344940352e-14	1	1.7e-17	2.52485e-18
59652.145949	-1.2941805390e-14	1	1.7e-17	2.52485e-18
59652.145961	-1.5074735148e-14	1	1.7e-17	2.52485e-18
59652.145972	-1.3995274666e-14	1	1.7e-17	2.52485e-18
59652.145984	-1.4020601798e-14	1	1.7e-17	2.52485e-18
59652.146146	-1.4078542240e-14	1	1.7e-17	2.52485e-18
59652.146157	-1.8175309416e-14	1	1.7e-17	2.52485e-18
59652.146169	-1.5720217452e-14	1	1.7e-17	2.52485e-18
59652.146181	-1.2397721399e-14	1	1.7e-17	2.52485e-18
59652.146204	-1.8802252710e-14	1	1.7e-17	2.52485e-18
59652.146215	-1.3832585048e-14	1	1.7e-17	2.52485e-18
59652.146227	-1.3108657328e-14	1	1.7e-17	2.52485e-18
59652.146238	-1.3893402860e-14	1	1.7e-17	2.52485e-18
59652.146250	-1.4607941220e-14	1	1.7e-17	2.52485e-18
59652.146262	-9.5054714967e-15	1	1.7e-17	2.52485e-18
59652.146273	-1.3190137662e-14	1	1.7e-17	2.52485e-18
59652.146285	-1.4515651051e-14	1	1.7e-17	2.52485e-18
59652.146296	-1.5635777585e-14	1	1.7e-17	2.52485e-18
59652.146308	-1.3519365816e-14	1	1.7e-17	2.52485e-18
59652.146319	-1.4082935800e-14	1	1.7e-17	2.52485e-18
59652.146331	-1.3137906222e-14	1	1.7e-17	2.52485e-18
59652.146343	-1.1825915715e-14	1	1.7e-17	2.52485e-18
59652.146354	-1.5014819425e-14	1	1.7e-17	2.52485e-18
59652.146366	-1.5209511642e-14	1	1.7e-17	2.52485e-18
59652.146377	-1.4249099947e-14	1	1.7e-17	2.52485e-18
59652.146389	-1.8138245795e-14	1	1.7e-17	2.52485e-18
59652.146400	-1.5662860616e-14	1	1.7e-17	2.52485e-18
59652.146412	-1.6201276262e-14	1	1.7e-17	2.52485e-18
59652.146424	-1.4863996739e-14	1	1.7e-17	2.52485e-18
59652.146435	-1.7090158566e-14	1	1.7e-17	2.52485e-18
59652.146447	-1.6364098017e-14	1	1.7e-17	2.52485e-18
59652.146458	-1.4655214129e-14	1	1.7e-17	2.52485e-18
59652.146470	-1.3066143050e-14	1	1.7e-17	2.52485e-18
59652.146481	-1.2532224302e-14	1	1.7e-17	2.52485e-18
59652.146493	-1.3557054547e-14	1	1.7e-17	2.52485e-18
59652.146505	-1.5066601090e-14	1	1.7e-17	2.52485e-18
59652.146516	-9.3194800022e-15	1	1.7e-17	2.52485e-18
59652.146528	-1.3218478537e-14	1	1.7e-17	2.52485e-18
59652.146539	-1.6522941259e-14	1	1.7e-17	2.52485e-18
59652.146551	-1.2910023019e-14	1	1.7e-17	2.52485e-18
59652.146562	-1.4030179199e-14	1	1.7e-17	2.52485e-18
59652.146574	-1.4725631366e-14	1	1.7e-17	2.52485e-18
59652.146586	-1.9150605174e-14	1	1.7e-17	2.52485e-18
59652.146597	-1.5770470223e-14	1	1.7e-17	2.52485e-18
59652.146609	-1.6999926687e-14	1	1.7e-17	2.52485e-18
59652.146620	-1.9101940590e-14	1	1.7e-17	2.52485e-18
59652.146632	-1.7050126942e-14	1	1.7e-17	2.52485e-18
59652.146644	-1.2255133567e-14	1	1.7e-17	2.52485e-18
59652.146655	-1.5666524881e-14	1	1.7e-17	2.52485e-18
59652.146667	-1.3782189975e-14	1	1.7e-17	2.52485e-18
59652.146678	-1.3109815222e-14	1	1.7e-17	2.52485e-18
59652.146690	-1.1935150778e-14	1	1.7e-17	2.52485e-18
59652.146701	-1.4724780945e-14	1	1.7e-17	2.52485e-18
59652.146713	-1.4254314282e-14	1	1.7e-17	2.52485e-18
59652.146725	-1.5108085376e-14	1	1.7e-17	2.52485e-18
59652.146736	-1.2708230125e-14	1	1.7e-17	2.52485e-18
59652.146748	-1.4852663438e-14	1	1.7e-17	2.52485e-18
59652.146852	-1.9399202568e-14	1	1.7e-17	2.52485e-18
59652.146863	-1.4163193865e-14	1	1.7e-17	2.52485e-18
59652.146875	-1.6307273118e-14	1	1.7e-17	2.52485e-18
59652.146887	-1.0987514033e-14	1	1.7e-17	2.52485e-18
59652.146898	-2.0319368340e-14	1	1.7e-17	2.52485e-18
59652.146910	-1.8871172393e-14	1	1.7e-17	2.52485e-18
59652.146921	-1.8116723535e-14	1	1.7e-17	2.52485e-18
59652.146933	-1.2199213299e-14	1	1.7e-17	2.52485e-18
59652.146944	-1.3210301281e-14	1	1.7e-17	2.52485e-18
59652.146956	-1.6225024525e-14	1	1.7e-17	2.52485e-18
59652.146968	-1.5843085510e-14	1	1.7e-17	2.52485e-18
59652.146979	-1.4362243220e-14	1	1.7e-17	2.52485e-18
59652.146991	-1.4590550786e-14	1	1.7e-17	2.52485e-18
59652.147002	-1.3351824393e-14	1	1.7e-17	2.52485e-18
59652.147014	-1.7943863592e-14	1	1.7e-17	2.52485e-18
59652.147025	-1.3528443468e-14	1	1.7e-17	2.52485e-18
59652.147037	-1.5495829107e-14	1	1.7e-17	2.52485e-18
59652.147049	-1.4259725975e-14	1	1.7e-17	2.52485e-18
59652.147060	-1.9750591645e-14	1	1.7e-17	2.52485e-18
59652.147072	-1.4087109978e-14	1	1.7e-17	2.52485e-18
59652.147083	-1.8129916073e-14	1	1.7e-17	2.52485e-18
59652.147095	-1.9247022934e-14	1	1.7e-17	2.52485e-18
59652.147106	-1.5372221589e-14	1	1.7e-17	2.52485e-18
59652.147118	-1.8301724001e-14	1	1.7e-17	2.52485e-18
59652.147130	-1.7984969254e-14	1	1.7e-17	2.52485e-18
59652.147141	-1.6639557367e-14	1	1.7e-17	2.52485e-18
59652.147153	-1.2341048966e-14	1	1.7e-17	2.52485e-18
59652.147164	-1.3581111977e-14	1	1.7e-17	2.52485e-18
59652.147176	-1.6314453416e-14	1	1.7e-17	2.52485e-18
59652.147187	-1.5652635235e-14	1	1.7e-17	2.52485e-18
59652.147199	-1.0631125768e-14	1	1.7e-17	2.52485e-18
59652.147211	-1.3133560943e-14	1	1.7e-17	2.52485e-18
59652.147222	-1.8973883608e-14	1	1.7e-17	2.52485e-18
59652.147234	-1.5766966895e-14	1	1.7e-17	2.52485e-18
59652.147245	-1.5400187229e-14	1	1.7e-17	2.52485e-18
59652.147257	-1.5130066728e-14	1	1.7e-17	2.52485e-18
59652.147269	-1.4135442525e-14	1	1.7e-17	2.52485e-18
59652.147280	-1.4677184469e-14	1	1.7e-17	2.52485e-18
59652.147292	-1.3477225927e-14	1	1.7e-17	2.52485e-18
59652.147303	-1.4778288863e-14	1	1.7e-17	2.52485e-18
59652.147315	-1.3810592684e-14	1	1.7e-17	2.52485e-18
59652.147326	-1.5522658029e-14	1	1.7e-17	2.52485e-18
59652.147338	-1.2552523447e-14	1	1.7e-17	2.52485e-18
59652.147350	-1.3782874378e-14	1	1.7e-17	2.52485e-18
59652.147361	-1.4166265207e-14	1	1.7e-17	2.52485e-18
59652.147373	-1.3650408589e-14	1	1.7e-17	2.52485e-18
59652.147384	-1.7237680365e-14	1	1.7e-17	2.52485e-18
59652.147396	-1.3993576365e-14	1	1.7e-17	2.52485e-18
59652.147407	-1.6885910971e-14	1	1.7e-17	2.52485e-18
59652.147419	-1.3706647342e-14	1	1.7e-17	2.52485e-18
59652.147431	-1.3809277242e-14	1	1.7e-17	2.52485e-18
59652.147442	-1.2658528773e-14	1	1.7e-17	2.52485e-18
59652.147454	-1.4617558432e-14	1	1.7e-17	2.52485e-18
59652.147465	-1.5120134420e-14	1	1.7e-17	2.52485e-18
59652.147477	-1.2844581254e-14	1	1.7e-17	2.52485e-18
59652.147488	-1.3503282355e-14	1	1.7e-17	2.52485e-18
59652.147500	-1.4951115771e-14	1	1.7e-17	2.52485e-18
59652.147512	-1.6451090842e-14	1	1.7e-17	2.52485e-18
59652.147523	-1.5687837077e-14	1	1.7e-17	2.52485e-18
59652.147535	-1.3386551897e-14	1	1.7e-17	2.52485e-18
59652.147546	-1.4237983486e-14	1	1.7e-17	2.52485e-18
59652.147558	-1.5060864136e-14	1	1.7e-17	2.52485e-18
59652.147569	-1.4599265908e-14	1	1.7e-17	2.52485e-18
59652.147581	-1.3470016830e-14	1	1.7e-17	2.52485e-18
59652.147593	-1.2535737795e-14	1	1.7e-17	2.52485e-18
59652.147604	-1.1842793693e-14	1	1.7e-17	2.52485e-18
59652.147616	-1.1069790578e-14	1	1.7e-17	2.52485e-18
59652.147627	-1.0966146780e-14	1	1.7e-17	2.52485e-18
59652.147639	-1.2732946547e-14	1	1.7e-17	2.52485e-18
59652.147650	-1.1207751917e-14	1	1.7e-17	2.52485e-18
59652.147662	-1.4429381592e-14	1	1.7e-17	2.52485e-18
59652.147674	-1.4344992547e-14	1	1.7e-17	2.52485e-18
59652.147685	-1.2151805712e-14	1	1.7e-17	2.52485e-18
59652.147697	-1.5160100822e-14	1	1.7e-17	2.52485e-18
59652.147708	-1.3361725361e-14	1	1.7e-17	2.52485e-18
59652.147720	-1.5595451193e-14	1	1.7e-17	2.52485e-18
59652.147731	-1.6043503670e-14	1	1.7e-17	2.52485e-18
59652.147743	-1.4195154112e-14	1	1.7e-17	2.52485e-18
59652.147755	-1.6319522909e-14	1	1.7e-17	2.52485e-18
59652.147766	-1.8424114332e-14	1	1.7e-17	2.52485e-18
59652.147778	-1.7243314829e-14	1	1.7e-17	2.52485e-18
59652.147789	-1.5952288386e-14	1	1.7e-17	2.52485e-18
59652.147801	-1.5256372046e-14	1	1.7e-17	2.52485e-18
59652.147812	-1.4384769214e-14	1	1.7e-17	2.52485e-18
59652.147824	-1.3241145986e-14	1	1.7e-17	2.52485e-18
59652.147836	-1.6299142449e-14	1	1.7e-17	2.52485e-18
59652.147847	-1.3046507979e-14	1	1.7e-17	2.52485e-18
59652.147859	-1.2129984449e-14	1	1.7e-17	2.52485e-18
59652.147870	-1.4955461897e-14	1	1.7e-17	2.52485e-18
59652.147882	-1.3484877176e-14	1	1.7e-17	2.52485e-18
59652.147894	-1.2761055335e-14	1	1.7e-17	2.52485e-18
59652.147905	-1.1544870183e-14	1	1.7e-17	2.52485e-18
59652.147917	-1.5601297415e-14	1	1.7e-17	2.52485e-18
59652.147928	-1.5669251480e-14	1	1.7e-17	2.52485e-18
59652.147940	-1.6109221568e-14	1	1.7e-17	2.52485e-18
59652.147951	-1.4992879578e-14	1	1.7e-17	2.52485e-18
59652.147963	-1.3653086908e-14	1	1.7e-17	2.52485e-18
59652.147975	-1.4899113878e-14	1	1.7e-17	2.52485e-18
59652.147986	-1.2747242769e-14	1	1.7e-17	2.52485e-18
59652.147998	-1.6339434959e-14	1	1.7e-17	2.52485e-18
59652.148009	-1.4800877537e-14	1	1.7e-17	2.52485e-18
59652.148021	-1.5067742044e-14	1	1.7e-17	2.52485e-18
59652.148032	-1.3602372504e-14	1	1.7e-17	2.52485e-18
59652.148044	-1.6032245755e-14	1	1.7e-17	2.52485e-18
59652.148056	-1.4505767023e-14	1	1.7e-17	2.52485e-18
59652.148067	-1.2954671820e-14	1	1.7e-17	2.52485e-18
59652.148079	-1.6723553389e-14	1	1.7e-17	2.52485e-18
59652.148090	-1.4732862486e-14	1	1.7e-17	2.52485e-18
59652.148102	-1.2606255829e-14	1	1.7e-17	2.52485e-18
59652.148113	-1.6226919338e-14	1	1.7e-17	2.52485e-18
59652.148125	-1.5149988096e-14	1	1.7e-17	2.52485e-18
59652.148137	-1.5008210027e-14	1	1.7e-17	2.52485e-18
59652.148148	-1.2090007035e-14	1	1.7e-17	2.52485e-18
59652.148160	-1.5933939958e-14	1	1.7e-17	2.52485e-18
59652.148171	-1.5050756492e-14	1	1.7e-17	2.52485e-18
59652.148183	-1.3829329053e-14	1	1.7e-17	2.52485e-18
59652.148194	-1.5130083669e-14	1	1.7e-17	2.52485e-18
59652.148206	-1.6135564293e-14	1	1.7e-17	2.52485e-18
59652.148218	-1.5267734146e-14	1	1.7e-17	2.52485e-18
59652.148229	-1.3908609643e-14	1	1.7e-17	2.52485e-18
59652.148241	-1.4411144973e-14	1	1.7e-17	2.52485e-18
59652.148252	-1.5384897437e-14	1	1.7e-17	2.52485e-18
59652.148264	-1.3545102912e-14	1	1.7e-17	2.52485e-18
59652.148275	-1.4287160525e-14	1	1.7e-17	2.52485e-18
59652.148287	-1.4746415860e-14	1	1.7e-17	2.52485e-18
59652.148299	-1.7423383869e-14	1	1.7e-17	2.52485e-18
59652.148310	-1.4575991984e-14	1	1.7e-17	2.52485e-18
59652.148322	-1.3294374384e-14	1	1.7e-17	2.52485e-18
59652.148333	-1.1705202508e-14	1	1.7e-17	2.52485e-18
59652.148345	-1.4155560404e-14	1	1.7e-17	2.52485e-18
59652.148356	-1.2296812670e-14	1	1.7e-17	2.52485e-18
59652.148368	-1.1916400856e-14	1	1.7e-17	2.52485e-18
59652.148380	-1.1846590095e-14	1	1.7e-17	2.52485e-18
59652.148391	-1.3456310142e-14	1	1.7e-17	2.52485e-18
59652.148403	-1.6033012320e-14	1	1.7e-17	2.52485e-18
59652.148414	-1.4054824470e-14	1	1.7e-17	2.52485e-18
59652.148426	-1.3448666517e-14	1	1.7e-17	2.52485e-18
59652.148438	-1.5212376308e-14	1	1.7e-17	2.52485e-18
59652.148449	-1.7250335885e-14	1	1.7e-17	2.52485e-18
59652.148461	-1.4548080554e-14	1	1.7e-17	2.52485e-18
59652.148472	-1.2668199348e-14	1	1.7e-17	2.52485e-18
59652.148484	-1.2378987572e-14	1	1.7e-17	2.52485e-18
59652.148495	-1.5846000151e-14	1	1.7e-17	2.52485e-18
59652.148507	-1.4516345618e-14	1	1.7e-17	2.52485e-18
59652.148519	-1.4094341098e-14	1	1.7e-17	2.52485e-18
59652.148530	-1.3676852111e-14	1	1.7e-17	2.52485e-18
59652.148542	-1.3241759238e-14	1	1.7e-17	2.52485e-18
59652.148553	-1.5140901973e-14	1	1.7e-17	2.52485e-18
59652.148565	-1.6620696484e-14	1	1.7e-17	2.52485e-18
59652.148576	-1.4419145199e-14	1	1.7e-17	2.52485e-18
59652.148588	-1.3388614422e-14	1	1.7e-17	2.52485e-18
59652.148600	-1.3569864226e-14	1	1.7e-17	2.52485e-18
59652.148611	-1.6020266168e-14	1	1.7e-17	2.52485e-18
59652.148623	-1.3712153903e-14	1	1.7e-17	2.52485e-18
59652.148634	-1.4654731320e-14	1	1.7e-17	2.52485e-18
59652.148646	-1.2721824157e-14	1	1.7e-17	2.52485e-18
59652.148657	-1.4251074381e-14	1	1.7e-17	2.52485e-18
59652.148669	-1.5680302719e-14	1	1.7e-17	2.52485e-18
59652.148681	-1.4599994357e-14	1	1.7e-17	2.52485e-18
59652.148692	-1.5829651568e-14	1	1.7e-17	2.52485e-18
59652.148704	-1.6796841221e-14	1	1.7e-17	2.52485e-18
59652.148715	-1.5245210693e-14	1	1.7e-17	2.52485e-18
59652.148727	-1.3485815688e-14	1	1.7e-17	2.52485e-18
59652.148738	-1.5300239882e-14	1	1.7e-17	2.52485e-18
59652.148750	-1.4583711842e-14	1	1.7e-17	2.52485e-18
59652.148762	-1.3524293007e-14	1	1.7e-17	2.52485e-18
59652.148773	-1.4509241553e-14	1	1.7e-17	2.52485e-18
59652.148785	-1.6728482274e-14	1	1.7e-17	2.52485e-18
59652.148796	-1.6035065528e-14	1	1.7e-17	2.52485e-18
59652.148808	-1.4039161984e-14	1	1.7e-17	2.52485e-18
59652.148819	-1.5586054210e-14	1	1.7e-17	2.52485e-18
59652.148831	-1.5457394140e-14	1	1.7e-17	2.52485e-18
59652.148843	-1.4884666884e-14	1	1.7e-17	2.52485e-18
59652.148854	-1.3497847791e-14	1	1.7e-17	2.52485e-18
59652.148866	-1.3645382296e-14	1	1.7e-17	2.52485e-18
59652.148877	-1.4878511495e-14	1	1.7e-17	2.52485e-18
59652.148889	-1.4472133039e-14	1	1.7e-17	2.52485e-18
59652.148900	-1.4350294126e-14	1	1.7e-17	2.52485e-18
59652.148912	-1.1470175429e-14	1	1.7e-17	2.52485e-18
59652.148924	-1.4668489676e-14	1	1.7e-17	2.52485e-18
59652.148935	-1.3211313486e-14	1	1.7e-17	2.52485e-18
59652.148947	-1.4839287093e-14	1	1.7e-17	2.52485e-18
59652.148958	-1.5377723915e-14	1	1.7e-17	2.52485e-18
59652.148970	-1.4603092803e-14	1	1.7e-17	2.52485e-18
59652.148981	-1.4122325373e-14	1	1.7e-17	2.52485e-18
59652.148993	-1.5379971094e-14	1	1.7e-17	2.52485e-18
59652.149005	-1.5044817097e-14	1	1.7e-17	2.52485e-18
59652.149016	-1.4978696858e-14	1	1.7e-17	2.52485e-18
59652.149028	-1.7267501854e-14	1	1.7e-17	2.52485e-18
59652.149039	-1.4117358371e-14	1	1.7e-17	2.52485e-18
59652.149051	-1.5133554810e-14	1	1.7e-17	2.52485e-18
59652.149063	-1.5875991893e-14	1	1.7e-17	2.52485e-18
59652.149074	-1.7100062922e-14	1	1.7e-17	2.52485e-18
59652.149086	-1.4907787495e-14	1	1.7e-17	2.52485e-18
59652.149097	-1.5156223105e-14	1	1.7e-17	2.52485e-18
59652.149109	-1.3058645114e-14	1	1.7e-17	2.52485e-18
59652.149120	-1.3636679879e-14	1	1.7e-17	2.52485e-18
59652.149132	-1.3475239635e-14	1	1.7e-17	2.52485e-18
59652.149144	-1.5012564624e-14	1	1.7e-17	2.52485e-18
59652.149155	-1.3210534215e-14	1	1.7e-17	2.52485e-18
59652.149167	-1.4554352833e-14	1	1.7e-17	2.52485e-18
59652.149178	-1.4586551097e-14	1	1.7e-17	2.52485e-18
59652.149190	-1.5110071668e-14	1	1.7e-17	2.52485e-18
59652.149201	-1.5276211252e-14	1	1.7e-17	2.52485e-18
59652.149213	-1.4469233645e-14	1	1.7e-17	2.52485e-18
59652.149225	-1.3318955280e-14	1	1.7e-17	2.52485e-18
59652.149236	-1.3918339510e-14	1	1.7e-17	2.52485e-18
59652.149248	-1.6785158096e-14	1	1.7e-17	2.52485e-18
59652.149259	-1.4210049187e-14	1	1.7e-17	2.52485e-18
59652.149271	-1.4017762543e-14	1	1.7e-17	2.52485e-18
59652.149282	-1.3016204529e-14	1	1.7e-17	2.52485e-18
59652.149294	-1.5078533244e-14	1	1.7e-17	2.52485e-18
59652.149306	-1.5466209212e-14	1	1.7e-17	2.52485e-18
59652.149317	-1.4139430356e-14	1	1.7e-17	2.52485e-18
59652.149329	-1.4748540219e-14	1	1.7e-17	2.52485e-18
59652.149340	-1.5388309286e-14	1	1.7e-17	2.52485e-18
59652.149352	-1.5433900834e-14	1	1.7e-17	2.52485e-18
59652.149363	-1.4879064608e-14	1	1.7e-17	2.52485e-18
59652.149375	-1.6119136936e-14	1	1.7e-17	2.52485e-18
59652.149387	-1.6942430091e-14	1	1.7e-17	2.52485e-18
59652.149398	-1.4401436281e-14	1	1.7e-17	2.52485e-18
59652.149410	-1.4215908961e-14	1	1.7e-17	2.52485e-18
59652.149421	-1.3484798402e-14	1	1.7e-17	2.52485e-18
59652.149433	-1.3632420151e-14	1	1.7e-17	2.52485e-18
59652.149444	-1.3212204564e-14	1	1.7e-17	2.52485e-18
59652.149456	-1.1901543051e-14	1	1.7e-17	2.52485e-18
59652.149468	-1.2603928182e-14	1	1.7e-17	2.52485e-18
59652.149479	-1.5260232822e-14	1	1.7e-17	2.52485e-18
59652.149491	-1.5049455449e-14	1	1.7e-17	2.52485e-18
59652.149502	-1.3485332032e-14	1	1.7e-17	2.52485e-18
59652.149514	-1.2375790022e-14	1	1.7e-17	2.52485e-18
59652.149525	-1.4880764603e-14	1	1.7e-17	2.52485e-18
59652.149537	-1.5246600674e-14	1	1.7e-17	2.52485e-18
59652.149549	-1.4355898943e-14	1	1.7e-17	2.52485e-18
59652.149560	-1.3596088366e-14	1	1.7e-17	2.52485e-18
59652.149572	-1.3112377496e-14	1	1.7e-17	2.52485e-18
59652.149583	-1.4425670741e-14	1	1.7e-17	2.52485e-18
59652.149595	-1.4115828630e-14	1	1.7e-17	2.52485e-18
59652.149606	-1.3170899850e-14	1	1.7e-17	2.52485e-18
59652.149618	-1.2359685385e-14	1	1.7e-17	2.52485e-18
59652.149630	-1.4219336903e-14	1	1.7e-17	2.52485e-18
59652.149641	-1.3822786570e-14	1	1.7e-17	2.52485e-18
59652.149653	-1.4306394102e-14	1	1.7e-17	2.52485e-18
59652.149664	-1.5314316723e-14	1	1.7e-17	2.52485e-18
59652.149676	-1.1983856019e-14	1	1.7e-17	2.52485e-18
59652.149688	-1.3468981755e-14	1	1.7e-17	2.52485e-18
59652.149699	-1.4731641064e-14	1	1.7e-17	2.52485e-18
59652.149711	-1.6640454375e-14	1	1.7e-17	2.52485e-18
59652.149722	-1.3936986093e-14	1	1.7e-17	2.52485e-18
59652.149734	-1.2992300412e-14	1	1.7e-17	2.52485e-18
59652.149745	-1.5254923620e-14	1	1.7e-17	2.52485e-18
59652.149757	-1.5277933270e-14	1	1.7e-17	2.52485e-18
59652.149769	-1.6672065645e-14	1	1.7e-17	2.52485e-18
59652.149780	-1.4673837842e-14	1	1.7e-17	2.52485e-18
59652.149792	-1.6735872636e-14	1	1.7e-17	2.52485e-18
59652.149803	-1.2539002260e-14	1	1.7e-17	2.52485e-18
59652.149815	-1.5012541754e-14	1	1.7e-17	2.52485e-18
59652.149826	-1.3216336391e-14	1	1.7e-17	2.52485e-18
59652.149838	-1.2836411621e-14	1	1.7e-17	2.52485e-18
59652.149850	-1.3115148988e-14	1	1.7e-17	2.52485e-18
59652.149861	-1.4380764442e-14	1	1.7e-17	2.52485e-18
59652.149873	-1.5923897536e-14	1	1.7e-17	2.52485e-18
59652.149884	-1.7574464900e-14	1	1.7e-17	2.52485e-18
59652.149896	-1.6912143581e-14	1	1.7e-17	2.52485e-18
59652.149907	-1.4706531620e-14	1	1.7e-17	2.52485e-18
59652.149919	-1.3534509071e-14	1	1.7e-17	2.52485e-18
59652.149931	-1.3243697249e-14	1	1.7e-17	2.52485e-18
59652.149942	-1.5911340272e-14	1	1.7e-17	2.52485e-18
59652.149954	-1.4933909144e-14	1	1.7e-17	2.52485e-18
59652.149965	-1.3867267659e-14	1	1.7e-17	2.52485e-18
59652.149977	-1.5811922321e-14	1	1.7e-17	2.52485e-18
59652.149988	-1.3522676021e-14	1	1.7e-17	2.52485e-18
59652.150000	-1.3313776520e-14	1	1.7e-17	2.52485e-18
59652.150012	-1.4653752150e-14	1	1.7e-17	2.52485e-18
59652.150023	-1.5648588958e-14	1	1.7e-17	2.52485e-18
59652.150035	-1.8713166867e-14	1	1.7e-17	2.52485e-18
59652.150046	-1.6411235401e-14	1	1.7e-17	2.52485e-18
59652.150058	-1.7823938126e-14	1	1.7e-17	2.52485e-18
59652.150069	-1.6069555016e-14	1	1.7e-17	2.52485e-18
59652.150081	-1.6640082527e-14	1	1.7e-17	2.52485e-18
59652.150093	-1.7162534990e-14	1	1.7e-17	2.52485e-18
59652.150104	-1.6169751390e-14	1	1.7e-17	2.52485e-18
59652.150116	-1.2941602949e-14	1	1.7e-17	2.52485e-18
59652.150127	-1.5906866244e-14	1	1.7e-17	2.52485e-18
59652.150139	-1.4643837629e-14	1	1.7e-17	2.52485e-18
59652.150150	-1.9148239411e-14	1	1.7e-17	2.52485e-18
59652.150162	-1.3980788708e-14	1	1.7e-17	2.52485e-18
59652.150174	-1.7098822866e-14	1	1.7e-17	2.52485e-18
59652.150185	-1.3591721065e-14	1	1.7e-17	2.52485e-18
59652.150197	-1.6552368031e-14	1	1.7e-17	2.52485e-18
59652.150208	-1.4990548543e-14	1	1.7e-17	2.52485e-18
59652.150220	-1.4709215020e-14	1	1.7e-17	2.52485e-18
59652.150231	-1.3013586350e-14	1	1.7e-17	2.52485e-18
59652.150243	-1.3037858926e-14	1	1.7e-17	2.52485e-18
59652.150255	-1.2706547071e-14	1	1.7e-17	2.52485e-18
59652.150266	-1.3478007738e-14	1	1.7e-17	2.52485e-18
59652.150278	-1.4944974782e-14	1	1.7e-17	2.52485e-18
59652.150289	-1.4547101384e-14	1	1.7e-17	2.52485e-18
59652.150301	-1.5640388832e-14	1	1.7e-17	2.52485e-18
59652.150313	-1.6729145501e-14	1	1.7e-17	2.52485e-18
59652.150324	-1.4050461403e-14	1	1.7e-17	2.52485e-18
59652.150336	-1.4223742321e-14	1	1.7e-17	2.52485e-18
59652.150347	-1.3562499275e-14	1	1.7e-17	2.52485e-18
59652.150359	-1.5187971594e-14	1	1.7e-17	2.52485e-18
59652.150370	-1.2536476407e-14	1	1.7e-17	2.52485e-18
59652.150382	-1.2694375207e-14	1	1.7e-17	2.52485e-18
59652.150394	-1.5590014936e-14	1	1.7e-17	2.52485e-18
59652.150405	-1.3393875344e-14	1	1.7e-17	2.52485e-18
59652.150417	-1.4774190917e-14	1	1.7e-17	2.52485e-18
59652.150428	-1.3150604093e-14	1	1.7e-17	2.52485e-18
59652.150440	-1.5744069053e-14	1	1.7e-17	2.52485e-18
59652.150451	-1.4466631560e-14	1	1.7e-17	2.52485e-18
59652.150463	-1.6421577673e-14	1	1.7e-17	2.52485e-18
59652.150475	-1.3756751035e-14	1	1.7e-17	2.52485e-18
59652.150486	-1.4180684249e-14	1	1.7e-17	2.52485e-18
59652.150498	-1.1316534664e-14	1	1.7e-17	2.52485e-18
59652.150509	-1.3950677534e-14	1	1.7e-17	2.52485e-18
59652.150521	-1.4557436880e-14	1	1.7e-17	2.52485e-18
59652.150532	-1.3267345562e-14	1	1.7e-17	2.52485e-18
59652.150544	-1.4489828405e-14	1	1.7e-17	2.52485e-18
59652.150556	-1.5359485602e-14	1	1.7e-17	2.52485e-18
59652.150567	-1.6411498828e-14	1	1.7e-17	2.52485e-18
59652.150579	-1.5183901601e-14	1	1.7e-17	2.52485e-18
59652.150590	-1.3628044378e-14	1	1.7e-17	2.52485e-18
59652.150602	-1.4191178987e-14	1	1.7e-17	2.52485e-18
59652.150613	-1.4439567163e-14	1	1.7e-17	2.52485e-18
59652.150764	-1.3096577791e-14	1	1.7e-17	2.52485e-18
59652.150775	-1.6069069666e-14	1	1.7e-17	2.52485e-18
59652.150787	-1.4286604872e-14	1	1.7e-17	2.52485e-18
59652.150799	-1.3133270411e-14	1	1.7e-17	2.52485e-18
59652.150810	-1.0879334373e-14	1	1.7e-17	2.52485e-18
59652.150822	-1.4619864903e-14	1	1.7e-17	2.52485e-18
59652.150833	-1.5609813484e-14	1	1.7e-17	2.52485e-18
59652.150845	-1.5299008296e-14	1	1.7e-17	2.52485e-18
59652.150856	-1.4713992286e-14	1	1.7e-17	2.52485e-18
59652.150868	-1.5620355656e-14	1	1.7e-17	2.52485e-18
59652.150880	-1.7463595911e-14	1	1.7e-17	2.52485e-18
59652.150891	-1.8805435860e-14	1	1.7e-17	2.52485e-18
59652.150903	-1.8748346686e-14	1	1.7e-17	2.52485e-18
59652.150914	-1.5996119800e-14	1	1.7e-17	2.52485e-18
59652.150926	-1.6095477612e-14	1	1.7e-17	2.52485e-18
59652.150938	-1.7291601636e-14	1	1.7e-17	2.52485e-18
59652.150949	-1.4933889662e-14	1	1.7e-17	2.52485e-18
59652.150961	-1.2595429054e-14	1	1.7e-17	2.52485e-18
59652.150972	-1.3711737163e-14	1	1.7e-17	2.52485e-18
59652.150984	-1.3497838474e-14	1	1.7e-17	2.52485e-18
59652.150995	-1.4086391694e-14	1	1.7e-17	2.52485e-18
59652.151007	-1.2861364365e-14	1	1.7e-17	2.52485e-18
59652.151019	-1.2078784696e-14	1	1.7e-17	2.52485e-18
59652.151030	-1.3963303407e-14	1	1.7e-17	2.52485e-18
59652.151042	-1.6311064438e-14	1	1.7e-17	2.52485e-18
59652.151053	-1.5671220831e-14	1	1.7e-17	2.52485e-18
59652.151065	-1.4056944594e-14	1	1.7e-17	2.52485e-18
59652.151076	-1.5541107253e-14	1	1.7e-17	2.52485e-18
59652.151088	-1.5521401032e-14	1	1.7e-17	2.52485e-18
59652.151100	-1.4220480398e-14	1	1.7e-17	2.52485e-18
59652.151111	-1.5323850079e-14	1	1.7e-17	2.52485e-18
59652.151123	-1.5130593583e-14	1	1.7e-17	2.52485e-18
59652.151134	-1.8108905421e-14	1	1.7e-17	2.52485e-18
59652.151146	-1.5357907579e-14	1	1.7e-17	2.52485e-18
59652.151157	-1.4802795220e-14	1	1.7e-17	2.52485e-18
59652.151169	-1.1316903123e-14	1	1.7e-17	2.52485e-18
59652.151181	-1.3468824207e-14	1	1.7e-17	2.52485e-18
59652.151192	-1.3706988696e-14	1	1.7e-17	2.52485e-18
59652.151204	-1.5059637633e-14	1	1.7e-17	2.52485e-18
59652.151215	-1.2887782475e-14	1	1.7e-17	2.52485e-18
59652.151227	-1.4261345502e-14	1	1.7e-17	2.52485e-18
59652.151238	-1.5483711454e-14	1	1.7e-17	2.52485e-18
59652.151250	-1.5376532140e-14	1	1.7e-17	2.52485e-18
59652.151262	-1.5924113529e-14	1	1.7e-17	2.52485e-18
59652.151273	-1.5544840128e-14	1	1.7e-17	2.52485e-18
59652.151285	-1.5231721693e-14	1	1.7e-17	2.52485e-18
59652.151296	-1.5195685523e-14	1	1.7e-17	2.52485e-18
59652.151308	-1.3748276470e-14	1	1.7e-17	2.52485e-18
59652.151319	-1.4945955647e-14	1	1.7e-17	2.52485e-18
59652.151331	-1.4876118627e-14	1	1.7e-17	2.52485e-18
59652.151343	-1.5535074685e-14	1	1.7e-17	2.52485e-18
59652.151354	-1.6126335022e-14	1	1.7e-17	2.52485e-18
59652.151366	-1.8752143935e-14	1	1.7e-17	2.52485e-18
59652.151377	-1.5352713573e-14	1	1.7e-17	2.52485e-18
59652.151389	-1.5574737850e-14	1	1.7e-17	2.52485e-18
59652.151400	-1.2992006491e-14	1	1.7e-17	2.52485e-18
59652.151412	-1.1632349204e-14	1	1.7e-17	2.52485e-18
59652.151424	-1.2449885923e-14	1	1.7e-17	2.52485e-18
59652.151435	-1.4212835078e-14	1	1.7e-17	2.52485e-18
59652.151447	-1.3183665483e-14	1	1.7e-17	2.52485e-18
59652.151458	-1.2085234004e-14	1	1.7e-17	2.52485e-18
59652.151470	-1.1511320055e-14	1	1.7e-17	2.52485e-18
59652.151481	-1.3284889309e-14	1	1.7e-17	2.52485e-18
59652.151493	-1.4984956432e-14	1	1.7e-17	2.52485e-18
59652.151505	-1.3362689285e-14	1	1.7e-17	2.52485e-18
59652.151516	-1.2433605103e-14	1	1.7e-17	2.52485e-18
59652.151528	-1.5465342697e-14	1	1.7e-17	2.52485e-18
59652.151539	-1.3461089102e-14	1	1.7e-17	2.52485e-18
59652.151551	-1.4890359792e-14	1	1.7e-17	2.52485e-18
59652.151563	-1.6263667862e-14	1	1.7e-17	2.52485e-18
59652.151574	-1.7864752409e-14	1	1.7e-17	2.52485e-18
59652.151586	-1.5262840837e-14	1	1.7e-17	2.52485e-18
59652.151597	-1.5331401377e-14	1	1.7e-17	2.52485e-18
59652.151609	-1.4509437217e-14	1	1.7e-17	2.52485e-18
59652.151620	-1.4982010451e-14	1	1.7e-17	2.52485e-18
59652.151632	-1.4603049605e-14	1	1.7e-17	2.52485e-18
59652.151644	-1.5261901477e-14	1	1.7e-17	2.52485e-18
59652.151655	-1.3351389865e-14	1	1.7e-17	2.52485e-18
59652.151667	-1.4966996792e-14	1	1.7e-17	2.52485e-18
59652.151678	-1.3049779221e-14	1	1.7e-17	2.52485e-18
59652.151690	-1.2102505853e-14	1	1.7e-17	2.52485e-18
59652.151701	-1.1787651848e-14	1	1.7e-17	2.52485e-18
59652.151713	-1.4111138609e-14	1	1.7e-17	2.52485e-18
59652.151725	-1.3569204388e-14	1	1.7e-17	2.52485e-18
59652.151736	-1.3205973790e-14	1	1.7e-17	2.52485e-18
59652.151748	-1.1724433544e-14	1	1.7e-17	2.52485e-18
59652.151759	-1.2025936616e-14	1	1.7e-17	2.52485e-18
59652.151771	-1.1817151465e-14	1	1.7e-17	2.52485e-18
59652.151782	-1.1805934207e-14	1	1.7e-17	2.52485e-18
59652.151794	-1.2389594965e-14	1	1.7e-17	2.52485e-18
59652.151806	-1.3366934614e-14	1	1.7e-17	2.52485e-18
59652.151817	-1.3159171832e-14	1	1.7e-17	2.52485e-18
59652.151829	-1.6732060141e-14	1	1.7e-17	2.52485e-18
59652.151840	-1.4684215690e-14	1	1.7e-17	2.52485e-18
59652.151852	-1.3194123799e-14	1	1.7e-17	2.52485e-18
59652.151863	-1.6714972946e-14	1	1.7e-17	2.52485e-18
59652.151875	-1.8630882698e-14	1	1.7e-17	2.52485e-18
59652.151887	-1.4412198682e-14	1	1.7e-17	2.52485e-18
59652.151898	-1.6047385622e-14	1	1.7e-17	2.52485e-18
59652.151910	-1.8156645045e-14	1	1.7e-17	2.52485e-18
59652.151921	-1.7422477544e-14	1	1.7e-17	2.52485e-18
59652.151933	-1.5350776409e-14	1	1.7e-17	2.52485e-18
59652.151944	-1.6266156445e-14	1	1.7e-17	2.52485e-18
59652.151956	-1.4838277430e-14	1	1.7e-17	2.52485e-18
59652.151968	-1.6831871116e-14	1	1.7e-17	2.52485e-18
59652.151979	-1.5010143803e-14	1	1.7e-17	2.52485e-18
59652.151991	-1.4992849932e-14	1	1.7e-17	2.52485e-18
59652.152002	-1.3295339154e-14	1	1.7e-17	2.52485e-18
59652.152014	-1.6340928278e-14	1	1.7e-17	2.52485e-18
59652.152025	-1.5836502370e-14	1	1.7e-17	2.52485e-18
59652.152037	-1.5275108415e-14	1	1.7e-17	2.52485e-18
59652.152049	-1.4695293187e-14	1	1.7e-17	2.52485e-18
59652.152060	-1.5270398912e-14	1	1.7e-17	2.52485e-18
59652.152072	-1.5716377005e-14	1	1.7e-17	2.52485e-18
59652.152083	-1.3146441773e-14	1	1.7e-17	2.52485e-18
59652.152095	-1.5307896213e-14	1	1.7e-17	2.52485e-18
59652.152106	-1.3405450049e-14	1	1.7e-17	2.52485e-18
59652.152118	-1.3867435371e-14	1	1.7e-17	2.52485e-18
59652.152130	-1.6317400244e-14	1	1.7e-17	2.52485e-18
59652.152141	-1.7971736905e-14	1	1.7e-17	2.52485e-18
59652.152153	-1.8436592822e-14	1	1.7e-17	2.52485e-18
59652.152164	-1.8920055511e-14	1	1.7e-17	2.52485e-18
59652.152176	-1.8955768114e-14	1	1.7e-17	2.52485e-18
59652.152188	-1.7325323711e-14	1	1.7e-17	2.52485e-18
59652.152199	-1.3921232128e-14	1	1.7e-17	2.52485e-18
59652.152211	-1.4586641729e-14	1	1.7e-17	2.52485e-18
59652.152222	-1.6287007855e-14	1	1.7e-17	2.52485e-18
59652.152234	-1.4810015329e-14	1	1.7e-17	2.52485e-18
59652.152245	-1.4653624248e-14	1	1.7e-17	2.52485e-18
59652.152257	-1.3850508265e-14	1	1.7e-17	2.52485e-18
59652.152269	-1.3627254097e-14	1	1.7e-17	2.52485e-18
59652.152500	-1.5048073939e-14	1	1.7e-17	2.52485e-18
59652.152512	-1.4176113659e-14	1	1.7e-17	2.52485e-18
59652.152523	-1.5071833213e-14	1	1.7e-17	2.52485e-18
59652.152535	-1.5456373465e-14	1	1.7e-17	2.52485e-18
59652.152546	-1.4798539727e-14	1	1.7e-17	2.52485e-18
59652.152558	-1.4908814099e-14	1	1.7e-17	2.52485e-18
59652.152569	-1.4827633614e-14	1	1.7e-17	2.52485e-18
59652.152581	-1.4995171649e-14	1	1.7e-17	2.52485e-18
59652.152593	-1.5024047002e-14	1	1.7e-17	2.52485e-18
59652.152604	-1.3741590839e-14	1	1.7e-17	2.52485e-18
59652.152616	-1.5180565985e-14	1	1.7e-17	2.52485e-18
59652.152627	-1.4527019080e-14	1	1.7e-17	2.52485e-18
59652.152639	-1.5338748541e-14	1	1.7e-17	2.52485e-18
59652.152650	-1.2259871869e-14	1	1.7e-17	2.52485e-18
59652.152662	-1.2855769712e-14	1	1.7e-17	2.52485e-18
59652.152674	-1.2949438851e-14	1	1.7e-17	2.52485e-18
59652.152685	-1.3079224627e-14	1	1.7e-17	2.52485e-18
59652.152697	-1.2906032647e-14	1	1.7e-17	2.52485e-18
59652.152708	-1.6637970874e-14	1	1.7e-17	2.52485e-18
59652.152720	-1.5041354426e-14	1	1.7e-17	2.52485e-18
59652.152731	-1.5506556779e-14	1	1.7e-17	2.52485e-18
59652.152743	-1.3814649125e-14	1	1.7e-17	2.52485e-18
59652.152755	-1.5706747087e-14	1	1.7e-17	2.52485e-18
59652.152766	-1.4275896681e-14	1	1.7e-17	2.52485e-18
59652.152778	-1.4185989216e-14	1	1.7e-17	2.52485e-18
59652.152789	-1.5663513679e-14	1	1.7e-17	2.52485e-18
59652.152801	-1.6774462611e-14	1	1.7e-17	2.52485e-18
59652.152813	-1.4945399993e-14	1	1.7e-17	2.52485e-18
59652.152824	-1.8026033411e-14	1	1.7e-17	2.52485e-18
59652.152836	-1.5809077138e-14	1	1.7e-17	2.52485e-18
59652.152847	-1.4104009979e-14	1	1.7e-17	2.52485e-18
59652.152859	-1.3915048787e-14	1	1.7e-17	2.52485e-18
59652.152870	-1.5613139782e-14	1	1.7e-17	2.52485e-18
59652.152882	-1.4483433306e-14	1	1.7e-17	2.52485e-18
59652.152986	-1.5353173512e-14	1	1.7e-17	2.52485e-18
59652.152998	-1.1648314081e-14	1	1.7e-17	2.52485e-18
59652.153009	-1.3029387749e-14	1	1.7e-17	2.52485e-18
59652.153021	-1.3207497602e-14	1	1.7e-17	2.52485e-18
59652.153032	-1.6030462751e-14	1	1.7e-17	2.52485e-18
59652.153044	-1.5007273209e-14	1	1.7e-17	2.52485e-18
59652.153056	-1.6297866817e-14	1	1.7e-17	2.52485e-18
59652.153067	-1.7646361904e-14	1	1.7e-17	2.52485e-18
59652.153079	-1.5724490733e-14	1	1.7e-17	2.52485e-18
59652.153090	-1.2524314708e-14	1	1.7e-17	2.52485e-18
59652.153102	-1.6421469253e-14	1	1.7e-17	2.52485e-18
59652.153113	-1.4524084111e-14	1	1.7e-17	2.52485e-18
59652.153125	-1.6627086501e-14	1	1.7e-17	2.52485e-18
59652.153137	-1.3309848829e-14	1	1.7e-17	2.52485e-18
59652.153148	-1.4791428038e-14	1	1.7e-17	2.52485e-18
59652.153160	-1.4248706077e-14	1	1.7e-17	2.52485e-18
59652.153171	-1.5395436221e-14	1	1.7e-17	2.52485e-18
59652.153183	-1.4252875173e-14	1	1.7e-17	2.52485e-18
59652.153194	-1.4220115326e-14	1	1.7e-17	2.52485e-18
59652.153206	-1.3806176254e-14	1	1.7e-17	2.52485e-18
59652.153218	-1.4057434179e-14	1	1.7e-17	2.52485e-18
59652.153229	-1.5107117217e-14	1	1.7e-17	2.52485e-18
59652.153241	-1.4941017445e-14	1	1.7e-17	2.52485e-18
59652.153252	-1.4241936589e-14	1	1.7e-17	2.52485e-18
59652.153264	-1.6528955193e-14	1	1.7e-17	2.52485e-18
59652.153275	-1.6576954009e-14	1	1.7e-17	2.52485e-18
59652.153287	-1.2764540029e-14	1	1.7e-17	2.52485e-18
59652.153299	-1.2609005298e-14	1	1.7e-17	2.52485e-18
59652.153310	-1.2645267625e-14	1	1.7e-17	2.52485e-18
59652.153322	-1.8428827224e-14	1	1.7e-17	2.52485e-18
59652.153333	-1.3660689028e-14	1	1.7e-17	2.52485e-18
59652.153345	-1.2357863417e-14	1	1.7e-17	2.52485e-18
59652.153356	-1.4694408884e-14	1	1.7e-17	2.52485e-18
59652.153368	-1.5524619757e-14	1	1.7e-17	2.52485e-18
59652.153380	-1.4957923375e-14	1	1.7e-17	2.52485e-18
59652.153391	-1.4901151839e-14	1	1.7e-17	2.52485e-18
59652.153403	-1.4764932000e-14	1	1.7e-17	2.52485e-18
59652.153414	-1.1972161882e-14	1	1.7e-17	2.52485e-18
59652.153426	-1.4420502993e-14	1	1.7e-17	2.52485e-18
59652.153438	-1.5343297108e-14	1	1.7e-17	2.52485e-18
59652.153449	-1.5683114021e-14	1	1.7e-17	2.52485e-18
59652.153461	-1.2836908829e-14	1	1.7e-17	2.52485e-18
59652.153472	-1.7661350999e-14	1	1.7e-17	2.52485e-18
59652.153484	-1.7984216242e-14	1	1.7e-17	2.52485e-18
59652.153495	-1.6529963162e-14	1	1.7e-17	2.52485e-18
59652.153507	-1.2784921335e-14	1	1.7e-17	2.52485e-18
59652.153519	-1.6248451762e-14	1	1.7e-17	2.52485e-18
59652.153530	-1.8906354753e-14	1	1.7e-17	2.52485e-18
59652.153542	-1.5873913275e-14	1	1.7e-17	2.52485e-18
59652.153553	-1.7629261156e-14	1	1.7e-17	2.52485e-18
59652.153565	-1.2338506173e-14	1	1.7e-17	2.52485e-18
59652.153576	-1.4090116098e-14	1	1.7e-17	2.52485e-18
59652.153588	-1.0839189247e-14	1	1.7e-17	2.52485e-18
59652.153600	-1.3065974491e-14	1	1.7e-17	2.52485e-18
59652.153611	-1.0292517571e-14	1	1.7e-17	2.52485e-18
59652.153623	-1.0848753943e-14	1	1.7e-17	2.52485e-18
59652.153634	-1.5262029379e-14	1	1.7e-17	2.52485e-18
59652.153646	-1.5037195495e-14	1	1.7e-17	2.52485e-18
59652.153657	-1.3259075133e-14	1	1.7e-17	2.52485e-18
59652.153669	-1.5901475727e-14	1	1.7e-17	2.52485e-18
59652.153681	-1.3606163823e-14	1	1.7e-17	2.52485e-18
59652.153692	-1.4091276533e-14	1	1.7e-17	2.52485e-18
59652.153704	-1.8223628410e-14	1	1.7e-17	2.52485e-18
59652.153715	-1.9211233251e-14	1	1.7e-17	2.52485e-18
59652.153727	-1.6854654608e-14	1	1.7e-17	2.52485e-18
59652.153738	-1.5750436200e-14	1	1.7e-17	2.52485e-18
59652.153750	-1.5415977617e-14	1	1.7e-17	2.52485e-18
59652.153762	-1.5323559546e-14	1	1.7e-17	2.52485e-18
59652.153773	-1.3904037359e-14	1	1.7e-17	2.52485e-18
59652.153785	-1.3192500037e-14	1	1.7e-17	2.52485e-18
59652.153796	-1.5024883871e-14	1	1.7e-17	2.52485e-18
59652.153808	-1.3551025367e-14	1	1.7e-17	2.52485e-18
59652.153819	-1.2370717989e-14	1	1.7e-17	2.52485e-18
59652.153831	-1.4797607990e-14	1	1.7e-17	2.52485e-18
59652.153843	-1.3627486184e-14	1	1.7e-17	2.52485e-18
59652.153854	-1.5689350725e-14	1	1.7e-17	2.52485e-18
59652.153866	-1.3901137118e-14	1	1.7e-17	2.52485e-18
59652.153877	-1.4127693867e-14	1	1.7e-17	2.52485e-18
59652.153889	-1.2298686307e-14	1	1.7e-17	2.52485e-18
59652.153900	-1.4638035453e-14	1	1.7e-17	2.52485e-18
59652.153912	-1.3549382970e-14	1	1.7e-17	2.52485e-18
59652.153924	-1.5994291056e-14	1	1.7e-17	2.52485e-18
59652.153935	-1.6450047298e-14	1	1.7e-17	2.52485e-18
59652.153947	-1.5906854386e-14	1	1.7e-17	2.52485e-18
59652.153958	-1.4710255177e-14	1	1.7e-17	2.52485e-18
59652.153970	-1.2990137937e-14	1	1.7e-17	2.52485e-18
59652.153981	-1.2392027644e-14	1	1.7e-17	2.52485e-18
59652.153993	-1.4847758270e-14	1	1.7e-17	2.52485e-18
59652.154005	-1.4238414626e-14	1	1.7e-17	2.52485e-18
59652.154016	-1.3255672601e-14	1	1.7e-17	2.52485e-18
59652.154028	-1.4270766203e-14	1	1.7e-17	2.52485e-18
59652.154039	-1.6687151301e-14	1	1.7e-17	2.52485e-18
59652.154051	-1.5021798130e-14	1	1.7e-17	2.52485e-18
59652.154063	-1.5354746452e-14	1	1.7e-17	2.52485e-18
59652.154074	-1.4633690174e-14	1	1.7e-17	2.52485e-18
59652.154086	-1.4677398768e-14	1	1.7e-17	2.52485e-18
59652.154097	-1.4014108443e-14	1	1.7e-17	2.52485e-18
59652.154109	-1.5969022369e-14	1	1.7e-17	2.52485e-18
59652.154120	-1.3170008771e-14	1	1.7e-17	2.52485e-18
59652.154132	-1.5373654769e-14	1	1.7e-17	2.52485e-18
59652.154144	-1.4413729270e-14	1	1.7e-17	2.52485e-18
59652.154155	-1.6953908234e-14	1	1.7e-17	2.52485e-18
59652.154167	-1.5630130416e-14	1	1.7e-17	2.52485e-18
59652.154178	-1.3550709423e-14	1	1.7e-17	2.52485e-18
59652.154190	-1.2066324841e-14	1	1.7e-17	2.52485e-18
59652.154201	-1.3609159779e-14	1	1.7e-17	2.52485e-18
59652.154213	-1.4599906265e-14	1	1.7e-17	2.52485e-18
59652.154225	-1.1396901150e-14	1	1.7e-17	2.52485e-18
59652.154236	-1.2337515991e-14	1	1.7e-17	2.52485e-18
59652.154248	-1.6034955414e-14	1	1.7e-17	2.52485e-18
59652.154259	-1.6277358456e-14	1	1.7e-17	2.52485e-18
59652.154271	-1.5403468635e-14	1	1.7e-17	2.52485e-18
59652.154282	-1.3149222583e-14	1	1.7e-17	2.52485e-18
59652.154294	-1.3869575823e-14	1	1.7e-17	2.52485e-18
59652.154306	-1.5090082538e-14	1	1.7e-17	2.52485e-18
59652.154317	-1.5626368743e-14	1	1.7e-17	2.52485e-18
59652.154329	-1.6047015469e-14	1	1.7e-17	2.52485e-18
59652.154340	-1.6221549996e-14	1	1.7e-17	2.52485e-18
59652.154352	-1.5170931833e-14	1	1.7e-17	2.52485e-18
59652.154363	-1.5018029680e-14	1	1.7e-17	2.52485e-18
59652.154375	-1.2338234275e-14	1	1.7e-17	2.52485e-18
59652.154387	-1.2566057339e-14	1	1.7e-17	2.52485e-18
59652.154398	-1.5375548735e-14	1	1.7e-17	2.52485e-18
59652.154410	-1.4211238421e-14	1	1.7e-17	2.52485e-18
59652.154421	-1.2664760394e-14	1	1.7e-17	2.52485e-18
59652.154433	-1.3018453401e-14	1	1.7e-17	2.52485e-18
59652.154444	-1.3109894843e-14	1	1.7e-17	2.52485e-18
59652.154456	-1.3003421954e-14	1	1.7e-17	2.52485e-18
59652.154468	-1.3418665457e-14	1	1.7e-17	2.52485e-18
59652.154479	-1.3585221781e-14	1	1.7e-17	2.52485e-18
59652.154491	-1.4413921547e-14	1	1.7e-17	2.52485e-18
59652.154502	-1.3811869163e-14	1	1.7e-17	2.52485e-18
59652.154514	-1.6446640531e-14	1	1.7e-17	2.52485e-18
59652.154525	-1.4918640528e-14	1	1.7e-17	2.52485e-18
59652.154537	-1.4945842991e-14	1	1.7e-17	2.52485e-18
59652.154549	-1.6306642079e-14	1	1.7e-17	2.52485e-18
59652.154560	-1.8151428169e-14	1	1.7e-17	2.52485e-18
59652.154572	-1.5140562313e-14	1	1.7e-17	2.52485e-18
59652.154583	-1.6291196433e-14	1	1.7e-17	2.52485e-18
59652.154595	-1.4451312969e-14	1	1.7e-17	2.52485e-18
59652.154699	-1.3320267334e-14	1	1.7e-17	2.52485e-18
59652.154711	-1.3781163371e-14	1	1.7e-17	2.52485e-18
59652.154722	-1.5781643435e-14	1	1.7e-17	2.52485e-18
59652.154734	-1.2710569630e-14	1	1.7e-17	2.52485e-18
59652.154745	-1.2293946311e-14	1	1.7e-17	2.52485e-18
59652.154757	-1.4832448149e-14	1	1.7e-17	2.52485e-18
59652.154769	-1.1009043917e-14	1	1.7e-17	2.52485e-18
59652.154780	-1.1959158232e-14	1	1.7e-17	2.52485e-18
59652.154792	-1.2730419000e-14	1	1.7e-17	2.52485e-18
59652.154803	-1.4899024939e-14	1	1.7e-17	2.52485e-18
59652.154815	-1.3848051869e-14	1	1.7e-17	2.52485e-18
59652.154826	-1.4473970254e-14	1	1.7e-17	2.52485e-18
59652.154838	-1.7439487659e-14	1	1.7e-17	2.52485e-18
59652.154850	-1.8204256767e-14	1	1.7e-17	2.52485e-18
59652.154861	-1.7582174594e-14	1	1.7e-17	2.52485e-18
59652.154873	-1.7211332559e-14	1	1.7e-17	2.52485e-18
59652.154884	-1.6980427142e-14	1	1.7e-17	2.52485e-18
59652.154896	-1.9642022350e-14	1	1.7e-17	2.52485e-18
59652.154907	-1.6522445745e-14	1	1.7e-17	2.52485e-18
59652.154919	-1.6779564290e-14	1	1.7e-17	2.52485e-18
59652.154931	-1.4762966884e-14	1	1.7e-17	2.52485e-18
59652.154942	-1.4283978223e-14	1	1.7e-17	2.52485e-18
59652.154954	-1.2859046883e-14	1	1.7e-17	2.52485e-18
59652.154965	-1.1707712267e-14	1	1.7e-17	2.52485e-18
59652.154977	-1.1617479541e-14	1	1.7e-17	2.52485e-18
59652.154988	-1.4748793482e-14	1	1.7e-17	2.52485e-18
59652.155000	-1.3167575245e-14	1	1.7e-17	2.52485e-18
59652.155012	-1.2975263191e-14	1	1.7e-17	2.52485e-18
59652.155023	-1.5311213194e-14	1	1.7e-17	2.52485e-18
59652.155035	-1.6352462326e-14	1	1.7e-17	2.52485e-18
59652.155046	-1.3960925786e-14	1	1.7e-17	2.52485e-18
59652.155058	-1.2143289643e-14	1	1.7e-17	2.52485e-18
59652.155069	-1.6085855318e-14	1	1.7e-17	2.52485e-18
59652.155081	-1.5443599362e-14	1	1.7e-17	2.52485e-18
59652.155093	-1.4380357019e-14	1	1.7e-17	2.52485e-18
59652.155104	-1.3300042728e-14	1	1.7e-17	2.52485e-18
59652.155116	-1.6902648342e-14	1	1.7e-17	2.52485e-18
59652.155127	-1.5287946893e-14	1	1.7e-17	2.52485e-18
59652.155139	-1.4335868308e-14	1	1.7e-17	2.52485e-18
59652.155150	-1.4149287278e-14	1	1.7e-17	2.52485e-18
59652.155162	-1.3690169163e-14	1	1.7e-17	2.52485e-18
59652.155174	-1.3227178413e-14	1	1.7e-17	2.52485e-18
59652.155185	-1.3783972133e-14	1	1.7e-17	2.52485e-18
59652.155197	-1.3858040929e-14	1	1.7e-17	2.52485e-18
59652.155208	-1.4188731909e-14	1	1.7e-17	2.52485e-18
59652.155220	-1.6966459569e-14	1	1.7e-17	2.52485e-18
59652.155231	-1.7994866834e-14	1	1.7e-17	2.52485e-18
59652.155243	-1.6580555593e-14	1	1.7e-17	2.52485e-18
59652.155498	-1.3529354876e-14	1	1.7e-17	2.52485e-18
59652.155509	-1.4088255166e-14	1	1.7e-17	2.52485e-18
59652.155521	-1.5675006222e-14	1	1.7e-17	2.52485e-18
59652.155532	-1.4203622748e-14	1	1.7e-17	2.52485e-18
59652.155544	-1.4705264458e-14	1	1.7e-17	2.52485e-18
59652.155556	-1.2452162748e-14	1	1.7e-17	2.52485e-18
59652.155567	-1.3629860417e-14	1	1.7e-17	2.52485e-18
59652.155579	-1.3414702190e-14	1	1.7e-17	2.52485e-18
59652.155590	-1.2424540156e-14	1	1.7e-17	2.52485e-18
59652.155602	-1.0822168967e-14	1	1.7e-17	2.52485e-18
59652.155613	-1.3799124705e-14	1	1.7e-17	2.52485e-18
59652.155625	-1.5295369443e-14	1	1.7e-17	2.52485e-18
59652.155637	-1.3610633616e-14	1	1.7e-17	2.52485e-18
59652.155648	-1.3233942818e-14	1	1.7e-17	2.52485e-18
59652.155660	-1.3839705207e-14	1	1.7e-17	2.52485e-18
59652.155671	-1.3111306847e-14	1	1.7e-17	2.52485e-18
59652.155683	-1.6558283709e-14	1	1.7e-17	2.52485e-18
59652.155694	-1.4288957929e-14	1	1.7e-17	2.52485e-18
59652.155706	-1.4322038801e-14	1	1.7e-17	2.52485e-18
59652.155718	-1.3318563104e-14	1	1.7e-17	2.52485e-18
59652.155729	-1.7500022563e-14	1	1.7e-17	2.52485e-18
59652.155741	-1.6039986789e-14	1	1.7e-17	2.52485e-18
59652.155752	-1.4873583458e-14	1	1.7e-17	2.52485e-18
59652.155764	-1.3015919078e-14	1	1.7e-17	2.52485e-18
59652.155775	-1.4590488106e-14	1	1.7e-17	2.52485e-18
59652.155787	-1.3532350831e-14	1	1.7e-17	2.52485e-18
59652.155799	-1.4251925649e-14	1	1.7e-17	2.52485e-18
59652.155810	-1.4988584274e-14	1	1.7e-17	2.52485e-18
59652.155822	-1.5535133977e-14	1	1.7e-17	2.52485e-18
59652.155833	-1.5485498693e-14	1	1.7e-17	2.52485e-18
59652.155845	-1.4078333870e-14	1	1.7e-17	2.52485e-18
59652.155856	-1.3214281489e-14	1	1.7e-17	2.52485e-18
59652.155868	-1.4548328735e-14	1	1.7e-17	2.52485e-18
59652.155880	-1.4228351875e-14	1	1.7e-17	2.52485e-18
59652.155891	-1.5335959262e-14	1	1.7e-17	2.52485e-18
59652.155903	-1.2965814539e-14	1	1.7e-17	2.52485e-18
59652.155914	-1.5009081624e-14	1	1.7e-17	2.52485e-18
59652.155926	-1.2728276854e-14	1	1.7e-17	2.52485e-18
59652.155937	-1.1240620183e-14	1	1.7e-17	2.52485e-18
59652.155949	-1.2265082816e-14	1	1.7e-17	2.52485e-18
59652.155961	-1.6066344761e-14	1	1.7e-17	2.52485e-18
59652.155972	-1.5094221988e-14	1	1.7e-17	2.52485e-18
59652.155984	-1.3137681759e-14	1	1.7e-17	2.52485e-18
59652.155995	-1.2523168673e-14	1	1.7e-17	2.52485e-18
59652.156007	-1.4831674808e-14	1	1.7e-17	2.52485e-18
59652.156019	-1.4088178933e-14	1	1.7e-17	2.52485e-18
59652.156030	-1.5180814166e-14	1	1.7e-17	2.52485e-18
59652.156042	-1.3783399538e-14	1	1.7e-17	2.52485e-18
59652.156053	-1.4015489107e-14	1	1.7e-17	2.52485e-18
59652.156412	-1.6128275575e-14	1	1.7e-17	2.52485e-18
59652.156424	-1.5093029365e-14	1	1.7e-17	2.52485e-18
59652.156435	-1.3691172897e-14	1	1.7e-17	2.52485e-18
59652.156447	-1.4223199373e-14	1	1.7e-17	2.52485e-18
59652.156458	-1.5918256296e-14	1	1.7e-17	2.52485e-18
59652.156470	-1.4440138064e-14	1	1.7e-17	2.52485e-18
59652.156481	-1.2668807518e-14	1	1.7e-17	2.52485e-18
59652.156493	-1.3851923657e-14	1	1.7e-17	2.52485e-18
59652.156505	-1.3108022053e-14	1	1.7e-17	2.52485e-18
59652.156516	-1.0281769570e-14	1	1.7e-17	2.52485e-18
59652.156528	-1.3957658780e-14	1	1.7e-17	2.52485e-18
59652.156539	-1.5255009170e-14	1	1.7e-17	2.52485e-18
59652.156551	-1.4179393370e-14	1	1.7e-17	2.52485e-18
59652.156563	-1.5178153635e-14	1	1.7e-17	2.52485e-18
59652.156574	-1.4605554281e-14	1	1.7e-17	2.52485e-18
59652.156586	-1.8524809609e-14	1	1.7e-17	2.52485e-18
59652.156597	-1.6869172752e-14	1	1.7e-17	2.52485e-18
59652.156609	-1.5602381617e-14	1	1.7e-17	2.52485e-18
59652.156620	-1.3084794716e-14	1	1.7e-17	2.52485e-18
59652.156632	-1.5935501887e-14	1	1.7e-17	2.52485e-18
59652.156644	-1.7687316794e-14	1	1.7e-17	2.52485e-18
59652.156655	-1.3871924646e-14	1	1.7e-17	2.52485e-18
59652.156667	-1.6508123265e-14	1	1.7e-17	2.52485e-18
59652.156678	-1.5065919229e-14	1	1.7e-17	2.52485e-18
59652.156690	-1.5467094361e-14	1	1.7e-17	2.52485e-18
59652.156701	-1.3163124087e-14	1	1.7e-17	2.52485e-18
59652.156713	-1.3503687236e-14	1	1.7e-17	2.52485e-18
59652.156725	-1.3873241782e-14	1	1.7e-17	2.52485e-18
59652.156736	-1.4339544431e-14	1	1.7e-17	2.52485e-18
59652.156748	-1.3082085057e-14	1	1.7e-17	2.52485e-18
59652.156759	-1.2873088148e-14	1	1.7e-17	2.52485e-18
59652.156771	-1.1770109796e-14	1	1.7e-17	2.52485e-18
59652.156782	-1.5295460075e-14	1	1.7e-17	2.52485e-18
59652.156794	-1.7712912436e-14	1	1.7e-17	2.52485e-18
59652.156806	-1.4087094731e-14	1	1.7e-17	2.52485e-18
59652.156817	-1.7682454825e-14	1	1.7e-17	2.52485e-18
59652.156829	-1.4850729662e-14	1	1.7e-17	2.52485e-18
59652.156840	-1.6522612610e-14	1	1.7e-17	2.52485e-18
59652.156852	-1.4449828121e-14	1	1.7e-17	2.52485e-18
59652.156863	-1.5634858554e-14	1	1.7e-17	2.52485e-18
59652.156875	-1.3272356609e-14	1	1.7e-17	2.52485e-18
59652.156887	-1.2345433208e-14	1	1.7e-17	2.52485e-18
59652.156898	-1.1917442707e-14	1	1.7e-17	2.52485e-18
59652.156910	-1.0022181923e-14	1	1.7e-17	2.52485e-18
59652.156921	-1.1431404190e-14	1	1.7e-17	2.52485e-18
59652.156933	-1.3019734962e-14	1	1.7e-17	2.52485e-18
59652.156944	-1.4289195098e-14	1	1.7e-17	2.52485e-18
59652.156956	-1.3249415569e-14	1	1.7e-17	2.52485e-18
59652.156968	-1.4965096050e-14	1	1.7e-17	2.52485e-18
59652.156979	-1.4360347560e-14	1	1.7e-17	2.52485e-18
59652.156991	-1.5297263409e-14	1	1.7e-17	2.52485e-18
59652.157002	-1.7193614323e-14	1	1.7e-17	2.52485e-18
59652.157014	-1.6775194447e-14	1	1.7e-17	2.52485e-18
59652.157025	-1.7445727751e-14	1	1.7e-17	2.52485e-18
59652.157037	-1.6097218265e-14	1	1.7e-17	2.52485e-18
59652.157049	-1.5231015268e-14	1	1.7e-17	2.52485e-18
59652.157060	-1.4756269394e-14	1	1.7e-17	2.52485e-18
59652.157072	-1.4791151058e-14	1	1.7e-17	2.52485e-18
59652.157083	-1.1590016192e-14	1	1.7e-17	2.52485e-18
59652.157095	-1.5235346147e-14	1	1.7e-17	2.52485e-18
59652.157106	-1.1095229519e-14	1	1.7e-17	2.52485e-18
59652.157118	-7.9804894721e-15	1	1.7e-17	2.52485e-18
59652.157130	-1.2945395115e-14	1	1.7e-17	2.52485e-18
59652.157141	-1.5721721783e-14	1	1.7e-17	2.52485e-18
59652.157153	-1.4492914993e-14	1	1.7e-17	2.52485e-18
59652.157164	-1.2139569474e-14	1	1.7e-17	2.52485e-18
59652.157176	-1.4702433674e-14	1	1.7e-17	2.52485e-18
59652.157188	-1.5638699001e-14	1	1.7e-17	2.52485e-18
59652.157199	-1.2404347738e-14	1	1.7e-17	2.52485e-18
59652.157211	-1.6013231560e-14	1	1.7e-17	2.52485e-18
59652.157222	-1.3910870374e-14	1	1.7e-17	2.52485e-18
59652.157234	-1.0898327393e-14	1	1.7e-17	2.52485e-18
59652.157245	-1.7936113241e-14	1	1.7e-17	2.52485e-18
59652.157257	-1.7877085208e-14	1	1.7e-17	2.52485e-18
59652.157269	-1.2023026211e-14	1	1.7e-17	2.52485e-18
59652.157280	-9.9629150280e-15	1	1.7e-17	2.52485e-18
59652.157292	-1.5160059318e-14	1	1.7e-17	2.52485e-18
59652.157303	-1.7610446860e-14	1	1.7e-17	2.52485e-18
59652.157315	-1.2560411017e-14	1	1.7e-17	2.52485e-18
59652.157326	-1.4311906593e-14	1	1.7e-17	2.52485e-18
59652.157338	-1.3705915505e-14	1	1.7e-17	2.52485e-18
59652.157350	-1.4217003327e-14	1	1.7e-17	2.52485e-18
59652.157361	-1.3554163624e-14	1	1.7e-17	2.52485e-18
59652.157373	-1.2882583387e-14	1	1.7e-17	2.52485e-18
59652.157384	-1.5538478910e-14	1	1.7e-17	2.52485e-18
59652.157396	-1.6136568874e-14	1	1.7e-17	2.52485e-18
59652.157604	-1.1197499430e-14	1	1.7e-17	2.52485e-18
59652.157616	-1.4391547172e-14	1	1.7e-17	2.52485e-18
59652.157627	-1.5713135410e-14	1	1.7e-17	2.52485e-18
59652.157951	-1.6160980364e-14	1	1.7e-17	2.52485e-18
59652.157963	-1.4477813242e-14	1	1.7e-17	2.52485e-18
59652.157975	-1.7329070985e-14	1	1.7e-17	2.52485e-18
59652.157986	-1.9231173254e-14	1	1.7e-17	2.52485e-18
59652.157998	-2.0665720112e-14	1	1.7e-17	2.52485e-18
59652.158009	-1.3987375236e-14	1	1.7e-17	2.52485e-18
59652.158021	-1.5464407573e-14	1	1.7e-17	2.52485e-18
59652.158032	-1.5663348507e-14	1	1.7e-17	2.52485e-18
59652.158044	-1.9142774354e-14	1	1.7e-17	2.52485e-18
59652.158056	-1.3427690593e-14	1	1.7e-17	2.52485e-18
59652.158067	-1.3980093294e-14	1	1.7e-17	2.52485e-18
59652.158079	-1.8381361191e-14	1	1.7e-17	2.52485e-18
59652.158090	-1.3929196778e-14	1	1.7e-17	2.52485e-18
59652.158102	-1.4037510270e-14	1	1.7e-17	2.52485e-18
59652.158113	-1.3699889713e-14	1	1.7e-17	2.52485e-18
59652.158125	-1.7527917052e-14	1	1.7e-17	2.52485e-18
59652.158137	-1.3426255719e-14	1	1.7e-17	2.52485e-18
59652.158148	-1.2343199583e-14	1	1.7e-17	2.52485e-18
59652.158160	-1.3590067656e-14	1	1.7e-17	2.52485e-18
59652.158171	-1.3358537976e-14	1	1.7e-17	2.52485e-18
59652.158183	-1.2661528964e-14	1	1.7e-17	2.52485e-18
59652.158368	-1.7098557745e-14	1	1.7e-17	2.52485e-18
59652.158380	-1.3768715375e-14	1	1.7e-17	2.52485e-18
59652.158391	-1.4615240103e-14	1	1.7e-17	2.52485e-18
59652.158403	-1.5950247884e-14	1	1.7e-17	2.52485e-18
59652.158414	-1.8301987428e-14	1	1.7e-17	2.52485e-18
59652.158426	-1.4396066939e-14	1	1.7e-17	2.52485e-18
59652.158437	-1.3845446396e-14	1	1.7e-17	2.52485e-18
59652.158449	-1.2102954781e-14	1	1.7e-17	2.52485e-18
59652.158461	-1.6088632739e-14	1	1.7e-17	2.52485e-18
59652.158472	-1.1981670674e-14	1	1.7e-17	2.52485e-18
59652.158484	-1.4271922403e-14	1	1.7e-17	2.52485e-18
59652.158495	-1.5299997631e-14	1	1.7e-17	2.52485e-18
59652.158507	-1.2907546295e-14	1	1.7e-17	2.52485e-18
59652.158519	-1.3904137309e-14	1	1.7e-17	2.52485e-18
59652.158530	-1.3015277028e-14	1	1.7e-17	2.52485e-18
59652.158542	-1.3971672940e-14	1	1.7e-17	2.52485e-18
59652.158553	-1.5154588332e-14	1	1.7e-17	2.52485e-18
59652.158565	-1.7311116428e-14	1	1.7e-17	2.52485e-18
59652.158576	-1.4406790377e-14	1	1.7e-17	2.52485e-18
59652.158588	-1.4552616416e-14	1	1.7e-17	2.52485e-18
59652.158600	-1.4296658306e-14	1	1.7e-17	2.52485e-18
59652.158611	-1.4971747800e-14	1	1.7e-17	2.52485e-18
59652.158623	-1.1990375632e-14	1	1.7e-17	2.52485e-18
59652.158634	-1.6058623208e-14	1	1.7e-17	2.52485e-18
59652.158646	-1.3368554141e-14	1	1.7e-17	2.52485e-18
59652.158657	-1.2517238595e-14	1	1.7e-17	2.52485e-18
59652.158669	-1.5633175500e-14	1	1.7e-17	2.52485e-18
59652.158681	-1.4225539725e-14	1	1.7e-17	2.52485e-18
59652.158692	-1.4872608523e-14	1	1.7e-17	2.52485e-18
59652.158704	-1.3250227026e-14	1	1.7e-17	2.52485e-18
59652.158715	-1.2302209117e-14	1	1.7e-17	2.52485e-18
59652.158727	-1.4728898372e-14	1	1.7e-17	2.52485e-18
59652.158738	-1.1943815078e-14	1	1.7e-17	2.52485e-18
59652.158750	-1.3442487412e-14	1	1.7e-17	2.52485e-18
59652.158762	-1.2988348156e-14	1	1.7e-17	2.52485e-18
59652.158773	-1.7570973431e-14	1	1.7e-17	2.52485e-18
59652.158785	-1.2826946028e-14	1	1.7e-17	2.52485e-18
59652.158796	-1.1881870711e-14	1	1.7e-17	2.52485e-18
59652.158808	-1.5330981249e-14	1	1.7e-17	2.52485e-18
59652.158819	-1.3819046920e-14	1	1.7e-17	2.52485e-18
59652.158831	-1.5422146558e-14	1	1.7e-17	2.52485e-18
59652.158843	-1.4970107944e-14	1	1.7e-17	2.52485e-18
59652.158854	-1.5750824141e-14	1	1.7e-17	2.52485e-18
59652.158866	-1.7888759017e-14	1	1.7e-17	2.52485e-18
59652.158877	-1.4736613995e-14	1	1.7e-17	2.52485e-18
59652.158889	-1.3538251263e-14	1	1.7e-17	2.52485e-18
59652.158900	-1.7100784595e-14	1	1.7e-17	2.52485e-18
59652.158912	-1.6783476735e-14	1	1.7e-17	2.52485e-18
59652.158924	-1.4127657445e-14	1	1.7e-17	2.52485e-18
59652.158935	-1.8643840608e-14	1	1.7e-17	2.52485e-18
59652.158947	-1.4268396204e-14	1	1.7e-17	2.52485e-18
59652.158958	-1.4761278747e-14	1	1.7e-17	2.52485e-18
59652.158970	-1.4948864358e-14	1	1.7e-17	2.52485e-18
59652.158981	-1.5365391115e-14	1	1.7e-17	2.52485e-18
59652.158993	-1.4322468247e-14	1	1.7e-17	2.52485e-18
59652.159005	-1.4561583107e-14	1	1.7e-17	2.52485e-18
59652.159016	-1.6645264675e-14	1	1.7e-17	2.52485e-18
59652.159028	-1.3512751336e-14	1	1.7e-17	2.52485e-18
59652.159039	-1.4491183657e-14	1	1.7e-17	2.52485e-18
59652.159051	-1.3330153055e-14	1	1.7e-17	2.52485e-18
59652.159062	-1.5611364401e-14	1	1.7e-17	2.52485e-18
59652.159074	-1.2567778510e-14	1	1.7e-17	2.52485e-18
59652.159086	-1.0719210418e-14	1	1.7e-17	2.52485e-18
59652.159097	-1.1601998320e-14	1	1.7e-17	2.52485e-18
59652.159109	-1.4048818159e-14	1	1.7e-17	2.52485e-18
59652.159120	-1.3851240101e-14	1	1.7e-17	2.52485e-18
59652.159132	-1.2874467964e-14	1	1.7e-17	2.52485e-18
59652.159144	-1.4680851275e-14	1	1.7e-17	2.52485e-18
59652.159155	-1.5773595775e-14	1	1.7e-17	2.52485e-18
59652.159167	-1.5245638444e-14	1	1.7e-17	2.52485e-18
59652.159178	-1.6467862095e-14	1	1.7e-17	2.52485e-18
59652.159190	-1.8177796304e-14	1	1.7e-17	2.52485e-18
59652.159201	-1.4728855173e-14	1	1.7e-17	2.52485e-18
59652.159213	-1.5781904321e-14	1	1.7e-17	2.52485e-18
59652.159225	-1.6667729683e-14	1	1.7e-17	2.52485e-18
59652.159236	-1.6325002365e-14	1	1.7e-17	2.52485e-18
59652.159248	-1.3945754579e-14	1	1.7e-17	2.52485e-18
59652.159259	-1.3432573738e-14	1	1.7e-17	2.52485e-18
59652.159271	-1.3359222379e-14	1	1.7e-17	2.52485e-18
59652.159282	-1.3186958747e-14	1	1.7e-17	2.52485e-18
59652.159294	-1.3179513328e-14	1	1.7e-17	2.52485e-18
59652.159306	-1.5424170120e-14	1	1.7e-17	2.52485e-18
59652.159317	-1.6685820613e-14	1	1.7e-17	2.52485e-18
59652.159329	-1.5473914671e-14	1	1.7e-17	2.52485e-18
59652.159340	-1.6629634376e-14	1	1.7e-17	2.52485e-18
59652.159352	-1.6841206266e-14	1	1.7e-17	2.52485e-18
59652.159363	-1.4164391570e-14	1	1.7e-17	2.52485e-18
59652.159375	-1.5203729795e-14	1	1.7e-17	2.52485e-18
59652.159387	-1.4307344473e-14	1	1.7e-17	2.52485e-18
59652.159398	-1.4885283524e-14	1	1.7e-17	2.52485e-18
59652.159410	-1.3582369821e-14	1	1.7e-17	2.52485e-18
59652.159421	-1.3716448360e-14	1	1.7e-17	2.52485e-18
59652.159433	-1.2483750301e-14	1	1.7e-17	2.52485e-18
59652.159444	-1.3318012532e-14	1	1.7e-17	2.52485e-18
59652.159456	-1.5236817443e-14	1	1.7e-17	2.52485e-18
59652.159468	-1.3994788469e-14	1	1.7e-17	2.52485e-18
59652.159479	-1.6187805050e-14	1	1.7e-17	2.52485e-18
59652.159491	-1.5064243798e-14	1	1.7e-17	2.52485e-18
59652.159502	-1.5158970033e-14	1	1.7e-17	2.52485e-18
59652.159514	-1.5496908227e-14	1	1.7e-17	2.52485e-18
59652.159525	-1.3797001193e-14	1	1.7e-17	2.52485e-18
59652.159537	-1.5425353425e-14	1	1.7e-17	2.52485e-18
59652.159549	-1.7365643327e-14	1	1.7e-17	2.52485e-18
59652.159560	-1.7786026626e-14	1	1.7e-17	2.52485e-18
59652.159572	-1.4426587231e-14	1	1.7e-17	2.52485e-18
59652.159583	-1.4394959020e-14	1	1.7e-17	2.52485e-18
59652.159595	-1.4835396671e-14	1	1.7e-17	2.52485e-18
59652.159606	-1.7444482612e-14	1	1.7e-17	2.52485e-18
59652.159618	-1.5200384862e-14	1	1.7e-17	2.52485e-18
59652.159630	-1.5012929695e-14	1	1.7e-17	2.52485e-18
59652.159641	-1.2786672152e-14	1	1.7e-17	2.52485e-18
59652.159653	-1.5421036945e-14	1	1.7e-17	2.52485e-18
59652.159664	-1.6472861283e-14	1	1.7e-17	2.52485e-18
59652.159676	-1.4123134289e-14	1	1.7e-17	2.52485e-18
59652.159687	-1.4040148777e-14	1	1.7e-17	2.52485e-18
59652.159699	-1.7194848450e-14	1	1.7e-17	2.52485e-18
59652.159711	-1.7378165862e-14	1	1.7e-17	2.52485e-18
59652.159722	-1.7418308447e-14	1	1.7e-17	2.52485e-18
59652.159734	-1.3542565202e-14	1	1.7e-17	2.52485e-18
59652.159745	-1.8439082252e-14	1	1.7e-17	2.52485e-18
59652.159757	-1.3887611696e-14	1	1.7e-17	2.52485e-18
59652.159769	-1.5264884727e-14	1	1.7e-17	2.52485e-18
59652.159780	-1.3326020382e-14	1	1.7e-17	2.52485e-18
59652.159792	-1.2269525504e-14	1	1.7e-17	2.52485e-18
59652.159803	-1.3626590023e-14	1	1.7e-17	2.52485e-18
59652.159815	-1.3162699724e-14	1	1.7e-17	2.52485e-18
59652.159826	-1.2042148827e-14	1	1.7e-17	2.52485e-18
59652.159838	-1.1543692807e-14	1	1.7e-17	2.52485e-18
59652.159850	-1.2434524134e-14	1	1.7e-17	2.52485e-18
59652.159861	-1.4678162792e-14	1	1.7e-17	2.52485e-18
59652.159873	-1.2037387654e-14	1	1.7e-17	2.52485e-18
59652.159884	-1.5337273010e-14	1	1.7e-17	2.52485e-18
59652.159896	-1.4268603727e-14	1	1.7e-17	2.52485e-18
59652.159907	-1.8764331045e-14	1	1.7e-17	2.52485e-18
59652.159919	-1.5873533804e-14	1	1.7e-17	2.52485e-18
59652.159931	-1.5769249648e-14	1	1.7e-17	2.52485e-18
59652.159942	-1.4163834222e-14	1	1.7e-17	2.52485e-18
59652.159954	-1.2552060967e-14	1	1.7e-17	2.52485e-18
59652.159965	-1.4376232816e-14	1	1.7e-17	2.52485e-18
59652.159977	-1.5269998265e-14	1	1.7e-17	2.52485e-18
59652.159988	-1.5696619114e-14	1	1.7e-17	2.52485e-18
59652.160000	-1.3880958252e-14	1	1.7e-17	2.52485e-18
59652.160012	-1.4204716267e-14	1	1.7e-17	2.52485e-18
59652.160023	-1.3787401769e-14	1	1.7e-17	2.52485e-18
59652.160035	-1.3233631110e-14	1	1.7e-17	2.52485e-18
59652.160046	-1.2142546795e-14	1	1.7e-17	2.52485e-18
59652.160058	-1.3780571295e-14	1	1.7e-17	2.52485e-18
59652.160069	-1.4834781725e-14	1	1.7e-17	2.52485e-18
59652.160081	-1.5162814716e-14	1	1.7e-17	2.52485e-18
59652.160093	-1.3737536092e-14	1	1.7e-17	2.52485e-18
59652.160104	-1.4624116161e-14	1	1.7e-17	2.52485e-18
59652.160116	-1.4283420028e-14	1	1.7e-17	2.52485e-18
59652.160127	-1.2952504263e-14	1	1.7e-17	2.52485e-18
59652.160139	-1.3408226623e-14	1	1.7e-17	2.52485e-18
59652.160150	-1.2956485318e-14	1	1.7e-17	2.52485e-18
59652.160162	-1.1891871629e-14	1	1.7e-17	2.52485e-18
59652.160174	-1.3392323580e-14	1	1.7e-17	2.52485e-18
59652.160185	-1.4568520306e-14	1	1.7e-17	2.52485e-18
59652.160197	-1.3669682824e-14	1	1.7e-17	2.52485e-18
59652.160208	-1.4414965939e-14	1	1.7e-17	2.52485e-18
59652.160220	-1.6324518709e-14	1	1.7e-17	2.52485e-18
59652.160231	-1.4660874850e-14	1	1.7e-17	2.52485e-18
59652.160243	-1.4086506890e-14	1	1.7e-17	2.52485e-18
59652.160255	-1.3948542164e-14	1	1.7e-17	2.52485e-18
59652.160266	-1.5271664379e-14	1	1.7e-17	2.52485e-18
59652.160278	-1.4275942421e-14	1	1.7e-17	2.52485e-18
59652.160289	-1.4137535543e-14	1	1.7e-17	2.52485e-18
59652.160301	-1.3086784396e-14	1	1.7e-17	2.52485e-18
59652.160312	-1.4524380572e-14	1	1.7e-17	2.52485e-18
59652.160324	-1.4778814870e-14	1	1.7e-17	2.52485e-18
59652.160336	-1.5046320581e-14	1	1.7e-17	2.52485e-18
59652.160347	-1.3409945253e-14	1	1.7e-17	2.52485e-18
59652.160359	-1.4594774940e-14	1	1.7e-17	2.52485e-18
59652.160370	-1.4676688955e-14	1	1.7e-17	2.52485e-18
59652.160382	-1.4645784111e-14	1	1.7e-17	2.52485e-18
59652.160394	-1.5274570549e-14	1	1.7e-17	2.52485e-18
59652.160405	-1.3138522015e-14	1	1.7e-17	2.52485e-18
59652.160417	-1.4634108609e-14	1	1.7e-17	2.52485e-18
59652.160428	-1.6107820576e-14	1	1.7e-17	2.52485e-18
59652.160440	-1.6506855256e-14	1	1.7e-17	2.52485e-18
59652.160451	-1.6430494389e-14	1	1.7e-17	2.52485e-18
59652.160463	-1.6663016792e-14	1	1.7e-17	2.52485e-18
59652.160475	-1.5698182737e-14	1	1.7e-17	2.52485e-18
59652.160486	-1.5624084295e-14	1	1.7e-17	2.52485e-18
59652.160498	-1.5244377212e-14	1	1.7e-17	2.52485e-18
59652.160509	-1.4234004973e-14	1	1.7e-17	2.52485e-18
59652.160521	-1.3633901611e-14	1	1.7e-17	2.52485e-18
59652.160532	-1.5300010336e-14	1	1.7e-17	2.52485e-18
59652.160544	-1.3585502149e-14	1	1.7e-17	2.52485e-18
59652.160556	-1.5831176227e-14	1	1.7e-17	2.52485e-18
59652.160567	-1.3265336400e-14	1	1.7e-17	2.52485e-18
59652.160579	-1.5071722252e-14	1	1.7e-17	2.52485e-18
59652.160590	-1.2447952994e-14	1	1.7e-17	2.52485e-18
59652.160602	-1.4763097327e-14	1	1.7e-17	2.52485e-18
59652.160613	-1.3353012781e-14	1	1.7e-17	2.52485e-18
59652.160625	-1.4327860458e-14	1	1.7e-17	2.52485e-18
59652.160637	-1.2090065480e-14	1	1.7e-17	2.52485e-18
59652.160648	-1.2248061689e-14	1	1.7e-17	2.52485e-18
59652.160660	-1.2136970777e-14	1	1.7e-17	2.52485e-18
59652.160671	-1.5371215314e-14	1	1.7e-17	2.52485e-18
59652.160683	-1.6184579549e-14	1	1.7e-17	2.52485e-18
59652.160694	-1.5886534066e-14	1	1.7e-17	2.52485e-18
59652.160706	-1.3163920298e-14	1	1.7e-17	2.52485e-18
59652.160718	-1.5842915257e-14	1	1.7e-17	2.52485e-18
59652.160729	-1.5974445074e-14	1	1.7e-17	2.52485e-18
59652.160741	-1.6049474405e-14	1	1.7e-17	2.52485e-18
59652.160752	-1.3616097826e-14	1	1.7e-17	2.52485e-18
59652.160764	-1.5091813873e-14	1	1.7e-17	2.52485e-18
59652.160775	-1.5351326133e-14	1	1.7e-17	2.52485e-18
59652.160787	-1.4888603893e-14	1	1.7e-17	2.52485e-18
59652.160799	-1.5107967638e-14	1	1.7e-17	2.52485e-18
59652.160810	-1.6595495560e-14	1	1.7e-17	2.52485e-18
59652.160822	-1.5305215354e-14	1	1.7e-17	2.52485e-18
59652.160833	-1.4463063857e-14	1	1.7e-17	2.52485e-18
59652.160845	-1.4534718610e-14	1	1.7e-17	2.52485e-18
59652.160856	-1.3336586271e-14	1	1.7e-17	2.52485e-18
59652.160868	-1.3886825649e-14	1	1.7e-17	2.52485e-18
59652.160880	-1.2744147710e-14	1	1.7e-17	2.52485e-18
59652.160891	-1.5971263618e-14	1	1.7e-17	2.52485e-18
59652.160903	-1.4655547013e-14	1	1.7e-17	2.52485e-18
59652.160914	-1.6817093779e-14	1	1.7e-17	2.52485e-18
59652.160926	-1.4867994734e-14	1	1.7e-17	2.52485e-18
59652.160937	-1.5236650578e-14	1	1.7e-17	2.52485e-18
59652.160949	-1.8409906202e-14	1	1.7e-17	2.52485e-18
59652.160961	-1.6987891196e-14	1	1.7e-17	2.52485e-18
59652.160972	-2.1090687553e-14	1	1.7e-17	2.52485e-18
59652.160984	-1.7496825860e-14	1	1.7e-17	2.52485e-18
59652.160995	-1.3856022449e-14	1	1.7e-17	2.52485e-18
59652.161007	-1.3408309632e-14	1	1.7e-17	2.52485e-18
59652.161019	-1.6036460591e-14	1	1.7e-17	2.52485e-18
59652.161030	-1.5722027562e-14	1	1.7e-17	2.52485e-18
59652.161042	-1.2799849444e-14	1	1.7e-17	2.52485e-18
59652.161053	-1.5017103873e-14	1	1.7e-17	2.52485e-18
59652.161065	-1.3609425747e-14	1	1.7e-17	2.52485e-18
59652.161076	-1.2760796143e-14	1	1.7e-17	2.52485e-18
59652.161088	-1.5623712447e-14	1	1.7e-17	2.52485e-18
59652.161100	-1.4493768802e-14	1	1.7e-17	2.52485e-18
59652.161111	-1.3512081333e-14	1	1.7e-17	2.52485e-18
59652.161123	-1.3228870785e-14	1	1.7e-17	2.52485e-18
59652.161134	-1.4883261656e-14	1	1.7e-17	2.52485e-18
59652.161146	-1.4205207547e-14	1	1.7e-17	2.52485e-18
59652.161157	-1.2014998879e-14	1	1.7e-17	2.52485e-18
59652.161169	-1.2097062820e-14	1	1.7e-17	2.52485e-18
59652.161181	-1.4743537642e-14	1	1.7e-17	2.52485e-18
59652.161192	-1.5439170226e-14	1	1.7e-17	2.52485e-18
59652.161204	-1.5199920688e-14	1	1.7e-17	2.52485e-18
59652.161215	-1.5573787479e-14	1	1.7e-17	2.52485e-18
59652.161227	-1.4797546157e-14	1	1.7e-17	2.52485e-18
59652.161238	-1.5092478794e-14	1	1.7e-17	2.52485e-18
59652.161250	-1.1940618375e-14	1	1.7e-17	2.52485e-18
59652.161262	-1.2914577516e-14	1	1.7e-17	2.52485e-18
59652.161273	-1.2261387211e-14	1	1.7e-17	2.52485e-18
59652.161285	-1.4998518276e-14	1	1.7e-17	2.52485e-18
59652.161296	-1.3979450396e-14	1	1.7e-17	2.52485e-18
59652.161308	-1.2074915449e-14	1	1.7e-17	2.52485e-18
59652.161319	-1.2885375208e-14	1	1.7e-17	2.52485e-18
59652.161331	-1.5595765442e-14	1	1.7e-17	2.52485e-18
59652.161343	-1.3624258988e-14	1	1.7e-17	2.52485e-18
59652.161354	-1.2742423998e-14	1	1.7e-17	2.52485e-18
59652.161366	-1.4562544489e-14	1	1.7e-17	2.52485e-18
59652.161377	-1.1049265276e-14	1	1.7e-17	2.52485e-18
59652.161389	-1.2478790923e-14	1	1.7e-17	2.52485e-18
59652.161400	-1.3171375882e-14	1	1.7e-17	2.52485e-18
59652.161412	-1.4174793135e-14	1	1.7e-17	2.52485e-18
59652.161424	-1.4377743923e-14	1	1.7e-17	2.52485e-18
59652.161435	-1.4306295000e-14	1	1.7e-17	2.52485e-18
59652.161447	-1.2331696875e-14	1	1.7e-17	2.52485e-18
59652.161458	-1.3356301809e-14	1	1.7e-17	2.52485e-18
59652.161470	-1.3559897190e-14	1	1.7e-17	2.52485e-18
59652.161481	-1.2578534981e-14	1	1.7e-17	2.52485e-18
59652.161493	-1.3753122346e-14	1	1.7e-17	2.52485e-18
59652.161505	-1.3576454143e-14	1	1.7e-17	2.52485e-18
59652.161516	-1.4331705141e-14	1	1.7e-17	2.52485e-18
59652.161528	-1.5362991471e-14	1	1.7e-17	2.52485e-18
59652.161539	-1.2051745710e-14	1	1.7e-17	2.52485e-18
59652.161551	-1.2067666541e-14	1	1.7e-17	2.52485e-18
59652.161562	-1.3625407565e-14	1	1.7e-17	2.52485e-18
59652.161574	-1.3920526549e-14	1	1.7e-17	2.52485e-18
59652.161586	-1.4077446179e-14	1	1.7e-17	2.52485e-18
59652.161597	-1.2045514935e-14	1	1.7e-17	2.52485e-18
59652.161609	-1.4036538723e-14	1	1.7e-17	2.52485e-18
59652.161620	-1.2006808918e-14	1	1.7e-17	2.52485e-18
59652.161632	-1.3387094845e-14	1	1.7e-17	2.52485e-18
59652.161644	-1.1263612893e-14	1	1.7e-17	2.52485e-18
59652.161655	-1.3978179000e-14	1	1.7e-17	2.52485e-18
59652.161667	-1.3003994549e-14	1	1.7e-17	2.52485e-18
59652.161678	-1.2921320745e-14	1	1.7e-17	2.52485e-18
59652.161690	-1.3639937568e-14	1	1.7e-17	2.52485e-18
59652.161701	-1.6500804900e-14	1	1.7e-17	2.52485e-18
59652.161713	-1.3856616219e-14	1	1.7e-17	2.52485e-18
59652.161725	-1.3991863664e-14	1	1.7e-17	2.52485e-18
59652.161736	-9.3725737214e-15	1	1.7e-17	2.52485e-18
59652.161748	-1.3835912193e-14	1	1.7e-17	2.52485e-18
59652.161759	-1.4478911844e-14	1	1.7e-17	2.52485e-18
59652.161771	-1.6636882437e-14	1	1.7e-17	2.52485e-18
59652.161782	-1.3825476747e-14	1	1.7e-17	2.52485e-18
59652.161794	-1.6151518159e-14	1	1.7e-17	2.52485e-18
59652.161806	-1.7610209691e-14	1	1.7e-17	2.52485e-18
59652.161817	-1.4211407828e-14	1	1.7e-17	2.52485e-18
59652.161829	-1.4767429900e-14	1	1.7e-17	2.52485e-18
59652.161840	-1.3915551925e-14	1	1.7e-17	2.52485e-18
59652.161852	-1.5567519435e-14	1	1.7e-17	2.52485e-18
59652.161863	-1.5455347709e-14	1	1.7e-17	2.52485e-18
59652.161875	-1.6627222873e-14	1	1.7e-17	2.52485e-18
59652.161887	-1.5135463175e-14	1	1.7e-17	2.52485e-18
59652.161898	-1.4722800581e-14	1	1.7e-17	2.52485e-18
59652.161910	-1.5134637318e-14	1	1.7e-17	2.52485e-18
59652.161921	-1.5051625548e-14	1	1.7e-17	2.52485e-18
59652.161933	-1.4834662294e-14	1	1.7e-17	2.52485e-18
59652.161944	-1.4210869115e-14	1	1.7e-17	2.52485e-18
59652.161956	-1.3886517329e-14	1	1.7e-17	2.52485e-18
59652.161968	-1.3236210325e-14	1	1.7e-17	2.52485e-18
59652.161979	-1.3039731716e-14	1	1.7e-17	2.52485e-18
59652.161991	-1.3813523418e-14	1	1.7e-17	2.52485e-18
59652.162002	-1.3552454311e-14	1	1.7e-17	2.52485e-18
59652.162014	-1.3976776313e-14	1	1.7e-17	2.52485e-18
59652.162025	-1.4664351920e-14	1	1.7e-17	2.52485e-18
59652.162037	-1.4835554219e-14	1	1.7e-17	2.52485e-18
59652.162049	-1.6117199772e-14	1	1.7e-17	2.52485e-18
59652.162060	-1.4360977753e-14	1	1.7e-17	2.52485e-18
59652.162072	-1.3813469208e-14	1	1.7e-17	2.52485e-18
59652.162083	-1.3113456616e-14	1	1.7e-17	2.52485e-18
59652.162095	-1.3069313494e-14	1	1.7e-17	2.52485e-18
59652.162106	-1.2559546197e-14	1	1.7e-17	2.52485e-18
59652.162118	-1.2588419009e-14	1	1.7e-17	2.52485e-18
59652.162130	-1.3568610618e-14	1	1.7e-17	2.52485e-18
59652.162141	-1.3076878346e-14	1	1.7e-17	2.52485e-18
59652.162153	-1.1270852483e-14	1	1.7e-17	2.52485e-18
59652.162164	-1.2559398813e-14	1	1.7e-17	2.52485e-18
59652.162176	-1.4214557943e-14	1	1.7e-17	2.52485e-18
59652.162187	-1.5517306475e-14	1	1.7e-17	2.52485e-18
59652.162199	-1.6960515091e-14	1	1.7e-17	2.52485e-18
59652.162211	-1.7943264740e-14	1	1.7e-17	2.52485e-18
59652.162222	-1.6886907928e-14	1	1.7e-17	2.52485e-18
59652.162234	-1.7912270110e-14	1	1.7e-17	2.52485e-18
59652.162245	-1.7063574437e-14	1	1.7e-17	2.52485e-18
59652.162257	-1.3528749247e-14	1	1.7e-17	2.52485e-18
59652.162269	-1.4466938186e-14	1	1.7e-17	2.52485e-18
59652.162280	-1.3363383005e-14	1	1.7e-17	2.52485e-18
59652.162292	-1.3935944243e-14	1	1.7e-17	2.52485e-18
59652.162303	-1.3398416288e-14	1	1.7e-17	2.52485e-18
59652.162315	-1.2021748885e-14	1	1.7e-17	2.52485e-18
59652.162326	-1.2631799801e-14	1	1.7e-17	2.52485e-18
59652.162338	-1.5308148629e-14	1	1.7e-17	2.52485e-18
59652.162350	-1.6210362385e-14	1	1.7e-17	2.52485e-18
59652.162361	-1.4905016003e-14	1	1.7e-17	2.52485e-18
59652.162373	-1.4765601156e-14	1	1.7e-17	2.52485e-18
59652.162384	-1.5677310151e-14	1	1.7e-17	2.52485e-18
59652.162396	-1.5209767446e-14	1	1.7e-17	2.52485e-18
59652.162407	-1.7218577231e-14	1	1.7e-17	2.52485e-18
59652.162419	-1.5831847077e-14	1	1.7e-17	2.52485e-18
59652.162431	-1.3259840850e-14	1	1.7e-17	2.52485e-18
59652.162442	-1.3894586165e-14	1	1.7e-17	2.52485e-18
59652.162454	-1.3393494179e-14	1	1.7e-17	2.52485e-18
59652.162465	-1.2880059229e-14	1	1.7e-17	2.52485e-18
59652.162477	-1.1906421114e-14	1	1.7e-17	2.52485e-18
59652.162488	-1.5241164416e-14	1	1.7e-17	2.52485e-18
59652.162500	-1.5042069322e-14	1	1.7e-17	2.52485e-18
59652.162512	-1.4661848938e-14	1	1.7e-17	2.52485e-18
59652.162523	-1.6654714175e-14	1	1.7e-17	2.52485e-18
59652.162535	-1.3009085217e-14	1	1.7e-17	2.52485e-18
59652.162546	-1.4676873608e-14	1	1.7e-17	2.52485e-18
59652.162558	-1.4743233557e-14	1	1.7e-17	2.52485e-18
59652.162766	-1.3290290838e-14	1	1.7e-17	2.52485e-18
59652.162778	-1.2762550348e-14	1	1.7e-17	2.52485e-18
59652.162789	-1.3626117379e-14	1	1.7e-17	2.52485e-18
59652.162894	-1.5799597992e-14	1	1.7e-17	2.52485e-18
59652.162905	-1.3200843312e-14	1	1.7e-17	2.52485e-18
59652.162917	-1.1803597244e-14	1	1.7e-17	2.52485e-18
59652.162928	-1.3860089901e-14	1	1.7e-17	2.52485e-18
59652.162940	-1.5929194880e-14	1	1.7e-17	2.52485e-18
59652.162951	-1.2227001062e-14	1	1.7e-17	2.52485e-18
59652.162963	-1.3607342046e-14	1	1.7e-17	2.52485e-18
59652.162975	-1.3749836705e-14	1	1.7e-17	2.52485e-18
59652.162986	-1.6763878934e-14	1	1.7e-17	2.52485e-18
59652.162998	-1.6724154783e-14	1	1.7e-17	2.52485e-18
59652.163009	-1.8884785059e-14	1	1.7e-17	2.52485e-18
59652.163021	-1.9366685820e-14	1	1.7e-17	2.52485e-18
59652.163032	-1.7062319981e-14	1	1.7e-17	2.52485e-18
59652.163044	-1.4135272271e-14	1	1.7e-17	2.52485e-18
59652.163056	-1.3726921923e-14	1	1.7e-17	2.52485e-18
59652.163067	-1.3442685618e-14	1	1.7e-17	2.52485e-18
59652.163171	-1.5971989526e-14	1	1.7e-17	2.52485e-18
59652.163183	-1.5917241551e-14	1	1.7e-17	2.52485e-18
59652.163194	-1.6211228899e-14	1	1.7e-17	2.52485e-18
59652.163206	-1.4470455914e-14	1	1.7e-17	2.52485e-18
59652.163218	-1.6165854191e-14	1	1.7e-17	2.52485e-18
59652.163229	-1.5223292868e-14	1	1.7e-17	2.52485e-18
59652.163241	-1.3572456147e-14	1	1.7e-17	2.52485e-18
59652.163252	-1.4070058358e-14	1	1.7e-17	2.52485e-18
59652.163264	-1.7181315405e-14	1	1.7e-17	2.52485e-18
59652.163275	-1.4400101357e-14	1	1.7e-17	2.52485e-18
59652.163287	-1.3879560648e-14	1	1.7e-17	2.52485e-18
59652.163299	-1.3105397945e-14	1	1.7e-17	2.52485e-18
59652.163310	-1.7055769876e-14	1	1.7e-17	2.52485e-18
59652.163322	-1.3367409800e-14	1	1.7e-17	2.52485e-18
59652.163333	-1.7178570171e-14	1	1.7e-17	2.52485e-18
59652.163345	-1.4094903528e-14	1	1.7e-17	2.52485e-18
59652.163356	-1.6558564077e-14	1	1.7e-17	2.52485e-18
59652.163368	-1.6365468517e-14	1	1.7e-17	2.52485e-18
59652.163380	-1.4389582055e-14	1	1.7e-17	2.52485e-18
59652.163391	-1.6153014019e-14	1	1.7e-17	2.52485e-18
59652.163403	-1.2870666481e-14	1	1.7e-17	2.52485e-18
59652.163414	-1.4946560428e-14	1	1.7e-17	2.52485e-18
59652.163426	-1.3809381427e-14	1	1.7e-17	2.52485e-18
59652.163437	-1.6737614983e-14	1	1.7e-17	2.52485e-18
59652.163449	-1.5295380454e-14	1	1.7e-17	2.52485e-18
59652.163461	-1.6485014512e-14	1	1.7e-17	2.52485e-18
59652.163472	-1.5911293686e-14	1	1.7e-17	2.52485e-18
59652.163484	-1.8093354743e-14	1	1.7e-17	2.52485e-18
59652.163495	-1.8637878343e-14	1	1.7e-17	2.52485e-18
59652.163507	-2.0101544500e-14	1	1.7e-17	2.52485e-18
59652.163519	-2.1950083793e-14	1	1.7e-17	2.52485e-18
59652.163530	-2.0681972133e-14	1	1.7e-17	2.52485e-18
59652.163542	-1.7448689825e-14	1	1.7e-17	2.52485e-18
59652.163553	-1.8331018635e-14	1	1.7e-17	2.52485e-18
59652.163565	-1.7444550375e-14	1	1.7e-17	2.52485e-18
59652.163576	-1.5868349962e-14	1	1.7e-17	2.52485e-18
59652.163588	-1.7349799576e-14	1	1.7e-17	2.52485e-18
59652.163600	-1.6043337652e-14	1	1.7e-17	2.52485e-18
59652.163611	-1.7011627601e-14	1	1.7e-17	2.52485e-18
59652.163623	-1.3617763093e-14	1	1.7e-17	2.52485e-18
59652.163634	-1.4164444086e-14	1	1.7e-17	2.52485e-18
59652.163646	-1.3983850732e-14	1	1.7e-17	2.52485e-18
59652.163657	-1.3332502725e-14	1	1.7e-17	2.52485e-18
59652.163669	-1.6320399588e-14	1	1.7e-17	2.52485e-18
59652.163681	-1.3976991460e-14	1	1.7e-17	2.52485e-18
59652.163692	-1.6284242292e-14	1	1.7e-17	2.52485e-18
59652.163704	-1.5015405572e-14	1	1.7e-17	2.52485e-18
59652.163715	-1.7094043059e-14	1	1.7e-17	2.52485e-18
59652.163727	-1.4098397539e-14	1	1.7e-17	2.52485e-18
59652.163738	-1.4868597822e-14	1	1.7e-17	2.52485e-18
59652.163750	-1.4123030104e-14	1	1.7e-17	2.52485e-18
59652.163762	-1.6121355315e-14	1	1.7e-17	2.52485e-18
59652.163773	-1.6838815939e-14	1	1.7e-17	2.52485e-18
59652.163785	-1.7405951931e-14	1	1.7e-17	2.52485e-18
59652.163796	-1.5380868102e-14	1	1.7e-17	2.52485e-18
59652.163808	-1.5430915043e-14	1	1.7e-17	2.52485e-18
59652.163819	-1.3438159073e-14	1	1.7e-17	2.52485e-18
59652.163831	-1.5694410052e-14	1	1.7e-17	2.52485e-18
59652.163843	-1.1523277619e-14	1	1.7e-17	2.52485e-18
59652.163854	-1.5802876009e-14	1	1.7e-17	2.52485e-18
59652.163866	-1.7275756190e-14	1	1.7e-17	2.52485e-18
59652.163877	-1.8639783320e-14	1	1.7e-17	2.52485e-18
59652.163889	-1.3022920653e-14	1	1.7e-17	2.52485e-18
59652.163900	-1.5134112157e-14	1	1.7e-17	2.52485e-18
59652.163912	-1.6514885976e-14	1	1.7e-17	2.52485e-18
59652.163924	-1.8405277167e-14	1	1.7e-17	2.52485e-18
59652.163935	-1.4684770496e-14	1	1.7e-17	2.52485e-18
59652.163947	-1.6653110741e-14	1	1.7e-17	2.52485e-18
59652.163958	-1.7926658659e-14	1	1.7e-17	2.52485e-18
59652.163970	-1.5261802374e-14	1	1.7e-17	2.52485e-18
59652.163981	-1.3073920507e-14	1	1.7e-17	2.52485e-18
59652.163993	-1.3064036479e-14	1	1.7e-17	2.52485e-18
59652.164005	-1.4269147523e-14	1	1.7e-17	2.52485e-18
59652.164016	-1.5087523651e-14	1	1.7e-17	2.52485e-18
59652.164028	-1.4274619355e-14	1	1.7e-17	2.52485e-18
59652.164039	-1.2466960414e-14	1	1.7e-17	2.52485e-18
59652.164051	-1.2982118229e-14	1	1.7e-17	2.52485e-18
59652.164062	-1.5950979720e-14	1	1.7e-17	2.52485e-18
59652.164074	-1.6797430756e-14	1	1.7e-17	2.52485e-18
59652.164306	-1.5746334866e-14	1	1.7e-17	2.52485e-18
59652.164317	-1.7017829576e-14	1	1.7e-17	2.52485e-18
59652.164329	-1.5305324621e-14	1	1.7e-17	2.52485e-18
59652.164340	-1.7960680584e-14	1	1.7e-17	2.52485e-18
59652.164352	-1.6535623883e-14	1	1.7e-17	2.52485e-18
59652.164363	-1.6262166920e-14	1	1.7e-17	2.52485e-18
59652.164375	-1.5450497598e-14	1	1.7e-17	2.52485e-18
59652.164387	-1.5009914257e-14	1	1.7e-17	2.52485e-18
59652.164398	-1.6603112927e-14	1	1.7e-17	2.52485e-18
59652.164583	-1.1189512756e-14	1	1.7e-17	2.52485e-18
59652.164595	-1.4394851447e-14	1	1.7e-17	2.52485e-18
59652.164606	-1.3166835786e-14	1	1.7e-17	2.52485e-18
59652.164618	-1.5288134087e-14	1	1.7e-17	2.52485e-18
59652.164630	-1.7004216062e-14	1	1.7e-17	2.52485e-18
59652.164641	-1.8299829188e-14	1	1.7e-17	2.52485e-18
59652.164653	-1.3677156196e-14	1	1.7e-17	2.52485e-18
59652.164664	-1.5031006225e-14	1	1.7e-17	2.52485e-18
59652.164676	-1.2622588318e-14	1	1.7e-17	2.52485e-18
59652.164688	-1.3099892231e-14	1	1.7e-17	2.52485e-18
59652.164699	-1.1896601461e-14	1	1.7e-17	2.52485e-18
59652.164711	-1.5137955146e-14	1	1.7e-17	2.52485e-18
59652.164722	-1.2215489884e-14	1	1.7e-17	2.52485e-18
59652.164734	-1.2781136792e-14	1	1.7e-17	2.52485e-18
59652.164745	-1.2622423147e-14	1	1.7e-17	2.52485e-18
59652.164757	-1.2827082400e-14	1	1.7e-17	2.52485e-18
59652.164769	-1.3542984483e-14	1	1.7e-17	2.52485e-18
59652.164780	-1.4489001700e-14	1	1.7e-17	2.52485e-18
59652.164792	-1.4111064070e-14	1	1.7e-17	2.52485e-18
59652.164803	-1.1966900961e-14	1	1.7e-17	2.52485e-18
59652.164815	-1.4155893288e-14	1	1.7e-17	2.52485e-18
59652.164826	-1.6404770846e-14	1	1.7e-17	2.52485e-18
59652.164838	-1.4790678414e-14	1	1.7e-17	2.52485e-18
59652.164850	-1.4772569696e-14	1	1.7e-17	2.52485e-18
59652.164861	-1.5074747006e-14	1	1.7e-17	2.52485e-18
59652.164873	-1.7891139179e-14	1	1.7e-17	2.52485e-18
59652.164884	-1.7276346572e-14	1	1.7e-17	2.52485e-18
59652.164896	-1.4420661388e-14	1	1.7e-17	2.52485e-18
59652.164907	-1.4376992605e-14	1	1.7e-17	2.52485e-18
59652.164919	-1.4197152263e-14	1	1.7e-17	2.52485e-18
59652.164931	-1.5737180134e-14	1	1.7e-17	2.52485e-18
59652.164942	-1.4852212816e-14	1	1.7e-17	2.52485e-18
59652.164954	-1.3756440174e-14	1	1.7e-17	2.52485e-18
59652.164965	-1.6149464951e-14	1	1.7e-17	2.52485e-18
59652.164977	-1.6235409996e-14	1	1.7e-17	2.52485e-18
59652.164988	-1.4112742889e-14	1	1.7e-17	2.52485e-18
59652.165000	-1.3067650769e-14	1	1.7e-17	2.52485e-18
59652.165012	-1.4010065555e-14	1	1.7e-17	2.52485e-18
59652.165023	-1.5452390717e-14	1	1.7e-17	2.52485e-18
59652.165035	-1.0567367057e-14	1	1.7e-17	2.52485e-18
59652.165046	-1.0833833457e-14	1	1.7e-17	2.52485e-18
59652.165058	-1.2355682307e-14	1	1.7e-17	2.52485e-18
59652.165069	-1.2441696809e-14	1	1.7e-17	2.52485e-18
59652.165081	-1.3246528881e-14	1	1.7e-17	2.52485e-18
59652.165093	-1.7293573528e-14	1	1.7e-17	2.52485e-18
59652.165104	-1.5522302275e-14	1	1.7e-17	2.52485e-18
59652.165116	-1.8282146528e-14	1	1.7e-17	2.52485e-18
59652.165127	-1.4405678222e-14	1	1.7e-17	2.52485e-18
59652.165139	-1.5049989080e-14	1	1.7e-17	2.52485e-18
59652.165150	-1.3144557125e-14	1	1.7e-17	2.52485e-18
59652.165162	-1.4043946873e-14	1	1.7e-17	2.52485e-18
59652.165174	-1.3519136270e-14	1	1.7e-17	2.52485e-18
59652.165185	-1.4098516124e-14	1	1.7e-17	2.52485e-18
59652.165197	-1.8164814677e-14	1	1.7e-17	2.52485e-18
59652.165208	-1.4735642448e-14	1	1.7e-17	2.52485e-18
59652.165220	-1.4841281009e-14	1	1.7e-17	2.52485e-18
59652.165231	-1.5619916046e-14	1	1.7e-17	2.52485e-18
59652.165243	-1.9096843993e-14	1	1.7e-17	2.52485e-18
59652.165255	-1.8398245946e-14	1	1.7e-17	2.52485e-18
59652.165266	-1.6788724104e-14	1	1.7e-17	2.52485e-18
59652.165278	-1.5726706572e-14	1	1.7e-17	2.52485e-18
59652.165289	-1.6957573346e-14	1	1.7e-17	2.52485e-18
59652.165301	-1.4434898318e-14	1	1.7e-17	2.52485e-18
59652.165313	-1.4968880593e-14	1	1.7e-17	2.52485e-18
59652.165324	-1.4263780722e-14	1	1.7e-17	2.52485e-18
59652.165336	-1.4460373681e-14	1	1.7e-17	2.52485e-18
59652.165347	-1.3871169092e-14	1	1.7e-17	2.52485e-18
59652.165359	-1.4962333029e-14	1	1.7e-17	2.52485e-18
59652.165370	-1.6583609994e-14	1	1.7e-17	2.52485e-18
59652.165382	-1.4806042744e-14	1	1.7e-17	2.52485e-18
59652.165394	-1.5303219744e-14	1	1.7e-17	2.52485e-18
59652.165405	-1.2648606629e-14	1	1.7e-17	2.52485e-18
59652.165417	-1.3796742848e-14	1	1.7e-17	2.52485e-18
59652.165428	-1.1822318366e-14	1	1.7e-17	2.52485e-18
59652.165440	-1.3299974118e-14	1	1.7e-17	2.52485e-18
59652.165451	-1.6437357897e-14	1	1.7e-17	2.52485e-18
59652.165463	-1.5723982514e-14	1	1.7e-17	2.52485e-18
59652.165475	-1.5956681946e-14	1	1.7e-17	2.52485e-18
59652.165486	-1.6915347907e-14	1	1.7e-17	2.52485e-18
59652.165498	-1.8047546354e-14	1	1.7e-17	2.52485e-18
59652.165509	-1.4862119714e-14	1	1.7e-17	2.52485e-18
59652.165521	-1.8146466250e-14	1	1.7e-17	2.52485e-18
59652.165532	-1.9013310451e-14	1	1.7e-17	2.52485e-18
59652.165544	-1.4652250360e-14	1	1.7e-17	2.52485e-18
59652.165556	-1.4226854321e-14	1	1.7e-17	2.52485e-18
59652.165567	-1.5010190390e-14	1	1.7e-17	2.52485e-18
59652.165579	-1.6290753435e-14	1	1.7e-17	2.52485e-18
59652.165590	-1.4766932692e-14	1	1.7e-17	2.52485e-18
59652.165602	-1.6536697074e-14	1	1.7e-17	2.52485e-18
59652.165613	-1.6008317075e-14	1	1.7e-17	2.52485e-18
59652.165625	-1.5689276186e-14	1	1.7e-17	2.52485e-18
59652.165637	-1.4195949476e-14	1	1.7e-17	2.52485e-18
59652.165648	-1.4255303616e-14	1	1.7e-17	2.52485e-18
59652.165660	-1.3680173327e-14	1	1.7e-17	2.52485e-18
59652.165671	-1.2664590988e-14	1	1.7e-17	2.52485e-18
59652.165683	-1.3704583123e-14	1	1.7e-17	2.52485e-18
59652.165694	-1.1885475683e-14	1	1.7e-17	2.52485e-18
59652.165706	-1.4228639866e-14	1	1.7e-17	2.52485e-18
59652.165718	-1.3363329642e-14	1	1.7e-17	2.52485e-18
59652.165729	-1.5288144252e-14	1	1.7e-17	2.52485e-18
59652.165741	-1.1737146662e-14	1	1.7e-17	2.52485e-18
59652.165752	-1.4504200013e-14	1	1.7e-17	2.52485e-18
59652.165764	-1.4311667730e-14	1	1.7e-17	2.52485e-18
59652.165775	-1.5654098060e-14	1	1.7e-17	2.52485e-18
59652.165787	-1.5723832589e-14	1	1.7e-17	2.52485e-18
59652.165799	-1.5465225807e-14	1	1.7e-17	2.52485e-18
59652.165810	-1.4859553204e-14	1	1.7e-17	2.52485e-18
59652.165822	-1.4783571807e-14	1	1.7e-17	2.52485e-18
59652.166076	-1.2369937025e-14	1	1.7e-17	2.52485e-18
59652.166088	-1.4440801290e-14	1	1.7e-17	2.52485e-18
59652.166100	-1.4447015971e-14	1	1.7e-17	2.52485e-18
59652.166111	-1.5174350458e-14	1	1.7e-17	2.52485e-18
59652.166123	-1.5042757113e-14	1	1.7e-17	2.52485e-18
59652.166134	-1.4448590605e-14	1	1.7e-17	2.52485e-18
59652.166146	-1.3812839863e-14	1	1.7e-17	2.52485e-18
59652.166157	-1.6976442699e-14	1	1.7e-17	2.52485e-18
59652.166169	-1.7704560691e-14	1	1.7e-17	2.52485e-18
59652.166181	-1.4993137076e-14	1	1.7e-17	2.52485e-18
59652.166192	-1.5038980193e-14	1	1.7e-17	2.52485e-18
59652.166204	-1.6295243556e-14	1	1.7e-17	2.52485e-18
59652.166215	-1.3682959219e-14	1	1.7e-17	2.52485e-18
59652.166227	-1.5063880421e-14	1	1.7e-17	2.52485e-18
59652.166238	-1.5248260011e-14	1	1.7e-17	2.52485e-18
59652.166250	-1.4010060473e-14	1	1.7e-17	2.52485e-18
59652.166262	-1.5301795882e-14	1	1.7e-17	2.52485e-18
59652.166273	-1.4553934399e-14	1	1.7e-17	2.52485e-18
59652.166285	-1.4381129513e-14	1	1.7e-17	2.52485e-18
59652.166296	-1.5284123386e-14	1	1.7e-17	2.52485e-18
59652.166308	-1.4869489747e-14	1	1.7e-17	2.52485e-18
59652.166319	-1.4509891227e-14	1	1.7e-17	2.52485e-18
59652.166331	-1.1579192805e-14	1	1.7e-17	2.52485e-18
59652.166343	-1.3089729530e-14	1	1.7e-17	2.52485e-18
59652.166354	-1.5011883609e-14	1	1.7e-17	2.52485e-18
59652.166366	-1.3465310715e-14	1	1.7e-17	2.52485e-18
59652.166377	-1.3863224770e-14	1	1.7e-17	2.52485e-18
59652.166389	-1.4281820830e-14	1	1.7e-17	2.52485e-18
59652.166400	-1.5001901326e-14	1	1.7e-17	2.52485e-18
59652.166412	-1.5930230801e-14	1	1.7e-17	2.52485e-18
59652.166424	-1.5520576869e-14	1	1.7e-17	2.52485e-18
59652.166435	-1.4284696506e-14	1	1.7e-17	2.52485e-18
59652.166447	-1.3116454266e-14	1	1.7e-17	2.52485e-18
59652.166458	-1.4024889479e-14	1	1.7e-17	2.52485e-18
59652.166470	-1.4090864028e-14	1	1.7e-17	2.52485e-18
59652.166481	-1.5533714350e-14	1	1.7e-17	2.52485e-18
59652.166493	-1.3487450462e-14	1	1.7e-17	2.52485e-18
59652.166505	-1.6196820022e-14	1	1.7e-17	2.52485e-18
59652.166516	-1.6167394097e-14	1	1.7e-17	2.52485e-18
59652.166528	-1.5843348938e-14	1	1.7e-17	2.52485e-18
59652.166539	-1.3418295304e-14	1	1.7e-17	2.52485e-18
59652.166551	-1.5826430302e-14	1	1.7e-17	2.52485e-18
59652.166563	-1.3931590494e-14	1	1.7e-17	2.52485e-18
59652.166574	-1.5068625499e-14	1	1.7e-17	2.52485e-18
59652.166586	-1.3679140794e-14	1	1.7e-17	2.52485e-18
59652.166597	-1.3707014107e-14	1	1.7e-17	2.52485e-18
59652.166609	-1.4395747608e-14	1	1.7e-17	2.52485e-18
59652.166620	-1.6902388302e-14	1	1.7e-17	2.52485e-18
59652.166632	-1.5116434580e-14	1	1.7e-17	2.52485e-18
59652.166644	-1.7105310292e-14	1	1.7e-17	2.52485e-18
59652.166655	-1.5994684079e-14	1	1.7e-17	2.52485e-18
59652.166667	-1.6265631284e-14	1	1.7e-17	2.52485e-18
