z,H_TFGR,q_TFGR,j_TFGR,H_LCDM,q_LCDM,j_LCDM,Omega_r_TFGR,Omega_m_TFGR,Omega_TF_TFGR
-9.899999999999999911e-01,2.263966596710235990e+02,-1.299999941492828048e+00,2.079999964895916875e+00,5.686397511610404365e+01,-9.999992271529970500e-01,1.000000000000000000e+00,9.559959454114925497e-14,3.250386214399071746e-08,9.999999674960422524e-01
-9.862578222778473069e-01,2.058037868811155420e+02,-1.299999816257464857e+00,2.079999889755427489e+00,5.686399848392090206e+01,-9.999979943253294312e-01,1.000000000000000000e+00,4.125832568788330682e-13,1.020786589833367750e-07,9.999998979209284711e-01
-9.825156445556946228e-01,1.914587294302892815e+02,-1.299999562730796310e+00,2.079999737641351043e+00,5.686403876651569789e+01,-9.999958691187560422e-01,1.000000000000000000e+00,1.249235284242451012e-12,2.429257389529737569e-07,9.999997570730118079e-01
-9.787734668335419386e-01,1.806368674489643809e+02,-1.299999121027300975e+00,2.079999472623391910e+00,5.686410057001543805e+01,-9.999926085315308244e-01,1.000000000000000000e+00,3.048593841527547080e-12,4.883142706305270256e-07,9.999995116826807529e-01
-9.750312891113892544e-01,1.720486866810513220e+02,-1.299998422979946167e+00,2.079999053802765729e+00,5.686418850052609741e+01,-9.999879695692062143e-01,1.000000000000000000e+00,6.433952335795201559e-12,8.761140308481832534e-07,9.999991238795351567e-01
-9.712891113892365702e-01,1.649895097352873563e+02,-1.299997392769506321e+00,2.079998435689835112e+00,5.686430716411324227e+01,-9.999817092487057746e-01,1.000000000000000000e+00,1.223122493322256916e-11,1.448445756477439372e-06,9.999985515420122262e-01
-9.675469336670838860e-01,1.590353889791178403e+02,-1.299995947411940911e+00,2.079997568496590787e+00,5.686446116677908691e+01,-9.999735846031835296e-01,1.000000000000000000e+00,2.148975572956555096e-11,2.251410351520935127e-06,9.999977485681588174e-01
-9.638047559449312018e-01,1.539129914353940762e+02,-1.299993997151546843e+00,2.079996398372582433e+00,5.686465511443567067e+01,-9.999633526876696710e-01,1.000000000000000000e+00,3.550189694109694992e-11,3.334870443643985672e-06,9.999966650940544932e-01
-9.600625782227785177e-01,1.494366187189763764e+02,-1.299991445787578748e+00,2.079994867600936992e+00,5.686489361287438271e+01,-9.999507705855043005e-01,1.000000000000000000e+00,5.582157873917603413e-11,4.752268906388147639e-06,9.999952476752721475e-01
-9.563204005006257225e-01,1.454748232164728279e+02,-1.299988190951723910e+00,2.079992914764883238e+00,5.686518126773178494e+01,-9.999355954155557669e-01,1.000000000000000000e+00,8.428203136053034853e-11,6.560474681776975774e-06,9.999934394410362470e-01
-9.525782227784730383e-01,1.419314289419374120e+02,-1.299984124348032122e+00,2.079990474891748597e+00,5.686552268445161928e+01,-9.999175843402258179e-01,1.000000000000000000e+00,1.230127800374187808e-10,8.819649465548998036e-06,9.999911802275215367e-01
-9.488360450563203541e-01,1.387341229258813655e+02,-1.299979131963366230e+00,2.079987479579268328e+00,5.686592246824316987e+01,-9.998964945742409016e-01,1.000000000000000000e+00,1.744560059812877714e-10,1.159313076929466850e-05,9.999884066947746231e-01
-9.450938673341676699e-01,1.358272778923645205e+02,-1.299973094254205597e+00,2.079983857107702505e+00,5.686638522403583806e+01,-9.998720833942259523e-01,1.000000000000000000e+00,2.413823472720144044e-10,1.494732811942452366e-05,9.999850524304982891e-01
-9.413516896120149857e-01,1.331672623763694787e+02,-1.299965886314146779e+00,2.079979532540372489e+00,5.686691555643005103e+01,-9.998441081490637705e-01,1.000000000000000000e+00,3.269061992886865977e-10,1.895162998266421918e-05,9.999810480431111648e-01
-9.376095118898623015e-01,1.307192762421711052e+02,-1.299957378025403898e+00,2.079974427814593518e+00,5.686751806964441158e+01,-9.998123262710365555e-01,1.000000000000000000e+00,4.345005636013491326e-10,2.367831958032947743e-05,9.999763212459190642e-01
-9.338673341677096174e-01,1.284551558414631813e+02,-1.299947434196884410e+00,2.079968461824556858e+00,5.686819736745912479e+01,-9.997764952877504774e-01,1.000000000000000000e+00,5.680114859760716585e-10,2.920249816053361257e-05,9.999707969338279545e-01
-9.301251564455569332e-01,1.263518148864362871e+02,-1.299935914690884653e+00,2.079961550497376521e+00,5.686895805315577235e+01,-9.997363728348387379e-01,1.000000000000000000e+00,7.316721176405038548e-10,3.560201459398517525e-05,9.999643972537338721e-01
-9.263829787234042490e-01,1.243901134767444177e+02,-1.299922674540048284e+00,2.079953606863296223e+00,5.686980472945325715e+01,-9.996917166694463397e-01,1.000000000000000000e+00,9.301164287491900130e-10,4.295740037980362710e-05,9.999570416695037212e-01
-9.226408010012515648e-01,1.225540223863129512e+02,-1.299907564055929443e+00,2.079944541120860357e+00,5.687074199844016675e+01,-9.996422846844906784e-01,1.000000000000000000e+00,1.168392598754735977e-09,5.135180931527448886e-05,9.999486470222921364e-01
-9.188986232790988806e-01,1.208299952737005185e+02,-1.299890428930271957e+00,2.079934260697708037e+00,5.687177446150334958e+01,-9.995878349236996252e-01,1.000000000000000000e+00,1.451976104903112649e-09,6.087096121265116584e-05,9.999391275868112494e-01
-9.151564455569461964e-01,1.192064900748091247e+02,-1.299871110329934965e+00,2.079922670307560395e+00,5.687290671925282481e+01,-9.995281255974221013e-01,1.000000000000000000e+00,1.786782527162535793e-09,7.160308914721560914e-05,9.999283951240701684e-01
-9.114142678347935123e-01,1.176735992427404369e+02,-1.299849444986243885e+00,2.079909672003860344e+00,5.687414337144296894e+01,-9.994629150992119238e-01,1.000000000000000000e+00,2.179180085442469438e-09,8.363888980097504932e-05,9.999163589310189337e-01
-9.076720901126408281e-01,1.162227606174699872e+02,-1.299825265279440201e+00,2.079895165230468024e+00,5.687548901689007863e+01,-9.993919620231800360e-01,1.000000000000000000e+00,2.636001922869939395e-09,9.707147653068293463e-05,9.999029258874674309e-01
-9.039299123904880329e-01,1.148465288498708645e+02,-1.299798399318802478e+00,2.079879046869764991e+00,5.687694825338613924e+01,-9.993150251821146801e-01,1.000000000000000000e+00,3.164558147094190514e-09,1.119963348410118949e-04,9.998880005006008931e-01
-9.001877346683353487e-01,1.135383928767495689e+02,-1.299768671018934896e+00,2.079861211288450029e+00,5.687852567760904776e+01,-9.992318636263640697e-01,1.000000000000000000e+00,3.772647640033140606e-09,1.285112799863827012e-04,9.998714849473659960e-01
-8.964455569461826645e-01,1.122926288215055877e+02,-1.299735900172661385e+00,2.079841550381306803e+00,5.688022588502905563e+01,-9.991422366634820085e-01,1.000000000000000000e+00,4.468569645114280355e-09,1.467164164602060249e-04,9.998532791149702392e-01
-8.927033792240299803e-01,1.111041804356128750e+02,-1.299699902520901507e+00,2.079819953613151640e+00,5.688205346981163046e+01,-9.990459038786289048e-01,1.000000000000000000e+00,5.261135139863698164e-09,1.667140991596140762e-04,9.998332806397052241e-01
-8.889612015018772961e-01,1.099685611603733548e+02,-1.299660489819871367e+00,2.079796308059182142e+00,5.688401302471660159e+01,-9.989426251557290692e-01,1.000000000000000000e+00,6.159678000634965506e-09,1.886088960383784988e-04,9.998113849442836765e-01
-8.852190237797246120e-01,1.088817733146094469e+02,-1.299617469905901324e+00,2.079770498443892279e+00,5.688610914099371030e+01,-9.988321606993758595e-01,1.000000000000000000e+00,7.174065965321251656e-09,2.125075520814710239e-04,9.997874852738525275e-01
-8.814768460575719278e-01,1.078402409620049269e+02,-1.299570646758149373e+00,2.079742407178725827e+00,5.688834640827452915e+01,-9.987142710574835602e-01,1.000000000000000000e+00,8.314711399043070479e-09,2.385189544523801228e-04,9.997614727308361537e-01
-8.777346683354192436e-01,1.068407537905590630e+02,-1.299519820559438488e+00,2.079711914398600925e+00,5.689072941446067944e+01,-9.985887171446824473e-01,1.000000000000000000e+00,9.592581867035578073e-09,2.667540986793821714e-04,9.997332363087386709e-01
-8.739924906132665594e-01,1.058804199212912067e+02,-1.299464787755447714e+00,2.079678897997452758e+00,5.689326274560857399e+01,-9.984552602664464871e-01,1.000000000000000000e+00,1.101921051826184691e-08,2.973260557599337718e-04,9.997026629250295171e-01
-8.702503128911138752e-01,1.049566260065414696e+02,-1.299405341112443102e+00,2.079643233662889834e+00,5.689595098581042265e+01,-9.983136621439566705e-01,1.000000000000000000e+00,1.260670628264209032e-08,3.303499400735554763e-04,9.996696374532201279e-01
-8.665081351689611910e-01,1.040670033172249873e+02,-1.299341269773736984e+00,2.079604794910098864e+00,5.689879871707173464e+01,-9.981636849396882116e-01,1.000000000000000000e+00,1.436776388420555285e-08,3.659428780033078220e-04,9.996340427542327323e-01
-8.627659574468085069e-01,1.032093987799060528e+02,-1.299272359315036596e+00,2.079563453115071070e+00,5.690181051918523281e+01,-9.980050912837173938e-01,1.000000000000000000e+00,1.631567367193463750e-08,4.042239771744426491e-04,9.995957597071519762e-01
-8.590237797246558227e-01,1.023818501278848743e+02,-1.299198391798830787e+00,2.079519077547260064e+00,5.690499096960122927e+01,-9.978376443007455077e-01,1.000000000000000000e+00,1.846433126957410719e-08,4.453142962262519010e-04,9.995546672394425292e-01
-8.552816020025031385e-01,1.015825644897599034e+02,-1.299119145827960287e+00,2.079471535401744120e+00,5.690834464329434894e+01,-9.976611076378274490e-01,1.000000000000000000e+00,2.082824704521753266e-08,4.893368150396779385e-04,9.995106423567132747e-01
-8.515394242803504543e-01,1.008098998645691751e+02,-1.299034396598494290e+00,2.079420691830973666e+00,5.691187611262690638e+01,-9.974752454928029755e-01,1.000000000000000000e+00,2.342255540105340583e-08,5.364164053490278437e-04,9.994635601720955886e-01
-8.477972465581977701e-01,1.000623490323806237e+02,-1.298943915952036843e+00,2.079366409976176833e+00,5.691558994720864462e+01,-9.972798226434212987e-01,1.000000000000000000e+00,2.626302388325221078e-08,5.866798016712686465e-04,9.994132939353049805e-01
-8.440550688360450859e-01,9.933852552892368237e+01,-1.298847472427573368e+00,2.079308550998486549e+00,5.691949071375301372e+01,-9.970746044771524597e-01,1.000000000000000000e+00,2.936606211159930689e-08,6.402555724909365486e-04,9.993597150614469404e-01
-8.403128911138924018e-01,9.863715137693569091e+01,-1.298744831312962811e+00,2.079246974109857593e+00,5.692358297592995342e+01,-9.968593570216761623e-01,1.000000000000000000e+00,3.274873052812455053e-08,6.972740916427870063e-04,9.993026931596267204e-01
-8.365707133917397176e-01,9.795704631869676859e+01,-1.298635754696169098e+00,2.079181536603823766e+00,5.692787129421532910e+01,-9.966338469760407381e-01,1.000000000000000000e+00,3.642874896364621698e-08,7.578675098379640150e-04,9.992420960614131209e-01
-8.328285356695870334e-01,9.729711833632470075e+01,-1.298520001516329403e+00,2.079112093886158696e+00,5.693236022573675825e+01,-9.963978417424850242e-01,1.000000000000000000e+00,4.042450502083091985e-08,8.221697262827680659e-04,9.991777898492122389e-01
-8.290863579474342382e-01,9.665635528078574623e+01,-1.298397327614740915e+00,2.079038499505487358e+00,5.693705432411623946e+01,-9.961511094589092785e-01,1.000000000000000000e+00,4.475506227207363913e-08,8.903163603420856430e-04,9.991096388845956966e-01
-8.253441802252815540e-01,9.603381745880105314e+01,-1.298267485785848718e+00,2.078960605183896249e+00,5.694195813930919314e+01,-9.958934190319924662e-01,1.000000000000000000e+00,4.944016827021682310e-08,9.624447232022286967e-04,9.990375058366295358e-01
-8.216020025031288698e-01,9.542863105009831770e+01,-1.298130225828313611e+00,2.078878260847591086e+00,5.694707621744026937e+01,-9.956245401709395981e-01,1.000000000000000000e+00,5.450026236986173650e-08,1.038693789490433570e-03,9.989612517102471889e-01
-8.178598247809761856e-01,9.483998224673281641e+01,-1.297985294596229355e+00,2.078791314657649103e+00,5.695241310063581608e+01,-9.953442434218523482e-01,1.000000000000000000e+00,5.995648335676392740e-08,1.119204168810450590e-03,9.988807358747061604e-01
-8.141176470588235015e-01,9.426711202222955421e+01,-1.297832436050562643e+00,2.078699613040893901e+00,5.695797332685294379e+01,-9.950523002027120700e-01,1.000000000000000000e+00,6.583067688256525639e-08,1.204118077155782096e-03,9.987958160921673878e-01
-8.103754693366708173e-01,9.370931145168383125e+01,-1.297671391310878608e+00,2.078603000720953276e+00,5.696376142970537160e+01,-9.947484828389626665e-01,1.000000000000000000e+00,7.214540270187909907e-08,1.293579308163980658e-03,9.987063485464333645e-01
-8.066332916145181331e-01,9.316591751517658793e+01,-1.297501898707414947e+00,2.078501320749514658e+00,5.696978193828605441e+01,-9.944325645996817675e-01,1.000000000000000000e+00,7.892394170852405200e-08,1.387733204177193534e-03,9.986121878718811073e-01
-8.028911138923654489e-01,9.263630932630034920e+01,-1.297323693833567271e+00,2.078394414537836354e+00,5.697603937698648480e+01,-9.941043197343301108e-01,1.000000000000000000e+00,8.619030276748872161e-08,1.486726627075749896e-03,9.985131871826214978e-01
-7.991489361702127647e-01,9.211990473556157610e+01,-1.297136509598836751e+00,2.078282121888529232e+00,5.698253826531290400e+01,-9.937635235100636955e-01,1.000000000000000000e+00,9.396922933900739705e-08,1.590707928853112279e-03,9.984091981019175277e-01
-7.954067584480600805e-01,9.161615726517639757e+01,-1.296940076282302678e+00,2.078164281027655047e+00,5.698928311769925159e+01,-9.934099522495994927e-01,1.000000000000000000e+00,1.022862058909325699e-07,1.699826921901923492e-03,9.983000707918920913e-01
-7.916645807259073964e-01,9.112455333751620401e+01,-1.296734121586664346e+00,2.078040728637165824e+00,5.699627844331706683e+01,-9.930433833696153956e-01,1.000000000000000000e+00,1.111674640954051005e-07,1.814234848982203187e-03,9.981856539835536335e-01
-7.879224030037546012e-01,9.064460976435169925e+01,-1.296518370692906430e+00,2.077911299887717611e+00,5.700352874588222107e+01,-9.926635954196793010e-01,1.000000000000000000e+00,1.206399888056460801e-07,1.934084352844012882e-03,9.980657950071671891e-01
-7.841802252816019170e-01,9.017587146822840793e+01,-1.296292546315634509e+00,2.077775828471885244e+00,5.701103852345864453e+01,-9.922703681216841209e-01,1.000000000000000000e+00,1.307315238085241022e-07,2.059529445478058569e-03,9.979403398229981237e-01
-7.804380475594492328e-01,8.971790941089548710e+01,-1.296056368759127775e+00,2.077634146637804768e+00,5.701881226825899773e+01,-9.918634824097792846e-01,1.000000000000000000e+00,1.414705773483966792e-07,2.190725476968901145e-03,9.978091330524537783e-01
-7.766958698372965486e-01,8.927031870679604708e+01,-1.295809555974149374e+00,2.077486085223272383e+00,5.702685446644235867e+01,-9.914427204707823016e-01,1.000000000000000000e+00,1.528864274175615115e-07,2.327829103926395710e-03,9.976720180096462220e-01
-7.729536921151438644e-01,8.883271690228862383e+01,-1.295551823615558540e+00,2.077331473690326558e+00,5.703516959790896124e+01,-9.910078657850551753e-01,1.000000000000000000e+00,1.650091268085179084e-07,2.470998257472132448e-03,9.975288367334010919e-01
-7.692115143929911802e-01,8.840474240357143287e+01,-1.295282885100766279e+00,2.077170140160327527e+00,5.704376213609201329e+01,-9.905587031678274590e-01,1.000000000000000000e+00,1.778695079230946023e-07,2.620392110758561210e-03,9.973794300197335039e-01
-7.654693366708384961e-01,8.798605303827523016e+01,-1.295002451669069687e+00,2.077001911449572802e+00,5.705263654774667259e+01,-9.900950188109531869e-01,1.000000000000000000e+00,1.914991873333721335e-07,2.776171045999459470e-03,9.972236374548131277e-01
-7.617271589486858119e-01,8.757632473742471291e+01,-1.294710232441904196e+00,2.076826613105453578e+00,5.706179729273614498e+01,-9.896166003250793652e-01,1.000000000000000000e+00,2.059305700892040785e-07,2.938496620991342193e-03,9.970612974484385216e-01
-7.579849812265331277e-01,8.717525032597714585e+01,-1.294405934484044840e+00,2.076644069443190244e+00,5.707124882381508257e+01,-9.891232367822158089e-01,1.000000000000000000e+00,2.211968537670259620e-07,3.107531535106286286e-03,9.968922472680399327e-01
-7.542428035043804435e-01,8.678253841146546677e+01,-1.294089262865798062e+00,2.076454103583152744e+00,5.708099558641013260e+01,-9.886147187586800111e-01,1.000000000000000000e+00,2.373320322545319523e-07,3.283439594737530033e-03,9.967163230732302148e-01
-7.505006257822277593e-01,8.639791236142576736e+01,-1.293759920726207602e+00,2.076256537488792908e+00,5.709104201839789283e+01,-9.880908383784064997e-01,1.000000000000000000e+00,2.543708992656997295e-07,3.466385678180084352e-03,9.965333599509207385e-01
-7.467584480600750751e-01,8.602110936129940910e+01,-1.293417609337308205e+00,2.076051192005203383e+00,5.710139254988018820e+01,-9.875513893565960322e-01,1.000000000000000000e+00,2.723490515805487311e-07,3.656535699929418497e-03,9.963431919510189472e-01
-7.430162703379223910e-01,8.565187954538843940e+01,-1.293062028169460254e+00,2.075837886898327600e+00,5.711205160295669714e+01,-9.869961670436886436e-01,1.000000000000000000e+00,2.913028920039321155e-07,3.854056574382125431e-03,9.961456521227257666e-01
-7.392740926157697068e-01,8.528998519422435720e+01,-1.292692874957784399e+00,2.075616440894823889e+00,5.712302359149513364e+01,-9.864249684696401177e-01,1.000000000000000000e+00,3.112696320375841183e-07,4.059116178923296084e-03,9.959405725514447472e-01
-7.355319148936170226e-01,8.493519999239963170e+01,-1.292309845769727961e+00,2.075386671722613485e+00,5.713431292089884295e+01,-9.858375923884812320e-01,1.000000000000000000e+00,3.322872942595736146e-07,4.271883316386151409e-03,9.957277843963195929e-01
-7.317897371714643384e-01,8.458730834152024158e+01,-1.291912635073789950e+00,2.075148396152116881e+00,5.714592398787200267e+01,-9.852338393231401259e-01,1.000000000000000000e+00,3.543947144052523649e-07,4.492527676870315505e-03,9.955071179284151750e-01
-7.280475594493116542e-01,8.424610472347734458e+01,-1.291500935809420048e+00,2.074901430038201156e+00,5.715786118018241524e+01,-9.846135116105056984e-01,1.000000000000000000e+00,3.776315431437295925e-07,4.721219798905868133e-03,9.952784025695510239e-01
-7.243053817271589701e-01,8.391139310971345822e+01,-1.291074439458118395e+00,2.074645588362840076e+00,5.717012887642196972e+01,-9.839764134467119394e-01,1.000000000000000000e+00,4.020382475438597508e-07,4.958131029951196207e-03,9.950414669318012884e-01
-7.205632040050062859e-01,8.358298641258417661e+01,-1.290632836115757298e+00,2.074380685278512715e+00,5.718273144576484412e+01,-9.833223509326201039e-01,1.000000000000000000e+00,4.276561122236891565e-07,5.203433486213437063e-03,9.947961388576742614e-01
-7.168210262828536017e-01,8.326070597529357542e+01,-1.290175814566141277e+00,2.074106534152337034e+00,5.719567324772343397e+01,-9.826511321194789650e-01,1.000000000000000000e+00,4.545272401772784121e-07,5.457300011781112542e-03,9.945422454609785801e-01
-7.130788485607009175e-01,8.294438109721900787e+01,-1.289703062355820329e+00,2.073822947610964640e+00,5.720895863190219899e+01,-9.819625670547360574e-01,1.000000000000000000e+00,4.826945532727925609e-07,5.719904137059405105e-03,9.942796131683873107e-01
-7.093366708385482333e-01,8.263384859174114183e+01,-1.289214265870178400e+00,2.073529737586229160e+00,5.722259193774931418e+01,-9.812564678279833696e-01,1.000000000000000000e+00,5.122017924157395294e-07,5.991420036499303485e-03,9.940080677617082472e-01
-7.055944931163954381e-01,8.232895237396414245e+01,-1.288709110410806824e+00,2.073226715361573547e+00,5.723657749430633856e+01,-9.805326486170068412e-01,1.000000000000000000e+00,5.430935173712313804e-07,6.272022485612749158e-03,9.937274344208698595e-01
-7.018523153942427539e-01,8.202954307595160799e+01,-1.288187280274175395e+00,2.072913691619249654e+00,5.725091961995592982e+01,-9.797909257339236788e-01,1.000000000000000000e+00,5.754151062391409941e-07,6.561886817266604499e-03,9.934375377676271102e-01
-6.981101376720900697e-01,8.173547768731950214e+01,-1.287648458831615272e+00,2.072590476488304745e+00,5.726562262216752686e+01,-9.790311176713759611e-01,1.000000000000000000e+00,6.092127545760567559e-07,6.861188877249348519e-03,9.931382019099960212e-01
-6.943679599499373856e-01,8.144661921922143222e+01,-1.287092328610620395e+00,2.072256879593362910e+00,5.728069079724136259e+01,-9.782530451487621015e-01,1.000000000000000000e+00,6.445334741579303690e-07,7.170104979104969904e-03,9.928292504874208779e-01
-6.906257822277847014e-01,8.116283638993539284e+01,-1.286518571377476494e+00,2.071912710104195643e+00,5.729612843005048717e+01,-9.774565311584784144e-01,1.000000000000000000e+00,6.814250913773732038e-07,7.488811858229588690e-03,9.925105067166790640e-01
-6.868836045056320172e-01,8.088400333041845158e+01,-1.285926868221227037e+00,2.071557776786099758e+00,5.731193979378122805e+01,-9.766414010121465816e-01,1.000000000000000000e+00,7.199362452695774047e-07,7.817486625227172345e-03,9.921817934385276372e-01
-6.831414267834793330e-01,8.060999930833692417e+01,-1.285316899638975441e+00,2.071191888051070684e+00,5.732812914967193052e+01,-9.758074823868014835e-01,1.000000000000000000e+00,7.601163851608968420e-07,8.156306718521516910e-03,9.918429331650934211e-01
-6.793992490613266488e-01,8.034070846920772624e+01,-1.284688345622532868e+00,2.070814852009785767e+00,5.734470074675017059e+01,-9.749546053710138604e-01,1.000000000000000000e+00,8.020157679341789014e-07,8.505449856222636190e-03,9.914937481280095000e-01
-6.756570713391739647e-01,8.007601959340121311e+01,-1.284040885746409622e+00,2.070426476524391823e+00,5.736165882156835494e+01,-9.740826025109214914e-01,1.000000000000000000e+00,8.456854549050084063e-07,8.865093987246558047e-03,9.911340603272984495e-01
-6.719148936170211694e-01,7.981582586786134925e+01,-1.283374199257151460e+00,2.070026569262099603e+00,5.737900759793800631e+01,-9.731913088561449099e-01,1.000000000000000000e+00,8.911773083031040621e-07,9.235417241688454945e-03,9.907636915810031919e-01
-6.681727158948684853e-01,7.956002467149249924e+01,-1.282687965164019062e+00,2.069614937749582051e+00,5.739675128666261372e+01,-9.722805620055576803e-01,1.000000000000000000e+00,9.385439873531939941e-07,9.616597880449915398e-03,9.903824635755626993e-01
-6.644305381727158011e-01,7.930851737324891815e+01,-1.281981862331008637e+00,2.069191389428175931e+00,5.741489408526918226e+01,-9.713502021528876984e-01,1.000000000000000000e+00,9.878389439498129977e-07,1.000881424412226363e-02,9.899901979169337674e-01
-6.606883604505631169e-01,7.906120914204049654e+01,-1.281255569570207475e+00,2.068755731709885470e+00,5.743344017773861765e+01,-9.704000721321204281e-01,1.000000000000000000e+00,1.039116417920541301e-06,1.041224470112847925e-02,9.895867161824536407e-01
-6.569461827284104327e-01,7.881800876763898600e+01,-1.280508765736477095e+00,2.068307772034179592e+00,5.745239373423494555e+01,-9.694300174626790945e-01,1.000000000000000000e+00,1.092431431872358913e-06,1.082706759512750729e-02,9.891718399734407141e-01
-6.532040050062577485e-01,7.857882849183420149e+01,-1.279741129823458667e+00,2.067847317925582296e+00,5.747175891083342947e+01,-9.684398863943536329e-01,1.000000000000000000e+00,1.147839785615904815e-06,1.125346119168561115e-02,9.887453909685287590e-01
-6.494618272841050644e-01,7.834358384914725093e+01,-1.278952341060887621e+00,2.067374177052047735e+00,5.749153984924780048e+01,-9.674295299519496405e-01,1.000000000000000000e+00,1.205398050162570029e-06,1.169160362422035603e-02,9.883071909777294550e-01
-6.457196495619523802e-01,7.811219351646292353e+01,-1.278142079013205867e+00,2.066888157284114236e+00,5.751174067655645672e+01,-9.663988019796327933e-01,1.000000000000000000e+00,1.265163561289513566e-06,1.214167283922383718e-02,9.878570619972147915e-01
-6.419774718397996960e-01,7.788457917099054839e+01,-1.277310023679459450e+00,2.066389066754824810e+00,5.753236550492795232e+01,-9.653475591849386417e-01,1.000000000000000000e+00,1.327194412667851417e-06,1.260384654077286067e-02,9.873948262648144514e-01
-6.382352941176470118e-01,7.766066535600906207e+01,-1.276455855594466060e+00,2.065876713920411056e+00,5.755341843134567625e+01,-9.642756611824213619e-01,1.000000000000000000e+00,1.391549448549439091e-06,1.307830213433456255e-02,9.869203063162169665e-01
-6.344931163954943276e-01,7.744037935389174265e+01,-1.275579255931232003e+00,2.065350907621727572e+00,5.757490353733183497e+01,-9.631829705369119310e-01,1.000000000000000000e+00,1.458288256007857333e-06,1.356521666987722460e-02,9.864333250418667598e-01
-6.307509386733416434e-01,7.722365106594371298e+01,-1.274679906604604840e+00,2.064811457146423557e+00,5.759682488867101569e+01,-9.620693528063606337e-01,1.000000000000000000e+00,1.527471156729417727e-06,1.406476678429697223e-02,9.859337057445463071e-01
-6.270087609511889593e-01,7.701041289862021699e+01,-1.273757490376134172e+00,2.064258172291836502e+00,5.761918653513301081e+01,-9.609346765842334825e-01,1.000000000000000000e+00,1.599159198350181086e-06,1.457712864317194275e-02,9.854212721976296496e-01
-6.232665832290362751e-01,7.680059965572422698e+01,-1.272811690960123254e+00,2.063690863428607969e+00,5.764199251019544334e+01,-9.597788135414357935e-01,1.000000000000000000e+00,1.673414145335246643e-06,1.510247788185684926e-02,9.848958487039978227e-01
-6.195244055068835909e-01,7.659414843621181035e+01,-1.271842193130843457e+00,2.063109341564985044e+00,5.766524683076594471e+01,-9.586016384677338298e-01,1.000000000000000000e+00,1.750298469396751557e-06,1.564098954593163074e-02,9.843572601555989898e-01
-6.157822277847309067e-01,7.639099853725940648e+01,-1.270848682830884702e+00,2.062513418411811017e+00,5.768895349690415486e+01,-9.574030293126486457e-01,1.000000000000000000e+00,1.829875339447306087e-06,1.619283803101909461e-02,9.838053320936414048e-01
-6.120400500625782225e-01,7.619109136227191925e+01,-1.269830847280616792e+00,2.061902906448175532e+00,5.771311649154350221e+01,-9.561828672257924877e-01,1.000000000000000000e+00,1.912208611085803682e-06,1.675819702198753230e-02,9.832398907694014367e-01
-6.082978723404255383e-01,7.599437033353321169e+01,-1.268788375088724552e+00,2.061277618987710447e+00,5.773773978021299058e+01,-9.549410365966192193e-01,1.000000000000000000e+00,1.997362815612840653e-06,1.733723943155523681e-02,9.826607632056292285e-01
-6.045556946182728542e-01,7.580078080922105244e+01,-1.267720956363790785e+00,2.060637370245515854e+00,5.776282731075892940e+01,-9.536774250935647901e-01,1.000000000000000000e+00,2.085403148573229504e-06,1.793013733831508999e-02,9.820677772585363341e-01
-6.008135168961201700e-01,7.561027000452742186e+01,-1.266628282826890217e+00,2.059981975405686949e+00,5.778838301306685565e+01,-9.523919237025449958e-01,1.000000000000000000e+00,2.176395457823393917e-06,1.853706192419825316e-02,9.814607616803440182e-01
-5.970713391739674858e-01,7.542278691664336066e+01,-1.265510047925153092e+00,2.059311250689423112e+00,5.781441079878355538e+01,-9.510844267647873274e-01,1.000000000000000000e+00,2.270406231121721757e-06,1.915818341139737327e-02,9.808395461823715689e-01
-5.933291614518148016e-01,7.523828225338311881e+01,-1.264365946946271579e+00,2.058625013423704075e+00,5.784091456103948303e+01,-9.497548320139663769e-01,1.000000000000000000e+00,2.367502583240255751e-06,1.979367099877044067e-02,9.802039614986463034e-01
-5.895869837296621174e-01,7.505670836523789546e+01,-1.263195677133895911e+00,2.057923082110495017e+00,5.786789817417147219e+01,-9.484030406126191526e-01,1.000000000000000000e+00,2.467752242596432412e-06,2.044369279774783249e-02,9.795538394500096224e-01
-5.858448060075093222e-01,7.487801918066287499e+01,-1.261998937803884946e+00,2.057205276496466784e+00,5.789536549344590100e+01,-9.470289571878095503e-01,1.000000000000000000e+00,2.571223537403898116e-06,2.110841576776594647e-02,9.788890130086965735e-01
-5.821026282853566380e-01,7.470217014441477943e+01,-1.260775430461369195e+00,2.056471417643198407e+00,5.792332035478253971e+01,-9.456324898660175560e-01,1.000000000000000000e+00,2.677985381341762376e-06,2.178800565125196126e-02,9.782093163633667210e-01
-5.783604505632039539e-01,7.452911815876844059e+01,-1.259524858918570578e+00,2.055721327997837466e+00,5.795176657447889568e+01,-9.442135503072273117e-01,1.000000000000000000e+00,2.788107258742035910e-06,2.248262690818550111e-02,9.775145849845556789e-01
-5.746182728410512697e-01,7.435882152745210760e+01,-1.258246929413344040e+00,2.054954831464187670e+00,5.798070794893539670e+01,-9.427720537381850674e-01,1.000000000000000000e+00,2.901659209295306437e-06,2.319244265026370808e-02,9.768046556905271016e-01
-5.708760951188985855e-01,7.419123990215186382e+01,-1.256941350728376205e+00,2.054171753474193451e+00,5.801014825438137734e+01,-9.413079189848045925e-01,1.000000000000000000e+00,3.018711812275103667e-06,2.391761457469754326e-02,9.760793667134902707e-01
-5.671339173967459013e-01,7.402633423144443725e+01,-1.255607834311005311e+00,2.053371921059794936e+00,5.804009124660196761e+01,-9.398210685036916257e-01,1.000000000000000000e+00,3.139336170281802226e-06,2.465830289766825570e-02,9.753385577661614070e-01
-5.633917396745932171e-01,7.386406671202676932e+01,-1.254246094393594468e+00,2.052555162925108867e+00,5.807054066066602616e+01,-9.383114284127641591e-01,1.000000000000000000e+00,3.263603892507253844e-06,2.541466628747371739e-02,9.745820701086337357e-01
-5.596495619524405329e-01,7.370440074211907699e+01,-1.252855848114409421e+00,2.051721309518923952e+00,5.810150021065519610e+01,-9.367789285209433547e-01,1.000000000000000000e+00,3.391587077521777254e-06,2.618686179739557890e-02,9.738097466155268833e-01
-5.559073842302878488e-01,7.354730087692534823e+01,-1.251436815638945044e+00,2.050870193107446671e+00,5.813297358939411907e+01,-9.352235023568882255e-01,1.000000000000000000e+00,3.523358295585522564e-06,2.697504479831927537e-02,9.730214318433850762e-01
-5.521652065081350536e-01,7.339273278604292727e+01,-1.249988720281636434e+00,2.050001647847293995e+00,5.816496446818197086e+01,-9.336450871967559850e-01,1.000000000000000000e+00,3.658990570486631783e-06,2.777936891113962775e-02,9.722169720982899443e-01
-5.484230287859823694e-01,7.324066321271874358e+01,-1.248511288627894844e+00,2.049115509858666861e+00,5.819747649652534705e+01,-9.320436240909572012e-01,1.000000000000000000e+00,3.798557360909056353e-06,2.859998593898601185e-02,9.713962155036530710e-01
-5.446808510638296852e-01,7.309105993485627550e+01,-1.247004250656410518e+00,2.048211617298691056e+00,5.823051330187269059e+01,-9.304190578898881014e-01,1.000000000000000000e+00,3.942132541333356707e-06,2.943704579930235196e-02,9.705590120681562016e-01
-5.409386733416770010e-01,7.294389172768332230e+01,-1.245467339861649148e+00,2.047289810434869128e+00,5.826407848935025413e+01,-9.287713372686154933e-01,1.000000000000000000e+00,4.089790382474117639e-06,3.029069645581718845e-02,9.697052137538003658e-01
-5.371964956195243168e-01,7.279912832799541889e+01,-1.243900293376484001e+00,2.046349931718612236e+00,5.829817564149968234e+01,-9.271004147504933179e-01,1.000000000000000000e+00,4.241605531258239193e-06,3.116108385044115414e-02,9.688346745440277186e-01
-5.334543178973716326e-01,7.265674039989515620e+01,-1.242302852094889110e+00,2.045391825858811075e+00,5.833280831801742750e+01,-9.254062467296862993e-01,1.000000000000000000e+00,4.397652990348666066e-06,3.204835183512939889e-02,9.679472505118801307e-01
-5.297121401752189485e-01,7.251669950195216074e+01,-1.240674760794630460e+00,2.044415339895401473e+00,5.836798005549594137e+01,-9.236887934925842591e-01,1.000000000000000000e+00,4.558008097218651671e-06,3.295264210374757724e-02,9.670427998881551135e-01
-5.259699624530662643e-01,7.237897805571299159e+01,-1.239015768259877692e+00,2.043420323272882921e+00,5.840369436716684248e+01,-9.219480192380840045e-01,1.000000000000000000e+00,4.722746502782083339e-06,3.387409412398100644e-02,9.661211831295162256e-01
-5.222277847309135801e-01,7.224354931549410708e+01,-1.237325627403666584e+00,2.042406627913743833e+00,5.843995474264609413e+01,-9.201838920967189139e-01,1.000000000000000000e+00,4.891944149585879638e-06,3.481284506932728895e-02,9.651822629865230985e-01
-5.184856070087608959e-01,7.211038733939486178e+01,-1.235604095390141710e+00,2.041374108291758915e+00,5.847676464768131410e+01,-9.183963841486189050e-01,1.000000000000000000e+00,5.065677249570929431e-06,3.576902975121353662e-02,9.642259045715370069e-01
-5.147434292866082117e-01,7.197946696147140244e+01,-1.233850933756494017e+00,2.040322621505097800e+00,5.851412752390126570e+01,-9.165854714402804637e-01,1.000000000000000000e+00,5.244022261408526815e-06,3.674278055128030879e-02,9.632519754264582401e-01
-5.110012515644555275e-01,7.185076376501508832e+01,-1.232065908534530241e+00,2.039252027349212959e+00,5.855204678856765099e+01,-9.147511340001303060e-01,1.000000000000000000e+00,5.427055867419732131e-06,3.773422735387484822e-02,9.622603455902577485e-01
-5.072590738423028434e-01,7.172425405688277067e+01,-1.230248790371780032e+00,2.038162188389453178e+00,5.859052583432934114e+01,-9.128933558528656844e-01,1.000000000000000000e+00,5.614854950085563534e-06,3.874349747879716338e-02,9.612508876662528845e-01
-5.035168961201501592e-01,7.159991484282886631e+01,-1.228399354652075504e+00,2.037052970033351951e+00,5.862956802897898712e+01,-9.110121250325539100e-01,1.000000000000000000e+00,5.807496568156420014e-06,3.977071561434301211e-02,9.602234768890888228e-01
-4.997747183979974750e-01,7.147772380379191759e+01,-1.226517381615515490e+00,2.035924240602553503e+00,5.866917671521225941e+01,-9.091074335944758777e-01,1.000000000000000000e+00,6.005057932369614449e-06,4.081600375068878545e-02,9.591779911913788093e-01
-4.960325406758447908e-01,7.135765927309097378e+01,-1.224602656477729701e+00,2.034775871404313818e+00,5.870935521038973093e+01,-9.071792776257003865e-01,1.000000000000000000e+00,6.207616380784386595e-06,4.187948111366344983e-02,9.581143112699557207e-01
-4.922903629536920511e-01,7.123970021448978684e+01,-1.222654969548369497e+00,2.033607736802535371e+00,5.875010680630144577e+01,-9.052276572543720423e-01,1.000000000000000000e+00,6.415249353744219868e-06,4.296126409895367759e-02,9.570323206516926362e-01
-4.885481852315394224e-01,7.112382620108854780e+01,-1.220674116348732463e+00,2.032419714288287160e+00,5.879143476893436571e+01,-9.032525766577034210e-01,1.000000000000000000e+00,6.628034368476862664e-06,4.406146620678880188e-02,9.559319057588427926e-01
-4.848060075093867383e-01,7.101001739500561882e+01,-1.218659897728440633e+00,2.031211684549749208e+00,5.883334233824267301e+01,-9.012540440686545029e-01,1.000000000000000000e+00,6.846048993342795427e-06,4.518019797715246144e-02,9.548129559738541827e-01
-4.810638297872340541e-01,7.089825452781310844e+01,-1.216612119981086426e+00,2.029983531541541986e+00,5.887583272792110733e+01,-8.992320717812911646e-01,1.000000000000000000e+00,7.069370821743520816e-06,4.631756692556845273e-02,9.536753637036097242e-01
-4.773216520650812589e-01,7.078851888169279505e+01,-1.214530594958758813e+00,2.028735142553379944e+00,5.891890912518130108e+01,-8.971866761548126235e-01,1.000000000000000000e+00,7.298077445701421925e-06,4.747367747950882733e-02,9.525190244430454811e-01
-4.735794743429285747e-01,7.068079227127998365e+01,-1.212415140185363116e+00,2.027466408278004728e+00,5.896257469053133349e+01,-8.951178776162327377e-01,1.000000000000000000e+00,7.532246429123429041e-06,4.864863091547206447e-02,9.513438368380987553e-01
-4.698372966207758905e-01,7.057505702616472831e+01,-1.210265578968648947e+00,2.026177222878335016e+00,5.900683255755849643e+01,-8.930257006617120519e-01,1.000000000000000000e+00,7.771955280761338482e-06,4.984252529678057098e-02,9.501497027479386404e-01
-4.660951188986232063e-01,7.047129597402187073e+01,-1.208081740510856150e+00,2.024867484053795241e+00,5.905168583271532867e+01,-8.909101738565284867e-01,1.000000000000000000e+00,8.017281426881825302e-06,5.105545541214554645e-02,9.489365273064275241e-01
-4.623529411764705221e-01,7.036949242434225482e+01,-1.205863460017889688e+00,2.023537093105756135e+00,5.909713759510907494e+01,-8.887713298336815670e-01,1.000000000000000000e+00,8.268302183659955636e-06,5.228751271504872983e-02,9.477042189827675767e-01
-4.586107634543178380e-01,7.026963015273899771e+01,-1.203610578806940445e+00,2.022185955002041347e+00,5.914319089629462667e+01,-8.866092052911219712e-01,1.000000000000000000e+00,8.525094729310223868e-06,5.353878526399000193e-02,9.464526896412805979e-01
-4.548685857321651538e-01,7.017169338580445981e+01,-1.201322944412454907e+00,2.020813978440447300e+00,5.918984876007095863e+01,-8.844238409876016282e-01,1.000000000000000000e+00,8.787736075969762353e-06,5.480935766365013784e-02,9.451818546002739296e-01
-4.511264080100124696e-01,7.007566678649423864e+01,-1.199000410690372220e+00,2.019421075911218111e+00,5.923711418228118930e+01,-8.822152817371414768e-01,1.000000000000000000e+00,9.056303041348663673e-06,5.609931100701807255e-02,9.438916326899405851e-01
-4.473842302878597854e-01,6.998153544001584692e+01,-1.196642837920536051e+00,2.018007163758428035e+00,5.928499013061635026e+01,-8.799835764021092244e-01,1.000000000000000000e+00,9.330872220162911878e-06,5.740872281853186959e-02,9.425819463092479644e-01
-4.436420525657071012e-01,6.988928484020127030e+01,-1.194250092907193528e+00,2.016572162240213295e+00,5.933347954442290018e+01,-8.777287778849085509e-01,1.000000000000000000e+00,9.611519955365758857e-06,5.873766699828272125e-02,9.412527214817618670e-01
-4.398998748435544170e-01,6.979890087634281315e+01,-1.191822049077492895e+00,2.015115995587806630e+00,5.938258533451405441e+01,-8.754509431182759815e-01,1.000000000000000000e+00,9.898322309193830878e-06,6.008621376733098290e-02,9.399038879103598365e-01
-4.361576971214017329e-01,6.971036982047355934e+01,-1.189358586577891508e+00,2.013638592063313304e+00,5.943231038298502256e+01,-8.731501330541830974e-01,1.000000000000000000e+00,1.019135503404464509e-05,6.145442961418321609e-02,9.385353790307826571e-01
-4.324155193992490487e-01,6.962367831507388871e+01,-1.186859592368388450e+00,2.012139884016182378e+00,5.948265754303219666e+01,-8.708264126513478587e-01,1.000000000000000000e+00,1.049069354320261554e-05,6.284237724247900003e-02,9.371471320639778169e-01
-4.286733416770963645e-01,6.953881336118709555e+01,-1.184324960314488751e+00,2.010619807938320402e+00,5.953362963877642500e+01,-8.684798508613537082e-01,1.000000000000000000e+00,1.079641288143096371e-05,6.425011551993550785e-02,9.357390880671830891e-01
-4.249311639549436803e-01,6.945576230692728359e+01,-1.181754591276823474e+00,2.009078304517793789e+00,5.958522946509023654e+01,-8.661105206133770107e-01,1.000000000000000000e+00,1.110858769544737546e-05,6.567769942859828791e-02,9.343111919837062684e-01
-4.211889862327908851e-01,6.937451283636424648e+01,-1.179148393198327982e+00,2.007515318691066586e+00,5.963745978742944231e+01,-8.637184987975304873e-01,1.000000000000000000e+00,1.142729220430155976e-05,6.712518001644561527e-02,9.328633926913501018e-01
-4.174468085106382009e-01,6.929505295876995774e+01,-1.176506281188901992e+00,2.005930799693731448e+00,5.969032334166868736e+01,-8.613038662468210926e-01,1.000000000000000000e+00,1.175260016967312015e-05,6.859260435039313264e-02,9.313956430494372274e-01
-4.137046307884855167e-01,6.921737099821302763e+01,-1.173828177607464829e+00,2.004324701109670759e+00,5.974382283394150051e+01,-8.588667077177308817e-01,1.000000000000000000e+00,1.208458486610872286e-05,7.008001547074596549e-02,9.299078999443878280e-01
-4.099624530663328326e-01,6.914145558348685938e+01,-1.171114012141323268e+00,2.002696980918611480e+00,5.979796094048455757e+01,-8.564071118694265294e-01,1.000000000000000000e+00,1.242331905121749254e-05,7.158745234714372629e-02,9.284001243338051435e-01
-4.062202753441801484e-01,6.906729563835946806e+01,-1.168363721882769157e+00,2.001047601542013776e+00,5.985274030748634999e+01,-8.539251712416013884e-01,1.000000000000000000e+00,1.276887493584409212e-05,7.311494983604337194e-02,9.268722812890207718e-01
-4.024780976220274642e-01,6.899488037213171765e+01,-1.165577251402831527e+00,1.999376529887253451e+00,5.990816355094030143e+01,-8.514209822309609654e-01,1.000000000000000000e+00,1.312132415423923620e-05,7.466253863978532246e-02,9.253243400360604554e-01
-3.987359198998747800e-01,6.892419927049307660e+01,-1.162754552822097942e+00,1.997683737390047343e+00,5.996423325650236080e+01,-8.488946450663602539e-01,1.000000000000000000e+00,1.348073773424739062e-05,7.623024526728515438e-02,9.237562739949806145e-01
-3.949937421777220958e-01,6.885524208666316781e+01,-1.159895585878533808e+00,1.995969200055075277e+00,6.002095197935314985e+01,-8.463462637825988066e-01,1.000000000000000000e+00,1.384718606753194826e-05,7.781809199639488916e-02,9.221680608175376603e-01
-3.912515644555694116e-01,6.878799883280852612e+01,-1.157000317992221472e+00,1.994232898494756379e+00,6.007832224406469379e+01,-8.437759461928905358e-01,1.000000000000000000e+00,1.422073887985812671e-05,7.942609683797485776e-02,9.205596824231453423e-01
-3.875093867334167275e-01,6.872245977172470077e+01,-1.154068724326945183e+00,1.992474817966130241e+00,6.013634654447179884e+01,-8.411838038600130130e-01,1.000000000000000000e+00,1.460146520145419787e-05,8.105427350171742762e-02,9.189311250330811642e-01
-3.837672090112640433e-01,6.865861540877347124e+01,-1.151100787848551743e+00,1.990694948405807185e+00,6.019502734354801987e+01,-8.385699520661531459e-01,1.000000000000000000e+00,1.498943333747168483e-05,8.270263136376215796e-02,9.172823792029003442e-01
-3.800250312891113591e-01,6.859645648406635132e+01,-1.148096499380017121e+00,1.988893284462939004e+00,6.025436707328650243e+01,-8.359345097814612213e-01,1.000000000000000000e+00,1.538471083856544954e-05,8.437117543614117143e-02,9.156134398530203500e-01
-3.762828535669586749e-01,6.853597396488510185e+01,-1.145055857653149323e+00,1.987069825530173972e+00,6.031436813458541479e+01,-8.332775996313264155e-01,1.000000000000000000e+00,1.578736447161459801e-05,8.605990633809212920e-02,9.139243062974362619e-01
-3.725406758448059907e-01,6.847715903833113771e+01,-1.141978869356866211e+00,1.985224575772558175e+00,6.037503289713830412e+01,-8.305993478623914239e-01,1.000000000000000000e+00,1.619746019060531615e-05,8.776882026927514124e-02,9.122149822705343247e-01
-3.687984981226533066e-01,6.842000310419562936e+01,-1.138865549181980796e+00,1.983357544154336072e+00,6.043636369932921326e+01,-8.278998843073179792e-01,1.000000000000000000e+00,1.661506310769673761e-05,8.949790898492845925e-02,9.104854759519638296e-01
-3.650563204005006224e-01,6.836449776804224143e+01,-1.135715919862437584e+00,1.981468744463630749e+00,6.049836284813267184e+01,-8.251793423483252399e-01,1.000000000000000000e+00,1.704023746449116506e-05,9.124715977299673042e-02,9.087357999895387950e-01
-3.613141426783479382e-01,6.831063483449568707e+01,-1.132530012212936921e+00,1.979558195334949922e+00,6.056103261901859014e+01,-8.224378588795143719e-01,1.000000000000000000e+00,1.747304660352971747e-05,9.301655543326375897e-02,9.069659715201326966e-01
-3.575719649561951430e-01,6.825840630072853799e+01,-1.129307865162900715e+00,1.977625920269502346e+00,6.062437525586211251e+01,-8.196755742679997514e-01,1.000000000000000000e+00,1.791355294003484341e-05,9.480607425852063952e-02,9.051760121885393806e-01
-3.538297872340424588e-01,6.820780435013975307e+01,-1.126049525786714911e+00,1.975671947653276916e+00,6.068839297085831674e+01,-8.168926323138662182e-01,1.000000000000000000e+00,1.836181793392073058e-05,9.661569001779823918e-02,9.033659481642678513e-01
-3.500876095118897746e-01,6.815882134621833188e+01,-1.122755049330210531e+00,1.973696310772869111e+00,6.075308794444202931e+01,-8.140891802089708085e-01,1.000000000000000000e+00,1.881790206209308885e-05,9.844537194169249161e-02,9.015358101562453985e-01
-3.463454317897370904e-01,6.811144982658611013e+01,-1.119424499233327541e+00,1.971699047829015949e+00,6.081846232521252205e+01,-8.112653684946117272e-01,1.000000000000000000e+00,1.928186479105902873e-05,1.002950847098070947e-01,8.996856334254018650e-01
-3.426032540675844063e-01,6.806568249721351549e+01,-1.116057947148924478e+00,1.969680201947819231e+00,6.088451822986330342e+01,-8.084213510180857654e-01,1.000000000000000000e+00,1.975376454986843124e-05,1.021647884403392159e-01,8.978154577951108495e-01
-3.388610763454317221e-01,6.802151222680264198e+01,-1.112655472957687408e+00,1.967639821189630212e+00,6.095125774311689071e+01,-8.055572848881547010e-01,1.000000000000000000e+00,2.023365870340752422e-05,1.040544386818303274e-01,8.959253276594663085e-01
-3.351188986232790379e-01,6.797893204133247025e+01,-1.109217164779104481e+00,1.965577958555572380e+00,6.101868291766471231e+01,-8.026733304294455529e-01,1.000000000000000000e+00,2.072160352606543438e-05,1.059639864071029447e-01,8.940152919893709083e-01
-3.313767209011263537e-01,6.793793511876059199e+01,-1.105743118978470552e+00,1.963494671991686591e+00,6.108679577411196959e+01,-7.997696511358088900e-01,1.000000000000000000e+00,2.121765417579445385e-05,1.078933780094027128e-01,8.920854043364214725e-01
-3.276345431789736695e-01,6.789851478387689099e+01,-1.102233440169889223e+00,1.961390024390671005e+00,6.115559830092771421e+01,-7.968464136226568462e-01,1.000000000000000000e+00,2.172186466858417372e-05,1.098425553007627564e-01,8.901357228345686545e-01
-3.238923654568209853e-01,6.786066450330402233e+01,-1.098688241215246775e+00,1.959264083591210515e+00,6.122509245439986358e+01,-7.939037875783085951e-01,1.000000000000000000e+00,2.223428785336993547e-05,1.118114555126057674e-01,8.881663101995408427e-01
-3.201501877346683012e-01,6.782437788064029860e+01,-1.095107643219133564e+00,1.957116922374871004e+00,6.129528015859545320e+01,-7.909419457143681553e-01,1.000000000000000000e+00,2.275497538739531918e-05,1.138000112985974172e-01,8.861772337260152010e-01
-3.164080100125156170e-01,6.778964865174062027e+01,-1.091491775519689789e+00,1.954948618460551124e+00,6.136616330532591945e+01,-7.879610637151593933e-01,1.000000000000000000e+00,2.328397771204846533e-05,1.158081507397624721e-01,8.841685652825255204e-01
-3.126658322903629328e-01,6.775647068013104501e+01,-1.087840775675361638e+00,1.952759254496483798e+00,6.143774375411747002e+01,-7.849613201862483125e-01,1.000000000000000000e+00,2.382134402919148497e-05,1.178357973518729535e-01,8.821403813040978870e-01
-3.089236545682102486e-01,6.772483795255308792e+01,-1.084154789447550504e+00,1.950548918049769487e+00,6.151002333218662699e+01,-7.819428966020748328e-01,1.000000000000000000e+00,2.436712227800211478e-05,1.198828700951165976e-01,8.800927627826053978e-01
-3.051814768460575644e-01,6.769474457463388717e+01,-1.080433970779151265e+00,1.948317701593449192e+00,6.158300383442082193e+01,-7.789059772527286984e-01,1.000000000000000000e+00,2.492135911234616359e-05,1.219492833860501280e-01,8.780257952548375933e-01
-3.014392991239047692e-01,6.766618476667831317e+01,-1.076678481768963636e+00,1.946065702491099225e+00,6.165668702336410689e+01,-7.758507491898917197e-01,1.000000000000000000e+00,2.548409987869929374e-05,1.240349471118417785e-01,8.759395687882796100e-01
-2.976971214017520850e-01,6.763915285957973822e+01,-1.072888492641985714e+00,1.943793022978959062e+00,6.173107462920798838e+01,-7.727774021719785447e-01,1.000000000000000000e+00,2.605538859463569435e-05,1.261397666468035139e-01,8.738341779646018326e-01
-2.939549436795994009e-01,6.761364329084562996e+01,-1.069064181715581263e+00,1.941499770145583170e+00,6.180616834978729912e+01,-7.696861286085049381e-01,1.000000000000000000e+00,2.663526792790166825e-05,1.282636428712135013e-01,8.717097218608585996e-01
-2.902127659574467167e-01,6.758965060073515474e+01,-1.065205735361530071e+00,1.939186055909023043e+00,6.188196985058121413e+01,-7.665771235037124320e-01,1.000000000000000000e+00,2.722377917609067655e-05,1.304064721924247383e-01,8.695663040283990730e-01
-2.864705882352940325e-01,6.756716942850499663e+01,-1.061313347963971143e+00,1.936851996991550529e+00,6.195848076471926191e+01,-7.634505843994807694e-01,1.000000000000000000e+00,2.782096224693675804e-05,1.325681465682559401e-01,8.674040324694971549e-01
-2.827284105131413483e-01,6.754619450876099052e+01,-1.057387221873246963e+00,1.934497714891918241e+00,6.203570269299245155e+01,-7.603067113175571157e-01,1.000000000000000000e+00,2.842685563924235583e-05,1.347485535326571060e-01,8.652230196117036698e-01
-2.789862327909886641e-01,6.752672066791211591e+01,-1.053427567355669447e+00,1.932123335855177704e+00,6.211363720386941623e+01,-7.571457067011342357e-01,1.000000000000000000e+00,2.904149642445610972e-05,1.369475762236412320e-01,8.630233822799343590e-01
-2.752440550688359799e-01,6.750874282072417998e+01,-1.049434602539226491e+00,1.929728990840062108e+00,6.219228583351753770e+01,-7.539677753558076123e-01,1.000000000000000000e+00,2.966492022891573202e-05,1.391650934134704698e-01,8.608052416663005690e-01
-2.715018773466832958e-01,6.749225596697066010e+01,-1.045408553355250847e+00,1.927314815483949006e+00,6.227165008582913686e+01,-7.507731243899447016e-01,1.000000000000000000e+00,3.029716121677042742e-05,1.414009795410836046e-01,8.585687232976996208e-01
-2.677596996245306116e-01,6.747725518817772183e+01,-1.041349653476081549e+00,1.924880950065418039e+00,6.235173143245260263e+01,-7.475619631544954125e-01,1.000000000000000000e+00,3.093825207359688040e-05,1.436551047467495013e-01,8.563139570011768509e-01
-2.640175219023779274e-01,6.746373564446120952e+01,-1.037258144248749181e+00,1.922427539464427904e+00,6.243253131282848045e+01,-7.443345031822787838e-01,1.000000000000000000e+00,3.158822399072208479e-05,1.459273349089288685e-01,8.540410768670804176e-01
-2.602753441802252432e-01,6.745169257145295205e+01,-1.033134274624719406e+00,1.919954733120126988e+00,6.251405113423045634e+01,-7.410909581267747237e-01,1.000000000000000000e+00,3.224710665026588041e-05,1.482175316833247991e-01,8.517502212100248604e-01
-2.565331664580725590e-01,6.744112127731413864e+01,-1.028978301085733627e+00,1.917462684986324994e+00,6.259629227181132904e+01,-7.378315437004558941e-01,1.000000000000000000e+00,3.291492821091514986e-05,1.505255525441006048e-01,8.494415325276883921e-01
-2.527909887359198748e-01,6.743201713983350487e+01,-1.024790487565789610e+00,1.914951553484650626e+00,6.267925606865372146e+01,-7.345564776126908280e-01,1.000000000000000000e+00,3.359171529444128338e-05,1.528512508272406034e-01,8.471151574574649068e-01
-2.490488110137671907e-01,6.742437560360806970e+01,-1.020571105369310061e+00,1.912421501455423778e+00,6.276294383582576586e+01,-7.312659795072503632e-01,1.000000000000000000e+00,3.427749297297176062e-05,1.551944757760288507e-01,8.447712467309982376e-01
-2.453066332916145065e-01,6.741819217730441949e+01,-1.016320433085546426e+00,1.909872696106268863e+00,6.284735685244147874e+01,-7.279602708994514781e-01,1.000000000000000000e+00,3.497228475702590504e-05,1.575550725886178671e-01,8.424099551266250874e-01
-2.415644555694618223e-01,6.741346243099839342e+01,-1.012038756499273662e+00,1.907305308958508139e+00,6.293249636572596017e+01,-7.246395751129688367e-01,1.000000000000000000e+00,3.567611258432429121e-05,1.599328824676568006e-01,8.400314414197588286e-01
-2.378222778473090271e-01,6.741018199359125163e+01,-1.007726368497829927e+00,1.904719515791359452e+00,6.301836359108532548e+01,-7.213041172163502379e-01,1.000000000000000000e+00,3.638899680938070894e-05,1.623277426719491601e-01,8.376358683312414843e-01
-2.340801001251563429e-01,6.740834655030049305e+01,-1.003383568974566709e+00,1.902115496583985710e+00,6.310495971218128375e+01,-7.179541239592641677e-01,1.000000000000000000e+00,3.711095619388444968e-05,1.647394865701039268e-01,8.352234024737021922e-01
-2.303379224030036587e-01,6.740795184022333331e+01,-9.990106647287693153e-01,1.899493435455426482e+00,6.319228588101044153e+01,-7.145898237085165361e-01,1.000000000000000000e+00,3.784200789788075557e-05,1.671679436961474863e-01,8.327942142959546823e-01
-2.265957446808509745e-01,6.740899365397120846e+01,-9.946079693621130424e-01,1.896853520602452825e+00,6.328034321798813266e+01,-7.112114463838656864e-01,1.000000000000000000e+00,3.858216747175536020e-05,1.696129398070565508e-01,8.303484780254717368e-01
-2.228535669586982904e-01,6.741146783137354248e+01,-9.901758031717323716e-01,1.894195944235391948e+00,6.336913281203684534e+01,-7.078192233936700939e-01,1.000000000000000000e+00,3.933144884902968057e-05,1.720742969421747981e-01,8.278863716089761571e-01
-2.191113892365456062e-01,6.741537025924900206e+01,-9.857144930399707183e-01,1.891520902511964142e+00,6.345865572067921079e+01,-7.044133875704003955e-01,1.000000000000000000e+00,4.008986433997122745e-05,1.745518334844707031e-01,8.254080766511893152e-01
-2.153692115143929220e-01,6.742069686924290295e+01,-9.812243723208872170e-01,1.888828595469171923e+00,6.354891297013536899e+01,-7.009941731060490566e-01,1.000000000000000000e+00,4.085742462602399782e-05,1.770453642235960134e-01,8.229137783517779248e-01
-2.116270337922402378e-01,6.742744363572880673e+01,-9.767057807236060318e-01,1.886119226953300032e+00,6.363990555542483918e+01,-6.975618154874670962e-01,1.000000000000000000e+00,4.163413875506226467e-05,1.795547004206984043e-01,8.204036654405465478e-01
-2.078848560700875536e-01,6.743560657377318535e+01,-9.721590641925831333e-01,1.883393004548065797e+00,6.373163444047270332e+01,-6.941165514316628427e-01,1.000000000000000000e+00,4.242001413747056274e-05,1.820796498749447379e-01,8.178779301109178057e-01
-2.041426783479348694e-01,6.744518173716147658e+01,-9.675845747848811351e-01,1.880650139500977591e+00,6.382410055822016659e+01,-6.906586188210930288e-01,1.000000000000000000e+00,4.321505654305218765e-05,1.846200169917054379e-01,8.153367679517514732e-01
-2.004005006257821853e-01,6.745616521648400976e+01,-9.629826705445367896e-01,1.877890846647949141e+00,6.391730481073931003e+01,-6.871882566389765357e-01,1.000000000000000000e+00,4.401927009876738754e-05,1.871756028523532955e-01,8.127803778775479771e-01
-1.966583229036295011e-01,6.746855313728082137e+01,-9.583537153741157333e-01,1.875115344336230061e+00,6.401124806935210643e+01,-6.837057049046640911e-01,1.000000000000000000e+00,4.483265728730159282e-05,1.897462052856240811e-01,8.102089620570885886e-01
-1.929161451814768169e-01,6.748234165824341346e+01,-9.536980789035415240e-01,1.872323854345701699e+00,6.410593117475359293e+01,-6.802112046090936781e-01,1.000000000000000000e+00,4.565521894646402273e-05,1.923316189404896681e-01,8.076227258405638265e-01
-1.891739674593241327e-01,6.749752696947280128e+01,-9.490161363563001107e-01,1.869516601808599354e+00,6.420135493713911501e+01,-6.767049976503606290e-01,1.000000000000000000e+00,4.648695426941498835e-05,1.949316353604889085e-01,8.050218776852415825e-01
-1.854317897371714485e-01,6.751410529079197431e+01,-9.443082684131129945e-01,1.866693815127720812e+00,6.429752013633557794e+01,-6.731873267694366003e-01,1.000000000000000000e+00,4.732786080572077387e-05,1.975460430594632444e-01,8.024066290797310375e-01
-1.816896120150186533e-01,6.753207287011207427e+01,-9.395748610731806671e-01,1.863855725893173831e+00,6.439442752193677677e+01,-6.696584354860621868e-01,1.000000000000000000e+00,4.817793446323324338e-05,2.001746275986409640e-01,7.997771944668958799e-01
-1.779474342928659691e-01,6.755142598185061331e+01,-9.348163055131002430e-01,1.861002568797734735e+00,6.449207781344256318e+01,-6.661185680348479243e-01,1.000000000000000000e+00,4.903716951079080530e-05,2.028171716650137291e-01,7.971337911654754471e-01
-1.742052565707132850e-01,6.757216092540090813e+01,-9.300329979435533190e-01,1.858134581550869857e+00,6.459047170040183516e+01,-6.625679693016078842e-01,1.000000000000000000e+00,4.990555858173738703e-05,2.054734551509491691e-01,7.944766392904690777e-01
-1.704630788485606008e-01,6.759427402365152204e+01,-9.252253394638781936e-01,1.855252004791486886e+00,6.468960984255949143e+01,-6.590068847599572788e-01,1.000000000000000000e+00,5.078309267825364650e-05,2.081432552349786191e-01,7.918059616723430727e-01
-1.667209011264079166e-01,6.761776162155430825e+01,-9.203937359146283637e-01,1.852355081999482733e+00,6.478949287000682489e+01,-6.554355604082030551e-01,1.000000000000000000e+00,5.166976117649595487e-05,2.108263464637031293e-01,7.891219837751204391e-01
-1.629787234042552324e-01,6.764262008474048571e+01,-9.155385977282247678e-01,1.849444059406149643e+00,6.489012138333590940e+01,-6.518542427065514566e-01,1.000000000000000000e+00,5.256555183253621176e-05,2.135225008347556297e-01,7.864249336134118140e-01
-1.592365456821025482e-01,6.766884579818324141e+01,-9.106603397778163522e-01,1.846519185903504612e+00,6.499149595379729760e+01,-6.482631785146639736e-01,1.000000000000000000e+00,5.347045078909606880e-05,2.162314878807603535e-01,7.837150416684506293e-01
-1.554943679599498640e-01,6.769643516490602053e+01,-9.057593812244525422e-01,1.843580712952612499e+00,6.509361712346147044e+01,-6.446626150295864388e-01,1.000000000000000000e+00,5.438444258306757942e-05,2.189530747542257627e-01,7.809925408031912486e-01
-1.517521902377971799e-01,6.772538460473549549e+01,-9.008361453626864135e-01,1.840628894490965450e+00,6.519648540538354098e+01,-6.410527997240765830e-01,1.000000000000000000e+00,5.530751015381229205e-05,2.216870263133109142e-01,7.782576661765352455e-01
-1.480100125156444957e-01,6.775569055309824762e+01,-8.958910594647186976e-01,1.837663986838991237e+00,6.530010128377156775e+01,-6.374339802853580261e-01,1.000000000000000000e+00,5.623963485222949681e-05,2.244331052084005962e-01,7.755106551567472195e-01
-1.442678347934918115e-01,6.778734945986002458e+01,-8.909245546231931989e-01,1.834686248605752024e+00,6.540446521415798031e+01,-6.338064045543244651e-01,1.000000000000000000e+00,5.718079645058417261e-05,2.271910719694279490e-01,7.727517472341214333e-01
-1.405256570713391273e-01,6.782035778820690552e+01,-8.859370655927641947e-01,1.831695940593910610e+00,6.550957762357442959e+01,-6.301703204652193691e-01,1.000000000000000000e+00,5.813097315308440253e-05,2.299606850938797353e-01,7.699811839329672170e-01
-1.367834793491864431e-01,6.785471201356723725e+01,-8.809290306305448404e-01,1.828693325704023209e+00,6.561543891072973622e+01,-6.265259759858133881e-01,1.000000000000000000e+00,5.909014160719704964e-05,2.327417011354214194e-01,7.671992087229714263e-01
-1.330413016270337589e-01,6.789040862257348863e+01,-8.759008913355542658e-01,1.825678668838238483e+00,6.572204944619092259e+01,-6.228736190581065646e-01,1.000000000000000000e+00,6.005827691569049192e-05,2.355338747930775245e-01,7.644060669300067890e-01
-1.292991239048810748e-01,6.792744411206321331e+01,-8.708530924872806001e-01,1.822652236803461889e+00,6.582940957256737136e+01,-6.192134975395739982e-01,1.000000000000000000e+00,6.103535264939201593e-05,2.383369590009032091e-01,7.616020056464474219e-01
-1.255569461827283906e-01,6.796581498811821120e+01,-8.657860818834703931e-01,1.819614298214061510e+00,6.593751960469786866e+01,-6.155458591449813888e-01,1.000000000000000000e+00,6.202134086064729226e-05,2.411507050180832779e-01,7.587872736410560259e-01
-1.218147684605757064e-01,6.800551776514096503e+01,-8.607003101772660036e-01,1.816565123394183523e+00,6.604637982984060329e+01,-6.118709513887878870e-01,1.000000000000000000e+00,6.301621209746869213e-05,2.439748625193943754e-01,7.559621212685082581e-01
-1.180725907384229112e-01,6.804654896496762717e+01,-8.555962307137995326e-01,1.813504984279741716e+00,6.615599050786593693e+01,-6.081890215281607892e-01,1.000000000000000000e+00,6.401993541835843853e-05,2.468091796859655795e-01,7.531268003786160126e-01
-1.143304130162702270e-01,6.808890511601673268e+01,-8.504742993663672035e-01,1.810434154320158084e+00,6.626635187145193129e+01,-6.045003165066210604e-01,1.000000000000000000e+00,6.503247840779243622e-05,2.496534032962748617e-01,7.502815642253173323e-01
-1.105882352941175428e-01,6.813258275247275719e+01,-8.453349743722873288e-01,1.807352908379914691e+00,6.637746412628258952e+01,-6.008050828983387825e-01,1.000000000000000000e+00,6.605380719234998812e-05,2.525072788173167715e-01,7.474266673754909052e-01
-1.068460575719648586e-01,6.817757841350379522e+01,-8.401787161685674299e-01,1.804261522639992510e+00,6.648932745124859878e+01,-5.971035668530988438e-01,1.000000000000000000e+00,6.708388645747382620e-05,2.553705504958779793e-01,7.445623656176646454e-01
-1.031038798498121745e-01,6.822388864251256280e+01,-8.350059872274849804e-01,1.801160274499260083e+00,6.660194199865073017e+01,-5.933960140419545226e-01,1.000000000000000000e+00,6.812267946484493913e-05,2.582429614498586989e-01,7.416889158706764240e-01
-9.936170212765949028e-02,6.827150998642005675e+01,-8.298172518922004581e-01,1.798049442475881943e+00,6.671530789440555509e+01,-5.896826696035873949e-01,1.000000000000000000e+00,6.917014807035586608e-05,2.611242537595763746e-01,7.388065760923532288e-01
-9.561952440550680610e-02,6.832043899498091832e+01,-8.246129762125091744e-01,1.794929306108813627e+00,6.682942523825362002e+01,-5.859637780913896643e-01,1.000000000000000000e+00,7.022625274266593599e-05,2.640141685589901810e-01,7.359156051882670413e-01
-9.187734668335412191e-02,6.837067222012997547e+01,-8.193936277808469004e-01,1.791800145859447246e+00,6.694429410396988089e+01,-5.822395834212865662e-01,1.000000000000000000e+00,7.129095258232136256e-05,2.669124461267853854e-01,7.330162629206322666e-01
-8.813516896120143773e-02,6.842220621535919634e+01,-8.141596755686542064e-01,1.788662243013477537e+00,6.705991453957635429e+01,-5.785103288203140570e-01,1.000000000000000000e+00,7.236420534142276660e-05,2.698188259772558717e-01,7.301088098174027818e-01
-8.439299123904875355e-02,6.847503753512421554e+01,-8.089115897632126462e-01,1.785515879583048360e+00,6.717628656755695715e+01,-5.747762567759653329e-01,1.000000000000000000e+00,7.344596744382273759e-05,2.727330469509258726e-01,7.271935070816304414e-01
-8.065081351689606937e-02,6.852916273427995009e+01,-8.036498416050553706e-01,1.782361338209246693e+00,6.729341018507435024e+01,-5.710376089863251625e-01,1.000000000000000000e+00,7.453619400583490835e-05,2.756548473048506254e-01,7.242706165011435493e-01
-7.690863579474338518e-02,6.858457836754442383e+01,-7.983749032260574197e-01,1.779198902065006305e+00,6.741128536418884210e+01,-5.672946263109992504e-01,1.000000000000000000e+00,7.563483885743676181e-05,2.785839648025390525e-01,7.213404003586034730e-01
-7.316645807259070100e-02,6.864128098899023200e+01,-7.930872474883121637e-01,1.776028854758484155e+00,6.752991205207918313e+01,-5.635475487228577274e-01,1.000000000000000000e+00,7.674185456394716921e-05,2.815201368034392360e-01,7.184031213419967976e-01
-6.942428035043801682e-02,6.869926715156299224e+01,-7.877873478238928140e-01,1.772851480236966371e+00,6.764929017126520705e+01,-5.597966152606008716e-01,1.000000000000000000e+00,7.785719244815999802e-05,2.844631003519312862e-01,7.154590424556205308e-01
-6.568210262828533264e-02,6.875853340662607138e+01,-7.824756780755998120e-01,1.769667062691369530e+00,6.776941961983222029e+01,-5.560420639821612721e-01,1.000000000000000000e+00,7.898080261291484303e-05,2.874125922657724819e-01,7.125084269316146468e-01
-6.193992490613253743e-02,6.881907630353096295e+01,-7.771527123387929059e-01,1.766475886461392975e+00,6.789030027165712511e+01,-5.522841319189519815e-01,1.000000000000000000e+00,8.011263396408536497e-05,2.903683492239387265e-01,7.095515381420972600e-01
-5.819774718397985325e-02,6.888089238921267565e+01,-7.718189248044032835e-01,1.763278235941379890e+00,6.801193197663617696e+01,-5.485230550309725395e-01,1.000000000000000000e+00,8.125263423396607352e-05,2.933301078538102513e-01,7.065886395119557184e-01
-5.445556946182716906e-02,6.894397820780957886e+01,-7.664747896032182428e-01,1.760074395486942445e+00,6.813431456091420557e+01,-5.447590681627793030e-01,1.000000000000000000e+00,8.240075000503805248e-05,2.962976048176499400e-01,7.036199944323449085e-01
-5.071339173967448488e-02,6.900833030030700854e+01,-7.611207806515338792e-01,1.756864649322408489e+00,6.825744782711538505e+01,-5.409924050003347418e-01,1.000000000000000000e+00,8.355692673409351515e-05,2.992705768983208170e-01,7.006458661749450645e-01
-4.697121401752180070e-02,6.907394520420400852e+01,-7.557573714982608326e-01,1.753649281449142894e+00,6.838133155457539658e+01,-5.372232980287363624e-01,1.000000000000000000e+00,8.472110877669979643e-05,3.022487610841959049e-01,6.976665178070273754e-01
-4.322903629536911652e-02,6.914081945320276645e+01,-7.503850351735736890e-01,1.750428575554791699e+00,6.850596549957489856e+01,-5.334519784908408058e-01,1.000000000000000000e+00,8.589323941198306249e-05,3.052318946532103228e-01,6.946822121073776835e-01
-3.948685857321643233e-02,6.920894957691989191e+01,-7.450042440391879683e-01,1.747202814923508374e+00,6.863134939557419045e+01,-5.296786763467844494e-01,1.000000000000000000e+00,8.707326086771115183e-05,3.082197152560089415e-01,6.916932114831233491e-01
-3.574468085106374815e-02,6.927833210061926650e+01,-7.396154696403450801e-01,1.743972282347201919e+00,6.875748295344919825e+01,-5.259036202344081756e-01,1.000000000000000000e+00,8.826111434565647935e-05,3.112119609981443547e-01,6.886997778875100229e-01
-3.200250312891106397e-02,6.934896354496568449e+01,-7.342191825595872912e-01,1.740737260037860779e+00,6.888436586172844045e+01,-5.221270374305947426e-01,1.000000000000000000e+00,8.945674004721841709e-05,3.142083705212799227e-01,6.857021727386727328e-01
-2.826032540675837978e-02,6.942084042579868708e+01,-7.288158522724008659e-01,1.737498029540998745e+00,6.901199778683108832e+01,-5.183491538135197585e-01,1.000000000000000000e+00,9.066007719928556824e-05,3.172086830833558690e-01,6.827006568394448083e-01
-2.451814768460569560e-02,6.949395925392636286e+01,-7.234059470047977669e-01,1.734254871650263263e+00,6.914037837330597824e+01,-5.145701938258229191e-01,1.000000000000000000e+00,9.187106408031776828e-05,3.202126386376762390e-01,6.796954902982433877e-01
-2.077596996245301142e-02,6.956831653493807721e+01,-7.179899335929118553e-01,1.731008066323254102e+00,6.926950724407154780e+01,-5.107903804387039504e-01,1.000000000000000000e+00,9.308963804662854157e-05,3.232199779108781978e-01,6.766869324510751404e-01
-1.703379224030032724e-02,6.964390876903600258e+01,-7.125682773446772034e-01,1.727757892598591472e+00,6.939938400065651081e+01,-5.070099351169441437e-01,1.000000000000000000e+00,9.431573555884756256e-05,3.262304424797429214e-01,6.736752417846981755e-01
-1.329161451814764305e-02,6.972073245088473925e+01,-7.071414419036556875e-01,1.724504628514272886e+00,6.953000822344142762e+01,-5.032290777848578145e-01,1.000000000000000000e+00,9.554929220854409396e-05,3.292437748468136083e-01,6.706606758609777730e-01
-9.549436795994958871e-03,6.979878406947852909e+01,-7.017098891150761464e-01,1.721248551027358964e+00,6.966137947190080126e+01,-4.994480267931755701e-01,1.000000000000000000e+00,9.679024274499158803e-05,3.322597185147834198e-01,6.676434912424715762e-01
-5.807259073842274688e-03,6.987806010802560763e+01,-6.962740788941474968e-01,1.717989935935023027e+00,6.979349728484595516e+01,-4.956669988868592225e-01,1.000000000000000000e+00,9.803852110205420634e-05,3.352780180596209303e-01,6.646239434192769968e-01
-2.065081351689590505e-03,6.995855704384898388e+01,-6.908344690967029855e-01,1.714729057796999578e+00,6.992636118066835138e+01,-4.918862091738522846e-01,1.000000000000000000e+00,9.929406042517600005e-05,3.382984192023993919e-01,6.616022867371753602e-01
1.677096370463204700e-03,7.004027134830347734e+01,-6.853915153922313097e-01,1.711466189859465192e+00,7.005997065758343467e+01,-4.881058710947614454e-01,1.000000000000000000e+00,1.005567930984539802e-04,3.413206688798012256e-01,6.585787743271004357e-01
5.419274092615888883e-03,7.012319948670825909e+01,-6.799456711393453423e-01,1.708201603980382233e+00,7.019432519387490288e+01,-4.843261963934738512e-01,1.000000000000000000e+00,1.018266507717758879e-04,3.443445153132664305e-01,6.555536580359618837e-01
9.161451814768573065e-03,7.020733791829451320e+01,-6.744973872637427537e-01,1.704935570556338043e+00,7.032942424813924731e+01,-4.805473950887071410e-01,1.000000000000000000e+00,1.031035643880039886e-04,3.473697080767581546e-01,6.525271883588538158e-01
1.290362953692114623e-02,7.029268309616766430e+01,-6.690471121386948328e-01,1.701668358450900254e+00,7.046526725953084735e+01,-4.767696754464868514e-01,1.000000000000000000e+00,1.043874642101881540e-04,3.503959981631230014e-01,6.494996143726666782e-01
1.664580725907383041e-02,7.037923146728391544e+01,-6.635952914681211290e-01,1.698400234924524854e+00,7.060185364800688035e+01,-4.729932439535584066e-01,1.000000000000000000e+00,1.056782798487869798e-04,3.534231380490147623e-01,6.464711836711365400e-01
2.038798498122651459e-02,7.046697947244032889e+01,-6.581423681722778918e-01,1.695131465566031004e+00,7.073918281457279988e+01,-4.692183052917229258e-01,1.000000000000000000e+00,1.069759402888823040e-04,3.564508817583653677e-01,6.434421423013457764e-01
2.413016270337919877e-02,7.055592354627825102e+01,-6.526887822761058278e-01,1.691862314225673458e+00,7.087725414152764358e+01,-4.654450623130956810e-01,1.000000000000000000e+00,1.082803739173679209e-04,3.594789849243800739e-01,6.404127347017025684e-01
2.787234042553188296e-02,7.064606011729942736e+01,-6.472349708002698154e-01,1.688593042949827039e+00,7.101606699270949719e+01,-4.616737160162879827e-01,1.000000000000000000e+00,1.095915085500954149e-04,3.625072048500361799e-01,6.373832036414138758e-01
3.161451814768478918e-02,7.073738560789466590e+01,-6.417813676549206647e-01,1.685323911917307793e+00,7.115562071374101549e+01,-4.579044655235027794e-01,1.000000000000000000e+00,1.109092714589604854e-04,3.655353005670686217e-01,6.343537901614723085e-01
3.535669586983747337e-02,7.082989643438416749e+01,-6.363284035362147817e-01,1.682055179377346388e+00,7.129591463227458803e+01,-4.541375080585448032e-01,1.000000000000000000e+00,1.122335893989129978e-04,3.685630328934264011e-01,6.313247335171746633e-01
3.909887359199015755e-02,7.092358900706958025e+01,-6.308765058256066149e-01,1.678787101589224173e+00,7.143694805823777472e+01,-4.503730389257344369e-01,1.000000000000000000e+00,1.135643886348748638e-04,3.715901644891850264e-01,6.282962711221801166e-01
4.284105131414284173e-02,7.101845973029703885e+01,-6.254260984919507438e-01,1.675519932763597897e+00,7.157872028407821574e+01,-4.466112514897269126e-01,1.000000000000000000e+00,1.149015949685489052e-04,3.746164599109007565e-01,6.252686384941306130e-01
4.658322903629552592e-02,7.111450500253083362e+01,-6.199776019964249318e-01,1.672253925005514619e+00,7.172123058500841353e+01,-4.428523371562256283e-01,1.000000000000000000e+00,1.162451337651043356e-04,3.776416856643973752e-01,6.222420692018375554e-01
5.032540675844821010e-02,7.121172121643741093e+01,-6.145314332002959068e-01,1.668989328259130822e+00,7.186447821925027313e+01,-4.390964853535861412e-01,1.000000000000000000e+00,1.175949299797227055e-04,3.806656102559725641e-01,6.192167948140476774e-01
5.406758448060089428e-02,7.131010475897920742e+01,-6.090880052755436314e-01,1.665726390254149258e+00,7.200846242827914523e+01,-4.353438835153040642e-01,1.000000000000000000e+00,1.189509081839902285e-04,3.836880042420183212e-01,6.161930448497976442e-01
5.780976220275357846e-02,7.140965201151797714e+01,-6.036477276183541685e-01,1.662465356453974197e+00,7.215318243706761336e+01,-4.315947170633779306e-01,1.000000000000000000e+00,1.203129925921213935e-04,3.867086402770464892e-01,6.131710467303612688e-01
6.155193992490626265e-02,7.151035934992717102e+01,-5.982110057654946855e-01,1.659206470005596845e+00,7.229863745432867006e+01,-4.278491693925429162e-01,1.000000000000000000e+00,1.216811070870004705e-04,3.897272931601138968e-01,6.101510257327990017e-01
6.529411764705894683e-02,7.161222314471316963e+01,-5.927782413135749273e-01,1.655949971691210720e+00,7.244482667275850929e+01,-4.241074218553658737e-01,1.000000000000000000e+00,1.230551752460268711e-04,3.927437398796440049e-01,6.071332049451100277e-01
6.903629536921163101e-02,7.171523976114457355e+01,-5.873498318412018193e-01,1.652696099881564518e+00,7.259174926927863680e+01,-4.203696537481935724e-01,1.000000000000000000e+00,1.244351203667513938e-04,3.957577596566413947e-01,6.041178052229917439e-01
7.277847309136431520e-02,7.181940555938984971e+01,-5.819261708340295325e-01,1.649445090491049815e+00,7.273940440527745466e+01,-4.166360422979460409e-01,1.000000000000000000e+00,1.258208654922904509e-04,3.987691339862989848e-01,6.011050451482087276e-01
7.652065081351699938e-02,7.192471689466226792e+01,-5.765076476127035665e-01,1.646197176934526052e+00,7.288779122685112100e+01,-4.129067626497471277e-01,1.000000000000000000e+00,1.272123334365056751e-04,4.017776466779958144e-01,5.980951409885677528e-01
8.026282853566968356e-02,7.203117011737231223e+01,-5.710946472636981852e-01,1.642952590085879461e+00,7.303690886504371349e+01,-4.091819878553819567e-01,1.000000000000000000e+00,1.286094468089377639e-04,4.047830838936895548e-01,5.950883066595015203e-01
8.400500625782236774e-02,7.213876157328706995e+01,-5.656875505730407649e-01,1.639711558238315270e+00,7.318675643608669645e+01,-4.054618888625735051e-01,1.000000000000000000e+00,1.300121280394818369e-04,4.077852341847046369e-01,5.920847536872558825e-01
8.774718397997505193e-02,7.224748760369595857e+01,-5.602867339629175047e-01,1.636474307066376754e+00,7.333733304163747846e+01,-4.017466345050667575e-01,1.000000000000000000e+00,1.314202994027944800e-04,4.107838885269200491e-01,5.890846911736772329e-01
9.148936170212773611e-02,7.235734454558304662e+01,-5.548925694311488410e-01,1.633241059589686905e+00,7.348863776901715994e+01,-3.980363914935136638e-01,1.000000000000000000e+00,1.328338830424206864e-04,4.137788403543630755e-01,5.860883257625946197e-01
9.523153942428042029e-02,7.246832873180508727e+01,-5.495054244935264620e-01,1.630012036138403397e+00,7.364066969144744235e+01,-3.943313244071451895e-01,1.000000000000000000e+00,1.342528009946314231e-04,4.167698855912142508e-01,5.830958616077910328e-01
9.897371714643310447e-02,7.258043649127533570e+01,-5.441256621289941586e-01,1.626787454320383963e+00,7.379342786828654255e+01,-3.906315956862226324e-01,1.000000000000000000e+00,1.356769752119615252e-04,4.197568226822323556e-01,5.801075003425557597e-01
1.027158948685857887e-01,7.269366414915256769e+01,-5.387536407276594108e-01,1.623567528990044195e+00,7.394691134526416931e+01,-3.869373656252570459e-01,1.000000000000000000e+00,1.371063275864384831e-04,4.227394526216064485e-01,5.771234410508070400e-01
1.064580725907384728e-01,7.280800802703524255e+01,-5.333897140416182792e-01,1.620352472218907547e+00,7.410111915471540556e+01,-3.832487923669861685e-01,1.000000000000000000e+00,1.385407799724940200e-04,4.257175789802470356e-01,5.741438802397803576e-01
1.102002503128911570e-01,7.292346444316031295e+01,-5.280342311385715082e-01,1.617142493267824666e+00,7.425605031581365267e+01,-3.795660318970967007e-01,1.000000000000000000e+00,1.399802542095486459e-04,4.286910079315257582e-01,5.711690118142647155e-01
1.139424280350438412e-01,7.304002971260652544e+01,-5.226875363582128564e-01,1.613937798560859394e+00,7.441170383480236694e+01,-3.758892380396826050e-01,1.000000000000000000e+00,1.414246721442626584e-04,4.316595482754752022e-01,5.681990270523805675e-01
1.176846057571965254e-01,7.315770014750184203e+01,-5.173499692713632303e-01,1.610738591660818564e+00,7.456807870522580117e+01,-3.722185624534264381e-01,1.000000000000000000e+00,1.428739556524448321e-04,4.346230114614644258e-01,5.652341145828830848e-01
1.214267834793492096e-01,7.327647205723471302e+01,-5.120218646418309705e-01,1.607545073246417822e+00,7.472517390815835370e+01,-3.685541546284937242e-01,1.000000000000000000e+00,1.443280266606123210e-04,4.375812116093608095e-01,5.622744603639785455e-01
1.251689612015018938e-01,7.339634174866908722e+01,-5.067035523909638739e-01,1.604357441091062597e+00,7.488298841243302206e+01,-3.648961618841271015e-01,1.000000000000000000e+00,1.457868071671949430e-04,4.405339655291951595e-01,5.593202476636375264e-01
1.289111389236545779e-01,7.351730552636266225e+01,-5.013953575648715244e-01,1.601175890043228467e+00,7.504152117486829354e+01,-3.612447293669295290e-01,1.000000000000000000e+00,1.472502192633769874e-04,4.434810927393458835e-01,5.563716570413906881e-01
1.326533166458072621e-01,7.363935969278819016e+01,-4.960976003042831262e-01,1.598000612008422916e+00,7.520077114049398403e+01,-3.576000000498248399e-01,1.000000000000000000e+00,1.487181851535718583e-04,4.464224154832576175e-01,5.534288663315889423e-01
1.363954943679599463e-01,7.376250054855782423e+01,-4.908105958170125294e-01,1.594831795932711183e+00,7.536073724277574115e+01,-3.539621147316812655e-01,1.000000000000000000e+00,1.501906271755226133e-04,4.493577587447132871e-01,5.504920506281113513e-01
1.401376720901126305e-01,7.388672439264979630e+01,-4.855346543529966974e-01,1.591669627787783980e+00,7.552141840383816884e+01,-3.503312120375903227e-01,1.000000000000000000e+00,1.516674678200247129e-04,4.522869502616761461e-01,5.475613822705037714e-01
1.438798498122653147e-01,7.401202752263770890e+01,-4.802700811818727544e-01,1.588514290557549113e+00,7.568281353468648831e+01,-3.467074284197828593e-01,1.000000000000000000e+00,1.531486297502654761e-04,4.552098205387229424e-01,5.446370308315265918e-01
1.476220275344182209e-01,7.413840623492168902e+01,-4.750171765730575868e-01,1.585365964226222335e+00,7.584492153542711890e+01,-3.430908981591760387e-01,1.000000000000000000e+00,1.546340358207766669e-04,4.581262028580859180e-01,5.417191631060933599e-01
1.513642052565709051e-01,7.426585682496178720e+01,-4.697762357782967468e-01,1.582224825767898579e+00,7.600774129548638314e+01,-3.394817533675333898e-01,1.000000000000000000e+00,1.561236090959951131e-04,4.610359332893235185e-01,5.388079431015804222e-01
1.551063829787235893e-01,7.439437558751268398e+01,-4.645475490166408594e-01,1.579091049137581582e+00,7.617127169382821705e+01,-3.358801239902284297e-01,1.000000000000000000e+00,1.576172728684303306e-04,4.639388506976452886e-01,5.359035320294861515e-01
1.588485607008762734e-01,7.452395881686018697e+01,-4.593314014618132823e-01,1.575964805263643687e+00,7.633551159917008988e+01,-3.322861378096001461e-01,1.000000000000000000e+00,1.591149506764334037e-04,4.668347967509060559e-01,5.330060882984175574e-01
1.625907384230289576e-01,7.465460280705877949e+01,-4.541280732319269431e-01,1.572846262041695642e+00,7.650045987019753113e+01,-3.286999204488840753e-01,1.000000000000000000e+00,1.606165663215662566e-04,4.697236159252962118e-01,5.301157675083820742e-01
1.663329161451816418e-01,7.478630385217026344e+01,-4.489378393815145474e-01,1.569735584329845501e+00,7.666611535577713710e+01,-3.251215953767099820e-01,1.000000000000000000e+00,1.621220438855684688e-04,4.726051555097492418e-01,5.272327224463652096e-01
1.700750938673343260e-01,7.491905824650341117e+01,-4.437609698958214777e-01,1.566632933945310668e+00,7.683247689516804257e+01,-3.215512839121514865e-01,1.000000000000000000e+00,1.636313077469194388e-04,4.754792656090890968e-01,5.243571030831638558e-01
1.738172715894870102e-01,7.505286228485415734e+01,-4.385977296873302955e-01,1.563538469662371089e+00,7.699954331823171572e+01,-3.179891052303160381e-01,1.000000000000000000e+00,1.651442825969950024e-04,4.783457991459425518e-01,5.214890565714604964e-01
1.775594493116396944e-01,7.518771226274621711e+01,-4.334483785944625578e-01,1.560452347211625845e+00,7.716731344564028916e+01,-3.144351763684606338e-01,1.000000000000000000e+00,1.666608934558166618e-04,4.812046118614383139e-01,5.186287272451058916e-01
1.813016270337923785e-01,7.532360447667218750e+01,-4.283131713824229192e-01,1.557374719280534503e+00,7.733578608908322849e+01,-3.108896122326237910e-01,1.000000000000000000e+00,1.681810656873929111e-04,4.840555623147199116e-01,5.157762566195925880e-01
1.850438047559450627e-01,7.546053522433470562e+01,-4.231923577461360608e-01,1.554305735515215225e+00,7.750496005147228118e+01,-3.073525256047573428e-01,1.000000000000000000e+00,1.697047250146520878e-04,4.868985118812945712e-01,5.129317833936908322e-01
1.887859824780977469e-01,7.559850080488756419e+01,-4.180861823152316470e-01,1.551245542523467025e+00,7.767483412714496183e+01,-3.038240271503488410e-01,1.000000000000000000e+00,1.712317975339661016e-04,4.897333247502445031e-01,5.100954434522214642e-01
1.925281602002504311e-01,7.573749751917658557e+01,-4.129948846610344004e-01,1.548194283878997934e+00,7.784540710206609049e+01,-3.003042254265190225e-01,1.000000000000000000e+00,1.727622097292663944e-04,4.925598679203269104e-01,5.072673698699440292e-01
1.962703379224031153e-01,7.587752166998031100e+01,-4.079186993055108346e-01,1.545152100126823580e+00,7.801667775402795257e+01,-2.967932268905845716e-01,1.000000000000000000e+00,1.742958884857505591e-04,4.953780111949843135e-01,5.044476929165299106e-01
2.000125156445557995e-01,7.601856956224999351e+01,-4.028578557321270126e-01,1.542119128789813498e+00,7.818864485284848342e+01,-2.932911359090698555e-01,1.000000000000000000e+00,1.758327611031826007e-04,4.981876271762974429e-01,5.016365400625992788e-01
2.037546933667084836e-01,7.616063750334900817e+01,-3.978125783985710928e-01,1.539095504376352785e+00,7.836130716056791812e+01,-2.897980547671596963e-01,1.000000000000000000e+00,1.773727553087858073e-04,5.009885912578991851e-01,4.988340359867919904e-01
2.074968710888611678e-01,7.630372180329162290e+01,-3.927830867512921986e-01,1.536081358389095541e+00,7.853466343164356545e+01,-2.863140836785773025e-01,1.000000000000000000e+00,1.789157992697310788e-04,5.037807816168817787e-01,4.960403025838484026e-01
2.112390488110138520e-01,7.644781877498056133e+01,-3.877695952418099834e-01,1.533076819334778129e+00,7.870871241314299027e+01,-2.828393207958749267e-01,1.000000000000000000e+00,1.804618216052215798e-04,5.065640792047210184e-01,4.932554589736737327e-01
2.149812265331665362e-01,7.659292473444369875e+01,-3.827723133447474835e-01,1.530082012735064279e+00,7.888345284493517795e+01,-2.793738622211284772e-01,1.000000000000000000e+00,1.820107513981752620e-04,5.093383677372426144e-01,4.904796215113592650e-01
2.187234042553192204e-01,7.673903600106962131e+01,-3.777914455775379654e-01,1.527097061138397827e+00,7.905888345988027766e+01,-2.759178020170186540e-01,1.000000000000000000e+00,1.835625182065082103e-04,5.121035336836594620e-01,4.877129037981340898e-01
2.224655819774719046e-01,7.688614889784163609e+01,-3.728271915217595822e-01,1.524122084132825794e+00,7.923500298401719988e+01,-2.724712322182915036e-01,1.000000000000000000e+00,1.851170520740203851e-04,5.148594662547056888e-01,4.849554166932203980e-01
2.262077596996245887e-01,7.703425975157060179e+01,-3.678797458460500436e-01,1.521157198359774032e+00,7.941181013674970757e+01,-2.690342428435819055e-01,1.000000000000000000e+00,1.866742835408866878e-04,5.176060573898920714e-01,4.822072683265669624e-01
2.299499374217772729e-01,7.718336489312606830e+01,-3.629492983305543929e-01,1.518202517528736362e+00,7.958930363103047512e+01,-2.656069219075911647e-01,1.000000000000000000e+00,1.882341436537564392e-04,5.203432017439121315e-01,4.794685641124341036e-01
2.336921151439299571e-01,7.733346065766589561e+01,-3.580360338928553210e-01,1.515258152432856775e+00,7.976748217354344206e+01,-2.621893554336056642e-01,1.000000000000000000e+00,1.897965639754632509e-04,5.230707966722227820e-01,4.767394067638017208e-01
2.374342928660826413e-01,7.748454338486398285e+01,-3.531401326153430498e-01,1.512324210965372728e+00,7.994634446488441881e+01,-2.587816274663438110e-01,1.000000000000000000e+00,1.913614765943498952e-04,5.257887422158276092e-01,4.740198963075779592e-01
2.411764705882353255e-01,7.763660941913627767e+01,-3.482617697739746054e-01,1.509400798136891098e+00,8.012588919973966028e+01,-2.553838200851221707e-01,1.000000000000000000e+00,1.929288141332107778e-04,5.284969410852883298e-01,4.713101301005784838e-01
2.449186483103880096e-01,7.778965510986473930e+01,-3.434011158683745735e-01,1.506488016093467719e+00,8.030611506706276259e+01,-2.519960134173256927e-01,1.000000000000000000e+00,1.944985097578556441e-04,5.311952986439901769e-01,4.686102028462519886e-01
2.486608260325406938e-01,7.794367681161932637e+01,-3.385583366532339267e-01,1.503585964135466302e+00,8.048702075024959868e+01,-2.486182856521736428e-01,1.000000000000000000e+00,1.960704971852986667e-04,5.338837228906888610e-01,4.659202066121259089e-01
2.524030037546933780e-01,7.809867088437795246e+01,-3.337335931709573544e-01,1.500694738737164968e+00,8.066860492731154864e+01,-2.452507130547691983e-01,1.000000000000000000e+00,1.976447106915768981e-04,5.365621244413620872e-01,4.632402308479461883e-01
2.561451814768460622e-01,7.825463369374392641e+01,-3.289270417855137407e-01,1.497814433567082215e+00,8.085086627104675472e+01,-2.418933699804192150e-01,1.000000000000000000e+00,1.992210851192018030e-04,5.392304165103956048e-01,4.605703624044852340e-01
2.598873591989987464e-01,7.841156161116158785e+01,-3.241388342174435500e-01,1.494945139508999876e+00,8.103380344920951472e+01,-2.385463288892170630e-01,1.000000000000000000e+00,2.007995558842485303e-04,5.418885148911235516e-01,4.579106855529920805e-01
2.636295369211514306e-01,7.856945101412915733e+01,-3.193691175799787674e-01,1.492086944683648220e+00,8.121741512467787061e+01,-2.352096603608738734e-01,1.000000000000000000e+00,2.023800589830877523e-04,5.445363379357555100e-01,4.552612820052612808e-01
2.673717146433041147e-01,7.872829828640938388e+01,-3.146180344162283760e-01,1.489239934471034088e+00,8.140169995561933547e+01,-2.318834331097898716e-01,1.000000000000000000e+00,2.039625309987636189e-04,5.471738065347080404e-01,4.526222309342932126e-01
2.711138923654570210e-01,7.888809981823769135e+01,-3.098857227373859047e-01,1.486404191533377661e+00,8.158665659565465944e+01,-2.285677140003534724e-01,1.000000000000000000e+00,2.055469091070237920e-04,5.498008440953709997e-01,4.499936089955219320e-01
2.748560700876097052e-01,7.904885200652768162e+01,-3.051723160619145281e-01,1.483579795838637416e+00,8.177228369401983343e+01,-2.252625680624596449e-01,1.000000000000000000e+00,2.071331310820051107e-04,5.524173765203315156e-01,4.473754903485864798e-01
2.785982478097623893e-01,7.921055125507412242e+01,-3.004779434556647533e-01,1.480766824684592420e+00,8.195857989572613178e+01,-2.219680585072339452e-01,1.000000000000000000e+00,2.087211353015815259e-04,5.550233321850787105e-01,4.447679466796197745e-01
2.823404255319150735e-01,7.937319397475319249e+01,-2.958027295728840045e-01,1.477965352723460857e+00,8.214554384171840695e+01,-2.186842467429562231e-01,1.000000000000000000e+00,2.103108607523776962e-04,5.576186419152140417e-01,4.421710472240334977e-01
2.860826032540677577e-01,7.953677658372008352e+01,-2.911467946980718646e-01,1.475175451987022157e+00,8.233317416903133790e+01,-2.154111923911693482e-01,1.000000000000000000e+00,2.119022470344543397e-04,5.602032389631936837e-01,4.395848587897717152e-01
2.898247809762204419e-01,7.970129550760368886e+01,-2.865102547886416717e-01,1.472397191912226067e+00,8.252146951094394467e+01,-2.121489533029675134e-01,1.000000000000000000e+00,2.134952343656705488e-04,5.627770589846206040e-01,4.370094457810136390e-01
2.935669586983731261e-01,7.986674717969869164e+01,-2.818932215183461154e-01,1.469630639367254687e+00,8.271042849713218459e+01,-2.088975855754508504e-01,1.000000000000000000e+00,2.150897635857279458e-04,5.653400400141147530e-01,4.344448702222994951e-01
2.973091364205258103e-01,8.003312804115461176e+01,-2.772958023214242007e-01,1.466875858678022171e+00,8.290004975381972940e+01,-2.056571435683379745e-01,1.000000000000000000e+00,2.166857761599031839e-04,5.678921224407822432e-01,4.318911917830579039e-01
3.010513141426784944e-01,8.020043454116198234e+01,-2.727181004374309992e-01,1.464132911655078306e+00,8.309033190392668189e+01,-2.024276799207281874e-01,1.000000000000000000e+00,2.182832141824726172e-04,5.704332489833051634e-01,4.293484678025124013e-01
3.047934918648311786e-01,8.036866313713576915e+01,-2.681602149567103299e-01,1.461401857620899802e+00,8.328127356721677188e+01,-1.992092455680020135e-01,1.000000000000000000e+00,2.198820203798367001e-04,5.729633646646755674e-01,4.268167533149446191e-01
3.085356695869838628e-01,8.053781029489550747e+01,-2.636222408664695704e-01,1.458682753437542168e+00,8.347287336044234962e+01,-1.960018897588522435e-01,1.000000000000000000e+00,2.214821381133476135e-04,5.754824167865941753e-01,4.242961010752923645e-01
3.122778473091365470e-01,8.070787248884272458e+01,-2.591042690974204588e-01,1.455975653534630432e+00,8.366512989748777329e+01,-1.928056600724362135e-01,1.000000000000000000e+00,2.230835113818478428e-04,5.779903549035562138e-01,4.217865615850619476e-01
3.160200250312892312e-01,8.087884620213520748e+01,-2.546063865709459750e-01,1.453280609937662504e+00,8.385804178951075016e+01,-1.896206024356402731e-01,1.000000000000000000e+00,2.246860848239236655e-04,5.804871307966439353e-01,4.192881831185322206e-01
3.197622027534419153e-01,8.105072792685822947e+01,-2.501286762467568314e-01,1.450597672296609630e+00,8.405160764508201510e+01,-1.864467611404486691e-01,1.000000000000000000e+00,2.262898037198807840e-04,5.829726984470484652e-01,4.168010117492315647e-01
3.235043804755945995e-01,8.122351416419273562e+01,-2.456712171710032644e-01,1.447926887914786853e+00,8.424582607032299109e+01,-1.832841788614066880e-01,1.000000000000000000e+00,2.278946139934464688e-04,5.854470140093398500e-01,4.143250913766667320e-01
3.272465581977472837e-01,8.139720142458038765e+01,-2.412340845248023280e-01,1.445268301777971720e+00,8.444069566904178714e+01,-1.801328966731716719e-01,1.000000000000000000e+00,2.295004622132051507e-04,5.879100357845040703e-01,4.118604637532827795e-01
3.309887359198999679e-01,8.157178622788556765e+01,-2.368173496731487693e-01,1.442621956583754805e+00,8.463621504286719244e+01,-1.769929540681425273e-01,1.000000000000000000e+00,2.311072955937727204e-04,5.903617241927696657e-01,4.094071685116364989e-01
3.347309136420526521e-01,8.174726510355414177e+01,-2.324210802141757348e-01,1.439987892771097844e+00,8.483238279138095095e+01,-1.738643889741601778e-01,1.000000000000000000e+00,2.327150619967155248e-04,5.928020417462398495e-01,4.069652431917634705e-01
3.384730913642053363e-01,8.192363459076925380e+01,-2.280453400287290044e-01,1.437366148550079048e+00,8.502919751224825973e+01,-1.707472377722707990e-01,1.000000000000000000e+00,2.343237099312198623e-04,5.952309530213494293e-01,4.045347232687192540e-01
3.422152690863580204e-01,8.210089123860373661e+01,-2.236901893302233879e-01,1.434756759931809400e+00,8.522665780134629188e+01,-1.676415353145452314e-01,1.000000000000000000e+00,2.359331885545177220e-04,5.976484246311674076e-01,4.021156421802782321e-01
3.459574468085107046e-01,8.227903160616972400e+01,-2.193556847147504207e-01,1.432159760758495937e+00,8.542476225289114211e+01,-1.645473149419455772e-01,1.000000000000000000e+00,2.375434476720744042e-04,6.000544251975575838e-01,3.997080313547702324e-01
3.496996245306633888e-01,8.245805226276462463e+01,-2.150418792114039412e-01,1.429575182733638705e+00,8.562350945956274018e+01,-1.614646085022326538e-01,1.000000000000000000e+00,2.391544377375453970e-04,6.024489253232220287e-01,3.973119202390404392e-01
3.534418022528160730e-01,8.263794978801443847e+01,-2.107488223327955157e-01,1.427003055452337854e+00,8.582289801262815843e+01,-1.583934463679074200e-01,1.000000000000000000e+00,2.407661098525050274e-04,6.048318975636353123e-01,3.949273363265121128e-01
3.571839799749687572e-01,8.281872077201343529e+01,-2.064765601257267380e-01,1.424443406431697756e+00,8.602292650206305780e+01,-1.553338574541783812e-01,1.000000000000000000e+00,2.423784157659567538e-04,6.072033163988952431e-01,3.925543051853387366e-01
3.609261576971214414e-01,8.300036181546109049e+01,-2.022251352219913700e-01,1.421896261141303963e+00,8.622359351667142846e+01,-1.522858692369486455e-01,1.000000000000000000e+00,2.439913078736273512e-04,6.095631582054995556e-01,3.901928504866267744e-01
3.646683354192741255e-01,8.318286952979543969e+01,-1.979945868892806771e-01,1.419361643033767439e+00,8.642489764420342624e+01,-1.492495077708170803e-01,1.000000000000000000e+00,2.456047392170532533e-04,6.119114012280666426e-01,3.878429940327162706e-01
3.684105131414268097e-01,8.336624053732363393e+01,-1.937849510821600396e-01,1.416839573575305655e+00,8.662683747147164581e+01,-1.462247977070845750e-01,1.000000000000000000e+00,2.472186634824632013e-04,6.142480255510167630e-01,3.855047557855007523e-01
3.721526908635794939e-01,8.355047147134921204e+01,-1.895962604930943041e-01,1.414330072276355210e+00,8.682941158446556074e+01,-1.432117623117615812e-01,1.000000000000000000e+00,2.488330349994634589e-04,6.165730130702260503e-01,3.831781538947744981e-01
3.758948685857321781e-01,8.373555897629604772e+01,-1.854285446034919516e-01,1.411833156722196003e+00,8.703261856846420130e+01,-1.402104234835697127e-01,1.000000000000000000e+00,2.504478087395313403e-04,6.188863474646705276e-01,3.808632047265898546e-01
3.796370463078848623e-01,8.392149970782939761e+01,-1.812818297347484897e-01,1.409348842603572072e+00,8.723645700814718396e+01,-1.372208017719310225e-01,1.000000000000000000e+00,2.520629403143230963e-04,6.211880141680713452e-01,3.785599228916142756e-01
3.833792240300375465e-01,8.410829033297379453e+01,-1.771561390992573148e-01,1.406877143747294001e+00,8.744092548770393591e+01,-1.342429163949396265e-01,1.000000000000000000e+00,2.536783859737998161e-04,6.234780003405571147e-01,3.762683212734690419e-01
3.871214017521904527e-01,8.429592753022760121e+01,-1.730514928513695039e-01,1.404418072146811358e+00,8.764602259094141345e+01,-1.312767852573104577e-01,1.000000000000000000e+00,2.552941026041798578e-04,6.257562948403559977e-01,3.739884110570397824e-01
3.908635794743431369e-01,8.448440798967473597e+01,-1.689679081382788328e-01,1.401971637992736497e+00,8.785174690138985909e+01,-1.283224249682988760e-01,1.000000000000000000e+00,2.569100477257201367e-04,6.280228881955288722e-01,3.717202017567454164e-01
3.946057571964958210e-01,8.467372841309315845e+01,-1.649053991508060424e-01,1.399537849703311299e+00,8.805809700240712345e+01,-1.253798508595848071e-01,1.000000000000000000e+00,2.585261794903343500e-04,6.302777725757588989e-01,3.694637012447506974e-01
3.983479349186485052e-01,8.486388551406027148e+01,-1.608639771740659197e-01,1.397116713954801304e+00,8.826507147728116820e+01,-1.224490770031195219e-01,1.000000000000000000e+00,2.601424566790521494e-04,6.325209417642068122e-01,3.672189157791141967e-01
4.020901126408011894e-01,8.505487601805533870e+01,-1.568436506379922157e-01,1.394708235711803690e+00,8.847266890933101990e+01,-1.195301162289257868e-01,1.000000000000000000e+00,2.617588386993235428e-04,6.347523911294440380e-01,3.649858500318566290e-01
4.058322903629538736e-01,8.524669666255884692e+01,-1.528444251677024690e-01,1.392312418257460438e+00,8.868088788200601869e+01,-1.166229801428499413e-01,1.000000000000000000e+00,2.633752855821769844e-04,6.369721175974769611e-01,3.627645071169409152e-01
4.095744680851065578e-01,8.543934419714872774e+01,-1.488663036336819734e-01,1.389929263223561362e+00,8.888972697898346098e+01,-1.137276791442586865e-01,1.000000000000000000e+00,2.649917579792326677e-04,6.391801196238698912e-01,3.605548886181509372e-01
4.133166458072592420e-01,8.563281538359379397e+01,-1.449092862017689054e-01,1.387558770620528348e+00,8.909918478426463651e+01,-1.108442224436779200e-01,1.000000000000000000e+00,2.666082171595786149e-04,6.413763971659800500e-01,3.583569946168604359e-01
4.170588235294119261e-01,8.582710699594403536e+01,-1.409733703829221807e-01,1.385200938867268139e+00,8.930925988226920254e+01,-1.079726180803676217e-01,1.000000000000000000e+00,2.682246250065135158e-04,6.435609516553126852e-01,3.561708237196808402e-01
4.208010012515646103e-01,8.602221582061800120e+01,-1.370585510827542763e-01,1.382855764820885014e+00,8.951995085792805185e+01,-1.051128729398287942e-01,1.000000000000000000e+00,2.698409440141616867e-04,6.457337859700073013e-01,3.539963730859785884e-01
4.245431789737172945e-01,8.621813865648728381e+01,-1.331648206508125876e-01,1.380523243806240696e+00,8.973125629677457482e+01,-1.022649927712395157e-01,1.000000000000000000e+00,2.714571372839648627e-04,6.478949044074633346e-01,3.518336384552525620e-01
4.282853566958699787e-01,8.641487231495801780e+01,-1.292921689295937759e-01,1.378203369645354615e+00,8.994317478503432994e+01,-9.942898220481410920e-02,1.000000000000000000e+00,2.730731685210558129e-04,6.500443126571153751e-01,3.496826141743635263e-01
4.320275344180226629e-01,8.661241362004963662e+01,-1.254405833032741224e-01,1.375896134686634742e+00,9.015570490971316531e+01,-9.660484476908320906e-02,1.000000000000000000e+00,2.746890020305181677e-04,6.521820177733642643e-01,3.475432932246052542e-01
4.357697121401753471e-01,8.681075940847063066e+01,-1.216100487461424517e-01,1.373601529833926582e+00,9.036884525868383378e+01,-9.379258290808972776e-02,1.000000000000000000e+00,2.763046027135382062e-04,6.543080281486757244e-01,3.454156672486107249e-01
4.395118898623280312e-01,8.700990652969149153e+01,-1.178005478707208620e-01,1.371319544575378302e+00,9.058259442077104495e+01,-9.099219799849772583e-02,1.000000000000000000e+00,2.779199360634515299e-04,6.564223534868517396e-01,3.432997265770847961e-01
4.432540675844807154e-01,8.720985184601505580e+01,-1.140120609755597147e-01,1.369050167012107799e+00,9.079695098583508184e+01,-8.820369036661102058e-02,1.000000000000000000e+00,2.795349681616905312e-04,6.585250047764824588e-01,3.411954602553559091e-01
4.469962453066333996e-01,8.741059223264367972e+01,-1.102445660926937299e-01,1.366793383886665492e+00,9.101191354485374063e+01,-8.542705930529714831e-02,1.000000000000000000e+00,2.811496656736370498e-04,6.606159942645870586e-01,3.391028560697392225e-01
4.507384230287860838e-01,8.761212457774415441e+01,-1.064980390347476380e-01,1.364549180611290602e+00,9.122748069000304838e+01,-8.266230309081407102e-02,1.000000000000000000e+00,2.827639958443835212e-04,6.626953354304502275e-01,3.370219005737055129e-01
4.544806007509387680e-01,8.781444578250950883e+01,-1.027724534416774582e-01,1.362317541295943624e+00,9.144365101473627533e+01,-7.990941899953685201e-02,1.000000000000000000e+00,2.843779264944077149e-04,6.647630429596584900e-01,3.349525791138470154e-01
4.582227784730914522e-01,8.801755276121831173e+01,-9.906778082714040590e-02,1.360098448776118962e+00,9.166042311386159724e+01,-7.716840332458058116e-02,1.000000000000000000e+00,2.859914260151662116e-04,6.668191327183469186e-01,3.328948758556377618e-01
4.619649561952441363e-01,8.822144244129131607e+01,-9.538399062447650012e-02,1.357891884640424429e+00,9.187779558361829402e+01,-7.443925139231666321e-02,1.000000000000000000e+00,2.876044633646082996e-04,6.688636217276582308e-01,3.308487738089771479e-01
4.657071339173968205e-01,8.842611176334541767e+01,-9.172105023229865095e-02,1.355697829257923148e+00,9.209576702175161245e+01,-7.172195757878119249e-02,1.000000000000000000e+00,2.892170080626167423e-04,6.708965281384208224e-01,3.288142548535167298e-01
4.694493116395495047e-01,8.863155768124518374e+01,-8.807892505967607200e-02,1.353516261805234322e+00,9.231433602758598056e+01,-6.901651532597008476e-02,1.000000000000000000e+00,2.908290301863780724e-04,6.729178712060529532e-01,3.267912997637607564e-01
4.731914893617021889e-01,8.883777716215149667e+01,-8.445757857090541165e-02,1.351347160293384420e+00,9.253350120209707086e+01,-6.632291715802152154e-02,1.000000000000000000e+00,2.924405003656871827e-04,6.749276712656964161e-01,3.247798882339379967e-01
4.769336670838548731e-01,8.904476718656802348e+01,-8.085697232985977756e-02,1.349190501594405678e+00,9.275326114798237143e+01,-6.364115469728087726e-02,1.000000000000000000e+00,2.940513897781889805e-04,6.769259497075835741e-01,3.227799989026383098e-01
4.806758448060075573e-01,8.925252474838501371e+01,-7.727706604390716105e-02,1.347046261467676809e+00,9.297361446973029331e+01,-6.097121868024663049e-02,1.000000000000000000e+00,2.956616701445614935e-04,6.789127289526446507e-01,3.207916093772108512e-01
4.844180225281602414e-01,8.946104685492065300e+01,-7.371781760739204437e-02,1.344914414585999696e+00,9.319455977368811261e+01,-5.831309897339659321e-02,1.000000000000000000e+00,2.972713137236447124e-04,6.808880324283574925e-01,3.188146962579188615e-01
4.881602002503129256e-01,8.967033052696002926e+01,-7.017918314467330720e-02,1.342794934561411191e+00,9.341609566812846310e+01,-5.566678458888918435e-02,1.000000000000000000e+00,2.988802933075172829e-04,6.828518845448440233e-01,3.168492351618483749e-01
4.919023779724656098e-01,8.988037279879161190e+01,-6.666111705270877374e-02,1.340687793970723352e+00,9.363822076331442190e+01,-5.303226370014069158e-02,1.000000000000000000e+00,3.004885822165252762e-04,6.848043106712184969e-01,3.148952007465650738e-01
4.956445556946182940e-01,9.009117071824155687e+01,-6.316357204318501228e-02,1.338592964380787897e+00,9.386093367156342993e+01,-5.040952365727591200e-02,1.000000000000000000e+00,3.020961542942673743e-04,6.867453371121878813e-01,3.129525667335179007e-01
4.993867334167709782e-01,9.030272134670546791e+01,-5.968649918418350575e-02,1.336510416373485999e+00,9.408423300730981964e+01,-4.779855100244906341e-02,1.000000000000000000e+00,3.037029839025380431e-04,6.886749910849114809e-01,3.110213059311860428e-01
5.031289111389236623e-01,9.051502175917796933e+01,-5.622984794137853015e-02,1.334440119570434291e+00,9.430811738716609227e+01,-4.519933148503507692e-02,1.000000000000000000e+00,3.053090459162330827e-04,6.905933006961189058e-01,3.091013902579648476e-01
5.068710888610763465e-01,9.072806904428006192e+01,-5.279356621876279965e-02,1.332382042657409560e+00,9.453258542998287339e+01,-4.261185007668855107e-02,1.000000000000000000e+00,3.069143157182209177e-04,6.925002949194917212e-01,3.071927907647899469e-01
5.106132665832292528e-01,9.094186030428424772e+01,-4.937760039889527164e-02,1.330336153408483657e+00,9.475763575690776008e+01,-4.003609098626981222e-02,1.000000000000000000e+00,3.085187691941816321e-04,6.943960035733101055e-01,3.052954776574958173e-01
5.143554443053819369e-01,9.115639265513726741e+01,-4.598189538267005716e-02,1.328302418709875088e+00,9.498326699144253382e+01,-3.747203767463636037e-02,1.000000000000000000e+00,3.101223827274176528e-04,6.962804572983649631e-01,3.034094203189077188e-01
5.180976220275346211e-01,9.137166322648103289e+01,-4.260639462859738824e-02,1.326280804583503947e+00,9.520947775949981917e+01,-3.491967286929659187e-02,1.000000000000000000e+00,3.117251331936391162e-04,6.981536875361429306e-01,3.015345873306635172e-01
5.218397997496873053e-01,9.158766916167117245e+01,-3.925104019159936231e-02,1.324271276210257753e+00,9.543626668945778135e+01,-3.237897857892868547e-02,1.000000000000000000e+00,3.133269979557263586e-04,7.000157265072791679e-01,2.996709464947651669e-01
5.255819774718399895e-01,9.180440761779355796e+01,-3.591577276131474594e-02,1.322273797952963292e+00,9.566363241221414171e+01,-2.984993610775982242e-02,1.000000000000000000e+00,3.149279548584718071e-04,7.018666071902837089e-01,2.978184648548578006e-01
5.293241551939926737e-01,9.202187576567878580e+01,-3.260053169990934085e-02,1.320288333379059154e+00,9.589157356123882892e+01,-2.733252606980535182e-02,1.000000000000000000e+00,3.165279822233056607e-04,7.037063633005428143e-01,2.959771087172339277e-01
5.330663329161453579e-01,9.224007078991469655e+01,-2.930525507939296670e-02,1.318314845282974712e+00,9.612008877262535123e+01,-2.482672840297012185e-02,1.000000000000000000e+00,3.181270588430061227e-04,7.055350292695933279e-01,2.941468436715635737e-01
5.368085106382980420e-01,9.245898988885683423e+01,-2.602987971843839787e-02,1.316353295708208693e+00,9.634917668514125921e+01,-2.233252238300542647e-02,1.000000000000000000e+00,3.197251639763974891e-04,7.073526402246754774e-01,2.923276346113481416e-01
5.405506883604507262e-01,9.267863027463700121e+01,-2.277434121870203221e-02,1.314403645969110190e+00,9.657883594027725849e+01,-1.984988663732645264e-02,1.000000000000000000e+00,3.213222773430395637e-04,7.091592319685605661e-01,2.905194457540964947e-01
5.442928660826034104e-01,9.289898917316993732e+01,-1.953857400064573646e-02,1.312465856672358600e+00,9.680906518229527080e+01,-1.737879915868645320e-02,1.000000000000000000e+00,3.229183791179089961e-04,7.109548409596572194e-01,2.887222406612248715e-01
5.480350438047560946e-01,9.312006382415795258e+01,-1.632251133885764816e-02,1.310539887738144671e+00,9.703986305827535830e+01,-1.491923731870653524e-02,1.000000000000000000e+00,3.245134499260761201e-04,7.127395042923957424e-01,2.869359822576781904e-01
5.517772215269087788e-01,9.334185148109396835e+01,-1.312608539687215581e-02,1.308625698421049144e+00,9.727122821816155351e+01,-1.247117788126345106e-02,1.000000000000000000e+00,3.261074708373795693e-04,7.145132596778898115e-01,2.851606328512726884e-01
5.555193992490614630e-01,9.356434941126252625e+01,-9.949227261489723695e-03,1.306723247330624282e+00,9.750315931480662357e+01,-1.003459701573122809e-02,1.000000000000000000e+00,3.277004233610997545e-04,7.162761454248777193e-01,2.833961541517613369e-01
5.592615769712141471e-01,9.378755489573921977e+01,-6.791866976594729266e-03,1.304832492451670323e+00,9.773565500401576855e+01,-7.609470310079635702e-03,1.000000000000000000e+00,3.292922894406345637e-04,7.180282004209398439e-01,2.816425072896194814e-01
5.630037546933668313e-01,9.401146522938813632e+01,-3.653933576472478961e-03,1.302953391164214159e+00,9.796871394458914040e+01,-5.195772783826324570e-03,1.000000000000000000e+00,3.308830514481799412e-04,7.197694641139981142e-01,2.798996528345536472e-01
5.667459324155195155e-01,9.423607772085784973e+01,-5.353551186271232609e-04,1.301085900263188933e+00,9.820233479836352330e+01,-2.793478900844248436e-03,1.000000000000000000e+00,3.324726921794138269e-04,7.214999764940890348e-01,2.781675508137316233e-01
5.704881101376721997e-01,9.446138969257555118e+01,2.563941283900694756e-03,1.299229975977810536e+00,9.843651623025276365e+01,-4.025625820233136309e-04,1.000000000000000000e+00,3.340611948481904511e-04,7.232197780754165972e-01,2.764461607297352685e-01
5.742302878598248839e-01,9.468739848073965959e+01,5.644029430714403439e-03,1.297385573990658347e+00,9.867125690828733298e+01,1.977002782213743703e-03,1.000000000000000000e+00,3.356485430812430849e-04,7.249289098786818597e-01,2.747354415782368164e-01
5.779724655819775680e-01,9.491410143531072663e+01,8.704984002738669346e-03,1.295552649456456429e+00,9.890655550365282522e+01,4.345244319541363698e-03,1.000000000000000000e+00,3.372347209128977955e-04,7.266274134136883056e-01,2.730353518653987899e-01
5.817146433041302522e-01,9.514149592000082123e+01,1.174688053139255617e-02,1.293731157020558076e+00,9.914241069072748758e+01,6.702189663507496231e-03,1.000000000000000000e+00,3.388197127798016762e-04,7.283153306622216494e-01,2.713458496249985807e-01
5.854568210262829364e-01,9.536957931226140772e+01,1.476979536825651085e-02,1.291921050837132157e+00,9.937882114711877080e+01,9.047866941454596468e-03,1.000000000000000000e+00,3.404035035156645198e-04,7.299927040612057549e-01,2.696668924352785268e-01
5.891989987484356206e-01,9.559834900326957552e+01,1.777380565523067890e-02,1.290122284587057244e+00,9.961578555369879950e+01,1.138230476258822454e-02,1.000000000000000000e+00,3.419860783460184901e-04,7.316595764861303364e-01,2.679984374355234844e-01
5.929411764705883048e-01,9.582780239791294719e+01,2.075898929518410485e-02,1.288334811495520427e+00,9.985330259463911773e+01,1.370553220618975221e-02,1.000000000000000000e+00,3.435674228829944357e-04,7.333159912347517739e-01,2.663404413423652306e-01
5.966833541927409890e-01,9.605793691477309437e+01,2.372542492309021034e-02,1.286558584349322132e+00,1.000913709574443402e+02,1.601757880997606298e-02,1.000000000000000000e+00,3.451475231201185331e-04,7.349619920110632698e-01,2.646928604658165818e-01
6.004255319148936731e-01,9.628874998610740477e+01,2.667319187764893851e-02,1.284793555513892960e+00,1.003299893329848089e+02,1.831847455860297069e-02,1.000000000000000000e+00,3.467263654271299624e-04,7.365976229095368977e-01,2.630556507250359499e-01
6.041677096370463573e-01,9.652023905782976954e+01,2.960237017338929189e-02,1.283039676950019414e+00,1.005691564155286102e+02,2.060824987231529848e-02,1.000000000000000000e+00,3.483039365448204307e-04,7.382229283996312175e-01,2.614287676638240021e-01
6.079098873591990415e-01,9.675240158948986391e+01,3.251304047325381807e-02,1.281296900230281421e+00,1.008088709027723553e+02,2.288693559574078717e-02,1.000000000000000000e+00,3.498802235798980894e-04,7.398379533105666761e-01,2.598121664658534224e-01
6.116520650813517257e-01,9.698523505425093560e+01,3.540528406165821540e-02,1.279565176555204742e+00,1.010491314958713502e+02,2.515456298682849923e-02,1.000000000000000000e+00,3.514552139998757918e-04,7.414427428163657963e-01,2.582058019696343298e-01
6.153942428035044099e-01,9.721873693886654166e+01,3.827918281802505929e-02,1.277844456769129389e+00,1.012899368994687279e+02,2.741116370593166263e-02,1.000000000000000000e+00,3.530288956279857516e-04,7.430373424211559330e-01,2.566096286832161288e-01
6.191364205256570941e-01,9.745290474365587841e+01,4.113481919078787463e-02,1.276134691375794938e+00,1.015312858217237419e+02,2.965676980503317850e-02,1.000000000000000000e+00,3.546012566381220106e-04,7.446217979447333768e-01,2.550236007986284581e-01
6.228785982478097782e-01,9.768773598247788925e+01,4.397227617186261206e-02,1.274435830553646953e+00,1.017731769743393784e+02,3.189141371711545769e-02,1.000000000000000000e+00,3.561722855498109333e-04,7.461961555083878039e-01,2.534476722060624021e-01
6.266207759699626845e-01,9.792322818270424989e+01,4.679163727158242025e-02,1.272747824170863851e+00,1.020156090725888021e+02,3.411512824567181079e-02,1.000000000000000000e+00,3.577419712232112999e-04,7.477604615209827443e-01,2.518817965077940202e-01
6.303629536921153687e-01,9.815937888519108867e+01,4.959298649409099591e-02,1.271070621800109990e+00,1.022585808353412631e+02,3.632794655435961362e-02,1.000000000000000000e+00,3.593103028541449204e-04,7.493147626652925108e-01,2.503259270318534124e-01
6.341051314142680528e-01,9.839618564424959857e+01,5.237640831319551049e-02,1.269404172733011649e+00,1.025020909850871931e+02,3.852990215679641395e-02,1.000000000000000000e+00,3.608772699691593401e-04,7.508591058845924815e-01,2.487800168454383787e-01
6.378473091364207370e-01,9.863364602761561173e+01,5.514198764866856672e-02,1.267748425994366102e+00,1.027461382479622500e+02,4.072102890649526019e-02,1.000000000000000000e+00,3.624428624206226380e-04,7.523935383695006252e-01,2.472440187680787493e-01
6.415894868585734212e-01,9.887175761641788085e+01,5.788980984299990640e-02,1.266103330356078249e+00,1.029907213537708373e+02,4.290136098694025124e-02,1.000000000000000000e+00,3.640070703818512935e-04,7.539181075450676062e-01,2.457178853845506383e-01
6.453316645807261054e-01,9.911051800514557897e+01,6.061996063859304007e-02,1.264468834350831461e+00,1.032358390360087270e+02,4.507093290180291811e-02,1.000000000000000000e+00,3.655698843422727469e-04,7.554328610581143577e-01,2.442015690575434217e-01
6.490738423028787896e-01,9.934992480161449180e+01,6.333252615540119201e-02,1.262844886285495294e+00,1.034814900318849169e+02,4.722977946529521853e-02,1.000000000000000000e+00,3.671312951026233602e-04,7.569378467648139042e-01,2.426950219400834108e-01
6.528160200250314738e-01,9.958997562693241434e+01,6.602759286900067304e-02,1.261231434254270978e+00,1.037276730823427755e+02,4.937793579266241961e-02,1.000000000000000000e+00,3.686912937701805832e-04,7.584331127185162114e-01,2.411981959877135817e-01
6.565581977471841579e-01,9.983066811546345320e+01,6.870524758909468677e-02,1.259628426151577330e+00,1.039743869320804777e+02,5.151543729081148326e-02,1.000000000000000000e+00,3.702498717540335556e-04,7.599187071578111796e-01,2.397110429704346068e-01
6.603003754693368421e-01,1.000719999147914621e+02,7.136557743844568202e-02,1.258035809684681539e+00,1.042216303295705160e+02,5.364231964907723027e-02,1.000000000000000000e+00,3.718070207603893789e-04,7.613946784948314450e-01,2.382335144844080488e-01
6.640425531914895263e-01,1.003139686856824255e+02,7.400866983223086670e-02,1.256453532386073713e+00,1.044694020270789281e+02,5.575861883012295239e-02,1.000000000000000000e+00,3.733627327879178773e-04,7.628610753037882164e-01,2.367655619634239927e-01
6.677847309136422105e-01,1.005565721020461325e+02,7.663461245781516551e-02,1.254881541625594066e+00,1.047177007806831597e+02,5.786437106097597205e-02,1.000000000000000000e+00,3.749170001231345232e-04,7.643179463097399262e-01,2.353071366901369199e-01
6.715269086357948947e-01,1.007998078508967410e+02,7.924349325494051133e-02,1.253319784622308086e+00,1.049665253502899844e+02,5.995961282419765004e-02,1.000000000000000000e+00,3.764698153358222847e-04,7.657653403775933620e-01,2.338581898070708209e-01
6.752690863579475788e-01,1.010436736323126894e+02,8.183540039632236640e-02,1.251768208456137899e+00,1.052158744996521165e+02,6.204438084918495466e-02,1.000000000000000000e+00,3.780211712744932094e-04,7.672033065013283970e-01,2.324186723273972133e-01
6.790112640801002630e-01,1.012881671593957549e+02,8.441042226865319575e-02,1.250226760079250266e+00,1.054657469963844818e+02,6.411871210360531315e-02,1.000000000000000000e+00,3.795710610618890403e-04,7.686318937934504270e-01,2.309885351454876445e-01
6.827534418022529472e-01,1.015332861582292026e+02,8.696864745400484376e-02,1.248695386327205226e+00,1.057161416119798076e+02,6.618264378496113709e-02,1.000000000000000000e+00,3.811194780905236262e-04,7.700511514746647412e-01,2.295677290472446785e-01
6.864956195244056314e-01,1.017790283678351955e+02,8.951016471162748234e-02,1.247174033929865367e+00,1.059670571218234016e+02,6.823621331228624243e-02,1.000000000000000000e+00,3.826664160182648524e-04,7.714611288637697184e-01,2.281562047202120580e-01
6.902377972465583156e-01,1.020253915401316505e+02,9.203506296013841403e-02,1.245662649522073950e+00,1.062184923052074907e+02,7.027945831796861276e-02,1.000000000000000000e+00,3.842118687639584757e-04,7.728618753677672926e-01,2.267539127634686513e-01
6.939799749687109998e-01,1.022723734398879714e+02,9.454343126009845388e-02,1.244161179654098115e+00,1.064704459453447640e+02,7.231241663970411349e-02,1.000000000000000000e+00,3.857558305030935920e-04,7.742534404721896912e-01,2.253608036973073492e-01
6.977221526908636839e-01,1.025199718446805406e+02,9.703535879696828514e-02,1.242669570801845147e+00,1.067229168293814041e+02,7.433512631257516157e-02,1.000000000000000000e+00,3.872982956635087084e-04,7.756358737316345620e-01,2.239768279727019640e-01
7.014643304130163681e-01,1.027681845448471165e+02,9.951093486444223535e-02,1.241187769376853378e+00,1.069759037484095359e+02,7.634762556125640476e-02,1.000000000000000000e+00,3.888392589211422121e-04,7.770092247605131508e-01,2.226019359805657960e-01
7.052065081351690523e-01,1.030170093434408614e+02,1.019702488481530889e-01,1.239715721736058374e+00,1.072294054974788509e+02,7.834995279234507892e-02,1.000000000000000000e+00,3.903787151958231730e-04,7.783735432240014296e-01,2.212360780608026711e-01
7.089486858573217365e-01,1.032664440561835022e+02,1.044133902097446054e-01,1.238253374191341516e+00,1.074834208756080187e+02,8.034214658681482213e-02,1.000000000000000000e+00,3.919166596471060555e-04,7.797288788291979467e-01,2.198792045111550297e-01
7.126908635794744207e-01,1.035164865114181367e+02,1.068404484713048053e-01,1.236800673018858321e+00,1.077379486857951747e+02,8.232424569259350067e-02,1.000000000000000000e+00,3.934530876701477684e-04,7.810752813164796304e-01,2.185312655958501493e-01
7.164330413016271049e-01,1.037671345500612006e+02,1.092515132001580236e-01,1.235357564468155811e+00,1.079929877350280094e+02,8.429628901726149426e-02,1.000000000000000000e+00,3.949879948916280837e-04,7.824128004510596535e-01,2.171922115540488030e-01
7.201752190237797890e-01,1.040183860255539798e+02,1.116466739940080721e-01,1.233923994771076282e+00,1.082485368342933754e+02,8.625831562087149518e-02,1.000000000000000000e+00,3.965213771657127178e-04,7.837414860147371432e-01,2.158619926080971307e-01
7.239173967459324732e-01,1.042702388038135553e+02,1.140260204664289012e-01,1.232499910150453681e+00,1.085045947985861119e+02,8.821036470888726777e-02,1.000000000000000000e+00,3.980532305700607574e-04,7.850613877978431798e-01,2.145405589715867756e-01
7.276595744680851574e-01,1.045226907631831637e+02,1.163896422326982094e-01,1.231085256828605257e+00,1.087611604469174722e+02,9.015247562524131286e-02,1.000000000000000000e+00,3.995835514018748020e-04,7.863725555913744225e-01,2.132278608572237555e-01
7.314017521902378416e-01,1.047757397943821900e+02,1.187376288959690607e-01,1.229679981035618708e+00,1.090182326023231383e+02,9.208468784550977171e-02,1.000000000000000000e+00,4.011123361739946927e-04,7.876750391793160277e-01,2.119238484845099857e-01
7.351439299123905258e-01,1.050293838004554345e+02,1.210700700337730695e-01,1.228284029017441492e+00,1.092758100918704969e+02,9.400704097020301520e-02,1.000000000000000000e+00,4.026395816110350952e-04,7.889688883311486434e-01,2.106284720872402261e-01
7.388861076345432100e-01,1.052836206967221386e+02,1.233870551848532671e-01,1.226897347043772735e+00,1.095338917466655175e+02,9.591957471817219583e-02,1.000000000000000000e+00,4.041652846455669949e-04,7.902541527945380340e-01,2.093416819208164248e-01
7.426282853566958941e-01,1.055384484107243992e+02,1.256886738363183764e-01,1.225519881415761958e+00,1.097924764018591191e+02,9.782232892012887593e-02,1.000000000000000000e+00,4.056894424143423416e-04,7.915308822882030082e-01,2.080634282693827053e-01
7.463704630788485783e-01,1.057938648821751570e+02,1.279750154111168881e-01,1.224151578473515301e+00,1.100515628966530812e+02,9.971534351227773207e-02,1.000000000000000000e+00,4.072120522545626597e-04,7.927991264949618699e-01,2.067936614527835781e-01
7.501126408010014845e-01,1.060498680629058725e+02,1.302461692558238293e-01,1.222792384603416105e+00,1.103111500743053881e+02,1.015986585300612810e-01,1.000000000000000000e+00,4.087331117001919475e-04,7.940589350549518421e-01,2.055323318333479587e-01
7.538548185231541687e-01,1.063064559168136896e+02,1.325022246287360650e-01,1.221442246245258323e+00,1.105712367821351023e+02,1.034723141020136850e-01,1.000000000000000000e+00,4.102526184783116437e-04,7.953103575590199092e-01,2.042793898225017113e-01
7.575969962453068529e-01,1.065636264198082586e+02,1.347432706882727982e-01,1.220101109899198955e+00,1.108318218715269836e+02,1.053363504437260789e-01,1.000000000000000000e+00,4.117705705055213473e-04,7.965534435422833015e-01,2.030347858872110778e-01
7.613391739674595371e-01,1.068213775597582327e+02,1.369693964816734999e-01,1.218768922132529964e+00,1.110929041979353116e+02,1.071908078519180352e-01,1.000000000000000000e+00,4.132869658843813876e-04,7.977882424778551806e-01,2.017984705562603787e-01
7.650813516896122213e-01,1.070797073364372523e+02,1.391806909339917686e-01,1.217445629586274780e+00,1.113544826208875236e+02,1.090357266986167195e-01,1.000000000000000000e+00,4.148018028998994131e-04,7.990148037707344164e-01,2.005703944263656502e-01
7.688235294117649055e-01,1.073386137614698725e+02,1.413772428373780143e-01,1.216131178981610050e+00,1.116165560039873128e+02,1.108711474254420737e-01,1.000000000000000000e+00,4.163150800160609439e-04,8.002331767518562344e-01,1.993505081681278268e-01
7.725657071339175896e-01,1.075980948582769372e+02,1.435591408406479141e-01,1.214825517126117749e+00,1.118791232149172998e+02,1.126971105379961924e-01,1.000000000000000000e+00,4.178267958724015589e-04,8.014434106723007378e-01,1.981387625318268009e-01
7.763078848560702738e-01,1.078581486620206249e+02,1.457264734391309768e-01,1.213528590919866978e+00,1.121421831254412780e+02,1.145136566003566170e-01,1.000000000000000000e+00,4.193369492806250519e-04,8.026455546976586364e-01,1.969351083530608004e-01
7.800500625782229580e-01,1.081187732195495386e+02,1.478793289647945541e-01,1.212240347361332127e+00,1.124057346114060891e+02,1.163208262296711593e-01,1.000000000000000000e+00,4.208455392212609447e-04,8.038396579025476330e-01,1.957394965582312241e-01
7.837922403003756422e-01,1.083799665893430699e+02,1.500177955766401339e-01,1.210960733553148705e+00,1.126697765527430448e+02,1.181186600908549211e-01,1.000000000000000000e+00,4.223525648403676455e-04,8.050257692652817987e-01,1.945518781698778177e-01
7.875344180225283264e-01,1.086417268414558777e+02,1.521419612513653652e-01,1.209689696707707096e+00,1.129343078334689352e+02,1.199071988913859577e-01,1.000000000000000000e+00,4.238580254462777277e-04,8.062039376626882747e-01,1.933722043118654144e-01
7.912765957446810106e-01,1.089040520574619819e+02,1.542519137742888735e-01,1.208427184152591316e+00,1.131993273416867680e+02,1.216864833762009712e-01,1.000000000000000000e+00,4.253619205063839757e-04,8.073742118650689692e-01,1.922004262144246522e-01
7.950187734668336947e-01,1.091669403303985320e+02,1.563477407305318700e-01,1.207173143335861898e+00,1.134648339695859534e+02,1.234565543226875395e-01,1.000000000000000000e+00,4.268642496439702615e-04,8.085366405313060278e-01,1.910364952190500842e-01
7.987609511889863789e-01,1.094303897647095738e+02,1.584295294964543632e-01,1.205927521831188010e+00,1.137308266134421615e+02,1.252174525357735435e-01,1.000000000000000000e+00,4.283650126350825918e-04,8.096912722041075261e-01,1.898803627832573448e-01
8.025031289111390631e-01,1.096943984761894484e+02,1.604973672313390609e-01,1.204690267342829024e+00,1.139973041736169961e+02,1.269692188431114366e-01,1.000000000000000000e+00,4.298642094054429263e-04,8.108381553053924939e-01,1.887319804852020388e-01
8.062453066332917473e-01,1.099589645919260761e+02,1.625513408693204098e-01,1.203461327710470874e+00,1.142642655545569710e+02,1.287118940903564934e-01,1.000000000000000000e+00,4.313618400274043044e-04,8.119773381318097227e-01,1.875913000281629883e-01
8.099874843554444315e-01,1.102240862502440848e+02,1.645915371115530546e-01,1.202240650913917186e+00,1.145317096647925155e+02,1.304455191365387623e-01,1.000000000000000000e+00,4.328579047169471171e-04,8.131088688503911310e-01,1.864582732448918923e-01
8.137296620775971157e-01,1.104897616006477250e+02,1.666180424186173570e-01,1.201028185077640309e+00,1.147996354169362405e+02,1.321701348495255834e-01,1.000000000000000000e+00,4.343524038307179343e-04,8.142327954943370250e-01,1.853328521018322295e-01
8.174718397997497998e-01,1.107559888037636284e+02,1.686309430031548151e-01,1.199823878475192229e+00,1.150680417276811909e+02,1.338857821015758676e-01,1.000000000000000000e+00,4.358453378631069294e-04,8.153491659589274798e-01,1.842149887032092925e-01
8.212140175219024840e-01,1.110227660312835809e+02,1.706303248227326874e-01,1.198627679533480039e+00,1.153369275177986424e+02,1.355925017649831643e-01,1.000000000000000000e+00,4.373367074433679672e-04,8.164580279975626187e-01,1.831046352949938782e-01
8.249561952440551682e-01,1.112900914659069542e+02,1.726162735729301068e-01,1.197439536836907292e+00,1.156062917121354872e+02,1.372903347078074376e-01,1.000000000000000000e+00,4.388265133327782109e-04,8.175594292179249045e-01,1.820017442687424103e-01
8.286983729662078524e-01,1.115579633012832375e+02,1.745888746806448788e-01,1.196259399131383239e+00,1.158761332396114767e+02,1.389793217896937716e-01,1.000000000000000000e+00,4.403147564218373570e-04,8.186534170782636677e-01,1.809062681653144655e-01
8.324405506883605366e-01,1.118263797419542414e+02,1.765482132976137486e-01,1.195087215328205055e+00,1.161464510332159961e+02,1.406595038577771739e-01,1.000000000000000000e+00,4.418014377275085035e-04,8.197400388838002039e-01,1.798181596784722003e-01
8.361827284105132208e-01,1.120953390032965018e+02,1.784943742941453582e-01,1.193922934507810840e+00,1.164172440300046389e+02,1.423309217426726447e-01,1.000000000000000000e+00,4.432865583904960975e-04,8.208193417832484462e-01,1.787373716583610661e-01
8.399249061326659049e-01,1.123648393114633137e+02,1.804274422530582067e-01,1.192766505923411824e+00,1.166885111710954277e+02,1.439936162545484288e-01,1.000000000000000000e+00,4.447701196725646492e-04,8.218913727654506562e-01,1.776638571148767276e-01
8.436670838548185891e-01,1.126348789033269213e+02,1.823475014638233360e-01,1.191617879004499780e+00,1.169602514016647490e+02,1.456476281792825345e-01,1.000000000000000000e+00,4.462521229538962057e-04,8.229561786561273573e-01,1.765975692209186820e-01
8.474092615769712733e-01,1.129054560264205236e+02,1.842546359169053571e-01,1.190477003360236985e+00,1.172324636709430195e+02,1.472929982747005206e-01,1.000000000000000000e+00,4.477325697304865857e-04,8.240138061147362913e-01,1.755384613155333007e-01
8.511514392991239575e-01,1.131765689388803224e+02,1.861489292982989041e-01,1.189343828782727153e+00,1.175051469322101525e+02,1.489297672668937755e-01,1.000000000000000000e+00,4.492114616115784761e-04,8.250643016314400668e-01,1.744864869069482627e-01
8.548936170212766417e-01,1.134482159093874998e+02,1.880304649842563791e-01,1.188218305250175577e+00,1.177783001427904992e+02,1.505579758466174534e-01,1.000000000000000000e+00,4.506888003171348077e-04,8.261077115241816093e-01,1.734415996755012124e-01
8.586357947434293258e-01,1.137203952171100667e+02,1.898993260362037971e-01,1.187100382929930920e+00,1.180519222640478176e+02,1.521776646657658494e-01,1.000000000000000000e+00,4.521645876753482341e-04,8.271440819358614194e-01,1.724037534764632784e-01
8.623779724655820100e-01,1.139931051516449969e+02,1.917555951958403448e-01,1.185990012181422193e+00,1.183260122613798444e+02,1.537888743339262676e-01,1.000000000000000000e+00,4.536388256201877452e-04,8.281734588316188583e-01,1.713729023427609799e-01
8.661201501877349163e-01,1.142663440129599763e+02,1.935993548804182118e-01,1.184887143558983613e+00,1.186005691042126102e+02,1.553916454150078008e-01,1.000000000000000000e+00,4.551115161889838232e-04,8.291958879962130213e-01,1.703490004875979347e-01
8.698623279098876004e-01,1.145401101113353519e+02,1.954306871781989197e-01,1.183791727814576644e+00,1.188755917659943862e+02,1.569860184239454393e-01,1.000000000000000000e+00,4.565826615200486191e-04,8.302114150315015317e-01,1.693320023069783964e-01
8.736045056320402846e-01,1.148144017673062223e+02,1.972496738440839559e-01,1.182703715900405461e+00,1.191510792241897718e+02,1.585720338234790638e-01,1.000000000000000000e+00,4.580522638503331545e-04,8.312200853540157031e-01,1.683218623821340354e-01
8.773466833541929688e-01,1.150892173116043153e+02,1.990563962954129684e-01,1.181623058971432272e+00,1.194270304602731017e+02,1.601497320210035213e-01,1.000000000000000000e+00,4.595203255131208981e-04,8.322219441926292927e-01,1.673185354818575443e-01
8.810888610763456530e-01,1.153645550850999513e+02,2.008509356079303809e-01,1.180549708387794050e+00,1.197034444597218510e+02,1.617191533654929458e-01,1.000000000000000000e+00,4.609868489357560372e-04,8.332170365863211803e-01,1.663219765647430681e-01
8.848310387984983372e-01,1.156404134387441047e+02,2.026333725119124074e-01,1.179483615717118461e+00,1.199803202120098149e+02,1.632803381444933033e-01,1.000000000000000000e+00,4.624518366374082861e-04,8.342054073820257543e-01,1.653321407813368449e-01
8.885732165206510214e-01,1.159167907335106094e+02,2.044037873884550771e-01,1.178424732736748748e+00,1.202576567105999743e+02,1.648333265811867399e-01,1.000000000000000000e+00,4.639152912268708719e-04,8.351871012325740029e-01,1.643489834761990842e-01
8.923153942428037055e-01,1.161936853403381633e+02,2.061622602659176351e-01,1.177373011435870254e+00,1.205354529529372485e+02,1.663781588315239868e-01,1.000000000000000000e+00,4.653772154003951115e-04,8.361621625947203151e-01,1.633724601898791928e-01
8.960575719649563897e-01,1.164710956400724768e+02,2.079088708165181543e-01,1.176328404017550122e+00,1.208137079404408780e+02,1.679148749814240171e-01,1.000000000000000000e+00,4.668376119395581110e-04,8.371306357272539911e-01,1.624025266608064844e-01
8.997997496871090739e-01,1.167490200234087894e+02,2.096436983530791387e-01,1.175290862900683519e+00,1.210924206784968788e+02,1.694435150440414817e-01,1.000000000000000000e+00,4.682964837091636964e-04,8.380925646891933534e-01,1.614391388270974836e-01
9.035419274092617581e-01,1.170274568908339887e+02,2.113668218259191767e-01,1.174260340721855478e+00,1.213715901764499563e+02,1.709641189570985931e-01,1.000000000000000000e+00,4.697538336551789059e-04,8.390479933380623478e-01,1.604822528282824623e-01
9.072841051314144423e-01,1.173064046525691282e+02,2.130783198198875628e-01,1.173236790337113700e+00,1.216512154475954759e+02,1.724767265802831240e-01,1.000000000000000000e+00,4.712096648027016524e-04,8.399969653282451931e-01,1.595318250069521215e-01
9.110262828535671265e-01,1.175858617285120005e+02,2.147782705515388357e-01,1.172220164823660760e+00,1.219312955091712070e+02,1.739813776927092159e-01,1.000000000000000000e+00,4.726639802539621057e-04,8.409395241094193008e-01,1.585878119103267814e-01
9.147684605757198106e-01,1.178658265481796974e+02,2.164667518664443180e-01,1.171210417481461930e+00,1.222118293823487249e+02,1.754781119904411935e-01,1.000000000000000000e+00,4.741167831863563834e-04,8.418757129250642457e-01,1.576501702917493808e-01
9.185106382978724948e-01,1.181462975506513402e+02,2.181438412366374646e-01,1.170207501834773733e+00,1.224928160922247571e+02,1.769669690840793286e-01,1.000000000000000000e+00,4.755680768505127676e-04,8.428055748110451217e-01,1.567188571121043428e-01
9.222528160200251790e-01,1.184272731845109377e+02,2.198096157581900523e-01,1.169211371633593233e+00,1.227742546678124569e+02,1.784479884964063623e-01,1.000000000000000000e+00,4.770178645683886593e-04,8.437291525942681725e-01,1.557938295411634144e-01
9.259949937421778632e-01,1.187087519077903437e+02,2.214641521489165155e-01,1.168221980855032260e+00,1.230561441420321955e+02,1.799212096600940891e-01,1.000000000000000000e+00,4.784661497313998958e-04,8.446464888914079205e-01,1.548750449588606748e-01
9.297371714643305474e-01,1.189907321879123288e+02,2.231075267462032385e-01,1.167239283704614827e+00,1.233384835517025806e+02,1.813866719154687002e-01,1.000000000000000000e+00,4.799129357985805889e-04,8.455576261077036859e-01,1.539624609564978486e-01
9.334793491864832315e-01,1.192732125016337932e+02,2.247398155049600277e-01,1.166263234617501920e+00,1.236212719375309206e+02,1.828444145083341632e-01,1.000000000000000000e+00,4.813582262947735911e-04,8.464626064358232727e-01,1.530560353378818406e-01
9.372215269086359157e-01,1.195561913349890659e+02,2.263610939956915979e-01,1.165293788259645469e+00,1.239045083441038173e+02,1.842944765878533619e-01,1.000000000000000000e+00,4.828020248088515367e-04,8.473614718547951563e-01,1.521557261203960176e-01
9.409637046307885999e-01,1.198396671832334448e+02,2.279714374026846901e-01,1.164330899528870589e+00,1.241881918198774741e+02,1.857368972044841637e-01,1.000000000000000000e+00,4.842443349919678614e-04,8.482542641290017338e-01,1.512614915360062651e-01
9.447058823529412841e-01,1.201236385507868079e+02,2.295709205223106508e-01,1.163374523555892104e+00,1.244723214171679473e+02,1.871717153079724139e-01,1.000000000000000000e+00,4.856851605558366609e-04,8.491410248072400746e-01,1.503732900322040655e-01
9.484480600750939683e-01,1.204081039511773383e+02,2.311596177614381464e-01,1.162424615705260456e+00,1.247568961921410420e+02,1.885989697453978597e-01,1.000000000000000000e+00,4.871245052710428537e-04,8.500217952218415141e-01,1.494910802728874610e-01
9.521902377972466525e-01,1.206930619069854771e+02,2.327376031359554287e-01,1.161481131576246995e+00,1.250419152048023790e+02,1.900186992592746982e-01,1.000000000000000000e+00,4.885623729653805871e-04,8.508966164878527527e-01,1.486148211391818408e-01
9.559324155193993366e-01,1.209785109497880597e+02,2.343049502693984876e-01,1.160544027003661993e+00,1.253273775189870065e+02,1.914309424857042752e-01,1.000000000000000000e+00,4.899987675222198863e-04,8.517655295022763529e-01,1.477444717302014709e-01
9.596745932415520208e-01,1.212644496201025248e+02,2.358617323916832043e-01,1.159613258058611596e+00,1.256132822023491542e+02,1.928357379525796056e-01,1.000000000000000000e+00,4.914336928789023607e-04,8.526285749433676342e-01,1.468799913637534871e-01
9.634167709637047050e-01,1.215508764673313209e+02,2.374080223379376742e-01,1.158688781049195260e+00,1.258996283263516318e+02,1.942331240778410739e-01,1.000000000000000000e+00,4.928671530251639609e-04,8.534857932699887462e-01,1.460213395769860700e-01
9.671589486858573892e-01,1.218377900497065411e+02,2.389438925474350051e-01,1.157770552521142582e+00,1.261864149662552848e+02,1.956231391677820675e-01,1.000000000000000000e+00,4.942991520015851655e-04,8.543372247210173631e-01,1.451684761269809998e-01
9.709011264080100734e-01,1.221251889342346715e+02,2.404694150626208726e-01,1.156858529258393053e+00,1.264736412011081512e+02,1.970058214154040699e-01,1.000000000000000000e+00,4.957296938980691953e-04,8.551829093148085592e-01,1.443213609912934459e-01
9.746433041301627576e-01,1.224130716966415520e+02,2.419846615282358893e-01,1.155952668283618756e+00,1.267613061137346904e+02,1.983812088988194389e-01,1.000000000000000000e+00,4.971587828523454889e-04,8.560228868487086418e-01,1.434799543684390777e-01
9.783854818523154417e-01,1.227014369213175229e+02,2.434897031905295384e-01,1.155052926858693763e+00,1.270494087907246836e+02,1.997493395797033389e-01,1.000000000000000000e+00,4.985864230485008257e-04,8.568571968986210541e-01,1.426442166783304100e-01
9.821276595744681259e-01,1.229902832012627556e+02,2.449846108965635372e-01,1.154159262485107584e+00,1.273379483224222497e+02,2.011102513017908877e-01,1.000000000000000000e+00,5.000126187155365777e-04,8.576858788186210170e-01,1.418141085626634657e-01
9.858698372966208101e-01,1.232796091380327539e+02,2.464694550936019635e-01,1.153271632904328436e+00,1.276269238029146038e+02,2.024639817894214877e-01,1.000000000000000000e+00,5.014373741259500316e-04,8.585089717406177989e-01,1.409895908852560886e-01
9.896120150187737163e-01,1.235694133416840828e+02,2.479443058285872303e-01,1.152389996098114544e+00,1.279163343300206463e+02,2.038105686461272881e-01,1.000000000000000000e+00,5.028606935943437904e-04,8.593265145740668354e-01,1.401706247323388776e-01
9.933541927409264005e-01,1.238596944307203103e+02,2.494092327476976068e-01,1.151514310288776377e+00,1.282061790052797789e+02,2.051500493532674718e-01,1.000000000000000000e+00,5.042825814760568603e-04,8.601385460057237031e-01,1.393571714128002403e-01
9.970963704630790847e-01,1.241504510320381200e+02,2.508643050959867837e-01,1.150644533939389369e+00,1.284964569339400953e+02,2.064824612687048422e-01,1.000000000000000000e+00,5.057030421658242512e-04,8.609451044994473889e-01,1.385491924583867607e-01
1.000838548185231769e+00,1.244416817808736084e+02,2.523095917171009894e-01,1.149780625753961116e+00,1.287871672249470691e+02,2.078078416255264571e-01,1.000000000000000000e+00,5.071220800964576112e-04,8.617462282960439701e-01,1.377466496238595739e-01
1.004580725907384453e+00,1.247333853207488801e+02,2.537451610530738755e-01,1.148922544677552171e+00,1.290783089909316743e+02,2.091262275308058138e-01,1.000000000000000000e+00,5.085396997375516651e-04,8.625419554131542599e-01,1.369495048871083309e-01
1.008322903629537137e+00,1.250255603034187288e+02,2.551710811441936788e-01,1.148070249896350425e+00,1.293698813481986463e+02,2.104376559644060563e-01,1.000000000000000000e+00,5.099559055942137461e-04,8.633323236451816429e-01,1.361577204492241400e-01
1.012065081351689821e+00,1.253182053888177023e+02,2.565874196289464892e-01,1.147223700837705529e+00,1.296618834167146304e+02,2.117421637778255095e-01,1.000000000000000000e+00,5.113707022058175053e-04,8.641173705632628765e-01,1.353712587345313467e-01
1.015807259073842284e+00,1.256113192450072091e+02,2.579942437440269076e-01,1.146382857170116898e+00,1.299543143200962731e+02,2.130397876930809620e-01,1.000000000000000000e+00,5.127840941447788480e-04,8.648971335152744189e-01,1.345900823905808730e-01
1.019549436795995190e+00,1.259049005481229955e+02,2.593916203244192031e-01,1.145547678803183755e+00,1.302471731855981432e+02,2.143305643016324702e-01,1.000000000000000000e+00,5.141960860153547454e-04,8.656716496258799465e-01,1.338141542881047252e-01
1.023291614518147652e+00,1.261989479823225935e+02,2.607796158035443623e-01,1.144718125887514093e+00,1.305404591441004527e+02,2.156145300633438844e-01,1.000000000000000000e+00,5.156066824524636232e-04,8.664409557966131770e-01,1.330434375209343933e-01
1.027033792240300558e+00,1.264934602397334089e+02,2.621582962134739736e-01,1.143894158814592776e+00,1.308341713300972344e+02,2.168917213054847026e-01,1.000000000000000000e+00,5.170158881205310112e-04,8.672050887059982172e-01,1.322778954058813072e-01
1.030775969962453020e+00,1.267884360204007805e+02,2.635277271852057290e-01,1.143075738216615012e+00,1.311283088816838927e+02,2.181621742217664250e-01,1.000000000000000000e+00,5.184237077123527576e-04,8.679640848097039951e-01,1.315174914825835983e-01
1.034518147684605927e+00,1.270838740322361531e+02,2.648879739490012097e-01,1.142262824966279622e+00,1.314228709405448967e+02,2.194259248714167665e-01,1.000000000000000000e+00,5.198301459479828541e-04,8.687179803407337753e-01,1.307621895133182222e-01
1.038260325406758389e+00,1.273797729909656056e+02,2.662391013347821800e-01,1.141455380176549905e+00,1.317178566519412186e+02,2.206830091782877312e-01,1.000000000000000000e+00,5.212352075736399097e-04,8.694668113096459816e-01,1.300119534827803569e-01
1.042002503128911295e+00,1.276761316200788627e+02,2.675811737725881656e-01,1.140653365200376523e+00,1.320132651646983106e+02,2.219334629300023509e-01,1.000000000000000000e+00,5.226388973606375856e-04,8.702106135048103264e-01,1.292667475978289682e-01
1.045744680851063757e+00,1.279729486507780933e+02,2.689142552930872121e-01,1.139856741630387527e+00,1.323090956311932302e+02,2.231773217771324258e-01,1.000000000000000000e+00,5.240412201043329185e-04,8.709494224926929151e-01,1.285265362872027584e-01
1.049486858573216663e+00,1.282702228219274048e+02,2.702384095281432641e-01,1.139065471298547294e+00,1.326053472073423336e+02,2.244146212324126255e-01,1.000000000000000000e+00,5.254421806230958952e-04,8.716832736181723273e-01,1.277912842012046413e-01
1.053229036295369569e+00,1.285679528800019114e+02,2.715536997114353368e-01,1.138279516275780612e+00,1.329020190525882867e+02,2.256453966699850655e-01,1.000000000000000000e+00,5.268417837572975668e-04,8.724122020048852288e-01,1.270609562113573787e-01
1.056971214017522032e+00,1.288661375790379111e+02,2.728601886791314213e-01,1.137498838871568330e+00,1.331991103298878727e+02,2.268696833246802158e-01,1.000000000000000000e+00,5.282400343683219066e-04,8.731362425556024043e-01,1.263355174100292966e-01
1.060713391739674938e+00,1.291647756805827783e+02,2.741579388706092413e-01,1.136723401633510822e+00,1.334966202056989459e+02,2.280875162913265641e-01,1.000000000000000000e+00,5.296369373375926304e-04,8.738554299526293256e-01,1.256149331100331334e-01
1.064455569461827400e+00,1.294638659536448699e+02,2.754470123292264705e-01,1.135953167346865023e+00,1.337945478499676994e+02,2.292989305240925313e-01,1.000000000000000000e+00,5.310324975656192069e-04,8.745697986582363637e-01,1.248991688441979803e-01
1.068197747183980306e+00,1.297634071746444420e+02,2.767274707031405212e-01,1.135188099034049047e+00,1.340928924361160455e+02,2.305039608358604997e-01,1.000000000000000000e+00,5.324267199710661785e-04,8.752793829151150895e-01,1.241881903649138946e-01
1.071939924906132768e+00,1.300633981273641098e+02,2.779993752461711320e-01,1.134428159954123938e+00,1.343916531410284847e+02,2.317026418976293189e-01,1.000000000000000000e+00,5.338196094898360351e-04,8.759842167468581131e-01,1.234819636436521179e-01
1.075682102628285675e+00,1.303638376028999062e+02,2.792627868187090301e-01,1.133673313602245214e+00,1.346908291450395723e+02,2.328950082379471487e-01,1.000000000000000000e+00,5.352111710741725781e-04,8.766843339584657890e-01,1.227804548704600485e-01
1.079424280350438137e+00,1.306647243996123109e+02,2.805177658886661707e-01,1.132923523709091329e+00,1.349904196319204743e+02,2.340810942423728613e-01,1.000000000000000000e+00,5.366014096917810913e-04,8.773797681368750156e-01,1.220836304534331784e-01
1.083166458072591043e+00,1.309660573230780187e+02,2.817643725324700532e-01,1.132178754240265484e+00,1.352904237888664056e+02,2.352609341529668663e-01,1.000000000000000000e+00,5.379903303249686762e-04,8.780705526515125703e-01,1.213914570181624936e-01
1.086908635794743505e+00,1.312678351860414807e+02,2.830026664360960065e-01,1.131438969395673011e+00,1.355908408064836124e+02,2.364345620678088566e-01,1.000000000000000000e+00,5.393779379697990085e-04,8.787567206548696497e-01,1.207039014071605021e-01
1.090650813516896411e+00,1.315700568083669566e+02,2.842327068961399972e-01,1.130704133608877004e+00,1.358916698787762414e+02,2.376020119405438669e-01,1.000000000000000000e+00,5.407642376352654167e-04,8.794383050830992810e-01,1.200209306792653641e-01
1.094392991239048873e+00,1.318727210169905106e+02,2.854545528209270211e-01,1.129974211546431517e+00,1.361929102031329819e+02,2.387633175799527552e-01,1.000000000000000000e+00,5.421492343424806582e-04,8.801153386566329395e-01,1.193425121090245927e-01
1.098135168961201780e+00,1.321758266458729167e+02,2.866682627316598508e-01,1.129249168107189005e+00,1.364945609803145317e+02,2.399185126495527731e-01,1.000000000000000000e+00,5.435329331238844758e-04,8.807878538808193714e-01,1.186686131860567178e-01
1.101877346683354242e+00,1.324793725359519954e+02,2.878738947635994805e-01,1.128528968421592005e+00,1.367966214144401249e+02,2.410676306672205893e-01,1.000000000000000000e+00,5.449153390224654656e-04,8.814558830465820671e-01,1.179992016143954214e-01
1.105619524405507148e+00,1.327833575350959165e+02,2.890715066672815414e-01,1.127813577850940385e+00,1.370990907129744869e+02,2.422107050048422638e-01,1.000000000000000000e+00,5.462964570910011598e-04,8.821194582310957211e-01,1.173342453118133150e-01
1.109361702127659610e+00,1.330877804980560768e+02,2.902611558097644151e-01,1.127102961986641283e+00,1.374019680867145041e+02,2.433477688879862877e-01,1.000000000000000000e+00,5.476762923913100359e-04,8.827786112984802314e-01,1.166737124091285077e-01
1.113103879849812516e+00,1.333926402864210274e+02,2.914428991759110965e-01,1.126397086649438384e+00,1.377052527497763208e+02,2.444788553956034338e-01,1.000000000000000000e+00,5.490548499935255346e-04,8.834333739005144626e-01,1.160175712494920519e-01
1.116846057571964979e+00,1.336979357685699483e+02,2.926167933697000900e-01,1.125695917888623221e+00,1.380089439195819807e+02,2.456039974597477582e-01,1.000000000000000000e+00,5.504321349753794022e-04,8.840837774773647739e-01,1.153657903876597474e-01
1.120588235294117885e+00,1.340036658196269173e+02,2.937828946155669474e-01,1.124999421981229153e+00,1.383130408168461827e+02,2.467232278653222755e-01,1.000000000000000000e+00,5.518081524215029225e-04,8.847298532583318664e-01,1.147183385892465296e-01
1.124330413016270347e+00,1.343098293214147532e+02,2.949412587597723956e-01,1.124307565431208911e+00,1.386175426655630076e+02,2.478365792498458953e-01,1.000000000000000000e+00,5.531829074227418092e-04,8.853716322626110635e-01,1.140751848299660781e-01
1.128072590738423253e+00,1.346164251624100530e+02,2.960919412718014954e-01,1.123620314968592604e+00,1.389224486929927878e+02,2.489440841032450058e-01,1.000000000000000000e+00,5.545564050754876869e-04,8.860091453000710215e-01,1.134362982948534798e-01
1.131814768460575715e+00,1.349234522376977736e+02,2.972349972457860590e-01,1.122937637548634626e+00,1.392277581296488052e+02,2.500457747676646525e-01,1.000000000000000000e+00,5.559286504810211733e-04,8.866424229720442085e-01,1.128016483774747086e-01
1.135556946182728622e+00,1.352309094489262975e+02,2.983704814019543794e-01,1.122259500350940575e+00,1.395334702092840757e+02,2.511416834373020324e-01,1.000000000000000000e+00,5.572996487448718742e-04,8.872714956721340362e-01,1.121712046791211587e-01
1.139299123904881084e+00,1.355387957042625828e+02,2.994984480881037747e-01,1.121585870778582850e+00,1.398395841688777352e+02,2.522318421582598891e-01,1.000000000000000000e+00,5.586694049761888959e-04,8.878963935870325397e-01,1.115449370079912711e-01
1.143041301627033990e+00,1.358471099183481101e+02,3.006189512810998332e-01,1.120916716457200479e+00,1.401460992486222779e+02,2.533162828284222234e-01,1.000000000000000000e+00,5.600379242871289217e-04,8.885171466973552645e-01,1.109228153783576448e-01
1.146783479349186452e+00,1.361558510122544305e+02,3.017320445883944213e-01,1.120252005234085413e+00,1.404530146919098570e+02,2.543950371973483504e-01,1.000000000000000000e+00,5.614052117922545878e-04,8.891337847784845927e-01,1.103048100097231699e-01
1.150525657071339358e+00,1.364650179134394534e+02,3.028377812495687271e-01,1.119591705177257035e+00,1.407603297453192681e+02,2.554681368661868568e-01,1.000000000000000000e+00,5.627712726079481470e-04,8.897463374014279447e-01,1.096908913259640184e-01
1.154267834793491820e+00,1.367746095557034209e+02,3.039362141378941784e-01,1.118935784574522696e+00,1.410680436586021926e+02,2.565356132876083217e-01,1.000000000000000000e+00,5.641361118518356489e-04,8.903548339336860851e-01,1.090810299544621165e-01
1.158010012515644727e+00,1.370846248791461051e+02,3.050273957619165643e-01,1.118284211932527139e+00,1.413761556846705503e+02,2.575974977657582987e-01,1.000000000000000000e+00,5.654997346422271660e-04,8.909593035401330852e-01,1.084751967252247651e-01
1.161752190237797189e+00,1.373950628301232939e+02,3.061113782670570327e-01,1.117636955975790158e+00,1.416846650795826292e+02,2.586538214562268401e-01,1.000000000000000000e+00,5.668621460975672120e-04,8.915597751839069440e-01,1.078733626699954345e-01
1.165494367959950095e+00,1.377059223612039887e+02,3.071882134372316275e-01,1.116993985645733600e+00,1.419935711025301828e+02,2.597046153660369505e-01,1.000000000000000000e+00,5.682233513358983870e-04,8.921562776273105344e-01,1.072754990213534848e-01
1.169236545682103001e+00,1.380172024311277710e+02,3.082579526964889238e-01,1.116355270099697705e+00,1.423028730158247583e+02,2.607499103536488061e-01,1.000000000000000000e+00,5.695833554743359728e-04,8.927488394327210974e-01,1.066815772118046152e-01
1.172978723404255463e+00,1.383289020047625684e+02,3.093206471106642041e-01,1.115720778709947236e+00,1.426125700848847373e+02,2.617897371289845676e-01,1.000000000000000000e+00,5.709421636285562981e-04,8.933374889635102845e-01,1.060915688728611833e-01
1.176720901126408370e+00,1.386410200530626184e+02,3.103763473890500668e-01,1.115090481062668282e+00,1.429226615782219483e+02,2.628241262534664058e-01,1.000000000000000000e+00,5.722997809122970297e-04,8.939222543849731917e-01,1.055054458341144891e-01
1.180463078848560832e+00,1.389535555530262627e+02,3.114251038860803011e-01,1.114464346956956620e+00,1.432331467674281669e+02,2.638531081400714018e-01,1.000000000000000000e+00,5.736562124368646196e-04,8.945031636652641671e-01,1.049231801222989813e-01
1.184205256570713738e+00,1.392665074876549056e+02,3.124669666030309156e-01,1.113842346403795869e+00,1.435440249271622406e+02,2.648767130534053771e-01,1.000000000000000000e+00,5.750114633106607250e-04,8.950802445763423876e-01,1.043447439603469029e-01
1.187947434292866200e+00,1.395798748459113199e+02,3.135019851897330456e-01,1.113224449625029200e+00,1.438552953351365034e+02,2.658949711097881585e-01,1.000000000000000000e+00,5.763655386387123158e-04,8.956535246949244300e-01,1.037701097664368577e-01
1.191689612015019106e+00,1.398936566226787761e+02,3.145302089462994610e-01,1.112610627052321277e+00,1.441669572721037014e+02,2.669079122773569956e-01,1.000000000000000000e+00,5.777184435222169597e-04,8.962230314034435041e-01,1.031992501530342443e-01
1.195431789737171568e+00,1.402078518187200302e+02,3.155516868248626761e-01,1.112000849326115981e+00,1.444790100218435498e+02,2.679155663761828565e-01,1.000000000000000000e+00,5.790701830580971066e-04,8.967887918910161238e-01,1.026321379259257371e-01
1.199173967459324475e+00,1.405224594406370215e+02,3.165664674313268812e-01,1.111395087294582584e+00,1.447914528711497155e+02,2.689179630784035435e-01,1.000000000000000000e+00,5.804207623385666251e-04,8.973508331544156613e-01,1.020687460832457732e-01
1.202916145181476937e+00,1.408374785008305992e+02,3.175745990271280905e-01,1.110793312012559708e+00,1.451042851098166011e+02,2.699151319083685774e-01,1.000000000000000000e+00,5.817701864507064452e-04,8.979091819990507872e-01,1.015090478144984876e-01
1.206658322903629843e+00,1.411529080174602768e+02,3.185761295310068908e-01,1.110195494740490840e+00,1.454175060306260434e+02,2.709071022427997910e-01,1.000000000000000000e+00,5.831184604760505019e-04,8.984638650399510151e-01,1.009530164995728341e-01
1.210400500625782305e+00,1.414687470144043857e+02,3.195711065207892387e-01,1.109601606943353858e+00,1.457311149293338985e+02,2.718939033109634140e-01,1.000000000000000000e+00,5.844655894901808939e-04,8.990149087027565766e-01,1.004006257077532382e-01
1.214142678347935211e+00,1.417849945212210798e+02,3.205595772351784722e-01,1.109011620289586331e+00,1.460451111046574511e+02,2.728755641948577004e-01,1.000000000000000000e+00,5.858115785623358362e-04,8.995623392247139583e-01,9.985184919672375481e-02
1.217884856070087674e+00,1.421016495731084603e+02,3.215415885755537051e-01,1.108425506650004388e+00,1.463594938582617715e+02,2.738521138294121027e-01,1.000000000000000000e+00,5.871564327550236840e-04,9.001061826556762124e-01,9.930666091156878372e-02
1.221627033792240580e+00,1.424187112108659790e+02,3.225171871077782138e-01,1.107843238096717364e+00,1.466742624947468130e+02,2.748235810026985471e-01,1.000000000000000000e+00,5.885001571236490999e-04,9.006464648591075983e-01,9.876503498376862367e-02
1.225369211514393042e+00,1.427361784808553011e+02,3.234864190640130976e-01,1.107264786902039333e+00,1.469894163216341667e+02,2.757899943561551437e-01,1.000000000000000000e+00,5.898427567161467020e-04,9.011832115130922194e-01,9.822694573019163933e-02
1.229111389236545948e+00,1.430540504349621926e+02,3.244493303445403765e-01,1.106690125537392877e+00,1.473049546493540447e+02,2.767513823848236632e-01,1.000000000000000000e+00,5.911842365726253370e-04,9.017164481113462138e-01,9.769236765208107187e-02
1.232853566958698410e+00,1.433723261305579513e+02,3.254059665195902507e-01,1.106119226672213296e+00,1.476208767912322628e+02,2.777077734375957840e-01,1.000000000000000000e+00,5.925246017250213526e-04,9.022461999642347186e-01,9.716127543404012856e-02
1.236595744680851316e+00,1.436910046304616344e+02,3.263563728311760226e-01,1.105552063172847044e+00,1.479371820634771098e+02,2.786591957174724410e-01,1.000000000000000000e+00,5.938638571967586998e-04,9.027724921997908325e-01,9.663364394301245108e-02
1.240337922403003779e+00,1.440100850029020307e+02,3.273005941949321262e-01,1.104988608101446168e+00,1.482538697851663017e+02,2.796056772818332758e-01,1.000000000000000000e+00,5.952020080024192274e-04,9.032953497647370211e-01,9.610944822726061321e-02
1.244080100125156685e+00,1.443295663214802858e+02,3.282386752019598730e-01,1.104428834714863195e+00,1.485709392782339933e+02,2.805472460427180792e-01,1.000000000000000000e+00,5.965390591474234927e-04,9.038147974255115180e-01,9.558866351534101025e-02
1.247822277847309147e+00,1.446494476651327830e+02,3.291706601206754734e-01,1.103872716463538461e+00,1.488883898674579598e+02,2.814839297671177798e-01,1.000000000000000000e+00,5.978750156277154752e-04,9.043308597692953921e-01,9.507126521507686112e-02
1.251564455569462053e+00,1.449697281180939399e+02,3.300965928986627218e-01,1.103320226990390118e+00,1.492062208804464944e+02,2.824157560772752040e-01,1.000000000000000000e+00,5.992098824294596511e-04,9.048435612050417243e-01,9.455722891252893447e-02
1.255306633291614515e+00,1.452904067698592598e+02,3.310165171645280680e-01,1.102771340129699240e+00,1.495244316476253061e+02,2.833427524509962159e-01,1.000000000000000000e+00,6.005436645287422952e-04,9.053529259645066718e-01,9.404653037096462331e-02
1.259048811013767422e+00,1.456114827151492932e+02,3.319304762297615730e-01,1.102226029905992943e+00,1.498430215022249854e+02,2.842649462219719592e-01,1.000000000000000000e+00,6.018763668912853601e-04,9.058589781032841959e-01,9.353914552982449393e-02
1.262790988735919884e+00,1.459329550538729450e+02,3.328385130905972544e-01,1.101684270532927723e+00,1.501619897802679873e+02,2.851823645801075946e-01,1.000000000000000000e+00,6.032079944721639329e-04,9.063617415018395684e-01,9.303505050368825191e-02
1.266533166458072790e+00,1.462548228910916350e+02,3.337406704298775395e-01,1.101146036412169238e+00,1.504813358205558700e+02,2.860950345718627497e-01,1.000000000000000000e+00,6.045385522155338840e-04,9.068612398665455432e-01,9.253422158123904284e-02
1.270275344180225252e+00,1.465770853369832309e+02,3.346369906189179955e-01,1.100611302132274094e+00,1.508010589646559652e+02,2.870029831005987964e-01,1.000000000000000000e+00,6.058680450543645025e-04,9.073574967307183048e-01,9.203663522422732279e-02
1.274017521902378158e+00,1.468997415068069188e+02,3.355275157193758906e-01,1.100080042467567853e+00,1.511211585568894122e+02,2.879062369269370647e-01,1.000000000000000000e+00,6.071964779101824078e-04,9.078505354556570817e-01,9.154226806643296632e-02
1.277759699624530620e+00,1.472227905208675622e+02,3.364122874851167011e-01,1.099552232377023486e+00,1.514416339443179993e+02,2.888048226691230513e-01,1.000000000000000000e+00,6.085238556928183884e-04,9.083403792316794290e-01,9.105109691262758265e-02
1.281501877346683527e+00,1.475462315044808577e+02,3.372913473640846149e-01,1.099027847003139602e+00,1.517624844767312879e+02,2.896987668034012309e-01,1.000000000000000000e+00,6.098501833001651910e-04,9.088270510791635060e-01,9.056309873753641548e-02
1.285244055068836433e+00,1.478700635879380059e+02,3.381647365001685945e-01,1.098506861670820012e+00,1.520837095066340510e+02,2.905880956643943080e-01,1.000000000000000000e+00,6.111754656179379120e-04,9.093105738495818047e-01,9.007825068480020125e-02
1.288986232790988895e+00,1.481942859064717481e+02,3.390324957350745461e-01,1.097989251886249962e+00,1.524053083892338236e+02,2.914728354454948489e-01,1.000000000000000000e+00,6.124997075194459897e-04,9.097909702265444265e-01,8.959653006593625013e-02
1.292728410513141801e+00,1.485188976002217771e+02,3.398946656101915487e-01,1.097474993335775473e+00,1.527272804824280570e+02,2.923530121992605757e-01,1.000000000000000000e+00,6.138229138653686660e-04,9.102682627268340321e-01,8.911791435930065119e-02
1.296470588235294263e+00,1.488438978142002327e+02,3.407512863684599713e-01,1.096964061884782238e+00,1.530496251467914703e+02,2.932286518378175999e-01,1.000000000000000000e+00,6.151450895035370618e-04,9.107424737014455651e-01,8.864238120905104656e-02
1.300212765957447170e+00,1.491692856982584203e+02,3.416023979562384794e-01,1.096456433576574963e+00,1.533723417455636593e+02,2.940997801332728145e-01,1.000000000000000000e+00,6.164662392687250345e-04,9.112136253366224237e-01,8.816990842410882268e-02
1.303954943679599632e+00,1.494950604070527334e+02,3.424480400251690426e-01,1.095952084631258261e+00,1.536954296446366470e+02,2.949664227181303389e-01,1.000000000000000000e+00,6.177863679824443718e-04,9.116817396548941854e-01,8.770047397712343873e-02
1.307697121401752538e+00,1.498212211000113996e+02,3.432882519340405003e-01,1.095450991444616884e+00,1.540188882125422083e+02,2.958286050857169558e-01,1.000000000000000000e+00,6.191054804527462751e-04,9.121468385161105585e-01,8.723405600343657473e-02
1.311439299123905000e+00,1.501477669413009437e+02,3.441230727506492948e-01,1.094953130587000611e+00,1.543427168204392217e+02,2.966863525906110466e-01,1.000000000000000000e+00,6.204235814740295630e-04,9.126089436184772197e-01,8.677063280004872203e-02
1.315181476846057906e+00,1.504746970997939286e+02,3.449525412536600388e-01,1.094458478802205814e+00,1.546669148421019031e+02,2.975396904490815730e-01,1.000000000000000000e+00,6.217406758268542982e-04,9.130680764995878773e-01,8.631018282458524649e-02
1.318923654568210369e+00,1.508020107490355031e+02,3.457766959344608648e-01,1.093967013006362343e+00,1.549914816539066749e+02,2.983886437395295022e-01,1.000000000000000000e+00,6.230567682777627845e-04,9.135242585374566682e-01,8.585268469426560189e-02
1.322665832290363275e+00,1.511297070672112852e+02,3.465955749990186074e-01,1.093478710286820865e+00,1.553164166348205413e+02,2.992332374029377240e-01,1.000000000000000000e+00,6.243718635791037103e-04,9.139775109515482221e-01,8.539811718487279324e-02
1.326408010012515737e+00,1.514577852371149049e+02,3.474092163697277691e-01,1.092993547901041751e+00,1.556417191663881283e+02,3.000734962433235786e-01,1.000000000000000000e+00,6.256859664688631207e-04,9.144278548038052845e-01,8.494645922972593466e-02
1.330150187734668643e+00,1.517862444461160578e+02,3.482176576872599294e-01,1.092511503275486184e+00,1.559673886327198318e+02,3.009094449282007089e-01,1.000000000000000000e+00,6.269990816705026549e-04,9.148753109996764499e-01,8.449768991865296008e-02
1.333892365456821105e+00,1.521150838861285592e+02,3.490209363124059938e-01,1.092032554004509715e+00,1.562934244204794538e+02,3.017411079890428560e-01,1.000000000000000000e+00,6.283112138928008189e-04,9.153199002891402314e-01,8.405178849696685883e-02
1.337634543178974011e+00,1.524443027535789668e+02,3.498190893279173319e-01,1.091556677849257806e+00,1.566198259188721238e+02,3.025685098217545388e-01,1.000000000000000000e+00,6.296223678297000045e-04,9.157616432677271323e-01,8.360873436444304918e-02
1.341376720901126474e+00,1.527739002493747762e+02,3.506121535403403655e-01,1.091083852736564053e+00,1.569465925196318778e+02,3.033916746871453407e-01,1.000000000000000000e+00,6.309325481601586044e-04,9.162005603775399409e-01,8.316850707429981893e-02
1.345118898623279380e+00,1.531038755788736125e+02,3.514001654818498799e-01,1.090614056757850392e+00,1.572737236170097219e+02,3.042106267114104146e-01,1.000000000000000000e+00,6.322417595480102825e-04,9.166366719082719161e-01,8.273108633218008434e-02
1.348861076345431842e+00,1.534342279518522787e+02,3.521831614120748966e-01,1.090147268168031314e+00,1.576012186077618367e+02,3.050253898866147617e-01,1.000000000000000000e+00,6.335500066418249792e-04,9.170699979982214201e-01,8.229645199513666021e-02
1.352603254067584748e+00,1.537649565824758326e+02,3.529611773199221592e-01,1.089683465384418737e+00,1.579290768911370435e+02,3.058359880711811751e-01,1.000000000000000000e+00,6.348572940747785904e-04,9.175005586353057740e-01,8.186458407061959763e-02
1.356345431789737210e+00,1.540960606892671194e+02,3.537342489253924027e-01,1.089222626985632880e+00,1.582572978688649528e+02,3.066424449903836225e-01,1.000000000000000000e+00,6.361636264645216705e-04,9.179283736580687858e-01,8.143546271546656112e-02
1.360087609511890117e+00,1.544275394950765303e+02,3.545024116813946247e-01,1.088764731710513356e+00,1.585858809451442824e+02,3.074447842368444594e-01,1.000000000000000000e+00,6.374690084130607125e-04,9.183534627566914965e-01,8.100906823489555098e-02
1.363829787234042579e+00,1.547593922270520181e+02,3.552657007755515295e-01,1.088309758457034260e+00,1.589148255266307501e+02,3.082430292710349740e-01,1.000000000000000000e+00,6.387734445066367171e-04,9.187758454739923808e-01,8.058538108150099799e-02
1.367571964956195485e+00,1.550916181166091121e+02,3.560241511320029195e-01,1.087857686281224145e+00,1.592441310224252220e+02,3.090372034217803154e-01,1.000000000000000000e+00,6.400769393156134114e-04,9.191955412064316544e-01,8.016438185425270313e-02
1.371314142678347947e+00,1.554242163994012174e+02,3.567777974132002594e-01,1.087408494396086889e+00,1.595737968440616896e+02,3.098273298867671999e-01,1.000000000000000000e+00,6.413794973943652512e-04,9.196125692051072553e-01,7.974605129749826049e-02
1.375056320400500853e+00,1.557571863152901983e+02,3.575266740216982986e-01,1.086962162170527879e+00,1.599038224054958448e+02,3.106134317330563333e-01,1.000000000000000000e+00,6.426811232811760477e-04,9.200269485767509359e-01,7.933037029996799216e-02
1.378798498122653315e+00,1.560905271083174171e+02,3.582708151019383114e-01,1.086518669128282655e+00,1.602342071230932845e+02,3.113955318975968334e-01,1.000000000000000000e+00,6.439818214981346675e-04,9.204386982847181375e-01,7.891731989378374112e-02
1.382540675844806222e+00,1.564242380266743737e+02,3.590102545420277846e-01,1.086077994946850644e+00,1.605649504156176022e+02,3.121736531877453702e-01,1.000000000000000000e+00,6.452815965510401647e-04,9.208478371499779769e-01,7.850688125347095314e-02
1.386282853566958684e+00,1.567583183226738868e+02,3.597450259755103907e-01,1.085640119456431130e+00,1.608960517042185927e+02,3.129478182817858056e-01,1.000000000000000000e+00,6.465804529293089735e-04,9.212543838520961259e-01,7.809903569497463061e-02
1.390025031289111590e+00,1.570927672527218135e+02,3.604751627831330740e-01,1.085205022638863648e+00,1.612275104124211680e+02,3.137180497294552728e-01,1.000000000000000000e+00,6.478783951058857864e-04,9.216583569302164713e-01,7.769376467467775660e-02
1.393767209011264052e+00,1.574275840772884294e+02,3.612006980946045331e-01,1.084772684626572614e+00,1.615593259661135050e+02,3.144843699524695335e-01,1.000000000000000000e+00,6.491754275371594204e-04,9.220597747840383329e-01,7.729104978842445128e-02
1.397509386733416958e+00,1.577627680608802905e+02,3.619216647903478190e-01,1.084343085701515941e+00,1.618914977935353647e+02,3.152468012450540535e-01,1.000000000000000000e+00,6.504715546628821524e-04,9.224586556747906840e-01,7.689087277054645897e-02
1.401251564455569421e+00,1.580983184720119823e+02,3.626380955032445508e-01,1.083916206294137208e+00,1.622240253252666378e+02,3.160053657744741340e-01,1.000000000000000000e+00,6.517667809060913309e-04,9.228550177262002663e-01,7.649321549289364586e-02
1.404993742177722327e+00,1.584342345831788634e+02,3.633500226203747463e-01,1.083492026982323164e+00,1.625569079942163171e+02,3.167600855815710936e-01,1.000000000000000000e+00,6.530611106730373856e-04,9.232488789254592598e-01,7.609805996386764804e-02
1.408735919899875233e+00,1.587705156708290701e+02,3.640574782847481594e-01,1.083070528490363227e+00,1.628901452356106461e+02,3.175109825812987840e-01,1.000000000000000000e+00,6.543545483531133539e-04,9.236402571241866255e-01,7.570538832746021018e-02
1.412478097622027695e+00,1.591071610153361746e+02,3.647604943970273461e-01,1.082651691687916751e+00,1.632237364869817782e+02,3.182580785632613263e-01,1.000000000000000000e+00,6.556470983187876606e-04,9.240291700393856722e-01,7.531518286229560433e-02
1.416220275344180601e+00,1.594441699009721845e+02,3.654591026172457902e-01,1.082235497588981410e+00,1.635576811881568631e+02,3.190013951922552327e-01,1.000000000000000000e+00,6.569387649255435105e-04,9.244156352543984045e-01,7.492742598067614335e-02
1.419962453066333063e+00,1.597815416158803430e+02,3.661533343665168694e-01,1.081821927350867130e+00,1.638919787812463085e+02,3.197409540088117508e-01,1.000000000000000000e+00,6.582295525118167642e-04,9.247996702198553187e-01,7.454210022763281540e-02
1.423704630788485970e+00,1.601192754520485835e+02,3.668432208287363272e-01,1.081410962273175791e+00,1.642266287106330651e+02,3.204767764297419275e-01,1.000000000000000000e+00,6.595194653989416194e-04,9.251812922546214235e-01,7.415918827997951268e-02
1.427446808510638432e+00,1.604573707052824432e+02,3.675287929522758068e-01,1.081002583796784045e+00,1.645616304229607465e+02,3.212088837486819504e-01,1.000000000000000000e+00,6.608085078910964005e-04,9.255605185467368212e-01,7.377867294537204801e-02
1.431188986232791338e+00,1.607958266751793133e+02,3.682100814516707232e-01,1.080596773502830565e+00,1.648969833671233118e+02,3.219372971366421532e-01,1.000000000000000000e+00,6.620966842752545531e-04,9.259373661543542910e-01,7.340053716137051598e-02
1.434931163954943800e+00,1.611346426651018078e+02,3.688871168092982544e-01,1.080193513111709747e+00,1.652326869942533563e+02,3.226620376425558545e-01,1.000000000000000000e+00,6.633839988211368303e-04,9.263118520066719874e-01,7.302476399450685829e-02
1.438673341677096706e+00,1.614738179821518145e+02,3.695599292770492816e-01,1.079792784482067169e+00,1.655687407577115664e+02,3.233831261938304169e-01,1.000000000000000000e+00,6.646704557811693344e-04,9.266839929048625857e-01,7.265133663935630093e-02
1.442415519399249169e+00,1.618133519371445175e+02,3.702285488779905043e-01,1.079394569609803733e+00,1.659051441130750106e+02,3.241005835968989168e-01,1.000000000000000000e+00,6.659560593904409074e-04,9.270538055229958774e-01,7.228023841761378743e-02
1.446157697121402075e+00,1.621532438445831588e+02,3.708930054080204486e-01,1.078998850627081119e+00,1.662418965181271062e+02,3.248144305377737018e-01,1.000000000000000000e+00,6.672408138666655096e-04,9.274213064089594782e-01,7.191145277717379825e-02
1.449899874843554537e+00,1.624934930226332597e+02,3.715533284375166501e-01,1.078605609801333465e+00,1.665789974328459664e+02,3.255246875826008912e-01,1.000000000000000000e+00,6.685247234101487175e-04,9.277865119853740961e-01,7.154496329121583231e-02
1.453642052565707443e+00,1.628340987930975530e+02,3.722095473129733989e-01,1.078214829534284602e+00,1.669164463193941401e+02,3.262313751782152105e-01,1.000000000000000000e+00,6.698077922037542218e-04,9.281494385505025813e-01,7.118075365729360782e-02
1.457384230287859905e+00,1.631750604813904033e+02,3.728616911586332128e-01,1.077826492360969723e+00,1.672542426421070445e+02,3.269345136526963791e-01,1.000000000000000000e+00,6.710900244128735785e-04,9.285101022791575343e-01,7.081880769642955042e-02
1.461126408010012812e+00,1.635163774165136203e+02,3.735097888781094277e-01,1.077440580948760829e+00,1.675923858674829887e+02,3.276341232159262207e-01,1.000000000000000000e+00,6.723714241854006216e-04,9.288685192236016963e-01,7.045910935221294524e-02
1.464868585732165274e+00,1.638580489310314192e+02,3.741538691559994634e-01,1.077057078096399279e+00,1.679308754641720043e+02,3.283302239601466055e-01,1.000000000000000000e+00,6.736519956517068516e-04,9.292247053144447877e-01,7.010164268990357050e-02
1.468610763454318180e+00,1.642000743610457789e+02,3.747939604594909824e-01,1.076675966733032119e+00,1.682697109029653859e+02,3.290228358605173375e-01,1.000000000000000000e+00,6.749317429246193181e-04,9.295786763615357939e-01,6.974639189553961949e-02
1.472352941176470642e+00,1.645424530461720849e+02,3.754300910399586133e-01,1.076297229917253517e+00,1.686088916567846923e+02,3.297119787756752074e-01,1.000000000000000000e+00,6.762106700994004529e-04,9.299304480548500340e-01,6.939334127505061844e-02
1.476095118898623548e+00,1.648851843295151696e+02,3.760622889345530684e-01,1.075920850836151743e+00,1.689484172006716278e+02,3.303976724482939886e-01,1.000000000000000000e+00,6.774887812537334344e-04,9.302800359653720097e-01,6.904247525337435520e-02
1.479837296620776010e+00,1.652282675576453244e+02,3.766905819677808798e-01,1.075546812804361041e+00,1.692882870117772995e+02,3.310799365056431576e-01,1.000000000000000000e+00,6.787660804477048393e-04,9.306274555459728148e-01,6.869377837357940053e-02
1.483579474342928917e+00,1.655717020805741981e+02,3.773149977530764199e-01,1.075175099263118828e+00,1.696285005693517292e+02,3.317587904601492776e-01,1.000000000000000000e+00,6.800425717237953190e-04,9.309727221322842139e-01,6.834723529599191771e-02
1.487321652065081379e+00,1.659154872517312356e+02,3.779355636943637076e-01,1.074805693779327553e+00,1.699690573547331951e+02,3.324342537099545525e-01,1.000000000000000000e+00,6.813182591068665892e-04,9.313158509435655041e-01,6.800283079732766245e-02
1.491063829787234285e+00,1.662596224279404851e+02,3.785523069876116642e-01,1.074438580044622560e+00,1.703099568513382849e+02,3.331063455394792649e-01,1.000000000000000000e+00,6.825931466041560087e-04,9.316568570835678242e-01,6.766054976982800728e-02
1.494806007509386747e+00,1.666041069693970087e+02,3.791652546223795994e-01,1.074073741874444377e+00,1.706511985446512085e+02,3.337750851199813296e-01,1.000000000000000000e+00,6.838672382052696404e-04,9.319957555413930228e-01,6.732037722040172534e-02
1.498548185231539653e+00,1.669489402396440312e+02,3.797744333833532049e-01,1.073711163207117014e+00,1.709927819222137373e+02,3.344404915101165110e-01,1.000000000000000000e+00,6.851405378821798665e-04,9.323325611923467537e-01,6.698229826977103452e-02
1.502290362953692116e+00,1.672941216055494351e+02,3.803798698518731647e-01,1.073350828102931365e+00,1.713347064736144318e+02,3.351025836564995863e-01,1.000000000000000000e+00,6.864130495892219186e-04,9.326672887987876859e-01,6.664629815162301241e-02
1.506032540675845022e+00,1.676396504372837342e+02,3.809815904074542181e-01,1.072992720743232598e+00,1.716769716904791210e+02,3.357613803942647301e-01,1.000000000000000000e+00,6.876847772630966969e-04,9.329999530109716055e-01,6.631236221176514678e-02
1.509774718397997484e+00,1.679855261082968809e+02,3.815796212292958400e-01,1.072636825429515106e+00,1.720195770664602435e+02,3.364169004476253999e-01,1.000000000000000000e+00,6.889557248228721795e-04,9.333305683678906339e-01,6.598047590728643719e-02
1.513516896120150390e+00,1.683317479952962117e+02,3.821739882977833735e-01,1.072283126582521007e+00,1.723625220972270142e+02,3.370691624304347211e-01,1.000000000000000000e+00,6.902258961699876509e-04,9.336591492981068940e-01,6.565062480572310399e-02
1.517259073842302852e+00,1.686783154782237375e+02,3.827647173959808358e-01,1.071931608741344411e+00,1.727058062804549365e+02,3.377181848467440406e-01,1.000000000000000000e+00,6.914952951882595567e-04,9.339857101205821799e-01,6.532279458422961260e-02
1.521001251564455758e+00,1.690252279402344584e+02,3.833518341111150640e-01,1.071582256562541913e+00,1.730494291158163378e+02,3.383639860913636999e-01,1.000000000000000000e+00,6.927639257438909359e-04,9.343102650455021863e-01,6.499697102875380550e-02
1.524743429286608221e+00,1.693724847676742229e+02,3.839353638360507581e-01,1.071235054819246191e+00,1.733933901049699386e+02,3.390065844504210335e-01,1.000000000000000000e+00,6.940317916854808538e-04,9.346328281750967415e-01,6.467314003321777971e-02
1.528485607008761127e+00,1.697200853500580138e+02,3.845153317707560858e-01,1.070889988400287596e+00,1.737376887515512180e+02,3.396459981019186447e-01,1.000000000000000000e+00,6.952988968440349188e-04,9.349534135044526018e-01,6.435128759870328841e-02
1.532227784730914033e+00,1.700680290800479781e+02,3.850917629237600170e-01,1.070547042309319741e+00,1.740823245611620678e+02,3.402822451162920148e-01,1.000000000000000000e+00,6.965652450329799187e-04,9.352720349223245799e-01,6.403139983264249935e-02
1.535969962453066495e+00,1.704163153534326511e+02,3.856646821136009429e-01,1.070206201663950196e+00,1.744272970413615269e+02,3.409153434569673902e-01,1.000000000000000000e+00,6.978308400481774820e-04,9.355887062119390141e-01,6.371346294801287502e-02
1.539712140175219401e+00,1.707649435691050144e+02,3.862341139702657467e-01,1.069867451694876737e+00,1.747726057016557775e+02,3.415453109809172827e-01,1.000000000000000000e+00,6.990956856679424007e-04,9.359034410517941271e-01,6.339746326253789532e-02
1.543454317897371864e+00,1.711139131290415776e+02,3.868000829366200488e-01,1.069530777745030026e+00,1.751182500534879409e+02,3.421721654392171352e-01,1.000000000000000000e+00,7.003597856530587853e-04,9.362162530164545027e-01,6.308338719789255422e-02
1.547196495619524770e+00,1.714632234382815454e+02,3.873626132698297364e-01,1.069196165268719856e+00,1.754642296102290118e+02,3.427959244775996561e-01,1.000000000000000000e+00,7.016231437468006642e-04,9.365271555773401202e-01,6.277122127891317238e-02
1.550938673341677232e+00,1.718128739049057856e+02,3.879217290427741105e-01,1.068863599830787825e+00,1.758105438871679667e+02,3.434166056370092091e-01,1.000000000000000000e+00,7.028857636749534510e-04,9.368361621035121711e-01,6.246095213281299685e-02
1.554680851063830138e+00,1.721628639400163081e+02,3.884774541454488750e-01,1.068533067105766010e+00,1.761571924015020443e+02,3.440342263541554257e-01,1.000000000000000000e+00,7.041476491458361709e-04,9.371432858624518802e-01,6.215256648840224857e-02
1.558423028785982600e+00,1.725131929577154040e+02,3.890298122863606878e-01,1.068204552877039415e+00,1.765041746723270535e+02,3.446488039620648203e-01,1.000000000000000000e+00,7.054088038503250960e-04,9.374485400208361074e-01,6.184605117531362384e-02
1.562165206508135507e+00,1.728638603750858067e+02,3.895788269939135517e-01,1.067878043036014191e+00,1.768514902206283068e+02,3.452603556906329030e-01,1.000000000000000000e+00,7.066692314618793326e-04,9.377519376453061772e-01,6.154139312323188976e-02
1.565907384230287969e+00,1.732148656121700583e+02,3.901245216177854358e-01,1.067553523581292740e+00,1.771991385692707297e+02,3.458688986671742960e-01,1.000000000000000000e+00,7.079289356365683602e-04,9.380534917032340436e-01,6.123857936112937772e-02
1.569649561952440875e+00,1.735662080919506991e+02,3.906669193302960696e-01,1.067230980617852376e+00,1.775471192429895666e+02,3.464744499169725156e-01,1.000000000000000000e+00,7.091879200130995695e-04,9.383532150634810165e-01,6.093759701650582755e-02
1.573391739674593337e+00,1.739178872403300034e+02,3.912060431277660788e-01,1.066910400356229971e+00,1.778954317683809450e+02,3.470770263638267572e-01,1.000000000000000000e+00,7.104461882128461272e-04,9.386511204971537126e-01,6.063843331463356079e-02
1.577133917396746243e+00,1.742699024861107659e+02,3.917419158318671824e-01,1.066591769111711496e+00,1.782440756738926098e+02,3.476766448306012336e-01,1.000000000000000000e+00,7.117037438398798269e-04,9.389472206783530117e-01,6.034107557780710174e-02
1.580876095118898705e+00,1.746222532609761515e+02,3.922745600909636199e-01,1.066275073303527998e+00,1.785930504898146012e+02,3.482733220397694618e-01,1.000000000000000000e+00,7.129605904810014470e-04,9.392415281849206821e-01,6.004551122459823170e-02
1.584618272841051612e+00,1.749749389994705950e+02,3.928039983814446967e-01,1.065960299454056459e+00,1.789423557482700460e+02,3.488670746139594936e-01,1.000000000000000000e+00,7.142167317057753363e-04,9.395340554991785664e-01,5.975172776911568534e-02
1.588360450563204074e+00,1.753279591389801055e+02,3.933302530090472260e-01,1.065647434188024656e+00,1.792919909832055794e+02,3.494579190764971477e-01,1.000000000000000000e+00,7.154721710665599890e-04,9.398248150086634389e-01,5.945971282027001648e-02
1.592102628285356980e+00,1.756813131197134226e+02,3.938533461101720867e-01,1.065336464231723346e+00,1.796419557303828185e+02,3.500458718519487977e-01,1.000000000000000000e+00,7.167269120985476178e-04,9.401138190068585310e-01,5.916945408104286319e-02
1.595844806007509442e+00,1.760350003846828884e+02,3.943732996531889023e-01,1.065027376412222226e+00,1.799922495273687275e+02,3.506309492666617178e-01,1.000000000000000000e+00,7.179809583197977645e-04,9.404010796939186179e-01,5.888093934776170851e-02
1.599586983729662348e+00,1.763890203796856611e+02,3.948901354397333918e-01,1.064720157656591892e+00,1.803428719135268921e+02,3.512131675493033733e-01,1.000000000000000000e+00,7.192343132312749212e-04,9.406866091773897764e-01,5.859415650937904729e-02
1.603329161451814810e+00,1.767433725532843596e+02,3.954038751059957835e-01,1.064414794991131341e+00,1.806938224300080265e+02,3.517925428313997127e-01,1.000000000000000000e+00,7.204869803168866948e-04,9.409704194729260340e-01,5.830909354675703482e-02
1.607071339173967717e+00,1.770980563567893853e+02,3.959145401240007356e-01,1.064111275540599699e+00,1.810451006197414756e+02,3.523690911478724042e-01,1.000000000000000000e+00,7.217389630435253316e-04,9.412525225050003552e-01,5.802573853195613918e-02
1.610813516896120179e+00,1.774530712442396521e+02,3.964221518028775981e-01,1.063809586527453943e+00,1.813967060274260916e+02,3.529428284375727420e-01,1.000000000000000000e+00,7.229902648611049058e-04,9.415329301076094115e-01,5.774407962752941409e-02
1.614555694618273085e+00,1.778084166723848796e+02,3.969267312901232359e-01,1.063509715271091949e+00,1.817486381995213378e+02,3.535137705438167743e-01,1.000000000000000000e+00,7.242408892026047955e-04,9.418116540249762414e-01,5.746410508582112248e-02
1.618297872340425547e+00,1.781640921006667213e+02,3.974282995728545820e-01,1.063211649187100649e+00,1.821008966842381938e+02,3.540819332149157117e-01,1.000000000000000000e+00,7.254908394841105574e-04,9.420887059122450280e-01,5.718580324827077926e-02
1.622040050062578453e+00,1.785200969912012283e+02,3.979268774790544194e-01,1.062915375786508410e+00,1.824534810315307993e+02,3.546473321047087790e-01,1.000000000000000000e+00,7.267401191048583793e-04,9.423640973361741002e-01,5.690916254472111468e-02
1.625782227784730916e+00,1.788764308087609436e+02,3.984224856788067815e-01,1.062620882675044731e+00,1.828063907930874734e+02,3.552099827730899051e-01,1.000000000000000000e+00,7.279887314472769299e-04,9.426378397758210514e-01,5.663417149273159562e-02
1.629524405506883822e+00,1.792330930207566553e+02,3.989151446855248584e-01,1.062328157552402175e+00,1.831596255223218463e+02,3.557699006865367997e-01,1.000000000000000000e+00,7.292366798770348471e-04,9.429099446232265258e-01,5.636081869689647111e-02
1.633266583229036284e+00,1.795900830972200879e+02,3.994048748571696339e-01,1.062037188211507166e+00,1.835131847743643903e+02,3.563271012186359776e-01,1.000000000000000000e+00,7.304839677430832387e-04,9.431804231840891228e-01,5.608909284816769591e-02
1.637008760951189190e+00,1.799474005107861956e+02,3.998916963974608607e-01,1.061747962537792134e+00,1.838670681060535799e+02,3.568815996506070065e-01,1.000000000000000000e+00,7.317305983777047966e-04,9.434492866784400800e-01,5.581898272318224635e-02
1.640750938673341652e+00,1.803050447366760807e+02,4.003756293570780445e-01,1.061460468508475197e+00,1.842212750759276787e+02,3.574334111718248663e-01,1.000000000000000000e+00,7.329765750965588997e-04,9.437165462413088513e-01,5.555047718359459180e-02
1.644493116395494559e+00,1.806630152526794575e+02,4.008566936348546550e-01,1.061174694191844292e+00,1.845758052442159283e+02,3.579825508803410328e-01,1.000000000000000000e+00,7.342219011987306202e-04,9.439822129233874648e-01,5.528356517541369031e-02
1.648235294117647465e+00,1.810213115391372583e+02,4.013349089789624569e-01,1.060890627746546189e+00,1.849306581728297090e+02,3.585290337834013963e-01,1.000000000000000000e+00,7.354665799667785362e-04,9.442462976916882189e-01,5.501823572834494552e-02
1.651977471839799927e+00,1.813799330789252622e+02,4.018102949880880681e-01,1.060608257420880607e+00,1.852858334253548662e+02,3.590728747979649582e-01,1.000000000000000000e+00,7.367106146667846056e-04,9.445088114301968263e-01,5.475447795513626453e-02
1.655719649561952833e+00,1.817388793574368719e+02,4.022828711126014145e-01,1.060327571552100556e+00,1.856413305670427007e+02,3.596140887512182527e-01,1.000000000000000000e+00,7.379540085484038222e-04,9.447697649405222275e-01,5.449228105092932678e-02
1.659461827284105295e+00,1.820981498625660890e+02,4.027526566557144694e-01,1.060048558565714671e+00,1.859971491648016411e+02,3.601526903810889912e-01,1.000000000000000000e+00,7.391967648449133304e-04,9.450291689425395214e-01,5.423163429261554369e-02
1.663204005006258202e+00,1.824577440846914556e+02,4.032196707746336650e-01,1.059771206974798430e+00,1.863532887871892001e+02,3.606886943367584308e-01,1.000000000000000000e+00,7.404388867732671770e-04,9.452870340750306744e-01,5.397252703819613306e-02
1.666946182728410664e+00,1.828176615166590864e+02,4.036839324817020347e-01,1.059495505379307367e+00,1.867097490044033918e+02,3.612221151791705775e-01,1.000000000000000000e+00,7.416803775341443417e-04,9.455433708963185691e-01,5.371494872614722416e-02
1.670688360450563570e+00,1.831779016537666678e+02,4.041454606455349152e-01,1.059221442465396734e+00,1.870665293882748585e+02,3.617529673815414459e-01,1.000000000000000000e+00,7.429212403120032723e-04,9.457981898848984992e-01,5.345888887478948692e-02
1.674430538172716032e+00,1.835384639937466602e+02,4.046042739921451026e-01,1.058949007004745591e+00,1.874236295122579747e+02,3.622812653298636554e-01,1.000000000000000000e+00,7.441614782751329506e-04,9.460515014400623368e-01,5.320433708166243808e-02
1.678172715894868938e+00,1.838993480367506663e+02,4.050603911060627338e-01,1.058678187853886454e+00,1.877810489514235144e+02,3.628070233234120812e-01,1.000000000000000000e+00,7.454010945757095965e-04,9.463033158825214786e-01,5.295128302290288275e-02
1.681914893617021400e+00,1.842605532853333443e+02,4.055138304314439557e-01,1.058408973953538279e+00,1.881387872824500107e+02,3.633302555752461194e-01,1.000000000000000000e+00,7.466400923498467575e-04,9.465536434550219091e-01,5.269971645262836596e-02
1.685657071339174307e+00,1.846220792444363497e+02,4.059646102731740980e-01,1.058141354327946093e+00,1.884968440836158834e+02,3.638509762127094538e-01,1.000000000000000000e+00,7.478784747176528804e-04,9.468024943229575996e-01,5.244962720232486386e-02
1.689399249061326769e+00,1.849839254213724189e+02,4.064127487979610209e-01,1.057875318084224858e+00,1.888552189347910826e+02,3.643691992779291566e-01,1.000000000000000000e+00,7.491162447832838949e-04,9.470498785749774662e-01,5.220100518023925579e-02
1.693141426783479675e+00,1.853460913258101073e+02,4.068582640354210245e-01,1.057610854411707990e+00,1.892139114174296424e+02,3.648849387283124579e-01,1.000000000000000000e+00,7.503534056350008932e-04,9.472958062235892207e-01,5.195384037077583478e-02
1.696883604505632137e+00,1.857085764697580146e+02,4.073011738791569303e-01,1.057347952581299877e+00,1.895729211145612396e+02,3.653982084370406280e-01,1.000000000000000000e+00,7.515899603452246653e-04,9.475402872057571146e-01,5.170812283389760594e-02
1.700625782227785043e+00,1.860713803675494660e+02,4.077414960878279482e-01,1.057086601944835502e+00,1.899322476107836906e+02,3.659090221935624720e-01,1.000000000000000000e+00,7.528259119705925113e-04,9.477833313834975737e-01,5.146384270453186610e-02
1.704367959949937505e+00,1.864345025358268231e+02,4.081792482862110494e-01,1.056826791934442955e+00,1.902918904922545096e+02,3.664173937040841600e-01,1.000000000000000000e+00,7.540612635520136438e-04,9.480249485444675051e-01,5.122099019198052272e-02
1.708110137672090412e+00,1.867979424935269606e+02,4.086144479662560114e-01,1.056568512061910159e+00,1.906518493466837469e+02,3.669233365920583356e-01,1.000000000000000000e+00,7.552960181147287113e-04,9.482651484025511612e-01,5.097955557933407655e-02
1.711852315394242874e+00,1.871616997618656342e+02,4.090471124881308596e-01,1.056311751918058706e+00,1.910121237633257749e+02,3.674268643986707827e-01,1.000000000000000000e+00,7.565301786683661760e-04,9.485039405984408978e-01,5.073952922289078071e-02
1.715594493116395780e+00,1.875257738643227867e+02,4.094772590812603141e-01,1.056056501172119910e+00,1.913727133329717276e+02,3.679279905833245934e-01,1.000000000000000000e+00,7.577637482069996683e-04,9.487413347002134900e-01,5.050090155157958144e-02
1.719336670838548242e+00,1.878901643266273993e+02,4.099049048453564659e-01,1.055802749571117305e+00,1.917336176479414576e+02,3.684267285241225598e-01,1.000000000000000000e+00,7.589967297092063171e-04,9.489773402039028971e-01,5.026366306638783282e-02
1.723078848560701148e+00,1.882548706767431099e+02,4.103300667514420130e-01,1.055550486939252464e+00,1.920948363020764305e+02,3.689230915183485671e-01,1.000000000000000000e+00,7.602291261381269229e-04,9.492119665340690293e-01,5.002780433979275854e-02
1.726821026282853611e+00,1.886198924448534626e+02,4.107527616428650608e-01,1.055299703177296378e+00,1.924563688907316532e+02,3.694170927829448781e-01,1.000000000000000000e+00,7.614609404415224447e-04,9.494452230443608531e-01,4.979331601519763895e-02
1.730563204005006517e+00,1.889852291633472703e+02,4.111730062363061489e-01,1.055050388261985495e+00,1.928182150107683697e+02,3.699087454549890852e-01,1.000000000000000000e+00,7.626921755518356908e-04,9.496771190180760547e-01,4.956018880637209217e-02
1.734305381727158979e+00,1.893508803668040912e+02,4.115908171227788959e-01,1.054802532245421087e+00,1.931803742605461025e+02,3.703980625921677872e-01,1.000000000000000000e+00,7.639228343862485655e-04,9.499076636687169284e-01,4.932841349689676830e-02
1.738047559449311885e+00,1.897168455919803023e+02,4.120062107686222053e-01,1.054556125254474175e+00,1.935428462399156615e+02,3.708850571732493773e-01,1.000000000000000000e+00,7.651529198467432171e-04,9.501368661405414917e-01,4.909798093961176280e-02
1.741789737171464347e+00,1.900831243777946042e+02,4.124192035164845338e-01,1.054311157490195550e+00,1.939056305502114128e+02,3.713697420985540010e-01,1.000000000000000000e+00,7.663824348201619951e-04,9.503647355091100479e-01,4.886888205606974844e-02
1.745531914893617254e+00,1.904497162653141231e+02,4.128298115863017759e-01,1.054067619227228914e+00,1.942687267942438041e+02,3.718521301904206822e-01,1.000000000000000000e+00,7.676113821782678398e-04,9.505912807818287513e-01,4.864110783599299992e-02
1.749274092615769716e+00,1.908166207977400006e+02,4.132380510762663772e-01,1.053825500813229121e+00,1.946321345762920600e+02,3.723322341936740054e-01,1.000000000000000000e+00,7.688397647778032629e-04,9.508165108984873992e-01,4.841464933673472748e-02
1.753016270337922622e+00,1.911838375203939790e+02,4.136439379637906755e-01,1.053584792668284864e+00,1.949958535020968213e+02,3.728100667760871900e-01,1.000000000000000000e+00,7.700675854605538821e-04,9.510404347317952256e-01,4.818949768274422008e-02
1.756758448060075084e+00,1.915513659807045883e+02,4.140474881064612478e-01,1.053345485284346017e+00,1.953598831788529253e+02,3.732856405288443868e-01,1.000000000000000000e+00,7.712948470534068592e-04,9.512630610879101445e-01,4.796564406503634609e-02
1.760500625782227990e+00,1.919192057281930488e+02,4.144487172429870414e-01,1.053107569224655204e+00,1.957242232152020165e+02,3.737589679669993115e-01,1.000000000000000000e+00,7.725215523684142178e-04,9.514843987069664388e-01,4.774307974066507865e-02
1.764242803504380896e+00,1.922873563144600553e+02,4.148476409941395104e-01,1.052871035123182919e+00,1.960888732212251853e+02,3.742300615299327671e-01,1.000000000000000000e+00,7.737477042028513899e-04,9.517044562635961213e-01,4.752179603220110099e-02
1.767984981226533359e+00,1.926558172931721913e+02,4.152442748636859804e-01,1.052635873684068857e+00,1.964538328084360899e+02,3.746989335818080580e-01,1.000000000000000000e+00,7.749733053392823768e-04,9.519232423674476307e-01,4.730178432721316578e-02
1.771727158948686265e+00,1.930245882200487699e+02,4.156386342393161848e-01,1.052402075681065252e+00,1.968191015897738225e+02,3.751655964120236830e-01,1.000000000000000000e+00,7.761983585456185128e-04,9.521407655637006417e-01,4.708303607775370103e-02
1.775469336670838727e+00,1.933936686528478788e+02,4.160307343935600866e-01,1.052169631956986873e+00,1.971846791795951219e+02,3.756300622356642527e-01,1.000000000000000000e+00,7.774228665751817821e-04,9.523570343335762134e-01,4.686554279984861404e-02
1.779211514392991633e+00,1.937630581513541017e+02,4.164205904847008699e-01,1.051938533423163014e+00,1.975505651936682625e+02,3.760923431939491302e-01,1.000000000000000000e+00,7.786468321667664024e-04,9.525720570948429389e-01,4.664929607299030806e-02
1.782953692115144095e+00,1.941327562773649049e+02,4.168082175576787174e-01,1.051708771058895486e+00,1.979167592491652954e+02,3.765524513546792962e-01,1.000000000000000000e+00,7.798702580447010573e-04,9.527858422023199880e-01,4.643428753963536187e-02
1.786695869837297002e+00,1.945027625946777619e+02,4.171936305449892024e-01,1.051480335910919939e+00,1.982832609646554829e+02,3.770103987126810496e-01,1.000000000000000000e+00,7.810931469189112382e-04,9.529983979483753753e-01,4.622050890470572049e-02
1.790438047559449464e+00,1.948730766690769656e+02,4.175768442675731884e-01,1.051253219092871616e+00,1.986500699600978521e+02,3.774661971902485424e-01,1.000000000000000000e+00,7.823155014849815861e-04,9.532097325634208973e-01,4.600795193509404912e-02
1.794180225281602370e+00,1.952436980683215211e+02,4.179578734357017322e-01,1.051027411784754673e+00,1.990171858568347716e+02,3.779198586375842051e-01,1.000000000000000000e+00,7.835373244242182329e-04,9.534198542164034063e-01,4.579660845917243872e-02
1.797922403003754832e+00,1.956146263621319861e+02,4.183367326498519945e-01,1.050802905232417261e+00,1.993846082775848458e+02,3.783713948332358967e-01,1.000000000000000000e+00,7.847586184037117938e-04,9.536287710152907549e-01,4.558647036630546906e-02
1.801664580725907738e+00,1.959858611221778517e+02,4.187134364015779875e-01,1.050579690747028838e+00,1.997523368464360942e+02,3.788208174845332787e-01,1.000000000000000000e+00,7.859793860763993837e-04,9.538364910075567416e-01,4.537752960636674132e-02
1.805406758448060200e+00,1.963574019220649802e+02,4.190879990743733852e-01,1.050357759704562577e+00,2.001203711888388739e+02,3.792681382280203017e-01,1.000000000000000000e+00,7.871996300811276090e-04,9.540430221806592836e-01,4.516977818925953236e-02
1.809148936170213107e+00,1.967292483373236109e+02,4.194604349445281710e-01,1.050137103545281336e+00,2.004887109315995133e+02,3.797133686298878041e-01,1.000000000000000000e+00,7.884193530427163190e-04,9.542483724625165920e-01,4.496320818444064782e-02
1.812891113892365569e+00,1.971013999453956842e+02,4.198307581819786805e-01,1.049917713773228511e+00,2.008573557028733489e+02,3.801565201864021137e-01,1.000000000000000000e+00,7.896385575720196465e-04,9.544525497219794596e-01,4.475781172044852874e-02
1.816633291614518475e+00,1.974738563256227337e+02,4.201989828511503156e-01,1.049699581955721550e+00,2.012263051321582452e+02,3.805976043243316509e-01,1.000000000000000000e+00,7.908572462659907345e-04,9.546555617692992213e-01,4.455358098443482073e-02
1.820375469336670937e+00,1.978466170592334663e+02,4.205651229117941536e-01,1.049482699722851242e+00,2.015955588502872047e+02,3.810366324013722550e-01,1.000000000000000000e+00,7.920754217077428851e-04,9.548574163565923811e-01,4.435050822169980811e-02
1.824117647058823843e+00,1.982196817293321658e+02,4.209291922198173941e-01,1.049267058766982785e+00,2.019651164894228259e+02,3.814736157065699018e-01,1.000000000000000000e+00,7.932930864666140700e-04,9.550581211783022439e-01,4.414858573523108148e-02
1.827859824780976306e+00,1.985930499208864433e+02,4.212912045281056450e-01,1.049052650842262624e+00,2.023349776830498570e+02,3.819085654607405900e-01,1.000000000000000000e+00,7.945102430982295969e-04,9.552576838716553276e-01,4.394780588524637571e-02
1.831602002503129212e+00,1.989667212207156410e+02,4.216511734873409356e-01,1.048839467764127953e+00,2.027051420659690564e+02,3.823414928168895610e-01,1.000000000000000000e+00,7.957268941445645597e-04,9.554561120171156663e-01,4.374816108873963438e-02
1.835344180225281674e+00,1.993406952174783271e+02,4.220091126468111797e-01,1.048627501408821550e+00,2.030756092742902297e+02,3.827724088606264674e-01,1.000000000000000000e+00,7.969430421340066139e-04,9.556534131388348952e-01,4.354964381903099480e-02
1.839086357947434580e+00,1.997149715016616085e+02,4.223650354552149766e-01,1.048416743712908161e+00,2.034463789454263747e+02,3.832013246105797077e-01,1.000000000000000000e+00,7.981586895814204866e-04,9.558495947050986707e-01,4.335224660531983992e-02
1.842828535669587042e+00,2.000895496655688248e+02,4.227189552614588064e-01,1.048207186672797553e+00,2.038174507180867465e+02,3.836282510188085970e-01,1.000000000000000000e+00,7.993738389882095591e-04,9.560446641287699832e-01,4.315596203224186106e-02
1.846570713391739949e+00,2.004644293033082931e+02,4.230708853154482862e-01,1.047998822344268444e+00,2.041888242322706617e+02,3.840531989712124838e-01,1.000000000000000000e+00,8.005884928423798348e-04,9.562386287677282493e-01,4.296078273942940257e-02
1.850312891113892411e+00,2.008396100107815982e+02,4.234208387688734310e-01,1.047791642841998661e+00,2.045604991292607053e+02,3.844761792879384243e-01,1.000000000000000000e+00,8.018026536186010885e-04,9.564314959253059634e-01,4.276670142107551198e-02
1.854055068836045317e+00,2.012150913856727072e+02,4.237688286759873635e-01,1.047585640339097512e+00,2.049324750516170752e+02,3.848972027237864690e-01,1.000000000000000000e+00,8.030163237782723517e-04,9.566232728507206851e-01,4.257371082550095998e-02
1.857797246558197779e+00,2.015908730274362313e+02,4.241148679943791411e-01,1.047380807066642605e+00,2.053047516431707322e+02,3.853162799686126183e-01,1.000000000000000000e+00,8.042295057695836042e-04,9.568139667395050285e-01,4.238180375472533346e-02
1.861539424280350685e+00,2.019669545372866537e+02,4.244589695857398648e-01,1.047177135313219543e+00,2.056773285490173464e+02,3.857334216477302791e-01,1.000000000000000000e+00,8.054422020275782239e-04,9.570035847339313229e-01,4.219097306404104991e-02
1.865281602002503147e+00,2.023433355181865920e+02,4.248011462166230157e-01,1.046974617424466958e+00,2.060502054155107317e+02,3.861486383223084462e-01,1.000000000000000000e+00,8.066544149742157620e-04,9.571921339234346071e-01,4.200121166159120206e-02
1.869023779724656054e+00,2.027200155748366228e+02,4.251414105591988513e-01,1.046773245802623098e+00,2.064233818902571045e+02,3.865619404897688294e-01,1.000000000000000000e+00,8.078661470184359114e-04,9.573796213450314063e-01,4.181251250795021274e-02
1.872765957446808516e+00,2.030969943136636573e+02,4.254797751920030291e-01,1.046573012906077516e+00,2.067968576221086607e+02,3.869733385841803708e-01,1.000000000000000000e+00,8.090774005562199802e-04,9.575660539837353991e-01,4.162486861570839636e-02
1.876508135168961422e+00,2.034742713428105674e+02,4.258162526006783466e-01,1.046373911248925426e+00,2.071706322611574365e+02,3.873828429766514869e-01,1.000000000000000000e+00,8.102881779706545351e-04,9.577514387729699763e-01,4.143827304905946946e-02
1.880250312891113884e+00,2.038518462721247317e+02,4.261508551787108190e-01,1.046175933400526947e+00,2.075447054587289699e+02,3.877904639757198679e-01,1.000000000000000000e+00,8.114984816319925501e-04,9.579357825949761374e-01,4.125271892339170410e-02
1.883992490613266790e+00,2.042297187131480882e+02,4.264835952281614828e-01,1.045979071985067899e+00,2.079190768673767877e+02,3.881962118277417773e-01,1.000000000000000000e+00,8.127083138977173743e-04,9.581190922812203858e-01,4.106819940488186382e-02
1.887734668335419697e+00,2.046078882791062199e+02,4.268144849603892621e-01,1.045783319681125478e+00,2.082937461408758679e+02,3.886000967172768550e-01,1.000000000000000000e+00,8.139176771126045316e-04,9.583013746127946320e-01,4.088470771009280330e-02
1.891476846057572159e+00,2.049863545848975264e+02,4.271435364967706705e-01,1.045588669221237721e+00,2.086687129342166145e+02,3.890021287674723105e-01,1.000000000000000000e+00,8.151265736087833034e-04,9.584826363208169830e-01,4.070223710557432234e-02
1.895219023779725065e+00,2.053651172470832478e+02,4.274707618694126854e-01,1.045395113391475617e+00,2.090439769035993720e+02,3.894023180404450613e-01,1.000000000000000000e+00,8.163350057057998290e-04,9.586628840868273160e-01,4.052078090746679545e-02
1.898961201501877527e+00,2.057441758838766646e+02,4.277961730218600711e-01,1.045202645031018562e+00,2.094195377064279171e+02,3.898006745376606519e-01,1.000000000000000000e+00,8.175429757106799896e-04,9.588421245431808515e-01,4.034033248110849290e-02
1.902703379224030433e+00,2.061235301151331214e+02,4.281197818097968177e-01,1.045011257031733365e+00,2.097953950013038877e+02,3.901972082003113407e-01,1.000000000000000000e+00,8.187504859179894727e-04,9.590203642734362877e-01,4.016088524064565651e-02
1.906445556946182895e+00,2.065031795623392838e+02,4.284416000017419179e-01,1.044820942337757685e+00,2.101715484480206442e+02,3.905919289096909663e-01,1.000000000000000000e+00,8.199575386098964394e-04,9.591976098127439343e-01,3.998243264864615593e-02
1.910187734668335802e+00,2.068831238486036739e+02,4.287616392797398146e-01,1.044631693945085482e+00,2.105479977075576983e+02,3.909848464875685936e-01,1.000000000000000000e+00,8.211641360562341911e-04,9.593738676482279626e-01,3.980496821571567756e-02
1.913929912390488264e+00,2.072633625986460117e+02,4.290799112400458526e-01,1.044443504901156006e+00,2.109247424420747450e+02,3.913759706965596608e-01,1.000000000000000000e+00,8.223702805145619932e-04,9.595491442193679887e-01,3.962848550011750098e-02
1.917672090112641170e+00,2.076438954387876095e+02,4.293964273938038478e-01,1.044256368304447236e+00,2.113017823149059211e+02,3.917653112404947402e-01,1.000000000000000000e+00,8.235759742302266578e-04,9.597234459183745514e-01,3.945297810739512717e-02
1.921414267834793632e+00,2.080247219969407979e+02,4.297111991677216025e-01,1.044070277304070871e+00,2.116791169905537799e+02,3.921528777647866337e-01,1.000000000000000000e+00,8.247812194364239095e-04,9.598967790905654773e-01,3.927843968999810559e-02
1.925156445556946538e+00,2.084058419025998887e+02,4.300242379047381491e-01,1.043885225099371983e+00,2.120567461346841185e+02,3.925386798567955804e-01,1.000000000000000000e+00,8.259860183542600768e-04,9.600691500347351415e-01,3.910486394691054662e-02
1.928898623279099001e+00,2.087872547868307720e+02,4.303355548646868312e-01,1.043701204939531335e+00,2.124346694141198384e+02,3.929227270461916888e-01,1.000000000000000000e+00,8.271903731928132407e-04,9.602405650035239493e-01,3.893224462328304103e-02
1.932640801001251907e+00,2.091689602822614802e+02,4.306451612249534433e-01,1.043518210123171031e+00,2.128128864968355174e+02,3.933050288053160370e-01,1.000000000000000000e+00,8.283942861491946008e-04,9.604110302037834890e-01,3.876057551006728552e-02
1.936382978723404369e+00,2.095509580230723259e+02,4.309530680811272108e-01,1.043336233997963491e+00,2.131913970519514407e+02,3.936855945495389975e-01,1.000000000000000000e+00,8.295977594086066968e-04,9.605805517969373541e-01,3.858985044365389333e-02
1.940125156445557275e+00,2.099332476449865226e+02,4.312592864476491594e-01,1.043155269960242659e+00,2.135702007497284853e+02,3.940644336376169510e-01,1.000000000000000000e+00,8.308007951444084608e-04,9.607491358993427433e-01,3.842006330551279991e-02
1.943867334167709737e+00,2.103158287852604644e+02,4.315638272584526036e-01,1.042975311454620302e+00,2.139492972615622080e+02,3.944415553720472256e-01,1.000000000000000000e+00,8.320033955181727883e-04,9.609167885826449540e-01,3.825120802183697849e-02
1.947609511889862643e+00,2.106987010826747451e+02,4.318667013676002475e-01,1.042796351973603208e+00,2.143286862599777010e+02,3.948169689994202036e-01,1.000000000000000000e+00,8.332055626797476872e-04,9.610835158741315443e-01,3.808327856318866750e-02
1.951351689612015106e+00,2.110818641775238405e+02,4.321679195499155135e-01,1.042618385057215491e+00,2.147083674186232543e+02,3.951906837107697079e-01,1.000000000000000000e+00,8.344072987673165596e-04,9.612493237570837179e-01,3.791626894414897725e-02
1.955093867334168012e+00,2.114653177116078666e+02,4.324674925016084859e-01,1.042441404292622220e+00,2.150883404122658646e+02,3.955627086419220007e-01,1.000000000000000000e+00,8.356086059074587001e-04,9.614142181711230473e-01,3.775017322296963379e-02
1.958836045056320474e+00,2.118490613282227173e+02,4.327654308408970252e-01,1.042265403313756833e+00,2.154686049167852389e+02,3.959330528738418398e-01,1.000000000000000000e+00,8.368094862152084933e-04,9.615782050125567526e-01,3.758498550122815057e-02
1.962578222778473380e+00,2.122330946721511395e+02,4.330617451086230529e-01,1.042090375800952540e+00,2.158491606091686208e+02,3.963017254329768146e-01,1.000000000000000000e+00,8.380099417941162376e-04,9.617412901347203169e-01,3.742069992348558138e-02
1.966320400500625842e+00,2.126174173896532409e+02,4.333564457688632854e-01,1.041916315480575506e+00,2.162300071675048514e+02,3.966687352915998499e-01,1.000000000000000000e+00,8.392099747363071256e-04,9.619034793483165480e-01,3.725731067694715293e-02
1.970062578222778749e+00,2.130020291284579912e+02,4.336495432095356928e-01,1.041743216124660476e+00,2.166111442709799917e+02,3.970340913681495998e-01,1.000000000000000000e+00,8.404095871225397913e-04,9.620647784217520870e-01,3.709481199112531907e-02
1.973804755944931211e+00,2.133869295377539572e+02,4.339410477430001856e-01,1.041571071550551064e+00,2.169925715998710700e+02,3.973978025275690662e-01,1.000000000000000000e+00,8.416087810222676758e-04,9.622251930814716969e-01,3.693319813750607639e-02
1.977546933667084117e+00,2.137721182681804919e+02,4.342309696066553037e-01,1.041399875620542259e+00,2.173742888355414493e+02,3.977598775816412191e-01,1.000000000000000000e+00,8.428075584936968153e-04,9.623847290122887754e-01,3.677246342921753480e-02
1.981289111389236579e+00,2.141575949718186109e+02,4.345193189635290776e-01,1.041229622241525377e+00,2.177562956604349438e+02,3.981203252893242284e-01,1.000000000000000000e+00,8.440059215838435205e-04,9.625433918577146475e-01,3.661260222070161080e-02
1.985031289111389485e+00,2.145433593021825516e+02,4.348061059028659470e-01,1.041060305364636118e+00,2.181385917580711293e+02,3.984791543570835315e-01,1.000000000000000000e+00,8.452038723285961765e-04,9.627011872202833054e-01,3.645360890738795490e-02
1.988773466833541947e+00,2.149294109142109903e+02,4.350913404407087404e-01,1.040891918984906184e+00,2.185211768130399150e+02,3.988363734392224580e-01,1.000000000000000000e+00,8.464014127527720545e-04,9.628581206618762600e-01,3.629547792537090450e-02
1.992515644555694854e+00,2.153157494642584027e+02,4.353750325204752136e-01,1.040724457140916215e+00,2.189040505109963988e+02,3.991919911382102448e-01,1.000000000000000000e+00,8.475985448701744496e-04,9.630141977040409529e-01,3.613820375108879601e-02
1.996257822277847316e+00,2.157023746100860535e+02,4.356571920135305920e-01,1.040557913914454069e+00,2.192872125386554387e+02,3.995460160050092191e-01,1.000000000000000000e+00,8.487952706836535046e-04,9.631694238283101672e-01,3.598178090100626059e-02
2.000000000000000000e+00,2.160892860108542664e+02,4.359378287197550605e-01,1.040392283430172871e+00,2.196706625837870490e+02,3.998984565393988166e-01,1.000000000000000000e+00,8.499915921851610703e-04,9.633238044765161101e-01,3.582620393129859471e-02
