p,q,dAIC,AIC,chi2,sqrtA
0.2,0.5,7.902936942653469,1147.7061947896902,1141.7061947896902,2.3921880153996846
0.20625000000000002,0.5,9.385435135356602,1149.1886929823934,1143.1886929823934,2.383180828076477
0.21250000000000002,0.5,10.787051547994906,1150.5903093950317,1144.5903093950317,2.374361143588068
0.21875,0.5,12.109148260422899,1151.9124061074597,1145.9124061074597,2.365725643949057
0.225,0.5,13.353116723992798,1153.1563745710296,1147.1563745710296,2.3572710423632595
0.23125,0.5,14.520375263938831,1154.3236331109756,1148.3236331109756,2.348994084043983
0.23750000000000002,0.5,15.612366607920421,1155.4156244549572,1149.4156244549572,2.3408915469942873
0.24375000000000002,0.5,16.630555445997516,1156.4338132930343,1150.4338132930343,2.3329602427464726
0.25,0.5,17.576426027027537,1157.3796838740643,1151.3796838740643,2.3251970170602236
0.25625,0.5,18.451479796150124,1158.254737643187,1152.254737643187,2.317598750578915
0.2625,0.5,19.257233077701812,1159.0604909247386,1153.0604909247386,2.3101623594437903
0.26875,0.5,19.99521480758267,1159.7984726546194,1153.7984726546194,2.302884795865807
0.275,0.5,20.666964318756072,1160.4702221657928,1154.4702221657928,2.2957630486551017
0.28125,0.5,21.274029183267203,1161.077287030304,1155.077287030304,2.2887941437081323
0.2875,0.5,21.81796311379685,1161.6212209608336,1155.6212209608336,2.2819751444526846
0.29375,0.5,22.300323927485124,1162.103581774522,1156.103581774522,2.2753031522510305
0.3,0.5,22.722671574417745,1162.5259294214545,1156.5259294214545,2.2687753067616443
0.30625,0.5,23.086566232861742,1162.8898240798985,1156.8898240798985,2.2623887862599568
0.3125,0.5,23.393566473039982,1163.1968243200768,1157.1968243200768,2.256140807918762
0.31875,0.5,23.645227490926345,1163.4484853379631,1157.4484853379631,2.2500286280489203
0.325,0.5,23.84309941327001,1163.6463572603068,1157.6463572603068,2.244049542301132
0.33125,0.5,23.988725674763828,1163.7919835218006,1157.7919835218006,2.2382008858295923
0.3375,0.5,24.08364146802569,1163.8868993150625,1157.8868993150625,2.2324800334184385
0.34375,0.5,24.1293722668006,1163.9326301138374,1157.9326301138374,2.2268843995719045
0.35,0.5,24.127432422527363,1163.9306902695641,1157.9306902695641,2.2214114385692305
0.35625,0.5,24.079323834240085,1163.8825816812769,1157.8825816812769,2.216058644485329
0.3625,0.5,23.98653469148826,1163.789792538525,1157.789792538525,2.210823551178347
0.36875,0.5,23.850538289820634,1163.6537961368574,1157.6537961368574,2.2057037322451962
0.375,0.5,23.67279191814032,1163.476049765177,1157.476049765177,2.2006968009462624
0.38125,0.5,23.45473581709166,1163.2579936641284,1157.2579936641284,2.1958004101004236
0.38749999999999996,0.5,23.197792207474322,1163.001050054511,1157.001050054511,2.191012251951593
0.39375,0.5,22.903364387502506,1162.7066222345393,1156.7066222345393,2.186330058008013
0.4,0.5,22.572835897637788,1162.3760937446746,1156.3760937446746,2.1817515988554828
0.40625,0.5,22.207569751555184,1162.010827598592,1156.010827598592,2.177274683945774
0.4125,0.5,21.80890773171609,1161.6121655787529,1155.6121655787529,2.1728971613614445
0.41874999999999996,0.5,21.378169747927586,1161.1814275949644,1155.1814275949644,2.1686169175582743
0.425,0.5,20.916653257156895,1160.7199111041937,1154.7199111041937,2.164431877086518
0.43125,0.5,20.425632742809967,1160.2288905898467,1154.2288905898467,2.160340002292216
0.4375,0.5,19.90635925162951,1159.7096170986663,1153.7096170986663,2.156339292999709
0.44375,0.5,19.36005998628525,1159.163317833322,1153.163317833322,2.152427786176543
0.44999999999999996,0.5,18.78793795171282,1158.5911957987496,1152.5911957987496,2.14860355558193
0.45625,0.5,18.19117165320381,1157.9944295002406,1151.9944295002406,2.1448647113998733
0.46249999999999997,0.5,17.57091484423745,1157.3741726912742,1151.3741726912742,2.1412093998580746
0.46875,0.5,16.928296322021424,1156.7315541690582,1150.7315541690582,2.1376358028336995
0.475,0.5,16.26441976870001,1156.0676776157368,1150.0676776157368,2.134142137447065
0.48125,0.5,15.580363636185666,1155.3836214832224,1149.3836214832224,2.1307266556442515
0.4875,0.5,14.877181072587064,1154.6804389196238,1148.6804389196238,2.1273876437696555
0.49374999999999997,0.5,14.155899888191925,1153.9591577352287,1147.9591577352287,2.124123422129444
0.5,0.5,13.417522559018607,1153.2207804060554,1147.2207804060554,2.1209323445468238
0.50625,0.5,12.66302626593415,1152.466284112971,1146.466284112971,2.117812797910054
0.5125,0.5,11.893362967393841,1151.6966208144306,1145.6966208144306,2.1147632017140365
0.51875,0.5,11.10945950387827,1150.912717350915,1144.912717350915,2.111782007596354
0.5249999999999999,0.5,10.312217732133377,1150.1154755791702,1144.1154755791702,2.10886769886852
0.53125,0.5,9.502514687379517,1149.3057725344163,1143.3057725344163,2.1060187900432306
0.5375,0.5,8.681202771670996,1148.4844606187078,1142.4844606187078,2.1032338263583426
0.54375,0.5,7.849109966659853,1147.6523678136966,1141.6523678136966,2.1005113832982776
0.55,0.5,7.007040069049481,1146.8102979160863,1140.8102979160863,2.097850066113523
0.5562499999999999,0.5,6.155772947074183,1145.959030794111,1139.959030794111,2.0952485093388575
0.5625,0.5,5.296064816403714,1145.0993226634405,1139.0993226634405,2.0927053763109074
0.56875,0.5,4.42864853391643,1144.2319063809532,1138.2319063809532,2.090219358685603
0.575,0.5,3.5542339078283476,1143.3574917548651,1137.3574917548651,2.087789175956073
0.58125,0.5,2.673508022753822,1142.4767658697906,1136.4767658697906,2.0854135749714895
0.5874999999999999,0.5,1.7871355782856426,1141.5903934253224,1135.5903934253224,2.083091329457338
0.59375,0.5,0.8957592397712233,1140.699017086808,1134.699017086808,2.0808212395375634
0.6,0.5,0.0,1139.8032578470368,1133.8032578470368,2.0786021312590144
0.2,0.52,11.83237381427989,1151.6356316613167,1145.6356316613167,2.410270807355774
0.20625000000000002,0.52,13.377004020042705,1153.1802618670795,1147.1802618670795,2.400831158170316
0.21250000000000002,0.52,14.837394540631067,1154.6406523876678,1148.6406523876678,2.391589454695062
0.21875,0.52,16.214958740655675,1156.0182165876925,1150.0182165876925,2.382542140346187
0.225,0.52,17.5111410947668,1157.3143989418036,1151.3143989418036,2.373685694080901
0.23125,0.52,18.727414561057003,1158.5306724080938,1152.5306724080938,2.3650166311948193
0.23750000000000002,0.52,19.86527798201064,1159.6685358290474,1153.6685358290474,2.356531504077003
0.24375000000000002,0.52,20.926253518579642,1160.7295113656164,1154.7295113656164,2.34822690292195
0.25,0.52,21.911884122619767,1161.7151419696565,1155.7151419696565,2.3400994563980304
0.25625,0.52,22.823731052581024,1162.6269888996178,1156.6269888996178,2.3321458322719715
0.2625,0.52,23.66337143702367,1163.4666292840604,1157.4666292840604,2.324362737989148
0.26875,0.52,24.43239589018731,1164.235653737224,1158.235653737224,2.316746921209587
0.275,0.52,25.132406183471858,1164.9356640305086,1158.9356640305086,2.3092951702997055
0.28125,0.52,25.765012976381286,1165.568270823418,1159.568270823418,2.3020043147799205
0.2875,0.52,26.33183361011379,1166.1350914571506,1160.1350914571506,2.294871225728429
0.29375,0.52,26.834489966644014,1166.6377478136808,1160.6377478136808,2.287892816141522
0.3,0.52,27.27460639582273,1167.0778642428595,1161.0778642428595,2.281066041250929
0.30625,0.52,27.653807712677235,1167.457065559714,1161.457065559714,2.274387898798782
0.3125,0.52,27.97371726678125,1167.776975113818,1161.776975113818,2.267855429270883
0.31875,0.52,28.235955085255455,1168.0392129322922,1162.0392129322922,2.261465716089039
0.325,0.52,28.44213609065605,1168.2453939376928,1162.2453939376928,2.25521588576332
0.33125,0.52,28.59386839470517,1168.397126241742,1162.397126241742,2.249103108005132
0.3375,0.52,28.692751668569827,1168.4960095156066,1162.4960095156066,2.2431245958021315
0.34375,0.52,28.74037559009048,1168.5436334371273,1162.5436334371273,2.2372776054559824
0.35,0.52,28.73831836814088,1168.5415762151777,1162.5415762151777,2.231559436584063
0.35625,0.52,28.68814534403623,1168.491403191073,1162.491403191073,2.2259674320862697
0.3625,0.52,28.59140766969267,1168.3946655167294,1162.3946655167294,2.2204989780780795
0.36875,0.52,28.44964106202724,1168.252898909064,1162.252898909064,2.2151515037910916
0.375,0.52,28.264364632883144,1168.06762247992,1162.06762247992,2.209922481442276
0.38125,0.52,28.03707979358137,1167.8403376406181,1161.8403376406181,2.204809426073194
0.38749999999999996,0.52,27.769269233038813,1167.5725270800756,1161.5725270800756,2.1998098953604606
0.39375,0.52,27.4623959682217,1167.2656538152585,1161.2656538152585,2.1949214893987374
0.4,0.52,27.117902465572797,1166.9211603126096,1160.9211603126096,2.1901418504575423
0.40625,0.52,26.737209831905147,1166.540467678942,1160.540467678942,2.1854686627131694
0.4125,0.52,26.321717073165246,1166.124974920202,1160.124974920202,2.1808996519570174
0.41874999999999996,0.52,25.872800419336727,1165.6760582663735,1159.6760582663735,2.1764325852815993
0.425,0.52,25.391812713677155,1165.195070560714,1159.195070560714,2.1720652707455073
0.43125,0.52,24.88008286441459,1164.6833407114514,1158.6833407114514,2.1677955570186036
0.4375,0.52,24.33891535692851,1164.1421732039653,1158.1421732039653,2.1636213330086718
0.44375,0.52,23.769589824427385,1163.5728476714642,1157.5728476714642,2.1595405274707438
0.44999999999999996,0.52,23.173360675049025,1162.9766185220858,1156.9766185220858,2.155551108600323
0.45625,0.52,22.5514567733037,1162.3547146203405,1156.3547146203405,2.151651083611666
0.46249999999999997,0.52,21.90508117373406,1161.7083390207708,1155.7083390207708,2.1478384983022694
0.46875,0.52,21.23541090466051,1161.0386687516973,1155.0386687516973,2.1441114366047036
0.475,0.52,20.54359679986578,1160.3468546469026,1154.3468546469026,2.140468020126855
0.48125,0.52,19.830763376071445,1159.6340212231082,1153.6340212231082,2.136906407681665
0.4875,0.52,19.09800875407177,1158.9012666011085,1152.9012666011085,2.1334247948073766
0.49374999999999997,0.52,18.346404621385545,1158.1496624684223,1152.1496624684223,2.130021413279284
0.5,0.52,17.57699623433632,1157.380254081373,1151.380254081373,2.1266945306139515
0.50625,0.52,16.790802457455356,1156.5940603044921,1150.5940603044921,2.123442449566823
0.5125,0.52,15.988815838168648,1155.7920736852054,1149.7920736852054,2.1202635076241103
0.51875,0.52,15.172002714740984,1154.9752605617778,1148.9752605617778,2.1171560764898087
0.5249999999999999,0.52,14.341303355498894,1154.1445612025357,1148.1445612025357,2.114118561568678
0.53125,0.52,13.497632127390034,1153.3008899744268,1147.3008899744268,2.111149401445945
0.5375,0.52,12.64187769197838,1152.4451355390152,1146.4451355390152,2.1082470673644997
0.54375,0.52,11.774903227051482,1151.5781610740883,1145.5781610740883,2.105410062700273
0.55,0.52,10.897546672011913,1150.7008045190487,1144.7008045190487,2.102636922436501
0.5562499999999999,0.52,10.010620995339423,1149.8138788423762,1143.8138788423762,2.0999262126374876
0.5625,0.52,9.114914482418726,1148.9181723294555,1142.9181723294555,2.0972765299225
0.56875,0.52,8.211191042106293,1148.014448889143,1142.014448889143,2.0946865009403637
0.575,0.52,7.300190530457485,1147.1034483774943,1141.1034483774943,2.0921547818452932
0.58125,0.52,6.382629090101318,1146.185886937138,1140.185886937138,2.089680057774476
0.5874999999999999,0.52,5.459199503800619,1145.2624573508374,1139.2624573508374,2.0872610423278988
0.59375,0.52,4.530571560787166,1144.333829407824,1138.333829407824,2.084896477050848
0.6,0.52,3.5973924345494197,1143.4006502815862,1137.4006502815862,2.0825851309195156
0.2,0.54,15.769019216663764,1155.5722770637005,1149.5722770637005,2.428484992655001
0.20625000000000002,0.54,17.375990862525214,1157.179248709562,1151.179248709562,2.4186067747652698
0.21250000000000002,0.54,18.895355671168318,1158.698613518205,1152.698613518205,2.408937206812702
0.21875,0.54,20.328578075000905,1160.1318359220377,1154.1318359220377,2.3994724835051144
0.225,0.54,21.67715539632968,1161.4804132433665,1155.4804132433665,2.390208839777376
0.23125,0.54,22.9426150894526,1162.7458729364894,1156.7458729364894,2.3811425515579523
0.23750000000000002,0.54,24.126512011770046,1163.9297698588068,1157.9297698588068,2.3722699364907736
0.24375000000000002,0.54,25.230425729757826,1165.0336835767946,1159.0336835767946,2.3635873546118398
0.25,0.54,26.255957865281744,1166.0592157123185,1160.0592157123185,2.355091208980091
0.25625,0.54,27.204729487406894,1167.0079873344437,1161.0079873344437,2.3467779462622587
0.2625,0.54,28.07837855448497,1167.8816364015217,1161.8816364015217,2.338644057271534
0.26875,0.54,28.878557410949043,1168.6818152579858,1162.6818152579858,2.330686077460041
0.275,0.54,29.60693034286578,1169.4101881899026,1163.4101881899026,2.3229005873652393
0.28125,0.54,30.26517119597429,1170.068429043011,1164.068429043011,2.3152842130104823
0.2875,0.54,30.854961059510515,1170.6582189065473,1164.6582189065473,2.3078336262601344
0.29375,0.54,31.377986018855154,1171.181243865892,1165.181243865892,2.3005455451296886
0.3,0.54,31.835934979586,1171.6391928266228,1165.6391928266228,2.2934167340515037
0.30625,0.54,32.230497565262795,1172.0337554122996,1166.0337554122996,2.2864440040968326
0.3125,0.54,32.56336209088204,1172.3666199379188,1166.3666199379188,2.2796242131549276
0.31875,0.54,32.836213613626114,1172.639471460663,1166.639471460663,2.2729542660700908
0.325,0.54,33.050732062228235,1172.853989909265,1166.853989909265,2.2664311147376117
0.33125,0.54,33.208590445950904,1173.0118482929877,1167.0118482929877,2.2600517581596002
0.3375,0.54,33.311453143893004,1173.1147109909298,1167.1147109909298,2.2538132424618067
0.34375,0.54,33.36097427506547,1173.1642321221022,1167.1642321221022,2.2477126608725566
0.35,0.54,33.35879614939108,1173.1620539964279,1167.1620539964279,2.2417471536649822
0.35625,0.54,33.306547799560576,1173.1098056465974,1167.1098056465974,2.235913908063785
0.3625,0.54,33.20584359341092,1173.0091014404477,1167.0091014404477,2.230210158117793
0.36875,0.54,33.058281926285645,1172.8615397733224,1166.8615397733224,2.2246331845396026
0.375,0.54,32.865443992629025,1172.6687018396658,1166.6687018396658,2.2191803145136304
0.38125,0.54,32.628892635858165,1172.432150482895,1166.432150482895,2.2138489214739208
0.38749999999999996,0.54,32.350171275395724,1172.1534291224325,1166.1534291224325,2.2086364248530357
0.39375,0.54,32.03080290957496,1171.8340607566117,1165.8340607566117,2.203540289803421
0.4,0.54,31.672289192966446,1171.4755470400032,1165.4755470400032,2.1985580268925844
0.40625,0.54,31.276109586574194,1171.079367433611,1165.079367433611,2.193687191773458
0.4125,0.54,30.843720579177443,1170.6469784262142,1164.6469784262142,2.18892538483131
0.41874999999999996,0.54,30.37655497803894,1170.1798128250757,1164.1798128250757,2.1842702508085314
0.425,0.54,29.876021267061105,1169.6792791140979,1163.6792791140979,2.179719478408655
0.43125,0.54,29.343503030428337,1169.146760877465,1163.146760877465,2.1752707998808973
0.4375,0.54,28.780358439657448,1168.5836162866942,1162.5836162866942,2.1709219905865504
0.44375,0.54,28.187919801972157,1167.991177649009,1161.991177649009,2.166670868548463
0.44999999999999996,0.54,27.567493167821567,1167.3707510148583,1161.3707510148583,2.162515293984893
0.45625,0.54,26.920357995361883,1166.7236158423987,1160.7236158423987,2.1584531688289257
0.46249999999999997,0.54,26.247766869663337,1166.0510247167,1160.0510247167,2.154482436234664
0.46875,0.54,25.5509452744177,1165.3542031214545,1159.3542031214545,2.15060108007135
0.475,0.54,24.831091413883996,1164.6343492609208,1158.6343492609208,2.146807124406536
0.48125,0.54,24.089376082816898,1163.8926339298537,1157.8926339298537,2.143098632979407
0.4875,0.54,23.326942582150878,1163.1302004291877,1157.1302004291877,2.139473708665315
0.49374999999999997,0.54,22.544906678188454,1162.3481645252252,1156.3481645252252,2.1359304929325322
0.5,0.54,21.744356603089955,1161.5476144501267,1155.5476144501267,2.1324671652922182
0.50625,0.54,20.926353094487013,1160.7296109415238,1154.7296109415238,2.12908194274256
0.5125,0.54,20.091929472041556,1159.8951873190783,1153.8951873190783,2.1257730792079617
0.51875,0.54,19.242091748858456,1159.0453495958952,1153.0453495958952,2.1225388649741994
0.5249999999999999,0.54,18.37781877565908,1158.1810766226959,1152.1810766226959,2.1193776261203348
0.53125,0.54,17.50006241568326,1157.30332026272,1151.30332026272,2.1162877239482105
0.5375,0.54,16.60974774833494,1156.4130055953717,1150.4130055953717,2.1132675544102755
0.54375,0.54,15.707773299642668,1155.5110311466794,1149.5110311466794,2.1103155475364646
0.55,0.54,14.795011297639803,1154.5982691446766,1148.5982691446766,2.107430166860819
0.5562499999999999,0.54,13.872307950847016,1153.6755657978838,1147.6755657978838,2.104609908848492
0.5625,0.54,12.94048374809222,1152.743741595129,1146.743741595129,2.1018533023237533
0.56875,0.54,12.000333777939659,1151.8035916249764,1145.8035916249764,2.0991589078995885
0.575,0.54,11.052628066099942,1150.8558859131367,1144.8558859131367,2.0965253174094003
0.58125,0.54,10.098111929208244,1149.901369776245,1143.901369776245,2.093951153341367
0.5874999999999999,0.54,9.137506343461837,1148.9407641904986,1142.9407641904986,2.0914350682759055
0.59375,0.54,8.171508326629692,1147.9747661736665,1141.9747661736665,2.0889757443266985
0.6,0.54,7.200791332044673,1147.0040491790814,1141.0040491790814,2.0865718925857037
0.2,0.56,19.712853360496183,1159.516111207533,1153.516111207533,2.4468314846070185
0.20625000000000002,0.56,21.382374898852504,1161.1856327458893,1155.1856327458893,2.4365085254452965
0.21250000000000002,0.56,22.960913222414547,1162.7641710694513,1156.7641710694513,2.426405186045399
0.21875,0.56,24.449983617857242,1164.253241464894,1158.253241464894,2.416517402050158
0.225,0.56,25.851136082672838,1165.6543939297096,1159.6543939297096,2.406841154362267
0.23125,0.56,27.165952433648954,1166.9692102806857,1160.9692102806857,2.3973724698715073
0.23750000000000002,0.56,28.39604344587474,1168.1993012929115,1162.1993012929115,2.3881074221350187
0.24375000000000002,0.56,29.543046028395338,1169.346303875432,1163.346303875432,2.379042132010112
0.25,0.56,30.60862044225769,1170.4118782892945,1164.4118782892945,2.3701727682392515
0.25625,0.56,31.594447566350254,1171.397705413387,1165.397705413387,2.361495547986989
0.2625,0.56,32.50222621602552,1172.3054840630623,1166.3054840630623,2.3530067373288173
0.26875,0.56,33.33367051915161,1173.1369283661884,1167.1369283661884,2.3447026516919944
0.275,0.56,34.090507353844714,1173.8937652008815,1167.8937652008815,2.3365796562485723
0.28125,0.56,34.77447385174287,1174.5777316987796,1168.5777316987796,2.328634166260989
0.2875,0.56,35.387314970324496,1175.1905728173613,1169.1905728173613,2.3208626473806624
0.29375,0.56,35.93078113738625,1175.734038984423,1169.734038984423,2.31326161590021
0.3,0.56,36.406625970430014,1176.2098838174668,1170.2098838174668,2.3058276389599524
0.30625,0.56,36.81660407335448,1176.6198619203913,1170.6198619203913,2.298557334709523
0.3125,0.56,37.16246891248602,1176.9657267595228,1170.9657267595228,2.2914473724254334
0.31875,0.56,37.44597077364119,1177.249228620678,1171.249228620678,2.284494472585602
0.325,0.56,37.66885480159749,1177.4721126486343,1171.4721126486343,2.277695406901857
0.33125,0.56,37.832859122999025,1177.6361169700358,1171.6361169700358,2.271046998311554
0.3375,0.56,37.939713053459855,1177.7429709004966,1171.7429709004966,2.2645461209294653
0.34375,0.56,37.99113538929055,1177.7943932363273,1171.7943932363273,2.2581896999611937
0.35,0.56,37.98883278402673,1177.7920906310635,1171.7920906310635,2.251974711579364
0.35625,0.56,37.93449820966498,1177.7377560567018,1171.7377560567018,2.245898182763942
0.3625,0.56,37.82980950225897,1177.6330673492957,1171.6330673492957,2.239957191108011
0.36875,0.56,37.67642799129749,1177.4796858383343,1171.4796858383343,2.2341488645903986
0.375,0.56,37.47599721207507,1177.2792550591118,1171.2792550591118,2.228470381316563
0.38125,0.56,37.23014170005172,1177.0333995470885,1171.0333995470885,2.222918969229136
0.38749999999999996,0.56,36.94046586601962,1176.7437237130564,1170.7437237130564,2.2174919057895948
0.39375,0.56,36.60855295072588,1176.4118107977627,1170.4118107977627,2.2121865176324422
0.4,0.56,36.23596405743069,1176.0392219044675,1170.0392219044675,2.2070001801933774
0.40625,0.56,35.82423726075217,1175.627495107789,1169.627495107789,2.2019303173128635
0.4125,0.56,35.374886790022856,1175.1781446370596,1169.1781446370596,2.196974400816519
0.41874999999999996,0.56,34.88940228524666,1174.6926601322834,1168.6926601322834,2.1921299500737432
0.425,0.56,34.369248123688294,1174.172505970725,1168.172505970725,2.187394531535958
0.43125,0.56,33.815862814992215,1173.619120662029,1167.619120662029,2.182765758255857
0.4375,0.56,33.230658462699466,1173.0339163097362,1167.0339163097362,2.1782412893889904
0.44375,0.56,32.61502028992595,1172.4182781369627,1166.4182781369627,2.1738188296790146
0.44999999999999996,0.56,31.97030622697116,1171.773564074008,1165.773564074008,2.169496128927911
0.45625,0.56,31.29784655851813,1171.101104405555,1165.101104405555,2.165270981452423
0.46249999999999997,0.56,30.598943628124744,1170.4022014751615,1164.4022014751615,2.1611412255279467
0.46875,0.56,29.874871597641913,1169.6781294446787,1163.6781294446787,2.1571047428210814
0.475,0.56,29.12687625920603,1168.9301341062428,1162.9301341062428,2.1531594578119826
0.48125,0.56,28.356174897446408,1168.1594327444832,1162.1594327444832,2.1493033372076535
0.4875,0.56,27.56395619954901,1167.3672140465858,1161.3672140465858,2.145534389347265
0.49374999999999997,0.56,26.75138021085195,1166.5546380578887,1160.5546380578887,2.141850663600537
0.5,0.56,25.919578333648815,1165.7228361806856,1159.7228361806856,2.1382502497601945
0.50625,0.56,25.069653366904504,1164.8729112139413,1158.8729112139413,2.134731277429472
0.5125,0.56,24.20267958464092,1164.0059374316777,1158.0059374316777,2.1312919154055896
0.51875,0.56,23.3197028507675,1163.1229606978043,1157.1229606978043,2.1279303710600757
0.5249999999999999,0.56,22.42174076817355,1162.2249986152103,1156.2249986152103,2.124644889716814
0.53125,0.56,21.50978285997303,1161.3130407070098,1155.3130407070098,2.121433754028587
0.5375,0.56,20.584790780804042,1160.3880486278408,1154.3880486278408,2.1182952833529076
0.54375,0.56,19.647698556162595,1159.4509564031994,1153.4509564031994,2.115227833127862
0.55,0.56,18.699412847808617,1158.5026706948454,1152.5026706948454,2.1122297942486483
0.5562499999999999,0.56,17.740813243324965,1157.5440710903617,1151.5440710903617,2.1092995924454723
0.5625,0.56,16.772752567976795,1156.5760104150136,1150.5760104150136,2.106435687663406
0.56875,0.56,15.796057217089583,1155.5993150641264,1149.5993150641264,2.1036365734448017
0.575,0.56,14.811527507207984,1154.6147853542448,1148.6147853542448,2.1009007763147878
0.58125,0.56,13.819938044380706,1153.6231958914175,1147.6231958914175,2.0982268551703678
0.5874999999999999,0.56,12.822038107966819,1152.6252959550036,1146.6252959550036,2.0956134006735976
0.59375,0.56,11.818552048423498,1151.6218098954603,1145.6218098954603,2.0930590346492752
0.6,0.56,10.810179697616832,1150.6134375446536,1144.6134375446536,2.090562409487562
0.2,0.58,23.663856365776837,1163.4671142128136,1157.4671142128136,2.4653112025869413
0.20625000000000002,0.58,25.396135269054184,1165.199393116091,1159.199393116091,2.4545372632513
0.21250000000000002,0.58,27.03404537593974,1166.8373032229765,1160.8373032229765,2.4439941834005525
0.21875,0.58,28.57915261728681,1168.3824104643236,1162.3824104643236,2.4336776290048516
0.225,0.58,30.033059496510305,1169.836317343547,1163.836317343547,2.423583316686695
0.23125,0.58,31.39740206212491,1171.2006599091617,1165.2006599091617,2.4137070143997943
0.23750000000000002,0.58,32.673846912374984,1172.4771047594118,1166.4771047594118,2.4040445420588
0.24375000000000002,0.58,33.86408823836064,1173.6673460853974,1167.6673460853974,2.394591772119404
0.25,0.58,34.96984491166381,1174.7731027587006,1168.7731027587006,2.3853446301086008
0.25625,0.58,35.99285762211434,1175.7961154691511,1169.7961154691511,2.3762990951049705
0.2625,0.58,36.934886070929,1176.7381439179658,1170.7381439179658,2.3674512001690244
0.26875,0.58,37.79770622405999,1177.6009640710968,1171.6009640710968,2.3587970327238263
0.275,0.58,38.58310763019881,1178.3863654772356,1172.3863654772356,2.350332734886185
0.28125,0.58,39.292890807467984,1179.0961486545048,1173.0961486545048,2.342054503748902
0.2875,0.58,39.9288647024548,1179.7321225494916,1173.7321225494916,2.3339585916146284
0.29375,0.58,40.49284422483993,1180.2961020718767,1174.2961020718767,2.326041306182053
0.3,0.58,40.98664786048084,1180.7899057075176,1174.7899057075176,2.318299010685189
0.30625,0.58,41.41209536544852,1181.2153532124853,1175.2153532124853,2.310728123986701
0.3125,0.58,41.77100554314529,1181.574263390182,1175.574263390182,2.30332512062622
0.31875,0.58,42.065194106253784,1181.8684519532906,1175.8684519532906,2.296086530824766
0.325,0.58,42.29647162494325,1182.09972947198,1176.09972947198,2.2890089404463834
0.33125,0.58,42.466641562419454,1182.2698994094562,1176.2698994094562,2.2820889909182567
0.3375,0.58,42.577498398575244,1182.380756245612,1176.380756245612,2.275323379110538
0.34375,0.58,42.630825842208196,1182.434083689245,1176.434083689245,2.2687088571772462
0.35,0.58,42.62839513196468,1182.4316529790015,1176.4316529790015,2.2622422323596045
0.35625,0.58,42.57196342590464,1182.3752212729414,1176.3752212729414,2.255920366753235
0.3625,0.58,42.463272279328066,1182.2665301263648,1176.2665301263648,2.2497401770406342
0.36875,0.58,42.30404621023558,1182.1073040572724,1176.1073040572724,2.2436986341904377
0.375,0.58,42.095991351598286,1181.899249198635,1175.899249198635,2.2377927631249253
0.38125,0.58,41.84079418938245,1181.6440520364192,1175.6440520364192,2.232019642357282
0.38749999999999996,0.58,41.54012038507699,1181.3433782321138,1175.3433782321138,2.2263764036001303
0.39375,0.58,41.19561368131713,1180.998871528354,1174.998871528354,2.220860231346831
0.4,0.58,40.80889488899629,1180.612152736033,1174.612152736033,2.2154683624270572
0.40625,0.58,40.38156095415002,1180.1848188011868,1174.1848188011868,2.2101980855381482
0.4125,0.58,39.91518410273284,1179.7184419497696,1173.7184419497696,2.2050467407537284
0.41874999999999996,0.58,39.41131106130774,1179.2145689083445,1173.2145689083445,2.200011719011045
0.425,0.58,38.87146235156206,1178.6747201985988,1172.6747201985988,2.19509046157849
0.43125,0.58,38.297131656470356,1178.1003895035071,1172.1003895035071,2.190280459504727
0.4375,0.58,37.68978525584748,1177.4930431028843,1171.4930431028843,2.185579253050814
0.44375,0.58,37.050861528981386,1176.8541193760182,1170.8541193760182,2.1809844311066957
0.44999999999999996,0.58,36.38177052197011,1176.185028369007,1170.185028369007,2.176493630593412
0.45625,0.58,35.683893577357594,1175.4871514243944,1169.4871514243944,2.1721045358523066
0.46249999999999997,0.58,34.958583023625124,1174.761840870662,1168.761840870662,2.167814878022524
0.46875,0.58,34.20716192209056,1174.0104197691273,1168.0104197691273,2.1636224344080066
0.475,0.58,33.43092386873241,1173.2341817157692,1167.2341817157692,2.1595250278352016
0.48125,0.58,32.631132848491006,1172.4343906955278,1166.4343906955278,2.155520526002616
0.4875,0.58,31.809023139569717,1171.6122809866065,1165.6122809866065,2.1516068408233227
0.49374999999999997,0.58,30.965799265296027,1170.7690571123328,1164.7690571123328,2.147781927761523
0.5,0.58,30.102635991127727,1169.9058938381645,1163.9058938381645,2.1440437851641447
0.50625,0.58,29.220678364405558,1169.0239362114423,1163.0239362114423,2.1403904535884926
0.5125,0.58,28.321041794482426,1168.1242996415192,1162.1242996415192,2.1368200151268835
0.51875,0.58,27.404812170933155,1167.20807001797,1161.20807001797,2.1333305927291693
0.5249999999999999,0.58,26.47304601755127,1166.276303864588,1160.276303864588,2.129920349523997
0.53125,0.58,25.526770679912488,1165.3300285269493,1159.3300285269493,2.1265874881396303
0.5375,0.58,24.566984544340357,1164.3702423913771,1158.3702423913771,2.1233302500251026
0.54375,0.58,23.59465728614032,1163.397915133177,1157.397915133177,2.1201469147724334
0.55,0.58,22.610730145065418,1162.4139879921022,1156.4139879921022,2.117035799440606
0.5562499999999999,0.58,21.616116225991163,1161.419374073028,1155.419374073028,2.1139952578819527
0.5625,0.58,20.611700822888224,1160.414958669925,1154.414958669925,2.1110236800715674
0.56875,0.58,19.598341764206907,1159.4015996112437,1153.4015996112437,2.1081194914403176
0.575,0.58,18.576869777875118,1158.380127624912,1152.380127624912,2.105281152212005
0.58125,0.58,17.548088874170617,1157.3513467212074,1151.3513467212074,2.1025071567451596
0.5874999999999999,0.58,16.512776744798884,1156.3160345918357,1150.3160345918357,2.09979603287996
0.59375,0.58,15.471685176559276,1155.274943023596,1149.274943023596,2.097146341290695
0.6,0.58,14.425540478086532,1154.2287983251233,1148.2287983251233,2.094556674844184
0.2,0.6,27.622008262174404,1167.4252661092112,1161.4252661092112,2.4839250720740993
0.20625000000000002,0.6,29.41725101754082,1169.2205088645776,1163.2205088645776,2.472693846714847
0.21250000000000002,0.6,31.11473021250754,1170.9179880595443,1164.9179880595443,2.4617049948178233
0.21875,0.6,32.71606221548427,1172.519320062521,1166.519320062521,2.450953901817308
0.225,0.6,34.22290186977443,1174.0261597168112,1168.0261597168112,2.4404360095652486
0.23125,0.6,35.636939327833716,1175.4401971748705,1169.4401971748705,2.4301468169522304
0.23750000000000002,0.6,36.95989691925115,1176.763154766288,1170.763154766288,2.420081880477107
0.24375000000000002,0.6,38.19352605912309,1177.9967839061599,1171.9967839061599,2.410236814764997
0.25,0.6,39.339604203107456,1179.1428620501442,1173.1428620501442,2.4006072930334583
0.25625,0.6,40.39993185502681,1180.2031897020636,1174.2031897020636,2.3911890475068556
0.2625,0.6,41.376329632498255,1181.179587479535,1175.179587479535,2.3819778697790825
0.26875,0.6,42.270635395615045,1182.0738932426518,1176.0738932426518,2.372969611124916
0.275,0.6,43.08470144333137,1182.8879592903681,1176.8879592903681,2.3641601827604726
0.28125,0.6,43.82039178175319,1183.62364962879,1177.62364962879,2.355545556053315
0.2875,0.6,44.47957946812926,1184.282837315166,1178.282837315166,2.347121762682914
0.29375,0.6,45.064144033941375,1184.8674018809782,1178.8674018809782,2.338884894752277
0.3,0.6,45.57596899006603,1185.3792268371028,1179.3792268371028,2.3308311048516543
0.30625,0.6,46.01693941661665,1185.8201972636534,1179.8201972636534,2.322956606075335
0.3125,0.6,46.388939639653245,1186.19219748669,1180.19219748669,2.3152576719926468
0.31875,0.6,46.693850996605306,1186.497108843642,1180.497108843642,2.3077306365743335
0.325,0.6,46.93354969187021,1186.736807538907,1180.736807538907,2.300371894075582
0.33125,0.6,47.10990474371397,1186.9131625907507,1180.9131625907507,2.293177898877009
0.3375,0.6,47.22477602325512,1187.028033870292,1181.028033870292,2.2861451652849922
0.34375,0.6,47.28001238601155,1187.0832702330483,1181.0832702330483,2.279270267292795
0.35,0.6,47.277449896163034,1187.0807077431998,1181.0807077431998,2.2725498383039286
0.35625,0.6,47.218910143412586,1187.0221679904494,1181.0221679904494,2.2659805708192806
0.3625,0.6,47.10619865205672,1186.9094564990935,1180.9094564990935,2.2595592160895412
0.36875,0.6,46.9411033816134,1186.7443612286502,1180.7443612286502,2.2532825837344803
0.375,0.6,46.72539331812368,1186.5286511651605,1180.5286511651605,2.247147541330655
0.38125,0.6,46.46081715502373,1186.2640750020605,1180.2640750020605,2.241151013969119
0.38749999999999996,0.6,46.14910206228251,1185.9523599093193,1179.9523599093193,2.235289983784731
0.39375,0.6,45.79195254230535,1185.5952103893421,1179.5952103893421,2.229561489458629
0.4,0.6,45.39104937094908,1185.1943072179859,1179.1943072179859,2.223962625695465
0.40625,0.6,44.948048621821044,1184.7513064688578,1178.7513064688578,2.2184905426769412
0.4125,0.6,44.46458077191505,1184.2678386189518,1178.2678386189518,2.213142445493217
0.41874999999999996,0.6,43.94224988650194,1183.7455077335387,1177.7455077335387,2.2079155935536936
0.425,0.6,43.382632881097834,1183.1858907281346,1177.1858907281346,2.2028072999786996
0.43125,0.6,42.787278858214904,1182.5905367052517,1176.5905367052517,2.197814930973531
0.4375,0.6,42.15770851656225,1181.960966363599,1175.960966363599,2.1929359051863133
0.44375,0.6,41.495413630253324,1181.29867147729,1175.29867147729,2.188167693051087
0.44999999999999996,0.6,40.80185659554377,1180.6051144425805,1174.6051144425805,2.1835078161174923
0.45625,0.6,40.078470042606114,1179.881727889643,1173.881727889643,2.1789538463684046
0.46249999999999997,0.6,39.32665650975582,1179.1299143567926,1173.1299143567926,2.1745034055268078
0.46875,0.6,38.54778817758984,1178.3510460246266,1172.3510460246266,2.170154164353183
0.475,0.6,37.743206660445594,1177.5464645074824,1171.5464645074824,2.1659038419346217
0.48125,0.6,36.91422285260978,1176.7174806996466,1170.7174806996466,2.1617502049668285
0.4875,0.6,36.06211682670414,1175.865374673741,1169.865374673741,2.157691067030178
0.49374999999999997,0.6,35.18813778168578,1174.9913956287226,1168.9913956287226,2.153724287860879
0.5,0.6,34.293504037958655,1174.0967618849954,1168.0967618849954,2.149847772618316
0.50625,0.6,33.37940307706094,1173.1826609240977,1167.1826609240977,2.1460594711495387
0.5125,0.6,32.44699162349457,1172.2502494705313,1166.2502494705313,2.1423573772518933
0.51875,0.6,31.497395766263253,1171.3006536133,1165.3006536133,2.1387395279346566
0.5249999999999999,0.6,30.531711117741224,1170.334968964778,1164.334968964778,2.1352040026805827
0.53125,0.6,29.55100300756044,1169.3542608545972,1163.3542608545972,2.131748922708147
0.5375,0.6,28.55630670923938,1168.3595645562762,1162.3595645562762,2.1283724502352834
0.54375,0.6,27.548627697345182,1167.351885544382,1161.351885544382,2.125072787745348
0.55,0.6,26.5289419330461,1166.3321997800829,1160.3321997800829,2.121848177255992
0.5562499999999999,0.6,25.498196175958583,1165.3014540229954,1159.3014540229954,2.118696899591607
0.5625,0.6,24.457308320288348,1164.2605661673251,1158.2605661673251,2.115617273659935
0.56875,0.6,23.407167753291333,1163.210425600328,1157.210425600328,2.1126076557334437
0.575,0.6,22.348635734187837,1162.1518935812246,1156.1518935812246,2.1096664387359603
0.58125,0.6,21.282545791711982,1161.0858036387488,1155.0858036387488,2.106792051535097
0.5874999999999999,0.6,20.20970413855207,1160.0129619855888,1154.0129619855888,2.1039829582409117
0.59375,0.6,19.130890101006116,1158.934147948043,1152.934147948043,2.101237657511214
0.6,0.6,18.046856562254106,1157.8501144092909,1151.8501144092909,2.0985546818639467
0.2,0.62,31.58728898940808,1171.3905468364449,1165.3905468364449,2.5026740246910375
0.20625000000000002,0.62,33.44570109351571,1173.2489589405525,1167.2489589405525,2.490979139892082
0.21250000000000002,0.62,35.20294571251111,1175.0062035595479,1169.0062035595479,2.4795384211985936
0.21875,0.62,36.86068944924159,1176.6639472962784,1170.6639472962784,2.468346962385736
0.225,0.62,38.42063932411497,1178.2238971711517,1172.2238971711517,2.457399919798052
0.23125,0.62,39.884539468741195,1179.687797315778,1173.687797315778,2.4466925129023616
0.23750000000000002,0.62,41.25416785497828,1181.057425702015,1175.057425702015,2.4362200247872376
0.24375000000000002,0.62,42.531333066338675,1182.3345909133755,1176.3345909133755,2.425977802608895
0.25,0.62,43.71787111830599,1183.5211289653428,1177.5211289653428,2.415961257983415
0.25625,0.62,44.815642333694086,1184.6189001807309,1178.6189001807309,2.406165867325437
0.2625,0.62,45.82652827873244,1185.6297861257692,1179.6297861257692,2.396587172133592
0.26875,0.62,46.752428765135846,1186.5556866121726,1180.5556866121726,2.3872207792230995
0.275,0.62,47.59525892298211,1187.398516770019,1181.398516770019,2.378062360906086
0.28125,0.62,48.35694634878041,1188.1602041958172,1182.1602041958172,2.369107655120322
0.2875,0.62,49.039428332675016,1188.8426861797118,1182.8426861797118,2.360352465507198
0.29375,0.62,49.64464916832321,1189.44790701536,1183.44790701536,2.3517926614398563
0.3,0.62,50.17455754852699,1189.9778153955638,1183.9778153955638,2.343424178002531
0.30625,0.62,50.63110404933582,1190.4343618963726,1184.4343618963726,2.3352430159222117
0.3125,0.62,51.016238704884245,1190.819496551921,1184.819496551921,2.327245241453866
0.31875,0.62,51.33190867488133,1191.135166521918,1185.135166521918,2.319426986220511
0.325,0.62,51.58005600626734,1191.3833138533041,1185.3833138533041,2.311784447009501
0.33125,0.62,51.76261549018409,1191.5658733372209,1185.5658733372209,2.304313885526481
0.3375,0.62,51.88151261509847,1191.6847704621352,1185.6847704621352,2.2970116281084656
0.34375,0.62,51.93866161651977,1191.7419194635565,1185.7419194635565,2.2898740653976057
0.35,0.62,51.935963623503994,1191.7392214705408,1185.7392214705408,2.282897651977191
0.35625,0.62,51.875304901780964,1191.6785627488177,1185.6785627488177,2.276078905971512
0.3625,0.62,51.75855519311199,1191.5618130401488,1185.5618130401488,2.2694144086111865
0.36875,0.62,51.58756615016296,1191.3908239971997,1185.3908239971997,2.2629008037656204
0.375,0.62,51.364169865991926,1191.1674277130287,1185.1674277130287,2.256534797444239
0.38125,0.62,51.09017749696636,1190.8934353440031,1184.8934353440031,2.250313157268161
0.38749999999999996,0.62,50.767377977753085,1190.5706358247899,1184.5706358247899,2.2442327119139693
0.39375,0.62,50.39753682681567,1190.2007946738524,1184.2007946738524,2.238290350531246
0.4,0.62,49.98239504066714,1189.785652887704,1183.785652887704,2.2324830221354857
0.40625,0.62,49.52366807498947,1189.3269259220262,1183.3269259220262,2.226807734978056
0.4125,0.62,49.02304491056111,1188.826302757598,1182.826302757598,2.2212615558947726
0.41874999999999996,0.62,48.482187201841725,1188.2854450488785,1182.2854450488785,2.2158416096347
0.425,0.62,47.902728505898494,1187.7059863529353,1181.7059863529353,2.210545078170716
0.43125,0.62,47.28627358933704,1187.0895314363738,1181.0895314363738,2.205369199993373
0.4375,0.62,46.63439781072134,1186.4376556577581,1180.4376556577581,2.200311269389553
0.44375,0.62,45.94864657601238,1185.7519044230492,1179.7519044230492,2.195368635707348
0.44999999999999996,0.62,45.2305348643863,1185.033792711423,1179.033792711423,2.1905387026086083
0.45625,0.62,44.48154682183417,1184.284804668871,1178.284804668871,2.185818927310515
0.46249999999999997,0.62,43.70313541987548,1183.5063932669123,1177.5063932669123,2.181206819817518
0.46875,0.62,42.896722176700905,1182.6999800237377,1176.6999800237377,2.176699942144925
0.475,0.62,42.06369693806255,1181.8669547850993,1175.8669547850993,2.1722959075353803
0.48125,0.62,41.20541771521471,1181.0086755622515,1175.0086755622515,2.1679923796694434
0.4875,0.62,40.32321057723061,1180.1264684242674,1174.1264684242674,2.1637870718714027
0.49374999999999997,0.62,39.4183695950253,1179.221627442062,1173.221627442062,2.159677746311443
0.5,0.62,38.49215683445095,1178.2954146814877,1172.2954146814877,2.1556622132052135
0.50625,0.62,37.54580239585994,1177.3490602428967,1171.3490602428967,2.1517383300118036
0.5125,0.62,36.58050449755228,1176.383762344589,1170.383762344589,2.147904000631101
0.51875,0.62,35.59742960061294,1175.4006874476497,1169.4006874476497,2.144157174601429
0.5249999999999999,0.62,34.597712572622186,1174.400970419659,1168.400970419659,2.1404958462983528
0.53125,0.62,33.582456887857916,1173.3857147348947,1167.3857147348947,2.136918054135447
0.5375,0.62,32.5527348615949,1172.3559927086317,1166.3559927086317,2.1334218797678375
0.54375,0.62,31.50958791621565,1171.3128457632524,1165.3128457632524,2.130005447299214
0.55,0.62,30.454026876889657,1170.2572847239264,1164.2572847239264,2.1266669224930213
0.5562499999999999,0.62,29.387032294631126,1169.190290141668,1163.190290141668,2.1234045119884812
0.5625,0.62,28.30955479466911,1168.112812641706,1162.112812641706,2.1202164625220212
0.56875,0.62,27.22251544805681,1167.0257732950936,1161.0257732950936,2.117101060154696
0.575,0.62,26.126806164576465,1165.9300640116132,1159.9300640116132,2.1140566295061225
0.58125,0.62,25.02329010505173,1164.8265479520885,1158.8265479520885,2.111081532995404
0.5874999999999999,0.62,23.912802111248766,1163.7160599582855,1157.7160599582855,2.108174170089491
0.59375,0.62,22.79614915161551,1162.5994069986523,1156.5994069986523,2.105332976559404
0.6,0.62,21.674110781197214,1161.477368628234,1155.477368628234,2.1025564237446805
0.2,0.64,35.55967839761979,1175.3629362446566,1169.3629362446566,2.5215589982427584
0.20625000000000002,0.64,37.481464351376644,1177.2847221984134,1171.2847221984134,2.5093940123978666
0.21250000000000002,0.64,39.29866975641767,1179.1019276034544,1173.1019276034544,2.4974952684355793
0.21875,0.64,41.01301125042596,1180.8162690974627,1174.8162690974627,2.4858575570840937
0.225,0.64,42.626247871405894,1182.4295057184427,1176.4295057184427,2.4744757381929325
0.23125,0.64,44.140177608358044,1183.9434354553948,1177.9434354553948,2.4633447412069995
0.23750000000000002,0.64,45.55663398909337,1185.3598918361301,1179.3598918361301,2.452459565585257
0.24375000000000002,0.64,46.8774827124505,1186.6807405594873,1180.6807405594873,2.441815281163948
0.25,0.64,48.1046183317178,1187.9078761787546,1181.9078761787546,2.431407028464451
0.25625,0.64,49.23996099565397,1189.0432188426907,1183.0432188426907,2.421230018945996
0.2625,0.64,50.28545325301047,1190.0887111000472,1184.0887111000472,2.4112795352036587
0.26875,0.64,51.243056926035024,1191.0463147730718,1185.0463147730718,2.401550931112182
0.275,0.64,52.114750057966376,1191.9180079050032,1185.9180079050032,2.392039631916299
0.28125,0.64,52.90252393906394,1192.7057817861007,1186.7057817861007,2.382741134268407
0.2875,0.64,53.60838021529685,1193.4116380623336,1187.4116380623336,2.373651006214514
0.29375,0.64,54.234328083329274,1194.037585930366,1188.037585930366,2.364764887129515
0.3,0.64,54.78238157503233,1194.585639422069,1188.585639422069,2.356078487602974
0.30625,0.64,55.254556934315815,1195.0578147813526,1189.0578147813526,2.347587589276654
0.3125,0.64,55.65287008863879,1195.4561279356756,1189.4561279356756,2.33928804463512
0.31875,0.64,55.97933421716948,1195.7825920642063,1189.7825920642063,2.3311757767508734
0.325,0.64,56.23595741717395,1196.0392152642107,1190.0392152642107,2.32324677898545
0.33125,0.64,56.42474046980874,1196.2279983168455,1190.2279983168455,2.3154971146480716
0.3375,0.64,56.54767470617162,1196.3509325532084,1190.3509325532084,2.3079229166134025
0.34375,0.64,56.60673997406707,1196.4099978211038,1190.4099978211038,2.3005203869000863
0.35,0.64,56.603902705678365,1196.4071605527151,1190.4071605527151,2.293285796211706
0.35625,0.64,56.54111408595077,1196.3443719329875,1190.3443719329875,2.28621548344188
0.3625,0.64,56.42030832127534,1196.2235661683121,1190.2235661683121,2.2793058551452123
0.36875,0.64,56.2434010077186,1196.0466588547554,1190.0466588547554,2.2725533849758204
0.375,0.64,56.012287597844306,1195.815545444881,1189.815545444881,2.2659546130951886
0.38125,0.64,55.728841964891444,1195.5320998119282,1189.5320998119282,2.259506145551089
0.38749999999999996,0.64,55.39491506287868,1195.1981729099155,1189.1981729099155,2.253204653629297
0.39375,0.64,55.01233368099656,1194.8155915280333,1188.8155915280333,2.247046873179824
0.4,0.64,54.58289929046805,1194.3861571375048,1188.3861571375048,2.2410296039193938
0.40625,0.64,54.108386981883314,1193.91164482892,1187.91164482892,2.2351497087118273
0.4125,0.64,53.5905444908758,1193.3938023379126,1187.3938023379126,2.2294041128280213
0.41874999999999996,0.64,53.03109130987718,1192.834349156914,1186.834349156914,2.223789803187143
0.425,0.64,52.43171788355926,1192.234975730596,1186.234975730596,2.218303827580658
0.43125,0.64,51.794084885481425,1191.5973427325182,1185.5973427325182,2.212943293880751
0.4375,0.64,51.11982257337604,1190.9230804204128,1184.9230804204128,2.2077053692346738
0.44375,0.64,50.410530220433884,1190.2137880674707,1184.2137880674707,2.2025872792465204
0.44999999999999996,0.64,49.66777561988829,1189.471033466925,1183.471033466925,2.1975863071478714
0.45625,0.64,48.89309466016175,1188.6963525071985,1182.6963525071985,2.19269979295871
0.46249999999999997,0.64,48.08799096779853,1187.8912488148353,1181.8912488148353,2.18792513263998
0.46875,0.64,47.25393561538817,1187.057193462425,1181.057193462425,2.1832597772390896
0.475,0.64,46.39236689168274,1186.1956247387195,1180.1956247387195,2.1787012320296313
0.48125,0.64,45.50469013110296,1185.3079479781397,1179.3079479781397,2.174247055646522
0.4875,0.64,44.5922775998356,1184.3955354468724,1178.3955354468724,2.169894859217742
0.49374999999999997,0.64,43.65646843574473,1183.4597262827815,1177.4597262827815,2.1656423054937894
0.5,0.64,42.69856863937002,1182.5018264864068,1176.5018264864068,2.1614871079758915
0.50625,0.64,41.71985111326262,1181.5231089602994,1175.5231089602994,2.157427030044028
0.5125,0.64,40.7215557470081,1180.5248135940449,1174.5248135940449,2.1534598840856978
0.51875,0.64,39.70488954530265,1179.5081473923394,1173.5081473923394,2.14958353062636
0.5249999999999999,0.64,38.671026796499746,1178.4742846435365,1172.4742846435365,2.145795877462426
0.53125,0.64,37.62110927910271,1177.4243671261395,1171.4243671261395,2.1420948787976024
0.5375,0.64,36.556246503753755,1176.3595043507905,1170.3595043507905,2.1384785343833674
0.54375,0.64,35.47751598830769,1175.2807738353445,1169.2807738353445,2.1349448886643216
0.55,0.64,34.38596356366634,1174.189221410703,1168.189221410703,2.1314920299290603
0.5562499999999999,0.64,33.28260370811063,1173.0858615551474,1167.0858615551474,2.12811808946723
0.5625,0.64,32.16841990794046,1171.9716777549772,1165.9716777549772,2.124821240733361
0.56875,0.64,31.044365042303525,1170.8476228893403,1164.8476228893403,2.1215996985180086
0.575,0.64,29.91136179016894,1169.7146196372057,1163.7146196372057,2.1184517181267326
0.58125,0.64,28.770303057494175,1168.573560904531,1162.573560904531,2.1153755945673685
0.5874999999999999,0.64,27.622052422665774,1167.4253102697025,1161.4253102697025,2.1123696617460492
0.59375,0.64,26.467444598429438,1166.2707024454662,1160.2707024454662,2.109432291672335
0.6,0.64,25.307285908557787,1165.1105437555946,1159.1105437555946,2.106561893673846
0.2,0.66,39.539156247757774,1179.3424140947945,1173.3424140947945,2.540580936756207
0.20625000000000002,0.66,41.524519551132926,1181.3277773981697,1175.3277773981697,2.5279393394401084
0.21250000000000002,0.66,43.401880125208436,1183.2051379722452,1177.2051379722452,2.515576347442634
0.21875,0.66,45.17300444645116,1184.976262293488,1178.976262293488,2.5034864367879
0.225,0.66,46.839703414253336,1186.64296126129,1180.64296126129,2.4916641595877245
0.23125,0.66,48.4038287562812,1188.207086603318,1182.207086603318,2.480104144425448
0.23750000000000002,0.66,49.867269472764974,1189.6705273198017,1183.6705273198017,2.468801096682546
0.24375000000000002,0.66,51.23194832729109,1191.0352061743279,1185.0352061743279,2.4577497988080625
0.25,0.66,52.499818391172084,1192.3030762382089,1186.3030762382089,2.4469451105310966
0.25625,0.66,53.672859648037274,1193.476117495074,1187.476117495074,2.4363819690167023
0.2625,0.66,54.75307566477659,1194.5563335118134,1188.5563335118134,2.426055388965755
0.26875,0.66,55.742490334527474,1195.5457481815642,1189.5457481815642,2.415960462659475
0.275,0.66,56.64314469690612,1196.446402543943,1190.446402543943,2.4060923599494104
0.28125,0.66,57.457093840215066,1197.2603516872518,1191.2603516872518,2.396446328193864
0.2875,0.66,58.18640388986296,1197.9896617368997,1191.9896617368997,2.387017692141826
0.29375,0.66,58.833149086815865,1198.6364069338526,1192.6364069338526,2.3778018537655896
0.3,0.66,59.399408959400034,1199.2026668064368,1193.2026668064368,2.368794292043366
0.30625,0.66,59.88726559133829,1199.690523438375,1193.690523438375,2.3599905626932514
0.3125,0.66,60.298800988493895,1200.1020588355307,1194.1020588355307,2.3513862978600217
0.31875,0.66,60.63609454631637,1200.4393523933531,1194.4393523933531,2.34297720575629
0.325,0.66,60.90122061965599,1200.7044784666928,1194.7044784666928,2.33475907025962
0.33125,0.66,61.096246196124866,1200.8995040431616,1194.8995040431616,2.3267277504672603
0.3375,0.66,61.22322867389289,1201.0264865209297,1195.0264865209297,2.3188791802101973
0.34375,0.66,61.28421374439358,1201.0874715914304,1195.0874715914304,2.3112093675282606
0.35,0.66,61.281233380084586,1201.0844912271214,1195.0844912271214,2.3037143941080647
0.35625,0.66,61.21630392710631,1201.019561774143,1195.019561774143,2.2963904146855656
0.3625,0.66,61.0914243023376,1200.8946821493744,1194.8946821493744,2.2892336564150644
0.36875,0.66,60.90857429410562,1200.7118321411424,1194.7118321411424,2.2822404182064497
0.375,0.66,60.66971296550332,1200.47297081254,1194.47297081254,2.2754070700325224
0.38125,0.66,60.37677715905147,1200.1800350060882,1194.1800350060882,2.2687300522082015
0.38749999999999996,0.66,60.03168010118816,1199.834937948225,1193.834937948225,2.2622058746434397
0.39375,0.66,59.63631010488166,1199.4395679519184,1193.4395679519184,2.255831116071618
0.4,0.66,59.19252936845919,1198.995787215496,1192.995787215496,2.249602423255208
0.40625,0.66,58.70217286857496,1198.5054307156117,1192.5054307156117,2.243516510170448
0.4125,0.66,58.167047345093806,1197.9703051921306,1191.9703051921306,2.237570157172742
0.41874999999999996,0.66,57.588930375512746,1197.3921882225495,1191.3921882225495,2.2317602101444862
0.425,0.66,56.96956953645304,1196.7728273834898,1190.7728273834898,2.2260835796269487
0.43125,0.66,56.310681649613116,1196.11393949665,1190.11393949665,2.220537239937855
0.4375,0.66,55.61395210952287,1195.4172099565596,1189.4172099565596,2.2151182282761974
0.44375,0.66,54.88103429033731,1194.684292137374,1188.684292137374,2.2098236438158376
0.44999999999999996,0.66,54.11354902886319,1193.9168068759,1187.9168068759,2.2046506467893647
0.45625,0.66,53.313084180970236,1193.116342028007,1187.116342028007,2.1995964575636417
0.46249999999999997,0.66,52.48119424848778,1192.2844520955246,1186.2844520955246,2.1946583557084236
0.46875,0.66,51.61940007369003,1191.4226579207268,1185.4226579207268,2.1898336790593875
0.475,0.66,50.729188598440714,1190.5324464454775,1184.5324464454775,2.1851198227768354
0.48125,0.66,49.81201268509153,1189.6152705321283,1183.6152705321283,2.180514238401332
0.4875,0.66,48.86929099621693,1188.6725488432537,1182.6725488432537,2.17601443290741
0.49374999999999997,0.66,47.90240793029875,1187.7056657773355,1181.7056657773355,2.171617967756518
0.5,0.66,46.9127136105094,1186.7159714575462,1180.7159714575462,2.167322457950231
0.50625,0.66,45.90152392375853,1185.7047817707953,1179.7047817707953,2.1631255710847817
0.5125,0.66,44.87012060722486,1184.6733784542616,1178.6733784542616,2.159025026407855
0.51875,0.66,43.81975137963241,1183.6230092266692,1177.6230092266692,2.1550185938785744
0.5249999999999999,0.66,42.75163011459949,1182.5548879616363,1176.5548879616363,2.151104093231534
0.53125,0.66,41.66693705342777,1181.4701949004645,1175.4701949004645,2.1472793930457
0.5375,0.66,40.56681905477785,1180.3700769018146,1174.3700769018146,2.1435424098189393
0.54375,0.66,39.45238987872676,1179.2556477257635,1173.2556477257635,2.1398911070488906
0.55,0.66,38.3247305027985,1178.1279883498353,1172.1279883498353,2.136323494320858
0.5562499999999999,0.66,37.18488946760476,1176.9881473146415,1170.9881473146415,2.1328376264033326
0.5625,0.66,36.03388324981961,1175.8371410968564,1169.8371410968564,2.129431602351742
0.56875,0.66,34.87269666028715,1174.675954507324,1168.675954507324,2.1261035646209496
0.575,0.66,33.70228326515189,1173.5055411121887,1167.5055411121887,2.1228516981869934
0.58125,0.66,32.52356582793914,1172.326823674976,1166.326823674976,2.1196742296785405
0.5874999999999999,0.66,31.33743677065604,1171.1406946176928,1165.1406946176928,2.116569426518435
0.59375,0.66,30.144758651990514,1169.9480164990273,1163.9480164990273,2.113535596075758
0.6,0.66,28.946364660840572,1168.7496225078773,1162.7496225078773,2.110571084828701
0.2,0.6799999999999999,43.525702211956286,1183.328960058993,1177.328960058993,2.5597407905200105
0.20625000000000002,0.6799999999999999,45.574845358815764,1185.3781032058525,1179.3781032058525,2.5466160018543134
0.21250000000000002,0.6799999999999999,47.51255450082817,1187.315812347865,1181.315812347865,2.5337824741847186
0.21875,0.6799999999999999,49.340645760759344,1189.1439036077961,1183.1439036077961,2.5212343569001865
0.225,0.6799999999999999,51.06098174650651,1190.8642395935433,1184.8642395935433,2.5089658828727
0.23125,0.6799999999999999,52.675467808739995,1192.4787256557768,1186.4787256557768,2.496971368738841
0.23750000000000002,0.6799999999999999,54.18604833937252,1193.9893061864093,1187.9893061864093,2.48524521512244
0.24375000000000002,0.6799999999999999,55.594703118688585,1195.3979609657254,1189.3979609657254,2.473781906798485
0.25,0.6799999999999999,56.903443718506196,1196.706701565543,1190.706701565543,2.462576012798671
0.25625,0.6799999999999999,58.114309968236284,1197.917567815273,1191.917567815273,2.451622186459067
0.2625,0.6799999999999999,59.22936649024041,1199.0326243372772,1193.0326243372772,2.44091516541063
0.26875,0.6799999999999999,60.250699310351365,1200.0539571573881,1194.0539571573881,2.430449771513377
0.275,0.6799999999999999,61.18041254898594,1200.9836703960227,1194.9836703960227,2.420220910735172
0.28125,0.6799999999999999,62.02062519770993,1201.8238830447467,1195.8238830447467,2.4102235729762413
0.2875,0.6799999999999999,62.77346798569192,1202.5767258327287,1196.5767258327287,2.4004528318406306
0.29375,0.6799999999999999,63.44108033996349,1203.2443381870003,1197.2443381870003,2.39090384435591
0.3,0.6799999999999999,64.02560744292464,1203.8288652899614,1197.8288652899614,2.38157185064257
0.30625,0.6799999999999999,64.52919739010031,1204.332455237137,1198.332455237137,2.3724521735346045
0.3125,0.6799999999999999,64.95399845065981,1204.7572562976966,1198.7572562976966,2.3635402181528655
0.31875,0.6799999999999999,65.30215643280417,1205.105414279841,1199.105414279841,2.354831471432861
0.325,0.6799999999999999,65.57581215568462,1205.3790700027214,1199.3790700027214,2.3463215016087036
0.33125,0.6799999999999999,65.77709902911215,1205.580356876149,1199.580356876149,2.33800595765498
0.3375,0.6799999999999999,65.90814074193031,1205.711398588967,1199.711398588967,2.329880568688356
0.34375,0.6799999999999999,65.97104905953915,1205.774306906576,1199.774306906576,2.3219411433307537
0.35,0.6799999999999999,65.96792173072322,1205.77117957776,1199.77117957776,2.3141835690359804
0.35625,0.6799999999999999,65.90084050357063,1205.7040983506074,1199.7040983506074,2.306603811381697
0.3625,0.6799999999999999,65.77186924999705,1205.5751270970338,1199.5751270970338,2.299197913328613
0.36875,0.6799999999999999,65.58305219803879,1205.3863100450756,1199.3863100450756,2.2919619944488367
0.375,0.6799999999999999,65.33641227086764,1205.1396701179044,1199.1396701179044,2.284892250125254
0.38125,0.6799999999999999,65.0339495311523,1204.837207378189,1198.837207378189,2.277984950723844
0.38749999999999996,0.6799999999999999,64.67763972922876,1204.4808975762655,1198.4808975762655,2.2712364407408083
0.39375,0.6799999999999999,64.26943295325486,1204.0726908002916,1198.0726908002916,2.264643137926363
0.4,0.6799999999999999,63.81125237939136,1203.6145102264281,1197.6145102264281,2.258201532387045
0.40625,0.6799999999999999,63.304993119825895,1203.1082509668627,1197.1082509668627,2.2519081856683067
0.4125,0.6799999999999999,62.752521166319866,1202.5557790133566,1196.5557790133566,2.2457597298192074
0.41874999999999996,0.6799999999999999,62.1556724268205,1201.9589302738573,1195.9589302738573,2.239752866440898
0.425,0.6799999999999999,61.51625185253897,1201.3195096995757,1195.3195096995757,2.233884365720628
0.43125,0.6799999999999999,60.836032652797485,1200.6392904998343,1194.6392904998343,2.22815106545289
0.4375,0.6799999999999999,60.116755594871165,1199.920013441908,1193.920013441908,2.2225498700493413
0.44375,0.6799999999999999,59.36012838594729,1199.163386232984,1193.163386232984,2.2170777495390275
0.44999999999999996,0.6799999999999999,58.56782513428675,1198.3710829813235,1192.3710829813235,2.2117317385604394
0.45625,0.6799999999999999,57.741485886618875,1197.5447437336557,1191.5447437336557,2.2065089353468443
0.46249999999999997,0.6799999999999999,56.88271623875289,1196.6859740857897,1190.6859740857897,2.201406500706297
0.46875,0.6799999999999999,55.993087016401205,1195.796344863438,1189.796344863438,2.196421656997681
0.475,0.6799999999999999,55.07413402316479,1194.8773918702016,1188.8773918702016,2.191551687104069
0.48125,0.6799999999999999,54.127357852653404,1193.9306156996902,1187.9306156996902,2.1867939334046462
0.4875,0.6799999999999999,53.154223761712046,1192.9574816087488,1186.9574816087488,2.1821457967463784
0.49374999999999997,0.6799999999999999,52.15616160176046,1191.9594194487972,1185.9594194487972,2.177604735416548
0.5,0.6799999999999999,51.134565805266675,1190.9378236523035,1184.9378236523035,2.1731682641172347
0.50625,0.6799999999999999,50.090795424424186,1189.894053271461,1183.894053271461,2.1688339529427494
0.5125,0.6799999999999999,49.02617421912214,1188.829432066159,1182.829432066159,2.1645994263610087
0.51875,0.6799999999999999,47.94199079140208,1187.7452486384389,1181.7452486384389,2.1604623621997208
0.5249999999999999,0.6799999999999999,46.83949876357269,1186.6427566106095,1180.6427566106095,2.156420490638274
0.53125,0.6799999999999999,45.719916997285054,1185.5231748443218,1179.5231748443218,2.1524715932061085
0.5375,0.6799999999999999,44.584429850905735,1184.3876876979425,1178.3876876979425,2.1486135017883354
0.54375,0.6799999999999999,43.43418747257988,1183.2374453196167,1177.2374453196167,2.144844097639309
0.55,0.6799999999999999,42.27030612648696,1182.0735639735237,1176.0735639735237,2.1411613104047906
0.5562499999999999,0.6799999999999999,41.093868549832905,1180.8971263968697,1174.8971263968697,2.137563117153332
0.5625,0.6799999999999999,39.90592433821985,1179.7091821852566,1173.7091821852566,2.134047541417423
0.56875,0.6799999999999999,38.707490357099914,1178.5107482041367,1172.5107482041367,2.13061265224493
0.575,0.6799999999999999,37.499551177120566,1177.3028090241573,1171.3028090241573,2.127256563261294
0.58125,0.6799999999999999,36.28305953122435,1176.0863173782611,1170.0863173782611,2.123977431742927
0.5874999999999999,0.6799999999999999,35.05893679147789,1174.8621946385147,1168.8621946385147,2.1207734577021835
0.59375,0.6799999999999999,33.828073463653936,1173.6313313106907,1167.6313313106907,2.1176428829842817
0.6,0.6799999999999999,32.59132969771076,1172.3945875447475,1166.3945875447475,2.11458399037648
0.2,0.7,47.51929587392283,1187.3225537209596,1181.3225537209596,2.5790395161244604
0.20625000000000002,0.7,49.63242034689961,1189.4356781939364,1183.4356781939364,2.5654248861383344
0.21250000000000002,0.7,51.630670466635365,1191.4339283136721,1185.4339283136721,2.5521144697080556
0.21875,0.7,53.51591181330673,1193.3191696603435,1187.3191696603435,2.539102077377598
0.225,0.7,55.29005855377545,1195.0933164008122,1189.0933164008122,2.526381611013117
0.23125,0.7,56.955069549141854,1196.7583273961786,1190.7583273961786,2.513947063969586
0.23750000000000002,0.7,58.512944505082714,1198.3162023521195,1192.3162023521195,2.501792521196948
0.24375000000000002,0.7,59.965720173080626,1199.7689780201174,1193.7689780201174,2.489912159286154
0.25,0.7,61.31546661020798,1201.1187244572448,1195.1187244572448,2.4783002464555697
0.25625,0.7,62.564283504573496,1202.3675413516103,1196.3675413516103,2.466951142478444
0.2625,0.7,63.714296573068395,1203.5175544201052,1197.5175544201052,2.4558592985522663
0.26875,0.7,64.76765403749869,1204.5709118845355,1198.5709118845355,2.4450192571109906
0.275,0.7,65.72652318469295,1205.5297810317297,1199.5297810317297,2.4344256515812535
0.28125,0.7,66.59308701566124,1206.396344862698,1200.396344862698,2.4240732060838126
0.2875,0.7,67.36954098835304,1207.1727988353898,1201.1727988353898,2.4139567350815794
0.29375,0.7,68.05808985808926,1207.861347705126,1201.861347705126,2.404071142975698
0.3,0.7,68.66094461921375,1208.4642024662505,1202.4642024662505,2.39441142365123
0.30625,0.7,69.18031955106335,1208.9835773981001,1202.9835773981001,2.3849726599740904
0.3125,0.7,69.61842937085044,1209.4216872178872,1203.4216872178872,2.3757500232409465
0.31875,0.7,69.97748649562504,1209.7807443426618,1203.7807443426618,2.3667387725838656
0.325,0.7,70.25969841502274,1210.0629562620595,1204.0629562620595,2.3579342543315422
0.33125,0.7,70.46726517609363,1210.2705230231304,1204.2705230231304,2.349331901328997
0.3375,0.7,70.60237698109768,1210.4056348281345,1204.4056348281345,2.340927232217657
0.34375,0.7,70.66721189875875,1210.4704697457955,1204.4704697457955,2.33271585067777
0.35,0.7,70.66393368911008,1210.4671915361469,1204.4671915361469,2.3246934446351277
0.35625,0.7,70.5946897417241,1210.3979475887609,1204.3979475887609,2.316855785434076
0.3625,0.7,70.46160912676487,1210.2648669738016,1204.2648669738016,2.3091987269787873
0.36875,0.7,70.2668007580246,1210.0700586050614,1204.0700586050614,2.30171820484482
0.375,0.7,70.01235166680567,1209.8156095138424,1203.8156095138424,2.2944102353628892
0.38125,0.7,69.70032538524629,1209.503583232283,1203.503583232283,2.287270914676864
0.38749999999999996,0.7,69.33276043744877,1209.1360182844855,1203.1360182844855,2.2802964177779024
0.39375,0.7,68.91166893652871,1208.7149267835655,1202.7149267835655,2.2734829975166644
0.4,0.7,68.43903528552937,1208.2422931325661,1202.2422931325661,2.266826983595479
0.40625,0.7,67.91681497993409,1207.7200728269709,1201.7200728269709,2.260324781542337
0.4125,0.7,67.34693350936118,1207.150191356398,1201.150191356398,2.2539728716685095
0.41874999999999996,0.7,66.73128535586716,1206.534543202904,1200.534543202904,2.2477678080115906
0.425,0.7,66.07173308617007,1205.8749909332068,1199.8749909332068,2.2417062172656803
0.43125,0.7,65.37010653499442,1205.1733643820312,1199.1733643820312,2.235784797700391
0.4375,0.7,64.62820207661184,1204.4314599236486,1198.4314599236486,2.2300003180703327
0.44375,0.7,63.84778198164099,1203.6510398286778,1197.6510398286778,2.224349616516632
0.44999999999999996,0.7,63.030573856030514,1202.8338317030673,1196.8338317030673,2.218829599462035
0.45625,0.7,62.17827015916396,1201.9815280062007,1195.9815280062007,2.2134372405010487
0.46249999999999997,0.7,61.29252779794683,1201.0957856449836,1195.0957856449836,2.208169579286566
0.46875,0.7,60.3749677937501,1200.1782256407869,1194.1782256407869,2.203023720414293
0.475,0.7,59.42717501904099,1199.2304328660778,1193.2304328660778,2.1979968323063184
0.48125,0.7,58.450698000561715,1198.2539558475985,1192.2539558475985,2.1930861460950455
0.4875,0.7,57.44704878591483,1197.2503066329516,1191.2503066329516,2.188288954508685
0.49374999999999997,0.7,56.41770287042823,1196.220960717465,1190.220960717465,2.1836026107594164
0.5,0.7,55.364099181233314,1195.16735702827,1189.16735702827,2.1790245274353115
0.50625,0.7,54.28764011547946,1194.0908979625162,1188.0908979625162,2.1745521753970136
0.5125,0.7,53.18969162971234,1192.9929494767491,1186.9929494767491,2.17018308268013
0.51875,0.7,52.071583377436355,1191.8748412244731,1185.8748412244731,2.165914833404247
0.5249999999999999,0.7,50.93460889199696,1190.7378667390337,1184.7378667390337,2.161745066689386
0.53125,0.7,49.78002581192641,1189.5832836589632,1183.5832836589632,2.1576714755807287
0.5375,0.7,48.6090561460187,1188.4123139930555,1182.4123139930555,2.153691805982308
0.54375,0.7,47.422886575418715,1187.2261444224555,1181.2261444224555,2.14980385560038
0.55,0.7,46.222668790136595,1186.0259266371734,1180.0259266371734,2.146005472897094
0.5562499999999999,0.7,45.00951985743632,1184.812777704473,1178.812777704473,2.1422945560550617
0.5625,0.7,43.78452261964844,1183.5877804666852,1177.5877804666852,2.138669051953353
0.56875,0.7,42.54872611903943,1182.3519839660762,1176.3519839660762,2.135126955155421
0.575,0.7,41.30314604744399,1181.1064038944808,1175.1064038944808,2.1316663069094015
0.58125,0.7,40.048765218467,1179.8520230655038,1173.8520230655038,2.1282851941611955
0.5874999999999999,0.7,38.786534060122676,1178.5897919071595,1172.5897919071595,2.1249817485807085
0.59375,0.7,37.517371125899444,1177.3206289729362,1171.3206289729362,2.121754145601559
0.6,0.7,36.24216362229072,1176.0454214693275,1170.0454214693275,2.1186006034745657
0.2,0.72,51.51991672932627,1191.323174576363,1185.323174576363,2.598478076501752
0.20625000000000002,0.72,53.69722299472255,1193.5004808417593,1187.5004808417593,2.584366884487342
0.21250000000000002,0.72,55.75620550785629,1195.559463354893,1189.559463354893,2.570573160170453
0.21875,0.72,57.69877912104721,1197.502036968084,1191.502036968084,2.5570903627566426
0.225,0.72,59.52690941394826,1199.330167260985,1193.330167260985,2.5439120510718944
0.23125,0.72,61.242608648625946,1201.0458664956627,1195.0458664956627,2.531031883600905
0.23750000000000002,0.72,62.84793176943754,1202.6511896164743,1196.6511896164743,2.518443618463573
0.24375000000000002,0.72,64.34497245612874,1204.1482303031655,1198.1482303031655,2.506141113330126
0.25,0.72,65.73585923806172,1205.5391170850985,1199.5391170850985,2.4941183252756205
0.25625,0.72,67.0227516769744,1206.8260095240112,1200.8260095240112,2.482369310574589
0.2625,0.72,68.2078366250928,1208.0110944721296,1202.0110944721296,2.470888224436875
0.26875,0.72,69.29332456493785,1209.0965824119746,1203.0965824119746,2.4596693206857707
0.275,0.72,70.28144603657961,1210.0847038836164,1204.0847038836164,2.448706951379735
0.28125,0.72,71.17444815760109,1210.9777060046379,1204.9777060046379,2.437995566379078
0.2875,0.72,71.97459124046236,1211.7778490874991,1205.7778490874991,2.4275297128591298
0.29375,0.72,72.68414551146975,1212.4874033585065,1206.4874033585065,2.4173040347714894
0.3,0.72,73.30538793502433,1213.108645782061,1207.108645782061,2.4073132722550588
0.30625,0.72,73.84059914631075,1213.6438569933475,1207.6438569933475,2.3975522609986344
0.3125,0.72,74.2920604951455,1214.0953183421823,1208.0953183421823,2.3880159315568967
0.31875,0.72,74.66205120316113,1214.465309050198,1208.465309050198,2.3786993086217256
0.325,0.72,74.95284563611585,1214.7561034831526,1208.7561034831526,2.3695975102507725
0.33125,0.72,75.16671069263157,1214.9699685396683,1208.9699685396683,2.360705747055301
0.3375,0.72,75.30590331026633,1215.109161157303,1209.109161157303,2.352019321349328
0.34375,0.72,75.3726680894199,1215.1759259364567,1209.1759259364567,2.343533626262099
0.35,0.72,75.36923503518324,1215.17249288222,1209.17249288222,2.335244144815996
0.35625,0.72,75.29781741690522,1215.101075263942,1209.101075263942,2.3271464489719134
0.3625,0.72,75.16060974487868,1214.9638675919155,1208.9638675919155,2.319236198644215
0.36875,0.72,74.959785863266,1214.7630437103028,1208.7630437103028,2.3115091406873125
0.375,0.72,74.69749715806188,1214.5007550050987,1208.5007550050987,2.3039611078559235
0.38125,0.72,74.37587087862721,1214.179128725664,1208.179128725664,2.29658801774106
0.38749999999999996,0.72,73.9970085710861,1213.8002664181229,1207.8002664181229,2.2893858716837356
0.39375,0.72,73.56298462161817,1213.366242468655,1207.366242468655,2.2823507536683825
0.4,0.72,73.07584490750992,1212.8791027545467,1206.8791027545467,2.2754788291979184
0.40625,0.72,72.53760555359418,1212.340863400631,1206.340863400631,2.268766344152368
0.4125,0.72,71.95025179157142,1211.7535096386082,1205.7535096386082,2.2622096236329083
0.41874999999999996,0.72,71.31573691953417,1211.118994766571,1205.118994766571,2.25580507079314
0.425,0.72,70.63598135890584,1210.4392392059426,1204.4392392059426,2.249549165659357
0.43125,0.72,69.91287180585527,1209.716129652892,1203.716129652892,2.2434384639415423
0.4375,0.72,69.14826047420615,1208.951518321243,1202.951518321243,2.2374695958367274
0.44375,0.72,68.34396442671823,1208.147222273755,1202.147222273755,2.2316392648263235
0.44999999999999996,0.72,67.50176499160739,1207.3050228386442,1201.3050228386442,2.2259442464689885
0.45625,0.72,66.62340726108278,1206.4266651081196,1200.4266651081196,2.220381387190494
0.46249999999999997,0.72,65.71059966867756,1205.5138575157143,1199.5138575157143,2.214947603072031
0.46875,0.72,64.76501364208798,1204.5682714891248,1198.5682714891248,2.2096398786383156
0.475,0.72,63.78828332827379,1203.5915411753106,1197.5915411753106,2.2044552656467973
0.48125,0.72,62.78200538753367,1202.5852632345704,1196.5852632345704,2.199390881879223
0.4875,0.72,61.74773885330114,1201.550996700338,1195.550996700338,2.1944439099367252
0.49374999999999997,0.72,60.687005054430074,1200.4902629014668,1194.4902629014668,2.189611596039561
0.5,0.72,59.60128759677059,1199.4045454438074,1193.4045454438074,2.1848912488325714
0.50625,0.72,58.49203240086422,1198.295290247901,1192.295290247901,2.18028023819734
0.5125,0.72,57.36064779264666,1197.1639056396834,1191.1639056396834,2.175775994072016
0.51875,0.72,56.20850464410432,1196.011762491141,1190.011762491141,2.171376005279669
0.5249999999999999,0.72,55.03693656087967,1194.8401944079164,1188.8401944079164,2.1670778183660144
0.53125,0.72,53.84724011389062,1193.6504979609274,1187.6504979609274,2.1628790364472636
0.5375,0.72,52.64067511210624,1192.443932959143,1186.443932959143,2.158777318068833
0.54375,0.72,51.41846491368938,1191.2217227607262,1185.2217227607262,2.154770376075571
0.55,0.72,50.181796772793405,1189.9850546198302,1183.9850546198302,2.150855976494102
0.5562499999999999,0.72,48.93182221939264,1188.7350800664294,1182.7350800664294,2.147031937427874
0.5625,0.72,47.669657469596814,1187.4729153166336,1181.4729153166336,2.143296127965398
0.56875,0.72,46.39638386398906,1186.1996417110258,1180.1996417110258,2.1396464671021675
0.575,0.72,45.11304833162535,1184.9163061786621,1178.9163061786621,2.1360809226766686
0.58125,0.72,43.82066387740929,1183.623921724446,1177.623921724446,2.1325975103208643
0.5874999999999999,0.72,42.52021009064083,1182.3234679376776,1176.3234679376776,2.1291942924254914
0.59375,0.72,41.21263367264464,1181.0158915196814,1175.0158915196814,2.125869377120466
0.6,0.72,39.89884898146124,1179.702106828498,1173.702106828498,2.122620917270662
0.2,0.74,55.52754418618656,1195.3308020332233,1189.3308020332233,2.618057440966473
0.20625000000000002,0.74,57.76923168890903,1197.5724895359458,1191.5724895359458,2.6034428948290067
0.21250000000000002,0.74,59.889137012039555,1199.6923948590763,1193.6923948590763,2.5891593768718137
0.21875,0.74,61.88922409842189,1201.6924819454587,1195.6924819454587,2.575199982180104
0.225,0.74,63.77150979771818,1203.574767644755,1197.574767644755,2.561557914232416
0.23125,0.74,65.53805966662048,1205.3413175136573,1199.3413175136573,2.5482264847964955
0.23750000000000002,0.74,67.19098381594245,1206.9942416629792,1200.9942416629792,2.5351991137622014
0.24375000000000002,0.74,68.73243281333339,1208.5356906603702,1202.5356906603702,2.522469328912086
0.25,0.74,70.16459364979914,1209.967851496836,1203.967851496836,2.510030765630505
0.25625,0.74,71.48968577765436,1211.2929436246911,1205.2929436246911,2.497877166552263
0.2625,0.74,72.70995722702037,1212.5132150740571,1206.5132150740571,2.4860023811519394
0.26875,0.74,73.82768080735718,1213.630938654394,1207.630938654394,2.474400365275219
0.275,0.74,74.84515040002384,1214.6484082470606,1208.6484082470606,2.4630651806136354
0.28125,0.74,75.76467734726657,1215.5679351943033,1209.5679351943033,2.4519909941242912
0.2875,0.74,76.58858694249534,1216.3918447895321,1210.3918447895321,2.441172077396211
0.29375,0.74,77.31921502617388,1217.1224728732107,1211.1224728732107,2.4306028059650706
0.3,0.74,77.95890469110964,1217.7621625381464,1211.7621625381464,2.4202776585781662
0.30625,0.74,78.51000310040968,1218.3132609474465,1212.3132609474465,2.410191216411505
0.3125,0.74,78.97485842087099,1218.7781162679078,1212.7781162679078,2.400338162241031
0.31875,0.74,79.35581687407762,1219.1590747211144,1213.1590747211144,2.390713279569981
0.325,0.74,79.65521990699654,1219.4584777540333,1213.4584777540333,2.381311451714486
0.33125,0.74,79.87540148343828,1219.678659330475,1213.678659330475,2.372127660849505
0.3375,0.74,80.01868549727692,1219.8219433443137,1213.8219433443137,2.363156987017229
0.34375,0.74,80.08738330793472,1219.8906411549715,1213.8906411549715,2.354394607100118
0.35,0.74,80.08379139823046,1219.8870492452672,1213.8870492452672,2.3458357937607435
0.35625,0.74,80.01018915433974,1219.8134470013765,1213.8134470013765,2.33747591435057
0.3625,0.74,79.86883676721914,1219.672094614256,1213.672094614256,2.329310429789866
0.36875,0.74,79.66197325458461,1219.4652311016214,1213.4652311016214,2.3213348934208726
0.375,0.74,79.39181460216969,1219.1950724492065,1213.1950724492065,2.3135449498363543
0.38125,0.74,79.06055202273774,1218.8638098697745,1212.8638098697745,2.305936333685647
0.38749999999999996,0.74,78.67035033106254,1218.4736081780993,1212.4736081780993,2.2985048684602543
0.39375,0.74,78.22334643282943,1218.0266042798662,1212.0266042798662,2.2912464652610316
0.4,0.74,77.72164792522449,1217.5249057722613,1211.5249057722613,2.2841571215489687
0.40625,0.74,77.16733180675647,1216.9705896537932,1210.9705896537932,2.2772329198814854
0.4125,0.74,76.5624432936977,1216.3657011407345,1210.3657011407345,2.270470026636175
0.41874999999999996,0.74,75.90899474036337,1215.7122525874001,1209.7122525874001,2.2638646907238233
0.425,0.74,75.20896466032491,1215.0122225073617,1209.0122225073617,2.2574132422925066
0.43125,0.74,74.46429684552322,1214.26755469256,1208.26755469256,2.25111209142451
0.4375,0.74,73.6768995801608,1213.4801574271976,1207.4801574271976,2.2449577268277348
0.44375,0.74,72.84864494616227,1212.651902793199,1206.651902793199,2.2389467145232222
0.44999999999999996,0.74,71.98136821691696,1211.7846260639537,1205.7846260639537,2.2330756965303604
0.45625,0.74,71.07686733600372,1210.8801251830405,1204.8801251830405,2.2273413895512446
0.46249999999999997,0.74,70.1369024775097,1209.9401603245465,1203.9401603245465,2.2217405836556434
0.46875,0.74,69.1631956845738,1208.9664535316106,1202.9664535316106,2.2162701409679246
0.475,0.74,68.15743058276189,1207.9606884297987,1201.9606884297987,2.210926994357252
0.48125,0.74,67.12125216488084,1206.9245100119176,1200.9245100119176,2.2057081461322867
0.4875,0.74,66.05626664385886,1205.8595244908956,1199.8595244908956,2.2006106667415577
0.49374999999999997,0.74,64.96404137032687,1204.7672992173636,1198.7672992173636,2.195631693480633
0.5,0.74,63.846104811604846,1203.6493626586416,1197.6493626586416,2.1907684292071172
0.50625,0.74,62.703946588794906,1202.5072044358317,1196.5072044358317,2.186018141064468
0.5125,0.74,61.53901756876576,1201.3422754158025,1195.3422754158025,2.1813781592155594
0.51875,0.74,60.35273000785378,1200.1559878548906,1194.1559878548906,2.1768458755868547
0.5249999999999999,0.74,59.14645774417181,1198.9497155912086,1192.9497155912086,2.172418742623981
0.53125,0.74,57.92153643549318,1197.72479428253,1191.72479428253,2.168094272059474
0.5375,0.74,56.679263839737814,1196.4825216867746,1190.4825216867746,2.163870033693363
0.54375,0.74,55.420900135180545,1195.2241579822173,1189.2241579822173,2.1597436541872583
0.55,0.74,54.14766827756898,1193.9509261246058,1187.9509261246058,2.1557128158724894
0.5562499999999999,0.74,52.860754391429964,1192.6640122384667,1186.6640122384667,2.151775255572876
0.5625,0.74,51.56130819294049,1191.3645660399773,1185.3645660399773,2.1479287634425632
0.56875,0.74,50.250443441800144,1190.053701288837,1184.053701288837,2.144171181819404
0.575,0.74,48.92923841966444,1188.7324962667012,1182.7324962667012,2.14050040409425
0.58125,0.74,47.598736432769556,1187.4019942798063,1181.4019942798063,2.1369143735965084
0.5874999999999999,0.74,46.259946336477924,1186.0632041835147,1180.0632041835147,2.1334110824962718
0.59375,0.74,44.91384307956423,1184.717100926601,1178.717100926601,2.129988570723285
0.6,0.74,43.56136826615898,1183.3646261131958,1177.3646261131958,2.1266449249029686
0.2,0.76,59.542157565269235,1199.345415412306,1193.345415412306,2.6377785852563442
0.20625000000000002,0.76,61.84842472379637,1201.6516825708331,1195.6516825708331,2.6226538208588863
0.21250000000000002,0.76,64.0294422695224,1203.8327001165592,1197.8327001165592,2.6078739562848248
0.21875,0.76,66.08722305785795,1205.8904809048947,1199.8904809048947,2.5934317094235815
0.225,0.76,68.02383506911019,1207.827092916147,1201.827092916147,2.5793199158214595
0.23125,0.76,69.84139705140228,1209.644654898439,1203.644654898439,2.5655315284202778
0.23750000000000002,0.76,71.5420742126555,1211.3453320596923,1205.3453320596923,2.552059617232104
0.24375000000000002,0.76,73.12807397067127,1212.931331817708,1206.931331817708,2.5388973689509156
0.25,0.76,74.6016417697549,1214.4048996167917,1208.4048996167917,2.526038086502233
0.25625,0.76,75.96505697180123,1215.768314818838,1209.768314818838,2.5134751885318956
0.2625,0.76,77.22062882914383,1217.0238866761806,1211.0238866761806,2.5012022088353016
0.26875,0.76,78.3706925459021,1218.1739503929389,1212.1739503929389,2.4892127957286085
0.275,0.76,79.41760543399369,1219.2208632810305,1213.2208632810305,2.477500711363468
0.28125,0.76,80.36374316938759,1220.1670010164244,1214.1670010164244,2.4660598309870134
0.2875,0.76,81.21149615359536,1221.0147540006321,1215.0147540006321,2.4548841421489223
0.29375,0.76,81.96326598488645,1221.7665238319232,1215.7665238319232,2.4439677438574425
0.3,0.76,82.6214620430735,1222.4247198901103,1216.4247198901103,2.4333048456863864
0.30625,0.76,83.188498191279,1222.9917560383158,1216.9917560383158,2.4228897668351252
0.3125,0.76,83.66678959748401,1223.4700474445208,1217.4700474445208,2.4127169351437088
0.31875,0.76,84.05874967821342,1223.8620075252502,1217.8620075252502,2.402780886065269
0.325,0.76,84.36678716618167,1224.1700450132184,1218.1700450132184,2.393076261597905
0.33125,0.76,84.59330330328521,1224.396561150322,1218.396561150322,2.383597809178257
0.3375,0.76,84.74068915985526,1224.543947006892,1218.543947006892,2.3743403805390475
0.34375,0.76,84.81132308066958,1224.6145809277064,1218.6145809277064,2.365298930532809
0.35,0.76,84.80756825780827,1224.610826104845,1218.610826104845,2.356468515924078
0.35625,0.76,84.73177043006376,1224.5350282771005,1218.5350282771005,2.3478442941523063
0.3625,0.76,84.5862557082362,1224.389513555273,1218.389513555273,2.339421522067704
0.36875,0.76,84.37332852533495,1224.1765863723717,1218.1765863723717,2.331195554642275
0.375,0.76,84.09526971035825,1223.898527557395,1217.898527557395,2.3231618436581933
0.38125,0.76,83.75433468407186,1223.5575925311086,1217.5575925311086,2.31531593637572
0.38749999999999996,0.76,83.35275177488575,1223.1560096219225,1217.1560096219225,2.307653474182764
0.39375,0.76,82.89272065274895,1222.6959784997857,1216.6959784997857,2.3001701912281765
0.4,0.76,82.37641087869338,1222.1796687257302,1216.1796687257302,2.2928619130408174
0.40625,0.76,81.80596056749505,1221.6092184145318,1215.6092184145318,2.285724555136386
0.4125,0.76,81.18347516073663,1220.9867330077734,1214.9867330077734,2.2787541216139364
0.41874999999999996,0.76,80.51102630738364,1220.3142841544204,1214.3142841544204,2.2719467037439705
0.425,0.76,79.79065084885588,1219.5939086958927,1213.5939086958927,2.2652984785499175
0.43125,0.76,79.0243499054402,1218.827607752477,1212.827607752477,2.2588057073847687
0.4375,0.76,78.21408806082604,1218.0173459078628,1212.0173459078628,2.2524647345045405
0.44375,0.76,77.36179264141288,1217.1650504884497,1211.1650504884497,2.2462719856402225
0.44999999999999996,0.76,76.4693530870029,1216.2726109340397,1210.2726109340397,2.24022396656975
0.45625,0.76,75.53862040943864,1215.3418782564754,1209.3418782564754,2.2343172616915106
0.46249999999999997,0.76,74.5714067356846,1214.3746645827214,1208.3746645827214,2.2285485326008163
0.46875,0.76,73.5694849318711,1213.3727427789079,1207.3727427789079,2.22291451667069
0.475,0.76,72.53458830476416,1212.337846151801,1206.337846151801,2.217412025638273
0.48125,0.76,71.46841037716331,1211.2716682242,1205.2716682242,2.212037944198071
0.4875,0.76,70.37260473372339,1210.1758625807602,1204.1758625807602,2.206789228603211
0.49374999999999997,0.76,69.24878493373308,1209.0520427807699,1203.0520427807699,2.20166290527579
0.5,0.76,68.09852448741526,1207.901782334452,1201.901782334452,2.196656069427341
0.50625,0.76,66.92335689234233,1206.726614739379,1200.726614739379,2.1917658836903975
0.5125,0.76,65.7247757266498,1205.5280335736866,1199.5280335736866,2.1869895767620458
0.51875,0.76,64.50423479573851,1204.3074926427753,1198.3074926427753,2.1823244420602927
0.5249999999999999,0.76,63.263148329273236,1203.06640617631,1197.06640617631,2.1777678363940516
0.53125,0.76,62.00289122531717,1201.806149072354,1195.806149072354,2.173317178647443
0.5375,0.76,60.72479933853492,1200.5280571855717,1194.5280571855717,2.168969948479085
0.54375,0.76,59.43016980948369,1199.2334276565205,1193.2334276565205,2.164723685036975
0.55,0.76,58.120261432083225,1197.92351927912,1191.92351927912,2.1605759856895093
0.5562499999999999,0.76,56.79629505644266,1196.5995529034794,1190.5995529034794,2.1565245047731563
0.5625,0.76,55.45945402433699,1195.2627118713738,1189.2627118713738,2.1525669523572137
0.56875,0.76,54.11088463467149,1193.9141424817083,1187.9141424817083,2.148701093026066
0.575,0.76,52.75169663642123,1192.554954483458,1186.554954483458,2.144924744679298
0.58125,0.76,51.38296374658489,1191.1862215936217,1185.1862215936217,2.141235777349951
0.5874999999999999,0.76,50.005724190804585,1189.8089820378414,1183.8089820378414,2.137632112041238
0.59375,0.76,48.62098126440492,1188.4242391114417,1182.4242391114417,2.1341117195818873
0.6,0.76,47.22970391168337,1187.0329617587201,1181.0329617587201,2.1306726195003582
0.2,0.78,63.56373610048354,1203.3669939475203,1197.3669939475203,2.657642491573222
0.20625000000000002,0.78,65.93478030186634,1205.7380381489031,1199.7380381489031,2.642000572076042
0.21250000000000002,0.78,68.17709847388574,1207.9803563209225,1201.9803563209225,2.626717740085822
0.21875,0.78,70.29275221026023,1210.096010057297,1204.096010057297,2.611786322922202
0.225,0.78,72.28386048600805,1212.0871183330448,1206.0871183330448,2.5971987753322527
0.23125,0.78,74.15259514065951,1213.9558529876963,1207.9558529876963,2.582947679056272
0.23750000000000002,0.78,75.90117641279176,1215.7044342598285,1209.7044342598285,2.5690257423290084
0.24375000000000002,0.78,77.53186853521174,1217.3351263822485,1211.3351263822485,2.5554257993173533
0.25,0.78,79.04697539952872,1218.8502332465655,1212.8502332465655,2.542140809495691
0.25625,0.78,80.44883629826472,1220.2520941453015,1214.2520941453015,2.5291638569603023
0.2625,0.78,81.73982175206356,1221.5430795991003,1215.5430795991003,2.516488149684295
0.26875,0.78,82.92232942892315,1222.72558727596,1216.72558727596,2.5041070187147536
0.275,0.78,83.99878016182424,1223.802038008861,1217.802038008861,2.4920139173138316
0.28125,0.78,84.97161407048384,1224.7748719175206,1218.7748719175206,2.4802024200456887
0.2875,0.78,85.84328679239775,1225.6465446394345,1219.6465446394345,2.468666221811246
0.29375,0.78,86.61626582775625,1226.419523674793,1220.419523674793,2.4573991368328
0.3,0.78,87.29302700222661,1227.0962848492634,1221.0962848492634,2.446395097590646
0.30625,0.78,87.87605105106331,1227.6793088981,1221.6793088981,2.4356481537138905
0.3125,0.78,88.36782032745668,1228.1710781744935,1222.1710781744935,2.425152470827712
0.31875,0.78,88.77081563748607,1228.5740734845228,1222.5740734845228,2.4149023293593386
0.325,0.78,89.08751320359238,1228.8907710506292,1222.8907710506292,2.404892123305064
0.33125,0.78,89.320381757929,1229.1236396049658,1223.1236396049658,2.395116358960662
0.3375,0.78,89.47187976654436,1229.2751376135811,1223.2751376135811,2.3855696536175066
0.34375,0.78,89.54445278488606,1229.3477106319228,1223.3477106319228,2.3762467342267803
0.35,0.78,89.54053094467531,1229.343788791712,1223.343788791712,2.367142436034127
0.35625,0.78,89.46252657185437,1229.2657844188911,1223.2657844188911,2.358251701187038
0.3625,0.78,89.31283193487843,1229.1160897819152,1223.1160897819152,2.3495695773173524
0.36875,0.78,89.0938171223338,1228.8970749693706,1222.8970749693706,2.3410912161010997
0.375,0.78,88.80782804848604,1228.6110858955228,1222.6110858955228,2.3328118717979884
0.38125,0.78,88.45718458509486,1228.2604424321316,1222.2604424321316,2.324726899772726
0.38749999999999996,0.78,88.04417881755444,1227.8474366645912,1221.8474366645912,2.316831755000371
0.39375,0.78,87.57107342314293,1227.3743312701797,1221.3743312701797,2.3091219905578373
0.4,0.78,87.04010016895518,1226.843358015992,1220.843358015992,2.301593256103616
0.40625,0.78,86.45345852687865,1226.2567163739154,1220.2567163739154,2.294241296347753
0.4125,0.78,85.81331440278927,1225.616572249826,1219.616572249826,2.287061949514039
0.41874999999999996,0.78,85.1217989769641,1224.9250568240009,1218.9250568240009,2.2800511457962984
0.425,0.78,84.38100765260083,1224.1842654996376,1218.1842654996376,2.2732049058106445
0.43125,0.78,83.59299910915797,1223.3962569561947,1217.3962569561947,2.2665193390454332
0.4375,0.78,82.7597944571803,1222.563052304217,1216.563052304217,2.2599906423106444
0.44375,0.78,81.88337649114123,1221.686634338178,1215.686634338178,2.253615098188322
0.44999999999999996,0.78,80.96568903680554,1220.7689468838423,1214.7689468838423,2.247389073485622
0.45625,0.78,80.00863638951841,1219.8118942365552,1213.8118942365552,2.2413090176919694
0.46249999999999997,0.78,79.01408283983415,1218.817340686871,1212.817340686871,2.2353714614417535
0.46875,0.78,77.98385228284678,1217.7871101298836,1211.7871101298836,2.2295730149839015
0.475,0.78,76.9197279075861,1216.7229857546229,1210.7229857546229,2.223910366659608
0.48125,0.78,75.82345196284268,1215.6267098098795,1209.6267098098795,2.2183802813894484
0.4875,0.78,74.6967255958075,1214.4999834428443,1208.4999834428443,2.2129795991709904
0.49374999999999997,0.78,73.54120875992703,1213.3444666069638,1207.3444666069638,2.207705233587999
0.5,0.78,72.35852018843048,1212.1617780354673,1206.1617780354673,2.2025541703322187
0.50625,0.78,71.15023743000506,1210.9534952770418,1204.9534952770418,2.197523465738686
0.5125,0.78,69.91789694316958,1209.7211547902064,1203.7211547902064,2.192610245335431
0.51875,0.78,68.6629942459524,1208.4662520929892,1202.4662520929892,2.18781170240838
0.5249999999999999,0.78,67.38698411755172,1207.1902419645885,1201.1902419645885,2.1831250965822124
0.53125,0.78,66.09128084871031,1205.894538695747,1199.894538695747,2.1785477524178454
0.5375,0.78,64.77725853764537,1204.5805163846821,1198.5805163846821,2.1740770580271773
0.54375,0.78,63.4462514284412,1203.249509275478,1197.249509275478,2.169710463705664
0.55,0.78,62.099554288894524,1201.9028121359313,1195.9028121359313,2.1654454805832355
0.5562499999999999,0.78,60.738422824911595,1200.5416806719484,1194.5416806719484,2.1612796792940236
0.5625,0.78,59.3640741286265,1199.1673319756633,1193.1673319756633,2.157210688665305
0.56875,0.78,57.97768715753341,1197.7809450045702,1191.7809450045702,2.153236194426016
0.575,0.78,56.580403241986005,1196.3836610890228,1190.3836610890228,2.1493539379351785
0.58125,0.78,55.173326618564715,1194.9765844656015,1188.9765844656015,2.1455617149304738
0.5874999999999999,0.78,53.75752498684983,1193.5607828338866,1187.5607828338866,2.1418573742972185
0.59375,0.78,52.3340300873017,1192.1372879343385,1186.1372879343385,2.1382388168579194
0.6,0.78,50.90383829799566,1190.7070961450324,1184.7070961450324,2.134703994182549
0.2,0.8,67.59225893927987,1207.3955167863166,1201.3955167863166,2.6776501486243487
0.20625000000000002,0.8,70.0282765341774,1209.8315343812142,1203.8315343812142,2.6614840638188606
0.21250000000000002,0.8,72.33208272243064,1212.1353405694674,1206.1353405694674,2.6456915751858436
0.21875,0.8,74.50578766551894,1214.3090455125557,1208.3090455125557,2.630264605797483
0.225,0.8,76.55156120069523,1216.354819047732,1210.354819047732,2.6151952164476646
0.23125,0.8,78.47162816206492,1218.2748860091017,1212.2748860091017,2.6004756050285627
0.23750000000000002,0.8,80.26826375531732,1220.071521602354,1214.071521602354,2.586098105842274
0.24375000000000002,0.8,81.94378899575827,1221.747046842795,1215.747046842795,2.5720551888487213
0.25,0.8,83.50056621864815,1223.303824065685,1217.303824065685,2.558339458851248
0.25625,0.8,84.94099467025399,1224.7442525172908,1218.7442525172908,2.5449436546214455
0.2625,0.8,86.26750618741062,1226.0707640344474,1220.0707640344474,2.5318606479649186
0.26875,0.8,87.48256097272656,1227.2858188197633,1221.2858188197633,2.5190834427298094
0.275,0.8,88.5886434719896,1228.3919013190264,1222.3919013190264,2.5066051737600317
0.28125,0.8,89.58825835967173,1229.3915162067085,1223.3915162067085,2.4944191057952616
0.2875,0.8,90.48392663784898,1230.2871844848858,1224.2871844848858,2.4825186323197967
0.29375,0.8,91.2781818532369,1231.0814397002737,1225.0814397002737,2.4708972743625353
0.3,0.8,91.97356643644753,1231.7768242834843,1225.7768242834843,2.4595486792503216
0.30625,0.8,92.57262816701632,1232.375886014053,1226.375886014053,2.448466619317014
0.3125,0.8,93.07791676717397,1232.8811746142107,1226.8811746142107,2.437644990570637
0.31875,0.8,93.49198062679693,1233.2952384738337,1227.2952384738337,2.427077811321043
0.325,0.8,93.81736366146492,1233.6206215085017,1227.6206215085017,2.4167592207705084
0.33125,0.8,94.05660230502895,1233.8598601520657,1227.8598601520657,2.406683477569714
0.3375,0.8,94.21222263763275,1234.0154804846695,1228.0154804846695,2.3968449583415676
0.34375,0.8,94.28673764967084,1234.0899954967076,1228.0899954967076,2.3872381561753078
0.35,0.8,94.28264464173435,1234.0859024887711,1228.0859024887711,2.37785767909332
0.35625,0.8,94.20242276016984,1234.0056806072066,1228.0056806072066,2.368698248493105
0.3625,0.8,94.04853066752912,1233.851788514566,1227.851788514566,2.359754697566756
0.36875,0.8,93.82340434679645,1233.6266621938332,1227.6266621938332,2.35102196970032
0.375,0.8,93.52945503795695,1233.3327128849937,1227.3327128849937,2.342495116855354
0.38125,0.8,93.16906730516234,1232.9723251521991,1226.9723251521991,2.334169297934945
0.38749999999999996,0.8,92.74459723247173,1232.5478550795085,1226.5478550795085,2.3260397771364203
0.39375,0.8,92.25837074585274,1232.0616285928895,1226.0616285928895,2.3181019222929105
0.4,0.8,91.7126820589508,1231.5159399059876,1225.5159399059876,2.31035120320587
0.40625,0.8,91.10979223985169,1230.9130500868885,1224.9130500868885,2.302783189970625
0.4125,0.8,90.45192789592784,1230.2551857429646,1224.2551857429646,2.2953935512969
0.41874999999999996,0.8,89.74127997365531,1229.544537820692,1223.544537820692,2.2881780528262707
0.425,0.8,88.98000267016869,1228.7832605172055,1222.7832605172055,2.2811325554483632
0.43125,0.8,88.17021245315482,1227.9734703001916,1221.9734703001916,2.274253013617602
0.4375,0.8,87.31398718563355,1227.1172450326703,1221.1172450326703,2.267535473672187
0.44375,0.8,86.41336535203186,1226.2166231990686,1220.2166231990686,2.260976072156952
0.44999999999999996,0.8,85.47034538192383,1225.2736032289606,1219.2736032289606,2.2545710341516396
0.45625,0.8,84.4868850677392,1224.290142914776,1218.290142914776,2.248316671606092
0.46249999999999997,0.8,83.4649010727046,1223.2681589197414,1217.2681589197414,2.242209381683765
0.46875,0.8,82.40626852526975,1222.2095263723065,1216.2095263723065,2.2362456451148764
0.475,0.8,81.31282069625354,1221.1160785432903,1215.1160785432903,2.230422024560483
0.48125,0.8,80.18634875494763,1219.9896066019844,1213.9896066019844,2.2247351629886407
0.4875,0.8,79.02860160044611,1218.8318594474829,1212.8318594474829,2.219181782063781
0.49374999999999997,0.8,77.84128576446915,1217.644543611506,1211.644543611506,2.2137586805503395
0.5,0.8,76.62606538202817,1216.429323229065,1210.429323229065,2.2084627327316118
0.50625,0.8,75.38456222628656,1215.1878200733233,1209.1878200733233,2.203290886844733
0.5125,0.8,74.1183558040475,1213.9216136510843,1207.9216136510843,2.1982401635326263
0.51875,0.8,72.82898350836922,1212.632241355406,1206.632241355406,2.193307654313692
0.5249999999999999,0.8,71.5179408248564,1211.3211986718932,1205.3211986718932,2.1884905200699394
0.53125,0.8,70.18668158827586,1209.9899394353126,1203.9899394353126,2.1837859895542078
0.5375,0.8,68.83661828621985,1208.6398761332566,1202.6398761332566,2.1791913579170656
0.54375,0.8,67.46912240660686,1207.2723802536436,1201.2723802536436,2.174703985253921
0.55,0.8,66.08552482594519,1205.888782672982,1199.888782672982,2.170321295172802
0.5562499999999999,0.8,64.68711623532226,1204.490374082359,1198.490374082359,2.166040773383237
0.5625,0.8,63.27514760123677,1203.0784054482735,1197.0784054482735,2.1618599663066034
0.56875,0.8,61.85083065843219,1201.654088505469,1195.654088505469,2.1577764797082484
0.575,0.8,60.415338432045246,1200.218596279082,1194.218596279082,2.1537879773516786
0.58125,0.8,58.96980578644161,1198.7730636334784,1192.7730636334784,2.1498921796750063
0.5874999999999999,0.8,57.51532999823871,1197.3185878452755,1191.3185878452755,2.1460868624898763
0.59375,0.8,56.052971351103224,1195.85622919814,1189.85622919814,2.1423698557029804
0.6,0.8,54.58375375002856,1194.3870115970653,1188.3870115970653,2.138739042060283
0.2,0.8200000000000001,71.62770514305089,1211.4309629900877,1205.4309629900877,2.6978025516638775
0.20625000000000002,0.8200000000000001,74.128891440801,1213.9321492878378,1207.9321492878378,2.6811052173011003
0.21250000000000002,0.8200000000000001,76.49437201664114,1216.297629863678,1210.297629863678,2.664796313761862
0.21875,0.8200000000000001,78.72630543300579,1218.5295632800426,1212.5295632800426,2.6488673458843355
0.225,0.8200000000000001,80.82691226038946,1220.6301701074262,1214.6301701074262,2.6333099670635103
0.23125,0.8200000000000001,82.79847023384332,1222.60172808088,1216.60172808088,2.6181159784213883
0.23750000000000002,0.8200000000000001,84.64330946556106,1224.4465673125978,1218.4465673125978,2.603277327912149
0.24375000000000002,0.8200000000000001,86.36380772348525,1226.167065570522,1220.167065570522,2.588786109363729
0.25,0.8200000000000001,87.96238578524049,1227.7656436322773,1221.7656436322773,2.5746345614574246
0.25625,0.8200000000000001,89.44150287603588,1229.2447607230727,1223.2447607230727,2.560815066647266
0.2625,0.8200000000000001,90.80365219857777,1230.6069100456145,1224.6069100456145,2.547320150021062
0.26875,0.8200000000000001,92.05135656233529,1231.854614409372,1225.854614409372,2.534142478105115
0.275,0.8200000000000001,93.18716411889227,1232.990421965929,1226.990421965929,2.5212748576147423
0.28125,0.8200000000000001,94.21364420946634,1234.016902056503,1228.016902056503,2.5087102341528085
0.2875,0.8200000000000001,95.13338333004026,1234.936641177077,1228.936641177077,2.4964416908585787
0.29375,0.8200000000000001,95.94898121893857,1235.7522390659753,1229.7522390659753,2.4844624470092573
0.3,0.8200000000000001,96.66304707105724,1236.466304918094,1230.466304918094,2.472765856576644
0.30625,0.8200000000000001,97.2781958823814,1237.0814537294182,1231.0814537294182,2.4613454067413807
0.3125,0.8200000000000001,97.79704492783412,1237.600302774871,1231.600302774871,2.4501947163672937
0.31875,0.8200000000000001,98.22221037494387,1238.0254682219806,1232.0254682219806,2.4393075344383846
0.325,0.8200000000000001,98.55630403527834,1238.3595618823151,1232.3595618823151,2.428677738460998
0.33125,0.8200000000000001,98.8019302550872,1238.605188102124,1232.605188102124,2.418299332833737
0.3375,0.8200000000000001,98.9616829460906,1238.7649407931274,1232.7649407931274,2.4081664471876687
0.34375,0.8200000000000001,99.03814275688092,1238.8414006039177,1232.8414006039177,2.398273334699365
0.35,0.8200000000000001,99.03387438497248,1238.8371322320093,1232.8371322320093,2.3886143703792926
0.35625,0.8200000000000001,98.95142402909482,1238.7546818761316,1232.7546818761316,2.3791840493380443
0.3625,0.8200000000000001,98.79331698095098,1238.5965748279878,1232.5965748279878,2.369976985032864
0.36875,0.8200000000000001,98.5620553552692,1238.365313202306,1232.365313202306,2.3609879074968965
0.375,0.8200000000000001,98.26011595666046,1238.0633738036972,1232.0633738036972,2.352211661553501
0.38125,0.8200000000000001,97.88994828144769,1237.6932061284845,1231.6932061284845,2.3436432050179774
0.38749999999999996,0.8200000000000001,97.45397265236056,1237.2572304993973,1231.2572304993973,2.3352776068889427
0.39375,0.8200000000000001,96.95457848370916,1236.757836330746,1230.757836330746,2.327110045531573
0.4,0.8200000000000001,96.39412267442708,1236.1973805214639,1230.1973805214639,2.3191358068548316
0.40625,0.8200000000000001,95.77492812611467,1235.5781859731514,1229.5781859731514,2.31135028248477
0.4125,0.8200000000000001,95.09928238306475,1234.9025402301015,1228.9025402301015,2.30374896793588
0.41874999999999996,0.8200000000000001,94.36943639105039,1234.1726942380872,1228.1726942380872,2.296327460782445
0.425,0.8200000000000001,93.5876033715133,1233.39086121855,1227.39086121855,2.289081458831713
0.43125,0.8200000000000001,92.75595780765502,1232.5592156546918,1226.5592156546918,2.2820067583006995
0.4375,0.8200000000000001,91.87663453883147,1231.6798923858682,1225.6798923858682,2.2750992519982973
0.44375,0.8200000000000001,90.95172795956319,1230.7549858066,1224.7549858066,2.268354927514312
0.44999999999999996,0.8200000000000001,89.98329131938067,1229.7865491664174,1223.7865491664174,2.2617698654169915
0.45625,0.8200000000000001,88.97333611970475,1228.7765939667415,1222.7765939667415,2.2553402374604774
0.46249999999999997,0.8200000000000001,87.92383160388158,1227.7270894509184,1221.7270894509184,2.2490623048035996
0.46875,0.8200000000000001,86.8367043365165,1226.6399621835533,1220.6399621835533,2.2429324162412976
0.475,0.8200000000000001,85.71383786819911,1225.5170957152359,1219.5170957152359,2.2369470064499195
0.48125,0.8200000000000001,84.55707248173462,1224.3603303287714,1218.3603303287714,2.231102594247536
0.4875,0.8200000000000001,83.36820501603916,1223.171462863076,1217.171462863076,2.225395780870365
0.49374999999999997,0.8200000000000001,82.1489887638279,1221.9522466108647,1215.9522466108647,2.2198232482663154
0.5,0.8200000000000001,80.90113343933217,1220.704391286369,1214.704391286369,2.214381757406569
0.50625,0.8200000000000001,79.62630521227379,1219.4295630593106,1213.4295630593106,2.209068146616083
0.5125,0.8200000000000001,78.32612680441662,1218.1293846514534,1212.1293846514534,2.203879329923795
0.51875,0.8200000000000001,77.00217764507647,1216.8054354921132,1210.8054354921132,2.1988122954332763
0.5249999999999999,0.8200000000000001,75.6559940820348,1215.4592519290716,1209.4592519290716,2.193864103714477
0.53125,0.8200000000000001,74.2890696443776,1214.0923274914144,1208.0923274914144,2.189031886217177
0.5375,0.8200000000000001,72.90285535389353,1212.7061132009303,1206.7061132009303,2.1843128437066843
0.54375,0.8200000000000001,71.49876008171054,1211.3020179287473,1205.3020179287473,2.179704244722255
0.55,0.8200000000000001,70.07815094699731,1209.881408794034,1203.881408794034,2.175203424058652
0.5562499999999999,0.8200000000000001,68.64235375459225,1208.445611601629,1202.445611601629,2.170807781271242
0.5625,0.8200000000000001,67.1926534685847,1206.9959113156215,1200.9959113156215,2.166514779204914
0.56875,0.8200000000000001,65.73029471891914,1205.533552565956,1199.533552565956,2.162321942547118
0.575,0.8200000000000001,64.25648233825063,1204.0597401852874,1198.0597401852874,2.1582268564052116
0.58125,0.8200000000000001,62.77238192632626,1202.575639773363,1196.575639773363,2.154227164908334
0.5874999999999999,0.8200000000000001,61.27912043932906,1201.0823782863658,1195.0823782863658,2.1503205698338963
0.59375,0.8200000000000001,59.77778680168831,1199.581044648725,1193.581044648725,2.146504829258811
0.6,0.8200000000000001,58.26943253798777,1198.0726903850245,1192.0726903850245,2.142777756235497
0.2,0.8400000000000001,75.67005368753985,1215.4733115345766,1209.4733115345766,2.7181007025346355
0.20625000000000002,0.8400000000000001,78.23660295126001,1218.0398607982968,1212.0398607982968,2.7008649596481535
0.21250000000000002,0.8400000000000001,80.66394326266095,1220.4672011096977,1214.4672011096977,2.6840328132882054
0.21875,0.8400000000000001,82.95428142208993,1222.7575392691267,1216.7575392691267,2.66759533575824
0.225,0.8400000000000001,85.10988860778616,1224.913146454823,1218.913146454823,2.6515437593120055
0.23125,0.8400000000000001,87.13309536534962,1226.9363532123864,1220.9363532123864,2.635869475099328
0.23750000000000002,0.8400000000000001,89.02628665581847,1228.8295445028552,1222.8295445028552,2.6205640320471284
0.24375000000000002,0.8400000000000001,90.79189697257743,1230.5951548196142,1224.5951548196142,2.605619135677359
0.25,0.8400000000000001,92.43240553670444,1232.2356633837412,1226.2356633837412,2.5910266468636314
0.25625,0.8400000000000001,93.95033157964053,1233.7535894266773,1227.7535894266773,2.5767785805285466
0.2625,0.8400000000000001,95.34822972145116,1235.151487568488,1229.151487568488,2.5628671042837707
0.26875,0.8400000000000001,96.62868545224387,1236.4319432992806,1230.4319432992806,2.5492845370150805
0.275,0.8400000000000001,97.79431072364491,1237.5975685706817,1231.5975685706817,2.5360233474146843
0.28125,0.8400000000000001,98.84773965659565,1238.6509975036324,1232.6509975036324,2.5230761524632044
0.2875,0.8400000000000001,99.79162437104219,1239.594882218079,1233.594882218079,2.5104357158637796
0.29375,0.8400000000000001,100.62863094248473,1240.4318887895215,1234.4318887895215,2.4980949464308404
0.3,0.8400000000000001,101.36143548968994,1241.1646933367267,1235.1646933367267,2.4860468964361004
0.30625,0.8400000000000001,101.9927203972859,1241.7959782443227,1235.7959782443227,2.474284759914417
0.3125,0.8400000000000001,102.52517067635654,1242.3284285233933,1236.3284285233933,2.4628018709321267
0.31875,0.8400000000000001,102.96147046554256,1242.7647283125793,1236.7647283125793,2.451591701820537
0.325,0.8400000000000001,103.30429967468103,1243.1075575217178,1237.1075575217178,2.4406478613772316
0.33125,0.8400000000000001,103.5563307723819,1243.3595886194187,1237.3595886194187,2.429964093037841
0.3375,0.8400000000000001,103.7202257185204,1243.5234835655572,1237.5234835655572,2.4195342730209424
0.34375,0.8400000000000001,103.79863304208902,1243.6018908891258,1237.6018908891258,2.409352408448687
0.35,0.8400000000000001,103.79418506441107,1243.5974429114478,1237.5974429114478,2.399412635445782
0.35625,0.8400000000000001,103.70949526728782,1243.5127531143246,1237.5127531143246,2.389709217219367
0.3625,0.8400000000000001,103.54715580523111,1243.350413652268,1237.350413652268,2.3802365421223084
0.36875,0.8400000000000001,103.30973516057952,1243.1129930076163,1237.1129930076163,2.3709891217023884
0.375,0.8400000000000001,102.99977593991298,1242.8030337869498,1236.8030337869498,2.3619615887397862
0.38125,0.8400000000000001,102.61979280987202,1242.4230506569088,1236.4230506569088,2.353148695275234
0.38749999999999996,0.8400000000000001,102.1722705701884,1241.9755284172252,1235.9755284172252,2.344545310631108
0.39375,0.8400000000000001,101.65966236144209,1241.4629202084789,1235.4629202084789,2.336146419427717
0.4,0.8400000000000001,101.0843880048335,1240.8876458518703,1234.8876458518703,2.3279471195969026
0.40625,0.8400000000000001,100.44883247101279,1240.2520903180496,1234.2520903180496,2.319942620395075
0.4125,0.8400000000000001,99.7553444748255,1239.5586023218623,1233.5586023218623,2.3121282404176484
0.41874999999999996,0.8400000000000001,99.00623519263786,1238.8094930396746,1232.8094930396746,2.304499405616839
0.425,0.8400000000000001,98.20377709877653,1238.0070349458133,1232.0070349458133,2.2970516473246505
0.43125,0.8400000000000001,97.35020291745491,1237.1534607644917,1231.1534607644917,2.2897806002828225
0.4375,0.8400000000000001,96.44770468646107,1236.2509625334978,1230.2509625334978,2.282682000681425
0.44375,0.8400000000000001,95.49843292880064,1235.3016907758374,1229.3016907758374,2.275751684207711
0.44999999999999996,0.8400000000000001,94.50449592839391,1234.3077537754307,1228.3077537754307,2.268985584106732
0.45625,0.8400000000000001,93.46795910587434,1233.2712169529111,1227.2712169529111,2.2623797292551764
0.46249999999999997,0.8400000000000001,92.39084449051734,1232.194102337554,1226.194102337554,2.2559302422497702
0.46875,0.8400000000000001,91.2751302842837,1231.0783881313205,1225.0783881313205,2.24963333751153
0.475,0.8400000000000001,90.12275051395318,1229.92600836099,1223.92600836099,2.243485319407058
0.48125,0.8400000000000001,88.93559476735572,1228.7388526143925,1222.7388526143925,2.237482580388006
0.4875,0.8400000000000001,87.71550800969476,1227.5187658567315,1221.5187658567315,2.231621599149735
0.49374999999999997,0.8400000000000001,86.46429047600259,1226.2675483230394,1220.2675483230394,2.2258989388101553
0.5,0.8400000000000001,85.18369763582018,1224.986955482857,1218.986955482857,2.2203112451096243
0.50625,0.8400000000000001,83.87544022622342,1223.6786980732602,1217.6786980732602,2.214855244632715
0.5125,0.8400000000000001,82.54118434937914,1222.344442196416,1216.344442196416,2.209527743052634
0.51875,0.8400000000000001,81.18255163092294,1220.9858094779597,1214.9858094779597,2.2043256233989235
0.5249999999999999,0.8400000000000001,79.80111943546149,1219.6043772824983,1213.6043772824983,2.1992458443491048
0.53125,0.8400000000000001,78.39842113563873,1218.2016789826755,1212.2016789826755,2.1942854385447896
0.5375,0.8400000000000001,76.97594643126399,1216.7792042783008,1210.7792042783008,2.1894415109327388
0.54375,0.8400000000000001,75.53514171511392,1215.3383995621507,1209.3383995621507,2.184711237131331
0.55,0.8400000000000001,74.07741048208027,1213.880668329117,1207.880668329117,2.1800918618227736
0.5562499999999999,0.8400000000000001,72.60411377849118,1212.407371625528,1206.407371625528,2.175580697171402
0.5625,0.8400000000000001,71.11657068848422,1210.919828535521,1204.919828535521,2.171175121268311
0.56875,0.8400000000000001,69.61605885443919,1209.419316701476,1203.419316701476,2.166872576602548
0.575,0.8400000000000001,68.10381502859423,1207.907072875631,1201.907072875631,2.1626705685590304
0.58125,0.8400000000000001,66.58103565305805,1206.3842935000948,1200.3842935000948,2.158566663943293
0.5874999999999999,0.8400000000000001,65.04887746554846,1204.8521353125852,1198.8521353125852,2.1545584895331817
0.59375,0.8400000000000001,63.50845812829402,1203.3117159753308,1197.3117159753308,2.150643730657477
0.6,0.8400000000000001,61.96085687766458,1201.7641147247014,1195.7641147247014,2.1468201298015015
0.2,0.86,79.71928346324489,1219.5225413102817,1213.5225413102817,2.7385456097101737
0.20625000000000002,0.86,82.35138890496955,1222.1546467520063,1216.1546467520063,2.720764223933535
0.21250000000000002,0.86,84.8407732717701,1224.6440311188069,1218.6440311188069,2.7034019365681603
0.21875,0.86,87.18969144264292,1226.9929492896797,1220.9929492896797,2.686449372762568
0.225,0.86,89.40046508160185,1229.2037229286386,1223.2037229286386,2.6698973295853397
0.23125,0.86,91.47547745765041,1231.2787353046872,1225.2787353046872,2.653736774727601
0.23750000000000002,0.86,93.41716832597149,1233.2204261730083,1227.2204261730083,2.637958845141395
0.24375000000000002,0.86,95.22802888087995,1235.0312867279167,1229.0312867279167,2.6225548456158205
0.25,0.86,96.91059679039154,1236.7138546374283,1230.7138546374283,2.6075162472929705
0.25625,0.86,98.46745132157048,1238.2707091686073,1232.2707091686073,2.5928346861258538
0.2625,0.86,99.90120856515182,1239.7044664121886,1233.7044664121886,2.578501961280561
0.26875,0.86,101.21451676719175,1241.0177746142285,1235.0177746142285,2.564510033485096
0.275,0.86,102.41005177487045,1242.2133096219072,1236.2133096219072,2.550851023327353
0.28125,0.86,103.49051260281999,1243.2937704498568,1237.2937704498568,2.5375172095048146
0.2875,0.86,104.4586171257456,1244.2618749727824,1238.2618749727824,2.524501027028586
0.29375,0.86,105.31709790237323,1245.12035574941,1239.12035574941,2.5117950653844825
0.3,0.86,106.06869813517665,1245.8719559822134,1239.8719559822134,2.499392066653863
0.30625,0.86,106.71616776964447,1246.5194256166812,1240.5194256166812,2.4872849235969863
0.3125,0.86,107.26225973629016,1247.065517583327,1241.065517583327,2.475466677701653
0.31875,0.86,107.709726337951,1247.5129841849878,1241.5129841849878,2.4639305171999055
0.325,0.86,108.06131578443023,1247.864573631467,1241.864573631467,2.45266977505557
0.33125,0.86,108.319768875911,1248.1230267229478,1242.1230267229478,2.4416779269253857
0.3375,0.86,108.48781583609912,1248.291073683136,1242.291073683136,2.4309485890964697
0.34375,0.86,108.56817329553928,1248.371431142576,1242.371431142576,2.420475516402823
0.35,0.86,108.56354142506711,1248.366799272104,1242.366799272104,2.410252600123539
0.35625,0.86,108.47660121894023,1248.279859065977,1242.279859065977,2.4002738658653544
0.3625,0.86,108.31001192673943,1248.1132697737762,1242.1132697737762,2.3905334714320965
0.36875,0.86,108.06640863278426,1247.869666479821,1241.869666479821,2.3810257046835583
0.375,0.86,107.74839998139373,1247.5516578284305,1241.5516578284305,2.371744981386254
0.38125,0.86,107.35856604604169,1247.1618238930785,1241.1618238930785,2.362685843058432
0.38749999999999996,0.86,106.89945634009791,1246.7027141871347,1240.7027141871347,2.3538429548116846
0.39375,0.86,106.3735879666001,1246.1768458136369,1240.1768458136369,2.345211103191371
0.4,0.86,105.78344390422944,1245.5867017512662,1239.5867017512662,2.336785194018039
0.40625,0.86,105.13147142643288,1244.9347292734697,1238.9347292734697,2.3285602502319285
0.4125,0.86,104.42008065042887,1244.2233384974656,1238.2233384974656,2.320531409742554
0.41874999999999996,0.86,103.6516432126698,1243.4549010597066,1237.4549010597066,2.31269392328529
0.425,0.86,102.82849106713661,1242.6317489141734,1236.6317489141734,2.3050431522868067
0.43125,0.86,101.95291540275434,1241.7561732497911,1235.7561732497911,2.297574566741086
0.4375,0.86,101.02716567606012,1240.830423523097,1234.830423523097,2.290283743097696
0.44375,0.86,100.05344875518904,1239.8567066022258,1233.8567066022258,2.283166362163905
0.44999999999999996,0.86,99.03392817114855,1238.8371860181853,1232.8371860181853,2.2762182070221164
0.45625,0.86,97.97072347232393,1237.7739813193607,1231.7739813193607,2.2694351609640355
0.46249999999999997,0.86,96.86590967807228,1236.669167525109,1230.669167525109,2.2628132054428898
0.46875,0.86,95.72151682729736,1235.5247746743341,1229.5247746743341,2.2563484180449502
0.475,0.86,94.53952961783466,1234.3427874648714,1228.3427874648714,2.250036970481481
0.48125,0.86,93.32188713253049,1233.1251449795673,1227.1251449795673,2.243875126602226
0.4875,0.86,92.07048264788159,1231.8737404949184,1225.8737404949184,2.2378592404314057
0.49374999999999997,0.86,90.78716352115157,1230.5904213681883,1224.5904213681883,2.2319857542271304
0.5,0.86,89.4737311519325,1229.2769889989693,1223.2769889989693,2.226251196565104
0.50625,0.86,88.13194101414774,1227.9351988611845,1221.9351988611845,2.22065218044735
0.5125,0.86,86.76350275458003,1226.5667606016168,1220.5667606016168,2.21518540143667
0.51875,0.86,85.37008035406029,1225.173338201097,1219.173338201097,2.209847635817459
0.5249999999999999,0.86,83.95329234755627,1223.756550194593,1217.756550194593,2.20463573878343
0.53125,0.86,82.51471209944316,1222.31796994648,1216.31796994648,2.19954664265274
0.5375,0.86,81.0558681303819,1220.8591259774187,1214.8591259774187,2.1945773551109578
0.54375,0.86,79.57824449227837,1219.3815023393151,1213.3815023393151,2.1897249574822286
0.55,0.86,78.0832811879327,1217.8865390349695,1211.8865390349695,2.184986603028951
0.5562499999999999,0.86,76.57237463207048,1216.3756324791073,1210.3756324791073,2.1803595152802413
0.5625,0.86,75.04687815055695,1214.8501359975937,1208.8501359975937,2.1758409863893555
0.56875,0.86,73.50810251471762,1213.3113603617544,1207.3113603617544,2.1714283755202595
0.575,0.86,71.95731650777748,1211.7605743548143,1205.7605743548143,2.1671191072634346
0.58125,0.86,70.3957475205666,1210.1990053676034,1204.1990053676034,2.162910670080982
0.5874999999999999,0.86,68.82458217373596,1208.6278400207727,1202.6278400207727,2.1588006147810477
0.59375,0.86,67.2449669638338,1207.0482248108706,1201.0482248108706,2.154786553021551
0.6,0.86,65.65800893073992,1205.4612667777767,1199.4612667777767,2.1508661558431594
0.2,0.88,83.77537327583173,1223.5786311228685,1217.5786311228685,2.7591382883370623
0.20625000000000002,0.88,86.47322705168449,1226.2764848987213,1220.2764848987213,2.7408039492155805
0.21250000000000002,0.88,89.02483876086012,1228.828096607897,1222.828096607897,2.722904551765764
0.21875,0.88,91.4325112055567,1231.2357690525935,1225.2357690525935,2.7054302590360626
0.225,0.88,93.6986164171301,1233.5018742641669,1227.5018742641669,2.688371418559381
0.23125,0.88,95.82559030410448,1235.6288481511413,1229.6288481511413,2.6717185607924856
0.23750000000000002,0.88,97.81592736410107,1237.6191852111378,1231.6191852111378,2.655462397492357
0.24375000000000002,0.88,99.6721754705477,1239.4754333175845,1233.4754333175845,2.639593820031589
0.25,0.88,101.39693074428624,1241.200188591323,1235.200188591323,2.624103897655097
0.25625,0.88,102.99283251951738,1242.7960903665542,1236.7960903665542,2.608983875680515
0.2625,0.88,104.46255841277707,1244.2658162598138,1238.2658162598138,2.594225173644781
0.26875,0.88,105.80881950293542,1245.6120773499722,1239.6120773499722,2.5798193833995007
0.275,0.88,107.03435562949585,1246.8376134765326,1240.8376134765326,2.565758267157773
0.28125,0.88,108.14193081575695,1247.9451886627937,1241.9451886627937,2.5520337554952186
0.2875,0.88,109.1343288227074,1248.9375866697442,1242.9375866697442,2.538637945308019
0.29375,0.88,110.01434883884417,1249.817606685881,1243.817606685881,2.525563097730799
0.3,0.88,110.78480131043057,1250.5880591574673,1244.5880591574673,2.5128016360172363
0.30625,0.88,111.44850391605428,1251.251761763091,1245.251761763091,2.5003461433862837
0.3125,0.88,112.0082776887366,1251.8115355357734,1245.8115355357734,2.4881893608369015
0.31875,0.88,112.4669432881974,1252.2702011352342,1246.2702011352342,2.476324184934188
0.325,0.88,112.82731742532951,1252.6305752723663,1246.6305752723663,2.4647436655697894
0.33125,0.88,113.09220944034428,1252.895467287381,1246.895467287381,2.453441003699454
0.3375,0.88,113.26441803554076,1253.0676758825775,1247.0676758825775,2.44240954906053
0.34375,0.88,113.34672816310785,1253.1499860101446,1247.1499860101446,2.431642797872209
0.35,0.88,113.34190806790843,1253.1451659149452,1247.1451659149452,2.4211343905212512
0.35625,0.88,113.25270648473474,1253.0559643317715,1247.0559643317715,2.4108781092358536
0.3625,0.88,113.08184998908564,1252.8851078361224,1246.8851078361224,2.40086787575031
0.36875,0.88,112.832040500125,1252.6352983471618,1246.6352983471618,2.391097748962999
0.375,0.88,112.50595293410674,1252.3092107811435,1246.3092107811435,2.381561922590193
0.38125,0.88,112.10623300619591,1251.9094908532327,1245.9094908532327,2.372254722818107
0.38749999999999996,0.88,111.63549517833917,1251.438753025376,1245.438753025376,2.363170605955506
0.39375,0.88,111.09632075047443,1250.8995785975112,1244.8995785975112,2.3543041560891407
0.4,0.88,110.49125609219914,1250.294513939236,1244.294513939236,2.3456500827441618
0.40625,0.88,109.82281101169588,1249.6260688587327,1243.6260688587327,2.3372032185516187
0.4125,0.88,109.09345725857247,1248.8967151056092,1242.8967151056092,2.3289585169250135
0.41874999999999996,0.88,108.30562715702922,1248.108885004066,1242.108885004066,2.320911049747829
0.425,0.88,107.46171236565692,1247.2649702126937,1241.2649702126937,2.3130560050738493
0.43125,0.88,106.56406275999052,1246.3673206070273,1240.3673206070273,2.305388684841986
0.4375,0.88,105.61498543384118,1245.418243280878,1239.418243280878,2.2979045026072558
0.44375,0.88,104.61674381534658,1244.4200016623834,1238.4200016623834,2.2905989812894503
0.44999999999999996,0.88,103.57155689357592,1243.3748147406127,1237.3748147406127,2.2834677509409453
0.45625,0.88,102.48159855149788,1242.2848563985347,1236.2848563985347,2.2765065465350283
0.46249999999999997,0.88,101.34899700104279,1241.1522548480796,1235.1522548480796,2.2697112057760034
0.46875,0.88,100.17583431603066,1239.9790921630674,1233.9790921630674,2.26307766693228
0.475,0.88,98.96414605864561,1238.7674039056824,1232.7674039056824,2.256601966693539
0.48125,0.88,97.71592099522127,1237.519178842258,1231.519178842258,2.250280238053002
0.4875,0.88,96.43310089708416,1236.236358744121,1230.236358744121,2.244108708215734
0.49374999999999997,0.88,95.11758042222868,1234.9208382692655,1228.9208382692655,2.238083696533857
0.5,0.88,93.77120707367749,1233.5744649207143,1227.5744649207143,2.232201612469434
0.50625,0.88,92.3957812304036,1232.1990390774404,1226.1990390774404,2.226458953585738
0.5125,0.88,90.99305624676413,1230.796314093801,1224.796314093801,2.2208523035675523
0.51875,0.88,89.56473861648965,1229.3679964635264,1223.3679964635264,2.2153783302710295
0.5249999999999999,0.88,88.11248819731009,1227.9157460443469,1221.9157460443469,2.2100337838036483
0.53125,0.88,86.63791849244853,1226.4411763394853,1220.4411763394853,2.2048154946346514
0.5375,0.88,85.14259698522869,1224.9458548322655,1218.9458548322655,2.1997203717363667
0.54375,0.88,83.62804552323132,1223.431303370268,1217.431303370268,2.1947454007566947
0.55,0.88,82.09574074845432,1221.898998595491,1215.898998595491,2.189887642223008
0.5562499999999999,0.88,80.54711457009057,1220.3503724171273,1214.3503724171273,2.185144229777677
0.5625,0.88,78.983554676641,1218.7868125236778,1212.7868125236778,2.180512368445334
0.56875,0.88,77.40640508415981,1217.2096629311966,1211.2096629311966,2.1759893329319815
0.575,0.88,75.81696671758914,1215.620224564626,1209.620224564626,2.171572465955987
0.58125,0.88,74.21649802222692,1214.0197558692637,1208.0197558692637,2.1672591766109477
0.5874999999999999,0.88,72.60621560248501,1212.4094734495218,1206.4094734495218,2.163046938760407
0.59375,0.88,70.98729488522713,1210.790552732264,1204.790552732264,2.1589332894643016
0.6,0.88,69.36087080509901,1209.1641286521358,1203.1641286521358,2.154915827437057
0.2,0.9,87.8383018465413,1227.641559693578,1221.641559693578,2.779879760277461
0.20625000000000002,0.9,90.60209505194416,1230.405352898981,1224.405352898981,2.7609850805743874
0.21250000000000002,0.9,93.21611635292538,1233.0193741999622,1227.0193741999622,2.742541532437781
0.21875,0.9,95.68271632326105,1235.4859741702978,1229.4859741702978,2.724538801540473
0.225,0.9,98.0043172467872,1237.807575093824,1231.807575093824,2.7069667712175156
0.23125,0.9,100.18340759095304,1239.9866654379898,1233.9866654379898,2.689815520621829
0.23750000000000002,0.9,102.22253654711335,1242.0257943941501,1236.0257943941501,2.6730753228182755
0.24375000000000002,0.9,104.12430864870112,1243.927566495738,1237.927566495738,2.6567366428185233
0.25,0.9,105.8913784776978,1245.6946363247346,1239.6946363247346,2.6407901355591537
0.25625,0.9,107.52644546907754,1247.3297033161143,1241.3297033161143,2.6252266438256635
0.2625,0.9,109.03224882215181,1248.8355066691886,1242.8355066691886,2.610037196125015
0.26875,0.9,110.41156252701876,1250.2148203740555,1244.2148203740555,2.5952130045095756
0.275,0.9,111.66719051355722,1251.470448360594,1245.470448360594,2.5807454623552806
0.28125,0.9,112.80196192970493,1252.6052197767417,1246.6052197767417,2.5666261420969585
0.2875,0.9,113.81872655500501,1253.6219844020418,1247.6219844020418,2.5528467929237983
0.29375,0.9,114.72035035475596,1254.5236082017927,1248.5236082017927,2.53939933843792
0.3,0.9,115.50971117934114,1255.312969026378,1249.312969026378,2.526275874279121
0.30625,0.9,116.1896946127074,1255.9929524597442,1249.9929524597442,2.5134686657187664
0.3125,0.9,116.76318997327257,1256.5664478203093,1250.5664478203093,2.500970145225885
0.31875,0.9,117.23308646992268,1257.0363443169595,1251.0363443169595,2.488772910008449
0.325,0.9,117.60226951517802,1257.4055273622148,1251.4055273622148,2.4768697195328246
0.33125,0.9,117.8736171969781,1257.6768750440149,1251.6768750440149,2.4652534930243384
0.3375,0.9,118.04999691005537,1257.8532547570921,1251.8532547570921,2.45391730695186
0.34375,0.9,118.13426214727019,1257.937519994307,1251.937519994307,2.44285439249925
0.35,0.9,118.12924945082682,1257.9325072978636,1251.9325072978636,2.4320581330264677
0.35625,0.9,118.03777552281895,1257.8410333698557,1251.8410333698557,2.421522061523079
0.3625,0.9,117.86263449408625,1257.665892341123,1251.665892341123,2.41123985805681
0.36875,0.9,117.6065953499949,1257.4098531970317,1251.4098531970317,2.4012053472197503
0.375,0.9,117.27239951132606,1257.0756573583628,1251.0756573583628,2.3914124955747043
0.38125,0.9,116.86275856815132,1256.666016415188,1250.666016415188,2.381855409104119
0.38749999999999996,0.9,116.3803521642094,1256.1836100112462,1250.1836100112462,2.3725283306639424
0.39375,0.9,115.82782602902876,1255.6310838760655,1249.6310838760655,2.363425637444644
0.4,0.9,115.20779015476364,1255.0110480018004,1249.0110480018004,2.3545418384415737
0.40625,0.9,114.52281711446881,1254.3260749615056,1248.3260749615056,2.345871571936726
0.4125,0.9,113.77544051831956,1253.5786983653563,1247.5786983653563,2.3374096029938887
0.41874999999999996,0.9,112.96815360410392,1252.7714114511407,1246.7714114511407,2.32915082096905
0.425,0.9,112.10340795814955,1251.9066658051863,1245.9066658051863,2.321090237037844
0.43125,0.9,111.1836123626781,1250.9868702097149,1244.9868702097149,2.3132229817417533
0.4375,0.9,110.21113176550489,1250.0143896125417,1244.0143896125417,2.305544302554628
0.44375,0.9,109.18828636787362,1248.9915442149104,1242.9915442149104,2.2980495614710446
0.44999999999999996,0.9,108.11735082613814,1247.920608673175,1241.920608673175,2.2907342326179094
0.45625,0.9,107.00055356297253,1246.8038114100093,1240.8038114100093,2.283593899890605
0.46249999999999997,0.9,105.84007618370902,1245.6433340307458,1239.6433340307458,2.2766242546149265
0.46875,0.9,104.63805299342721,1244.441310840464,1238.441310840464,2.2698210932359215
0.475,0.9,103.3965706103711,1243.1998284574079,1237.1998284574079,2.263180315034688
0.48125,0.9,102.11766767130916,1241.920925518346,1235.920925518346,2.2566979198740853
0.4875,0.9,100.8033346244556,1240.6065924714924,1234.6065924714924,2.2503700059742386
0.49374999999999997,0.9,99.45551360561149,1239.2587714526483,1233.2587714526483,2.2441927677186224
0.5,0.9,98.07609839325005,1237.8793562402868,1231.8793562402868,2.2381624934914446
0.50625,0.9,96.66693443828308,1236.4701922853199,1230.4701922853199,2.2322755635469713
0.5125,0.9,95.22981896436045,1235.0330768113972,1229.0330768113972,2.2265284479113423
0.51875,0.9,93.76650113461415,1233.569758981651,1227.569758981651,2.2209177043173836
0.5249999999999999,0.9,92.27868228082252,1232.0819401278593,1226.0819401278593,2.2154399761728336
0.53125,0.9,90.76801619108869,1230.5712740381255,1224.5712740381255,2.2100919905623444
0.5375,0.9,89.23610945221412,1229.039367299251,1223.039367299251,2.2048705562835424
0.54375,0.9,87.68452184303737,1227.4877796900741,1221.4877796900741,2.1997725619173965
0.55,0.9,86.11476677515066,1225.9180246221874,1219.9180246221874,2.1947949739330475
0.5562499999999999,0.9,84.52831177745247,1224.3315696244892,1218.3315696244892,2.189934834827254
0.5625,0.9,82.92657902120027,1222.729836868237,1216.729836868237,2.1851892612984805
0.56875,0.9,81.31094588223777,1221.1142037292745,1215.1142037292745,2.180555442455676
0.575,0.9,79.68274553728338,1219.4860033843202,1213.4860033843202,2.1760306380617154
0.58125,0.9,78.04326759122023,1217.846525438257,1211.846525438257,2.1716121768114065
0.5874999999999999,0.9,76.39375873248241,1216.1970165795192,1210.1970165795192,2.1672974546439763
0.59375,0.9,74.73542341372672,1214.5386812607635,1208.5386812607635,2.163083933089874
0.6,0.9,73.06942455513877,1212.8726824021755,1206.8726824021755,2.158969137651688
0.2,0.9199999999999999,91.90804781261181,1231.7113056596486,1225.7113056596486,2.8007710541519515
0.20625000000000002,0.9199999999999999,94.73797047752487,1234.5412283245616,1228.5412283245616,2.7813085691489627
0.21250000000000002,0.9199999999999999,97.41458257753857,1237.2178404245753,1231.2178404245753,2.7623137575658774
0.21875,0.9199999999999999,99.94028231024322,1239.74354015728,1233.74354015728,2.743775812088359
0.225,0.9199999999999999,102.31754210067106,1242.1207999477078,1236.1207999477078,2.725684136874627
0.23125,0.9199999999999999,104.54890289791115,1244.352160744948,1238.352160744948,2.7080283454056904
0.23750000000000002,0.9199999999999999,106.63696854136151,1246.4402263883983,1240.4402263883983,2.6907982582759957
0.24375000000000002,0.9199999999999999,108.58440020808439,1248.3876580551212,1242.3876580551212,2.6739839009270505
0.25,0.9199999999999999,110.39391095194787,1250.1971687989846,1244.1971687989846,2.6575755013267646
0.25625,0.9199999999999999,112.06826034447454,1251.8715181915113,1245.8715181915113,2.641563487597328
0.2625,0.9199999999999999,113.61024922657953,1253.4135070736163,1247.4135070736163,2.6259384855945367
0.26875,0.9199999999999999,115.02271457956294,1254.8259724265997,1248.8259724265997,2.6106913164415837
0.275,0.9199999999999999,116.3085245230127,1256.1117823700495,1250.1117823700495,2.59581299402035
0.28125,0.9199999999999999,117.47057344648351,1257.2738312935203,1251.2738312935203,2.5812947224233187
0.2875,0.9199999999999999,118.51177728109269,1258.3150351281295,1252.3150351281295,2.5671278933692276
0.29375,0.9199999999999999,119.43506891645825,1259.238326763495,1253.238326763495,2.553304083585628
0.3,0.9199999999999999,120.2433937676683,1260.046651614705,1254.046651614705,2.539815052161499
0.30625,0.9199999999999999,120.9397054963083,1260.742963343345,1254.742963343345,2.5266527378730848
0.3125,0.9199999999999999,121.52696188887762,1261.3302197359144,1255.3302197359144,2.5138092564860695
0.31875,0.9199999999999999,122.00812089531996,1261.8113787423567,1255.8113787423567,2.5012768980372164
0.325,0.9199999999999999,122.38613682972482,1262.1893946767616,1256.1893946767616,2.489048124098543
0.33125,0.9199999999999999,122.66395673469583,1262.4672145817326,1256.4672145817326,2.4771155650270393
0.3375,0.9199999999999999,122.84451691031518,1262.647774757352,1256.647774757352,2.4654720172029374
0.34375,0.9199999999999999,122.9307396080685,1262.7339974551053,1256.7339974551053,2.4541104402594036
0.35,0.9199999999999999,122.92552988960983,1262.7287877366466,1256.7287877366466,2.44302395430654
0.35625,0.9199999999999999,122.83177264977394,1262.6350304968107,1256.6350304968107,2.4322058371524307
0.3625,0.9199999999999999,122.65232980273822,1262.455587649775,1256.455587649775,2.421649521523951
0.36875,0.9199999999999999,122.39003762989933,1262.193295476936,1256.193295476936,2.41134859228994
0.375,0.9199999999999999,122.04770428757024,1261.850962134607,1255.850962134607,2.401296783689258
0.38125,0.9199999999999999,121.62810747225944,1261.4313653192962,1255.4313653192962,2.39148797656617
0.38749999999999996,0.9199999999999999,121.13399224100021,1260.937250088037,1254.937250088037,2.381916195615377
0.39375,0.9199999999999999,120.56806898383115,1260.371326830868,1254.371326830868,2.3725756066389647
0.4,0.9199999999999999,119.93301154530991,1259.7362693923467,1253.7362693923467,2.3634605138173823
0.40625,0.9199999999999999,119.23145549166702,1259.0347133387038,1253.0347133387038,2.3545653569965315
0.4125,0.9199999999999999,118.4659965199935,1258.2692543670303,1252.2692543670303,2.345884708992882
0.41874999999999996,0.9199999999999999,117.63918900566568,1257.4424468527025,1251.4424468527025,2.3374132729184893
0.425,0.9199999999999999,116.75354468403134,1256.5568025310681,1250.5568025310681,2.3291458795276285
0.43125,0.9199999999999999,115.81153146225324,1255.61478930929,1249.61478930929,2.3210774845867195
0.4375,0.9199999999999999,114.81557235707237,1254.6188302041091,1248.6188302041091,2.313203166269068
0.44375,0.9199999999999999,113.76804455415368,1253.5713024011905,1247.5713024011905,2.3055181225758896
0.44999999999999996,0.9199999999999999,112.67127858460958,1252.4745364316464,1246.4745364316464,2.2980176687849387
0.45625,0.9199999999999999,111.527557614226,1251.3308154612628,1245.3308154612628,2.2906972349280315
0.46249999999999997,0.9199999999999999,110.33911684088025,1250.142374687917,1244.142374687917,2.2835523632985866
0.46875,0.9199999999999999,109.10814299562367,1248.9114008426604,1242.9114008426604,2.276578705990289
0.475,0.9199999999999999,107.83677394288657,1247.6400317899233,1241.6400317899233,2.2697720224678095
0.48125,0.9199999999999999,106.52709837527732,1246.330356222314,1240.330356222314,2.263128177170512
0.4875,0.9199999999999999,105.1811555984757,1244.9844134455125,1238.9844134455125,2.256643137149922
0.49374999999999997,0.9199999999999999,103.80093540174425,1243.604193248781,1237.604193248781,2.25031296974169
0.5,0.9199999999999999,102.38837800964643,1242.1916358566832,1236.1916358566832,2.244133840272686
0.50625,0.9199999999999999,100.9453741106106,1240.7486319576474,1234.7486319576474,2.2381020098037805
0.5125,0.9199999999999999,99.4737649580427,1239.2770228050795,1233.2770228050795,2.2322138329088177
0.51875,0.9199999999999999,97.97534253979188,1237.7786003868287,1231.7786003868287,2.2264657554901643
0.5249999999999999,0.9199999999999999,96.45184981182342,1236.2551076588602,1230.2551076588602,2.2208543126312175
0.53125,0.9199999999999999,94.90498099209049,1234.7082388391273,1228.7082388391273,2.2153761264861145
0.5375,0.9199999999999999,93.33638191065893,1233.1396397576957,1227.1396397576957,2.210027904206883
0.54375,0.9199999999999999,91.74765041226578,1231.5509082593026,1225.5509082593026,2.204806435908179
0.55,0.9199999999999999,90.1403368075878,1229.9435946546246,1223.9435946546246,2.1997085926697117
0.5562499999999999,0.9199999999999999,88.51594436963046,1228.3192022166672,1222.3192022166672,2.1947313245763915
0.5625,0.9199999999999999,86.87592987174276,1226.6791877187795,1220.6791877187795,2.1898716587962075
0.56875,0.9199999999999999,85.2217041638919,1225.0249620109287,1219.0249620109287,2.1851266976957557
0.575,0.9199999999999999,83.55463278395177,1223.3578906309885,1217.3578906309885,2.180493616993332
0.58125,0.9199999999999999,81.87603660089371,1221.6792944479305,1215.6792944479305,2.1759696639494286
0.5874999999999999,0.9199999999999999,80.18719248685693,1219.9904503338937,1213.9904503338937,2.1715521555944624
0.59375,0.9199999999999999,78.48933401524619,1218.292591862283,1212.292591862283,2.16723847699348
0.6,0.9199999999999999,76.783652182085,1216.5869100291218,1210.5869100291218,2.163026079547621
0.2,0.94,95.98458972769436,1235.7878475747311,1229.7878475747311,2.821813205382649
0.20625000000000002,0.94,98.88083081189052,1238.6840886589273,1232.6840886589273,2.801775372174609
0.21250000000000002,0.94,101.62021387134791,1241.4234717183847,1235.4234717183847,2.782222111588972
0.21875,0.94,104.20518458357401,1244.0084424306108,1238.0084424306108,2.763142107371043
0.225,0.94,106.63826540712353,1246.4415232541603,1240.4415232541603,2.7445242692011944
0.23125,0.94,108.92204969876047,1248.7253075457972,1242.7253075457972,2.7263577302170856
0.23750000000000002,0.94,111.0591959032779,1250.8624537503147,1244.8624537503147,2.7086318444787536
0.24375000000000002,0.94,113.05242182773259,1252.8556796747694,1246.8556796747694,2.691336184379445
0.25,0.94,114.90449901106831,1254.707756858105,1248.707756858105,2.6744605380051016
0.25625,0.94,116.61824719929177,1256.4215050463285,1250.4215050463285,2.6579949064455914
0.2625,0.94,118.19652893560192,1257.9997867826387,1251.9997867826387,2.6419295010608095
0.26875,0.94,119.64224427405043,1259.4455021210872,1253.4455021210872,2.6262547407048418
0.275,0.94,120.95832562454984,1260.7615834715866,1254.7615834715866,2.6109612489114475
0.28125,0.94,122.14773273626929,1261.950990583306,1255.950990583306,2.5960398510441314
0.2875,0.94,123.21344782566166,1263.0167056726984,1257.0167056726984,2.5814815714141144
0.29375,0.94,124.15847085468113,1263.961728701718,1257.961728701718,2.567277630369499
0.3,0.94,124.98581496395263,1264.7890728109894,1258.7890728109894,2.5534194413589333
0.30625,0.94,125.69850206499063,1265.5017599120274,1259.5017599120274,2.539898607973039
0.3125,0.94,126.29955859487359,1266.1028164419104,1260.1028164419104,2.5267069209668676
0.31875,0.94,126.79201143608043,1266.5952692831172,1260.5952692831172,2.513836355266581
0.325,0.94,127.17888400362608,1266.9821418506629,1260.9821418506629,2.50127906696352
0.33125,0.94,127.46319250093939,1267.2664503479762,1261.2664503479762,2.489027390298771
0.3375,0.94,127.64794234543251,1267.4512001924693,1261.4512001924693,2.4770738346412506
0.34375,0.94,127.73612476409153,1267.5393826111283,1261.5393826111283,2.4654110814622827
0.35,0.94,127.7307135589208,1267.5339714059576,1261.5339714059576,2.4540319813095666
0.35625,0.94,127.63466204159613,1267.437919888633,1261.437919888633,2.4429295507833158
0.3625,0.94,127.45090013618983,1267.2541579832266,1261.2541579832266,2.432096969517303
0.36875,0.94,127.18233164843423,1266.985589495471,1260.985589495471,2.421527577167419
0.375,0.94,126.83183169955532,1266.635089546592,1260.635089546592,2.4112148704102836
0.38125,0.94,126.4022443223621,1266.2055021693989,1260.2055021693989,2.401152499954331
0.38749999999999996,0.94,125.89638021694691,1265.6996380639837,1259.6996380639837,2.3913342675656915
0.39375,0.94,125.31701466299887,1265.1202725100356,1259.1202725100356,2.381754123111096
0.4,0.94,124.66688558551346,1264.4701434325502,1258.4701434325502,2.3724061616199275
0.40625,0.94,123.94869177037322,1263.75194961741,1257.75194961741,2.3632846203674203
0.4125,0.94,123.16509122608454,1262.9683490731213,1256.9683490731213,2.3543838759809206
0.41874999999999996,0.94,122.31869968775459,1262.1219575347914,1256.1219575347914,2.3456984415710096
0.425,0.94,121.41208925919318,1261.21534710623,1255.21534710623,2.3372229638891846
0.43125,0.94,120.44778718892235,1260.2510450359591,1254.2510450359591,2.328952220513681
0.4375,0.94,119.4282747757095,1259.2315326227463,1253.2315326227463,2.3208811170649297
0.44375,0.94,118.35598639916634,1258.1592442462031,1252.1592442462031,2.313004684452038
0.44999999999999996,0.94,117.23330867087247,1257.0365665179093,1251.0365665179093,2.305318076151556
0.45625,0.94,116.06257970140405,1255.8658375484408,1249.8658375484408,2.297816565519739
0.46249999999999997,0.94,114.84608847864092,1254.6493463256777,1248.6493463256777,2.2904955431393703
0.46875,0.94,113.58607435267618,1253.389332199713,1247.389332199713,2.2833505142021546
0.475,0.94,112.28472662265722,1252.087984469694,1246.087984469694,2.276377095927555
0.48125,0.94,110.94418422089575,1250.7474420679325,1244.7474420679325,2.2695710150189217
0.4875,0.94,109.56653548962413,1249.369793336661,1243.369793336661,2.2629281051575916
0.49374999999999997,0.94,108.15381804577805,1247.9570758928148,1241.9570758928148,2.256444304535626
0.5,0.94,106.70801872928268,1246.5112765763195,1240.5112765763195,2.250115653427731
0.50625,0.94,105.2310736303416,1245.0343314773784,1239.0343314773784,2.243938291802842
0.5125,0.94,103.72486819131768,1243.5281260383545,1237.5281260383545,2.2379084569757604
0.51875,0.94,102.19123737888799,1241.9944952259248,1235.9944952259248,2.2320224812992002
0.5249999999999999,0.94,100.63196592221266,1240.4352237692494,1234.4352237692494,2.226276789896469
0.53125,0.94,99.04878861298016,1238.852046460017,1232.852046460017,2.220667898435001
0.5375,0.94,97.44339066329735,1237.2466485103341,1231.2466485103341,2.2151924109408663
0.54375,0.94,95.81740811746477,1235.6206659645015,1229.6206659645015,2.209847017654322
0.55,0.94,94.17242831384692,1233.9756861608837,1227.9756861608837,2.2046284929264135
0.5562499999999999,0.94,92.50999039310568,1232.3132482401425,1226.3132482401425,2.199533693156611
0.5625,0.94,90.83158584923558,1230.6348436962724,1224.6348436962724,2.194559554771338
0.56875,0.94,89.13865911992502,1228.9419169669618,1222.9419169669618,2.1897030922433083
0.575,0.94,87.43260821291119,1227.235866059948,1221.235866059948,2.1849613961514436
0.58125,0.94,85.71478536512359,1225.5180432121604,1219.5180432121604,2.1803316312811596
0.5874999999999999,0.94,83.98649773152465,1223.7897555785614,1217.7897555785614,2.175811034764753
0.59375,0.94,82.24900810068857,1222.0522659477253,1216.0522659477253,2.17139691426158
0.6,0.94,80.50353563430303,1220.3067934813398,1214.3067934813398,2.1670866461776876
0.2,0.96,100.06790606227014,1239.871163909307,1233.871163909307,2.8430072562365667
0.20625000000000002,0.96,103.03065345065238,1242.8339112976892,1236.8339112976892,2.8223864530205316
0.21250000000000002,0.96,105.83298657856426,1245.636244425601,1239.636244425601,2.80226748443579
0.21875,0.96,108.47739846343575,1248.2806563104725,1242.2806563104725,2.782638508986725
0.225,0.96,110.9664614932924,1250.7697193403292,1244.7697193403292,2.7634879262475422
0.23125,0.96,113.30282136195342,1253.1060792089902,1247.1060792089902,2.7448043740328414
0.23750000000000002,0.96,115.48919108000746,1255.2924489270442,1249.2924489270442,2.7265767255141027
0.24375000000000002,0.96,117.52834507363355,1257.3316029206703,1251.3316029206703,2.7087940862851827
0.25,0.96,119.42311338250329,1259.22637122954,1253.22637122954,2.691445791380012
0.25625,0.96,121.17637596720215,1260.979633814239,1254.979633814239,2.6745214022457913
0.2625,0.96,122.7910571357636,1262.5943149828004,1256.5943149828004,2.6580107036750333
0.26875,0.96,124.27012009811483,1264.0733779451516,1258.0733779451516,2.6419037006998485
0.275,0.96,125.6165616564092,1265.419819503446,1259.419819503446,2.6261906154519203
0.28125,0.96,126.8334070384401,1266.6366648854769,1260.6366648854769,2.6108618839916162
0.2875,0.96,127.92370488051165,1267.7269627275484,1261.7269627275484,2.595908153109697
0.29375,0.96,128.8905223654233,1268.69378021246,1262.69378021246,2.581320277105085
0.3,0.96,129.73694052041424,1269.540198367451,1263.540198367451,2.567089314542093
0.30625,0.96,130.46604967924782,1270.2693075262846,1264.2693075262846,2.5532065249905522
0.3125,0.96,131.08094511186255,1270.8842029588993,1264.8842029588993,2.53966336575215
0.31875,0.96,131.58472282435355,1271.3879806713903,1265.3879806713903,2.5264514885763085
0.325,0.96,131.9804755314101,1271.7837333784469,1265.7837333784469,2.5135627363688298
0.33125,0.96,132.27128880267333,1272.07454664971,1266.07454664971,2.500989139896481
0.3375,0.96,132.46023738393365,1272.2634952309704,1266.2634952309704,2.4887229144906033
0.34375,0.96,132.5503816934613,1272.353639540498,1266.353639540498,2.4767564567527587
0.35,0.96,132.54476449328263,1272.3480223403194,1266.3480223403194,2.4650823412653464
0.35625,0.96,132.44640773467972,1272.2496655817165,1266.2496655817165,2.45369331730998
0.3625,0.96,132.25830957673202,1272.0615674237688,1266.0615674237688,2.442582305596382
0.36875,0.96,131.98344157626366,1271.7866994233004,1265.7866994233004,2.431742395004414
0.375,0.96,131.62474604717954,1271.4280038942163,1265.4280038942163,2.4211668393417414
0.38125,0.96,131.18513358676228,1270.988391433799,1264.988391433799,2.4108490541195735
0.38749999999999996,0.96,130.66748076618296,1270.4707386132197,1264.4707386132197,2.400782613348753
0.39375,0.96,130.07462798213828,1269.877885829175,1263.877885829175,2.390961246358404
0.4,0.96,129.40937746627424,1269.212635313311,1263.212635313311,2.3813788346392126
0.40625,0.96,128.6744914487531,1268.4777492957899,1262.4777492957899,2.3720294087133023
0.4125,0.96,127.87269047214318,1267.67594831918,1261.67594831918,2.3629071450325636
0.41874999999999996,0.96,127.00665185156322,1266.8099096986,1260.8099096986,2.354006362907187
0.425,0.96,126.07900827687058,1265.8822661239074,1259.8822661239074,2.345321521466018
0.43125,0.96,125.09234655251475,1264.8956043995515,1258.8956043995515,2.3368472166502734
0.4375,0.96,124.04920647056497,1263.8524643176017,1257.8524643176017,2.328578178242025
0.44375,0.96,122.95207981230374,1262.7553376593405,1256.7553376593405,2.3205092669287604
0.44999999999999996,0.96,121.80340947370973,1261.6066673207465,1255.6066673207465,2.3126354714052297
0.45625,0.96,120.60558871009516,1260.408846557132,1254.408846557132,2.304951905513676
0.46249999999999997,0.96,119.36096049510707,1259.1642183421438,1253.1642183421438,2.297453805423464
0.46875,0.96,118.07181698929526,1257.875074836332,1251.875074836332,2.2901365268509837
0.475,0.96,116.74039911345267,1256.5436569604894,1250.5436569604894,2.282995542320679
0.48125,0.96,115.36889622190847,1255.1721540689452,1249.1721540689452,2.2760264384678983
0.4875,0.96,113.95944587103463,1253.7627037180714,1247.7627037180714,2.269224913384191
0.49374999999999997,0.96,112.51413367821624,1252.317391525253,1246.317391525253,2.2625867740056114
0.5,0.96,111.03499326662086,1250.8382511136576,1244.8382511136576,2.256107933544498
0.50625,0.96,109.52400629116028,1249.327264138197,1243.327264138197,2.2497844089650805
0.5125,0.96,107.98310254109424,1247.786360388131,1241.786360388131,2.2436123185032653
0.51875,0.96,106.41416011483557,1246.2174179618723,1240.2174179618723,2.2375878792307944
0.5249999999999999,0.96,104.81900566259651,1244.6222635096333,1238.6222635096333,2.231707404663977
0.53125,0.96,103.19941469260766,1243.0026725396444,1237.0026725396444,2.2259673024170628
0.5375,0.96,101.55711193676211,1241.360369783799,1235.360369783799,2.2203640719003226
0.54375,0.96,99.89377177163738,1239.6970296186742,1233.6970296186742,2.214894302062791
0.55,0.96,98.21101869097515,1238.014276538012,1232.014276538012,2.2095546691796013
0.5562499999999999,0.96,96.51042782580203,1236.3136856728388,1230.3136856728388,2.204341934683784
0.5625,0.96,94.79352550851968,1234.5967833555565,1228.5967833555565,2.1992529430423327
0.56875,0.96,93.0617898774035,1232.8650477244403,1226.8650477244403,2.194284619676313
0.575,0.96,91.31665151807806,1231.1199093651148,1225.1199093651148,2.18943396892476
0.58125,0.96,89.55949413868188,1229.3627519857187,1223.3627519857187,2.1846980720520044
0.5874999999999999,0.96,87.79165527553232,1227.594913122569,1221.594913122569,2.1800740852981213
0.59375,0.96,86.01442702627878,1225.8176848733156,1219.8176848733156,2.1755592379720716
0.6,0.96,84.22905680761437,1224.0323146546511,1218.0323146546511,2.171150830587152
0.2,0.98,104.15797520407887,1243.9612330511156,1237.9612330511156,2.8643542558692707
0.20625000000000002,0.98,107.18741570202496,1246.9906735490617,1240.9906735490617,2.843142781227679
0.21250000000000002,0.98,110.05287695145898,1249.8561347984958,1243.8561347984958,2.8224507715576057
0.21875,0.98,112.75689917365207,1252.5601570206888,1246.5601570206888,2.8022658434687675
0.225,0.98,115.30210458569582,1255.1053624327326,1249.1053624327326,2.782575870468209
0.23125,0.98,117.69119115120907,1257.4944489982458,1251.4944489982458,2.7633689797545715
0.23750000000000002,0.98,119.92692641004624,1259.730184257083,1253.730184257083,2.7446335489619056
0.24375000000000002,0.98,122.01214139940453,1261.8153992464413,1255.8153992464413,2.7263582028563578
0.25,0.98,123.94972467781304,1263.7529825248498,1257.7529825248498,2.708531809989213
0.25625,0.98,125.74261646270452,1265.5458743097413,1259.5458743097413,2.691143479309788
0.2625,0.98,127.3938028913758,1267.1970607384126,1261.1970607384126,2.674182556741742
0.26875,0.98,128.9063104143404,1268.7095682613772,1262.7095682613772,2.657638621726434
0.275,0.98,130.28320032920647,1270.0864581762432,1264.0864581762432,2.64150148373692
0.28125,0.98,131.52756346242654,1271.3308213094633,1265.3308213094633,2.625761178766244
0.2875,0.98,132.64251500542332,1272.44577285246,1266.44577285246,2.610407965793619
0.29375,0.98,133.6311895108438,1273.4344473578806,1267.4344473578806,2.595432323232094
0.3,0.98,134.4967360538751,1274.2999939009119,1268.2999939009119,2.580824945361289
0.30625,0.98,135.24231356285827,1275.045571409895,1269.045571409895,2.5665767387486533
0.3125,0.98,135.8710863226754,1275.6743441697122,1269.6743441697122,2.552678818662761
0.31875,0.98,136.3862196537002,1276.189477500737,1270.189477500737,2.5391225054819824
0.325,0.98,136.7908757684463,1276.594133615483,1270.594133615483,2.5258993211018526
0.33125,0.98,137.0882098073755,1276.8914676544123,1270.8914676544123,2.513000985344381
0.3375,0.98,137.28136605474788,1277.0846239017847,1271.0846239017847,2.5004194123724117
0.34375,0.98,137.37347433481636,1277.1767321818531,1271.1767321818531,2.4881467071120826
0.35,0.98,137.36764658806965,1277.1709044351064,1271.1709044351064,2.4761751616863448
0.35625,0.98,137.26697362681398,1277.0702314738508,1271.0702314738508,2.4644972518623383
0.3625,0.98,137.07452206878224,1276.877779915819,1270.877779915819,2.4531056335153822
0.36875,0.98,136.79333144710404,1276.5965892941408,1270.5965892941408,2.441993139112177
0.375,0.98,136.4264114944972,1276.229669341534,1270.229669341534,2.4311527742157173
0.38125,0.98,135.9767395991919,1275.7799974462287,1269.7799974462287,2.420577714014302
0.38749999999999996,0.98,135.44725842970433,1275.250516276741,1269.250516276741,2.4102612998769133
0.39375,0.98,134.84087372529893,1274.6441315723357,1268.6441315723357,2.4001970359370906
0.4,0.98,134.16045224865024,1273.963710095687,1267.963710095687,2.3903785857073445
0.40625,0.98,133.40881989698119,1273.212077744018,1267.212077744018,2.380799768726023
0.4125,0.98,132.5887599676944,1272.3920178147312,1266.3920178147312,2.3714545572384047
0.41874999999999996,0.98,131.7030115743337,1271.5062694213705,1265.5062694213705,2.362337072913701
0.425,0.98,130.75426820851817,1270.557526055555,1264.557526055555,2.3534415835995386
0.43125,0.98,129.74517644334105,1269.5484342903778,1263.5484342903778,2.3447625001153476
0.4375,0.98,128.6783347736091,1268.4815926206459,1262.4815926206459,2.3362943730859977
0.44375,0.98,127.55629258818476,1267.3595504352215,1261.3595504352215,2.3280318898169066
0.44999999999999996,0.98,126.38154926960419,1266.184807116641,1260.184807116641,2.3199698712117343
0.45625,0.98,125.15655341611205,1264.9598112631488,1258.9598112631488,2.312103268733665
0.46249999999999997,0.98,123.88370218118007,1263.6869600282168,1257.6869600282168,2.304427161411205
0.46875,0.98,122.56534072557838,1262.3685985726152,1256.3685985726152,2.296936752889283
0.475,0.98,121.20376177705998,1261.0070196240968,1255.0070196240968,2.2896273685263786
0.48125,0.98,119.80120529272585,1259.6044631397626,1253.6044631397626,2.282494452538298
0.4875,0.98,118.35985821917347,1258.1631160662103,1252.1631160662103,2.2755335651891215
0.49374999999999997,0.98,116.88185434555862,1256.6851121925954,1250.6851121925954,2.26874038002977
0.5,0.98,115.3692742447904,1255.1725320918272,1249.1725320918272,2.2621106811845553
0.50625,0.98,113.82414529808807,1253.6274031451248,1247.6274031451248,2.2556403606859816
0.5125,0.98,112.24844179827164,1252.0516996453084,1246.0516996453084,2.249325415858029
0.51875,0.98,110.64408512719297,1250.4473429742297,1244.4473429742297,2.243161946748015
0.5249999999999999,0.98,109.01294400282677,1248.8162018498635,1242.8162018498635,2.2371461536071346
0.53125,0.98,107.356834791658,1247.1600926386948,1241.1600926386948,2.231274334419655
0.5375,0.98,105.67752188209056,1245.4807797291273,1239.4807797291273,2.2255428824806973
0.54375,0.98,103.97671811472014,1243.779975961757,1237.779975961757,2.219948284022507
0.55,0.98,102.25608526545125,1242.059343112488,1236.059343112488,2.214487115888995
0.5562499999999999,0.98,100.51723457752723,1240.320492424564,1234.320492424564,2.209156043258371
0.5625,0.98,98.76172733873273,1238.5649851857695,1232.5649851857695,2.2039518174135195
0.56875,0.98,96.99107550005715,1236.794333347094,1230.794333347094,2.1988712735598672
0.575,0.98,95.20674233235763,1235.0100001793944,1229.0100001793944,2.1939113286903127
0.58125,0.98,93.41014311759659,1233.2134009646334,1227.2134009646334,2.189068979496852
0.5874999999999999,0.98,91.60264587141091,1231.4059037184477,1225.4059037184477,2.1843413003284144
0.59375,0.98,89.78557209389442,1229.5888299409312,1223.5888299409312,2.179725441194475
0.6,0.98,87.96019754561257,1227.7634553926493,1221.7634553926493,2.1752186258138915
0.2,1.0,108.25477545854096,1248.0580333055777,1242.0580333055777,2.8858552603688037
0.20625000000000002,1.0,111.3510947872901,1251.1543526343269,1245.1543526343269,2.8640453325468114
0.21250000000000002,1.0,114.27986115085946,1254.0831189978962,1248.0831189978962,2.8427728739611804
0.21875,1.0,117.04366184222272,1256.8469196892595,1250.8469196892595,2.8220249423141346
0.225,1.0,119.64516881079862,1259.4484266578354,1253.4484266578354,2.801788868746466
0.23125,1.0,122.08713222612437,1261.8903900731611,1255.8903900731611,2.782052254229764
0.23750000000000002,1.0,124.37237412388026,1264.175631970917,1258.175631970917,2.7628029659124493
0.24375000000000002,1.0,126.50378214696684,1266.3070399940036,1260.3070399940036,2.7440291334232096
0.25,1.0,128.48430339338347,1268.2875612404202,1262.2875612404202,2.725719145135565
0.25625,1.0,130.31693838186447,1270.1201962289012,1264.1201962289012,2.7078616443972843
0.2625,1.0,132.0047351452904,1271.8079929923272,1265.8079929923272,2.690445525728443
0.26875,1.0,133.5507834610628,1273.3540413080996,1267.3540413080996,2.673459930991957
0.275,1.0,134.95820922676262,1274.7614670737994,1268.7614670737994,2.6568942455403586
0.28125,1.0,136.23016898856463,1276.0334268356014,1270.0334268356014,2.6407380943426357
0.2875,1.0,137.3698446290341,1277.1731024760709,1271.1731024760709,2.6249813380949045
0.29375,1.0,138.38043822016698,1278.1836960672038,1272.1836960672038,2.6096140693186203
0.3,1.0,139.26516704667802,1279.0684248937148,1273.0684248937148,2.594626608450036
0.30625,1.0,140.02725880382968,1279.8305166508665,1273.8305166508665,2.5800094999244845
0.3125,1.0,140.66994697332257,1280.4732048203593,1274.4732048203593,2.5657535082590606
0.31875,1.0,141.1964663800618,1280.9997242270986,1274.9997242270986,2.5518496141371347
0.325,1.0,141.61004893192558,1281.4133067789624,1275.4133067789624,2.53828901049808
0.33125,1.0,141.91391954401047,1281.7171773910472,1275.7171773910472,2.5250630986354863
0.3375,1.0,142.1112922481991,1281.9145500952359,1275.9145500952359,2.5121634843070213
0.34375,1.0,142.20536648830875,1282.0086243353455,1276.0086243353455,2.499581973859008
0.35,1.0,142.19932360050507,1282.0025814475418,1276.0025814475418,2.487310570368664
0.35625,1.0,142.09632347817023,1281.899581325207,1275.899581325207,2.475341469806834
0.3625,1.0,141.89950141987833,1281.702759266915,1275.702759266915,2.4636670572239283
0.36875,1.0,141.61196515871166,1281.4152230057484,1275.4152230057484,2.4522799029616547
0.375,1.0,141.236792070702,1281.0400499177388,1275.0400499177388,2.441172758893016
0.38125,1.0,140.77702655978692,1280.5802844068237,1274.5802844068237,2.4303385546929035
0.38749999999999996,1.0,140.2356776163358,1280.0389354633726,1274.0389354633726,2.4197703941415116
0.39375,1.0,139.6157165459265,1279.4189743929633,1273.4189743929633,2.4094615514626607
0.4,1.0,138.92007486480725,1278.723332711844,1272.723332711844,2.399405467698977
0.40625,1.0,138.15164235817065,1277.9549002052074,1271.9549002052074,2.389595747125797
0.4125,1.0,137.3132652971533,1277.11652314419,1271.11652314419,2.3800261537054763
0.41874999999999996,1.0,136.40774481025596,1276.2110026572927,1270.2110026572927,2.3706906075837333
0.425,1.0,135.43783540469326,1275.24109325173,1269.24109325173,2.361583181629449
0.43125,1.0,134.40624363305392,1274.2095014800907,1268.2095014800907,2.3526980980193426
0.4375,1.0,133.3156269004735,1273.1188847475103,1267.1188847475103,2.344029724868692
0.44375,1.0,132.16859240748272,1271.9718502545195,1265.9718502545195,2.3355725729092742
0.44999999999999996,1.0,130.96769622354077,1270.7709540705775,1264.7709540705775,2.327321292215514
0.45625,1.0,129.7154424862697,1269.5187003333065,1263.5187003333065,2.3192706689797515
0.46249999999999997,1.0,128.4142827213127,1268.2175405683495,1262.2175405683495,2.311415622337438
0.46875,1.0,127.06661527775009,1266.8698731247869,1260.8698731247869,2.303751201242951
0.475,1.0,125.67478487399944,1265.4780427210362,1259.4780427210362,2.2962725813966354
0.48125,1.0,124.24108224911993,1264.0443400961567,1258.0443400961567,2.2889750622235865
0.4875,1.0,122.76774391450613,1262.571001761543,1256.571001761543,2.281854063904578
0.49374999999999997,1.0,121.25695200095879,1261.0602098479956,1255.0602098479956,2.274905124459487
0.5,1.0,119.71083419621868,1259.5140920432555,1253.5140920432555,2.2681238968834467
0.50625,1.0,118.1314637680839,1257.9347216151207,1251.9347216151207,2.2615061463359
0.5125,1.0,116.52085966832465,1256.3241175153614,1250.3241175153614,2.2550477473826627
0.51875,1.0,114.88098671271177,1254.6842445597485,1248.6842445597485,2.2487446812909906
0.5249999999999999,1.0,113.21375583254076,1253.0170136795775,1247.0170136795775,2.2425930333776276
0.53125,1.0,111.5210243931756,1251.3242822402124,1245.3242822402124,2.236588990409704
0.5375,1.0,109.80459657522056,1249.6078544222573,1243.6078544222573,2.2307288380583206
0.54375,1.0,108.06622381406055,1247.8694816610973,1241.8694816610973,2.225008958404592
0.55,1.0,106.30760529363306,1246.1108631406698,1240.1108631406698,2.2194258274978447
0.5562499999999999,1.0,104.53038849041013,1244.333646337447,1238.333646337447,2.213976012965657
0.5625,1.0,102.7361697637275,1242.5394276107643,1236.5394276107643,2.2086561716753335
0.56875,1.0,100.92649498868263,1240.7297528357194,1234.7297528357194,2.2034630474464048
0.575,1.0,99.10286022802347,1238.9061180750602,1232.9061180750602,2.198393468813666
0.58125,1.0,97.26671243952546,1237.0699702865622,1231.0699702865622,2.193444346840259
0.5874999999999999,1.0,95.41945021552283,1235.2227080625596,1229.2227080625596,2.188612672980251
0.59375,1.0,93.56242455140205,1233.3656823984388,1227.3656823984388,2.18389551699012
0.6,1.0,91.69693963998338,1231.5001974870202,1225.5001974870202,2.179290024888576
0.2,1.02,112.35828504918754,1252.1615428962243,1246.1615428962243,2.907511332799873
0.20625000000000002,1.02,115.52166784125893,1255.3249256882957,1249.3249256882957,2.885095088976803
0.21250000000000002,1.02,118.51391524665178,1258.3171730936886,1252.3171730936886,2.863234698241887
0.21875,1.02,121.33766150186148,1261.1409193488983,1255.1409193488983,2.8419166420119946
0.225,1.02,123.9956281955815,1263.7988860426183,1257.7988860426183,2.8211276924189677
0.23125,1.02,126.49061764278281,1266.2938754898196,1260.2938754898196,2.8008549082729797
0.23750000000000002,1.02,128.82550634463496,1268.6287641916717,1262.6287641916717,2.781085630984638
0.24375000000000002,1.02,131.00323854722546,1270.8064963942622,1264.8064963942622,2.7618074804497055
0.25,1.02,133.02681991114014,1272.830077758177,1266.830077758177,2.7430083509003924
0.25625,1.02,134.89931130306536,1274.7025691501021,1268.7025691501021,2.724676406727198
0.2625,1.02,136.62382271967726,1276.427080566714,1270.427080566714,2.7068000782753088
0.26875,1.02,138.20350735317402,1278.0067652002108,1272.0067652002108,2.6893680576195518
0.275,1.02,139.64155580693887,1279.4448136539756,1273.4448136539756,2.672369294321904
0.28125,1.02,140.9411904689582,1280.744448315995,1274.744448315995,2.6557929911754825
0.2875,1.02,142.1056600497252,1281.908917896762,1275.908917896762,2.639628599938984
0.29375,1.02,143.13823429058425,1282.941492137621,1276.941492137621,2.6238658170653695
0.3,1.02,144.04219884760664,1283.8454566946434,1277.8454566946434,2.608494579428633
0.30625,1.02,144.82085035533396,1284.6241082023707,1278.6241082023707,2.5935050600523253
0.3125,1.02,145.47749167395386,1285.2807495209906,1279.2807495209906,2.5788876638434717
0.31875,1.02,146.01542732273015,1285.818685169767,1279.818685169767,2.564633023335411
0.325,1.02,146.43795910183576,1286.2412169488725,1280.2412169488725,2.550731994442951
0.33125,1.02,146.74838190402693,1286.5516397510637,1280.5516397510637,2.5371756522331674
0.3375,1.02,146.94997971699445,1286.7532375640312,1280.7532375640312,2.523955286715031
0.34375,1.02,147.0460218166047,1286.8492796636415,1280.8492796636415,2.5110623986509295
0.35,1.02,147.0397591506612,1286.843016997698,1280.843016997698,2.498488695393026
0.35625,1.02,146.93442091230963,1286.7376787593464,1280.7376787593464,2.486226086747285
0.3625,1.02,146.73321130167778,1286.5364691487146,1280.5364691487146,2.474266680867819
0.36875,1.02,146.43930647388493,1286.2425643209217,1280.2425643209217,2.4626027801841506
0.375,1.02,146.05585167111508,1285.8591095181519,1279.8591095181519,2.451226877363768
0.38125,1.02,145.58595853606994,1285.3892163831067,1279.3892163831067,2.440131651312292
0.38749999999999996,1.02,145.03270260369823,1284.835960450735,1278.835960450735,2.4293099632133797
0.39375,1.02,144.39912096782427,1284.202378814861,1278.202378814861,2.4187548526104012
0.4,1.02,143.68821011895852,1283.4914679659953,1277.4914679659953,2.4084595335317616
0.40625,1.02,142.90292394930339,1282.7061817963402,1276.7061817963402,2.3984173906616255
0.4125,1.02,142.04617192074147,1281.8494297677782,1275.8494297677782,2.388621975557671
0.41874999999999996,1.02,141.12081739136397,1280.9240752384007,1274.9240752384007,2.3790670029173664
0.425,1.02,140.1296760959383,1279.932933942975,1273.932933942975,2.3697463468941358
0.43125,1.02,139.07551477551692,1278.8787726225537,1272.8787726225537,2.360654037464675
0.4375,1.02,137.96104995130258,1277.7643077983394,1271.7643077983394,2.351784256848533
0.44375,1.02,136.78894683775138,1276.5922046847882,1270.5922046847882,2.343131335980976
0.44999999999999996,1.02,135.56181838981274,1275.3650762368495,1269.3650762368495,2.334689751040047
0.45625,1.02,134.28222447916983,1274.0854823262066,1268.0854823262066,2.3264541200285738
0.46249999999999997,1.02,132.9526711942642,1272.755929041301,1266.755929041301,2.3184191994118666
0.46875,1.02,131.57561025890504,1271.3788681059418,1265.3788681059418,2.310579880811621
0.475,1.02,130.1534385642467,1269.9566964112835,1263.9566964112835,2.30293118775656
0.48125,1.02,128.6884978089222,1268.491755655959,1262.491755655959,2.295468272490177
0.4875,1.02,127.18307424217801,1266.9863320892148,1260.9863320892148,2.2881864128358775
0.49374999999999997,1.02,125.63939850486781,1265.4426563519046,1259.4426563519046,2.28108100911974
0.5,1.02,124.05964556326262,1263.8629034102994,1257.8629034102994,2.274147581151006
0.50625,1.02,122.44593473065743,1262.2491925776942,1256.2491925776942,2.267381765260365
0.5125,1.02,120.80032977188421,1260.603587618921,1254.603587618921,2.260779311395986
0.51875,1.02,119.12483908589547,1258.9280969329322,1252.9280969329322,2.254336080277206
0.5249999999999999,1.02,117.42141596170609,1257.2246738087429,1251.2246738087429,2.2480480406057164
0.53125,1.02,115.69195890308447,1255.4952167501212,1249.4952167501212,2.2419112663339873
0.5375,1.02,113.93831201749185,1253.7415698645286,1247.7415698645286,2.2359219339906757
0.54375,1.02,112.1622654648977,1251.9655233119345,1245.9655233119345,2.230076320062641
0.55,1.02,110.3655559622332,1250.16881380927,1244.16881380927,2.224370798433173
0.5562499999999999,1.02,108.5498673393447,1248.3531251863815,1242.3531251863815,2.2188018378759984
0.5625,1.02,106.71683114249663,1246.5200889895334,1240.5200889895334,2.2133659996045396
0.56875,1.02,104.86802728154635,1244.6712851285831,1238.6712851285831,2.208059934875924
0.575,1.02,103.00498471710625,1242.808242564143,1236.808242564143,2.2028803826491266
0.58125,1.02,101.12918218411824,1240.932440031155,1234.932440031155,2.1978241672966727
0.5874999999999999,1.02,99.2420489484166,1239.0453067954534,1233.0453067954534,2.1928881963692155
0.59375,1.02,97.34496559299214,1237.148223440029,1231.148223440029,2.1880694584123344
0.6,1.02,95.43926483082078,1235.2425226778576,1229.2425226778576,2.183365020834845
0.2,1.04,116.46848211809174,1256.2717399651285,1250.2717399651285,2.9293235432483344
0.20625000000000002,1.04,119.69911191274059,1259.5023697597774,1253.5023697597774,2.9062930388031774
0.21250000000000002,1.04,122.75501521828346,1262.5582730653202,1256.5582730653202,2.883837156617045
0.21875,1.04,125.63887309053803,1265.4421309375748,1259.4421309375748,2.8619417840724934
0.225,1.04,128.35345666811804,1268.1567145151548,1262.1567145151548,2.840593117300538
0.23125,1.04,130.90162035436651,1270.7048782014033,1264.7048782014033,2.8197776566871693
0.23750000000000002,1.04,133.2862950887179,1273.0895529357547,1267.0895529357547,2.7994822023442945
0.24375000000000002,1.04,135.51048172075252,1275.3137395677893,1269.3137395677893,2.7796938495492194
0.25,1.04,137.57724449926332,1277.3805023463,1271.3805023463,2.7603999841568894
0.25625,1.04,139.48970468775224,1279.292962534789,1273.292962534789,2.7415882779891048
0.2625,1.04,141.25103431680714,1281.054292163844,1275.054292163844,2.7232466842049154
0.26875,1.04,142.8644500829339,1282.6677079299707,1276.6677079299707,2.7053634326564033
0.275,1.04,144.33320740247018,1284.136465249507,1278.136465249507,2.6879270252340057
0.28125,1.04,145.66059462833982,1285.4638524753766,1279.4638524753766,2.6709262312055055
0.2875,1.04,146.84992743650741,1286.6531852835442,1280.6531852835442,2.6543500825527264
0.29375,1.04,147.9045433881647,1287.7078012352015,1281.7078012352015,2.638187869309927
0.3,1.04,148.8277966728201,1288.631054519857,1282.631054519857,2.622429134907761
0.30625,1.04,149.6230530366622,1289.426310883699,1283.426310883699,2.607063671526625
0.3125,1.04,150.29368489981903,1290.0969427468558,1284.0969427468558,2.5920815154630503
0.31875,1.04,150.84306666532325,1290.64632451236,1284.64632451236,2.5774729425127414
0.325,1.04,151.27457022195244,1291.0778280689892,1285.0778280689892,2.5632284633736897
0.33125,1.04,151.59156064234844,1291.3948184893852,1285.3948184893852,2.5493388190727178
0.3375,1.04,151.797392077234,1291.6006499242708,1285.6006499242708,2.535794976418626
0.34375,1.04,151.8954038458901,1291.6986616929269,1285.6986616929269,2.5225881234850256
0.35,1.04,151.88891672246632,1291.692174569503,1285.692174569503,2.509709665125764
0.35625,1.04,151.78122941718766,1291.5844872642244,1285.5844872642244,2.4971512185257487
0.3625,1.04,151.5756152509639,1291.3788730980007,1285.3788730980007,2.4849046087897952
0.36875,1.04,151.27531902145165,1291.0785768684884,1285.0785768684884,2.4729618645720066
0.375,1.04,150.88355405818265,1290.6868119052194,1284.6868119052194,2.461315213748037
0.38125,1.04,150.40349946393576,1290.2067573109725,1284.2067573109725,2.449957079132472
0.38749999999999996,1.04,149.83829753918826,1289.641555386225,1283.641555386225,2.4388800742433587
0.39375,1.04,149.19105138611803,1288.9943092331548,1282.9943092331548,2.4280769991158633
0.4,1.04,148.46482268832483,1288.2680805353616,1282.2680805353616,2.4175408361668023
0.40625,1.04,147.66262966217437,1287.4658875092111,1281.4658875092111,2.4072647461117436
0.4125,1.04,146.78744517540758,1286.5907030224444,1280.5907030224444,2.397242063936151
0.41874999999999996,1.04,145.8421950284485,1285.6454528754853,1279.6454528754853,2.3874662949219942
0.425,1.04,144.82975639366668,1284.6330142407035,1278.6330142407035,2.377931110731066
0.43125,1.04,143.7529564076715,1283.5562142547083,1277.5562142547083,2.3686303455461264
0.4375,1.04,142.6145709116006,1282.4178287586374,1276.4178287586374,2.359557992270906
0.44375,1.04,141.4173233342542,1281.220581181291,1275.220581181291,2.350708198789821
0.44999999999999996,1.04,140.16388371283506,1279.9671415598718,1273.9671415598718,2.3420752642882103
0.45625,1.04,138.8568678459967,1278.6601256930335,1272.6601256930335,2.3336536356337216
0.46249999999999997,1.04,137.4988365738775,1277.3020944209143,1271.3020944209143,2.3254379038194113
0.46875,1.04,136.0922951797529,1275.8955530267897,1269.8955530267897,2.3174228004690183
0.475,1.04,134.63969290795444,1274.4429507549912,1268.4429507549912,2.30960319440474
0.48125,1.04,133.14342259272462,1272.9466804397614,1266.9466804397614,2.301974088277775
0.4875,1.04,131.60582039269002,1271.4090782397268,1265.4090782397268,2.294530615261795
0.49374999999999997,1.04,130.02916562570044,1269.8324234727372,1263.8324234727372,2.2872680358094173
0.5,1.04,128.41568069883988,1268.2189385458767,1262.2189385458767,2.2801817344716775
0.50625,1.04,126.76753112848132,1266.570788975518,1260.570788975518,2.2732672167804013
0.5125,1.04,125.08682564533433,1264.890083492371,1258.890083492371,2.2665201061933384
0.51875,1.04,123.37561637957242,1263.1788742266092,1257.1788742266092,2.2599361411017993
0.5249999999999999,1.04,121.63589912116754,1261.4391569682043,1255.4391569682043,2.253511171900525
0.53125,1.04,119.86961365071625,1259.672871497753,1253.672871497753,2.247241158119409
0.5375,1.04,118.07864413615266,1257.8819019831894,1251.8819019831894,2.241122165616668
0.54375,1.04,116.26481959084936,1256.0680774378861,1250.0680774378861,2.235150363832973
0.55,1.04,114.42991438877061,1254.2331722358074,1248.2331722358074,2.2293220231060356
0.5562499999999999,1.04,112.57564883242867,1252.3789066794654,1246.3789066794654,2.2236335120450628
0.5625,1.04,110.70368976959526,1250.506947616632,1244.506947616632,2.2180812949644713
0.56875,1.04,108.81565125479142,1248.6189091018282,1242.6189091018282,2.2126619293762047
0.575,1.04,106.91309525177917,1246.716353098816,1240.716353098816,2.207372063539967
0.58125,1.04,104.99753237339064,1244.8007902204274,1238.8007902204274,2.2022084340706254
0.5874999999999999,1.04,103.07042265517498,1242.8736805022118,1236.8736805022118,2.197167863602058
0.59375,1.04,101.13317635951057,1240.9364342065473,1234.9364342065473,2.1922472585066277
0.6,1.04,99.187154806948,1238.9904126539848,1232.9904126539848,2.1874436066694862
0.2,1.06,120.58534472629913,1260.388602573336,1254.388602573336,2.9512929688659466
0.20625000000000002,1.06,123.88340396501326,1263.68666181205,1257.68666181205,2.927640176636877
0.21250000000000002,1.06,127.0031369552712,1266.806394802308,1260.806394802308,2.904581166959441
0.21875,1.06,129.94727145201819,1269.750529299055,1263.750529299055,2.8821012150556893
0.225,1.06,132.71862805815977,1272.5218859051965,1266.5218859051965,2.860185923709096
0.23125,1.06,135.32011321177583,1275.1233710588126,1269.1233710588126,2.8388212182851094
0.23750000000000002,1.06,137.75471226647892,1277.5579701135157,1271.5579701135157,2.817993341722552
0.24375000000000002,1.06,140.0254826784751,1279.8287405255119,1273.8287405255119,2.797688849500282
0.25,1.06,142.13554731291492,1281.9388051599517,1275.9388051599517,2.7778946045835897
0.25625,1.06,144.08808788118836,1283.8913457282251,1277.8913457282251,2.7585977723547233
0.2625,1.06,145.8863385198315,1285.6895963668683,1279.6895963668683,2.7397858155320334
0.26875,1.06,147.53357952078682,1287.3368373678236,1281.3368373678236,2.721446489082063
0.275,1.06,149.0331312218152,1288.836389068852,1282.836389068852,2.7035678351289603
0.28125,1.06,150.38834806494333,1290.19160591198,1284.19160591198,2.6861381778654376
0.2875,1.06,151.6026128299161,1291.4058706769529,1285.4058706769529,2.669146118469508
0.29375,1.06,152.67933104877397,1292.4825888958107,1286.4825888958107,2.6525805300310323
0.3,1.06,153.6219256067866,1293.4251834538234,1287.4251834538234,2.6364305524920963
0.30625,1.06,154.43383153417312,1294.23708938121,1288.23708938121,2.6206855876050654
0.3125,1.06,155.11849099223673,1294.9217488392735,1288.9217488392735,2.605335293912068
0.31875,1.06,155.679348456767,1295.4826063038038,1289.4826063038038,2.5903695817495196
0.325,1.06,156.11984610082982,1295.9231039478666,1289.9231039478666,2.5757786082811545
0.33125,1.06,156.44341937837612,1296.246677225413,1290.246677225413,2.561552772562924
0.3375,1.06,156.65349280941382,1296.4567506564506,1290.4567506564506,2.547682710642925
0.34375,1.06,156.7534759668797,1296.5567338139165,1290.5567338139165,2.534159290699417
0.35,1.06,156.74675966472,1296.5500175117568,1290.5500175117568,2.5209736082198155
0.35625,1.06,156.63671234616936,1296.4399701932061,1290.4399701932061,2.508116981223397
0.3625,1.06,156.42667667065462,1296.2299345176914,1290.2299345176914,2.4955809455303055
0.36875,1.06,156.11996629729128,1295.923224144328,1289.923224144328,2.483357250079287
0.375,1.06,155.71986286247216,1295.523120709509,1289.523120709509,2.4714378522964404
0.38125,1.06,155.22961314864165,1295.0328709956784,1289.0328709956784,2.4598149135170977
0.38749999999999996,1.06,154.65242644096247,1294.4556842879992,1288.4556842879992,2.448480794462819
0.39375,1.06,153.99147206822704,1293.7947299152638,1287.7947299152638,2.4374280507753374
0.4,1.06,153.24987712408642,1293.0531349711232,1287.0531349711232,2.4266494286091134
0.40625,1.06,152.4307243643275,1292.2339822113643,1286.2339822113643,2.4161378602840506
0.4125,1.06,151.53705027576007,1291.3403081227968,1285.3403081227968,2.4058864599997767
0.41874999999999996,1.06,150.5718433119648,1290.3751011590016,1284.3751011590016,2.3958885196127286
0.425,1.06,149.538042291063,1289.3413001380998,1283.3413001380998,2.3861375044771833
0.43125,1.06,148.4385349504148,1288.2417927974516,1282.2417927974516,2.3766270493512307
0.4375,1.06,147.27615665308963,1287.0794145001264,1281.0794145001264,2.367350954368537
0.44375,1.06,146.05368924080494,1285.8569470878417,1279.8569470878417,2.358303181076683
0.44999999999999996,1.06,144.77386002795515,1284.577117874992,1278.577117874992,2.349477848542662
0.45625,1.06,143.43934093130338,1283.2425987783402,1277.2425987783402,2.3408692295261013
0.46249999999999997,1.06,142.05274772984558,1281.8560055768824,1275.8560055768824,2.332471746720571
0.46875,1.06,140.6166394493673,1280.419897296404,1274.419897296404,2.324279969063314
0.475,1.06,139.13351786618068,1278.9367757132175,1272.9367757132175,2.3162886081135863
0.48125,1.06,137.60582712458404,1277.4090849716208,1271.4090849716208,2.308492514499715
0.4875,1.06,136.03595346258203,1275.8392113096188,1269.8392113096188,2.3008866744348957
0.49374999999999997,1.06,134.4262250404879,1274.2294828875247,1268.2294828875247,2.2934662063016575
0.5,1.06,132.7789118670737,1272.5821697141105,1266.5821697141105,2.2862263573048356
0.50625,1.06,131.0962258180034,1270.8994836650402,1264.8994836650402,2.2791625001928355
0.5125,1.06,129.38032074139937,1269.1835785884361,1263.1835785884361,2.2722701300468793
0.51875,1.06,127.63329264546473,1267.4365504925015,1261.4365504925015,2.2655448611378524
0.5249999999999999,1.06,125.85717996319477,1265.6604378102315,1259.6604378102315,2.2589824238503318
0.53125,1.06,124.053963889334,1263.8572217363708,1257.8572217363708,2.2525786616732852
0.5375,1.06,122.22556878486262,1262.0288266318994,1256.0288266318994,2.2463295282568976
0.54375,1.06,120.37386264439465,1260.1771204914314,1254.1771204914314,2.240231084534899
0.55,1.06,118.50065762204304,1258.3039154690798,1252.3039154690798,2.2342794959117653
0.5562499999999999,1.06,116.60771061141804,1256.4109684584548,1250.4109684584548,2.2284710295140715
0.5625,1.06,114.69672387556989,1254.4999817226067,1248.4999817226067,2.222802051505259
0.56875,1.06,112.76934572284517,1252.572603569882,1246.572603569882,2.2172690244630404
0.575,1.06,110.82717122475242,1250.6304290717892,1244.6304290717892,2.2118685048186295
0.58125,1.06,108.87174297209549,1248.6750008191323,1242.6750008191323,2.2065971403569415
0.5874999999999999,1.06,106.9045518657731,1246.7078097128099,1240.7078097128099,2.201451667776888
0.59375,1.06,104.92703793880173,1244.7302957858385,1238.7302957858385,2.196428910310882
0.6,1.06,102.9405912062407,1242.7438490532775,1236.7438490532775,2.1915257754026145
0.2,1.08,124.7088508542688,1264.5121087013056,1258.5121087013056,2.9734206939154064
0.20625000000000002,1.08,128.07452087629622,1267.877778723333,1261.877778723333,2.949137503453271
0.21250000000000002,1.08,131.2582562577113,1271.061514104748,1265.061514104748,2.9254676528310526
0.21875,1.08,134.26283133641527,1274.066089183452,1268.066089183452,2.9023957866006507
0.225,1.08,137.0911160977164,1276.8943739447532,1270.8943739447532,2.879906896490731
0.23125,1.08,139.7460689642478,1279.5493268112846,1273.5493268112846,2.8579863159109546
0.23750000000000002,1.08,142.23072968286237,1282.0339875298992,1276.0339875298992,2.8366197144343417
0.24375000000000002,1.08,144.5482123223685,1284.3514701694053,1278.3514701694053,2.8157930922624237
0.25,1.08,146.70169839495907,1286.5049562419958,1280.5049562419958,2.7954927746779
0.25625,1.08,148.69443011321596,1288.4976879602527,1282.4976879602527,2.7757054064894704
0.2625,1.08,150.5297037935802,1290.332961640617,1284.332961640617,2.756417946473461
0.26875,1.08,152.2108634161798,1292.0141212632166,1286.0141212632166,2.7376176618168255
0.275,1.08,153.74129434999963,1293.5445521970364,1287.5445521970364,2.7192921225660003
0.28125,1.08,155.12441725137546,1294.9276750984122,1288.9276750984122,2.7014291960860377
0.2875,1.08,156.36368214290928,1296.166939989946,1290.166939989946,2.684017041534298
0.29375,1.08,157.46256267899003,1297.2658205260268,1291.2658205260268,2.6670441043528936
0.3,1.08,158.42455060322573,1298.2278084502625,1292.2278084502625,2.6504991107839553
0.30625,1.08,159.2531504022511,1299.0564082492879,1293.0564082492879,2.634371062411632
0.3125,1.08,159.9518741595714,1299.7551320066082,1293.7551320066082,2.61864923073461
0.31875,1.08,160.52423661228045,1300.3274944593172,1294.3274944593172,2.6033231517728086
0.325,1.08,160.97375041279793,1300.7770082598347,1294.7770082598347,2.5883826207117053
0.33125,1.08,161.3039215969941,1301.1071794440309,1295.1071794440309,2.573817686587656
0.3375,1.08,161.5182452594379,1301.3215031064747,1295.3215031064747,2.559618647017333
0.34375,1.08,161.6202014358346,1301.4234592828714,1295.4234592828714,2.5457760429743304
0.35,1.08,161.61325119210824,1301.416509039145,1295.416509039145,2.5322806536157394
0.35625,1.08,161.50083291904252,1301.3040907660793,1295.3040907660793,2.5191234911613924
0.3625,1.08,161.28635883081847,1301.0896166778552,1295.0896166778552,2.506295795828278
0.36875,1.08,160.9732116653306,1300.7764695123674,1294.7764695123674,2.493789030822471
0.375,1.08,160.56474158367791,1300.3679994307147,1294.3679994307147,2.481594877390767
0.38125,1.08,160.0642632658073,1299.867521112844,1293.867521112844,2.4697052299340405
0.38749999999999996,1.08,159.47505319891752,1299.2783110459543,1293.2783110459543,2.4581121911841866
0.39375,1.08,158.80034715483816,1298.603605001875,1292.603605001875,2.4468080674463653
0.4,1.08,158.04333785234553,1297.8465956993823,1291.8465956993823,2.4357853639080873
0.40625,1.08,157.207172800011,1297.0104306470478,1291.0104306470478,2.425036780016557
0.4125,1.08,156.29495231499664,1296.0982101620334,1290.0982101620334,2.4145552049255325
0.41874999999999996,1.08,155.3097277129507,1295.1129855599875,1289.1129855599875,2.4043337130128104
0.425,1.08,154.25449966397582,1294.0577575110126,1288.0577575110126,2.3943655594693194
0.43125,1.08,153.13221670947837,1292.9354745565151,1286.9354745565151,2.3846441759606716
0.4375,1.08,151.94577393456962,1291.7490317816064,1285.7490317816064,2.3751631663618906
0.44375,1.08,150.698011790598,1290.5012696376348,1284.5012696376348,2.3659163025658896
0.44999999999999996,1.08,149.39171506227308,1289.1949729093099,1283.1949729093099,2.356897520366203
0.45625,1.08,148.02961197381228,1287.832869820849,1281.832869820849,2.3481009154143075
0.46249999999999997,1.08,146.61437342848717,1286.417631275524,1280.417631275524,2.3395207392517863
0.46875,1.08,145.14861237593982,1284.9518702229766,1278.9518702229766,2.331151395417482
0.475,1.08,143.63488330162,1283.4381411486568,1277.4381411486568,2.322987435629685
0.48125,1.08,142.07568183273088,1281.8789396797677,1275.8789396797677,2.315023556043309
0.4875,1.08,140.47344445511771,1280.2767023021545,1274.2767023021545,2.3072545935818813
0.49374999999999997,1.08,138.8305483355448,1278.6338061825816,1272.6338061825816,2.2996755223441725
0.5,1.08,137.14931124391933,1276.952569090956,1270.952569090956,2.292281450085111
0.50625,1.08,135.4319915700637,1275.2352494171005,1269.2352494171005,2.285067614770615
0.5125,1.08,133.68078842974273,1273.4840462767795,1267.4840462767795,2.2780293812058985
0.51875,1.08,131.89784185476105,1271.7010997017978,1265.7010997017978,2.271162237736697
0.5249999999999999,1.08,130.08523306203278,1269.8884909090696,1263.8884909090696,2.2644617930228548
0.53125,1.08,128.24498479666477,1268.0482426437015,1262.0482426437015,2.2579237728836175
0.5375,1.08,126.37906174420436,1266.1823195912411,1260.1823195912411,2.251544017213928
0.54375,1.08,124.48937100735952,1264.2926288543963,1258.2926288543963,2.24531847697098
0.55,1.08,122.57776264259019,1262.381020489627,1256.381020489627,2.239243211230231
0.5562499999999999,1.08,120.64603025216411,1260.4492880992009,1254.4492880992009,2.2333143843100456
0.5625,1.08,118.69591162738288,1258.4991694744197,1252.4991694744197,2.2275282629640696
0.56875,1.08,116.7290894388284,1256.5323472858652,1250.5323472858652,2.221881213640454
0.575,1.08,114.74719196965657,1254.5504498166933,1248.5504498166933,2.2163696998069535
0.58125,1.08,112.75179388809147,1252.5550517351282,1246.5550517351282,2.2109902793409466
0.5874999999999999,1.08,110.74441705543359,1250.5476749024704,1244.5476749024704,2.2057396019833666
0.59375,1.08,108.72653136604595,1248.5297892130827,1242.5297892130827,2.2006144068555384
0.6,1.08,106.69955561594725,1246.502813462984,1240.502813462984,2.1956115200378523
0.2,1.1,128.83897840230566,1268.6422362493424,1262.6422362493424,2.9957078098156633
0.20625000000000002,1.1,132.27243944022143,1272.0756972872582,1266.0756972872582,2.970786026631398
0.21250000000000002,1.1,135.52034883679175,1275.3236066838285,1269.3236066838285,2.946497543516971
0.21875,1.1,138.58552740073583,1278.3887852477726,1272.3887852477726,2.922826355454731
0.225,1.1,141.47089442164292,1281.2741522686797,1275.2741522686797,2.8997568250448955
0.23125,1.1,144.17946025998071,1283.9827181070175,1277.9827181070175,2.8772736764618974
0.23750000000000002,1.1,146.7143190380691,1286.5175768851059,1280.5175768851059,2.855361989396994
0.24375000000000002,1.1,149.07864144615155,1288.8818992931883,1282.8818992931883,2.834007192992088
0.25,1.1,151.27566767669396,1291.0789255237307,1285.0789255237307,2.813195059769713
0.25625,1.1,153.30870049901796,1293.1119583460547,1287.1119583460547,2.792911699564066
0.2625,1.1,155.18109848535073,1294.9843563323875,1288.9843563323875,2.773143553457911
0.26875,1.1,156.89626939838854,1296.6995272454253,1290.6995272454253,2.753877387730116
0.275,1.1,158.45766374947084,1298.2609215965076,1292.2609215965076,2.7351002878184403
0.28125,1.1,159.86876853549825,1299.672026382535,1293.672026382535,2.7167996523021425
0.2875,1.1,161.1331011617715,1300.9363590088083,1294.9363590088083,2.6989631869087813
0.29375,1.1,162.25420355703227,1302.057461404069,1296.057461404069,2.6815788985495055
0.3,1.1,163.23563648605045,1303.0388943330872,1297.0388943330872,2.6646350893869477
0.30625,1.1,164.08097406427328,1303.88423191131,1297.88423191131,2.648120350939701
0.3125,1.1,164.79379847820633,1304.597056325243,1298.597056325243,2.6320235582271843
0.31875,1.1,165.37769491437075,1305.1809527614075,1299.1809527614075,2.6163338639585465
0.325,1.1,165.83624669896608,1305.6395045460029,1299.6395045460029,2.60104069276908
0.33125,1.1,166.17303064958196,1305.9762884966187,1299.9762884966187,2.5861337355074596
0.3375,1.1,166.3916126396382,1306.194870486675,1300.194870486675,2.5716029435769094
0.34375,1.1,166.4955433755847,1306.2988012226215,1300.2988012226215,2.5574385233332713
0.35,1.1,166.48835438622905,1306.2916122332658,1300.2916122332658,2.543630930542726
0.35625,1.1,166.3735542230445,1306.1768120700813,1300.1768120700813,2.530170864901779
0.3625,1.1,166.15462486969363,1305.9578827167304,1299.9578827167304,2.517049264621911
0.36875,1.1,165.83501835856873,1305.6382762056055,1299.6382762056055,2.504257301081148
0.375,1.1,165.41815359163024,1305.221411438667,1299.221411438667,2.4917863735446137
0.38125,1.1,164.9074133624115,1304.7106712094483,1298.7106712094483,2.4796281039559727
0.38749999999999996,1.1,164.3061415756863,1304.109399422723,1298.109399422723,2.467774331801479
0.39375,1.1,163.6176406608854,1303.4208985079222,1297.4208985079222,2.4562171090482225
0.4,1.1,162.84516917509882,1302.6484270221356,1296.6484270221356,2.444948695157966
0.40625,1.1,161.99193959112222,1301.795197438159,1295.795197438159,2.4339615521778373
0.4125,1.1,161.06111626584106,1300.8643741128778,1294.8643741128778,2.4232483399089655
0.41874999999999996,1.1,160.0558135839426,1299.8590714309794,1293.8590714309794,2.412801911154039
0.425,1.1,158.97909427182208,1298.7823521188589,1292.7823521188589,2.402615307044592
0.43125,1.1,157.83396787630863,1297.6372257233454,1291.6372257233454,2.392681752448682
0.4375,1.1,156.62338940277823,1296.426647249815,1290.426647249815,2.382994651459545
0.44375,1.1,155.35025810706043,1295.1535159540972,1289.1535159540972,2.3735475829656023
0.44999999999999996,1.1,154.01741643546347,1293.8206742825002,1287.8206742825002,2.3643342963021663
0.45625,1.1,152.62764910721376,1292.4309069542505,1286.4309069542505,2.355348706984997
0.46249999999999997,1.1,151.1836823335252,1290.986940180562,1284.986940180562,2.346584892525806
0.46875,1.1,149.68818316753755,1289.4914410145743,1283.4914410145743,2.3380370883296577
0.475,1.1,148.14375897933382,1287.9470168263706,1281.9470168263706,2.3296996836741566
0.48125,1.1,146.5529570502788,1286.3562148973156,1280.3562148973156,2.321567217770194
0.4875,1.1,144.91826428097215,1284.721522128009,1278.721522128009,2.313634375903921
0.49374999999999997,1.1,143.24210700713002,1283.0453648541668,1277.0453648541668,2.3058959856595855
0.5,1.1,141.52685091781927,1281.330108764856,1275.330108764856,2.298347013222714
0.50625,1.1,139.77480107051724,1279.578058917554,1273.578058917554,2.2909825597631257
0.5125,1.1,137.98820199756005,1277.7914598445968,1271.7914598445968,2.2837978578971248
0.51875,1.1,136.1692378986893,1275.972495745726,1269.972495745726,2.2767882682282123
0.5249999999999999,1.1,134.32003291445722,1274.123290761494,1268.123290761494,2.269949275965548
0.53125,1.1,132.4426514754266,1272.2459093224634,1266.2459093224634,2.263276487619379
0.5375,1.1,130.53909872219197,1270.3423565692287,1264.3423565692287,2.2567656277725616
0.54375,1.1,128.61132099141332,1268.41457883845,1262.41457883845,2.2504125359272917
0.55,1.1,126.66120636316577,1266.4644642102026,1260.4644642102026,2.2442131634260867
0.5562499999999999,1.1,124.69058526507365,1264.4938431121104,1258.4938431121104,2.2381635704460425
0.5625,1.1,122.70123112884562,1262.5044889758824,1256.5044889758824,2.2322599230653366
0.56875,1.1,120.69486109496415,1260.498118942001,1254.498118942001,2.2264984904009277
0.575,1.1,118.67313676143999,1258.4763946084768,1252.4763946084768,2.2208756418163786
0.58125,1.1,116.6376649727249,1256.4409228197617,1250.4409228197617,2.215387844198669
0.5874999999999999,1.1,114.58999864497991,1254.3932564920167,1248.3932564920167,2.2100316593029152
0.59375,1.1,112.53163762409599,1252.3348954711328,1246.3348954711328,2.204803741163786
0.6,1.1,110.46402957301257,1250.2672874200493,1244.2672874200493,2.199700833572506
0.2,1.12,132.97570519100668,1272.7789630380435,1266.7789630380435,3.0181554151875307
0.20625000000000002,1.12,136.4771363663183,1276.280394213355,1270.280394213355,2.9925867599934506
0.21250000000000002,1.12,139.78939031530467,1279.5926481623414,1273.5926481623414,2.967671774059525
0.21875,1.12,142.91533420943756,1282.7185920564743,1276.7185920564743,2.9433937835030015
0.225,1.12,145.85793656823398,1285.6611944152708,1279.6611944152708,2.919736503349767
0.23125,1.12,148.620259646764,1288.4235174938008,1282.4235174938008,2.896684030909962
0.23750000000000002,1.12,151.20545192821874,1291.0087097752555,1285.0087097752555,2.8742208391489137
0.24375000000000002,1.12,153.6167407359842,1293.419998583021,1287.419998583021,2.8523317700586377
0.25,1.12,155.8574249785895,1295.6606828256263,1289.6606828256263,2.8310020280350803
0.25625,1.12,157.93086803988308,1297.7341258869199,1291.7341258869199,2.8102171732662065
0.2625,1.12,159.84049082570868,1299.6437486727455,1293.6437486727455,2.789963115135951
0.26875,1.12,161.58976497734534,1301.3930228243821,1295.3930228243821,2.7702261056489514
0.275,1.12,163.18220626095695,1302.9854641079937,1296.9854641079937,2.7509927328808357
0.28125,1.12,164.62136814131009,1304.4246259883469,1298.4246259883469,2.732249914458734
0.2875,1.12,165.91083554702163,1305.7140933940584,1299.7140933940584,2.713984891076501
0.29375,1.12,167.05421883369104,1306.8574766807278,1300.8574766807278,2.6961852200490064
0.3,1.12,168.0551479503224,1307.8584057973592,1301.8584057973592,2.6788387689096527
0.30625,1.12,168.91726681357545,1308.7205246606122,1302.7205246606122,2.661933709055154
0.3125,1.12,169.64422789353262,1309.4474857405694,1303.4474857405694,2.6454585094413576
0.31875,1.12,170.23968701382728,1310.042944860864,1304.042944860864,2.62940193033378
0.325,1.12,170.7072983682324,1310.5105562152692,1304.5105562152692,2.613753017116285
0.33125,1.12,171.05070975502963,1310.8539676020664,1304.8539676020664,2.598501094161174
0.3375,1.12,171.2735580297949,1311.0768158768317,1305.0768158768317,2.5836357587637466
0.34375,1.12,171.3794647765526,1311.1827226235894,1305.1827226235894,2.5691468751442104
0.35,1.12,171.37203219661933,1311.175290043656,1305.175290043656,2.5550245685196273
0.35625,1.12,171.25483921388695,1311.0580970609237,1305.0580970609237,2.5412592192483787
0.3625,1.12,171.03143779471498,1310.8346956417518,1304.8346956417518,2.52784145704946
0.36875,1.12,170.70534948009663,1310.5086073271334,1304.5086073271334,2.514762155298728
0.375,1.12,170.28006212731134,1310.0833199743481,1304.0833199743481,2.502012425404023
0.38125,1.12,169.75902685780125,1309.562284704838,1303.562284704838,2.4895836112609455
0.38749999999999996,1.12,169.14565520763267,1308.9489130546694,1302.9489130546694,2.4774672837908405
0.39375,1.12,168.44331647653644,1308.2465743235732,1302.2465743235732,2.4656552355624304
0.4,1.12,167.65533527120215,1307.458593118239,1301.458593118239,2.454139475498321
0.40625,1.12,166.784989238173,1306.5882470852098,1300.5882470852098,2.4429122236674803
0.4125,1.12,165.8355069814843,1305.638764828521,1299.638764828521,2.4319659061646095
0.41874999999999996,1.12,164.81006615990623,1304.613324006943,1298.613324006943,2.4212931500771857
0.425,1.12,163.7117917584908,1303.5150496055276,1297.5150496055276,2.410886778540828
0.43125,1.12,162.54375452895624,1302.347012375993,1296.347012375993,2.4007398058834504
0.4375,1.12,161.30896959326196,1301.1122274402987,1295.1122274402987,2.390845432858606
0.44375,1.12,160.0103952046925,1299.8136530517293,1293.8136530517293,2.381197041968209
0.44999999999999996,1.12,158.65093166060228,1298.454189507639,1292.454189507639,2.3717881928747913
0.45625,1.12,157.2334203609737,1297.0366782080105,1291.0366782080105,2.3626126179032587
0.46249999999999997,1.12,155.76064300686858,1295.5639008539054,1289.5639008539054,2.353664217632058
0.46875,1.12,154.23532093285644,1294.0385787798932,1288.0385787798932,2.3449370565735066
0.475,1.12,152.66011456749084,1292.4633724145276,1286.4633724145276,2.3364253589430017
0.48125,1.12,151.0376230159411,1290.8408808629779,1284.8408808629779,2.3281235045166766
0.4875,1.12,149.3703837589237,1289.1736416059605,1283.1736416059605,2.3200260245769986
0.49374999999999997,1.12,147.6608724621176,1287.4641303091544,1281.4641303091544,2.31212759794576
0.5,1.12,145.91150289034158,1285.7147607373784,1279.7147607373784,2.3044230471037648
0.50625,1.12,144.1246269208532,1283.92788476789,1277.92788476789,2.2969073343965065
0.5125,1.12,142.30253465018382,1282.1057924972206,1276.1057924972206,2.2895755583250326
0.51875,1.12,140.4474545890978,1280.2507124361346,1274.2507124361346,2.2824229499211235
0.5249999999999999,1.12,138.56155394032658,1278.3648117873634,1272.3648117873634,2.2754448692058897
0.53125,1.12,136.64693895386722,1276.450196800904,1270.450196800904,2.268636801730796
0.5375,1.12,134.70565535478158,1274.5089132018184,1268.5089132018184,2.2619943552001094
0.54375,1.12,132.7396888385524,1272.5429466855892,1266.5429466855892,2.2555132561736877
0.55,1.12,130.75096562920453,1270.5542234762413,1264.5542234762413,2.2491893468490263
0.5562499999999999,1.12,128.74135309554663,1268.5446109425834,1262.5446109425834,2.2430185819214112
0.5625,1.12,126.71266042104685,1266.5159182680836,1260.5159182680836,2.2369970255209983
0.56875,1.12,124.66663932299048,1264.4698971700273,1258.4698971700273,2.23112084822563
0.575,1.12,122.60498481675995,1262.4082426637967,1256.4082426637967,2.2253863241481655
0.58125,1.12,120.52933602119742,1260.3325938682342,1254.3325938682342,2.2197898280970536
0.5874999999999999,1.12,118.44127700119816,1258.244534848235,1252.244534848235,2.2143278328089018
0.59375,1.12,116.34233764382452,1256.1455954908613,1250.1455954908613,2.2089969062517487
0.6,1.12,114.23399456440666,1254.0372524114434,1248.0372524114434,2.2037937089977486
0.2,1.1400000000000001,137.1190089617005,1276.9222668087373,1270.9222668087373,3.040764615899578
0.20625000000000002,1.1400000000000001,140.68858828048974,1280.4918461275265,1274.4918461275265,3.014540723844504
0.21250000000000002,1.1400000000000001,144.06535622817114,1283.868614075208,1277.868614075208,2.9889912852926113
0.21875,1.1400000000000001,147.25222623498098,1287.0554840820178,1281.0554840820178,2.9640989377978624
0.225,1.1400000000000001,150.2522159798143,1290.055473826851,1284.055473826851,2.9398467299877313
0.23125,1.1400000000000001,153.06843957260526,1292.871697419642,1286.871697419642,2.916218114323907
0.23750000000000002,1.1400000000000001,155.70409984602043,1295.5073576930572,1289.5073576930572,2.8931969398683837
0.24375000000000002,1.1400000000000001,158.1624807711728,1297.9657386182096,1291.9657386182096,2.8707674450604457
0.25,1.1400000000000001,160.4469400110181,1300.250197858055,1294.250197858055,2.848914250509962
0.25625,1.1400000000000001,162.56090162398164,1302.3641594710184,1296.3641594710184,2.8276223518122863
0.2625,1.1400000000000001,164.5078489292946,1304.3111067763314,1298.3111067763314,2.806877112389979
0.26875,1.1400000000000001,166.2913175444737,1306.0945753915105,1300.0945753915105,2.7866642563664183
0.275,1.1400000000000001,167.91488860432446,1307.7181464513612,1301.7181464513612,2.7669698614761895
0.28125,1.1400000000000001,169.3821821698366,1309.1854400168734,1303.1854400168734,2.74778035201705
0.2875,1.1400000000000001,170.69685083432682,1310.5001086813636,1304.5001086813636,2.729082491848027
0.29375,1.1400000000000001,171.86257353326369,1311.6658313803005,1305.6658313803005,2.710863377438047
0.3,1.1400000000000001,172.88304956320462,1312.6863074102414,1306.6863074102414,2.693110430969322
0.30625,1.1400000000000001,173.7619928144254,1313.5652506614622,1307.5652506614622,2.6758113934995
0.3125,1.1400000000000001,174.50312622093725,1314.306384067974,1308.306384067974,2.658954318186396
0.31875,1.1400000000000001,175.1101764307275,1314.9134342777643,1308.9134342777643,2.6425275635789007
0.325,1.1400000000000001,175.58686869829285,1315.3901265453296,1309.3901265453296,2.626519786977497
0.33125,1.1400000000000001,175.93692200075998,1315.7401798477968,1309.7401798477968,2.6109199378675454
0.3375,1.1400000000000001,176.16404437816504,1315.9673022252018,1309.9673022252018,2.5957172514283506
0.34375,1.1400000000000001,176.27192849778817,1316.075186344825,1310.075186344825,2.580901242120777
0.35,1.1400000000000001,176.26424744178712,1316.067505288824,1310.067505288824,2.5664616973559924
0.35625,1.1400000000000001,176.14465071679433,1315.947908563831,1309.947908563831,2.5523886712476984
0.3625,1.1400000000000001,175.9167604835443,1315.720018330581,1309.720018330581,2.538672478450041
0.36875,1.1400000000000001,175.58416800411874,1315.3874258511555,1309.3874258511555,2.5253036880831545
0.375,1.1400000000000001,175.15043030387392,1314.9536881509107,1308.9536881509107,2.5122731177481255
0.38125,1.1400000000000001,174.61906704470334,1314.4223248917401,1308.4223248917401,2.4995718276329777
0.38749999999999996,1.1400000000000001,173.99355760585445,1313.7968154528912,1307.7968154528912,2.4871911147110897
0.39375,1.1400000000000001,173.27733836818106,1313.0805962152178,1307.0805962152178,2.4751225070332645
0.4,1.1400000000000001,172.4738001973501,1312.2770580443869,1306.2770580443869,2.463357758114528
0.40625,1.1400000000000001,171.58628612124448,1311.3895439682813,1305.3895439682813,2.4518888414165563
0.4125,1.1400000000000001,170.61808919653276,1310.4213470435695,1304.4213470435695,2.4407079449264457
0.41874999999999996,1.1400000000000001,169.5724505591545,1309.3757084061913,1303.3757084061913,2.4298074658324302
0.425,1.1400000000000001,168.45255765325692,1308.2558155002937,1302.2558155002937,2.419180005296972
0.43125,1.1400000000000001,167.2615426329694,1307.0648004800062,1301.0648004800062,2.4088183633275193
0.4375,1.1400000000000001,166.00248093124765,1305.8057387782844,1299.8057387782844,2.3987155337450914
0.44375,1.1400000000000001,164.67838998992397,1304.4816478369607,1298.4816478369607,2.388864699250712
0.44999999999999996,1.1400000000000001,163.29222814499371,1303.0954859920305,1297.0954859920305,2.3792592265896144
0.45625,1.1400000000000001,161.84689366113753,1301.6501515081743,1295.6501515081743,2.369892661812997
0.46249999999999997,1.1400000000000001,160.3452239093997,1300.1484817564365,1294.1484817564365,2.3607587256370146
0.46875,1.1400000000000001,158.78999468199095,1298.5932525290277,1292.5932525290277,2.3518513088985817
0.475,1.1400000000000001,157.1839196381045,1296.9871774851413,1290.9871774851413,2.3431644681074695
0.48125,1.1400000000000001,155.52964987474365,1295.3329077217804,1289.3329077217804,2.3346924210940916
0.4875,1.1400000000000001,153.8297736165473,1293.633031463584,1287.633031463584,2.3264295427522548
0.49374999999999997,1.1400000000000001,152.08681601866533,1291.890073865702,1285.890073865702,2.3183703608761403
0.5,1.1400000000000001,150.30323907682896,1290.1064969238657,1284.1064969238657,2.310509552090612
0.50625,1.1400000000000001,148.48144163882125,1288.284699485858,1282.284699485858,2.3028419378739735
0.5125,1.1400000000000001,146.62375951167928,1286.427017358716,1280.427017358716,2.2953624806721566
0.51875,1.1400000000000001,144.7324656590322,1284.535723506069,1278.535723506069,2.288066280103307
0.5249999999999999,1.1400000000000001,142.8097704831414,1282.6130283301782,1276.6130283301782,2.2809485692516733
0.53125,1.1400000000000001,140.85782218629765,1280.6610800333344,1274.6610800333344,2.2740047110496318
0.5375,1.1400000000000001,138.87870720638898,1278.6819650534258,1272.6819650534258,2.2672301947466673
0.54375,1.1400000000000001,136.87445072159653,1276.6777085686333,1270.6777085686333,2.260620632464065
0.55,1.1400000000000001,134.84701721929923,1274.650275066336,1268.650275066336,2.2541717558340437
0.5562499999999999,1.1400000000000001,132.79831112444208,1272.6015689714789,1266.6015689714789,2.2478794127220305
0.5625,1.1400000000000001,130.7301774827863,1270.533435329823,1264.533435329823,2.2417395640307283
0.56875,1.1400000000000001,128.64440269457805,1268.4476605416148,1262.4476605416148,2.2357482805846356
0.575,1.1400000000000001,126.54271529438006,1266.3459731414168,1260.3459731414168,2.2299017400936183
0.58125,1.1400000000000001,124.42678677294907,1264.2300446199858,1258.2300446199858,2.224196224194159
0.5874999999999999,1.1400000000000001,122.29823243719693,1262.1014902842337,1256.1014902842337,2.218628115566843
0.59375,1.1400000000000001,120.15861230445921,1259.961870151496,1253.961870151496,2.2131938951286774
0.6,1.1400000000000001,118.00943202744565,1257.8126898744824,1251.8126898744824,2.2078901392987986
0.2,1.1600000000000001,141.26886737689574,1281.0721252239325,1275.0721252239325,3.0635365251143014
0.20625000000000002,1.1600000000000001,144.90677172549545,1284.7100295725322,1278.7100295725322,3.036648945012477
0.21250000000000002,1.1600000000000001,148.34822202295663,1288.1514798699934,1282.1514798699934,3.0104570238762145
0.21875,1.1600000000000001,151.596177858391,1291.3994357054278,1285.3994357054278,2.984942690588817
0.225,1.1600000000000001,154.65370600333358,1294.4569638503704,1288.4569638503704,2.9600883081710188
0.23125,1.1600000000000001,157.52397238636922,1297.327230233406,1291.327230233406,2.935876665891252
0.23750000000000002,1.1600000000000001,160.21023418144114,1300.013492028478,1294.013492028478,2.9122909713924447
0.24375000000000002,1.1600000000000001,162.71583202487818,1302.519089871915,1296.519089871915,2.889314842841058
0.25,1.1600000000000001,165.044182375005,1304.8474402220418,1298.8474402220418,2.8669323011040384
0.25625,1.1600000000000001,167.19877002713702,1307.0020278741738,1301.0020278741738,2.845127761959182
0.2625,1.1600000000000001,169.18314079562356,1308.9863986426603,1302.9863986426603,2.8238860283442704
0.26875,1.1600000000000001,171.00089437352585,1310.8041522205626,1304.8041522205626,2.803192282650212
0.275,1.1600000000000001,172.65567737945025,1312.458935226487,1306.458935226487,2.7830320790631955
0.28125,1.1600000000000001,174.15117660002056,1313.9544344470573,1307.9544344470573,2.763391335960723
0.2875,1.1600000000000001,175.49111243541847,1315.2943702824552,1309.2943702824552,2.74425632836615
0.29375,1.1600000000000001,176.67923255449455,1316.4824904015313,1310.4824904015313,2.7256136804661866
0.3,1.1600000000000001,177.71930576492218,1317.522563611959,1311.522563611959,2.707450358195587
0.30625,1.1600000000000001,178.61511610300136,1318.4183739500381,1312.4183739500381,2.6897536618930196
0.3125,1.1600000000000001,179.37045714679493,1319.1737149938317,1313.1737149938317,2.6725112190319225
0.31875,1.1600000000000001,179.9891265554395,1319.7923844024763,1313.7923844024763,2.6557109770298992
0.325,1.1600000000000001,180.4749208366643,1320.278178683701,1314.278178683701,2.6393411961399775
0.33125,1.1600000000000001,180.83163034375616,1320.634888190793,1314.634888190793,2.623390442426861
0.3375,1.1600000000000001,181.0630345025172,1320.866292349554,1314.866292349554,2.6078475808310455
0.34375,1.1600000000000001,181.17289726800573,1320.9761551150425,1314.9761551150425,2.592701768323464
0.35,1.1600000000000001,181.16496281025616,1320.968220657293,1314.968220657293,2.5779424471531067
0.35625,1.1600000000000001,181.04295142753404,1320.8462092745708,1314.8462092745708,2.5635593381898394
0.3625,1.1600000000000001,180.81055568510556,1320.6138135321423,1314.6138135321423,2.5495424343644357
0.36875,1.1600000000000001,180.47143677698978,1320.2746946240266,1314.2746946240266,2.535881994207627
0.375,1.1600000000000001,180.02922110766508,1319.8324789547019,1313.8324789547019,2.5225685354897927
0.38125,1.1600000000000001,179.4874970902365,1319.2907549372733,1313.2907549372733,2.509592828962657
0.38749999999999996,1.1600000000000001,178.84981215718585,1318.6530700042226,1312.6530700042226,2.4969458922042724
0.39375,1.1600000000000001,178.1196699794234,1317.9229278264602,1311.9229278264602,2.484618983568271
0.4,1.1600000000000001,177.30052788905732,1317.103785736094,1311.103785736094,2.472603596238262
0.40625,1.1600000000000001,176.39579450095516,1316.199052347992,1310.199052347992,2.4608914523880747
0.4125,1.1600000000000001,175.4088275279537,1315.2120853749905,1309.2120853749905,2.449474497448337
0.41874999999999996,1.1600000000000001,174.3429317842929,1314.1461896313297,1308.1461896313297,2.438344894479787
0.425,1.1600000000000001,173.20135737169244,1313.0046152187292,1307.0046152187292,2.4274950186535134
0.43125,1.1600000000000001,171.98729804228446,1311.7905558893212,1305.7905558893212,2.416917451838206
0.4375,1.1600000000000001,170.70388973251352,1310.5071475795503,1304.5071475795503,2.406604977294341
0.44375,1.1600000000000001,169.3542092619614,1309.1574671089982,1303.1574671089982,2.396550574475123
0.44999999999999996,1.1600000000000001,167.94127319100448,1307.7445310380413,1301.7445310380413,2.3867474139338536
0.45625,1.1600000000000001,166.46803683113967,1306.2712946781764,1300.2712946781764,2.3771888523373095
0.46249999999999997,1.1600000000000001,164.93739340176057,1304.7406512487973,1298.7406512487973,2.3678684275845754
0.46875,1.1600000000000001,163.35217332719776,1303.1554311742345,1297.1554311742345,2.358779854030696
0.475,1.1600000000000001,161.71514366777774,1301.5184015148145,1295.5184015148145,2.3499170178144126
0.48125,1.1600000000000001,160.02900767874712,1299.832265525784,1293.832265525784,2.3412739722891485
0.4875,1.1600000000000001,158.29640449091107,1298.0996623379478,1292.0996623379478,2.3328449335563355
0.49374999999999997,1.1600000000000001,156.5199089068949,1296.3231667539317,1290.3231667539317,2.3246242761000877
0.5,1.1600000000000001,154.70203130704886,1294.5052891540856,1288.5052891540856,2.316606528522175
0.50625,1.1600000000000001,152.84521765905993,1292.6484755060967,1286.6484755060967,2.3087863693761386
0.5125,1.1600000000000001,150.9518496254566,1290.7551074724934,1284.7551074724934,2.3011586230994
0.51875,1.1600000000000001,149.02424476332067,1288.8275026103574,1282.8275026103574,2.293718256042092
0.5249999999999999,1.1600000000000001,147.06465681060604,1286.8679146576428,1280.8679146576428,2.2864603725913084
0.53125,1.1600000000000001,145.0752760536284,1284.8785339006652,1278.8785339006652,2.2793802113894723
0.5375,1.1600000000000001,143.0582297704043,1282.861487617441,1276.861487617441,2.272473141645392
0.54375,1.1600000000000001,141.0155827446863,1280.818840591723,1274.818840591723,2.265734659536627
0.55,1.1600000000000001,138.94933784567093,1278.7525956927077,1272.7525956927077,2.259160384701677
0.5562499999999999,1.1600000000000001,136.86143666852126,1276.664694515558,1270.664694515558,2.2527460568205515
0.5625,1.1600000000000001,134.75376023101012,1274.557018078047,1268.557018078047,2.2464875322821785
0.56875,1.1600000000000001,132.6281297217372,1272.431387568774,1266.431387568774,2.2403807809371563
0.575,1.1600000000000001,130.48630729556317,1270.2895651426,1264.2895651426,2.2344218829342926
0.58125,1.1600000000000001,128.32999691203213,1268.133254759069,1262.133254759069,2.228607025639373
0.5874999999999999,1.1600000000000001,126.16084521276548,1265.9641030598023,1259.9641030598023,2.2229325006346032
0.59375,1.1600000000000001,123.9804424339352,1263.783700280972,1257.783700280972,2.217394700797132
0.6,1.1600000000000001,121.79032335012289,1261.5935811971597,1255.5935811971597,2.2119901174550956
0.2,1.1800000000000002,145.42525802072532,1285.228515867762,1279.228515867762,3.0864722633346
0.20625000000000002,1.1800000000000002,149.1316631614418,1288.9349210084786,1282.9349210084786,3.0589124568883483
0.21250000000000002,1.1800000000000002,152.63796306039853,1292.4412209074353,1286.4412209074353,3.0320699423311512
0.21875,1.1800000000000002,155.9471633698197,1295.7504212168565,1289.7504212168565,3.005925919352428
0.225,1.1800000000000002,159.06237989097667,1298.8656377380134,1292.8656377380134,2.9804620457674753
0.23125,1.1800000000000002,161.98683033841144,1301.7900881854482,1295.7900881854482,2.955660428940418
0.23750000000000002,1.1800000000000002,164.72382622238206,1304.5270840694188,1298.5270840694188,2.9315036172358906
0.24375000000000002,1.1800000000000002,167.27676486482437,1307.0800227118611,1301.0800227118611,2.9079745915054533
0.25,1.1800000000000002,169.6491215629669,1309.4523794100037,1303.4523794100037,2.88505675661461
0.25625,1.1800000000000002,171.8444419136083,1311.647699760645,1305.647699760645,2.8627339330161075
0.2625,1.1800000000000002,173.86633430990605,1313.6695921569428,1307.6695921569428,2.8409903483750543
0.26875,1.1800000000000002,175.71846262142572,1315.5217204684625,1309.5217204684625,2.8198106292512013
0.275,1.1800000000000002,177.4045390670883,1317.207796914125,1311.207796914125,2.7991797928435163
0.28125,1.1800000000000002,178.92831728962437,1318.7315751366611,1312.7315751366611,2.779083238801947
0.2875,1.1800000000000002,180.2935856390177,1320.0968434860545,1314.0968434860545,2.75950674111111
0.29375,1.1800000000000002,181.50416067151855,1321.3074185185553,1315.3074185185553,2.740436440050318
0.3,1.1800000000000002,182.56388086972947,1322.3671387167662,1316.3671387167662,2.72185883423421
0.30625,1.1800000000000002,183.47660058837778,1323.2798584354146,1317.2798584354146,2.703760772737927
0.3125,1.1800000000000002,184.24618422947037,1324.0494420765071,1318.0494420765071,2.6861294473106025
0.31875,1.1800000000000002,184.87650064964123,1324.679758496678,1318.679758496678,2.6689523846806376
0.325,1.1800000000000002,185.37141780170464,1325.1746756487414,1319.1746756487414,2.6522174389560016
0.33125,1.1800000000000002,185.73479761159388,1325.5380554586307,1319.5380554586307,2.6359127841225956
0.3375,1.1800000000000002,185.97049109116756,1325.7737489382043,1319.7737489382043,2.6200269066433792
0.34375,1.1800000000000002,186.08233368662354,1325.8855915336603,1319.8855915336603,2.60454859816084
0.35,1.1800000000000002,186.07414086160293,1325.8773987086397,1319.8773987086397,2.589466948305055
0.35625,1.1800000000000002,185.94970391346806,1325.7529617605048,1319.7529617605048,2.5747713376094272
0.3625,1.1800000000000002,185.71278602062512,1325.516043867662,1319.516043867662,2.5604514305359043
0.36875,1.1800000000000002,185.36711851824748,1325.1703763652843,1319.1703763652843,2.54649716861133
0.375,1.1800000000000002,184.91639739925495,1324.7196552462917,1318.7196552462917,2.5328987636762963
0.38125,1.1800000000000002,184.36428003693732,1324.167537883974,1318.167537883974,2.5196466912477353
0.38749999999999996,1.1800000000000002,183.71438212520934,1323.5176399722461,1317.5176399722461,2.5067316839962164
0.39375,1.1800000000000002,182.97027483208285,1322.7735326791196,1316.7735326791196,2.4941447253387894
0.4,1.1800000000000002,182.13548216163917,1321.938740008676,1315.938740008676,2.481877043147989
0.40625,1.1800000000000002,181.21347851943233,1321.016736366469,1315.016736366469,2.469920103577458
0.4125,1.1800000000000002,180.20768647603313,1320.01094432307,1314.01094432307,2.4582656050044824
0.41874999999999996,1.1800000000000002,179.1214747231479,1318.9247325701847,1312.9247325701847,2.446905472089547
0.425,1.1800000000000002,177.95815621658517,1317.761414063622,1311.761414063622,2.4358318499529097
0.43125,1.1800000000000002,176.72098650012867,1316.5242443471654,1310.5242443471654,2.425037098468012
0.4375,1.1800000000000002,175.4131622042721,1315.216420051309,1309.216420051309,2.4145137866714226
0.44375,1.1800000000000002,174.03781971365333,1313.84107756069,1307.84107756069,2.4042546872888626
0.44999999999999996,1.1800000000000002,172.59803399690077,1312.4012918439375,1306.4012918439375,2.3942527713768
0.45625,1.1800000000000002,171.09681759262298,1310.9000754396598,1304.9000754396598,2.384501203078875
0.46249999999999997,1.1800000000000002,169.53711974514408,1309.3403775921809,1303.3403775921809,2.37499333449644
0.46875,1.1800000000000002,167.92182568366138,1307.7250835306982,1301.7250835306982,2.3657227006722925
0.475,1.1800000000000002,166.25375603844736,1306.0570138854841,1300.0570138854841,2.3566830146866513
0.48125,1.1800000000000002,164.5356663877717,1304.3389242348085,1298.3389242348085,2.3478681628642923
0.4875,1.1800000000000002,162.77024692927466,1302.5735047763114,1296.5735047763114,2.3392722000917345
0.49374999999999997,1.1800000000000002,160.96012226955622,1300.763380116593,1294.763380116593,2.3308893452432233
0.5,1.1800000000000002,159.1078513258492,1298.911109172886,1292.911109172886,2.322713976714265
0.50625,1.1800000000000002,157.21592733372404,1297.0191851807608,1291.0191851807608,2.3147406280613305
0.5125,1.1800000000000002,155.28677795487147,1295.0900358019082,1289.0900358019082,2.306963983746357
0.51875,1.1800000000000002,153.32276547915262,1293.1260233261894,1287.1260233261894,2.2993788749845656
0.5249999999999999,1.1800000000000002,151.32618711518694,1291.1294449622237,1285.1294449622237,2.291980275694109
0.53125,1.1800000000000002,149.29927536391233,1289.102533210949,1283.102533210949,2.284763298546007
0.5375,1.1800000000000002,147.24419846970932,1287.047456316746,1281.047456316746,2.277723191112775
0.54375,1.1800000000000002,145.1630609437741,1284.9663187908109,1278.9663187908109,2.270855332114153
0.55,1.1800000000000002,143.05790415464867,1282.8611620016854,1276.8611620016854,2.2641552277582786
0.5562499999999999,1.1800000000000002,140.93070698091014,1280.733964827947,1274.733964827947,2.2576185081766535
0.5625,1.1800000000000002,138.7833865212449,1278.5866443682817,1272.5866443682817,2.2512409239512077
0.56875,1.1800000000000002,136.61779885724468,1276.4210567042815,1270.4210567042815,2.245018342731766
0.575,1.1800000000000002,134.43573986447245,1274.2389977115092,1268.2389977115092,2.2389467459422145
0.58125,1.1800000000000002,132.238946067494,1272.0422039145308,1266.0422039145308,2.233022225573617
0.5874999999999999,1.1800000000000002,130.02909553473683,1269.8323533817736,1263.8323533817736,2.2272409810625917
0.59375,1.1800000000000002,127.80780880923066,1267.6110666562674,1261.6110666562674,2.221599316253177
0.6,1.1800000000000002,125.5766498714354,1265.3799077184722,1259.3799077184722,2.216093636440487
0.2,1.2000000000000002,149.5881583994019,1289.3914162464387,1283.3914162464387,3.1095729584505434
0.20625000000000002,1.2000000000000002,153.36323896626504,1293.1664968133018,1287.1664968133018,3.081332299466614
0.21250000000000002,1.2000000000000002,156.9345546149318,1296.7378124619686,1290.7378124619686,3.053830999074005
0.21875,1.2000000000000002,160.3051569691113,1300.108414816148,1294.108414816148,3.0270495068224292
0.225,1.2000000000000002,163.47821080075346,1303.2814686477902,1297.2814686477902,3.0009687553264954
0.23125,1.2000000000000002,166.4569855812224,1306.2602434282592,1300.2602434282592,2.9755701509630015
0.23750000000000002,1.2000000000000002,169.2448471553571,1309.0481050023939,1303.0481050023939,2.9508355646103586
0.24375000000000002,1.2000000000000002,171.84524955401412,1311.648507401051,1305.648507401051,2.926747322436385
0.25,1.2000000000000002,174.2617269594666,1314.0649848065034,1308.0649848065034,2.903288196740548
0.25625,1.2000000000000002,176.49788583687132,1316.301143683908,1310.301143683908,2.88044139685651
0.2625,1.2000000000000002,178.55739724385808,1318.3606550908949,1312.3606550908949,2.8581905601206534
0.26875,1.2000000000000002,180.44398932911372,1320.2472471761505,1314.2472471761505,2.836519742912054
0.275,1.2000000000000002,182.16144002974943,1321.9646978767862,1315.9646978767862,2.81541341176909
0.28125,1.2000000000000002,183.71356997612952,1323.5168278231663,1317.5168278231663,2.7948564345876763
0.2875,1.2000000000000002,185.10423561175958,1324.9074934587964,1318.9074934587964,2.774834071905842
0.29375,1.2000000000000002,186.3373225348148,1326.1405803818516,1320.1405803818516,2.755331968279102
0.3,1.2000000000000002,187.4167390668797,1327.2199969139165,1321.2199969139165,2.736336143750831
0.30625,1.2000000000000002,188.34641005351227,1328.149667900549,1322.149667900549,2.7178329854215515
0.3125,1.2000000000000002,189.13027090031983,1328.9335287473566,1322.9335287473566,2.6998092391208277
0.31875,1.2000000000000002,189.7722618473315,1329.5755196943683,1323.5755196943683,2.6822520011851254
0.325,1.2000000000000002,190.27632248364466,1330.0795803306814,1324.0795803306814,2.665148710344802
0.33125,1.2000000000000002,190.64638650347638,1330.4496443505132,1324.4496443505132,2.648487139723067
0.3375,1.2000000000000002,190.88637670402454,1330.6896345510613,1324.6896345510613,2.6322553889495435
0.34375,1.2000000000000002,191.00020022481317,1330.80345807185,1324.80345807185,2.6164418763907724
0.35,1.2000000000000002,190.99174402750805,1330.7950018745448,1324.7950018745448,2.601035331499777
0.35625,1.2000000000000002,190.86487061459525,1330.668128461632,1324.668128461632,2.5860247872865365
0.3625,1.2000000000000002,190.62341398467834,1330.426671831715,1324.426671831715,2.57139957291102
0.36875,1.2000000000000002,190.2711758216533,1330.07443366869,1324.07443366869,2.5571493064001647
0.375,1.2000000000000002,189.81192191447235,1329.6151797615091,1323.6151797615091,2.5432638874899793
0.38125,1.2000000000000002,189.24937880378207,1329.0526366508188,1323.0526366508188,2.52973349059375
0.38749999999999996,1.2000000000000002,188.5872306512722,1328.390488498309,1322.390488498309,2.516548557897099
0.39375,1.2000000000000002,187.82911632719674,1327.6323741742335,1321.6323741742335,2.503699792580479
0.4,1.2000000000000002,186.9786267112088,1326.7818845582456,1320.7818845582456,2.49117815216946
0.40625,1.2000000000000002,186.039302201287,1325.8425600483238,1319.8425600483238,2.47897484201302
0.4125,1.2000000000000002,185.0146304253317,1324.8178882723685,1318.8178882723685,2.4670813088898806
0.41874999999999996,1.2000000000000002,183.9080441497108,1323.7113019967476,1317.7113019967476,2.45548923474272
0.425,1.2000000000000002,182.72291937886666,1322.5261772259034,1316.5261772259034,2.444190530540014
0.43125,1.2000000000000002,181.46257363992117,1321.265831486958,1315.265831486958,2.4331773302650466
0.4375,1.2000000000000002,180.13026444605384,1319.9335222930906,1313.9335222930906,2.422441985031537
0.44375,1.2000000000000002,178.7291879323475,1318.5324457793843,1312.5324457793843,2.4119770573251667
0.44999999999999996,1.2000000000000002,177.2624776576888,1317.0657355047256,1311.0657355047256,2.4017753153702133
0.45625,1.2000000000000002,175.7332035662555,1315.5364614132923,1309.5364614132923,2.391829727620335
0.46249999999999997,1.2000000000000002,174.14437110209337,1313.9476289491301,1307.9476289491301,2.3821334573724853
0.46875,1.2000000000000002,172.49892047027424,1312.302178317311,1306.302178317311,2.3726798575028147
0.475,1.2000000000000002,170.79972603813508,1310.6029838851719,1304.6029838851719,2.36346246532334
0.48125,1.2000000000000002,169.04959587011786,1308.8528537171546,1302.8528537171546,2.3544749975580586
0.4875,1.2000000000000002,167.2512713897961,1307.0545292368329,1301.0545292368329,2.3457113454371488
0.49374999999999997,1.2000000000000002,165.40742716271825,1305.210685009755,1299.210685009755,2.3371655699077634
0.5,1.2000000000000002,163.52067079381095,1303.3239286408477,1297.3239286408477,2.328831896959924
0.50625,1.2000000000000002,161.59354293311821,1301.396800780155,1295.396800780155,2.320704713065925
0.5125,1.2000000000000002,159.62851738383665,1299.4317752308734,1293.4317752308734,2.312778560731615
0.51875,1.2000000000000002,157.628001306673,1297.4312591537098,1291.4312591537098,2.305048134157878
0.5249999999999999,1.2000000000000002,155.59433551467805,1295.3975933617148,1289.3975933617148,2.2975082750105935
0.53125,1.2000000000000002,153.52979485288483,1293.3330526999216,1287.3330526999216,2.2901539682973224
0.5375,1.2000000000000002,151.43658865719976,1291.2398465042365,1285.2398465042365,2.282980338348918
0.54375,1.2000000000000002,149.31686128713022,1289.120119134167,1283.120119134167,2.2759826449042615
0.55,1.2000000000000002,147.1726927271452,1286.975950574182,1280.975950574182,2.2691562792962596
0.5562499999999999,1.2000000000000002,145.0060992515555,1284.8093570985923,1278.8093570985923,2.2624967607372835
0.5625,1.2000000000000002,142.81903414803787,1282.6222919950746,1276.6222919950746,2.2559997327021257
0.56875,1.2000000000000002,140.61338849505114,1280.416646342088,1274.416646342088,2.2496609594066315
0.575,1.2000000000000002,138.39099198856889,1278.1942498356057,1272.1942498356057,2.243476322380102
0.58125,1.2000000000000002,136.15361381375578,1275.9568716607926,1269.9568716607926,2.237441817129552
0.5874999999999999,1.2000000000000002,133.9029635573504,1273.7062214043872,1267.7062214043872,2.2315535498939583
0.59375,1.2000000000000002,131.6406921567193,1271.443950003756,1265.443950003756,2.2258077344865677
0.6,1.2000000000000002,129.3683928817129,1269.1716507287497,1263.1716507287497,2.2202006892234056
0.2,1.22,153.757545941668,1293.5608037887048,1287.5608037887048,3.132839745786412
0.20625000000000002,1.22,157.60147543622543,1297.4047332832622,1291.4047332832622,3.103909519385983
0.21250000000000002,1.22,161.2379718752179,1301.0412297222547,1295.0412297222547,3.0757411584522747
0.21875,1.22,164.67013276636771,1304.4733906134045,1298.4733906134045,3.0483143410200295
0.225,1.22,167.90117179711729,1307.704429644154,1301.704429644154,3.021609254105077
0.23125,1.22,170.93441017007103,1310.7376680171078,1304.7376680171078,2.995606583636154
0.23750000000000002,1.22,173.7732680661734,1313.5765259132102,1307.5765259132102,2.970287504443522
0.24375000000000002,1.22,176.42125625144786,1316.2245140984846,1310.2245140984846,2.945633670310801
0.25,1.22,178.88196784196316,1318.685225689,1312.685225689,2.92162720409633
0.25625,1.22,181.15907024040894,1320.9623280874457,1314.9623280874457,2.898250687930041
0.2625,1.22,183.2562972565247,1323.0595551035615,1317.0595551035615,2.875487153491678
0.26875,1.22,185.1774414224019,1324.9806992694387,1318.9806992694387,2.8533200723758916
0.275,1.22,186.92634651257436,1326.7296043596111,1320.7296043596111,2.8317333465494903
0.28125,1.22,188.50690027764404,1328.3101581246808,1322.3101581246808,2.8107112989058596
0.2875,1.22,189.92302739912884,1329.7262852461656,1323.7262852461656,2.7902386639212575
0.29375,1.22,191.1786826721584,1330.9819405191952,1324.9819405191952,2.770300578417439
0.3,1.22,192.27784442159827,1332.081102268635,1326.081102268635,2.75088257243475
0.30625,1.22,193.22450815623938,1333.0277660032762,1327.0277660032762,2.731970560219531
0.3125,1.22,194.02268046470294,1333.8259383117397,1327.8259383117397,2.7135508313294254
0.31875,1.22,194.6763731558558,1334.4796310028926,1328.4796310028926,2.6956100418598297
0.325,1.22,195.18959764561737,1334.9928554926541,1328.9928554926541,2.6781352057945176
0.33125,1.22,195.5663595912779,1335.3696174383147,1329.3696174383147,2.661113686483101
0.3375,1.22,195.81065377363666,1335.6139116206734,1329.6139116206734,2.644533188247803
0.34375,1.22,195.9264592265513,1335.729717073588,1329.729717073588,2.628381748121668
0.35,1.22,195.91773461281218,1335.720992459849,1329.720992459849,2.6126477277201405
0.35625,1.22,195.78841384460475,1335.5916716916415,1329.5916716916415,2.5973198052476327
0.3625,1.22,195.54240194623662,1335.3456597932734,1329.3456597932734,2.5823869676404883
0.36875,1.22,195.1835711562362,1334.986829003273,1328.986829003273,2.5678385028475015
0.375,1.22,194.71575726544324,1334.51901511248,1328.51901511248,2.553663992248919
0.38125,1.22,194.14275618721786,1333.9460140342546,1327.9460140342546,2.539853303214623
0.38749999999999996,1.22,193.46832075550424,1333.271578602541,1327.271578602541,2.526396581802012
0.39375,1.22,192.69615774602767,1332.4994155930644,1326.4994155930644,2.5132842455938533
0.4,1.22,191.82992511566363,1331.6331829627004,1325.6331829627004,2.5005069766762222
0.40625,1.22,190.87322945458823,1330.676487301625,1324.676487301625,2.488055714756443
0.4125,1.22,189.82962364565014,1329.632881492687,1323.632881492687,2.475921650420784
0.41874999999999996,1.22,188.70260472508062,1328.5058625721174,1322.5058625721174,2.4640962185314788
0.425,1.22,187.49561193853128,1327.298869785568,1321.298869785568,2.4525710917625103
0.43125,1.22,186.21202498618277,1326.0152828332195,1320.0152828332195,2.4413381742734446
0.4375,1.22,184.85516245058716,1324.658420297624,1318.658420297624,2.430389595520439
0.44375,1.22,183.42828040075779,1323.2315382477946,1317.2315382477946,2.4197177042034808
0.44999999999999996,1.22,181.93457116595528,1321.737829012992,1315.737829012992,2.4093150623487176
0.45625,1.22,180.37716227254805,1320.1804201195848,1314.1804201195848,2.3991744395246895
0.46249999999999997,1.22,178.75911553729543,1318.5623733843322,1312.5623733843322,2.3892888071911558
0.46875,1.22,177.0834263104034,1316.8866841574402,1310.8866841574402,2.3796513331790847
0.475,1.22,175.35302286170054,1315.1562807087373,1309.1562807087373,2.370255376300332
0.48125,1.22,173.57076590330212,1313.374023750339,1307.374023750339,2.361094481085431
0.4875,1.22,171.73944824223076,1311.5427060892675,1305.5427060892675,2.352162372647826
0.49374999999999997,1.22,169.86179455644447,1309.6650524034812,1303.6650524034812,2.3434529516728655
0.5,1.22,167.94046128790546,1307.7437191349422,1301.7437191349422,2.3349602895297568
0.50625,1.22,165.97803664633284,1305.7812944933696,1299.7812944933696,2.3266786235046637
0.5125,1.22,163.9770407174376,1303.7802985644744,1297.7802985644744,2.3186023521530803
0.51875,1.22,161.93992566956467,1301.7431835166014,1295.7431835166014,2.310726030769549
0.5249999999999999,1.22,159.8690760527677,1299.6723338998045,1293.6723338998045,2.3030443669727787
0.53125,1.22,157.7668091845078,1297.5700670315446,1291.5700670315446,2.295552216404183
0.5375,1.22,155.63537561630392,1295.4386334633407,1289.4386334633407,2.2882445785378147
0.54375,1.22,153.47695967583832,1293.280217522875,1287.280217522875,2.281116592599677
0.55,1.22,151.2936800791374,1291.0969379261742,1285.0969379261742,2.2741635335943555
0.5562499999999999,1.22,149.08759060767989,1288.8908484547167,1282.8908484547167,2.2673808084369056
0.5625,1.22,146.86068084539443,1286.6639386924312,1280.6639386924312,2.2607639521879235
0.56875,1.22,144.61487697071084,1284.4181348177476,1278.4181348177476,2.254308624389731
0.575,1.22,142.35204259901343,1282.1553004460502,1276.1553004460502,2.248010605501578
0.58125,1.22,140.073979670997,1279.8772375180338,1273.8772375180338,2.241865793431791
0.5874999999999999,1.22,137.78242938261747,1277.5856872296542,1271.5856872296542,2.2358702001647974
0.59375,1.22,135.47907315251518,1275.282330999552,1269.282330999552,2.2300199484809404
0.6,1.22,133.16553362294894,1272.9687914699857,1266.9687914699857,2.2243112687670483
0.2,1.24,157.93339799925093,1297.7366558462877,1291.7366558462877,3.15627376814807
0.20625000000000002,1.24,161.8463487864028,1301.6496066334396,1295.6496066334396,3.126645169970341
0.21250000000000002,1.24,165.54818994467723,1305.351447791714,1299.351447791714,3.09780139077973
0.21875,1.24,169.042064782524,1308.8453226295608,1302.8453226295608,3.069721315284385
0.225,1.24,172.3312358515659,1312.1344936986027,1306.1344936986027,3.0423843640940462
0.23125,1.24,175.4190760636552,1315.222333910692,1309.222333910692,3.0157704828451064
0.23750000000000002,1.24,178.309059940618,1318.1123177876548,1312.1123177876548,2.9898601313983932
0.24375000000000002,1.24,181.00475501284473,1320.8080128598815,1314.8080128598815,2.9646342731163644
0.25,1.24,183.50981338157362,1323.3130712286104,1317.3130712286104,2.940074364226145
0.25625,1.24,185.82796345850056,1325.6312213055373,1319.6312213055373,2.916162343274585
0.2625,1.24,187.9630018950986,1327.7662597421354,1321.7662597421354,2.8928806206812556
0.26875,1.24,189.91878571282496,1329.7220435598617,1323.7220435598617,2.8702120683949914
0.275,1.24,191.69922464422757,1331.5024824912643,1325.5024824912643,2.848140009659308
0.28125,1.24,193.30827369381404,1333.1115315408508,1327.1115315408508,2.826648208891701
0.2875,1.24,194.7499259263925,1334.5531837734293,1328.5531837734293,2.805720861681544
0.29375,1.24,196.02820548958016,1335.831463336617,1329.831463336617,2.7853425849109583
0.3,1.24,197.1471608760669,1336.9504187231037,1330.9504187231037,2.76549840700273
0.30625,1.24,198.1108584302649,1337.9141162773017,1331.9141162773017,2.7461737582990335
0.3125,1.24,198.92337610299433,1338.726633950031,1332.726633950031,2.7273544615743877
0.31875,1.24,199.58879745693184,1339.3920553039686,1333.3920553039686,2.7090267226859766
0.325,1.24,200.11120592469842,1339.9144637717352,1333.9144637717352,2.691177121364165
0.33125,1.24,200.49467932059224,1340.297937167629,1334.297937167629,2.6737926021457166
0.3375,1.24,200.74328460624474,1340.5465424532815,1334.5465424532815,2.6568604654519383
0.34375,1.24,200.86107290967607,1340.6643307567128,1334.6643307567128,2.6403683588137064
0.35,1.24,200.85207479656924,1340.655332643606,1334.655332643606,2.6243042682450266
0.35625,1.24,200.7202957919394,1340.5235536389762,1334.5235536389762,2.6086565097665217
0.3625,1.24,200.46971214973019,1340.272969996767,1334.272969996767,2.593413721079992
0.36875,1.24,200.10426686735013,1339.907524714387,1333.907524714387,2.578564853394924
0.375,1.24,199.62786594163185,1339.4311237886686,1333.4311237886686,2.5640991634076142
0.38125,1.24,199.04437486219763,1338.8476327092344,1332.8476327092344,2.5500062054333017
0.38749999999999996,1.24,198.35761533784193,1338.1608731848787,1332.1608731848787,2.536275823691547
0.39375,1.24,197.57136225107365,1337.3746200981104,1331.3746200981104,2.5228981447448207
0.4,1.24,196.68934083568752,1336.4925986827243,1330.4925986827243,2.509863570090127
0.40625,1.24,195.71522407185444,1335.5184819188912,1329.5184819188912,2.4971627689032645
0.4125,1.24,194.65263029299217,1334.455888140029,1328.455888140029,2.48478667093517
0.41874999999999996,1.24,193.50512099841717,1333.308378845454,1327.308378845454,2.472726459559611
0.425,1.24,192.27619886557022,1332.079456712607,1326.079456712607,2.460973564971356
0.43125,1.24,190.96930595544313,1330.77256380248,1324.77256380248,2.449519657533795
0.4375,1.24,189.5878221046969,1329.3910799517337,1323.3910799517337,2.43835664127485
0.44375,1.24,188.13506349783484,1327.9383213448716,1321.9383213448716,2.4274766475298803
0.44999999999999996,1.24,186.61428141272063,1326.4175392597574,1320.4175392597574,2.416872028730203
0.45625,1.24,185.02866113268465,1324.8319189797214,1318.8319189797214,2.406535352335687
0.46249999999999997,1.24,183.38132101838778,1323.1845788654246,1317.1845788654246,2.396459394909842
0.46875,1.24,181.67531173267662,1321.4785695797134,1315.4785695797134,2.386637136335675
0.475,1.24,179.9136156115901,1319.7168734586269,1313.7168734586269,2.3770617541705557
0.48125,1.24,178.09914617478194,1317.9024040218187,1311.9024040218187,2.367726618138209
0.4875,1.24,176.23474776864396,1316.0380056156807,1310.0380056156807,2.3586252847559224
0.49374999999999997,1.24,174.32319533547548,1314.1264531825123,1308.1264531825123,2.3497514920949785
0.5,1.24,172.36719430216,1312.1704521491968,1306.1704521491968,2.341099154672268
0.50625,1.24,170.36938058188093,1310.1726384289177,1304.1726384289177,2.332662358470985
0.5125,1.24,168.3323206825371,1308.1355785295739,1302.1355785295739,2.3244353560882955
0.51875,1.24,166.25851191564038,1306.0617697626772,1300.0617697626772,2.3164125620077787
0.5249999999999999,1.24,164.15038269960746,1303.9536405466442,1297.9536405466442,2.308588547994483
0.53125,1.24,162.01029295151488,1301.8135507985517,1295.8135507985517,2.3009580386103234
0.5375,1.24,159.8405345615131,1299.6437924085499,1293.6437924085499,2.293515906847624
0.54375,1.24,157.6433319442981,1297.4465897913349,1291.4465897913349,2.2862571698785046
0.55,1.24,155.42084266214647,1295.2241005091832,1289.2241005091832,2.2791769849178802
0.5562499999999999,1.24,153.17515811425096,1292.9784159612877,1286.9784159612877,2.2722706451977484
0.5625,1.24,150.90830428721688,1290.7115621342537,1284.7115621342537,2.265533576050521
0.56875,1.24,148.62224256179502,1288.4255004088318,1282.4255004088318,2.258961331099093
0.575,1.24,146.31887057106792,1286.1221284181047,1280.1221284181047,2.2525495885513926
0.58125,1.24,144.00002310553668,1283.8032809525735,1277.8032809525735,2.2462941475971037
0.5874999999999999,1.24,141.6674730606885,1281.4707309077253,1275.4707309077253,2.240190924904342
0.59375,1.24,139.322932422823,1279.1261902698598,1273.1261902698598,2.234235951214003
0.6,1.24,136.96805328913388,1276.7713111361707,1270.7713111361707,2.2284253680295585
0.2,1.26,162.11569184732025,1301.918949694357,1295.918949694357,3.179876175870598
0.20625000000000002,1.26,166.09783515118625,1305.901092998223,1299.901092998223,3.149540311269947
0.21250000000000002,1.26,169.86518384202714,1309.668441689064,1303.668441689064,3.1200126723719794
0.21875,1.26,173.42092694991788,1313.2241847969547,1307.2241847969547,3.0912713283032343
0.225,1.26,176.76837584326154,1316.5716336902983,1310.5716336902983,3.063294912044407
0.23125,1.26,179.91095512474567,1319.7142129717824,1313.7142129717824,3.0360626087057843
0.23750000000000002,1.26,182.8521936651473,1322.655451512184,1316.655451512184,3.0095541438927156
0.24375000000000002,1.26,185.59571579136787,1325.3989736384046,1319.3989736384046,2.983749772168045
0.25,1.26,188.14523264383024,1327.948490490867,1321.948490490867,2.958630265618068
0.25625,1.26,190.5045337170195,1330.3077915640563,1324.3077915640563,2.934176902528342
0.2625,1.26,192.67747859575843,1332.4807364427952,1326.4807364427952,2.910371456175325
0.26875,1.26,194.6679888984993,1334.471246745536,1328.471246745536,2.887196183739538
0.275,1.26,196.48004043777792,1336.2832982848147,1330.2832982848147,2.8646338153455737
0.28125,1.26,198.11765560674007,1337.9209134537768,1331.9209134537768,2.842667543233954
0.2875,1.26,199.58489599954282,1339.3881538465796,1333.3881538465796,2.8212810110695004
0.29375,1.26,200.88585527233136,1340.6891131193681,1334.6891131193681,2.8004583033905264
0.3,1.26,202.02465225040214,1341.827910097439,1335.827910097439,2.780183935202812
0.30625,1.26,203.00542428617587,1342.8086821332126,1336.8086821332126,2.7604428417219866
0.3125,1.26,203.8323208716024,1343.6355787186392,1337.6355787186392,2.7412203682676086
0.31875,1.26,204.50949750768564,1344.3127553547224,1338.3127553547224,2.7225022603118787
0.325,1.26,205.04110983294913,1344.844367679986,1338.844367679986,2.704274653685617
0.33125,1.26,205.43130801177995,1345.2345658588167,1339.2345658588167,2.686524064943811
0.3375,1.26,205.68423138284106,1345.4874892298778,1339.4874892298778,2.669237381892696
0.34375,1.26,205.80400336694674,1345.6072612139835,1339.6072612139835,2.652401854280102
0.35,1.26,205.79472663311503,1345.5979844801518,1339.5979844801518,2.636005084650417
0.35625,1.26,205.66047852085012,1345.463736367887,1339.463736367887,2.6200350193653077
0.3625,1.26,205.4053067160953,1345.208564563132,1339.208564563132,2.6044799397910414
0.36875,1.26,205.03322517771926,1344.836483024756,1338.836483024756,2.5893284536529935
0.375,1.26,204.54821031089114,1344.351468157928,1338.351468157928,2.574569486557673
0.38125,1.26,203.9541973832163,1343.757455230253,1337.757455230253,2.5601922736823775
0.38749999999999996,1.26,203.25507717905748,1343.0583350260943,1337.0583350260943,2.546186351632368
0.39375,1.26,202.45469288708728,1342.257950734124,1336.257950734124,2.5325415504652247
0.4,1.26,201.5568372157545,1341.3600950627913,1335.3600950627913,2.5192479858818397
0.40625,1.26,200.56524973103296,1340.3685075780697,1334.3685075780697,2.506296051583369
0.4125,1.26,199.4836144105409,1339.2868722575777,1333.2868722575777,2.4936764117932113
0.41874999999999996,1.26,198.31555740789304,1338.1188152549298,1332.1188152549298,2.481379993942976
0.425,1.26,197.06464502090626,1336.867902867943,1330.867902867943,2.469397981521215
0.43125,1.26,195.7343818571578,1335.5376397041946,1329.5376397041946,2.4577218070835776
0.4375,1.26,194.32820919019332,1334.13146703723,1328.13146703723,2.446343145422879
0.44375,1.26,192.84950349963356,1332.6527613466703,1326.6527613466703,2.435253906897475
0.44999999999999996,1.26,191.3015751882824,1331.1048330353192,1325.1048330353192,2.4244462309162302
0.45625,1.26,189.68766746934216,1329.490925316379,1323.490925316379,2.4139124795782196
0.46249999999999997,1.26,188.01095541676068,1327.8142132637975,1321.8142132637975,2.403645231465269
0.46875,1.26,186.2745451717592,1326.077803018796,1320.077803018796,2.3936372755852977
0.475,1.26,184.48147329860421,1324.284731145641,1318.284731145641,2.383881605464378
0.48125,1.26,182.63470628269351,1322.4379641297303,1316.4379641297303,2.3743714133853646
0.4875,1.26,180.7371401641219,1320.5403980111587,1314.5403980111587,2.365100084770851
0.49374999999999997,1.26,178.7916002999234,1318.5948581469602,1312.5948581469602,2.3560611927081814
0.5,1.26,176.80084124831615,1316.604099095353,1310.604099095353,2.3472484926141997
0.50625,1.26,174.76754676833775,1314.5708046153745,1308.5708046153745,2.3386559170373507
0.5125,1.26,172.69432992840257,1312.4975877754393,1306.4975877754393,2.3302775705947485
0.51875,1.26,170.58373331743974,1310.3869911644765,1304.3869911644765,2.322107725041752
0.5249999999999999,1.26,168.4382293523811,1308.2414871994179,1302.2414871994179,2.314140814471619
0.53125,1.26,166.26022067596182,1306.0634785229986,1300.0634785229986,2.3063714306427356
0.5375,1.26,164.05204063889914,1303.855298485936,1297.855298485936,2.2987943184309496
0.54375,1.26,161.81595386073263,1301.6192117077694,1295.6192117077694,2.29140437140449
0.55,1.26,159.5541568637234,1299.3574147107602,1293.3574147107602,2.2841966275189853
0.5562499999999999,1.26,157.26877877443326,1297.07203662147,1291.07203662147,2.277166264930057
0.5625,1.26,154.96188208775197,1294.7651399347887,1288.7651399347887,2.2703085979209927
0.56875,1.26,152.6354634883187,1292.4387213353555,1286.4387213353555,2.2636190729430177
0.575,1.26,150.29145472449727,1290.094712571534,1284.094712571534,2.2570932647656377
0.58125,1.26,147.93172353022146,1287.7349813772582,1281.7349813772582,2.250726872734627
0.5874999999999999,1.26,145.55807459021366,1285.3613324372504,1279.3613324372504,2.2445157171351675
0.59375,1.26,143.17225054428377,1282.9755083913205,1276.9755083913205,2.2384557356577224
0.6,1.26,140.77593302658624,1280.579190873623,1274.579190873623,2.232542979964208
0.2,1.28,166.3044046849502,1306.107662531987,1300.107662531987,3.203648126866253
0.20625000000000002,1.28,170.35591058477962,1310.1591684318164,1304.1591684318164,3.1725960101028874
0.21250000000000002,1.28,174.1889285018151,1313.9921863488519,1307.9921863488519,3.1423759855822446
0.21875,1.28,177.80669311287124,1317.609950959908,1311.609950959908,3.1129652841437316
0.225,1.28,181.21256455964,1321.0158224066768,1315.0158224066768,3.08434172949386
0.23125,1.28,184.41001912084994,1324.2132769678867,1318.2132769678867,3.0564837255875834
0.23750000000000002,1.28,187.40264002757635,1327.2058978746131,1321.2058978746131,3.0293702441184736
0.24375000000000002,1.28,190.1941084383559,1329.9973662853927,1323.9973662853927,3.002980812124807
0.25,1.28,192.78819458944622,1332.591452436483,1326.591452436483,2.977295499718316
0.25625,1.28,195.1887491342302,1334.992006981267,1328.992006981267,2.952294907941984
0.2625,1.28,197.39969468448976,1337.2029525315265,1331.2029525315265,2.92796015676298
0.26875,1.28,199.42501756499178,1339.2282754120286,1333.2282754120286,2.904272873206411
0.275,1.28,201.26875979159536,1341.0720176386321,1335.0720176386321,2.8812151796352268
0.28125,1.28,202.93501128189655,1342.7382691289333,1336.7382691289333,2.85876968218125
0.2875,1.28,204.427902306242,1344.2311601532788,1338.2311601532788,2.836919459331895
0.29375,1.28,205.75159618585076,1345.5548540328875,1339.5548540328875,2.815648050676794
0.3,1.28,206.91028224365004,1346.7135400906868,1340.7135400906868,2.7949394458181573
0.30625,1.28,207.90816901244193,1347.7114268594787,1341.7114268594787,2.7747780734483314
0.3125,1.28,208.74947770399308,1348.5527355510299,1342.5527355510299,2.755148790597642
0.31875,1.28,209.43843594168175,1349.2416937887185,1343.2416937887185,2.7360368720552817
0.325,1.28,209.97927175846417,1349.782529605501,1343.782529605501,2.717427999965597
0.33125,1.28,210.37620786102866,1350.1794657080654,1344.1794657080654,2.6993082536018655
0.3375,1.28,210.6334561602307,1350.4367140072675,1344.4367140072675,2.6816640993192533
0.34375,1.28,210.75521256711636,1350.5584704141531,1344.5584704141531,2.664482380688367
0.35,1.28,210.74565205313115,1350.548909900168,1344.548909900168,2.6477503088104957
0.35625,1.28,210.60892397246948,1350.4121818195063,1344.4121818195063,2.6314554528153535
0.3625,1.28,210.34914764385076,1350.1524054908875,1344.1524054908875,2.615585730541828
0.36875,1.28,209.9704081885011,1349.7736660355379,1343.7736660355379,2.600129399402013
0.375,1.28,209.4767526205144,1349.2800104675512,1343.2800104675512,2.585075047428502
0.38125,1.28,208.87218618535871,1348.6754440323955,1342.6754440323955,2.5704115845047197
0.38749999999999996,1.28,208.16066894179357,1347.9639267888303,1341.9639267888303,2.556128233777809
0.39375,1.28,207.34611258209497,1347.1493704291317,1341.1493704291317,2.5422145232534032
0.4,1.28,206.43237748513116,1346.235635332168,1340.235635332168,2.52866027757137
0.40625,1.28,205.4232699964939,1345.2265278435307,1339.2265278435307,2.5154556099614855
0.4125,1.28,204.32253992962728,1344.125797776664,1338.125797776664,2.5025909143777514
0.41874999999999996,1.28,203.13387828164468,1342.9371361286815,1336.9371361286815,2.490056857809961
0.425,1.28,201.86091515732983,1341.6641730043666,1335.6641730043666,2.4778443727709107
0.43125,1.28,200.50721789462432,1340.310475741661,1334.310475741661,2.4659446499575894
0.4375,1.28,199.0762893847707,1338.8795472318075,1332.8795472318075,2.4543491310844496
0.44375,1.28,197.57156658019562,1337.3748244272324,1331.3748244272324,2.4430495018868283
0.44999999999999996,1.28,195.99641918307384,1335.7996770301106,1329.7996770301106,2.432037685292435
0.45625,1.28,194.35414850753295,1334.1574063545697,1328.1574063545697,2.4213058347587224
0.46249999999999997,1.28,192.6479865083636,1332.4512443554004,1326.4512443554004,2.4108463277738923
0.46875,1.28,190.88109496913944,1330.6843528161762,1324.6843528161762,2.400651759519177
0.475,1.28,189.05656484265137,1328.8598226896881,1322.8598226896881,2.390714936689983
0.48125,1.28,187.17741573658918,1326.980673583626,1320.980673583626,2.3810288714734162
0.4875,1.28,185.2465955374803,1325.049853384517,1319.049853384517,2.371586775679647
0.49374999999999997,1.28,183.26698016595424,1323.070238012991,1317.070238012991,2.3623820550245336
0.5,1.28,181.24137345649706,1321.0446313035338,1315.0446313035338,2.353408303560867
0.50625,1.28,179.17250715497948,1318.9757650020163,1312.9757650020163,2.3446592982555767
0.5125,1.28,177.0630410273161,1316.8662988743529,1310.8662988743529,2.3361289937102083
0.51875,1.28,174.91556307282008,1314.7188209198569,1308.7188209198569,2.327811517021953
0.5249999999999999,1.28,172.7325898358772,1312.535847682914,1306.535847682914,2.319701162782499
0.53125,1.28,170.5165668097743,1310.319824656811,1304.319824656811,2.3117923882119604
0.5375,1.28,168.26986892664877,1308.0731267736855,1302.0731267736855,2.304079808425127
0.54375,1.28,165.99480112769174,1305.7980589747285,1299.7980589747285,2.296558191827296
0.55,1.28,163.6935990079312,1303.496856854968,1297.496856854968,2.28922245563692
0.5562499999999999,1.28,161.3684295300634,1301.1716873771002,1295.1716873771002,2.2820676615323325
0.5625,1.28,159.02139180202948,1298.8246496490663,1292.8246496490663,2.275089011419819
0.56875,1.28,156.6545179131631,1296.4577757601999,1290.4577757601999,2.268281843320306
0.575,1.28,154.26977382397854,1294.0730316710153,1288.0730316710153,2.2616416273719686
0.58125,1.28,151.86906030480736,1291.6723181518441,1285.6723181518441,2.255163961946074
0.5874999999999999,1.28,149.45421391872082,1289.2574717657576,1283.2574717657576,2.2488445698733868
0.59375,1.28,147.02700804433016,1286.830265891367,1280.830265891367,2.242679294778515
0.6,1.28,144.58915393428447,1284.3924117813212,1278.3924117813212,2.236664097519574
0.2,1.3,170.49951363557716,1310.302771482614,1304.302771482614,3.2275907866727174
0.20625000000000002,1.3,174.62055106169828,1314.423808908735,1308.423808908735,3.1958133400967825
0.21250000000000002,1.3,178.51939877496034,1318.322656621997,1312.322656621997,3.1648923188373486
0.21875,1.3,182.19933702826575,1322.0025948753025,1316.0025948753025,3.1348040922834466
0.225,1.3,185.66377469703502,1325.4670325440718,1319.4670325440718,3.105525652793454
0.23125,1.3,188.91623972486263,1328.7194975718994,1322.7194975718994,3.0770346021362474
0.23750000000000002,1.3,191.9603697177788,1331.7636275648156,1325.7636275648156,3.049309138061496
0.24375000000000002,1.3,194.799902704053,1334.6031605510898,1328.6031605510898,3.022328041006385
0.25,1.3,197.43866807508766,1337.2419259221244,1331.2419259221244,2.9960706609455614
0.25625,1.3,199.88057772159186,1339.6838355686286,1333.6838355686286,2.970516904390862
0.2625,1.3,202.12961737793012,1341.932875224967,1335.932875224967,2.9456472215468654
0.26875,1.3,204.189838186182,1343.9930960332188,1337.9930960332188,2.9214425936280195
0.275,1.3,206.0653484902473,1345.868606337284,1339.868606337284,2.8978845203426076
0.28125,1.3,207.760305869057,1347.5635637160938,1341.5635637160938,2.8749550075484565
0.2875,1.3,209.27890941677424,1349.082167263811,1343.082167263811,2.8526365550848514
0.29375,1.3,210.62539227674006,1350.4286501237768,1344.4286501237768,2.8309121447847465
0.3,1.3,211.8040144347765,1351.6072722818133,1345.6072722818133,2.80976522867091
0.30625,1.3,212.81905577642942,1352.6223136234662,1346.6223136234662,2.7891797173392927
0.3125,1.3,213.67480941171834,1353.4780672587551,1347.4780672587551,2.7691399685324765
0.31875,1.3,214.3755752699692,1354.178833117006,1348.178833117006,2.7496307759057177
0.325,1.3,214.92565396642317,1354.72891181346,1348.72891181346,2.730637357987683
0.33125,1.3,215.32934094141206,1355.1325987884488,1349.1325987884488,2.712145347337666
0.3375,1.3,215.59092087209956,1355.3941787191363,1349.3941787191363,2.694140779900691
0.34375,1.3,215.71466235599473,1355.5179202030315,1349.5179202030315,2.676610084561578
0.35,1.3,215.70481286472182,1355.5080707117586,1349.5080707117586,2.659540072898758
0.35625,1.3,215.5655939658791,1355.3688518129159,1349.3688518129159,2.642917929138262
0.3625,1.3,215.3011968101598,1355.1044546571966,1349.1044546571966,2.6267312003080887
0.36875,1.3,214.91577788035283,1354.7190357273896,1348.7190357273896,2.610967786592801
0.375,1.3,214.41345499829094,1354.2167128453277,1348.2167128453277,2.5956159318880156
0.38125,1.3,213.7983035853456,1353.6015614323824,1347.6015614323824,2.5806642145541283
0.38749999999999996,1.3,213.07435317159639,1352.8776110186332,1346.8776110186332,2.566101538368463
0.39375,1.3,212.24558414842022,1352.048841995457,1346.048841995457,2.551917123674737
0.4,1.3,211.31592475888942,1351.1191826059262,1345.1191826059262,2.5381004987285882
0.40625,1.3,210.28924832002917,1350.092506167066,1344.092506167066,2.5246414912376856
0.4125,1.3,209.16937067071194,1348.9726285177487,1342.9726285177487,2.5115302200947904
0.41874999999999996,1.3,207.9600478387424,1347.7633056857792,1341.7633056857792,2.498757087301951
0.425,1.3,206.66497392044425,1346.468231767481,1340.468231767481,2.486312770083877
0.43125,1.3,205.28777916590616,1345.091037012943,1339.091037012943,2.4741882131883868
0.4375,1.3,203.83202826290767,1343.6352861099444,1337.6352861099444,2.462374621371726
0.44375,1.3,202.30121881242303,1342.1044766594598,1336.1044766594598,2.4508634520663732
0.44999999999999996,1.3,200.6987799885187,1340.5020378355555,1334.5020378355555,2.4396464082289393
0.45625,1.3,199.02807137542868,1338.8313292224655,1332.8313292224655,2.428715431365575
0.46249999999999997,1.3,197.29238197452082,1337.0956398215576,1331.0956398215576,2.418062694732284
0.46875,1.3,195.49492937391983,1335.2981872209566,1329.2981872209566,2.4076805967074435
0.475,1.3,193.6388590735171,1333.4421169205539,1327.4421169205539,2.39756175433375
0.48125,1.3,191.7272439581759,1331.5305018052127,1325.5305018052127,2.387698997026787
0.4875,1.3,189.76308391198518,1329.566341759022,1323.566341759022,2.37808536044732
0.49374999999999997,1.3,187.74930556648064,1327.5525634135174,1321.5525634135174,2.3687140805344287
0.5,1.3,185.68876217587763,1325.4920200229144,1319.4920200229144,2.359578587696505
0.50625,1.3,183.5842336124333,1323.38749145947,1317.38749145947,2.3506725011571614
0.5125,1.3,181.43842647519955,1321.2416843222363,1315.2416843222363,2.3419896234530313
0.51875,1.3,179.253974305557,1319.0572321525938,1313.0572321525938,2.3335239350804717
0.5249999999999999,1.3,177.0334379030635,1316.8366957501003,1310.8366957501003,2.3252695892881343
0.53125,1.3,174.7793057353001,1314.582563582337,1308.582563582337,2.3172209070123757
0.5375,1.3,172.49399443558832,1312.297252282625,1306.297252282625,2.3093723719524935
0.54375,1.3,170.1798493825611,1309.9831072295979,1303.9831072295979,2.301718625782768
0.55,1.3,167.83914535583153,1307.6424032028683,1301.6424032028683,2.2942544634982904
0.5562499999999999,1.3,165.47408726210392,1305.2773451091407,1299.2773451091407,2.2869748288915974
0.5625,1.3,163.08681092630695,1302.8900687733437,1296.8900687733437,2.279874810157118
0.56875,1.3,160.679383942502,1300.4826417895388,1294.4826417895388,2.2729496356204915
0.575,1.3,158.253806579502,1298.0570644265388,1292.0570644265388,2.2661946695898214
0.58125,1.3,155.81201273635065,1295.6152705833874,1289.6152705833874,2.259605408325942
0.5874999999999999,1.3,153.35587094297284,1293.1591287900096,1287.1591287900096,2.2531774761288523
0.59375,1.3,150.88718540153286,1290.6904432485696,1284.6904432485696,2.246906621537443
0.6,1.3,148.40769706420724,1288.210954911244,1282.210954911244,2.2407887136397244
0.2,1.32,174.7009957474686,1314.5042535945054,1308.5042535945054,3.251705328501655
0.20625000000000002,1.32,178.89173247727626,1318.694990324313,1312.694990324313,3.2191933817307525
0.21250000000000002,1.32,182.85656942930154,1322.6598272763383,1316.6598272763383,3.1875626666739207
0.21875,1.32,186.59883236612836,1326.4020902131651,1320.4020902131651,3.156788667641539
0.225,1.32,190.1219788612973,1329.925236708334,1323.925236708334,3.126847523134397
0.23125,1.32,193.4295885157287,1333.2328463627655,1327.2328463627655,3.097716011296868
0.23750000000000002,1.32,196.52535332838147,1336.3286111754182,1330.3286111754182,3.0693715355211757
0.24375000000000002,1.32,199.4130682383477,1339.2163260853845,1333.2163260853845,3.041792110210141
0.25,1.32,202.0966218541405,1341.8998797011773,1335.8998797011773,3.0149563467053437
0.25625,1.32,204.57998738456854,1344.3832452316053,1338.3832452316053,2.9888434393872823
0.2625,1.32,206.86721378420384,1346.6704716312406,1340.6704716312406,2.9634331519536166
0.26875,1.32,208.96241712513574,1348.7656749721725,1342.7656749721725,2.9387058038811835
0.275,1.32,210.86977220539893,1350.6730300524357,1344.6730300524357,2.9146422570770008
0.28125,1.32,212.59350440322214,1352.396762250259,1346.396762250259,2.8912239027230675
0.2875,1.32,214.13788178499476,1353.9411396320315,1347.9411396320315,2.868432648319267
0.29375,1.32,215.50720747373725,1355.310465320774,1349.310465320774,2.846250904928299
0.3,1.32,216.70581228366655,1356.5090701307033,1350.5090701307033,2.82466157462608
0.30625,1.32,217.7380476254184,1357.5413054724552,1351.5413054724552,2.8036480381606705
0.3125,1.32,218.60827868544834,1358.4115365324851,1352.4115365324851,2.783194142822321
0.31875,1.32,219.32087788212743,1359.1241357291642,1353.1241357291642,2.763284190526874
0.325,1.32,219.88021860014896,1359.6834764471857,1353.6834764471857,2.7439029261143313
0.33125,1.32,220.29066920395644,1360.0939270509932,1354.0939270509932,2.725035525864026
0.3375,1.32,220.55658733008545,1360.3598451771222,1354.3598451771222,2.7066675862274794
0.34375,1.32,220.68231445752917,1360.485572304566,1354.485572304566,2.6887851127796734
0.35,1.32,220.6721707544841,1360.475428601521,1354.475428601521,2.671374509389127
0.35625,1.32,220.53045019919,1360.3337080462268,1354.3337080462268,2.6544225676068547
0.3625,1.32,220.261415971906,1360.0646738189428,1354.0646738189428,2.637916456273976
0.36875,1.32,219.86929611449636,1359.6725539615331,1353.6725539615331,2.621843711347477
0.375,1.32,219.35827945356823,1359.161537300605,1353.161537300605,2.6061922259433348
0.38125,1.32,218.7325117825842,1358.535769629621,1352.535769629621,2.590950240595975
0.38749999999999996,1.32,217.9960922979601,1357.7993501449969,1351.7993501449969,2.5761063337327865
0.39375,1.32,217.15307028371603,1356.9563281307528,1350.9563281307528,2.561649412362222
0.4,1.32,216.20744203892605,1356.0106998859628,1350.0106998859628,2.5475687029737664
0.40625,1.32,215.16314804184594,1354.9664058888827,1348.9664058888827,2.533853742647893
0.4125,1.32,214.02407034436828,1353.827328191405,1347.827328191405,2.5204943703739615
0.41874999999999996,1.32,212.7940301901483,1352.597288037185,1346.597288037185,2.5074807185737953
0.425,1.32,211.47678584960522,1351.280043696642,1345.280043696642,2.494803204828607
0.43125,1.32,210.07603066475804,1349.8792885117948,1343.8792885117948,2.4824525238067308
0.4375,1.32,208.5953912967734,1348.3986491438102,1342.3986491438102,2.470419639389545
0.44375,1.32,207.03842616896486,1346.8416840160016,1340.8416840160016,2.4586957769928377
0.44999999999999996,1.32,205.4086240978943,1345.211881944931,1339.211881944931,2.447272416080767
0.45625,1.32,203.70940310520268,1343.5126609522395,1337.5126609522395,2.4361412828695075
0.46249999999999997,1.32,201.94410940274247,1341.7473672497792,1335.7473672497792,2.425294343217534
0.46875,1.32,200.11601654360197,1339.9192743906387,1333.9192743906387,2.4147237956995125
0.475,1.32,198.2283247316243,1338.031582578661,1332.031582578661,2.4044220648606296
0.48125,1.32,196.2841602820597,1336.0874181290965,1330.0874181290965,2.3943817946481842
0.4875,1.32,194.28657522606954,1334.0898330731063,1328.0898330731063,2.38459584201722
0.49374999999999997,1.32,192.23854705186136,1332.0418048988981,1326.0418048988981,2.375057270706942
0.5,1.32,190.14297857534962,1329.9462364223864,1323.9462364223864,2.365759345184608
0.50625,1.32,188.00269793331904,1327.8059557803558,1321.8059557803558,2.356695524753623
0.5125,1.32,185.82045869223566,1325.6237165392724,1319.6237165392724,2.347859457822493
0.51875,1.32,183.59894006594277,1323.4021979129795,1317.4021979129795,2.339244976331322
0.5249999999999999,1.32,181.34074723566346,1321.1440050827002,1315.1440050827002,2.330846090332537
0.53125,1.32,179.04841176586433,1318.851669612901,1312.851669612901,2.322656982722491
0.5375,1.32,176.7243921097188,1316.5276499567556,1310.5276499567556,2.314672004120676
0.54375,1.32,174.37107419806944,1314.1743320451062,1308.1743320451062,2.306885667893207
0.55,1.32,171.99077210597602,1311.7940299530128,1305.7940299530128,2.2992926453173217
0.5562499999999999,1.32,169.58572879112012,1309.388986638157,1303.388986638157,2.2918877608836294
0.5625,1.32,167.1581168985224,1306.9613747455592,1300.9613747455592,2.2846659877328843
0.56875,1.32,164.71003962622626,1304.513297473263,1298.513297473263,2.2776224432240704
0.575,1.32,162.24353164678178,1302.0467894938186,1296.0467894938186,2.270752384630634
0.58125,1.32,159.7605600795946,1299.5638179266314,1293.5638179266314,2.2640512049617265
0.5874999999999999,1.32,157.26302550934975,1297.0662833563865,1291.0662833563865,2.257514428905357
0.59375,1.32,154.75276304595855,1294.5560208929953,1288.5560208929953,2.2511377088903917
0.6,1.32,152.231543421663,1292.0348012686998,1286.0348012686998,2.2449168212643977
0.2,1.3399999999999999,178.9088279941884,1318.7120858412252,1312.7120858412252,3.2759929332875704
0.20625000000000002,1.3399999999999999,183.16943064816655,1322.9726884952033,1316.9726884952033,3.2427372223776314
0.21250000000000002,1.3399999999999999,187.20041515013486,1327.0036729971716,1321.0036729971716,3.2103880297748133
0.21875,1.3399999999999999,191.00515271021322,1330.80841055725,1324.80841055725,3.1789199306101246
0.225,1.3399999999999999,194.5871495684196,1334.3904074154564,1328.3904074154564,3.14830818657501
0.23125,1.3399999999999999,197.95003697910852,1337.7532948261453,1331.7532948261453,3.1185287303370317
0.23750000000000002,1.3399999999999999,201.09756135546968,1340.9008192025065,1334.9008192025065,3.089558150130283
0.24375000000000002,1.3399999999999999,204.03357459150743,1343.8368324385442,1337.8368324385442,3.0613736745280176
0.25,1.3399999999999999,206.76202457749127,1346.565282424528,1340.565282424528,3.033953157404525
0.25625,1.3399999999999999,209.2869459234371,1349.0902037704739,1343.0902037704739,3.0072750630928415
0.2625,1.3399999999999999,211.6124509037711,1351.4157087508079,1345.4157087508079,2.9813184517443716
0.26875,1.3399999999999999,213.74272063498165,1353.5459784820184,1347.5459784820184,2.9560629648960584
0.275,1.3399999999999999,215.68199649672079,1355.4852543437576,1349.4852543437576,2.9314888112502078
0.28125,1.3399999999999999,217.43457180555424,1357.237829652591,1351.237829652591,2.90757675267163
0.2875,1.3399999999999999,219.0047837492948,1358.8080415963316,1352.8080415963316,2.884308090406252
0.29375,1.3399999999999999,220.397005588703,1360.2002634357398,1354.2002634357398,2.8616646515248982
0.3,1.3399999999999999,221.6156391321265,1361.4188969791633,1355.4188969791633,2.839628775595446
0.30625,1.3399999999999999,222.66510748762198,1362.4683653346588,1356.4683653346588,2.8181833015861484
0.3125,1.3399999999999999,223.5498480960075,1363.3531059430443,1357.3531059430443,2.797311555002415
0.31875,1.3399999999999999,224.27430604731444,1364.0775638943512,1358.0775638943512,2.776997335258981
0.325,1.3399999999999999,224.8429276821687,1364.6461855292055,1358.6461855292055,2.75722490328891
0.33125,1.3399999999999999,225.26015447871032,1365.063412325747,1359.063412325747,2.737978969390523
0.3375,1.3399999999999999,225.53041722485523,1365.333675071892,1359.333675071892,2.7192446813129716
0.34375,1.3399999999999999,225.65813047488382,1365.4613883219206,1359.4613883219206,2.7010076125807343
0.35,1.3399999999999999,225.64768728859644,1365.4509451356332,1359.4509451356332,2.6832537510570886
0.35625,1.3399999999999999,225.5034542506205,1365.3067120976573,1359.3067120976573,2.6659694877461653
0.3625,1.3399999999999999,225.2297667667674,1365.0330246138042,1359.0330246138042,2.649141605832941
0.36875,1.3399999999999999,224.8309246337924,1364.6341824808292,1358.6341824808292,2.632757269960244
0.375,1.3399999999999999,224.31118787831656,1364.1144457253533,1358.1144457253533,2.616804015741513
0.38125,1.3399999999999999,223.67477286022586,1363.4780307072626,1357.4780307072626,2.6012697395078614
0.38749999999999996,1.3399999999999999,222.92584863537195,1362.7291064824087,1356.7291064824087,2.586142688287706
0.39375,1.3399999999999999,222.06853357199589,1361.8717914190327,1355.8717914190327,2.571411450017028
0.4,1.3399999999999999,221.1068922149716,1360.9101500620084,1354.9101500620084,2.557064943978106
0.40625,1.3399999999999999,220.04493239157614,1359.848190238613,1353.848190238613,2.5430924114643947
0.4125,1.3399999999999999,218.8866025522691,1358.6898603993059,1352.6898603993059,2.5294834066690295
0.41874999999999996,1.3399999999999999,217.63578933968893,1357.4390471867257,1351.4390471867257,2.5162277877942776
0.425,1.3399999999999999,216.2963153788769,1356.0995732259137,1350.0995732259137,2.503315708379119
0.43125,1.3399999999999999,214.8719372815517,1354.6751951285885,1348.6751951285885,2.4907376088420277
0.4375,1.3399999999999999,213.36634385713273,1353.1696017041695,1347.1696017041695,2.4784842082358542
0.44375,1.3399999999999999,211.78315452310176,1351.5864123701385,1345.5864123701385,2.466546496211666
0.44999999999999996,1.3399999999999999,210.1259179071908,1349.9291757542276,1343.9291757542276,2.454915725188256
0.45625,1.3399999999999999,208.3981106338706,1348.2013684809074,1342.2013684809074,2.4435834027240033
0.46249999999999997,1.3399999999999999,206.60313628754125,1346.406394134578,1340.406394134578,2.4325412840876433
0.46875,1.3399999999999999,204.74432454488533,1344.547582391922,1338.547582391922,2.4217813650244806
0.475,1.3399999999999999,202.82493046881063,1342.6281883158474,1336.6281883158474,2.4112958747145234
0.48125,1.3399999999999999,200.8481339564887,1340.6513918035255,1334.6513918035255,2.401077268918963
0.4875,1.3399999999999999,198.81703933405333,1338.62029718109,1332.62029718109,2.391118223311397
0.49374999999999997,1.3399999999999999,196.7346750905947,1336.5379329376315,1330.5379329376315,2.381411626990185
0.5,1.3399999999999999,194.6039937442015,1334.4072515912383,1328.4072515912383,2.3719505761682678
0.50625,1.3399999999999999,192.42787183290284,1332.2311296799396,1326.2311296799396,2.362728368036828
0.5125,1.3399999999999999,190.20911002349453,1330.0123678705313,1324.0123678705313,2.3537384947991065
0.51875,1.3399999999999999,187.95043333138574,1327.7536911784225,1321.7536911784225,2.3449746378707506
0.5249999999999999,1.3399999999999999,185.65449144473496,1325.4577492917717,1319.4577492917717,2.336430662243021
0.53125,1.3399999999999999,183.32385914631936,1323.1271169933561,1317.1271169933561,2.328100611005239
0.5375,1.3399999999999999,180.96103682674743,1320.7642946737842,1314.7642946737842,2.319978700022872
0.54375,1.3399999999999999,178.56845108280208,1318.3717089298389,1312.3717089298389,2.3120593127676425
0.55,1.3399999999999999,176.1484553948908,1315.9517132419276,1309.9517132419276,2.304336995296113
0.5562499999999999,1.3399999999999999,173.70333087774316,1313.50658872478,1307.50658872478,2.29680645137322
0.5625,1.3399999999999999,171.23528709873767,1311.0385449457744,1305.0385449457744,2.2894625377372355
0.56875,1.3399999999999999,168.74646295837397,1308.5497208054107,1302.5497208054107,2.2823002595027266
0.575,1.3399999999999999,166.23892762766332,1306.0421854747,1300.0421854747,2.275314765698064
0.58125,1.3399999999999999,163.71468153736237,1303.5179393843991,1297.5179393843991,2.2685013449341223
0.5874999999999999,1.3399999999999999,161.17565741421345,1300.9789152612502,1294.9789152612502,2.2618554212008277
0.59375,1.3399999999999999,158.62372135952205,1298.4269792065588,1292.4269792065588,2.2553725497882775
0.6,1.3399999999999999,156.06067396563117,1295.863931812668,1289.863931812668,2.249048413329181
0.2,1.3599999999999999,183.12298727506322,1322.9262451221,1316.9262451221,3.3004547897369783
0.20625000000000002,1.3599999999999999,187.45362131285628,1327.256879159893,1321.256879159893,3.2664459563464496
0.21250000000000002,1.3599999999999999,191.55091054076706,1331.3541683878038,1325.3541683878038,3.233369415005736
0.21875,1.3599999999999999,195.41827155859596,1335.2215294056327,1329.2215294056327,3.2011988070858153
0.225,1.3599999999999999,199.05925924516487,1338.8625170922016,1332.8625170922016,3.1699084940678435
0.23125,1.3599999999999999,202.47755650804265,1342.2808143550794,1336.2808143550794,3.139473540870075
0.23750000000000002,1.3599999999999999,205.67696419929052,1345.4802220463273,1339.4802220463273,3.1098696993748933
0.24375000000000002,1.3599999999999999,208.6613912149278,1348.4646490619646,1342.4646490619646,3.081073392163577
0.25,1.3599999999999999,211.43484479430322,1351.23810264134,1345.23810264134,3.0530616964658526
0.25625,1.3599999999999999,214.00142103409894,1353.8046788811357,1347.8046788811357,3.0258123283308263
0.2625,1.3599999999999999,216.36529563026875,1356.1685534773055,1350.1685534773055,2.9993036270253124
0.26875,1.3599999999999999,218.53071485978967,1358.3339727068264,1352.3339727068264,2.973514539665103
0.275,1.3599999999999999,220.50198681279585,1360.3052446598326,1354.3052446598326,2.9484246060841586
0.28125,1.3599999999999999,222.28347288431155,1362.0867307313483,1356.0867307313483,2.924013943946195
0.2875,1.3599999999999999,223.87957953355908,1363.6828373805959,1357.6828373805959,2.9002632341026033
0.29375,1.3599999999999999,225.29475031760148,1365.0980081646383,1359.0980081646383,2.8771537062001653
0.3,1.3599999999999999,226.5334582048913,1366.336716051928,1360.336716051928,2.854667124541485
0.30625,1.3599999999999999,227.60019817321358,1367.4034560202504,1361.4034560202504,2.8327857742006177
0.3125,1.3599999999999999,228.4994800954164,1368.3027379424532,1362.3027379424532,2.8114924473958527
0.31875,1.3599999999999999,229.23582191532455,1369.0390797623613,1363.0390797623613,2.7907704301212117
0.325,1.3599999999999999,229.8137431152802,1369.617000962317,1363.617000962317,2.7706034890377387
0.33125,1.3599999999999999,230.23775847581987,1370.0410163228566,1364.0410163228566,2.750975858625262
0.3375,1.3599999999999999,230.51237212718615,1370.315629974223,1364.315629974223,2.731872228594917
0.34375,1.3599999999999999,230.6420718915242,1370.445329738561,1364.445329738561,2.7132777315623
0.35,1.3599999999999999,230.63132391390286,1370.4345817609396,1364.4345817609396,2.6951779309808237
0.35625,1.3599999999999999,230.48456757958093,1370.2878254266177,1364.2878254266177,2.6775588093344393
0.3625,1.3599999999999999,230.2062107143065,1370.0094685613433,1364.0094685613433,2.6604067565886247
0.36875,1.3599999999999999,229.80062506381728,1369.603882910854,1363.603882910854,2.643708558898194
0.375,1.3599999999999999,229.27214204820098,1369.0753998952378,1363.0753998952378,2.6274513875702503
0.38125,1.3599999999999999,228.62504878622963,1368.4283066332664,1362.4283066332664,2.6116227882802843
0.38749999999999996,1.3599999999999999,227.86358438436014,1367.666842231397,1361.666842231397,2.5962106705392363
0.39375,1.3599999999999999,226.99193648466894,1366.7951943317057,1360.7951943317057,2.5812032974090817
0.4,1.3599999999999999,226.0142380656241,1365.817495912661,1359.817495912661,2.5665892754642887
0.40625,1.3599999999999999,224.93456448927782,1364.7378223363146,1358.7378223363146,2.5523575449963567
0.4125,1.3599999999999999,223.7569307881738,1363.5601886352106,1357.5601886352106,2.538497370458389
0.41874999999999996,1.3599999999999999,222.48528918502166,1362.2885470320584,1356.2885470320584,2.5249983311465996
0.425,1.3599999999999999,221.12352683797917,1360.926784685016,1354.926784685016,2.511850312115415
0.43125,1.3599999999999999,219.6754638042121,1359.4787216512489,1353.4787216512489,2.4990434953227827
0.4375,1.3599999999999999,218.1448512142597,1357.9481090612965,1351.9481090612965,2.486568351002147
0.44375,1.3599999999999999,216.53536964963405,1356.3386274966708,1350.3386274966708,2.47441562925745
0.44999999999999996,1.3599999999999999,214.85062771598336,1354.6538855630201,1348.6538855630201,2.4625763518774755
0.45625,1.3599999999999999,213.0941608041328,1352.8974186511696,1346.8974186511696,2.451041804365714
0.46249999999999997,1.3599999999999999,211.26943003125461,1351.0726878782914,1345.0726878782914,2.439803528181931
0.46875,1.3599999999999999,209.37982135445918,1349.183079201496,1343.183079201496,2.4288533131915147
0.475,1.3599999999999999,207.4286448490925,1347.2319026961293,1341.2319026961293,2.418183190318672
0.48125,1.3599999999999999,205.41913414410215,1345.222391991139,1339.222391991139,2.4077854243995063
0.4875,1.3599999999999999,203.35444600686947,1343.1577038539062,1337.1577038539062,2.397652507230965
0.49374999999999997,1.3599999999999999,201.23766007001382,1341.0409179170506,1335.0409179170506,2.3877771508116603
0.5,1.3599999999999999,199.07177869278644,1338.8750365398232,1332.8750365398232,2.3781522807705286
0.50625,1.3599999999999999,196.85972694974043,1336.6629847967772,1330.6629847967772,2.3687710299793276
0.5125,1.3599999999999999,194.60435273955818,1334.407610586595,1328.407610586595,2.3596267323449527
0.51875,1.3599999999999999,192.3084270070185,1332.1116848540553,1326.1116848540553,2.3507129167775536
0.5249999999999999,1.3599999999999999,189.97464407125312,1329.77790191829,1323.77790191829,2.342023301330511
0.53125,1.3599999999999999,187.6056220536111,1327.408879900648,1321.408879900648,2.3335517875082687
0.5375,1.3599999999999999,185.20390339862183,1325.0071612456586,1319.0071612456586,2.325292454738131
0.54375,1.3599999999999999,182.77195548171312,1322.57521332875,1316.57521332875,2.3172395550020997
0.55,1.3599999999999999,180.3121712975701,1320.1154291446069,1314.1154291446069,2.309387507624908
0.5562499999999999,1.3599999999999999,177.826870223141,1317.6301280701778,1311.6301280701778,2.301730894214425
0.5625,1.3599999999999999,175.31829884958506,1315.1215566966218,1309.1215566966218,2.294264453750647
0.56875,1.3599999999999999,172.78863187756087,1312.5918897245976,1306.5918897245976,2.286983077819566
0.575,1.3599999999999999,170.23997307053287,1310.0432309175696,1304.0432309175696,2.2798818059882113
0.58125,1.3599999999999999,167.67435626094266,1307.4776141079794,1301.4776141079794,2.2729558213172436
0.5874999999999999,1.3599999999999999,165.09374640428132,1304.897004251318,1298.897004251318,2.26620044600754
0.59375,1.3599999999999999,162.5000406763388,1302.3032985233756,1296.3032985233756,2.2596111371772225
0.6,1.3599999999999999,159.89506960909807,1299.6983274561348,1293.6983274561348,2.2531834827656985
0.2,1.38,187.34345041565643,1327.1467082626932,1321.1467082626932,3.325092094377885
0.20625000000000002,1.38,191.74428013217153,1331.5475379792083,1325.5475379792083,3.290320684925164
0.21250000000000002,1.38,195.90803012306583,1335.7112879701026,1329.7112879701026,3.2565078354521084
0.21875,1.38,199.83816232425534,1339.641420171292,1333.641420171292,3.2236262285014363
0.225,1.38,203.5382802296972,1343.341538076734,1337.341538076734,3.191649301486937
0.23125,1.38,207.0121184036243,1346.815376250661,1340.815376250661,3.1605512288784756
0.23750000000000002,1.38,210.26353216496477,1350.0667900120015,1344.0667900120015,3.1303069046144203
0.24375000000000002,1.38,213.29648746187559,1353.0997453089124,1347.0997453089124,3.1008919247491273
0.25,1.38,216.11505095279995,1355.9183087998367,1349.9183087998367,3.0722825703425714
0.25625,1.38,218.72338030890705,1358.5266381559438,1352.5266381559438,3.0444557905986795
0.2625,1.38,221.12571475137042,1360.9289725984072,1354.9289725984072,3.0173891862582782
0.26875,1.38,223.32636583545536,1363.1296236824921,1357.1296236824921,2.9910609932520926
0.275,1.38,225.3297084920323,1365.132966339069,1359.132966339069,2.965450066618571
0.28125,1.38,227.14017233579239,1366.9434301828292,1360.9434301828292,2.9405358646908146
0.2875,1.38,228.76223324813463,1368.5654910951714,1362.5654910951714,2.916298433556302
0.29375,1.38,230.20040524149385,1370.0036630885306,1364.0036630885306,2.892718391792543
0.3,1.38,231.45923261063444,1371.2624904576712,1365.2624904576712,2.8697769154813115
0.30625,1.38,232.54328237535583,1372.3465402223926,1366.3465402223926,2.847455723503525
0.3125,1.38,233.4571370179392,1373.260394864976,1367.260394864976,2.82573706311642
0.31875,1.38,234.20538751764525,1374.008645364682,1368.008645364682,2.8046036958140963
0.325,1.38,234.79262668362117,1374.595884530658,1368.595884530658,2.784038883472158
0.33125,1.38,235.2234427866083,1375.026700633645,1369.026700633645,2.764026374776626
0.3375,1.38,235.50241348904933,1375.305671336086,1369.305671336086,2.7445503919369725
0.34375,1.38,235.63410007230527,1375.437357919342,1369.437357919342,2.7255956176826786
0.35,1.38,235.62304195899992,1375.4262998060367,1369.4262998060367,2.707147182542356
0.35625,1.38,235.4737515277675,1375.2770093748043,1369.2770093748043,2.6891906524041493
0.3625,1.38,235.19070921704747,1374.9939670640842,1368.9939670640842,2.671712016355748
0.36875,1.38,234.77835891394307,1374.5816167609798,1368.5816167609798,2.6546976748021085
0.375,1.38,234.24110362365218,1374.044361470689,1368.044361470689,2.638134427858629
0.38125,1.38,233.5833014144198,1373.3865592614566,1367.3865592614566,2.6220094640173004
0.38749999999999996,1.38,232.80926163255208,1372.6125194795889,1366.6125194795889,2.606310349083092
0.39375,1.38,231.92324138158597,1371.7264992286227,1365.7264992286227,2.5910250153776384
0.4,1.38,230.92944225936867,1370.7327001064054,1364.7327001064054,2.5761417512070217
0.40625,1.38,229.83200734644993,1369.6352651934867,1363.6352651934867,2.561649190590343
0.4125,1.38,228.6350184389271,1368.4382762859639,1362.4382762859639,2.5475363032455522
0.41874999999999996,1.38,227.34249351861627,1367.145751365653,1361.145751365653,2.5337923848288604
0.425,1.38,225.95838445324603,1365.7616423002828,1359.7616423002828,2.52040704742395
0.43125,1.38,224.4865749191506,1364.2898327661874,1358.2898327661874,2.5073702102770588
0.4375,1.38,222.93087853885095,1362.7341363858877,1356.7341363858877,2.494672090773907
0.44375,1.38,221.29503722577556,1361.0982950728123,1355.0982950728123,2.4823031956543637
0.44999999999999996,1.38,219.5827197282954,1359.3859775753322,1353.3859775753322,2.4702543124606553
0.45625,1.38,217.7975203652229,1357.6007782122597,1351.6007782122597,2.458516501214869
0.46249999999999997,1.38,215.94295794486834,1355.7462157919051,1349.7462157919051,2.4470810863214334
0.46875,1.38,214.0224748598041,1353.8257327068409,1347.8257327068409,2.435939648690244
0.475,1.38,212.0394363494479,1351.8426941964847,1345.8426941964847,2.4250840180760327
0.48125,1.38,209.99712992268292,1349.8003877697197,1343.8003877697197,2.4145062656295964
0.4875,1.38,207.89876493278712,1347.702022779824,1341.702022779824,2.404198696656471
0.49374999999999997,1.38,205.7474722969971,1345.5507301440339,1339.5507301440339,2.3941538435786187
0.5,1.38,203.5463043532061,1343.3495622002429,1337.3495622002429,2.3843644590947246
0.50625,1.38,201.29823484634016,1341.101492693377,1335.101492693377,2.3748235095347
0.5125,1.38,199.00615903715334,1338.8094168841901,1332.8094168841901,2.3655241684039994
0.51875,1.38,196.67289392629777,1336.4761517733345,1330.4761517733345,2.356459810113389
0.5249999999999999,1.38,194.30117858668496,1334.1044364337217,1328.1044364337217,2.3476240038898424
0.53125,1.38,191.89367459733126,1331.696932444368,1325.696932444368,2.3390105078642396
0.5375,1.38,189.45296657206745,1329.2562244191042,1323.2562244191042,2.3306132633316388
0.54375,1.38,186.9815627766393,1326.784820623676,1320.784820623676,2.3224263891798786
0.55,1.38,184.48189582797,1324.2851536750068,1318.2851536750068,2.3144441764823513
0.5562499999999999,1.38,181.95632346949242,1321.7595813165292,1315.7595813165292,2.306661083250815
0.5625,1.38,179.40712941672678,1319.2103872637636,1313.2103872637636,2.299071729344196
0.56875,1.38,176.83652426740605,1316.6397821144428,1310.6397821144428,2.2916708915293476
0.575,1.38,174.24664647073064,1314.0499043177674,1308.0499043177674,2.2844534986898353
0.58125,1.38,171.63956335048738,1311.4428211975242,1305.4428211975242,2.2774146271788274
0.5874999999999999,1.38,169.01727217699977,1308.8205300240365,1302.8205300240365,2.2705494963123005
0.59375,1.38,166.38170128308593,1306.1849591301227,1300.1849591301227,2.263853463998756
0.6,1.38,163.73471121939474,1303.5379690664315,1297.5379690664315,2.257322022501786
0.2,1.4,191.57019416824164,1331.3734520152784,1325.3734520152784,3.34990605160957
0.20625000000000002,1.4,196.04138268979523,1335.844640536832,1329.844640536832,3.314362516423659
0.21250000000000002,1.4,200.271748338012,1340.0750061850488,1334.0750061850488,3.279804310456125
0.21875,1.4,204.26479833567532,1344.068056182712,1338.068056182712,3.2462031318579423
0.225,1.4,208.02418477221408,1347.8274426192509,1341.8274426192509,3.213531469655231
0.23125,1.4,211.5536938756693,1351.356951722706,1345.356951722706,3.181762584737368
0.23750000000000002,1.4,214.8572354631924,1354.6604933102292,1348.6604933102292,3.150870491101757
0.24375000000000002,1.4,217.93883258824007,1357.7420904352769,1351.7420904352769,3.120829937362944
0.25,1.4,220.80261140105426,1360.605869248091,1354.605869248091,3.091616388533125
0.25625,1.4,223.45279123747628,1363.256049084513,1357.256049084513,3.0632060080805186
0.2625,1.4,225.89367494963358,1365.6969327966704,1359.6969327966704,3.035575640271426
0.26875,1.4,228.12963949058576,1367.9328973376225,1361.9328973376225,3.0087027928011847
0.275,1.4,230.16512676358548,1369.9683846106223,1363.9683846106223,2.9825656197186334
0.28125,1.4,232.0046347452792,1371.807892592316,1365.807892592316,2.9571429046480597
0.2875,1.4,233.65270889080261,1373.4559667378394,1367.4559667378394,2.932414044312044
0.29375,1.4,235.11393382753386,1374.9171916745706,1368.9171916745706,2.9083590323579958
0.3,1.4,236.39292534298534,1376.196183190022,1370.196183190022,2.8849584434906554
0.30625,1.4,237.4943226712346,1377.2975805182714,1371.2975805182714,2.8621934179122426
0.3125,1.4,238.422781081131,1378.2260389281678,1372.2260389281678,2.840045646071454
0.31875,1.4,239.1829647685238,1378.9862226155606,1372.9862226155606,2.8184973537219578
0.325,1.4,239.7795400537468,1379.5827979007836,1373.5827979007836,2.7975312872906013
0.33125,1.4,240.21716888465903,1380.0204267316958,1374.0204267316958,2.7771306995550624
0.3375,1.4,240.50050264470178,1380.3037604917386,1374.3037604917386,2.757279335630238
0.34375,1.4,240.63417626456658,1380.4374341116034,1374.4374341116034,2.7379614192622688
0.35,1.4,240.62280263533648,1380.4260604823733,1374.4260604823733,2.7191616394287115
0.35625,1.4,240.47096732025238,1380.2742251672892,1374.2742251672892,2.7008651372430017
0.3625,1.4,240.1832235615734,1379.9864814086102,1373.9864814086102,2.683057493161022
0.36875,1.4,239.7640875784257,1379.5673454254625,1373.5673454254625,2.6657247144872716
0.375,1.4,239.21803415094746,1379.0212919979842,1373.0212919979842,2.648853223177851
0.38125,1.4,238.5494924855625,1378.3527503325993,1372.3527503325993,2.6324298439372056
0.38749999999999996,1.4,237.7628423557262,1377.566100202763,1371.566100202763,2.616441792605323
0.39375,1.4,236.8624105120782,1376.665668359115,1370.665668359115,2.6008766648318797
0.4,1.4,235.85246735560918,1375.655725202646,1369.655725202646,2.585722425033589
0.40625,1.4,234.73722386704617,1374.540481714083,1368.540481714083,2.5709673956308525
0.4125,1.4,233.52082878545093,1373.3240866324877,1367.3240866324877,2.556600246559667
0.41874999999999996,1.4,232.20736602873285,1372.0106238757696,1366.0106238757696,2.542609985054542
0.425,1.4,230.80085234858666,1370.6041101956234,1364.6041101956234,2.5289859456981016
0.43125,1.4,229.30523521220653,1369.1084930592433,1363.1084930592433,2.5157177807329214
0.4375,1.4,227.72439090294438,1367.5276487499812,1361.5276487499812,2.5027954506310537
0.44375,1.4,226.0621228320506,1365.8653806790874,1359.8653806790874,2.4902092149165913
0.44999999999999996,1.4,224.3221600534789,1364.1254179005157,1358.1254179005157,2.477949623236606
0.45625,1.4,222.50815597375254,1362.3114138207893,1356.3114138207893,2.466007506675691
0.46249999999999997,1.4,220.62368724883913,1360.426945095876,1354.426945095876,2.454373969309311
0.46875,1.4,218.6722528599953,1358.475510707032,1352.475510707032,2.443040379991164
0.475,1.4,216.6572733605865,1356.4605312076233,1350.4605312076233,2.4319983643696736
0.48125,1.4,214.5820902859075,1354.3853481329443,1348.3853481329443,2.4212397971287944
0.4875,1.4,212.44996571814363,1352.2532235651804,1346.2532235651804,2.41075679444826
0.49374999999999997,1.4,210.2640819986657,1350.0673398457025,1344.0673398457025,2.400541706678416
0.5,1.4,208.02754157998447,1347.8307994270212,1341.8307994270212,2.3905871112248342
0.50625,1.4,205.74336700980962,1345.5466248568464,1339.5466248568464,2.3808858056378766
0.5125,1.4,203.41450103977968,1343.2177588868165,1337.2177588868165,2.371430800902434
0.51875,1.4,201.04380685161777,1340.8470646986545,1334.8470646986545,2.362215314923099
0.5249999999999999,1.4,198.63406839357935,1338.4373262406161,1332.4373262406161,2.3532327662000707
0.53125,1.4,196.18799082027863,1335.9912486673154,1329.9912486673154,2.3444767676911162
0.5375,1.4,193.70820102912512,1333.511458876162,1327.511458876162,2.335941120855002
0.54375,1.4,191.19724828681524,1331.000506133852,1325.000506133852,2.3276198098718246
0.55,1.4,188.6576049395003,1328.460862786537,1322.460862786537,2.319506996035749
0.5562499999999999,1.4,186.0916672004555,1325.8949250474923,1319.8949250474923,2.3115970123157275
0.5625,1.4,183.50175600929765,1323.3050138563344,1317.3050138563344,2.3038843580798
0.56875,1.4,180.8901179569707,1320.6933758040075,1314.6933758040075,2.2963636939787118
0.575,1.4,178.2589262709605,1318.0621841179973,1312.0621841179973,2.289029836984579
0.58125,1.4,175.6102818554018,1315.4135397024386,1309.4135397024386,2.2818777555804477
0.5874999999999999,1.4,172.94621438092395,1312.7494722279607,1306.7494722279607,2.274902565096661
0.59375,1.4,170.26868341935483,1310.0719412663916,1304.0719412663916,2.26809952319
0.6,1.4,167.5795796185423,1307.382837465579,1301.382837465579,2.2614640254616774
0.2,1.42,195.8031952122749,1335.6064530593117,1329.6064530593117,3.3748978737526962
0.20625000000000002,1.42,200.3449044927795,1340.1481623398163,1334.1481623398163,3.338572566217009
0.21250000000000002,1.42,204.64203954625486,1344.4452973932916,1338.4452973932916,3.3032598656540513
0.21875,1.42,208.69815283743765,1348.5014106844744,1342.5014106844744,3.268930459756499
0.225,1.42,212.51694503558474,1352.3202028826215,1346.3202028826215,3.2355558643721447
0.23125,1.42,216.10225404339462,1355.9055118904314,1349.9055118904314,3.203108403238191
0.23750000000000002,1.42,219.4580442109766,1359.2613020580134,1353.2613020580134,3.1715611880035177
0.24375000000000002,1.42,222.5883957532826,1362.3916536003194,1356.3916536003194,3.140888098546578
0.25,1.42,225.4974943877744,1365.3007522348112,1359.3007522348112,3.111063763595927
0.25625,1.42,228.18962120751826,1367.992879054555,1361.992879054555,3.0820635416597364
0.2625,1.42,230.66914280336687,1370.4724006504036,1364.4724006504036,3.05386350226994
0.26875,1.42,232.94050164739178,1372.7437594944286,1366.7437594944286,3.026440407546018
0.275,1.42,235.0082067482731,1374.8114645953099,1368.8114645953099,2.9997716940827415
0.28125,1.42,236.8768245879869,1376.6800824350237,1370.6800824350237,2.9738354551655766
0.2875,1.42,238.5509703477528,1378.3542281947896,1372.3542281947896,2.948610423316794
0.29375,1.42,240.03529942996238,1379.8385572769992,1373.8385572769992,2.9240759531746994
0.3,1.42,241.33449928154732,1381.137757128584,1375.137757128584,2.900212004707844
0.30625,1.42,242.4532815230957,1382.2565393701325,1376.2565393701325,2.87699912676544
0.3125,1.42,243.39637438689397,1383.1996322339307,1377.1996322339307,2.8544184409647158
0.31875,1.42,244.16851546603152,1383.9717733130683,1377.9717733130683,2.8324516259153474
0.325,1.42,244.77444477570543,1384.5777026227422,1378.5777026227422,2.8110809017806764
0.33125,1.42,245.2188981269012,1385.022155973938,1379.022155973938,2.7902890151748703
0.3375,1.42,245.50660081177898,1385.3098586588158,1379.3098586588158,2.770059224394797
0.34375,1.42,245.64226159922805,1385.4455194462648,1379.4455194462648,2.750375284984906
0.35,1.42,245.63056703831012,1385.433824885347,1379.433824885347,2.731221435633083
0.35625,1.42,245.4761760665799,1385.2794339136167,1379.2794339136167,2.712582384394978
0.3625,1.42,245.1837149196183,1384.986972766655,1378.986972766655,2.6944432952440596
0.36875,1.42,244.75777233749,1384.5610301845268,1378.5610301845268,2.676789774944289
0.375,1.42,244.20289506329027,1384.006152910327,1378.006152910327,2.6596078602419766
0.38125,1.42,243.52358362843665,1383.3268414754734,1377.3268414754734,2.6428840053732165
0.38749999999999996,1.42,242.72428841887836,1382.5275462659151,1376.5275462659151,2.62660506988294
0.39375,1.42,241.80940601601287,1381.6126638630496,1375.6126638630496,2.610758306751497
0.4,1.42,240.78327580570704,1380.5865336527438,1374.5865336527438,2.5953313508244134
0.40625,1.42,239.65017684849386,1379.4534346955306,1373.4534346955306,2.580312207540838
0.4125,1.42,238.41432500375208,1378.2175828507889,1372.2175828507889,2.5656892419560196
0.41874999999999996,1.42,237.0798703003993,1376.883128147436,1370.883128147436,2.551451168053004
0.425,1.42,235.65089454644658,1375.4541523934834,1369.4541523934834,2.537587038338645
0.43125,1.42,234.1314091695872,1373.934667016624,1367.934667016624,2.524086233718914
0.4375,1.42,232.525353280839,1372.3286111278758,1366.3286111278758,2.5109384536483916
0.44375,1.42,230.83659195319,1370.6398498002268,1364.6398498002268,2.4981337065487708
0.44999999999999996,1.42,229.06891470708388,1368.8721725541207,1362.8721725541207,2.485662300491148
0.45625,1.42,227.226034194573,1367.0292920416098,1361.0292920416098,2.4735148341368145
0.46249999999999997,1.42,225.31158507392615,1365.114842920963,1359.114842920963,2.461682187931257
0.46875,1.42,223.32912306650337,1363.1323809135401,1357.1323809135401,2.450155515546026
0.475,1.42,221.28212418773637,1361.0853820347731,1355.0853820347731,2.438926235563158
0.48125,1.42,219.17398414410195,1358.9772419911387,1352.9772419911387,2.427986023396821
0.4875,1.42,217.0080178880744,1356.8112757351112,1350.8112757351112,2.417326803446845
0.49374999999999997,1.42,214.78745932309243,1354.5907171701292,1348.5907171701292,2.4069407414788713
0.5,1.42,212.51546115075553,1352.3187189977923,1346.3187189977923,2.3968202372258256
0.50625,1.42,210.1950948525198,1349.9983526995566,1343.9983526995566,2.38695791720549
0.5125,1.42,207.82935079834533,1347.632608645382,1341.632608645382,2.377346627748987
0.51875,1.42,205.4211384749151,1345.2243963219519,1339.2243963219519,2.36797942823502
0.5249999999999999,1.42,202.97328682615444,1342.7765446731912,1336.7765446731912,2.358849584524775
0.53125,1.42,200.48854469902562,1340.2918025460624,1334.2918025460624,2.349950562592465
0.5375,1.42,197.96958138769264,1337.7728392347294,1331.7728392347294,2.341276022346531
0.54375,1.42,195.41898726939257,1335.2222451164293,1329.2222451164293,2.332819811636597
0.55,1.42,192.83927452552325,1332.64253237256,1326.64253237256,2.32457596044134
0.5562499999999999,1.42,190.23287794164548,1330.0361357886823,1324.0361357886823,2.3165386752325197
0.5625,1.42,187.60215578036605,1327.4054136274028,1321.4054136274028,2.308702333510462
0.56875,1.42,184.9493907211854,1324.7526485682222,1318.7526485682222,2.3010614785064107
0.575,1.42,182.2767908617068,1322.0800487087436,1316.0800487087436,2.2936108140471867
0.58125,1.42,179.58649077473842,1319.3897486217752,1313.3897486217752,2.286345199577725
0.5874999999999999,1.42,176.88055261608497,1316.6838104631217,1310.6838104631217,2.279259645337114
0.59375,1.42,174.16096727800914,1313.964225125046,1307.964225125046,2.272349307683865
0.6,1.42,171.42965558358514,1311.232913430622,1305.232913430622,2.265609484566184
0.2,1.44,200.0424301548744,1339.8456880019112,1333.8456880019112,3.400068781099727
0.20625000000000002,1.44,204.65482097206313,1344.4580788191,1338.4580788191,3.362951956788995
0.21250000000000002,1.44,209.01887802867236,1348.8221358757091,1342.8221358757091,3.3268755330137383
0.21875,1.44,213.13819899081864,1352.9414568378554,1346.9414568378554,3.2918091604307733
0.225,1.44,217.01653309598782,1356.8197909430246,1350.8197909430246,3.257723356441299
0.23125,1.44,220.65776993609666,1360.4610277831334,1354.4610277831334,3.224589483612469
0.23750000000000002,1.44,224.06592843233307,1363.8691862793698,1357.8691862793698,3.1923797284204065
0.24375000000000002,1.44,227.24514602039767,1367.0484038674344,1361.0484038674344,3.1610670803222582
0.25,1.44,230.19966806310094,1370.0029259101377,1364.0029259101377,3.1306253111642155
0.25625,1.44,232.93383750566431,1372.737095352701,1366.737095352701,3.101028954931645
0.2625,1.44,235.452084787486,1375.2553426345228,1369.2553426345228,3.0722532878468063
0.26875,1.44,237.75891802258298,1377.5621758696198,1371.5621758696198,3.044274308818868
0.275,1.44,239.85891345950495,1379.6621713065417,1373.6621713065417,3.0170687202502617
0.28125,1.44,241.75670623001838,1381.5599640770552,1375.5599640770552,2.9906139092026756
0.2875,1.44,243.4569813945593,1383.260239241596,1377.260239241596,2.964887928925372
0.29375,1.44,244.964465291112,1384.7677231381488,1378.7677231381488,2.9398694807477903
0.3,1.44,246.2839171929229,1386.0871750399597,1380.0871750399597,2.915537896337822
0.30625,1.44,247.42012127929274,1387.2233791263295,1381.2233791263295,2.8918731203265002
0.3125,1.44,248.37787892253846,1388.1811367695752,1382.1811367695752,2.868855693299278
0.31875,1.44,249.1620012931412,1388.965259140178,1382.965259140178,2.8464667351535176
0.325,1.44,249.77730228412702,1389.5805601311638,1383.5805601311638,2.824687928821275
0.33125,1.44,250.22859175470717,1390.031849601744,1384.031849601744,2.8035015043560008
0.3375,1.44,250.52066909239238,1390.3239269394292,1384.3239269394292,2.7828902233812616
0.34375,1.44,250.65831709189433,1390.461574938931,1384.461574938931,2.762837363899197
0.35,1.44,250.64629614836963,1390.4495539954064,1384.4495539954064,2.7433267054560075
0.35625,1.44,250.48933876187516,1390.292596608912,1384.292596608912,2.7243425146613562
0.3625,1.44,250.19214434916648,1389.9954021962033,1383.9954021962033,2.705869531058298
0.36875,1.44,249.7593743584282,1389.562632205465,1383.562632205465,2.6878929533399165
0.375,1.44,249.1956476818998,1388.9989055289366,1382.9989055289366,2.6703984259086817
0.38125,1.44,248.50553636090444,1388.3087942079412,1382.3087942079412,2.653372025774162
0.38749999999999996,1.44,247.69356157728566,1387.4968194243224,1381.4968194243224,2.6368002497845593
0.39375,1.44,246.76418992484128,1386.567447771878,1380.567447771878,2.620670002187289
0.4,1.44,245.7218299540125,1385.5250878010493,1379.5250878010493,2.604968582513619
0.40625,1.44,244.57082898271415,1384.374086829751,1378.374086829751,2.5896836737822535
0.4125,1.44,243.31547016592071,1383.1187280129575,1377.1187280129575,2.57480333101655
0.41874999999999996,1.44,241.9599698164045,1381.7632276634413,1375.7632276634413,2.560315970069975
0.425,1.44,240.50847496877282,1380.3117328158096,1374.3117328158096,2.5462103567542376
0.43125,1.44,238.96506117881472,1378.7683190258515,1372.7683190258515,2.532475596264517
0.4375,1.44,237.3337305500197,1377.1369883970565,1371.1369883970565,2.5191011228960667
0.44375,1.44,235.6184099790346,1375.4216678260714,1369.4216678260714,2.5060766900464357
0.44999999999999996,1.44,233.82294961174102,1373.6262074587778,1367.6262074587778,2.493392360497541
0.45625,1.44,231.95112150162026,1371.754379348657,1365.754379348657,2.4810384969717094
0.46249999999999997,1.44,230.0066184620207,1369.8098763090575,1363.8098763090575,2.469005752955908
0.46875,1.44,227.9930531040029,1367.7963109510397,1361.7963109510397,2.457285063788244
0.475,1.44,225.91395705142168,1365.7172148984585,1359.7172148984585,2.445867638000941
0.48125,1.44,223.77278032500453,1363.5760381720413,1357.5760381720413,2.434744948913934
0.4875,1.44,221.5728908872427,1361.3761487342795,1355.3761487342795,2.423908726473281
0.49374999999999997,1.44,219.31757434000906,1359.1208321870458,1353.1208321870458,2.4133509493286334
0.5,1.44,217.01003376694212,1356.813291613979,1350.813291613979,2.403063837144008
0.50625,1.44,214.65338971275878,1354.4566475597956,1348.4566475597956,2.3930398431362097
0.5125,1.44,212.2506802918008,1352.0539381388376,1346.0539381388376,2.3832716468352704
0.51875,1.44,209.804861418281,1349.6081192653178,1343.6081192653178,2.3737521470613094
0.5249999999999999,1.44,207.31880715088028,1347.122064997917,1341.122064997917,2.3644744551123678
0.53125,1.44,204.79531014448025,1344.598567991517,1338.598567991517,2.3554318881577503
0.5375,1.44,202.237082202063,1342.0403400490998,1336.0403400490998,2.34661796283153
0.54375,1.44,199.646754919959,1339.4500127669958,1333.4500127669958,2.3380263890209543
0.55,1.44,197.0268804198463,1336.830138266883,1330.830138266883,2.32965106384455
0.5562499999999999,1.44,194.37993216111067,1334.1831900081474,1328.1831900081474,2.3214860658148186
0.5625,1.44,191.70830582738427,1331.511563674421,1325.511563674421,2.3135256491805123
0.56875,1.44,189.01432028128943,1328.8175781283262,1322.8175781283262,2.3057642384435466
0.575,1.44,186.300218581644,1326.1034764286808,1320.1034764286808,2.298196423045729
0.58125,1.44,183.5681690575973,1323.371426904634,1317.371426904634,2.290816952220535
0.5874999999999999,1.44,180.82026643437666,1320.6235242814134,1314.6235242814134,2.283620730005296
0.59375,1.44,178.05853300554827,1317.861790852585,1311.861790852585,2.276602810409236
0.6,1.44,175.28491984693642,1315.0881776939732,1309.0881776939732,2.2697583927328786
0.2,1.46,204.28787553130132,1344.091133378338,1338.091133378338,3.425420001965659
0.20625000000000002,1.46,208.97110748299633,1348.774365330033,1342.774365330033,3.387501817775907
0.21250000000000002,1.46,213.40223798693023,1353.205495833967,1347.205495833967,3.3506523508723465
0.21875,1.46,217.58490987439586,1357.3881677214326,1351.3881677214326,3.3148401877793807
0.225,1.46,221.52292094355312,1361.32617879059,1355.32617879059,3.280034821698396
0.23125,1.46,225.2202124938326,1365.0234703408694,1359.0234703408694,3.2462066295557137
0.23750000000000002,1.46,228.68085805901887,1368.4841159060556,1362.4841159060556,3.213326849407667
0.24375000000000002,1.46,231.90905235786954,1371.7123102049063,1365.7123102049063,3.1813675582103804
0.25,1.46,234.90910047939883,1374.7123583264356,1368.7123583264356,3.1503016499609786
0.25625,1.46,237.68540731830217,1377.488665165339,1371.488665165339,3.1201028142162075
0.2625,1.46,240.24246727438276,1380.0457251214195,1374.0457251214195,3.0907455149936305
0.26875,1.46,242.58485422826675,1382.3881120753035,1376.3881120753035,3.0622049700598457
0.275,1.46,244.71721180420786,1384.5204696512446,1378.5204696512446,3.0344571306093457
0.28125,1.46,246.64424392931778,1386.4475017763546,1380.4475017763546,3.0074786613369593
0.2875,1.46,248.37070569717116,1388.173963544208,1382.173963544208,2.981246920906072
0.29375,1.46,249.90139454241648,1389.7046523894533,1383.7046523894533,2.9557399428141147
0.3,1.46,251.24114173173894,1391.0443995787757,1385.0443995787757,2.9309364166561798
0.30625,1.46,252.39480417532627,1392.198062022363,1386.198062022363,2.9068156697869343
0.3125,1.46,253.36725656183808,1393.1705144088749,1387.1705144088749,2.8833576493804425
0.31875,1.46,254.1633838187986,1393.9666416658354,1387.9666416658354,2.860542904886889
0.325,1.46,254.78807389930466,1394.5913317463414,1388.5913317463414,2.838352570884682
0.33125,1.46,255.24621089498328,1395.04946874202,1389.04946874202,2.81676835032587
0.3375,1.46,255.54266847423605,1395.3459263212728,1389.3459263212728,2.795772498172349
0.34375,1.46,255.68230364395845,1395.4855614909952,1389.4855614909952,2.7753478054198855
0.35,1.46,255.669950832126,1395.4732086791628,1389.4732086791628,2.7554775835065493
0.35625,1.46,255.5104162879452,1395.313674134982,1389.313674134982,2.7361456491017746
0.3625,1.46,255.20847279555846,1395.0117306425952,1389.0117306425952,2.7173363092719254
0.36875,1.46,254.76885469669583,1394.5721125437326,1388.5721125437326,2.6990343470178986
0.375,1.46,254.19625321709555,1393.9995110641323,1387.9995110641323,2.6812250071800143
0.38125,1.46,253.4953120910011,1393.2985699380379,1387.2985699380379,2.6638939827051757
0.38749999999999996,1.46,252.6706234775745,1392.4738813246113,1386.4738813246113,2.6470274012710453
0.39375,1.46,251.72672416265368,1391.5299820096905,1385.5299820096905,2.6306118122617717
0.4,1.46,250.66809203891353,1390.4713498859503,1384.4713498859503,2.614634174089605
0.40625,1.46,249.49914285715045,1389.3024007041872,1383.3024007041872,2.5990818418565897
0.4125,1.46,248.2242272411438,1388.0274850881806,1382.0274850881806,2.5839425553503745
0.41874999999999996,1.46,246.84762795828533,1386.650885805322,1380.650885805322,2.5692044273680565
0.425,1.46,245.3735574379873,1385.176815285024,1379.176815285024,2.5548559323618942
0.43125,1.46,243.80615552967538,1383.6094133767122,1377.6094133767122,2.5408858954006166
0.4375,1.46,242.14948749208588,1381.9527453391227,1375.9527453391227,2.527283481440015
0.44375,1.46,240.40754220544045,1380.2108000524772,1374.2108000524772,2.5140381848964597
0.44999999999999996,1.46,238.58423059804431,1378.387488445081,1372.387488445081,2.5011398195169203
0.45625,1.46,236.6833842787803,1376.486642125817,1370.486642125817,2.4885785085391015
0.46249999999999997,1.46,234.70875436698338,1374.5120122140202,1368.5120122140202,2.4763446751352602
0.46875,1.46,232.6640105111851,1372.4672683582219,1366.4672683582219,2.4644290331332996
0.475,1.46,230.55274008825086,1370.3559979352876,1364.3559979352876,2.452822578008757
0.48125,1.46,228.37844757451717,1368.181705421554,1362.181705421554,2.4415165781413166
0.4875,1.46,226.14455408058097,1365.9478119276177,1359.9478119276177,2.4305025663295377
0.49374999999999997,1.46,223.85439704151872,1363.6576548885555,1357.6576548885555,2.419772331557537
0.5,1.46,221.51123005444424,1361.314487901481,1355.314487901481,2.409317911007384
0.50625,1.46,219.1182228554003,1358.921480702437,1352.921480702437,2.3991315823110884
0.5125,1.46,216.67846142777535,1356.4817192748121,1350.4817192748121,2.389205856036095
0.51875,1.46,214.1949482345774,1353.9982060816142,1347.9982060816142,2.3795334683982556
0.5249999999999999,1.46,211.67060256707032,1351.473860414107,1345.473860414107,2.3701073741964045
0.53125,1.46,209.10826100245208,1348.9115188494889,1342.9115188494889,2.360920739962632
0.5375,1.46,206.5106779634723,1346.313935810509,1340.313935810509,2.3519669373225773
0.54375,1.46,203.88052637305623,1343.683784220093,1337.683784220093,2.343239536560022
0.55,1.46,201.22039839722652,1341.0236562442633,1335.0236562442633,2.3347323003802622
0.5562499999999999,1.46,198.532806269807,1338.3360641168438,1332.3360641168438,2.3264391778667806
0.5625,1.46,195.82018319264876,1335.6234410396855,1329.6234410396855,2.3183542986258465
0.56875,1.46,193.08488430526404,1332.8881421523008,1326.8881421523008,2.310471967113793
0.575,1.46,190.3291877180593,1330.132445565096,1324.132445565096,2.3027866571418176
0.58125,1.46,187.55529560351806,1327.3585534505548,1321.3585534505548,2.2952930065532247
0.5874999999999999,1.46,184.7653353399253,1324.568593186962,1318.568593186962,2.287985812068187
0.59375,1.46,181.96136070246484,1321.7646185495016,1315.7646185495016,2.280860024291169
0.6,1.46,179.14535309672328,1318.94861094376,1312.94861094376,2.273910742876275
0.2,1.48,208.5395078054405,1348.3427656524773,1342.3427656524773,3.4509527727390807
0.20625000000000002,1.48,213.29373930585643,1353.0969971528932,1347.0969971528932,3.4122232860105934
0.21250000000000002,1.48,217.79209354404566,1357.5953513910824,1351.5953513910824,3.374591363974322
0.21875,1.48,222.0382584846459,1361.8415163316827,1355.8415163316827,3.3380245013985435
0.225,1.48,226.0360804830077,1365.8393383300445,1359.8393383300445,3.30249114103926
0.23125,1.48,229.78955256810696,1369.5928104151437,1363.5928104151437,3.267960649251466
0.23750000000000002,1.48,233.3028029312511,1373.1060607782879,1367.1060607782879,3.2344032919956787
0.24375000000000002,1.48,236.58008363963586,1376.3833414866726,1370.3833414866726,3.2017902112470966
0.25,1.48,239.62575959206174,1379.4290174390985,1373.4290174390985,3.1700934018139595
0.25625,1.48,242.44429773240518,1382.247555579442,1376.247555579442,3.13928568857081
0.2625,1.48,245.0402565347963,1384.843514381833,1378.843514381833,3.1093407041115197
0.26875,1.48,247.4182757728488,1387.2215336198856,1381.2215336198856,3.0802328668261394
0.275,1.48,249.5830665837634,1389.3863244308002,1383.3863244308002,3.051937359404775
0.28125,1.48,251.5394018366369,1391.3426596836737,1385.3426596836737,3.024430107770973
0.2875,1.48,253.292106812891,1393.0953646599278,1387.0953646599278,2.9976877604462975
0.29375,1.48,254.84605020541562,1394.6493080524524,1388.6493080524524,2.971687668347017
0.3,1.48,256.20613544168214,1396.009393288719,1390.009393288719,2.946407865013211
0.30625,1.48,257.37729233489904,1397.1805501819358,1391.1805501819358,2.921827047269827
0.3125,1.48,258.36446906610695,1398.1677269131437,1392.1677269131437,2.897924556318651
0.31875,1.48,259.17262449900704,1398.9758823460438,1392.9758823460438,2.874680359259548
0.325,1.48,259.80672082829165,1399.6099786753284,1393.6099786753284,2.852075031038709
0.33125,1.48,260.27171656127325,1400.07497440831,1394.07497440831,2.830089736821187
0.3375,1.48,260.57255983168557,1400.3758176787223,1394.3758176787223,2.8087062147844475
0.34375,1.48,260.7141820437139,1400.5174398907507,1394.5174398907507,2.787906759329215
0.35,1.48,260.7014918434588,1400.5047496904956,1394.5047496904956,2.7676742047035012
0.35625,1.48,260.53936941439156,1400.3426272614283,1394.3426272614283,2.747991909035265
0.3625,1.48,260.2326610925909,1400.0359189396277,1394.0359189396277,2.728843738768823
0.36875,1.48,259.7861742970108,1399.5894321440476,1393.5894321440476,2.7102140534998074
0.375,1.48,259.20467276939826,1399.007930616435,1393.007930616435,2.6920876912031604
0.38125,1.48,258.49287211801334,1398.29612996505,1392.29612996505,2.6744499538484017
0.38749999999999996,1.48,257.65543565879716,1397.458693505834,1391.458693505834,2.65728659339616
0.39375,1.48,256.69697054724634,1396.500228394283,1390.500228394283,2.640583798169783
0.4,1.48,255.6220241938745,1395.4252820409113,1389.4252820409113,2.6243281795956164
0.40625,1.48,254.4350809557966,1394.2383388028334,1388.2383388028334,2.608506759305429
0.4125,1.48,253.1405590967122,1392.943816943749,1386.943816943749,2.593106956594305
0.41874999999999996,1.48,251.74280800731754,1391.5460658543543,1385.5460658543543,2.578116576227226
0.425,1.48,250.2461056779573,1390.049363524994,1384.049363524994,2.563523796587483
0.43125,1.48,248.65465641517312,1388.45791426221,1382.45791426221,2.5493171581599783
0.4375,1.48,246.97258879367905,1386.7758466407158,1380.7758466407158,2.535485552342434
0.44375,1.48,245.20395383518576,1385.0072116822225,1379.0072116822225,2.5220182105775018
0.44999999999999996,1.48,243.35272340543042,1383.1559812524672,1377.1559812524672,2.5089046937987365
0.45625,1.48,241.4227888207481,1381.2260466677849,1375.2260466677849,2.4961348821833993
0.46249999999999997,1.48,239.41795965547817,1379.221217502515,1373.221217502515,2.483698965205082
0.46875,1.48,237.3419627415651,1377.145220588602,1371.145220588602,2.4715874319791453
0.475,1.48,235.19844135170433,1375.001699198741,1369.001699198741,2.4597910618940184
0.48125,1.48,232.9909545574792,1372.794212404516,1366.794212404516,2.448300915521456
0.4875,1.48,230.72297675402388,1370.5262346010607,1364.5262346010607,2.437108325798868
0.49374999999999997,1.48,228.39789734280862,1368.2011551898454,1362.2011551898454,2.4262048894769714
0.5,1.48,226.01902056432914,1365.822278411366,1359.822278411366,2.415582458826005
0.50625,1.48,223.5895654725598,1363.3928233195966,1357.3928233195966,2.4052331335938972
0.5125,1.48,221.11266604321986,1360.9159238902566,1354.9159238902566,2.39514925320981
0.51875,1.48,218.59137140804978,1358.3946292550866,1352.3946292550866,2.3853233892266097
0.5249999999999999,1.48,216.0286462074746,1355.8319040545114,1349.8319040545114,2.375748337995888
0.53125,1.48,213.4273710542211,1353.230628901258,1347.230628901258,2.366417113569264
0.5375,1.48,210.7903431006407,1350.5936009476775,1344.5936009476775,2.3573229408198175
0.54375,1.48,208.12027670270777,1347.9235345497445,1341.9235345497445,2.3484592487775693
0.55,1.48,205.41980417386412,1345.223062020901,1339.223062020901,2.3398196641730817
0.5562499999999999,1.48,202.69147662207865,1342.4947344691154,1336.4947344691154,2.3313980051833387
0.5625,1.48,199.93776486375214,1339.741022710789,1333.741022710789,2.3231882753741724
0.56875,1.48,197.16106040826958,1336.9643182553064,1330.9643182553064,2.315184657833636
0.575,1.48,194.3636765072672,1334.166934354304,1328.166934354304,2.3073815094908343
0.58125,1.48,191.54784926287925,1331.351107109916,1325.351107109916,2.29977335561482
0.5874999999999999,1.48,188.71573878947606,1328.5189966365128,1322.5189966365128,2.2923548844883093
0.59375,1.48,185.86943042360576,1325.6726882706425,1319.6726882706425,2.285120942251081
0.6,1.48,183.01093597712406,1322.8141938241608,1316.8141938241608,2.278066527908012
0.2,1.5,212.7973033702815,1352.6005612173183,1346.6005612173183,3.476668337933548
0.20625000000000002,1.5,217.62269164637632,1357.425949493413,1351.425949493413,3.4371175055667975
0.21250000000000002,1.5,222.18841874495342,1361.9916765919902,1355.9916765919902,3.398693623509565
0.21875,1.5,226.4982177365573,1366.301475583594,1360.301475583594,3.3613630666149383
0.225,1.5,230.5559835343222,1370.359241381359,1364.359241381359,3.3250932004480336
0.23125,1.5,234.365760922557,1374.1690187695938,1368.1690187695938,3.2898523553954666
0.23750000000000002,1.5,237.93173279843586,1377.7349906454726,1371.7349906454726,3.2556098012106287
0.24375000000000002,1.5,241.25820864605316,1381.06146649309,1375.06146649309,3.22233572200199
0.25,1.5,244.34961326031544,1384.1528711073522,1378.1528711073522,3.1900011916707376
0.25625,1.5,247.21047573637952,1387.0137335834163,1381.0137335834163,3.158578149803122
0.2625,1.5,249.84541873868443,1389.6486765857212,1383.6486765857212,3.128039378022019
0.26875,1.5,252.25914806193964,1392.0624059089764,1386.0624059089764,3.09835847680131
0.275,1.5,254.45644249493967,1394.2597003419764,1388.2597003419764,3.0695098427458465
0.28125,1.5,256.4421439964933,1396.24540184353,1390.24540184353,3.041468646338901
0.2875,1.5,258.2211481913705,1398.0244060384073,1392.0244060384073,3.014210810158241
0.29375,1.5,259.79839519277493,1399.6016530398117,1393.6016530398117,2.9877129875611472
0.3,1.5,261.17886075653246,1400.9821186035692,1394.9821186035692,2.961952541837995
0.30625,1.5,262.36754777097076,1402.1708056180075,1396.1708056180075,2.9369075258332984
0.3125,1.5,263.3694780852625,1403.1727359322992,1397.1727359322992,2.9125566620324457
0.31875,1.5,264.1896846779082,1403.992942524945,1397.992942524945,2.88887932311175
0.325,1.5,264.83320416599554,1404.6364620130323,1398.6364620130323,2.8658555129488312
0.33125,1.5,265.30506965486256,1405.1083275018993,1399.1083275018993,2.8434658480897963
0.3375,1.5,265.6103039269178,1405.4135617739546,1399.4135617739546,2.8216915396692057
0.34375,1.5,265.7539129674674,1405.5571708145042,1399.5571708145042,2.8005143757783055
0.35,1.5,265.7408798246363,1405.544137671673,1399.544137671673,2.779916704276584
0.35625,1.5,265.57615879972263,1405.3794166467594,1399.3794166467594,2.7598814160413325
0.3625,1.5,265.2646699636359,1405.0679278106727,1399.0679278106727,2.74039192864951
0.36875,1.5,264.8112939944622,1404.614551841499,1398.614551841499,2.7214321704858957
0.375,1.5,264.22086733062383,1404.0241251776606,1398.0241251776606,2.702986565271218
0.38125,1.5,263.4981776335703,1403.301435480607,1397.301435480607,2.6850400170037028
0.38749999999999996,1.5,262.6479595535052,1402.451217400542,1396.451217400542,2.667577895307225
0.39375,1.5,261.67489079117854,1401.4781486382153,1395.4781486382153,2.6505860211791
0.4,1.5,260.5835884484916,1400.3868462955284,1394.3868462955284,2.6340506531303265
0.40625,1.5,259.378605660228,1399.1818635072648,1393.1818635072648,2.617958473710989
0.4125,1.5,258.0644284990401,1397.8676863460769,1391.8676863460769,2.6022965764133796
0.41874999999999996,1.5,256.6454731455144,1396.4487309925512,1390.4487309925512,2.587052452945342
0.425,1.5,255.12608331497222,1394.929341162009,1388.929341162009,2.5722139808662114
0.43125,1.5,253.51052793248004,1393.3137857795168,1387.3137857795168,2.557769411577726
0.4375,1.5,251.80299904741923,1391.606256894456,1385.606256894456,2.543707358662235
0.44375,1.5,250.00760997888233,1389.810867825919,1383.810867825919,2.5300167865604615
0.44999999999999996,1.5,248.1283936830739,1387.9316515301107,1381.9316515301107,2.516686999581188
0.45625,1.5,246.16930133389042,1385.9725591809272,1379.9725591809272,2.503707631235123
0.46249999999999997,1.5,244.13420110781158,1383.9374589548484,1377.9374589548484,2.4910686338853334
0.46875,1.5,242.02687716430296,1381.8301350113397,1375.8301350113397,2.4787602687066075
0.475,1.5,239.8510288129214,1379.6542866599582,1373.6542866599582,2.466773095946215
0.48125,1.5,237.61026985842432,1377.413527705461,1371.413527705461,2.45509796547854
0.4875,1.5,235.30812811525402,1375.1113859622908,1369.1113859622908,2.4437260076461937
0.49374999999999997,1.5,232.9480450828653,1372.751302929902,1366.751302929902,2.432648624380243
0.5,1.5,230.53337577351817,1370.336633620555,1364.336633620555,2.421857480592324
0.50625,1.5,228.06738868426487,1367.8706465313016,1361.8706465313016,2.4113444958314743
0.5125,1.5,225.553265905045,1365.3565237520818,1359.3565237520818,2.401101836198639
0.51875,1.5,222.9941033549428,1362.7973612019796,1356.7973612019796,2.3911219065118954
0.5249999999999999,1.5,220.39291113887043,1360.1961689859072,1354.1961689859072,2.3813973427155823
0.53125,1.5,217.75261401710554,1357.5558718641423,1351.5558718641423,2.371921004526591
0.5375,1.5,215.07605198031752,1354.8793098273543,1348.8793098273543,2.362685968311246
0.54375,1.5,212.36598092293616,1352.169238769973,1346.169238769973,2.3536855201862874
0.55,1.5,209.62507340791126,1349.428331254948,1343.428331254948,2.344913149337595
0.5562499999999999,1.5,206.8559195161381,1346.6591773631749,1340.6591773631749,2.3363625415504576
0.5625,1.5,204.06102777404794,1343.8642856210847,1337.8642856210847,2.3280275729452526
0.56875,1.5,201.24282615308562,1341.0460840001224,1335.0460840001224,2.3199023039126034
0.575,1.5,198.40366313502386,1338.2069209820606,1332.2069209820606,2.311980973242152
0.58125,1.5,195.54580883729864,1335.3490666843354,1329.3490666843354,2.304257992439241
0.5874999999999999,1.5,192.67145619276562,1332.4747140398024,1326.4747140398024,2.2967279402239384
0.59375,1.5,189.78272217853146,1329.5859800255682,1323.5859800255682,2.28938555720694
0.6,1.5,186.8816490887193,1326.684906935756,1320.684906935756,2.2822257407370374
0.2,1.52,217.06123854841076,1356.8644963954475,1350.8644963954475,3.5025679502392837
0.20625000000000002,1.52,221.95793963627148,1361.7611974833083,1355.7611974833083,3.462185627803751
0.21250000000000002,1.52,226.5911875570721,1366.3944454041089,1360.3944454041089,3.422960187151857
0.21875,1.52,230.96476046423504,1370.7680183112718,1364.7680183112718,3.384856854518712
0.225,1.52,235.0826018333612,1374.885859680398,1368.885859680398,3.347841891025537
0.23125,1.52,238.94880823364565,1378.7520660806824,1372.7520660806824,3.311882565219962
0.23750000000000002,1.52,242.5676173198999,1382.3708751669367,1376.3708751669367,3.276947126095315
0.24375000000000002,1.52,245.94339606466633,1385.746653911703,1379.746653911703,3.243004776595843
0.25,1.52,249.0806292480181,1388.883887095055,1382.883887095055,3.2100256476138904
0.25625,1.52,251.98390822090164,1391.7871660679384,1385.7871660679384,3.177980772484009
0.2625,1.52,254.65791995610198,1394.4611778031388,1388.4611778031388,3.1468420619780897
0.26875,1.52,257.10743639926636,1396.9106942463031,1390.9106942463031,3.1165822798046254
0.275,1.52,259.3373041308316,1399.1405619778684,1393.1405619778684,3.0871750186143085
0.28125,1.52,261.35243434814333,1401.15569219518,1395.15569219518,3.058594676513291
0.2875,1.52,263.15779317560396,1402.9610510226407,1396.9610510226407,3.030816434084589
0.29375,1.52,264.75839230929955,1404.5616501563363,1398.5616501563363,3.003816231917298
0.3,1.52,266.1592800012038,1405.9625378482406,1399.9625378482406,2.9775707486424903
0.30625,1.52,267.36553238681563,1407.1687902338524,1401.1687902338524,2.952057379473982
0.3125,1.52,268.38224515890306,1408.1855030059398,1402.1855030059398,2.9272542152514105
0.31875,1.52,269.2145255888745,1409.0177834359113,1403.0177834359113,2.9031400219824466
0.325,1.52,269.8674848962744,1409.6707427433112,1403.6707427433112,2.879694220880351
0.33125,1.52,270.3462309658862,1410.149488812923,1404.149488812923,2.8568968688925205
0.3375,1.52,270.65586141101517,1410.459119258052,1404.459119258052,2.834728639715132
0.34375,1.52,270.8014569806571,1410.604714827694,1404.604714827694,2.8131708052885482
0.35,1.52,270.78807530743165,1410.5913331544684,1404.5913331544684,2.792205217767662
0.35625,1.52,270.62074499247615,1410.424002839513,1404.424002839513,2.7718142919610176
0.3625,1.52,270.30446002274994,1410.1077178697867,1404.1077178697867,2.751980988232098
0.36875,1.52,269.84417451561876,1409.6474323626555,1403.6474323626555,2.732688795855956
0.375,1.52,269.24479778498244,1409.0480556320192,1403.0480556320192,2.7139217168239775
0.38125,1.52,268.5111897227355,1408.3144475697723,1402.3144475697723,2.6956642500893784
0.38749999999999996,1.52,267.64815648883064,1407.4514143358674,1401.4514143358674,2.6779013762457837
0.39375,1.52,266.660446502842,1406.4637043498788,1400.4637043498788,2.66061854263106
0.4,1.52,265.55274672953874,1405.3560045765755,1399.3560045765755,2.6438016488484246
0.40625,1.52,264.3296792506401,1404.1329370976769,1398.1329370976769,2.6274370326966836
0.4125,1.52,262.9957981146804,1402.7990559617172,1396.7990559617172,2.611511456501399
0.41874999999999996,1.52,261.5555864566245,1401.3588443036613,1395.3588443036613,2.5960120938386644
0.425,1.52,260.0134538787245,1399.8167117257613,1393.8167117257613,2.5809265166431214
0.43125,1.52,258.3737340839002,1398.176991930937,1392.176991930937,2.566242682691823
0.4375,1.52,256.64068275283853,1396.4439405998753,1390.4439405998753,2.5519489234555164
0.44375,1.52,254.8184756558885,1394.6217335029253,1388.6217335029253,2.5380339323089314
0.44999999999999996,1.52,252.91120699077055,1392.7144648378073,1386.7144648378073,2.5244867530916717
0.45625,1.52,250.9228879371126,1390.7261457841494,1384.7261457841494,2.511296769011341
0.46249999999999997,1.52,248.85744541877716,1388.660703265814,1382.660703265814,2.4984536918805893
0.46875,1.52,246.71872106501542,1386.5219789120522,1380.5219789120522,2.485947551679809
0.475,1.52,244.51047036149725,1384.313728208534,1378.313728208534,2.473768686437309
0.48125,1.52,242.23636198235067,1382.0396198293874,1376.0396198293874,2.4619077324188394
0.4875,1.52,239.89997729443803,1379.7032351414748,1373.7032351414748,2.4503556146184784
0.49374999999999997,1.52,237.50481002519086,1377.3080678722276,1371.3080678722276,2.4391035375429464
0.5,1.52,235.054266085481,1374.8575239325178,1368.8575239325178,2.428142976281551
0.50625,1.52,232.55166353912318,1372.35492138616,1366.35492138616,2.4174656678540694
0.5125,1.52,230.0002327107643,1369.803490557801,1363.803490557801,2.407063602829004
0.51875,1.52,227.40311642412007,1367.2063742711568,1361.2063742711568,2.3969290172047404
0.5249999999999999,1.52,224.76337036265727,1364.566628209694,1358.566628209694,2.3870543845463263
0.53125,1.52,222.08396354503543,1361.8872213920722,1355.8872213920722,2.37743240837065
0.5375,1.52,219.3677789078365,1359.1710367548733,1353.1710367548733,2.368056014772998
0.54375,1.52,216.617613988293,1356.4208718353298,1350.4208718353298,2.358918345288064
0.55,1.52,213.83618169997044,1353.6394395470072,1347.6394395470072,2.350012749978643
0.5562499999999999,1.52,211.02611119454627,1350.829369041583,1344.829369041583,2.341332780745392
0.5625,1.52,208.1899488031072,1347.993206650144,1341.993206650144,2.33287218485115
0.56875,1.52,205.33015905054867,1345.1334168975854,1339.1334168975854,2.324624898653498
0.575,1.52,202.44912573695365,1342.2523835839904,1336.2523835839904,2.31658504153935
0.58125,1.52,199.5491530800307,1339.3524109270675,1333.3524109270675,2.3087469100555063
0.5874999999999999,1.52,196.63246691291238,1336.4357247599492,1330.4357247599492,2.301104972229291
0.59375,1.52,193.70121593188583,1333.5044737789226,1327.5044737789226,2.293653862073457
0.6,1.52,190.75747298883493,1330.5607308358717,1324.5607308358717,2.2863883742697846
0.2,1.54,221.33128959249302,1361.1345474395298,1355.1345474395298,3.5286528705752094
0.20625000000000002,1.54,226.299458333767,1366.1027161808038,1360.1027161808038,3.487428811411051
0.21250000000000002,1.54,231.00037387087673,1370.8036317179135,1364.8036317179135,3.4473921190974903
0.21875,1.54,235.43785942151294,1375.2411172685497,1369.2411172685497,3.408506841996717
0.225,1.54,239.61590703253592,1379.4191648795727,1373.4191648795727,3.3707381090177804
0.23125,1.54,243.5386650913522,1383.341922938389,1377.341922938389,3.334052100518141
0.23750000000000002,1.54,247.2104260656231,1387.0136839126599,1381.0136839126599,3.2984160197300576
0.24375000000000002,1.54,250.63561449097847,1390.4388723380152,1384.4388723380152,3.26379806471851
0.25,1.54,253.81877522447758,1393.6220330715144,1387.6220330715144,3.2301674008762387
0.25625,1.54,256.76456197976336,1396.5678198268001,1390.5678198268001,3.197494133960515
0.2625,1.54,259.4777261580791,1399.280984005116,1393.280984005116,3.165749283675169
0.26875,1.54,261.9631059875808,1401.7663638346176,1395.7663638346176,3.1349047578004527
0.275,1.54,264.225615981808,1404.0288738288448,1398.0288738288448,3.104933326872323
0.28125,1.54,266.27023672655355,1406.0734945735903,1400.0734945735903,3.0758085994118103
0.2875,1.54,268.1020050029267,1407.9052628499635,1401.9052628499635,3.0475049977042477
0.29375,1.54,269.7260042529613,1409.529262099998,1403.529262099998,3.0199977341272644
0.3,1.54,271.1473553927858,1410.9506132398226,1404.9506132398226,2.9932627880256653
0.30625,1.54,272.37120797708303,1412.1744658241198,1406.1744658241198,2.9672768831305327
0.3125,1.54,273.40273171738863,1413.2059895644254,1407.2059895644254,2.9420174655191644
0.31875,1.54,274.2471083555997,1414.0503662026365,1408.0503662026365,2.917462682111817
0.325,1.54,274.9095238930463,1414.712781740083,1408.712781740083,2.8935913597005665
0.33125,1.54,275.39516117443895,1415.1984190214757,1409.1984190214757,2.8703829845050377
0.3375,1.54,275.7091928250952,1415.512450672132,1409.512450672132,2.847817682249205
0.34375,1.54,275.8567745389778,1415.6600323860146,1409.6600323860146,2.8258761987529937
0.35,1.54,275.8430387142473,1415.646296561284,1409.646296561284,2.8045398810319724
0.35625,1.54,275.6730884323342,1415.476346279371,1409.476346279371,2.783790658897983
0.3625,1.54,275.3519917757958,1415.1552496228326,1409.1552496228326,2.763611027053255
0.36875,1.54,274.88477647963873,1414.6880343266755,1408.6880343266755,2.743984027670187
0.375,1.54,274.27642491018923,1414.079682757226,1408.079682757226,2.7248932334487064
0.38125,1.54,273.5318693650986,1413.3351272121354,1407.3351272121354,2.7063227311428855
0.38749999999999996,1.54,272.6559876875733,1412.45924553461,1406.45924553461,2.6882571055482694
0.39375,1.54,271.6535991875337,1411.4568570345705,1405.4568570345705,2.6706814239411893
0.4,1.54,270.5294608620284,1410.3327187090651,1404.3327187090651,2.653581220961207
0.40625,1.54,269.28826390688664,1409.0915217539234,1403.0915217539234,2.636942483927689
0.4125,1.54,267.9346305113479,1407.7378883583847,1401.7378883583847,2.6207516385814587
0.41874999999999996,1.54,266.4731109271363,1406.276368774173,1400.276368774173,2.604995535242365
0.425,1.54,264.9081808032879,1404.7114386503247,1398.7114386503247,2.5896614353735963
0.43125,1.54,263.2442387778267,1403.0474966248635,1397.0474966248635,2.5747369985435498
0.4375,1.54,261.4856043173245,1401.2888621643613,1395.2888621643613,2.5602102697760345
0.44375,1.54,259.6365157952273,1399.439773642264,1393.439773642264,2.546069667279656
0.44999999999999996,1.54,257.70112879983526,1397.504386646872,1391.504386646872,2.532303970547223
0.45625,1.54,255.6835146627302,1395.486772509767,1389.486772509767,2.518902308816096
0.46249999999999997,1.54,253.58765919849884,1393.3909170455356,1387.3909170455356,2.5058541498804603
0.46875,1.54,251.4174616465998,1391.2207194936366,1385.2207194936366,2.4931492892465714
0.475,1.54,249.1767338062764,1388.9799916533132,1382.9799916533132,2.4807778396221396
0.48125,1.54,246.86919935549395,1386.6724572025307,1380.6724572025307,2.4687302207310955
0.4875,1.54,244.49849334497617,1384.301751192013,1378.301751192013,2.456997149445107
0.49374999999999997,1.54,242.0681618585238,1381.8714197055606,1375.8714197055606,2.4455696302233285
0.5,1.54,239.5816618309334,1379.3849196779702,1373.3849196779702,2.4344389458520106
0.50625,1.54,237.04236101498805,1376.8456188620248,1370.8456188620248,2.4235966484756895
0.5125,1.54,234.45353808913956,1374.2567959361763,1368.2567959361763,2.413034550911867
0.51875,1.54,231.81838289768916,1371.621640744726,1365.621640744726,2.402744718241193
0.5249999999999999,1.54,229.13999681545488,1368.9432546624917,1362.9432546624917,2.392719459665338
0.53125,1.54,226.4213932291234,1366.2246510761602,1360.2246510761602,2.382951320624871
0.5375,1.54,223.66549812765766,1363.4687559746944,1357.4687559746944,2.373433075169637
0.54375,1.54,220.87515079438367,1360.6784086414204,1354.6784086414204,2.3641577185742633
0.55,1.54,218.05310459359794,1357.8563624406347,1351.8563624406347,2.355118460191583
0.5562499999999999,1.54,215.20202784469552,1355.0052856917323,1349.0052856917323,2.346308716536939
0.5625,1.54,212.32450477718044,1352.1277626242172,1346.1277626242172,2.337722104596465
0.56875,1.54,209.42303655999194,1349.2262944070287,1343.2262944070287,2.329352435352628
0.575,1.54,206.50004239896452,1346.3033002460013,1340.3033002460013,2.321193707520443
0.58125,1.54,203.55786069637134,1343.361118543408,1337.361118543408,2.313240101487957
0.5874999999999999,1.54,200.59875026679197,1340.4020081138287,1334.4020081138287,2.3054859734547413
0.59375,1.54,197.62489160375503,1337.4281494507918,1331.4281494507918,2.2979258497622843
0.6,1.54,194.63838819188618,1334.441646038923,1328.441646038923,2.29055442141036
0.2,1.56,225.60743268576493,1365.4106905328017,1359.4106905328017,3.554924368141292
0.20625000000000002,1.56,230.64722272413042,1370.4504805711672,1364.4504805711672,3.5128482224538073
0.21250000000000002,1.56,235.41595150046942,1375.2192093475062,1369.2192093475062,3.471990490104148
0.21875,1.56,239.91748728257085,1379.7207451296076,1373.7207451296076,3.4323140117659126
0.225,1.56,244.15587070146057,1383.9591285484973,1377.9591285484973,3.393782755844643
0.23125,1.56,248.13530199987008,1387.9385598469069,1381.9385598469069,3.3563617876687086
0.23750000000000002,1.56,251.86012851697342,1391.6633863640102,1385.6633863640102,3.3200172392537293
0.24375000000000002,1.56,255.33483242923103,1395.1380902762678,1389.1380902762678,3.284716279646869
0.25,1.56,258.56401876525865,1398.3672766122954,1392.3672766122954,3.250427085856158
0.25625,1.56,261.55240371072387,1401.3556615577606,1395.3556615577606,3.217118814368911
0.2625,1.56,264.30480321750656,1404.1080610645433,1398.1080610645433,3.184761573262261
0.26875,1.56,266.8261219295812,1406.629379776618,1400.629379776618,3.1533263949076855
0.275,1.56,269.1213424364546,1408.9246002834914,1402.9246002834914,3.122785209270476
0.28125,1.56,271.1955148633758,1410.9987727104126,1404.9987727104126,3.0931108178040483
0.2875,1.56,273.0537468060154,1412.8570046530522,1406.8570046530522,3.0642768679381076
0.29375,1.56,274.7011936159188,1414.5044514629556,1408.5044514629556,3.0362578281587274
0.3,1.56,276.1430490415926,1415.9463068886294,1409.9463068886294,3.00902896367764
0.30625,1.56,277.38453622886595,1417.1877940759027,1411.1877940759027,2.9825663126871396
0.3125,1.56,278.4308990829188,1418.2341569299556,1412.2341569299556,2.956846663196346
0.31875,1.56,279.28739399319466,1419.0906518402314,1413.0906518402314,2.9318475304438274
0.325,1.56,279.9592819213949,1419.7625397684317,1413.7625397684317,2.907547134880953
0.33125,1.56,280.4518208516979,1420.2550786987347,1414.2550786987347,2.8839243807197485
0.3375,1.56,280.7702586014234,1420.5735164484602,1414.5735164484602,2.8609588350384914
0.34375,1.56,280.91982598949994,1420.7230838365367,1414.7230838365367,2.838630707437776
0.35,1.56,280.90573035924103,1420.7089882062778,1414.7089882062778,2.816920830239354
0.35625,1.56,280.7331494512557,1420.5364072982925,1414.5364072982925,2.7958106392196
0.3625,1.56,280.407225621562,1420.2104834685988,1414.2104834685988,2.775282154869177
0.36875,1.56,279.933060399391,1419.7363182464278,1413.7363182464278,2.7553179641700667
0.375,1.56,279.3157093785703,1419.118967225607,1413.118967225607,2.735901202880946
0.38125,1.56,278.5601774358802,1418.363435282917,1412.363435282917,2.7170155383215686
0.38749999999999996,1.56,277.6714142692824,1417.4746721163192,1411.4746721163192,2.698645152646685
0.39375,1.56,276.65431024852523,1416.457568095562,1410.457568095562,2.6807747265998336
0.4,1.56,275.5136925702684,1415.3169504173052,1409.3169504173052,2.6633894237371734
0.40625,1.56,274.2543217095217,1414.0575795565585,1408.0575795565585,2.6464748751115077
0.4125,1.56,272.8808881589416,1412.6841460059784,1406.6841460059784,2.630017164406498
0.41874999999999996,1.56,271.3980094472822,1411.201267294319,1405.201267294319,2.614002813511054
0.425,1.56,269.8102274281084,1409.6134852751452,1403.6134852751452,2.598418768523859
0.43125,1.56,268.1220058297115,1407.9252636767483,1401.9252636767483,2.5832523861779997
0.4375,1.56,266.33772805705553,1406.1409859040923,1400.1409859040923,2.5684914206756733
0.44375,1.56,264.46169523650474,1404.2649530835415,1398.2649530835415,2.5541240109229904
0.44999999999999996,1.56,262.49812449399565,1402.3013823410324,1396.3013823410324,2.5401386681549663
0.45625,1.56,260.4511474573378,1400.2544053043746,1394.2544053043746,2.5265242639408476
0.46249999999999997,1.56,258.32480897327946,1398.1280668203162,1392.1280668203162,2.5132700185600183
0.46875,1.56,256.12306603005595,1395.9263238770927,1389.9263238770927,2.5003654897388308
0.475,1.56,253.84978687614876,1393.6530447231855,1387.6530447231855,2.4878005617388297
0.48125,1.56,251.50875032609383,1391.3120081731306,1385.3120081731306,2.4755654347869243
0.4875,1.56,249.10364524424904,1388.9069030912858,1382.9069030912858,2.4636506148382673
0.49374999999999997,1.56,246.63807019756155,1386.4413280445983,1380.4413280445983,2.4520469036626618
0.5,1.56,244.1155332685255,1383.9187911155623,1377.9187911155623,2.4407453892455053
0.50625,1.56,241.53945201963552,1381.3427098666723,1375.3427098666723,2.429737436494446
0.5125,1.56,238.91315360083013,1378.716411447867,1372.716411447867,2.4190146782430664
0.51875,1.56,236.239874991614,1376.0431328386508,1370.0431328386508,2.4085690065430545
0.5249999999999999,1.56,233.52276336970067,1373.3260212167374,1367.3260212167374,2.3983925642365356
0.53125,1.56,230.76487659824102,1370.5681344452778,1364.5681344452778,2.3884777368003753
0.5375,1.56,227.9691838239196,1367.7724416709564,1361.7724416709564,2.378817144454444
0.54375,1.56,225.13856617839656,1364.9418240254333,1358.9418240254333,2.369403634526002
0.55,1.56,222.2758175758122,1362.079075422849,1356.079075422849,2.3602302740625545
0.5562499999999999,1.56,219.38364559929482,1359.1869034463316,1353.1869034463316,2.351290342685693
0.5625,1.56,216.46467246966017,1356.267930316697,1350.267930316697,2.342577325678589
0.56875,1.56,213.5214360896921,1353.3246939367289,1347.3246939367289,2.3340849073000443
0.575,1.56,210.5563911576719,1350.3596490047087,1344.3596490047087,2.3258069643181045
0.58125,1.56,207.5719103440572,1347.375168191094,1341.375168191094,2.317737559756457
0.5874999999999999,1.56,204.57028552542033,1344.373543372457,1338.373543372457,2.309870936847011
0.59375,1.56,201.5537290700338,1341.3569869170706,1335.3569869170706,2.302201513182198
0.6,1.56,198.52437516972805,1338.3276330167648,1332.3276330167648,2.294723875060725
0.2,1.58,229.88964394252753,1369.6929017895643,1363.6929017895643,3.5813837204712304
0.20625000000000002,1.58,235.0012077202041,1374.8044655672409,1368.8044655672409,3.538445034418061
0.21250000000000002,1.58,239.8378941841563,1379.641152031193,1373.641152031193,3.4967563775299992
0.21875,1.58,244.40361664254647,1384.2068744895832,1378.2068744895832,3.456279352406983
0.225,1.58,248.702464327607,1388.5057221746438,1382.5057221746438,3.416976738128713
0.23125,1.58,252.73868937830775,1392.5419472253445,1386.5419472253445,3.3788124576605933
0.23750000000000002,1.58,256.516694067446,1396.3199519144828,1390.3199519144828,3.341751545884876
0.24375000000000002,1.58,260.0410182931755,1399.8442761402123,1393.8442761402123,3.305760118262881
0.25,1.58,263.31632735300286,1403.1195852000396,1397.1195852000396,3.270805340132979
0.25625,1.58,266.34740001636123,1406.150657863398,1400.150657863398,3.2368553966478113
0.2625,1.58,269.1391169100216,1408.9423747570584,1402.9423747570584,3.203879463353099
0.26875,1.58,271.69644922882594,1411.4997070758627,1405.4997070758627,3.1718476774092306
0.275,1.58,274.02444778252675,1413.8277056295635,1407.8277056295635,3.1407311094558277
0.28125,1.58,276.1282323879234,1415.9314902349602,1409.9314902349602,3.1105017361183402
0.2875,1.58,278.0129816138972,1417.816239460934,1411.816239460934,3.0811324131548368
0.29375,1.58,279.6839228855531,1419.4871807325899,1413.4871807325899,3.052596849240174
0.3,1.58,281.1463229522137,1420.9495807992505,1414.9495807992505,3.024869580383856
0.30625,1.58,282.4054787227715,1422.2087365698083,1416.2087365698083,2.9979259449770703
0.3125,1.58,283.4667084706248,1423.2699663176616,1417.2699663176616,2.97174205946363
0.31875,1.58,284.3353434092878,1424.1386012563246,1418.1386012563246,2.946294794628802
0.325,1.58,285.01671963867784,1424.8199774857146,1418.8199774857146,2.921561752499368
0.33125,1.58,285.5161704610332,1425.31942830807,1419.31942830807,2.8975212438476707
0.3375,1.58,285.8390190645446,1425.6422769115813,1419.6422769115813,2.8741522662917838
0.34375,1.58,285.99057157180755,1425.7938294188443,1419.7938294188443,2.85143448298352
0.35,1.58,285.9761104494594,1425.7793682964962,1419.7793682964962,2.8293482018754936
0.35625,1.58,285.80088827460304,1425.6041461216398,1419.6041461216398,2.8078743555580514
0.3625,1.58,285.47012185289213,1425.273379699929,1419.273379699929,2.786994481656565
0.36875,1.58,284.988986682572,1424.7922445296088,1418.7922445296088,2.766690703779238
0.375,1.58,284.36261175817435,1424.1658696052111,1418.1658696052111,2.7469457130053176
0.38125,1.58,283.59607470703077,1423.3993325540675,1417.3993325540675,2.7277427499033977
0.38749999999999996,1.58,282.6943972513534,1422.4976550983902,1416.4976550983902,2.709065587069287
0.39375,1.58,281.66254098814557,1421.4657988351823,1415.4657988351823,2.6908985121727973
0.4,1.58,280.50540347892525,1420.308661325962,1414.308661325962,2.6732263115026287
0.40625,1.58,279.22781464084596,1419.0310724878827,1413.0310724878827,2.656034253998538
0.4125,1.58,277.83453343057704,1417.6377912776138,1411.6377912776138,2.6393080757598413
0.41874999999999996,1.58,276.33024481204757,1416.1335026590843,1410.1335026590843,2.6230339650193026
0.425,1.58,274.7195569989897,1414.5228148460264,1408.5228148460264,2.6071985475714765
0.43125,1.58,273.00699896302444,1412.8102568100612,1406.8102568100612,2.5917888726445666
0.4375,1.58,271.1970181979543,1411.000276044991,1405.000276044991,2.576792399204925
0.44375,1.58,269.2939787308303,1409.097236577867,1403.097236577867,2.5621969826833673
0.44999999999999996,1.58,267.30215937029106,1407.1054172173278,1401.1054172173278,2.5479908621125698
0.45625,1.58,265.22575218268435,1405.0290100297211,1399.0290100297211,2.5341626476649126
0.46249999999999997,1.58,263.06886118644843,1402.8721190334852,1396.8721190334852,2.5207013085802275
0.46875,1.58,260.8355012553084,1400.6387591023451,1394.6387591023451,2.5075961614730615
0.475,1.58,258.52959722085075,1398.3328550678875,1392.3328550678875,2.4948368590091814
0.48125,1.58,256.154983165173,1395.9582410122098,1389.9582410122098,2.482413378941196
0.4875,1.58,253.71540189436018,1393.518659741397,1387.518659741397,2.4703160134933393
0.49374999999999997,1.58,251.21450458368076,1391.0177624307175,1385.0177624307175,2.458535359085617
0.5,1.58,248.65585058554984,1388.4591084325866,1382.4591084325866,2.447062306387668
0.50625,1.58,246.04290739143153,1385.8461652384683,1379.8461652384683,2.435888030692903
0.5125,1.58,243.37905073903516,1383.182308586072,1377.182308586072,2.4250039826036485
0.51875,1.58,240.66756485634846,1380.4708227033852,1374.4708227033852,2.4144018790181927
0.5249999999999999,1.58,237.9116428342461,1377.7149006812829,1371.7149006812829,2.404073694410841
0.53125,1.58,235.11438711958954,1374.9176449666263,1368.9176449666263,2.3940116523962813
0.5375,1.58,232.27881012099874,1372.0820679680355,1366.0820679680355,2.3842082175697095
0.54375,1.58,229.4078349196302,1369.211092766667,1363.211092766667,2.3746560876144267
0.55,1.58,226.50429607760225,1366.307553924639,1360.307553924639,2.3653481856687493
0.5562499999999999,1.58,223.57094053685273,1363.3741983838895,1357.3741983838895,2.3562776529443004
0.5625,1.58,220.61042860154794,1360.4136864485847,1354.4136864485847,2.3474378415879396
0.56875,1.58,217.62533499730648,1357.4285928443433,1351.4285928443433,2.3388223077797723
0.575,1.58,214.61815000082038,1354.4214078478572,1348.4214078478572,2.330424805059884
0.58125,1.58,211.5912806336696,1351.3945384807064,1345.3945384807064,2.322239277876612
0.5874999999999999,1.58,208.5470519143439,1348.3503097613807,1342.3503097613807,2.3142598553493805
0.59375,1.58,205.4877081627908,1345.2909660098276,1339.2909660098276,2.306480845239294
0.6,1.58,202.41541435200247,1342.2186721990392,1336.2186721990392,2.298896728120877
0.2,1.6,234.17789940863804,1373.9811572556748,1367.9811572556748,3.6080322134854756
0.20625000000000002,1.6,239.36138816294078,1379.1646460099776,1373.1646460099776,3.5642204282564944
0.21250000000000002,1.6,244.26617558502085,1384.0694334320576,1378.0694334320576,3.52169086537304
0.21875,1.6,248.89622001815837,1388.6994778651951,1382.6994778651951,3.4804038583981303
0.225,1.6,253.25565931697042,1393.0589171640072,1387.0589171640072,3.4403209677242814
0.23125,1.6,257.348797561385,1397.1520554084218,1391.1520554084218,3.4014049461177933
0.23750000000000002,1.6,261.18009202340727,1400.983349870444,1394.983349870444,3.363619704942981
0.24375000000000002,1.6,264.75414040685814,1404.557398253895,1398.557398253895,3.3269302810717334
0.25,1.6,268.07566837824334,1407.87892622528,1401.87892622528,3.2913028044824717
0.25625,1.6,271.1495174049244,1410.9527752519612,1404.9527752519612,3.2567044665513634
0.2625,1.6,273.98063291490007,1413.7838907619368,1407.7838907619368,3.2231034890373573
0.26875,1.6,276.5740527906639,1416.3773106377007,1410.3773106377007,3.190469093761534
0.275,1.6,278.9348962079041,1418.7381540549409,1412.7381540549409,3.1587714729800056
0.28125,1.6,281.06835282815996,1420.8716106751967,1414.8716106751967,3.1279817604486317
0.2875,1.6,282.9796723529537,1422.7829301999905,1416.7829301999905,3.098072003176708
0.29375,1.6,284.6741544454949,1424.4774122925317,1418.4774122925317,3.06901513386583
0.3,1.6,286.1571390245706,1425.9603968716074,1419.9603968716074,3.0407849440292654
0.30625,1.6,287.4339969339917,1427.2372547810285,1421.2372547810285,3.013356057786235
0.3125,1.6,288.5101209896534,1428.3133788366902,1422.3133788366902,2.9867039063247636
0.31875,1.6,289.39091740513254,1429.1941752521693,1423.1941752521693,2.9608047030260027
0.325,1.6,290.08179759564496,1429.8850554426817,1423.8850554426817,2.9356354192422605
0.33125,1.6,290.5881703591401,1430.391428206177,1424.391428206177,2.911173760720342
0.3375,1.6,290.9154344324097,1430.7186922794465,1424.7186922794465,2.887398144661245
0.34375,1.6,291.0689714191237,1430.8722292661605,1424.8722292661605,2.8642876774067796
0.35,1.6,291.0541390859696,1430.8573969330064,1424.8573969330064,2.8418221327431827
0.35625,1.6,290.8762650222759,1430.6795228693127,1424.6795228693127,2.819981930811435
0.3625,1.6,290.54064065781085,1430.3438985048476,1424.3438985048476,2.7987481176136195
0.36875,1.6,290.05251563283286,1429.8557734798696,1423.8557734798696,2.778102345104394
0.375,1.6,289.4170925138892,1429.220350360926,1423.220350360926,2.7580268518563242
0.38125,1.6,288.63952184833715,1428.442779695374,1422.442779695374,2.73850444428771
0.38749999999999996,1.6,287.72489755011657,1427.5281553971533,1421.5281553971533,2.71951847844127
0.39375,1.6,286.6782526088573,1426.481510455894,1420.481510455894,2.701052842301991
0.4,1.6,285.5045551140886,1425.3078129611254,1419.3078129611254,2.6830919386422964
0.40625,1.6,284.2087045859578,1424.0119624329946,1418.0119624329946,2.665620668382661
0.4125,1.6,282.79552860361287,1422.5987864506496,1416.5987864506496,2.648624414455756
0.41874999999999996,1.6,281.26977972218356,1421.0730375692203,1415.0730375692203,2.632089026162178
0.425,1.6,279.6361326690853,1419.439390516122,1413.439390516122,2.616000804005881
0.43125,1.6,277.89918181023086,1417.7024396572676,1411.7024396572676,2.6003464849974423
0.4375,1.6,276.0634388766289,1415.8666967236657,1409.8666967236657,2.5851132284133707
0.44375,1.6,274.13333094174413,1413.936588788781,1407.936588788781,2.5702886019997617
0.44999999999999996,1.6,272.11319863997164,1411.9164564870084,1405.9164564870084,2.5558605686086966
0.45625,1.6,270.0072946165483,1409.810552463585,1403.810552463585,2.5418174732559042
0.46249999999999997,1.6,267.81978219921484,1407.6230400462516,1401.6230400462516,2.5281480305883726
0.46875,1.6,265.55473428203504,1405.3579921290718,1399.3579921290718,2.514841312750687
0.475,1.6,263.21613241176533,1403.019390258802,1397.019390258802,2.501886737639097
0.48125,1.6,260.8078660673116,1400.6111239143484,1394.6111239143484,2.4892740575324437
0.4875,1.6,258.3337321228971,1398.136989969934,1392.136989969934,2.4769933480892683
0.49374999999999997,1.6,255.7974344856657,1395.6006923327025,1389.6006923327025,2.465034997700632
0.5,1.6,253.20258389863307,1393.0058417456698,1387.0058417456698,2.453389697188331
0.50625,1.6,250.55269790001375,1390.3559557470505,1384.3559557470505,2.442048429838428
0.5125,1.6,247.85120093015098,1387.6544587771878,1381.6544587771878,2.4310024617602104
0.51875,1.6,245.1014245774577,1384.9046824244945,1378.9046824244945,2.420243332560879
0.5249999999999999,1.6,242.3066079549635,1382.1098658020003,1376.1098658020003,2.4097628463265073
0.53125,1.6,239.4698981992849,1379.2731560463217,1373.2731560463217,2.3995530629000044
0.5375,1.6,236.59435108405137,1376.3976089310881,1370.3976089310881,2.3896062894470216
0.54375,1.6,233.68293174002656,1373.4861895870633,1367.4861895870633,2.379915072300998
0.55,1.6,230.73851547443178,1370.5417733214686,1364.5417733214686,2.3704721890786753
0.5562499999999999,1.6,227.763888682166,1367.5671465292028,1361.5671465292028,2.3612706410577196
0.5625,1.6,224.76174984191243,1364.5650076889492,1358.5650076889492,2.352303645808212
0.56875,1.6,221.73471059031954,1361.5379684373563,1355.5379684373563,2.3435646300700435
0.575,1.6,218.68529686771012,1358.488554714747,1352.488554714747,2.335047222868435
0.58125,1.6,215.61595012903945,1355.4192079760762,1349.4192079760762,2.3267452488599814
0.5874999999999999,1.6,212.52902861401935,1352.3322864610561,1346.3322864610561,2.318652721901885
0.59375,1.6,209.42680867063518,1349.230066517672,1343.230066517672,2.310763838837189
0.6,1.6,206.31148612648644,1346.1147439735232,1340.1147439735232,2.3030729734890323
