z_sn,mu_sn,mu_err,mu_tfgr_interp,C_best,delta_mu_data,weight
0.01012,13.90745,0.19825,33.52258223232309,-19.93570238789104,0.3205701555679532,25.443309920187513
0.01038,14.0496,0.2048,33.57505814554663,-19.93570238789104,0.4102442423444135,23.84185791015625
0.01043,13.9248,0.20035,33.58514966732038,-19.93570238789104,0.27535272057066074,24.912729152732407
0.01082,14.0086,0.18445,33.663863537155684,-19.93570238789104,0.2804388507353561,29.392916498177893
0.01209,13.9791,0.1914,33.9201881902091,-19.93570238789104,-0.005385802318061295,27.29707626475544
0.0122,14.4566,0.1737,33.94238953811137,-19.93570238789104,0.44991284977967005,33.14365221172563
0.01226,14.4674,0.17765,33.95449936423988,-19.93570238789104,0.44860302365116134,31.68615748226229
0.01268,14.4486,0.171,34.03926814713943,-19.93570238789104,0.3450342407516107,34.198556820902155
0.01271,14.2811,0.1749,34.045323060203685,-19.93570238789104,0.17147932768735608,32.690411019806795
0.01291,14.1903,0.1716,34.085689147298716,-19.93570238789104,0.04031324059232588,33.95982416961438
0.01318,14.55605,0.17285,34.140183364877,-19.93570238789104,0.35156902301404536,33.47042540659663
0.01382,14.47835,0.15385,34.269354843581084,-19.93570238789104,0.14469754430995785,42.24788757921612
0.01402,14.64805,0.16195,34.309720930676114,-19.93570238789104,0.2740314572149263,38.127479418071715
0.01447,14.6408,0.16555,34.40054462663992,-19.93570238789104,0.17595776125112117,36.48729179553142
0.01451,14.89705,0.16765,34.408617844058924,-19.93570238789104,0.42413454383211757,35.578930122002824
0.01454,14.99535,0.1656,34.41467275712318,-19.93570238789104,0.5163796307678634,36.46526173306261
0.01472,14.6158,0.14905,34.4510022355087,-19.93570238789104,0.10050015238233811,45.01280107796657
0.01504,14.69915,0.1491,34.51558797486075,-19.93570238789104,0.11926441303029023,44.98261646786599
0.01506,14.6193,0.15445,34.51962458357025,-19.93570238789104,0.035377804320793516,41.92027999393413
0.0152,14.53545,0.1635,34.53755059591141,-19.93570238789104,-0.06639820802037022,37.407999700736
0.0153,14.6705,0.1456,34.549444448021646,-19.93570238789104,0.05675793986939581,47.17123535804854
0.01531,14.59755,0.1613,34.55063383323267,-19.93570238789104,-0.01738144534163233,38.43538761511879
0.01531,14.74935,0.1526,34.55063383323267,-19.93570238789104,0.13441855465836738,42.942856799314285
0.01532,14.9486,0.16405,34.551823218443694,-19.93570238789104,0.3324791694473479,37.157589330792746
0.01567,14.4307,0.15405,34.59345170082951,-19.93570238789104,-0.22704931293847075,42.13825963299051
0.01568,14.7589,0.1525,34.59464108604053,-19.93570238789104,0.09996130185050944,42.99919376511691
0.01572,14.86115,0.1939,34.59939862688463,-19.93570238789104,0.19745376100641288,26.597718288138935
0.01629,15.17685,0.15115,34.66719358391296,-19.93570238789104,0.44535880397807937,43.770720648804634
0.01635,14.8831,0.1518,34.6743298951791,-19.93570238789104,0.14447249271194273,43.39667512033899
0.01662,14.6312,0.14705,34.70644329587673,-19.93570238789104,-0.1395409079856904,46.245549299431964
0.01663,15.01385,0.15025,34.70763268108775,-19.93570238789104,0.241919706803289,44.296665845332654
0.01678,14.92685,0.15925,34.7254734592531,-19.93570238789104,0.1370789286379388,39.43130204623813
0.01697,14.91335,0.1531,34.74807177826255,-19.93570238789104,0.10098060962849154,42.66282587466259
0.01698,14.6697,0.1558,34.74926116347357,-19.93570238789104,-0.1438587755825278,41.19695274379945
0.01705,14.85645,0.1832,34.757586859950734,-19.93570238789104,0.034565527940307206,29.795389103945386
0.01724,14.9294,0.1556,34.78018517896018,-19.93570238789104,0.08491720893085919,41.302925568823895
0.01726,14.9156,0.1511,34.78256394938222,-19.93570238789104,0.06873843850881833,43.79969348974495
0.01732,14.8718,0.1587,34.78970026064837,-19.93570238789104,0.017802127242674715,39.705086499516185
0.0174,15.26595,0.1485,34.79921534233655,-19.93570238789104,0.402437045554489,45.34684669364804
0.01741,15.1,0.1498,34.80040472754757,-19.93570238789104,0.235297660343468,44.56320042210264
0.01752,15.0558,0.1465,34.813487964868834,-19.93570238789104,0.1780144230222067,46.593437314354276
0.01754,14.9841,0.1341,34.81586673529088,-19.93570238789104,0.10393565260015869,55.60866182760092
0.01763,14.9354,0.1562,34.82657120219009,-19.93570238789104,0.04453118570095249,40.98622698828286
0.01908,15.3534,0.14115,34.999032057788476,-19.93570238789104,0.2900703301025658,50.192431508349074
0.0197,15.45455,0.1578,35.072773940871926,-19.93570238789104,0.31747844701911454,40.15928779912646
0.01972,15.27645,0.15785,35.075152711293974,-19.93570238789104,0.13699967659706758,40.133850404484
0.0202,15.02285,0.15165,35.132243201423094,-19.93570238789104,-0.17369081353205296,43.48256658893071
0.02024,15.2868,0.12735,35.13700074226718,-19.93570238789104,0.08550164562385731,61.65979853585726
0.02031,15.30565,0.1353,35.14532643874435,-19.93570238789104,0.09602594914669282,54.62662971721432
0.02038,15.42955,0.14185,35.15365213522151,-19.93570238789104,0.21160025266952864,49.69827555681016
0.0204,15.7067,0.156,35.15603090564356,-19.93570238789104,0.4863714822474794,41.0913872452334
0.02091,15.36595,0.1368,35.21668955140575,-19.93570238789104,0.0849628364852908,53.43524503265962
0.0212,15.4466,0.1437,35.25118172252543,-19.93570238789104,0.13112066536561073,48.426877110503845
0.02171,15.502,0.13615,35.31184036828762,-19.93570238789104,0.12586201960342258,53.94667829397407
0.02189,15.53085,0.1381,35.33324930208604,-19.93570238789104,0.13330308580500194,52.43395811890029
0.02197,15.36745,0.1436,35.342764383774224,-19.93570238789104,-0.03961199588318287,48.49434749885553
0.0221,15.7795,0.13695,35.358226391517526,-19.93570238789104,0.3569759963735155,53.3182549308389
0.02223,15.3918,0.13205,35.373688399260836,-19.93570238789104,-0.0461860113697945,57.3486486722856
0.02249,15.56975,0.1391,35.40461241474744,-19.93570238789104,0.10083997314360182,51.682764986580565
0.02275,15.5348,0.13625,35.43088793275208,-19.93570238789104,0.03961445513896322,53.86751956905984
0.02348,15.66265,0.13895,35.49293187043367,-19.93570238789104,0.10542051745736813,51.79441089101797
0.02349,15.6236,0.1338,35.493781787388215,-19.93570238789104,0.06552060050282549,55.85830758265353
0.02384,15.7013,0.1335,35.523528880797194,-19.93570238789104,0.11347350709384685,56.10963823310749
0.02398,15.8239,0.13525,35.53542771816078,-19.93570238789104,0.22417466973025846,54.667026557924835
0.02401,15.78645,0.12635,35.53797746902441,-19.93570238789104,0.1841749188666295,62.63967669157274
0.02414,15.68035,0.1291,35.549026389433465,-19.93570238789104,0.06702599845757717,59.99948400443757
0.02454,15.6001,0.1278,35.58302306761515,-19.93570238789104,-0.04722067972411104,61.226339081262054
0.02477,15.6593,0.1718,35.60257115756963,-19.93570238789104,-0.007568769678586662,33.88080191792443
0.02482,15.64995,0.13485,35.606820742342336,-19.93570238789104,-0.02116835445129439,54.99182065407547
0.02525,15.82815,0.13295,35.64336717138766,-19.93570238789104,0.12048521650338273,56.57483769032658
0.02529,15.7896,0.1405,35.64676683920583,-19.93570238789104,0.07853554868520973,50.657919732526175
0.02547,15.86575,0.1242,35.66206534438759,-19.93570238789104,0.139387043503449,64.8271319698891
0.02557,15.8607,0.1496,35.670564513933016,-19.93570238789104,0.12583787395802482,44.682433012096425
0.02559,15.5514,0.1259,35.672264347842095,-19.93570238789104,-0.18516195995105456,63.0882585811072
0.0258,16.1648,0.1376,35.690112603887485,-19.93570238789104,0.41038978400355575,52.81571119524067
0.02627,15.98385,0.1362,35.73005870075097,-19.93570238789104,0.1894936871400681,53.907077136714825
0.02639,15.93305,0.1399,35.74025770420548,-19.93570238789104,0.12849468368555783,51.09337262754312
0.02643,15.91835,0.1425,35.74365737202365,-19.93570238789104,0.1103950158673932,49.24592182209911
0.02651,16.06745,0.1248,35.75045670765999,-19.93570238789104,0.2526956802310494,64.20529257067719
0.02673,15.97105,0.16165,35.76915488065992,-19.93570238789104,0.1375975072311224,38.26912937443655
0.02689,15.87545,0.126,35.7827535519326,-19.93570238789104,0.028398835958441282,62.98815822625346
0.02751,15.9978,0.1291,35.83544840311422,-19.93570238789104,0.09805398477682026,59.99948400443757
0.02752,16.0669,0.14255,35.836298320068764,-19.93570238789104,0.1663040678222778,49.21138146067007
0.02752,16.23595,0.1341,35.836298320068764,-19.93570238789104,0.3353540678222764,55.60866182760092
0.02763,16.23455,0.1179,35.84564740656873,-19.93570238789104,0.3246049813223095,71.94032406238377
0.02811,16.3465,0.12485,35.88644342038676,-19.93570238789104,0.3957589675042783,64.1538769230325
0.02837,16.1044,0.12155,35.90854126120486,-19.93570238789104,0.13156112668617936,67.68463225500997
0.02845,16.04785,0.1364,35.9153405968412,-19.93570238789104,0.0682117910498441,53.749107764811114
0.02846,16.0051,0.13405,35.91619051379574,-19.93570238789104,0.024611874095299413,55.650153086614864
0.02878,16.10835,0.12155,35.9433878563411,-19.93570238789104,0.10066453154994548,67.68463225500997
0.0288,16.09165,0.13605,35.945087690250176,-19.93570238789104,0.0822646976408663,54.02601163369122
0.02894,16.02685,0.1316,35.95698652761377,-19.93570238789104,0.005565860277268797,57.74152123502185
0.02932,15.8648,0.1457,35.98928337188638,-19.93570238789104,-0.18878098399533805,47.10650639777017
0.0295,16.3438,0.12735,36.00458187706814,-19.93570238789104,0.27492051082290203,61.65979853585726
0.0299,16.2413,0.123,36.038578555249835,-19.93570238789104,0.13842383264120528,66.09822195782934
0.03001,16.1733,0.12025,36.0479276417498,-19.93570238789104,0.061074746141240865,69.15599431191947
0.03048,16.25295,0.1342,36.081747187020355,-19.93570238789104,0.10690520087068478,55.52581839503731
0.03049,16.28725,0.1419,36.082411025866385,-19.93570238789104,0.14054136202465628,49.6632582772511
0.03055,15.88935,0.45085,36.086394058942545,-19.93570238789104,-0.26134167105150397,4.919668637194843
0.03144,16.31895,0.12075,36.145475716238934,-19.93570238789104,0.10917667165210787,68.58445961875614
0.03155,16.1279,0.14115,36.15277794354523,-19.93570238789104,-0.08917555565419022,50.192431508349074
0.03161,16.3736,0.12625,36.15676097662139,-19.93570238789104,0.15254141126964882,62.73894716204293
0.03163,16.21965,0.11945,36.158088654313445,-19.93570238789104,-0.0027362664224028777,70.08542186430375
0.03184,16.34225,0.12125,36.17202927008001,-19.93570238789104,0.10592311781103092,68.01998086938039
0.03191,16.59205,0.12775,36.1766761420022,-19.93570238789104,0.3510762458888408,61.27427514447325
0.03212,16.23615,0.1431,36.190616757768765,-19.93570238789104,-0.018764369877725784,48.8338238690941
0.0322,16.472,0.1289,36.19592746853698,-19.93570238789104,0.21177491935406323,60.185817693547065
0.03273,16.3843,0.1205,36.2311109273764,-19.93570238789104,0.0888914605146418,68.86933764914517
0.0328,16.64085,0.12525,36.23575779929859,-19.93570238789104,0.34079458859245193,63.744765957107745
0.03292,16.452,0.1185,36.24372386545091,-19.93570238789104,0.14397852244013265,71.21365877975396
0.03314,16.39225,0.12215,36.258328320063505,-19.93570238789104,0.0696240678275366,67.02133238743893
0.03348,16.4802,0.15235,36.280898840828414,-19.93570238789104,0.1350035470626274,43.08390730971264
0.03359,16.59355,0.1061,36.28820106813471,-19.93570238789104,0.24105131975633043,88.83195747436531
0.03378,16.38795,0.1403,36.30081400620922,-19.93570238789104,0.02283838168181873,50.80245010056345
0.03399,16.35135,0.11105,36.31475462197579,-19.93570238789104,-0.027702234084745925,81.08917356144259
0.03408,16.39975,0.12455,36.32072917159003,-19.93570238789104,0.014723216301010922,64.46330031791689
0.03411,16.515,0.1148,36.32272068812811,-19.93570238789104,0.12798169976293394,75.87806092097756
0.03416,16.57565,0.1563,36.326039882358245,-19.93570238789104,0.18531250553279577,40.93379817754544
0.03426,16.4701,0.12025,36.33267827081851,-19.93570238789104,0.07312411707252764,69.15599431191947
0.03434,16.61295,0.1249,36.337988981586726,-19.93570238789104,0.21066340630431668,64.1025230112032
0.03438,16.6071,0.12105,36.34064433697083,-19.93570238789104,0.20215805092020744,68.244933112288
0.03489,16.36835,0.1667,36.374500118118206,-19.93570238789104,-0.07044773022716555,35.985604318848296
0.03501,16.6581,0.12485,36.38246618427053,-19.93570238789104,0.2113362036205153,64.1538769230325
0.03507,16.45115,0.16785,36.38644921734669,-19.93570238789104,0.0004031705443523492,35.494193194361145
0.03518,16.42245,0.15235,36.393751444652985,-19.93570238789104,-0.035599056761942194,43.08390730971264
0.03578,16.59205,0.1761,36.433581775414595,-19.93570238789104,0.09417061247644654,32.24640380043216
0.03682,16.77055,0.12655,36.50262101540139,-19.93570238789104,0.20363137248965302,62.441841278771456
0.037,16.74885,0.12725,36.514570114629876,-19.93570238789104,0.16998227326116577,61.75674788965613
0.03713,16.56045,0.1177,36.52320001962822,-19.93570238789104,-0.0270476317371795,72.18501886555468
0.0373,16.8196,0.11505,36.53448528001068,-19.93570238789104,0.22081710788036446,75.54865796308353
0.03743,16.7708,0.1166,36.54311518500903,-19.93570238789104,0.16338720288201358,73.55342479456529
0.03791,16.5851,0.2001,36.572370543950846,-19.93570238789104,-0.05156815605980469,24.975018737507806
0.038,16.7664,0.13185,36.57728531809436,-19.93570238789104,0.12481706979668061,57.52276211648676
0.03827,16.99715,0.1201,36.5920296405249,-19.93570238789104,0.3408227473661434,69.32884821904588
0.03837,16.9021,0.16555,36.59749050068436,-19.93570238789104,0.2403118872066834,36.48729179553142
0.03863,16.86145,0.1275,36.61168873709896,-19.93570238789104,0.1854636507920837,61.51480199923107
0.03984,16.7074,0.1146,36.677765145028424,-19.93570238789104,-0.03466275713738298,76.14313691449736
0.04028,16.8206,0.11335,36.70179292973005,-19.93570238789104,0.05450945816099306,77.83177789768195
0.04067,16.7928,0.1127,36.72309028435193,-19.93570238789104,0.005412103539107704,78.73216027663332
0.04093,17.0528,0.11665,36.73728852076653,-19.93570238789104,0.251213867124509,73.49038350772908
0.04093,16.7302,0.1297,36.73728852076653,-19.93570238789104,-0.07138613287549234,59.44564557673868
0.0415,16.9967,0.1259,36.76841542367545,-19.93570238789104,0.16398696421559222,63.0882585811072
0.04269,16.93325,0.117,36.833399659573026,-19.93570238789104,0.03555272831801659,73.05135510263715
0.0431,16.97675,0.10685,36.85578918622681,-19.93570238789104,0.05666320166423233,87.58927810887741
0.04341,16.93145,0.1209,36.87271785272113,-19.93570238789104,-0.005565464830088018,68.41438042910868
0.04437,16.92415,0.11995,36.92514211025195,-19.93570238789104,-0.06528972236090524,69.50235100390064
0.04437,16.72085,0.19805,36.92514211025195,-19.93570238789104,-0.2685897223609075,25.494723516415828
0.04486,17.2055,0.14795,36.9519003250333,-19.93570238789104,0.18930206285774176,45.68462464541593
0.04582,17.29255,0.1243,36.99949612473948,-19.93570238789104,0.22875626315155984,64.7228663945286
0.04597,17.2822,0.1025,37.00646783919541,-19.93570238789104,0.21143454869563172,95.18143961927426
0.04651,17.18185,0.11625,37.03156601123677,-19.93570238789104,0.08598637665427233,73.99699387212394
0.0471,16.9842,0.14465,37.05898808809677,-19.93570238789104,-0.13908570020572597,47.79287143036537
0.04713,17.1679,0.1151,37.06038243098795,-19.93570238789104,0.04321995690309066,75.48303481051117
0.04714,17.16275,0.12315,37.06084721195168,-19.93570238789104,0.037605175939358304,65.93730120933957
0.04819,17.4344,0.12175,37.10964921314321,-19.93570238789104,0.260453174747834,67.4624423933988
0.04949,17.32405,0.12545,37.17007073842795,-19.93570238789104,0.08968164946308832,63.541676429580484
0.04976,17.35275,0.13525,37.18261982444863,-19.93570238789104,0.10583256344241221,54.667026557924835
0.05035,17.2903,0.16335,37.21004190130863,-19.93570238789104,0.01596048658241145,37.476732804667805
0.05067,17.57225,0.158,37.22491489214795,-19.93570238789104,0.2830374957430912,40.0576830636116
0.05092,17.42035,0.1224,37.23653441624117,-19.93570238789104,0.11951797164986999,66.74783203041567
0.05322,17.57915,0.12805,37.34071756532147,-19.93570238789104,0.17413482256957025,60.987500459312116
0.05344,17.62205,0.1398,37.34963268737573,-19.93570238789104,0.20811970051531148,51.166493723917874
0.05359,17.4687,0.1439,37.35571117968545,-19.93570238789104,0.048691208205589476,48.29235807238155
0.05418,17.3218,0.11385,37.37961991610368,-19.93570238789104,-0.12211752821263744,77.1496446583804
0.05458,17.4521,0.1018,37.3958292289296,-19.93570238789104,-0.008026841038557109,96.4949185775877
0.05495,17.60185,0.1165,37.41082284329357,-19.93570238789104,0.12672954459746677,73.67975096244174
0.05573,17.56165,0.10915,37.442431003304115,-19.93570238789104,0.05492138458692608,83.9368215937546
0.05581,17.23215,0.12285,37.4456728658693,-19.93570238789104,-0.27782047797825626,66.25973251939878
0.05684,17.73355,0.1203,37.487411846396036,-19.93570238789104,0.1818405414950064,69.09851997880057
0.05715,17.65695,0.1072,37.49997406383613,-19.93570238789104,0.09267832405491205,87.0182668745823
0.05721,17.60445,0.1094,37.502405460760016,-19.93570238789104,0.03774692713102468,83.55363642136433
0.0589,17.792,0.11395,37.57088980744952,-19.93570238789104,0.15681258044152457,77.01429443065354
0.05895,17.7707,0.10045,37.57291597155276,-19.93570238789104,0.1334864163382825,99.10603875392987
0.05948,17.71775,0.12625,37.5943933110471,-19.93570238789104,0.05905907684394052,62.73894716204293
0.06119,17.9246,0.11905,37.65964425858655,-19.93570238789104,0.20065812930448956,70.55717768466974
0.06441,18.09975,0.1085,37.77547379059853,-19.93570238789104,0.25997859729250905,84.94552867973412
0.06455,17.78945,0.1136,37.78050985720775,-19.93570238789104,-0.05535746931670715,77.48958539972227
0.06481,17.87655,0.1109,37.78986255233915,-19.93570238789104,0.022389835551891224,81.30867945760606
0.06559,17.91255,0.12675,37.81792063773336,-19.93570238789104,0.03033175015768208,62.24494162591567
0.06641,17.9881,0.1134,37.84741759930163,-19.93570238789104,0.07638478858941156,77.76315830401661
0.06845,18.31035,0.1248,37.91860562923505,-19.93570238789104,0.32744675865598794,64.20529257067719
0.06877,18.16815,0.11055,37.92896685971503,-19.93570238789104,0.17488552817600933,81.82433909969907
0.06888,18.1778,0.15105,37.93252853269252,-19.93570238789104,0.18097385519851983,43.828695106887785
0.0706,18.48435,0.29975,37.988220146522394,-19.93570238789104,0.43183224136864595,11.12965280352476
0.07063,18.05925,0.1229,37.989191511879895,-19.93570238789104,0.005760876011144944,66.205829952974
0.07141,18.15745,0.1192,38.01444701117484,-19.93570238789104,0.07870537671620426,70.3797126255574
0.0718,18.0121,0.1254,38.02707476082231,-19.93570238789104,-0.07927237293126765,63.59235772481806
0.07369,18.2355,0.1566,38.088270778344665,-19.93570238789104,0.08293160954637457,40.777113926363064
0.07515,17.8882,0.1248,38.13554389240956,-19.93570238789104,-0.3116415045185157,64.20529257067719
0.07523,18.2988,0.10185,38.138134200029555,-19.93570238789104,0.09636818786148638,96.40019964481347
0.0755,18.378,0.11965,38.146518286550915,-19.93570238789104,0.1671841013401263,69.85131623454605
0.07877,18.7576,0.11205,38.24288312726451,-19.93570238789104,0.4504192606265285,79.64825736582107
0.07883,18.5397,0.12205,38.24465128947944,-19.93570238789104,0.23075109841159858,67.1312034057002
0.07976,18.337,0.10315,38.27205780381084,-19.93570238789104,0.0006445840802022929,93.98564698192115
0.08162,18.511,0.10425,38.32687083247362,-19.93570238789104,0.11983155541742363,92.01272075864489
0.08223,18.52945,0.1223,38.34484714832539,-19.93570238789104,0.1203052395656492,66.85703091937108
0.08286,18.5179,0.1055,38.36341285158214,-19.93570238789104,0.09018953630890181,89.84524157139327
0.08328,18.7438,0.11605,38.374911246832575,-19.93570238789104,0.3045911410584665,74.25226576148205
0.08534,18.62285,0.1057,38.43066448095669,-19.93570238789104,0.12788790693434748,89.50556232317057
0.08575,18.608,0.10035,38.441760998427995,-19.93570238789104,0.10194138946304676,99.30365792471741
0.08798,18.6796,0.1066,38.50211522760119,-19.93570238789104,0.1131871602898542,88.00059136397397
0.08833,18.4809,0.11615,38.51158786446693,-19.93570238789104,-0.09498547657589285,74.12446498351008
0.08859,18.64345,0.10605,38.518624680424345,-19.93570238789104,0.06052770746669722,88.9157414428046
0.0896,18.72405,0.11685,38.54596000395122,-19.93570238789104,0.11379238393981694,73.23902710008791
0.09121,18.75805,0.1103,38.588002505961114,-19.93570238789104,0.10574988192992762,82.19567667179842
0.09201,18.9547,0.1139,38.60803719643976,-19.93570238789104,0.28236519145128014,77.08192498232897
0.09278,18.8576,0.109,38.62732058602546,-19.93570238789104,0.16598180186558054,84.16799932665602
0.0939,18.94955,0.14945,38.65536915269558,-19.93570238789104,0.22988323519546228,44.772171767093816
0.094,18.889,0.10285,38.657873489005404,-19.93570238789104,0.1668288988856368,94.5347343065842
0.09641,18.8215,0.14795,38.71822799407234,-19.93570238789104,0.03897439381869816,45.68462464541593
0.09929,19.1829,0.10965,38.788112545340084,-19.93570238789104,0.33048984255095704,83.17306922556932
0.10036,18.95705,0.11145,38.813065047540526,-19.93570238789104,0.07968734035051384,80.50815134968899
0.10044,19.0807,0.10935,38.81493065518168,-19.93570238789104,0.2014717327093578,83.6300632515076
0.10227,19.0531,0.1106,38.857606429973096,-19.93570238789104,0.1311959579179458,81.75037359920734
0.10242,19.15365,0.1077,38.86110444430027,-19.93570238789104,0.22824794359077316,86.21217333129871
0.1028,19.16175,0.1443,38.86996608059575,-19.93570238789104,0.2274863072952904,48.02499604994407
0.10293,18.90405,0.12325,38.87299769301263,-19.93570238789104,-0.033245305121585744,65.83034696707249
0.10298,19.16045,0.103,38.87416369778835,-19.93570238789104,0.22198869010269462,94.25959091337545
0.1034,19.10195,0.1007,38.88395813790441,-19.93570238789104,0.15369424998663206,98.6145639904975
0.1036,18.96075,0.10555,38.8886221570073,-19.93570238789104,0.007830230883744349,89.76014070799656
0.10588,19.1167,0.10015,38.941268026506634,-19.93570238789104,0.11113436138440846,99.70067365252669
0.10643,19.09035,0.10245,38.953276250480776,-19.93570238789104,0.07277613741026556,95.27436755088425
0.10689,19.2184,0.10455,38.96331949235006,-19.93570238789104,0.1907828955409805,91.48542831533472
0.1072,19.19495,0.1111,38.97008776404458,-19.93570238789104,0.16056462384646153,81.01620243032404
0.10757,19.24475,0.10865,38.978166023808996,-19.93570238789104,0.20228636408204537,84.71114241658441
0.10902,19.1721,0.10285,39.00982406883174,-19.93570238789104,0.0979783190593011,94.5347343065842
0.10989,19.29245,0.12085,39.02881889584538,-19.93570238789104,0.19933349204565687,68.47100312929602
0.11229,19.38095,0.1026,39.08121841864164,-19.93570238789104,0.2354339692493994,94.99599116917267
0.11376,19.1271,0.10675,39.11241253098922,-19.93570238789104,-0.04961014309817813,87.7534566635039
0.11639,19.29475,0.10185,39.166424063925504,-19.93570238789104,0.06402832396553748,96.40019964481347
0.11659,19.38465,0.1036,39.170531404833206,-19.93570238789104,0.1498209830578361,93.17094259179201
0.11762,19.41925,0.10595,39.19168421050787,-19.93570238789104,0.1632681773831699,89.08366537413691
0.11782,19.19345,0.0991,39.195791551415574,-19.93570238789104,-0.0666391635245347,99.99999999999999
0.11787,19.35185,0.11365,39.1968183866425,-19.93570238789104,0.09073400124854203,77.42141774487281
0.1187,19.26765,0.1244,39.213863851409464,-19.93570238789104,-0.010511463518422914,64.61885216240528
0.1187,19.44875,0.1339,39.213863851409464,-19.93570238789104,0.1705885364815778,55.77490586590263
0.11944,19.33475,0.1245,39.229061012767964,-19.93570238789104,0.04139137512307656,64.51508846631506
0.11981,19.65185,0.142,39.236659593447214,-19.93570238789104,0.35089279444382626,49.59333465582226
0.12005,19.36835,0.1021,39.24158840253646,-19.93570238789104,0.062463985354582974,95.92869044866809
0.12029,19.52005,0.11295,39.2465172116257,-19.93570238789104,0.2092351762653415,78.38401937966496
0.12068,19.3688,0.1916,39.254438720577845,-19.93570238789104,0.05006366731319645,27.24011837465841
0.12175,19.34125,0.09805,39.275192596731756,-19.93570238789104,0.0017597911592837079,99.99999999999999
0.1218,19.58065,0.13445,39.27616240402867,-19.93570238789104,0.240189983862372,55.31951792912492
0.12211,19.37365,0.11495,39.28217520926952,-19.93570238789104,0.02717717862152469,75.68016125928762
0.1229,19.3948,0.11665,39.29749816456072,-19.93570238789104,0.033004223330319604,73.49038350772908
0.12291,19.44025,0.1033,39.2976921260201,-19.93570238789104,0.0782602618709376,93.712895550418
0.12347,19.4198,0.10285,39.30855396774551,-19.93570238789104,0.04694842014552947,94.5347343065842
0.12365,19.5741,0.1083,39.312045274014395,-19.93570238789104,0.19775711387664785,85.25955994130733
0.12368,19.4023,0.1022,39.312627158392544,-19.93570238789104,0.02537522949849702,95.74105491323945
0.1244,19.4784,0.1006,39.32659238346807,-19.93570238789104,0.08751000442297396,98.81071424336685
0.12531,19.4684,0.10355,39.344242876271856,-19.93570238789104,0.05985951161918379,93.2609410821673
0.1262,19.36855,0.113,39.36150544615688,-19.93570238789104,-0.05725305826584304,78.31466833737959
0.12631,19.58525,0.13485,39.36363902221009,-19.93570238789104,0.15731336568095244,54.99182065407547
0.12672,19.526,0.1097,39.37159144204476,-19.93570238789104,0.09011094584628054,83.09726784493053
0.12679,19.5429,0.11965,39.37294917226044,-19.93570238789104,0.10565321563059982,69.85131623454605
0.12687,19.59325,0.10365,39.374500863935495,-19.93570238789104,0.1544515239555473,93.0810743138354
0.12783,19.5616,0.132,39.3931211640362,-19.93570238789104,0.10418122385483741,57.39210284664829
0.12891,19.58985,0.12795,39.41329092505141,-19.93570238789104,0.11226146283962635,61.08286792005657
0.12913,19.5083,0.1143,39.41733556625925,-19.93570238789104,0.02666682163179246,76.54336296326913
0.12924,19.61205,0.10875,39.41935788686316,-19.93570238789104,0.12839450102788064,84.55542343770644
0.12941,19.5471,0.1075,39.42248329143285,-19.93570238789104,0.06031909645819411,86.53326122228232
0.12995,19.79635,0.12165,39.432411047124795,-19.93570238789104,0.2996413407662466,67.57340033911711
0.13226,19.9293,0.1333,39.47487977980702,-19.93570238789104,0.3901226080840239,56.278135550391724
0.13269,19.53775,0.0994,39.482785214895046,-19.93570238789104,-0.009332827004005395,99.99999999999999
0.13366,19.59395,0.101,39.50061840567503,-19.93570238789104,0.0290339822160135,98.02960494069207
0.13523,19.80745,0.1216,39.52948243611272,-19.93570238789104,0.21366995177831782,67.62898199445983
0.13527,19.9671,0.1135,39.53021782542324,-19.93570238789104,0.3725845624677966,77.62619107686933
0.13653,19.58645,0.1105,39.55261340965805,-19.93570238789104,-0.030461021767010266,81.89840502856207
0.13659,19.76145,0.12305,39.553662301154276,-19.93570238789104,0.14349008673676522,66.04451631555474
0.13672,19.7402,0.1138,39.5559348993961,-19.93570238789104,0.1199674884949431,77.21745361547562
0.13679,19.76485,0.11075,39.55715860614169,-19.93570238789104,0.14339378174934936,81.52907785517378
0.13712,20.12265,0.11415,39.56292750937094,-19.93570238789104,0.49542487852010453,76.74466034636016
0.13796,19.66285,0.10475,39.57761199031809,-19.93570238789104,0.020940397572950076,91.13641412386578
0.13806,19.70325,0.10245,39.5793601428118,-19.93570238789104,0.05959224507924077,95.27436755088425
0.13816,19.8495,0.1169,39.58110829530551,-19.93570238789104,0.20409409258552813,73.17638949157775
0.13823,19.7944,0.1038,39.5823320020511,-19.93570238789104,0.1477703858399373,92.81224824677662
0.13847,19.99935,0.13335,39.58652756803601,-19.93570238789104,0.3485248198550295,56.23594013627937
0.13855,19.76995,0.1308,39.587926090030976,-19.93570238789104,0.11772629786006661,58.4499995324
0.1388,19.82205,0.1072,39.59229647126525,-19.93570238789104,0.16545591662579184,87.0182668745823
0.13947,19.7799,0.1129,39.6040090929731,-19.93570238789104,0.11159329491794168,78.45346258279783
0.14055,19.871,0.11635,39.62288913990516,-19.93570238789104,0.18381324798587784,73.8698512944491
0.14135,19.8422,0.13225,39.636874359854836,-19.93570238789104,0.14102802803620307,57.17532455930332
0.14167,19.79675,0.1047,39.6424684478347,-19.93570238789104,0.0899839400563387,91.22348019401409
0.14343,19.88005,0.10815,39.673062305489644,-19.93570238789104,0.1426900824013977,85.49622758582807
0.14393,19.83575,0.113,39.681397246715136,-19.93570238789104,0.09005514117590607,78.31466833737959
0.14406,19.81665,0.10485,39.68356433143376,-19.93570238789104,0.06878805645728292,90.96265550918734
0.14462,19.8106,0.13965,39.69289946560631,-19.93570238789104,0.05340292228473231,51.27647003550511
0.14519,19.90865,0.1399,39.70240129860337,-19.93570238789104,0.14195108928767297,51.09337262754312
0.14539,20.2551,0.1724,39.705735275093566,-19.93570238789104,0.4850671127974735,33.645383045956905
0.14566,19.6731,0.12755,39.71023614335533,-19.93570238789104,-0.10143375546428857,61.46658346140152
0.14648,19.91105,0.11095,39.723905446965134,-19.93570238789104,0.12284694092590698,81.23541189704792
0.14711,19.776,0.10335,39.73440747290925,-19.93570238789104,-0.022705085018206006,93.62224221057095
0.14723,19.83975,0.1218,39.73640785880337,-19.93570238789104,0.039044529087671975,67.40706587827361
0.14761,19.88745,0.11365,39.74274241413474,-19.93570238789104,0.08040997375630354,77.42141774487281
0.14774,19.8403,0.1023,39.74490949885337,-19.93570238789104,0.031092889037672933,95.55396935966418
0.14864,19.91815,0.1063,39.759912393059246,-19.93570238789104,0.09393999483179627,88.49800304256134
0.14949,20.15155,0.16675,39.77408179314258,-19.93570238789104,0.3131705947484633,35.96402698201124
0.15062,19.8557,0.11605,39.79291876031219,-19.93570238789104,-0.001516372421150436,74.25226576148205
0.15069,19.9375,0.11,39.79408565208376,-19.93570238789104,0.07911673580728262,82.64462809917356
0.15171,19.7933,0.10325,39.81038756789708,-19.93570238789104,-0.08138518000604122,93.80368062191842
0.15253,20.08555,0.11355,39.82345542831859,-19.93570238789104,0.1977969595724538,77.5578431241385
0.15269,19.93715,0.11585,39.8260052547423,-19.93570238789104,0.04684713314874145,74.50886087314328
0.15286,20.0024,0.10245,39.82871444531749,-19.93570238789104,0.10938794257355511,95.27436755088425
0.15298,19.99965,0.1096,39.830626815135275,-19.93570238789104,0.10472557275576477,83.24897437263573
0.15333,19.8424,0.10465,39.83620456043714,-19.93570238789104,-0.0581021725460964,91.31067109005994
0.15352,20.1226,0.10495,39.83923247931529,-19.93570238789104,0.21906990857574726,90.78939334754338
0.15474,19.83105,0.1045,39.85867490579608,-19.93570238789104,-0.09192251790503647,91.57299512373801
0.1549,20.0251,0.1063,39.86122473221979,-19.93570238789104,0.09957765567125065,88.49800304256134
0.15499,20.14265,0.11795,39.86265900958312,-19.93570238789104,0.2156933783079218,71.87934476945688
0.15625,19.98785,0.12595,39.882738892669835,-19.93570238789104,0.04081349522120803,63.038178600082794
0.1567,20.02475,0.15485,39.889910279486514,-19.93570238789104,0.07054210840452768,41.70398739121646
0.1568,20.1239,0.12545,39.89150392100134,-19.93570238789104,0.16809846688970254,63.541676429580484
0.1568,19.944,0.1104,39.89150392100134,-19.93570238789104,-0.011801533110297413,82.04683889939088
0.15819,19.81685,0.12375,39.91365553805731,-19.93570238789104,-0.16110315016627297,65.29945923885317
0.15881,19.99615,0.1245,39.92319066793647,-19.93570238789104,0.00866171995457421,64.51508846631506
0.15933,19.83815,0.1054,39.93113118547244,-19.93570238789104,-0.15727879758139807,90.01580677566982
0.15948,20.18505,0.1775,39.933421719377044,-19.93570238789104,0.18733066851399727,31.739734179726245
0.16018,19.92285,0.11045,39.94411087759855,-19.93570238789104,-0.08555848970750546,81.9725715676906
0.16031,20.07605,0.129,39.94609600698254,-19.93570238789104,0.06565638090849646,60.09254251547383
0.1604,19.98615,0.10955,39.947470327325306,-19.93570238789104,-0.025617939434265935,83.32498347561422
0.16046,20.16235,0.167,39.94838654088715,-19.93570238789104,0.14966584700389163,35.856430850873096
0.16053,19.9329,0.1156,39.9494554567093,-19.93570238789104,-0.08085306881826071,74.83147950814765
0.16139,20.07365,0.12015,39.96258785109572,-19.93570238789104,0.04676453679532244,69.27115831247838
0.16163,20.1359,0.1299,39.966252705343095,-19.93570238789104,0.10534968254794563,59.26273600643831
0.16267,20.2483,0.1303,39.98213374041504,-19.93570238789104,0.20186864747600453,58.899440396416786
0.16382,20.0237,0.11915,39.999694500350365,-19.93570238789104,-0.04029211245932274,70.43879317920033
0.16448,20.03175,0.1083,40.00977284953064,-19.93570238789104,-0.04232046163960135,85.25955994130733
0.16503,20.0849,0.11585,40.01817147384753,-19.93570238789104,0.0024309140435114784,74.50886087314328
0.16514,20.09405,0.10665,40.01985119871091,-19.93570238789104,0.009901189180130388,87.91809725895551
0.16576,19.9345,0.12155,40.02931873884996,-19.93570238789104,-0.15911635095891796,67.68463225500997
0.16799,20.0523,0.1219,40.06205782568502,-19.93570238789104,-0.07405543779397661,67.29651720334518
0.1694,20.2554,0.1144,40.082731748518654,-19.93570238789104,0.10837063937238867,76.40960438163235
0.16941,20.46515,0.1317,40.08287837208485,-19.93570238789104,0.3179740158061932,57.65386808449058
0.17008,20.2489,0.107,40.092702151019985,-19.93570238789104,0.09190023687105509,87.34387282732116
0.17043,20.12375,0.14255,40.09783397583684,-19.93570238789104,-0.03838158794579982,49.21138146067007
0.17144,20.2873,0.17315,40.11264295602264,-19.93570238789104,0.11035943186839958,33.354544043799855
0.17157,20.22,0.11585,40.11454906238319,-19.93570238789104,0.04115332550784956,74.50886087314328
0.17281,20.49025,0.1308,40.13273038459149,-19.93570238789104,0.29322200329955095,58.4499995324
0.17331,20.15345,0.09925,40.140061562901295,-19.93570238789104,-0.05090917501025416,99.99999999999999
0.17354,20.4812,0.1283,40.14333745458364,-19.93570238789104,0.27356493330740506,60.75005664942783
0.17359,20.08825,0.1083,40.14404272328854,-19.93570238789104,-0.12009033539750291,85.25955994130733
0.17365,20.3284,0.1373,40.14488904573443,-19.93570238789104,0.11921334215660906,53.04676762173835
0.17371,20.28215,0.12665,40.14573536818031,-19.93570238789104,0.07211701971073126,62.34327485170482
0.1742,20.3461,0.1115,40.15264700148837,-19.93570238789104,0.12915538640267243,80.4359629190211
0.17424,20.2369,0.11045,40.15321121645229,-19.93570238789104,0.019391171438748245,81.9725715676906
0.17461,20.5056,0.1317,40.15843020486857,-19.93570238789104,0.2828721830224694,57.65386808449058
0.17537,20.24765,0.1249,40.16915028918311,-19.93570238789104,0.01420209870793343,64.1025230112032
0.17675,20.28545,0.129,40.188615705438444,-19.93570238789104,0.03253668245259789,60.09254251547383
0.17685,20.2397,0.106,40.19002624284825,-19.93570238789104,-0.014623854957207527,88.999644001424
0.17708,20.47675,0.1273,40.1932704788908,-19.93570238789104,0.2191819090002376,61.70824465344341
0.17746,20.33625,0.12905,40.198630521048074,-19.93570238789104,0.07332186684296715,60.04598621854548
0.17748,20.0718,0.12115,40.19891262853003,-19.93570238789104,-0.19141024063899081,68.13231773029447
0.1777,20.3552,0.11035,40.20201581083161,-19.93570238789104,0.08888657705943004,82.1212072063823
0.17772,20.20345,0.1224,40.20229791831357,-19.93570238789104,-0.06314553042252768,66.74783203041567
0.17818,20.72835,0.1286,40.20878639039868,-19.93570238789104,0.4552659974923614,60.46694997448296
0.17831,20.37535,0.1134,40.21062008903143,-19.93570238789104,0.10043229885961225,77.76315830401661
0.1787,20.4025,0.1152,40.216121184929676,-19.93570238789104,0.12208120296136471,75.35204475308642
0.17893,20.2809,0.1225,40.21936542097223,-19.93570238789104,-0.0027630330811909687,66.63890045814244
0.1792,20.54675,0.14915,40.22317387197871,-19.93570238789104,0.25927851591233164,44.952462209307875
0.17967,20.481,0.1699,40.2298033978048,-19.93570238789104,0.18689899008624167,34.642820396722655
0.17972,20.30175,0.11325,40.23050866650971,-19.93570238789104,0.0069437213813330345,77.96928984596192
0.18004,20.68245,0.14335,40.23502238622109,-19.93570238789104,0.3831300016699508,48.663641653595406
0.18046,20.13755,0.10565,40.240946643342276,-19.93570238789104,-0.1676942554512344,89.59030131234114
0.18058,20.2752,0.1117,40.242639288234045,-19.93570238789104,-0.03173690034300236,80.14817795139655
0.1806,20.3864,0.1142,40.24292139571601,-19.93570238789104,0.07918099217502927,76.67747307853921
0.18071,20.34675,0.16425,40.244472986866796,-19.93570238789104,0.03797940102424491,37.06715409974307
0.18122,20.21145,0.10535,40.251505104041335,-19.93570238789104,-0.10435271615029507,90.10127157672044
0.18141,20.426,0.1593,40.25408778537958,-19.93570238789104,0.10761460251145749,39.40655307333678
0.18152,20.474,0.12575,40.255583021943835,-19.93570238789104,0.15411936594720643,63.23885711575478
0.18212,20.37965,0.13765,40.263738857748834,-19.93570238789104,0.05161353014220893,52.77734859531108
0.18223,20.3359,0.12625,40.26523409431309,-19.93570238789104,0.00636829357795321,62.73894716204293
0.18261,20.58185,0.1376,40.27039945698959,-19.93570238789104,0.24715293090145352,52.81571119524067
0.18353,20.5074,0.1247,40.28290507189059,-19.93570238789104,0.16019731600045262,64.30830946959149
0.18356,20.2951,0.1284,40.28331286368084,-19.93570238789104,-0.052510475789798505,60.65546724119526
0.18365,20.55265,0.14145,40.28453623905159,-19.93570238789104,0.20381614883945076,49.97975195299004
0.18446,20.3647,0.13065,40.29554661738834,-19.93570238789104,0.004855770502700807,58.584290124636624
0.1846,20.55175,0.1118,40.297449645742844,-19.93570238789104,0.19000274214819513,80.00486429574919
0.1846,20.38765,0.1082,40.297449645742844,-19.93570238789104,0.025902742148197433,85.41722899675756
0.18478,20.37525,0.1056,40.29989639648434,-19.93570238789104,0.011055991406699661,89.67516069788797
0.18484,20.31575,0.1235,40.30071198006484,-19.93570238789104,-0.04925959217379727,65.5640971004278
0.18538,20.4558,0.10405,40.30805223228934,-19.93570238789104,0.08345015560169955,92.36678573515071
0.18542,20.33785,0.1283,40.30859595467634,-19.93570238789104,-0.035043566785301294,60.75005664942783
0.18542,20.5371,0.1169,40.30859595467634,-19.93570238789104,0.16420643321469797,73.17638949157775
0.18562,20.48365,0.1298,40.311314566611344,-19.93570238789104,0.10803782127969797,59.354085104261394
0.18628,20.52515,0.11385,40.32028598599685,-19.93570238789104,0.14056640189419412,77.1496446583804
0.18905,20.2039,0.1187,40.357651344392316,-19.93570238789104,-0.2180489565012742,70.97388232104468
0.1891,20.4864,0.13035,40.358307352909776,-19.93570238789104,0.06379503498126482,58.854263454342124
0.18914,20.88525,0.12885,40.35883215972375,-19.93570238789104,0.4621202281672936,60.23253674297678
0.18959,20.50025,0.1605,40.3647362363809,-19.93570238789104,0.07121615151014282,38.81949903436496
0.18988,20.46505,0.1185,40.36854108578217,-19.93570238789104,0.03221130210887324,71.21365877975396
0.19005,20.4061,0.1552,40.37077151474154,-19.93570238789104,-0.02896912685050168,41.516101604846426
0.19024,20.6486,0.11825,40.37326434710789,-19.93570238789104,0.2110380407831478,71.51509191924158
0.1907,20.6928,0.11925,40.37929962546853,-19.93570238789104,0.24920276242250594,70.3207063714955
0.19141,20.055,0.15515,40.38861494641648,-19.93570238789104,-0.39791255852544083,41.54286460276868
0.1919,20.5315,0.1404,40.395043829887605,-19.93570238789104,0.07215855800343718,50.73010771016469
0.19358,20.5958,0.1361,40.417085716074304,-19.93570238789104,0.11441667181673765,53.986323104904606
0.1957,20.61715,0.12925,40.44490047721465,-19.93570238789104,0.10795191067638754,59.86030102248877
0.19582,20.5286,0.1151,40.446474897656564,-19.93570238789104,0.017827490234477494,75.48303481051117
0.1959,20.54825,0.11935,40.4475245112845,-19.93570238789104,0.03642787660654179,70.20291626424307
0.19602,20.50135,0.109,40.44908137108739,-19.93570238789104,-0.012028983196348264,84.16799932665602
0.1963,20.70795,0.1369,40.45263240239342,-19.93570238789104,0.191019985497622,53.357208905745026
0.1965,20.7379,0.13845,40.4551688533263,-19.93570238789104,0.2184335345647419,52.16918832959607
0.19694,20.5818,0.1167,40.460749045378634,-19.93570238789104,0.05675334251240827,73.4274232334647
0.19731,20.4352,0.1122,40.465441479604465,-19.93570238789104,-0.09453909171342545,79.43543646594921
0.19777,20.49105,0.129,40.47127531675009,-19.93570238789104,-0.04452292885904541,60.09254251547383
0.1984,20.6407,0.1317,40.479265137188655,-19.93570238789104,0.0971372507023851,57.65386808449058
0.19845,20.61015,0.13895,40.47989924992188,-19.93570238789104,0.06595313796916358,51.79441089101797
0.1986,20.6442,0.1223,40.481801588121535,-19.93570238789104,0.09810079976950803,66.85703091937108
0.1994,20.3968,0.14145,40.49194739185305,-19.93570238789104,-0.15944500396201278,49.97975195299004
0.19958,20.61175,0.15295,40.494230197692644,-19.93570238789104,0.05322219019839736,42.74654685379537
0.1998,20.66375,0.13595,40.49702029371881,-19.93570238789104,0.10243209417222943,54.105520102162046
0.20072,20.72485,0.1607,40.508687968010065,-19.93570238789104,0.151864419880976,38.722933153762185
0.20073,20.5274,0.21145,40.508814790556706,-19.93570238789104,-0.04571240266566434,22.365809476516485
0.20192,20.38595,0.11475,40.52390667360734,-19.93570238789104,-0.20225428571630033,75.9441999990507
0.20244,20.60265,0.13765,40.53050144603283,-19.93570238789104,0.007850941858212224,52.77734859531108
0.20284,20.7349,0.1164,40.53557434789859,-19.93570238789104,0.13502803999245216,73.8064028530603
0.20291,20.64165,0.1209,40.53646210572509,-19.93570238789104,0.0408902821659467,68.41438042910868
0.20299,20.7001,0.1382,40.537476686098245,-19.93570238789104,0.09832570179279543,52.35810430153243
0.20311,20.5734,0.12555,40.53899855665797,-19.93570238789104,-0.029896168766931908,63.44049543220503
0.20314,20.64385,0.12035,40.53937902429791,-19.93570238789104,0.040173363593133615,69.04111726478425
0.20324,20.6509,0.11955,40.54064724976435,-19.93570238789104,0.045955138126693384,69.96822218269017
0.20431,20.66435,0.12435,40.5538949518456,-19.93570238789104,0.04615743604544065,64.67082791108861
0.20493,20.934,0.1568,40.561505767238046,-19.93570238789104,0.30819662065299624,40.673157017909205
0.20532,20.73155,0.1351,40.56629321563007,-19.93570238789104,0.10095917226097129,54.7884863091791
0.20562,20.5658,0.12095,40.56997586823932,-19.93570238789104,-0.0684734803482776,68.35782793685308
0.20584,20.5539,0.15765,40.572676480152765,-19.93570238789104,-0.08307409226172524,40.23574525502371
0.2071,21.03995,0.18575,40.588143621111605,-19.93570238789104,0.3875087667794368,28.982934485888027
0.20824,20.65465,0.12075,40.60213770102675,-19.93570238789104,-0.011785313135707298,68.58445961875614
0.20827,20.70195,0.1319,40.60250596628767,-19.93570238789104,0.03514642160336834,57.479159493746565
0.20861,20.59295,0.11275,40.606679639244824,-19.93570238789104,-0.07802725135378452,78.66234679278863
0.2088,20.859,0.16115,40.60901198589735,-19.93570238789104,0.18569040199369624,38.50697298706965
0.20982,20.90475,0.1584,40.621533004768786,-19.93570238789104,0.21891938312225534,39.85562697683909
0.21028,20.6402,0.1335,40.627179738769634,-19.93570238789104,-0.05127735087859264,56.10963823310749
0.21037,20.57655,0.1203,40.628284534552414,-19.93570238789104,-0.11603214666137163,69.09851997880057
0.21053,21.0136,0.15075,40.63024861594401,-19.93570238789104,0.3190537719470292,44.0033112491715
0.21073,20.73865,0.1623,40.632703717683505,-19.93570238789104,0.04164867020753604,37.9632128874478
0.21075,20.727,0.12695,40.63294922785746,-19.93570238789104,0.029753160033582304,62.04897184078047
0.21075,20.64495,0.10525,40.63294922785746,-19.93570238789104,-0.05229683996641654,90.27256673117395
0.21079,20.9208,0.1231,40.63344024820536,-19.93570238789104,0.22306213968568045,65.9908761014702
0.21139,20.6247,0.1276,40.640678744616956,-19.93570238789104,-0.08027635672591416,61.41842159569973
0.21154,21.14485,0.1818,40.642463243975385,-19.93570238789104,0.4380891439156578,30.25605090762102
0.21198,20.68915,0.12295,40.64769777542678,-19.93570238789104,-0.022845387535735284,66.15199313474615
0.21231,20.80065,0.1303,40.651623674015326,-19.93570238789104,0.08472871387571601,58.899440396416786
0.21311,20.67635,0.1429,40.66114100392695,-19.93570238789104,-0.04908861603590964,48.970613224709986
0.21313,20.73185,0.12325,40.66137893717474,-19.93570238789104,0.006173450716303819,65.83034696707249
0.21327,20.78295,0.1364,40.66304446990927,-19.93570238789104,0.05560791798176723,53.749107764811114
0.21432,20.8217,0.1308,40.675535965418284,-19.93570238789104,0.081866422472757,58.4499995324
0.21434,20.73405,0.17345,40.67577389866607,-19.93570238789104,-0.006021510775031658,33.23926344783734
0.2149,21.20185,0.1483,40.68243602960421,-19.93570238789104,0.45511635828682984,45.46924028629253
0.21641,20.59575,0.11555,40.700399989812404,-19.93570238789104,-0.1689476019213636,74.89625464426994
0.21651,20.8123,0.13625,40.70158965605136,-19.93570238789104,0.04641273183968053,53.86751956905984
0.21731,20.7809,0.13945,40.711106985962985,-19.93570238789104,0.005495401928055088,51.42365753078253
0.21735,20.89395,0.15665,40.71158285245856,-19.93570238789104,0.118069535432479,40.75108736635808
0.21791,20.9318,0.14225,40.7182449833967,-19.93570238789104,0.14925740449433889,49.419170313904395
0.2184,20.76195,0.1415,40.72407434796757,-19.93570238789104,-0.02642196007653297,49.94443681404439
0.2186,20.976,0.1685,40.72645119158755,-19.93570238789104,0.18525119630348996,35.220878937033866
0.21861,20.87005,0.13435,40.726566620477676,-19.93570238789104,0.0791857674133638,55.40189992505508
0.21911,20.8854,0.1261,40.732338064983935,-19.93570238789104,0.08876432290710667,62.88829592213423
0.21929,20.6719,0.1534,40.73441578500619,-19.93570238789104,-0.12681339711514994,42.49612010423448
0.21946,20.8469,0.1023,40.73637807613832,-19.93570238789104,0.046224311752720126,95.55396935966418
0.2195,21.00055,0.1346,40.73683979169882,-19.93570238789104,0.19941259619222151,55.19628904309506
0.21986,20.83145,0.10825,40.74099523174333,-19.93570238789104,0.026157156147714744,85.33833984927116
0.22043,20.81795,0.15445,40.74757467848047,-19.93570238789104,0.006077709410572396,41.92027999393413
0.22146,20.82175,0.14915,40.759463854163364,-19.93570238789104,-0.002011466272321627,44.952462209307875
0.22146,20.7853,0.1197,40.759463854163364,-19.93570238789104,-0.03846146627232372,69.79297310388195
0.2223,20.9356,0.1392,40.769159880933884,-19.93570238789104,0.10214250695715776,51.608534813053254
0.22259,21.0804,0.1546,40.772507318747515,-19.93570238789104,0.24359506914352735,41.83897350588842
0.22308,20.93075,0.1281,40.778163334363654,-19.93570238789104,0.08828905352738659,60.939900460766594
0.22374,20.75105,0.12225,40.78578164111192,-19.93570238789104,-0.09902925322087697,66.9117308810184
0.22425,21.16495,0.15345,40.7916685145083,-19.93570238789104,0.3089838733827399,42.46843082651741
0.22448,20.6681,0.15385,40.79432337898118,-19.93570238789104,-0.19052099109014264,42.24788757921612
0.2251,20.861,0.12955,40.80147997016895,-19.93570238789104,-0.004777582277906589,59.58338404127579
0.22556,20.8629,0.1228,40.80678969911471,-19.93570238789104,-0.008187311223668559,66.31370094112404
0.22562,20.723,0.12425,40.80748227245546,-19.93570238789104,-0.14877988456441926,64.77496771372702
0.22644,20.8771,0.141,40.81684499924734,-19.93570238789104,-0.004042611356297243,50.29928072028571
0.22796,20.83435,0.15045,40.83388683258393,-19.93570238789104,-0.0638344446928869,44.1789729957132
0.22853,20.96525,0.12895,40.840277520085145,-19.93570238789104,0.06067486780589704,60.13915297912073
0.22889,20.99445,0.14355,40.84431374377013,-19.93570238789104,0.08583864412091202,48.52813558178743
0.22939,20.8794,0.1271,40.84991960999927,-19.93570238789104,-0.03481722210822724,61.90260120920542
0.22943,20.95825,0.1411,40.850368079297596,-19.93570238789104,0.04358430859344509,50.22801005162937
0.23027,21.0138,0.14645,40.85978593456255,-19.93570238789104,0.08971645332848865,46.62525799795105
0.23071,20.74845,0.15255,40.8647190968442,-19.93570238789104,-0.18056670895315818,42.97101143340445
0.23086,21.03315,0.15375,40.86640085671294,-19.93570238789104,0.10245153117809735,42.30286205301078
0.23152,20.92185,0.1499,40.873800600135404,-19.93570238789104,-0.016248212244363458,44.503763015681784
0.23353,20.92065,0.1527,40.89633618237655,-19.93570238789104,-0.03998379448551148,42.88663047892787
0.23359,20.88475,0.1537,40.897008886324045,-19.93570238789104,-0.07655649843300338,42.33038953694363
0.23362,21.21045,0.1599,40.897345238297795,-19.93570238789104,0.24880714959324735,39.111373939543995
0.23466,20.8644,0.19515,40.90869734761784,-19.93570238789104,-0.10859495972679767,26.258075260764027
0.23517,20.9929,0.1458,40.91425688229456,-19.93570238789104,0.014345505596480734,47.04191057897301
0.23603,21.1547,0.12315,40.92363178390629,-19.93570238789104,0.16677060398475163,65.93730120933957
0.23643,20.87655,0.14325,40.92799220326058,-19.93570238789104,-0.11573981536953681,48.731607625278315
0.23657,21.01435,0.146,40.929518350034584,-19.93570238789104,0.020534037856457132,46.913116907487336
0.2368,21.0224,0.1241,40.932025591163296,-19.93570238789104,0.026076796727746654,64.9316496989444
0.23753,21.0147,0.1316,40.93998335648488,-19.93570238789104,0.01041903140616185,57.74152123502185
0.23823,21.2481,0.14335,40.94761409035489,-19.93570238789104,0.23618829753615245,48.663641653595406
0.23851,21.19555,0.2471,40.9506663839029,-19.93570238789104,0.18058600398814306,16.37776024629531
0.23943,20.71895,0.1478,40.960695348417765,-19.93570238789104,-0.30604296052672453,45.77740097890395
0.24001,21.0934,0.1643,40.96701795648149,-19.93570238789104,0.06208443140954856,37.04459687884454
0.24074,21.13115,0.11795,40.97497572180307,-19.93570238789104,0.09187666608797329,71.87934476945688
0.24111,21.09055,0.1118,40.97900910970579,-19.93570238789104,0.04724327818524898,80.00486429574919
0.24146,20.85675,0.13015,40.9827502940425,-19.93570238789104,-0.1902979061514607,59.03528376563643
0.24162,20.98075,0.15175,40.98444772704085,-19.93570238789104,-0.06799533914981026,43.42527731110683
0.24177,21.3452,0.1569,40.98603907047681,-19.93570238789104,0.294863317414233,40.62132757810363
0.24237,21.18455,0.15195,40.99240444422062,-19.93570238789104,0.1278479436704245,43.31103789380155
0.24275,21.3408,0.1213,40.996435847591705,-19.93570238789104,0.2800665402993374,67.9639165974001
0.24288,21.02795,0.1175,40.99781501190286,-19.93570238789104,-0.03416262401181669,72.43096423721141
0.24317,21.24885,0.15475,41.000891609212374,-19.93570238789104,0.18366077867866792,41.75790333567352
0.2441,20.96025,0.1449,41.01075793851528,-19.93570238789104,-0.11480555062424358,47.62809695746954
0.24488,20.86815,0.1298,41.019032924382245,-19.93570238789104,-0.2151805364912036,59.354085104261394
0.24494,21.05305,0.1237,41.01966946175662,-19.93570238789104,-0.030917073865580846,65.35225847602453
0.2451,21.2589,0.1441,41.021366894754976,-19.93570238789104,0.17323549313606534,48.15839875250484
0.24526,21.3752,0.1882,41.023064327753325,-19.93570238789104,0.28783806013771596,28.23324272344635
0.24527,20.7198,0.14705,41.02317041731572,-19.93570238789104,-0.3676680294246779,46.245549299431964
0.2453,21.1159,0.14105,41.02348868600291,-19.93570238789104,0.02811370188812745,50.263626437712496
0.24575,21.128,0.1225,41.02826271631077,-19.93570238789104,0.035439671580270726,66.63890045814244
0.24583,20.88445,0.13085,41.02911143280995,-19.93570238789104,-0.20895904491890605,58.40533859837993
0.24599,21.1466,0.1219,41.0308088658083,-19.93570238789104,0.05149352208274394,67.29651720334518
0.24615,21.0223,0.14645,41.03250629880665,-19.93570238789104,-0.0745039109156096,46.62525799795105
0.24616,21.1569,0.13055,41.032612388369046,-19.93570238789104,0.059989999521995685,58.67407446414801
0.24649,21.16055,0.10805,41.03611334392814,-19.93570238789104,0.0601390439628986,85.65455389930581
0.24805,20.98175,0.13435,41.05266331566206,-19.93570238789104,-0.1352109277710163,55.40189992505508
0.24828,21.1261,0.1388,41.05510337559719,-19.93570238789104,0.006699012293850615,51.9064189553937
0.24832,21.09655,0.1326,41.05552773384677,-19.93570238789104,-0.023275345955731552,56.87389238094588
0.24849,21.19025,0.14705,41.05733125640752,-19.93570238789104,0.06862113148351767,46.245549299431964
0.24862,21.2028,0.13995,41.05871042071868,-19.93570238789104,0.07979196717235837,51.0568708443696
0.2488,21.1327,0.1596,41.06060454665407,-19.93570238789104,0.007797841236971692,39.258547370933606
0.249,21.02715,0.11585,41.06267130662766,-19.93570238789104,-0.09981891873661652,74.50886087314328
0.24931,21.38165,0.1409,41.065874784586725,-19.93570238789104,0.25147760330431623,50.37070319012775
0.24943,21.0769,0.14445,41.06711484057087,-19.93570238789104,-0.054512452679833956,47.92530744983329
0.24954,21.1676,0.1247,41.06825155855635,-19.93570238789104,0.03505082933469339,64.30830946959149
0.24999,21.20115,0.13305,41.072901768496926,-19.93570238789104,0.06395061939411306,56.48982667650155
0.25001,21.3768,0.1625,41.07310844449428,-19.93570238789104,0.23939394339675957,37.869822485207095
0.2501,21.2982,0.13225,41.074038486482394,-19.93570238789104,0.1598639014086487,57.17532455930332
0.25012,21.1135,0.14315,41.074245162479755,-19.93570238789104,-0.025042774588715844,48.79971608325183
0.2505,21.1763,0.1114,41.078172006429575,-19.93570238789104,0.033830381461466885,80.58043700382596
0.25051,21.0268,0.13165,41.078275344428256,-19.93570238789104,-0.11577295653721364,57.69766969209207
0.25085,21.4064,0.1659,41.08178883638335,-19.93570238789104,0.2603135515076893,36.33349937742549
0.25149,21.209,0.1266,41.08840246829884,-19.93570238789104,0.056299919592202485,62.392528869023124
0.25163,21.2338,0.1462,41.08984920028035,-19.93570238789104,0.07965318761069184,46.78485143938274
0.25218,21.1678,0.16095,41.09553279020772,-19.93570238789104,0.007969597683320728,38.60273166440213
0.25249,21.20755,0.11325,41.09873626816678,-19.93570238789104,0.044516119724260506,77.96928984596192
0.2534,21.09145,0.11245,41.10814002604661,-19.93570238789104,-0.0809876381555732,79.08262572506412
0.25577,21.3344,0.1818,41.13263113173363,-19.93570238789104,0.13747125615740785,30.25605090762102
0.25626,21.2564,0.16145,41.13769469366893,-19.93570238789104,0.05440769422211389,38.36400167612323
0.25641,21.2758,0.1749,41.13921137000087,-19.93570238789104,0.07229101789016923,32.690411019806795
0.25654,21.13985,0.14805,41.1405210049497,-19.93570238789104,-0.06496861705865697,45.62293035853579
0.2569,21.34695,0.16715,41.14414768634645,-19.93570238789104,0.1385047015445906,35.79210478067091
0.25693,21.2741,0.1446,41.14444990979618,-19.93570238789104,0.06535247809486222,47.825928923017464
0.2574,21.37115,0.15,41.14918474384194,-19.93570238789104,0.1576676440490985,44.44444444444444
0.25769,21.2775,0.14285,41.15210623718933,-19.93570238789104,0.06109615070171159,49.0049003675245
0.25848,21.13905,0.14085,41.1600647880322,-19.93570238789104,-0.08531240014115937,50.406471485248105
0.26043,21.31275,0.1521,41.17970931226462,-19.93570238789104,0.06874307562642201,43.22565390688588
0.26051,21.22765,0.12265,41.180515241463894,-19.93570238789104,-0.0171628535728523,66.47600241241413
0.26088,21.3572,0.14225,41.18424266401056,-19.93570238789104,0.10865972388047851,49.419170313904395
0.2611,21.2036,0.13865,41.186458969308575,-19.93570238789104,-0.047156581417532095,52.01879074778183
0.26132,21.4559,0.17885,41.18867527460659,-19.93570238789104,0.2029271132844528,31.262385277792472
0.26136,21.1668,0.15835,41.18907823920623,-19.93570238789104,-0.08657585131519241,39.880800276054906
0.26199,21.15835,0.1082,41.19542493165055,-19.93570238789104,-0.10137254375950988,85.41722899675756
0.26312,21.391,0.1313,41.20680868159036,-19.93570238789104,0.11989370630067953,58.005683396859226
0.26318,21.3576,0.14295,41.20741312848982,-19.93570238789104,0.08588925940122394,48.936362053717204
0.26327,21.035,0.1514,41.20831979883901,-19.93570238789104,-0.23761741094796562,43.626286757327904
0.26349,21.15515,0.1079,41.21053610413702,-19.93570238789104,-0.11968371624598007,85.89286925988692
0.26377,21.2679,0.15695,41.2133568563345,-19.93570238789104,-0.009754468443457398,40.5954500010707
0.26388,21.2319,0.12955,41.214450056142496,-19.93570238789104,-0.04684766825145559,59.58338404127579
0.26388,21.064,0.1418,41.214450056142496,-19.93570238789104,-0.21474766825145508,49.73332988515579
0.26419,21.45355,0.1665,41.217496922815926,-19.93570238789104,0.1717554650751154,36.07210814418021
0.2646,21.2449,0.1389,41.2215266497066,-19.93570238789104,-0.04092426181555453,51.831706595221846
0.2655,21.0609,0.1301,41.23037239166173,-19.93570238789104,-0.23377000377069024,59.080669336719055
0.26658,21.33225,0.14765,41.24098728200789,-19.93570238789104,0.02696510588314638,45.870460214887046
0.26801,21.22475,0.16715,41.255042183114384,-19.93570238789104,-0.09458979522334232,35.79210478067091
0.26826,21.4883,0.15275,41.25749933365748,-19.93570238789104,0.16650305423356215,42.858558720243444
0.26828,21.39935,0.16265,41.25769590570093,-19.93570238789104,0.07735648219011182,37.80000565110085
0.26848,21.34225,0.14435,41.2596616261354,-19.93570238789104,0.018290761755643814,47.991731984413725
0.26849,21.24725,0.1051,41.25975991215712,-19.93570238789104,-0.07680752426607995,90.53042682380334
0.26862,21.1762,0.0993,41.26103763043953,-19.93570238789104,-0.1491352425484891,99.99999999999999
0.26991,21.2859,0.12695,41.27371652724189,-19.93570238789104,-0.05211413935084508,62.04897184078047
0.27001,21.36745,0.13725,41.27469938745913,-19.93570238789104,0.02845300043191301,53.08542440137889
0.27047,21.2356,0.1242,41.27922054445842,-19.93570238789104,-0.10791815656737569,64.8271319698891
0.27057,21.3419,0.169,41.28020340467565,-19.93570238789104,-0.0026010167846131083,35.012779664577565
0.27088,21.22425,0.12,41.28325027134909,-19.93570238789104,-0.12329788345804715,69.44444444444444
0.27131,21.30945,0.10785,41.28747657028321,-19.93570238789104,-0.042324182392171394,85.9725287680201
0.27307,21.30625,0.14505,41.3043765909003,-19.93570238789104,-0.06242420300925744,47.52964096940979
0.27446,21.3734,0.1525,41.31771517578588,-19.93570238789104,-0.008612787894836771,42.99919376511691
0.27509,21.50715,0.1382,41.323760721453446,-19.93570238789104,0.11909166643759406,52.35810430153243
0.27509,21.2869,0.11615,41.323760721453446,-19.93570238789104,-0.101158333562406,74.12446498351008
0.27511,21.37075,0.15505,41.32395264353813,-19.93570238789104,-0.017500255647085794,41.59646829345601
0.2754,21.4485,0.153,41.32673551376606,-19.93570238789104,0.057466874124980194,42.71861249946602
0.27631,21.62545,0.19055,41.335467968619206,-19.93570238789104,0.22568441927183613,27.54115147213307
0.27716,21.8807,0.2055,41.34362465721831,-19.93570238789104,0.47277773067273543,23.679708265994165
0.27805,21.3866,0.13915,41.35216518998677,-19.93570238789104,-0.029862802095728114,51.64562989527945
0.279,21.50115,0.13265,41.36125821837674,-19.93570238789104,0.07559416951430009,56.83102530699765
0.27946,21.2773,0.1398,41.3655709885291,-19.93570238789104,-0.15256860063805888,51.166493723917874
0.27989,21.2969,0.11365,41.36960249106283,-19.93570238789104,-0.13700010317178624,77.42141774487281
0.28051,21.3787,0.11055,41.37541535518122,-19.93570238789104,-0.061012967290178466,81.82433909969907
0.28251,21.5746,0.1073,41.39416652975669,-19.93570238789104,0.11613585813435279,86.85614624490479
0.28313,21.4441,0.13595,41.39997939387508,-19.93570238789104,-0.020177005984038487,54.105520102162046
0.2836,21.40915,0.1028,41.404385919900314,-19.93570238789104,-0.05953353200927225,94.62671652863783
0.28397,21.3163,0.1146,41.40785488719678,-19.93570238789104,-0.15585249930573752,76.14313691449736
0.284,21.474,0.15145,41.40813615481541,-19.93570238789104,0.0015662330756320841,43.59748577659275
0.28403,21.2982,0.13635,41.40841742243404,-19.93570238789104,-0.1745150345429991,53.7885349468818
0.28509,21.60225,0.15435,41.418355544959034,-19.93570238789104,0.11959684293200823,41.97461606081031
0.2854,21.2265,0.12315,41.42126197701823,-19.93570238789104,-0.2590595891271903,65.93730120933957
0.28546,21.46645,0.1395,41.4218245122555,-19.93570238789104,-0.0196721243644582,51.386801300086056
0.28578,21.43725,0.1358,41.42482470018757,-19.93570238789104,-0.05187231229653122,54.22511230020757
0.28622,21.42305,0.15585,41.428949958594174,-19.93570238789104,-0.07019757070313304,41.170523263970274
0.28631,21.6827,0.1504,41.42979376145007,-19.93570238789104,0.18860862644097054,44.208352195563606
0.28707,21.45405,0.14295,41.43678560435352,-19.93570238789104,-0.047033216462477156,48.936362053717204
0.28712,21.2668,0.1491,41.437243910589565,-19.93570238789104,-0.2347415226985241,44.98261646786599
0.28845,21.4826,0.1256,41.449434856468336,-19.93570238789104,-0.031132468577293793,63.38999553734432
0.28854,21.5295,0.1639,41.450259807693214,-19.93570238789104,0.01494258019782535,37.22563312426177
0.2896,21.715,0.1649,41.45997589989735,-19.93570238789104,0.19072648799368963,36.77550868803006
0.29003,21.3714,0.15315,41.46391733352733,-19.93570238789104,-0.15681494563628462,42.63497353274136
0.2902,21.4412,0.13835,41.46547557472988,-19.93570238789104,-0.08857318683883975,52.24463183142643
0.2908,21.236,0.14645,41.47097524956241,-19.93570238789104,-0.2992728616713656,46.62525799795105
0.2909,21.30595,0.15955,41.47189186203449,-19.93570238789104,-0.23023947414344903,39.283157022340625
0.29121,21.51945,0.1501,41.47473336069797,-19.93570238789104,-0.019580972806927832,44.3852443918134
0.29172,21.47215,0.12535,41.47940808430562,-19.93570238789104,-0.0715556964145776,63.64309967989112
0.29212,21.17535,0.1226,41.48307453419397,-19.93570238789104,-0.37202214630292474,66.53023533074841
0.29245,21.4687,0.1649,41.48609935535186,-19.93570238789104,-0.08169696746082167,36.77550868803006
0.29282,21.4896,0.1351,41.489490821498585,-19.93570238789104,-0.06418843360754423,54.7884863091791
0.29291,21.54425,0.1708,41.49031577272346,-19.93570238789104,-0.010363384832420053,34.2786940091812
0.29318,21.57975,0.1437,41.492790626398104,-19.93570238789104,0.022661761492937416,48.426877110503845
0.29532,21.7708,0.1925,41.51213712777745,-19.93570238789104,0.19436526011359234,26.986001011975038
0.2956,21.7291,0.123,41.51464785519089,-19.93570238789104,0.150154532700153,66.09822195782934
0.29649,21.4449,0.1446,41.52262838161216,-19.93570238789104,-0.14202599372111635,47.825928923017464
0.29843,21.99485,0.16045,41.54002413583381,-19.93570238789104,0.39052825205722996,38.843696944972365
0.29859,21.66705,0.1633,41.541458837212915,-19.93570238789104,0.06129355067812625,37.499685940130256
0.2988,21.39335,0.16425,41.54334188277299,-19.93570238789104,-0.2142894948819496,37.06715409974307
0.29911,21.51975,0.1301,41.546121616695004,-19.93570238789104,-0.09066922880396433,59.080669336719055
0.29948,21.70345,0.1614,41.549439363634185,-19.93570238789104,0.08971302425685579,38.387774875662004
0.30004,21.4204,0.15885,41.55446081846105,-19.93570238789104,-0.19835843057001057,39.63013590461581
0.30006,21.62535,0.16525,41.554640156133445,-19.93570238789104,0.006412231757597198,36.61989238329125
0.30012,21.71085,0.11935,41.55517816915061,-19.93570238789104,0.09137421874043383,70.20291626424307
0.30078,21.91835,0.1704,41.561096312339416,-19.93570238789104,0.2929560755516256,34.439815733209905
0.30143,21.81235,0.1445,41.566924786692034,-19.93570238789104,0.18112760119900528,47.89214688521451
0.30156,21.5859,0.13495,41.568080525767684,-19.93570238789104,-0.0464781378766439,54.91035130132729
0.30158,21.64245,0.0939,41.56825606803169,-19.93570238789104,0.009896319859354463,99.99999999999999
0.30249,21.6135,0.15825,41.57624324104366,-19.93570238789104,-0.027040853152623612,39.931218476174784
0.30317,21.872,0.13765,41.58221167801965,-19.93570238789104,0.2254907098713943,52.77734859531108
0.30337,21.66825,0.11865,41.58396710065964,-19.93570238789104,0.019985287231399695,71.03371277766855
0.30369,21.49625,0.135,41.586775776883634,-19.93570238789104,-0.15482338899259318,54.869684499314126
0.30525,21.64295,0.1129,41.60046807347559,-19.93570238789104,-0.02181568558454927,78.45346258279783
0.30538,21.3803,0.19765,41.60160909819159,-19.93570238789104,-0.2856067103005486,25.598019327656505
0.30549,21.6995,0.13305,41.602574580643584,-19.93570238789104,0.03262780724745795,56.48982667650155
0.30567,21.68485,0.12015,41.60415446101958,-19.93570238789104,0.016397926871459134,69.27115831247838
0.30617,21.77705,0.16135,41.60854301761957,-19.93570238789104,0.10420937027147303,38.411570179523196
0.30642,21.6875,0.1493,41.61073729591956,-19.93570238789104,0.01246509197147816,44.86218113643981
0.30666,21.88165,0.1627,41.61284380308756,-19.93570238789104,0.20450858480348444,37.77677627346456
0.30801,21.95175,0.1182,41.624692905907516,-19.93570238789104,0.26275948198352594,71.5756081779427
0.3088,21.83605,0.15525,41.631626825335495,-19.93570238789104,0.14012556255554642,41.48936446072902
0.30894,21.72385,0.1693,41.632855621183495,-19.93570238789104,0.02669676670754484,34.88880414786014
0.309,21.8114,0.19685,41.63338224797549,-19.93570238789104,0.11372013991555008,25.80650322590968
0.3092,21.58775,0.1462,41.63510965990623,-19.93570238789104,-0.11165727201518649,46.78485143938274
0.31032,21.45975,0.15795,41.64473733101227,-19.93570238789104,-0.24928494312123206,40.08304806729062
0.31079,21.81735,0.13845,41.64877751442285,-19.93570238789104,0.10427487346819575,52.16918832959607
0.31156,21.7417,0.10825,41.65539653830826,-19.93570238789104,0.022005849582782844,85.33833984927116
0.31262,21.63085,0.14295,41.66450844131934,-19.93570238789104,-0.09795605342830171,48.936362053717204
0.31353,21.8225,0.14945,41.672330924093,-19.93570238789104,0.08587146379803912,44.772171767093816
0.31437,21.3618,0.137,41.67955167742254,-19.93570238789104,-0.38204928953149775,53.279343598486854
0.31468,21.8201,0.1572,41.682216479246534,-19.93570238789104,0.07358590864450676,40.46643228509087
0.3148,21.9041,0.12485,41.68324801543647,-19.93570238789104,0.15655437245457193,64.1538769230325
0.31555,21.7168,0.15355,41.689695116623554,-19.93570238789104,-0.03719272873251356,42.41313339640874
0.31579,21.9342,0.1522,41.69175818900342,-19.93570238789104,0.1781441988876189,43.168871444827595
0.31774,21.8387,0.1521,41.70832070662332,-19.93570238789104,0.06608168126772185,43.22565390688588
0.31811,21.8116,0.12465,41.71143734018903,-19.93570238789104,0.0358650477020106,64.3599109194473
0.31841,22.0816,0.21085,41.713964340377444,-19.93570238789104,0.3033380475135985,22.49327999201938
0.31894,21.9169,0.137,41.71842870737697,-19.93570238789104,0.13417368051406697,53.279343598486854
0.31894,21.66595,0.15665,41.71842870737697,-19.93570238789104,-0.11677631948593259,40.75108736635808
0.32007,21.6956,0.1358,41.727947074753324,-19.93570238789104,-0.09664468686228389,54.22511230020757
0.32092,22.0192,0.15495,41.735106908620494,-19.93570238789104,0.2197954792705481,41.65017580018578
0.32095,21.71485,0.1245,41.735359608639335,-19.93570238789104,-0.08480722074829572,64.51508846631506
0.32218,21.54775,0.14025,41.74572030941183,-19.93570238789104,-0.26226792152078815,50.83867933820748
0.32454,21.79365,0.10225,41.765530100720895,-19.93570238789104,-0.03617771282985416,95.64744352317359
0.32529,21.9051,0.1809,41.77172371467938,-19.93570238789104,0.06907867321165995,30.557855034146876
0.32531,21.96765,0.14105,41.77188887771827,-19.93570238789104,0.1314635101727717,50.263626437712496
0.32553,21.91925,0.1384,41.7737056711461,-19.93570238789104,0.08124671674494621,52.20688963881186
0.32601,21.6733,0.1464,41.777669584079526,-19.93570238789104,-0.16866719618848336,46.657111290274415
0.32753,21.80515,0.13855,41.79022197503539,-19.93570238789104,-0.04936958714434425,52.093908125360336
0.32832,21.97245,0.18155,41.796745915071654,-19.93570238789104,0.11140647281938598,30.33943532698061
0.3284,22.1329,0.16575,41.79740656722723,-19.93570238789104,0.271195820663813,36.39929112380536
0.32841,21.6655,0.17245,41.79748914874668,-19.93570238789104,-0.19628676085563512,33.62587564932617
0.32891,22.21015,0.20955,41.801618224719,-19.93570238789104,0.3442341631720396,22.77323195601396
0.32944,21.9869,0.11895,41.80599504524966,-19.93570238789104,0.11660734264138028,70.67586088940978
0.32944,21.65335,0.14295,41.80599504524966,-19.93570238789104,-0.21694265735861862,48.936362053717204
0.33015,21.9321,0.1589,41.81185833313036,-19.93570238789104,0.05594405476067976,39.60519952901496
0.33059,21.9984,0.1153,41.815491919986,-19.93570238789104,0.11861046790503949,75.22139537192842
0.3306,21.98705,0.15615,41.81557450150545,-19.93570238789104,0.107177886385589,41.01247917463205
0.3307,21.82885,0.1481,41.81640031669991,-19.93570238789104,-0.05184792880887201,45.592130068876024
0.33081,21.7726,0.15595,41.81730871341382,-19.93570238789104,-0.10900632552278111,41.117740547262734
0.33094,21.7829,0.10685,41.81838227316663,-19.93570238789104,-0.09977988527558423,87.58927810887741
0.33096,22.03,0.19055,41.81854743620552,-19.93570238789104,0.14715495168552195,27.54115147213307
0.33159,21.831,0.11675,41.82375007193065,-19.93570238789104,-0.05704768403960614,73.36454383302228
0.33159,21.7689,0.1401,41.82375007193065,-19.93570238789104,-0.11914768403960707,50.94759988404326
0.3318,21.7581,0.12005,41.82546188377251,-19.93570238789104,-0.13165949588147186,69.38661022297212
0.33293,22.0508,0.14375,41.834614974797745,-19.93570238789104,0.151887413093295,48.393194706994336
0.33398,21.9349,0.1592,41.84312005937871,-19.93570238789104,0.02748232851232757,39.45607434155703
0.33493,21.74575,0.1129,41.850815135904355,-19.93570238789104,-0.16936274801331308,78.45346258279783
0.33742,21.74045,0.14605,41.87098433648208,-19.93570238789104,-0.19483194859104103,46.881001134403014
0.33748,21.8791,0.16625,41.87147034131527,-19.93570238789104,-0.05666795342423114,36.1806772570524
0.33753,21.9137,0.10655,41.87187534534294,-19.93570238789104,-0.02247295745190314,88.08320163059622
0.33829,21.91315,0.151,41.87803140656345,-19.93570238789104,-0.029179018672408574,43.857725538353584
0.33848,21.88335,0.13905,41.87957042186858,-19.93570238789104,-0.0605180339775373,51.71994014451327
0.3385,21.7897,0.1618,41.879732423479645,-19.93570238789104,-0.15433003558860392,38.198205906664974
0.34052,21.9463,0.10555,41.89589409711402,-19.93570238789104,-0.013891709222974669,89.76014070799656
0.34092,21.88785,0.1485,41.899073559534855,-19.93570238789104,-0.075521171643814,45.34684669364804
0.3416,21.88605,0.16925,41.90447864565028,-19.93570238789104,-0.08272625775923714,34.90942096179818
0.34546,21.9593,0.1626,41.93516045801138,-19.93570238789104,-0.04015807012034145,37.8232564613469
0.34593,22.11525,0.111,41.93889632635587,-19.93570238789104,0.11205606153517422,81.16224332440548
0.34688,22.23255,0.2533,41.94642630202028,-19.93570238789104,0.22182608587076302,15.585818712926205
0.34701,21.7912,0.14045,41.94744075110423,-19.93570238789104,-0.22053836321319054,50.69399444723332
0.34872,22.1162,0.13315,41.96078465828549,-19.93570238789104,0.09111772960554987,56.405007128887846
0.34902,21.98165,0.1223,41.96312569463308,-19.93570238789104,-0.0457733067420385,66.85703091937108
0.34923,21.8575,0.11575,41.96476442007639,-19.93570238789104,-0.17156203218534927,74.63765749711945
0.34931,22.02925,0.13805,41.965388696435745,-19.93570238789104,-0.00043630854470322333,52.47194685746166
0.34957,22.14445,0.11065,41.96741759460366,-19.93570238789104,0.11273479328738034,81.67650834560352
0.34957,21.74,0.12,41.96741759460366,-19.93570238789104,-0.2917152067126203,69.44444444444444
0.3507,21.9623,0.10725,41.97623549817958,-19.93570238789104,-0.07823311028853652,86.93714987421282
0.35092,22.00245,0.1283,41.97795225816781,-19.93570238789104,-0.03979987027677012,60.75005664942783
0.35157,22.2272,0.1136,41.983024503587586,-19.93570238789104,0.17987788430345475,77.48958539972227
0.35161,22.05965,0.1158,41.98333664176726,-19.93570238789104,0.012015746123783089,74.57321747638267
0.35306,21.81675,0.1515,41.994651650780604,-19.93570238789104,-0.24219926288956373,43.56871330697426
0.35363,22.1458,0.14555,41.999099619841026,-19.93570238789104,0.08240276805001656,47.20364988061606
0.35527,22.23665,0.113,42.01175810733083,-19.93570238789104,0.16059428056021474,78.31466833737959
0.35582,22.05915,0.12645,42.01597335546907,-19.93570238789104,-0.021120967578031724,62.54064164509405
0.35833,21.9694,0.11425,42.03521021515453,-19.93570238789104,-0.1301078272634868,76.61037400226958
0.35858,21.95965,0.1186,42.03712623703555,-19.93570238789104,-0.14177384914450997,71.09361892114012
0.35902,22.19585,0.1342,42.04049843554615,-19.93570238789104,0.09105395234489322,55.52581839503731
0.36001,21.92755,0.1335,42.04808588219499,-19.93570238789104,-0.18483349430394824,56.10963823310749
0.3602,21.8702,0.1604,42.049542058824564,-19.93570238789104,-0.243639670933522,38.86791748807533
0.36082,22.1621,0.14215,42.0542937930895,-19.93570238789104,0.04350859480154057,49.48872578779556
0.36135,21.9082,0.2036,42.058355759477266,-19.93570238789104,-0.2144533715862238,24.123729644396924
0.36165,22.1744,0.1645,42.06065498573449,-19.93570238789104,0.0494474021565523,36.95457359041398
0.36491,22.2065,0.1423,42.08522472797357,-19.93570238789104,0.05697765991747161,49.38444755346977
0.36616,21.88675,0.1841,42.094637476388385,-19.93570238789104,-0.2721850884973449,29.504782872827597
0.36646,22.0067,0.1243,42.09689653600794,-19.93570238789104,-0.15449414811689977,64.7228663945286
0.36783,21.9904,0.12345,42.107212908270576,-19.93570238789104,-0.18111052037953357,65.61721769545441
0.36791,22.24455,0.1019,42.107815324169124,-19.93570238789104,0.07243706372191738,96.30562010707257
0.36924,22.26255,0.14325,42.11783048848249,-19.93570238789104,0.08042189940855238,48.731607625278315
0.36939,22.04745,0.1558,42.11895444825723,-19.93570238789104,-0.13580206036618492,41.19695274379945
0.37003,22.46065,0.1636,42.12369138291801,-19.93570238789104,0.27266100497303114,37.36228262623968
0.37013,22.10035,0.1358,42.12443152895876,-19.93570238789104,-0.08837914106771905,54.22511230020757
0.3705,22.15255,0.1043,42.12717006930952,-19.93570238789104,-0.03891768141847862,91.92452261297294
0.37051,21.7944,0.11375,42.127244083913595,-19.93570238789104,-0.39714169602255467,77.28535201062672
0.37053,22.04575,0.11295,42.12739211312174,-19.93570238789104,-0.14593972523070065,78.38401937966496
0.3706,22.1401,0.1211,42.12791021535027,-19.93570238789104,-0.05210782745922771,68.18859054865221
0.37089,22.13805,0.26375,42.13005663886843,-19.93570238789104,-0.05630425097739078,14.375238651422926
0.37144,22.28785,0.1245,42.13412744209254,-19.93570238789104,0.08942494579849836,64.51508846631506
0.3715,22.20135,0.10745,42.13457152971699,-19.93570238789104,0.0024808581740494162,86.6138134741212
0.37164,22.12745,0.10645,42.13560773417404,-19.93570238789104,-0.07245534628299666,88.24877152194492
0.3735,22.11185,0.1039,42.14937445053193,-19.93570238789104,-0.10182206264088833,92.63367734393309
0.37386,22.3047,0.0854,42.15203897627862,-19.93570238789104,0.08836341161242345,99.99999999999999
0.3786,22.21555,0.1463,42.18690935618687,-19.93570238789104,-0.03565696829582521,46.72091587945816
0.37949,22.13745,0.1395,42.19338639412008,-19.93570238789104,-0.12023400622904035,51.386801300086056
0.3799,22.18215,0.1306,42.196370198111794,-19.93570238789104,-0.07851781022075244,58.62915651405107
0.38003,22.03255,0.1506,42.197316282304286,-19.93570238789104,-0.22906389441324393,44.09101090106153
0.38054,22.1535,0.1307,42.20102784336714,-19.93570238789104,-0.1118254554761009,58.53947521702046
0.38083,22.2063,0.1382,42.20313833887347,-19.93570238789104,-0.06113595098243252,52.35810430153243
0.38164,22.52675,0.14085,42.20903317114978,-19.93570238789104,0.2534192167412641,50.406471485248105
0.38171,22.31495,0.143,42.20954260109958,-19.93570238789104,0.04110978679146271,48.902146804244715
0.38246,22.18595,0.1824,42.21500077913319,-19.93570238789104,-0.09334839124215222,30.057325330871034
0.38447,22.40575,0.14945,42.22962298211606,-19.93570238789104,0.11182940577498002,44.772171767093816
0.38598,22.28245,0.126,42.24043194137267,-19.93570238789104,-0.0222795534816278,62.98815822625346
0.38734,22.2944,0.18525,42.25016716295478,-19.93570238789104,-0.020064775063740825,29.139598711301243
0.38775,22.3891,0.15885,42.25310204593174,-19.93570238789104,0.07170034195929986,39.63013590461581
0.38887,22.11805,0.14095,42.26111928723465,-19.93570238789104,-0.20736689934360797,50.33497295313148
0.39267,22.18855,0.1588,42.2882389637495,-19.93570238789104,-0.1639865758584591,39.65509583843562
0.40048,22.2601,0.1151,42.343137710453306,-19.93570238789104,-0.14733532256226312,75.48303481051117
0.40078,22.165,0.1348,42.345217404141884,-19.93570238789104,-0.24451501625084404,55.03262333911543
0.4008,22.30585,0.1602,42.34535605038779,-19.93570238789104,-0.10380366249675177,38.96502655076909
0.40214,22.2536,0.149,42.35464534886345,-19.93570238789104,-0.16534296097240997,45.04301608035674
0.40455,22.44625,0.1075,42.37135222149503,-19.93570238789104,0.010600166396010025,86.53326122228232
0.40471,22.12805,0.15365,42.372461391462274,-19.93570238789104,-0.30870900357123077,42.3579438988094
0.40547,22.564,0.11045,42.377729948806675,-19.93570238789104,0.12197243908436661,81.9725715676906
0.40927,22.48095,0.19045,42.40383343441238,-19.93570238789104,0.012818953478664241,27.5700812510972
0.40946,22.451,0.10895,42.40513022887584,-19.93570238789104,-0.018427840984799104,84.24527083906814
0.40996,22.4668,0.20545,42.40854284588495,-19.93570238789104,-0.00604045799391173,23.691235445215472
0.41131,22.5817,0.15385,42.41775691180957,-19.93570238789104,0.09964547608147356,42.24788757921612
0.41155,22.6089,0.1289,42.41939496797394,-19.93570238789104,0.12520741991709627,60.185817693547065
0.41664,22.5154,0.11755,42.45392160659381,-19.93570238789104,-0.0028192187027684668,72.36936018791428
0.41865,22.38625,0.1152,42.46743243394451,-19.93570238789104,-0.14548004605346776,75.35204475308642
0.41929,22.4583,0.14905,42.47173438892185,-19.93570238789104,-0.07773200103081024,45.01280107796657
0.4193,22.16135,0.152,42.47180160696837,-19.93570238789104,-0.37474921907733005,43.282548476454295
0.41957,22.59095,0.12095,42.47361649422444,-19.93570238789104,0.05303589366660333,68.35782793685308
0.42028,22.49015,0.2331,42.47838897552742,-19.93570238789104,-0.05253658763638214,18.404136808255213
0.42086,22.47585,0.16245,42.482287622225634,-19.93570238789104,-0.07073523433459172,37.89313775169214
0.42244,22.35675,0.1192,42.49287513842256,-19.93570238789104,-0.20042275053151926,70.3797126255574
0.42353,22.599,0.2655,42.50009293715718,-19.93570238789104,0.03460945073386412,14.18635910640124
0.42359,22.37855,0.1425,42.500490247179265,-19.93570238789104,-0.186237859288223,49.24592182209911
0.42693,22.5594,0.1627,42.52260717174221,-19.93570238789104,-0.027504783851167502,37.77677627346456
0.42696,22.6189,0.15295,42.522805826753256,-19.93570238789104,0.03179656113778506,42.74654685379537
0.42784,23.03515,0.17065,42.52863304041056,-19.93570238789104,0.4422193474804814,34.33898189554443
0.42866,22.751,0.1294,42.53406294404577,-19.93570238789104,0.1526394438452705,59.72160178113707
0.42886,22.4792,0.1471,42.53538731078607,-19.93570238789104,-0.12048492289503088,46.21411647158917
0.42967,22.75515,0.1527,42.540748892229864,-19.93570238789104,0.15010349566117753,42.88663047892787
0.43015,22.5444,0.12545,42.543880961281204,-19.93570238789104,-0.06377857339016302,63.541676429580484
0.43487,22.5623,0.1145,42.57467964028607,-19.93570238789104,-0.07667725239502943,76.27619610610019
0.43544,22.36675,0.109,42.57839897228454,-19.93570238789104,-0.2759465843934983,84.16799932665602
0.43673,22.84545,0.14185,42.58681640786002,-19.93570238789104,0.19433598003102048,49.69827555681016
0.43885,22.46285,0.19185,42.600493999138735,-19.93570238789104,-0.20194161124769394,27.169171358612754
0.43927,22.56615,0.132,42.60319525848397,-19.93570238789104,-0.10134287059293001,57.39210284664829
0.44007,22.85455,0.16925,42.608340514379655,-19.93570238789104,0.18191187351138538,34.90942096179818
0.44058,22.4238,0.13695,42.61162061501316,-19.93570238789104,-0.25211822712211784,53.3182549308389
0.44255,22.67285,0.1137,42.62429080765629,-19.93570238789104,-0.01573841976524548,77.35334000119126
0.44368,22.57415,0.1349,42.63155848160895,-19.93570238789104,-0.12170609371790775,54.95106333055099
0.44758,22.59905,0.1524,42.656382780678506,-19.93570238789104,-0.12163039278746623,43.05564166683889
0.44956,22.78895,0.14135,42.66893787660574,-19.93570238789104,0.05571451128530214,50.05049469283323
0.45059,22.4503,0.1316,42.67546906287092,-19.93570238789104,-0.2894666749798773,57.74152123502185
0.4507,22.6586,0.15475,42.67616656820021,-19.93570238789104,-0.08186418030916798,41.75790333567352
0.45155,22.4159,0.12515,42.68155638210837,-19.93570238789104,-0.32995399421732685,63.84667603829459
0.45169,22.36265,0.1377,42.68244411616383,-19.93570238789104,-0.38409172827278937,52.739027777118544
0.45173,22.72345,0.12465,42.68269775446539,-19.93570238789104,-0.02354536657434636,64.3599109194473
0.4604,22.8011,0.14725,42.73690816919705,-19.93570238789104,-0.00010578130600791269,46.12001003110218
0.46101,22.75035,0.16435,42.740670680250915,-19.93570238789104,-0.05461829235987281,37.02206024248154
0.46127,22.62945,0.13775,42.74227437348699,-19.93570238789104,-0.17712198559595294,52.700748680010925
0.46156,22.76265,0.11115,42.7440631082503,-19.93570238789104,-0.04571072035925994,80.94332975361458
0.4664,23.21635,0.1587,42.77391647464492,-19.93570238789104,0.37813591324611906,39.705086499516185
0.46664,22.7822,0.11645,42.77539680686284,-19.93570238789104,-0.05749441897179608,73.74303612247317
0.4684,22.73255,0.11785,42.78616479411693,-19.93570238789104,-0.11791240622588717,72.00138098648732
0.47039,23.1005,0.141,42.798274930518204,-19.93570238789104,0.23792745737283738,50.29928072028571
0.47057,22.804,0.1221,42.79937031974043,-19.93570238789104,-0.05966793184939334,67.07623415240123
0.47058,22.65205,0.12925,42.79943117469722,-19.93570238789104,-0.21167878680617846,59.86030102248877
0.47175,22.70965,0.15,42.806551204641686,-19.93570238789104,-0.16119881675064462,44.44444444444444
0.47572,22.6952,0.109,42.83064287342742,-19.93570238789104,-0.19974048553638113,84.16799932665602
0.47796,22.9261,0.1649,42.84409492201208,-19.93570238789104,0.017707465878959994,36.77550868803006
0.47942,22.6131,0.1463,42.85286277510744,-19.93570238789104,-0.30406038721639916,46.72091587945816
0.4804,22.68865,0.17225,42.85874804636323,-19.93570238789104,-0.23439565847219157,33.70400719580554
0.48057,22.7752,0.1151,42.85976896076475,-19.93570238789104,-0.14886657287370397,75.48303481051117
0.48072,22.74835,0.1138,42.86066976758961,-19.93570238789104,-0.17661737969857327,77.21745361547562
0.48176,23.0166,0.15415,42.86691536157535,-19.93570238789104,0.08538702631568995,42.08360560549418
0.48881,22.8653,0.1136,42.908755590065375,-19.93570238789104,-0.10775320217433304,77.48958539972227
0.4948,22.8802,0.11765,42.94389533466478,-19.93570238789104,-0.12799294677374107,72.24638763546423
0.49737,22.9275,0.13225,42.95893503385539,-19.93570238789104,-0.09573264596435038,57.17532455930332
0.50074,23.0505,0.13595,42.97841747916061,-19.93570238789104,0.007784908730428697,54.105520102162046
0.50091,22.9717,0.1963,42.97939983806179,-19.93570238789104,-0.07199745017074832,25.951316886599752
0.50275,22.89585,0.20855,42.99003242852156,-19.93570238789104,-0.15848004063051846,22.99215145665913
0.50276,22.81425,0.2082,42.990090214339276,-19.93570238789104,-0.24013782644823323,23.069519535730535
0.50309,22.93445,0.12605,42.99199714632391,-19.93570238789104,-0.12184475843287146,62.93819736506091
0.50718,22.9937,0.1404,43.01547766952459,-19.93570238789104,-0.08607528163355127,50.73010771016469
0.50736,22.9705,0.1253,43.01650496072195,-19.93570238789104,-0.1103025728309106,63.69390239164234
0.50818,22.7793,0.14135,43.02118484284325,-19.93570238789104,-0.3061824549522072,50.05049469283323
0.51002,22.84675,0.1182,43.031686041749566,-19.93570238789104,-0.24923365385852492,71.5756081779427
0.5109,22.8206,0.17305,43.036708354269976,-19.93570238789104,-0.280405966378936,33.39310420710537
0.51176,23.11305,0.1165,43.041616523324016,-19.93570238789104,0.0071358645670258625,73.67975096244174
0.5138,23.12745,0.1329,43.05317321877486,-19.93570238789104,0.009979169116181907,56.61741517720403
0.51434,22.98745,0.11725,43.05621758257696,-19.93570238789104,-0.1330651946859227,72.74016757516107
0.51476,23.18845,0.1355,43.05858542108971,-19.93570238789104,0.065566966801331,54.465489304339535
0.51559,23.02365,0.1762,43.06326472100776,-19.93570238789104,-0.1039123331167211,32.20981213949168
0.51879,22.9578,0.1518,43.0813053953906,-19.93570238789104,-0.1878030074995607,43.39667512033899
0.51941,22.97595,0.19605,43.084800776052276,-19.93570238789104,-0.17314838816123412,26.017544540897987
0.51961,23.03865,0.109,43.085928318201205,-19.93570238789104,-0.11157593031016333,84.16799932665602
0.52278,23.15915,0.14165,43.10361873082072,-19.93570238789104,-0.008766342929678927,49.8387156862
0.52851,22.8422,0.14315,43.135478097477844,-19.93570238789104,-0.3575757095868042,48.79971608325183
0.53278,23.059,0.11385,43.15898145840575,-19.93570238789104,-0.1642790705147057,77.1496446583804
0.53378,22.9345,0.1665,43.164485758388864,-19.93570238789104,-0.2942833704978227,36.07210814418021
0.53433,22.9223,0.1289,43.16751312337958,-19.93570238789104,-0.30951073548853714,60.185817693547065
0.53532,23.06945,0.11085,43.17295314243316,-19.93570238789104,-0.1678007545421174,81.38204618471812
0.53578,22.98355,0.1266,43.17545563506678,-19.93570238789104,-0.2562032471757405,62.392528869023124
0.54539,23.34415,0.1462,43.227568815929104,-19.93570238789104,0.05228357196193656,46.78485143938274
0.54831,22.8926,0.1438,43.24327183774679,-19.93570238789104,-0.4149694498557466,48.359547432011304
0.55014,23.1391,0.14355,43.25311311511883,-19.93570238789104,-0.17831072722778885,48.52813558178743
0.55031,23.16815,0.1249,43.254023756112794,-19.93570238789104,-0.15017136822175203,64.1025230112032
0.5526,22.98515,0.13425,43.26619939321958,-19.93570238789104,-0.3453470053285379,55.48446608338621
0.55381,23.2838,0.1242,43.272632808459406,-19.93570238789104,-0.053130420568365366,64.8271319698891
0.55775,23.2494,0.1349,43.293581284529594,-19.93570238789104,-0.1084788966385517,54.95106333055099
0.55875,23.6061,0.15165,43.298841110416774,-19.93570238789104,0.24296127747426866,43.48256658893071
0.55875,23.1648,0.1335,43.298841110416774,-19.93570238789104,-0.19833872252573315,56.10963823310749
0.56276,23.2428,0.11755,43.31992374240134,-19.93570238789104,-0.14142135451030313,72.36936018791428
0.56475,23.2891,0.13595,43.33038619568047,-19.93570238789104,-0.10558380778942578,54.105520102162046
0.57584,23.38495,0.13845,43.38791519682166,-19.93570238789104,-0.06726280893061798,52.16918832959607
0.57613,23.2359,0.14515,43.38940670121552,-19.93570238789104,-0.21780431332447847,47.46417315215151
0.57661,23.2437,0.1229,43.39187539814329,-19.93570238789104,-0.21247301025224985,66.205829952974
0.57824,23.2802,0.1624,43.40025868146051,-19.93570238789104,-0.18435629356946492,37.91647455652892
0.57828,23.2373,0.13895,43.400464406204485,-19.93570238789104,-0.22746201831344237,51.79441089101797
0.57875,23.22495,0.12065,43.40288167194626,-19.93570238789104,-0.24222928405522026,68.69819833822494
0.5796,23.1779,0.1197,43.40725332275586,-19.93570238789104,-0.2936509348648144,69.79297310388195
0.5806,23.36785,0.1608,43.41238552298873,-19.93570238789104,-0.10883313509768655,38.674785277592136
0.58073,23.52355,0.1372,43.41304695941821,-19.93570238789104,0.046205428472831045,53.12412345196305
0.58294,23.34385,0.1258,43.4242913787194,-19.93570238789104,-0.14473899082836184,63.188597743914315
0.58328,23.6081,0.12955,43.426021289381126,-19.93570238789104,0.1177810985099157,59.58338404127579
0.58375,23.2686,0.09915,43.42841263647233,-19.93570238789104,-0.22411024858129025,99.99999999999999
0.58375,23.46355,0.14025,43.42841263647233,-19.93570238789104,-0.029160248581288073,50.83867933820748
0.58575,23.5694,0.1417,43.43858858154129,-19.93570238789104,0.06651380634975368,49.80354989742959
0.58728,23.44375,0.14055,43.446373179519036,-19.93570238789104,-0.06692079162799303,50.62188351119965
0.58873,23.30085,0.13005,43.453708185186585,-19.93570238789104,-0.21715579729554335,59.12610726569691
0.59027,23.3354,0.1666,43.46146074018126,-19.93570238789104,-0.19035835229021814,36.02881728922061
0.59185,23.2429,0.12625,43.46941466024073,-19.93570238789104,-0.2908122723496902,62.73894716204293
0.6006,23.4022,0.15455,43.51319385270984,-19.93570238789104,-0.1752914648187982,41.86604936572412
0.60326,23.58805,0.1429,43.526432145454436,-19.93570238789104,-0.0026797575633956683,48.970613224709986
0.60825,23.3767,0.1266,43.55103357988033,-19.93570238789104,-0.23863119198929184,62.392528869023124
0.60987,23.5447,0.14865,43.55902041831119,-19.93570238789104,-0.07861803042015225,45.255375518357894
0.61064,23.47615,0.1329,43.562812250476654,-19.93570238789104,-0.15095986258561211,56.61741517720403
0.61124,23.7392,0.1593,43.56574020567174,-19.93570238789104,0.10916218221930407,39.40655307333678
0.6157,23.56625,0.1433,43.58750467262182,-19.93570238789104,-0.08555228473077747,48.69760685350639
0.61992,23.4834,0.1156,43.60800812919468,-19.93570238789104,-0.18890574130363902,74.83147950814765
0.62063,23.5114,0.1131,43.61143801614368,-19.93570238789104,-0.16433562825264048,78.17624208367828
0.62189,23.4108,0.1628,43.617524857771485,-19.93570238789104,-0.271022469880446,37.73038171072569
0.62522,23.46015,0.1303,43.63361151064497,-19.93570238789104,-0.2377591227539284,58.899440396416786
0.62723,23.4134,0.138,43.64324455984488,-19.93570238789104,-0.2941421719538404,52.50997689561016
0.63056,23.3169,0.11795,43.65917132449313,-19.93570238789104,-0.40656893660208837,71.87934476945688
0.63071,23.4092,0.1432,43.65988874632413,-19.93570238789104,-0.31498635843308875,48.76564401860117
0.6319,23.1617,0.17705,43.66558029285008,-19.93570238789104,-0.5681779049590396,31.90128212050374
0.63222,23.66065,0.20445,43.66711079275622,-19.93570238789104,-0.07075840486517748,23.923558012026493
0.63771,23.37,0.2329,43.69315500312802,-19.93570238789104,-0.3874526152369775,18.435759030618293
0.63822,23.49005,0.184,43.69557028389495,-19.93570238789104,-0.2698178960039108,29.53686200378072
0.64191,23.62155,0.1659,43.712990105312386,-19.93570238789104,-0.15573771742134568,36.33349937742549
0.64364,23.60755,0.1943,43.72110361237132,-19.93570238789104,-0.1778512244802819,26.488319048624344
0.64364,23.6045,0.2013,43.72110361237132,-19.93570238789104,-0.18090122448028012,24.678141508905473
0.64764,23.6259,0.1613,43.739863166264826,-19.93570238789104,-0.17826077837378307,38.43538761511879
0.64864,23.53665,0.159,43.744535117516826,-19.93570238789104,-0.2721827296257828,39.55539733396622
0.66206,23.74875,0.17955,43.806593227820514,-19.93570238789104,-0.12214083992947167,31.019099157280877
0.66464,23.6337,0.1611,43.81840642373332,-19.93570238789104,-0.2490040358422796,38.530879224573766
0.67065,23.78495,0.1775,43.84579854292151,-19.93570238789104,-0.12514615503046755,31.739734179726245
0.67767,24.0377,0.2056,43.87750613640943,-19.93570238789104,0.09589625148161218,23.656679132159457
0.68196,23.59755,0.1484,43.89673008729023,-19.93570238789104,-0.3634776993991906,45.40798163337959
0.68366,23.9441,0.2905,43.90433613194366,-19.93570238789104,-0.024533744052618545,11.849710126466034
0.68517,23.844,0.2326,43.91109208925348,-19.93570238789104,-0.131389701362437,18.48334539679676
0.68866,23.6132,0.1518,43.92659613840904,-19.93570238789104,-0.3776937505179987,43.39667512033899
0.69065,23.7527,0.18375,43.93541899223639,-19.93570238789104,-0.247016604345351,29.617289092507754
0.69315,23.79645,0.24445,43.94650297945669,-19.93570238789104,-0.21435059156564762,16.734776509779113
0.69715,23.78265,0.16195,43.96409098924188,-19.93570238789104,-0.24573860135084047,38.127479418071715
0.69816,23.7924,0.2171,43.96852877699432,-19.93570238789104,-0.24042638910327696,21.216822988682313
0.69915,23.77905,0.15635,43.97287868776155,-19.93570238789104,-0.25812629987050784,40.907621488732666
0.69916,23.88895,0.1728,43.97292262625415,-19.93570238789104,-0.1482702383631107,33.489797668038406
0.69998,23.95255,0.2153,43.97652558264721,-19.93570238789104,-0.08827319475617301,21.573069388267577
0.70064,23.7492,0.1738,43.9794255231587,-19.93570238789104,-0.2945231352676636,33.105523193067434
0.70115,23.90875,0.1805,43.98166073703854,-19.93570238789104,-0.13720834914749602,30.693441578870637
0.70198,23.8387,0.16475,43.98527528927553,-19.93570238789104,-0.21087290138448722,36.84250519824722
0.70198,23.7115,0.26255,43.98527528927553,-19.93570238789104,-0.33807290138448565,14.506944673885878
0.71565,23.84395,0.19425,44.04453494374633,-19.93570238789104,-0.2648825558552872,26.5019570038875
0.71868,23.68915,0.15095,44.057517020163296,-19.93570238789104,-0.43266463227225316,43.886784822326
0.71963,23.82525,0.2057,44.06158225039438,-19.93570238789104,-0.3006298625033388,23.63368357664605
0.72013,24.0226,0.19335,44.06372184525284,-19.93570238789104,-0.10541945736180125,26.74925230824314
0.72068,23.87645,0.2029,44.06607539959715,-19.93570238789104,-0.25392301170611375,24.290469318586755
0.72668,23.90005,0.1628,44.09163795110367,-19.93570238789104,-0.25588556321262956,37.73038171072569
0.72767,23.8687,0.19785,44.09583794650024,-19.93570238789104,-0.2914355586091979,25.546293108331803
0.73012,23.7684,0.19115,44.106231874501866,-19.93570238789104,-0.4021294866108249,27.3685251970722
0.73362,23.8481,0.15575,44.120991431538684,-19.93570238789104,-0.3371890436476441,41.22340768146673
0.73401,24.04855,0.24055,44.122631903593685,-19.93570238789104,-0.1383795157026455,17.281812046382136
0.735,23.70605,0.134,44.12679617881022,-19.93570238789104,-0.4850437909191747,55.69169079973267
0.73501,24.09175,0.17825,44.12683824219624,-19.93570238789104,-0.09938585430520064,31.47320155241567
0.73561,24.06925,0.19205,44.12936204535777,-19.93570238789104,-0.12440965746673172,27.112613119752822
0.73602,24.02845,0.2108,44.13108664418482,-19.93570238789104,-0.16693425629377856,22.503951693917454
0.73669,23.77845,0.1399,44.13390489104853,-19.93570238789104,-0.4197525031574898,51.09337262754312
0.74,23.8446,0.12605,44.14778160487762,-19.93570238789104,-0.36747921698658104,62.93819736506091
0.74202,24.26275,0.21515,44.15620687659825,-19.93570238789104,0.04224551129279419,21.603160844875855
0.7427,23.92255,0.19885,44.15904310668242,-19.93570238789104,-0.30079071879137587,25.289998836027806
0.74566,24.00735,0.1527,44.17138904940175,-19.93570238789104,-0.2283366615107134,42.88663047892787
0.74613,23.8056,0.16465,44.1733493849011,-19.93570238789104,-0.4320469970100618,36.88727130007067
0.74909,23.81055,0.18275,44.18559594738192,-19.93570238789104,-0.43934355949087944,29.942304921204954
0.75068,23.763,0.19155,44.192172448477564,-19.93570238789104,-0.493470060586521,27.254341122555893
0.75669,24.03965,0.1583,44.21693109237104,-19.93570238789104,-0.2415787044799984,39.905997432448125
0.75905,24.0557,0.15165,44.22661188990308,-19.93570238789104,-0.23520950201204016,43.48256658893071
0.7607,23.92525,0.14995,44.23338024410981,-19.93570238789104,-0.3724278562187706,44.474088895475994
0.76108,24.05415,0.16035,44.23493901659378,-19.93570238789104,-0.24508662870273668,38.8921606919071
0.76159,23.97575,0.15445,44.23702155202963,-19.93570238789104,-0.3255691641385887,41.92027999393413
0.7656,24.10805,0.1549,44.253336295728765,-19.93570238789104,-0.2095839078377253,41.67706856836352
0.7666,24.24705,0.1593,44.25740481036696,-19.93570238789104,-0.07465242247591419,39.40655307333678
0.76668,24.2307,0.1806,44.25773029153801,-19.93570238789104,-0.0913279036469703,30.659460467078482
0.76706,24.3849,0.17855,44.25927632710052,-19.93570238789104,0.061326060790516834,31.3675277549688
0.76859,24.2078,0.16885,44.26550115449695,-19.93570238789104,-0.12199876660591258,35.07501537381768
0.77307,24.17605,0.17625,44.2835889778595,-19.93570238789104,-0.17183658996846063,32.191539660982855
0.7766,24.0942,0.17835,44.29782756526433,-19.93570238789104,-0.2679251773732858,31.437917696946172
0.78805,24.1069,0.13815,44.34353351055388,-19.93570238789104,-0.30093112266284194,52.3960106201474
0.78904,24.2188,0.11585,44.347465265984404,-19.93570238789104,-0.1929628780933612,74.50886087314328
0.79656,23.85445,0.1588,44.37717135736546,-19.93570238789104,-0.5870189694744212,39.65509583843562
0.79857,24.3605,0.17435,44.38509123756237,-19.93570238789104,-0.08888884967133137,32.89698498310205
0.8007,23.82255,0.1606,44.39343160583404,-19.93570238789104,-0.6351792179429978,38.77117099792342
0.80569,24.0139,0.1301,44.41294021572782,-19.93570238789104,-0.46333782783678146,59.080669336719055
0.80569,24.09575,0.1555,44.41294021572782,-19.93570238789104,-0.38148782783678215,41.356065383939374
0.80603,24.2544,0.1837,44.41426945968852,-19.93570238789104,-0.22416707179747775,29.633413926341408
0.80804,24.55735,0.16345,44.42208214777998,-19.93570238789104,0.07097024011105901,37.43088971072566
0.80902,24.20795,0.1668,44.42588392290708,-19.93570238789104,-0.2822315350160416,35.94246904634566
0.81072,24.0795,0.17055,44.43247883894389,-19.93570238789104,-0.41727645105284594,34.37926222275166
0.81369,24.26675,0.14105,44.44400054519642,-19.93570238789104,-0.2415481573053775,50.263626437712496
0.81773,24.3431,0.12085,44.459564575555035,-19.93570238789104,-0.1807621876639942,68.47100312929602
0.82212,24.1676,0.18525,44.47644977132709,-19.93570238789104,-0.3731473834360486,29.139598711301243
0.82269,24.3356,0.14625,44.478627460947195,-19.93570238789104,-0.207325073056154,46.75286726568778
0.82854,24.39785,0.1526,44.5009774333641,-19.93570238789104,-0.1674250454730597,42.942856799314285
0.83699,24.3054,0.1427,44.53302692782816,-19.93570238789104,-0.29192453993712064,49.10797813123518
0.83814,24.1545,0.1807,44.537355035785986,-19.93570238789104,-0.4471526478949457,30.625535755466124
0.83999,24.0253,0.15175,44.54431764423988,-19.93570238789104,-0.5833152563488397,43.42527731110683
0.84053,24.22255,0.1456,44.54634997319399,-19.93570238789104,-0.38809758530295113,47.17123535804854
0.84214,24.3261,0.1858,44.552409324334945,-19.93570238789104,-0.2906069364439041,28.967337588828343
0.84797,24.3105,0.16975,44.57424680886794,-19.93570238789104,-0.328044420976898,34.70407187213284
0.84852,24.33175,0.14855,44.57630149502189,-19.93570238789104,-0.3088491071308468,45.316325512150954
0.85073,24.31865,0.1304,44.584557597567766,-19.93570238789104,-0.3302052096767234,58.809138469645085
0.85298,24.3052,0.1508,44.59292974977136,-19.93570238789104,-0.35202736188031736,43.974136172069045
0.854,24.3128,0.21455,44.596712376608146,-19.93570238789104,-0.3482099887171053,21.724158475346425
0.85851,24.4442,0.16535,44.61343752075904,-19.93570238789104,-0.23353513286800265,36.57561198542572
0.85852,24.54425,0.17845,44.613474605335874,-19.93570238789104,-0.13352221744483117,31.402693142067903
0.85852,24.1237,0.1478,44.613474605335874,-19.93570238789104,-0.5540722174448334,45.77740097890395
0.86397,24.39625,0.15285,44.63355996995071,-19.93570238789104,-0.3016075820596704,42.80249782536559
0.8645,24.3693,0.14625,44.63551119414659,-19.93570238789104,-0.3305088062555477,46.75286726568778
0.8665,24.34685,0.17385,44.64287430431972,-19.93570238789104,-0.3603219164286777,33.086483352659975
0.87217,24.3402,0.1332,44.66360742584899,-19.93570238789104,-0.38770503795794653,56.36266897528158
0.87796,24.42165,0.14325,44.684676768426684,-19.93570238789104,-0.32732438053564294,48.731607625278315
0.89073,24.1804,0.14085,44.73076035163351,-19.93570238789104,-0.6146579637424736,50.406471485248105
0.8932,24.5781,0.1577,44.73959816773204,-19.93570238789104,-0.2257957798410004,40.21023519368667
0.89693,24.40275,0.16645,44.75294434345978,-19.93570238789104,-0.41449195556873875,36.09378283688291
0.90173,24.5128,0.1511,44.77000092975569,-19.93570238789104,-0.3214985418646492,43.79969348974495
0.91075,24.6116,0.16365,44.801897839918894,-19.93570238789104,-0.2545954520278535,37.33945551045883
0.91348,24.37895,0.13735,44.81149676745547,-19.93570238789104,-0.4968443795644326,53.00815305150047
0.92223,24.355,0.1708,44.84209848521649,-19.93570238789104,-0.5513960973254477,34.2786940091812
0.92224,24.57175,0.18725,44.84213329221453,-19.93570238789104,-0.3346809043234842,28.52044827014569
0.92491,24.7416,0.1923,44.85142676069051,-19.93570238789104,-0.17412437279946857,27.042163329798925
0.92624,24.7687,0.10935,44.85605609142948,-19.93570238789104,-0.15165370353843954,83.6300632515076
0.9279,24.7789,0.1829,44.86181613004955,-19.93570238789104,-0.14721374215850602,29.893212477068168
0.93189,24.54795,0.15235,44.87561055826765,-19.93570238789104,-0.3919581703766113,43.08390730971264
0.93225,24.704,0.21015,44.87685516833244,-19.93570238789104,-0.23715278044139865,22.64337772624145
0.93389,24.7653,0.2009,44.88252505862761,-19.93570238789104,-0.18152267073656603,24.776509688482466
0.935,24.2666,0.1658,44.8863550580172,-19.93570238789104,-0.6840526701261602,36.377340699987336
0.93675,24.4717,0.1405,44.89236480430878,-19.93570238789104,-0.4849624164177371,50.657919732526175
0.94688,24.41155,0.1642,44.92704630556636,-19.93570238789104,-0.5797939176753175,37.08973193025349
0.94846,24.66675,0.15105,44.9324362603182,-19.93570238789104,-0.32998387242715665,43.828695106887785
0.95076,24.68515,0.14485,44.9402596922828,-19.93570238789104,-0.3194073043917598,47.66098361069841
0.95886,24.80665,0.17245,44.967675048108546,-19.93570238789104,-0.22532266021750402,33.62587564932617
0.96074,24.80925,0.14255,44.974004589942865,-19.93570238789104,-0.2290522020518253,49.21138146067007
0.96075,24.5736,0.1577,44.974038257718576,-19.93570238789104,-0.46473586982753545,40.21023519368667
0.97,25.11545,0.26175,45.00506799447219,-19.93570238789104,0.04608439341884818,14.595756831042259
0.9752,24.7061,0.13985,45.02240067897508,-19.93570238789104,-0.3805982910840413,51.12991356871585
0.9833,24.78095,0.143,45.04924833191794,-19.93570238789104,-0.3325959440268953,48.902146804244715
0.98341,24.828,0.153,45.04961157526057,-19.93570238789104,-0.28590918736952986,42.71861249946602
0.98377,24.92305,0.1439,45.050800371654645,-19.93570238789104,-0.19204798376360444,48.29235807238155
0.9964,24.69965,0.1408,45.092290283339885,-19.93570238789104,-0.45693789544884567,50.44227789256198
0.99781,24.6122,0.0953,45.096887777359775,-19.93570238789104,-0.5489853894687329,99.99999999999999
1.00279,25.0798,0.19135,45.11312008408286,-19.93570238789104,-0.09761769619181848,27.311343650512033
1.014,24.85445,0.2291,45.149364093232734,-19.93570238789104,-0.3592117053416928,19.0524057377463
1.02,24.88235,0.1657,45.16863728910122,-19.93570238789104,-0.3505849012101798,36.42126142125232
1.02879,24.7289,0.16015,45.19669659623628,-19.93570238789104,-0.5320942083452387,38.98936068073085
1.0608,24.6873,0.16415,45.29722892777291,-19.93570238789104,-0.6742265398818716,37.11233039549033
1.092,24.63835,0.26405,45.39280997185409,-19.93570238789104,-0.8187575839630519,14.342592397041969
1.12,25.0639,0.1649,45.47664990306276,-19.93570238789104,-0.47704751517171573,36.77550868803006
1.206,25.73935,0.3352,45.72365960818489,-19.93570238789104,-0.0486072202938459,8.900040441783768
1.23,25.4985,0.17085,45.789937790365414,-19.93570238789104,-0.3557354024743731,34.25863332547954
1.23,25.28615,0.19155,45.789937790365414,-19.93570238789104,-0.5680854024743738,27.254341122555893
1.3,25.52015,0.17875,45.97723970595039,-19.93570238789104,-0.5213873180593467,31.297373954716615
1.305,25.2642,0.235,45.990297559638,-19.93570238789104,-0.7903951717469617,18.107741059302853
1.315,25.54235,0.1987,46.01626778566168,-19.93570238789104,-0.5382153977706423,25.32819643738655
1.33,25.6034,0.1484,46.05492213524832,-19.93570238789104,-0.515819747357277,45.40798163337959
1.34,25.4652,0.1632,46.08049101610558,-19.93570238789104,-0.6795886282145425,37.5456555171088
1.37,25.5159,0.1622,46.15623215281168,-19.93570238789104,-0.704629764920643,38.01003769075337
1.39,25.36305,0.20125,46.205948951298005,-19.93570238789104,-0.9071965634069628,24.690405462752206
