model,Om_m0,n_TF,C_best,chi2_SN,chi2_BAO,chi2_tot,dof
TFGR,0.2,-0.8,-19.458009784264526,1281.476491466267,40.62444719376804,1322.100938660035,1059
TFGR,0.2,-0.78,-19.456417208712235,1274.9101403584677,40.1921993752189,1315.1023397336867,1059
TFGR,0.2,-0.76,-19.454822081784812,1268.4103625122466,39.76020566924957,1308.1705681814963,1059
TFGR,0.2,-0.74,-19.45322440508158,1261.9781096828037,39.32851193685052,1301.3066216196542,1059
TFGR,0.2,-0.72,-19.451624180284885,1255.6143400579438,38.89716560659244,1294.5115056645361,1059
TFGR,0.2,-0.7000000000000001,-19.450021409160687,1249.3200182250653,38.4662157196107,1287.786233944676,1059
TFGR,0.2,-0.68,-19.44841609355919,1243.0961151363035,38.03571297575725,1281.1318281120607,1059
TFGR,0.2,-0.66,-19.44680823541545,1236.9436080717721,37.6057097809468,1274.549317852719,1059
TFGR,0.2,-0.64,-19.445197836749973,1230.8634806008492,37.17626029572411,1268.0397408965734,1059
TFGR,0.2,-0.62,-19.443584899669307,1224.8567225415532,36.74742048507999,1261.6041430266332,1059
TFGR,0.2,-0.6,-19.441969426366654,1218.9243299179439,36.31924816954362,1255.2435780874875,1059
TFGR,0.2,-0.5800000000000001,-19.440351419122393,1213.0673049155096,35.89180307757963,1248.9591079930892,1059
TFGR,0.2,-0.56,-19.438730880304725,1207.2866558345784,35.465146899318746,1242.7518027338972,1059
TFGR,0.2,-0.54,-19.437107812370158,1201.5833970416902,35.039343341650785,1236.622740383341,1059
TFGR,0.2,-0.52,-19.435482217864116,1195.9585489188958,34.61445818471017,1230.573007103606,1059
TFGR,0.2,-0.5,-19.433854099421463,1190.4131378110346,34.190559339783356,1224.6036971508179,1059
TFGR,0.2,-0.48,-19.432223459767027,1184.9481959708685,33.76771690866903,1218.7159128795374,1059
TFGR,0.2,-0.45999999999999996,-19.430590301716137,1179.5647615021821,33.34600324452172,1212.9107647467038,1059
TFGR,0.2,-0.43999999999999995,-19.42895462817513,1174.2638783006864,32.92549301421039,1207.1893713148968,1059
TFGR,0.2,-0.42,-19.427316442141876,1169.046595992862,32.506263262223186,1201.5528592550852,1059
TFGR,0.2,-0.39999999999999997,-19.425675746706226,1163.9139698725812,32.088393476151055,1196.0023633487322,1059
TFGR,0.2,-0.37999999999999995,-19.424032545050547,1158.8670608356263,31.671965653782244,1190.5390264894086,1059
TFGR,0.2,-0.36,-19.42238684045015,1153.9069353119785,31.25706437184094,1185.1639996838194,1059
TFGR,0.2,-0.33999999999999997,-19.420738636273768,1149.0346651959453,30.84377685640316,1179.8784420523484,1059
TFGR,0.2,-0.31999999999999995,-19.419087935983992,1144.2513277740666,30.432193055023642,1174.6835208290902,1059
TFGR,0.2,-0.29999999999999993,-19.41743474313772,1139.5580056508218,30.022405710607906,1169.5804113614297,1059
TFGR,0.2,-0.2799999999999999,-19.415779061386555,1134.955786672101,29.614510437063842,1164.570297109165,1059
TFGR,0.2,-0.2599999999999999,-19.414120894477254,1130.445763846443,29.208605796767657,1159.6543696432107,1059
TFGR,0.2,-0.24,-19.412460246252067,1126.0290352640222,28.80479337987948,1154.8338286439018,1059
TFGR,0.2,-0.21999999999999997,-19.410797120649157,1121.7067040134134,28.403177885544178,1150.1098818989576,1059
TFGR,0.2,-0.2,-19.409131521702957,1117.4798780960762,28.003867205013055,1145.4837453010891,1059
TFGR,0.20500000000000002,-0.8,-19.454968911685796,1262.9590762724824,38.511458324398234,1301.4705345968807,1059
TFGR,0.20500000000000002,-0.78,-19.453394876280132,1256.7437843824932,38.100211565679025,1294.8439959481723,1059
TFGR,0.20500000000000002,-0.76,-19.451818280797983,1250.593256299277,37.68932403712897,1288.282580336406,1059
TFGR,0.20500000000000002,-0.74,-19.450239126551104,1244.508421067264,37.278841681489496,1281.7872627487534,1059
TFGR,0.20500000000000002,-0.72,-19.448657414932722,1238.490214173323,36.86881198481694,1275.3590261581398,1059
TFGR,0.20500000000000002,-0.7000000000000001,-19.4470731474182,1232.5395775182228,36.45928402062229,1268.9988615388452,1059
TFGR,0.20500000000000002,-0.68,-19.44548632556565,1226.6574593862751,36.05030849515919,1262.7077678814344,1059
TFGR,0.20500000000000002,-0.66,-19.443896951016583,1220.8448144131899,35.64193779388698,1256.4867522070767,1059
TFGR,0.20500000000000002,-0.64,-19.442305025496523,1215.1026035519776,35.234226029135144,1250.3368295811129,1059
TFGR,0.20500000000000002,-0.62,-19.440710550815634,1209.431794037055,34.82722908899674,1244.2590231260517,1059
TFGR,0.20500000000000002,-0.6,-19.439113528869328,1203.8333593463976,34.421004687478145,1238.2543640338758,1059
TFGR,0.20500000000000002,-0.5800000000000001,-19.43751396163887,1198.3082791617808,34.01561241593373,1232.3238915777144,1059
TFGR,0.20500000000000002,-0.56,-19.435911851191975,1192.8575393270503,33.6111137958134,1226.4686531228638,1059
TFGR,0.20500000000000002,-0.54,-19.434307199683403,1187.4821318044567,33.20757233275275,1220.6897041372094,1059
TFGR,0.20500000000000002,-0.52,-19.432700009355532,1182.1830546289657,32.80505357203453,1214.9881082010002,1059
TFGR,0.20500000000000002,-0.5,-19.43109028253892,1176.9613118605603,32.40362515545209,1209.3649370160124,1059
TFGR,0.20500000000000002,-0.48,-19.42947802165292,1171.817913534536,32.00335687960443,1203.8212704141404,1059
TFGR,0.20500000000000002,-0.45999999999999996,-19.427863229206157,1166.7538756097051,31.60432075565429,1198.3581963653594,1059
TFGR,0.20500000000000002,-0.43999999999999995,-19.42624590779714,1161.7702199145679,31.206591070579883,1192.9768109851477,1059
TFGR,0.20500000000000002,-0.42,-19.424626060114765,1156.8679740913708,30.810244449952506,1187.6782185413233,1059
TFGR,0.20500000000000002,-0.39999999999999997,-19.42300368893884,1152.0481715380854,30.415359922271556,1182.463531460357,1059
TFGR,0.20500000000000002,-0.37999999999999995,-19.421378797140644,1147.3118513482418,30.022018984889943,1177.3338703331317,1059
TFGR,0.20500000000000002,-0.36,-19.41975138768335,1142.6600582486312,29.63030567156244,1172.2903639201936,1059
TFGR,0.20500000000000002,-0.33999999999999997,-19.418121463622597,1138.0938425348852,29.2403066216506,1167.334149156536,1059
TFGR,0.20500000000000002,-0.31999999999999995,-19.41648902810693,1133.6142600048415,28.85211115101753,1162.466371155859,1059
TFGR,0.20500000000000002,-0.29999999999999993,-19.414854084378284,1129.2223718897899,28.46581132464752,1157.6881832144375,1059
TFGR,0.20500000000000002,-0.2799999999999999,-19.413216635772454,1124.9192447834728,28.081502031023927,1153.0007468144968,1059
TFGR,0.20500000000000002,-0.2599999999999999,-19.411576685719506,1120.7059505689317,27.69928105830138,1148.4052316272332,1059
TFGR,0.20500000000000002,-0.24,-19.409934237744253,1116.5835663431055,27.31924917230676,1143.9028155154124,1059
TFGR,0.20500000000000002,-0.21999999999999997,-19.40828929546665,1112.5531743392417,26.941510196405243,1139.494684535647,1059
TFGR,0.20500000000000002,-0.2,-19.4066418626022,1108.6158618470438,26.566171093267183,1135.182032940311,1059
TFGR,0.21000000000000002,-0.8,-19.451949353665402,1245.3664153501654,36.49913726771571,1281.8655526178811,1059
TFGR,0.21000000000000002,-0.78,-19.45039361027922,1239.4888064319853,36.108271027788845,1275.597077459774,1059
TFGR,0.21000000000000002,-0.76,-19.44883529940019,1233.6742465085595,35.71786611186505,1269.3921126204245,1059
TFGR,0.21000000000000002,-0.74,-19.447274422060485,1227.9236425209867,35.32796855453189,1263.2516110755187,1059
TFGR,0.21000000000000002,-0.72,-19.445710979372198,1222.2379078524004,34.938625910395515,1257.176533762796,1059
TFGR,0.21000000000000002,-0.7000000000000001,-19.444144972528,1216.6179623036508,34.54988729739917,1251.16784960105,1059
TFGR,0.21000000000000002,-0.68,-19.442576402801777,1211.0647320672065,34.16180344127138,1245.2265355084778,1059
TFGR,0.21000000000000002,-0.66,-19.441005271549283,1205.5791496992933,33.774426721129494,1239.3535764204228,1059
TFGR,0.21000000000000002,-0.64,-19.43943158020881,1200.1621540902677,33.387811216265405,1233.549965306533,1059
TFGR,0.21000000000000002,-0.62,-19.43785533030182,1194.8146904331118,33.00201275414061,1227.8167031872524,1059
TFGR,0.21000000000000002,-0.6,-19.436276523433563,1189.537710190152,32.61708895961774,1222.1547991497698,1059
TFGR,0.21000000000000002,-0.5800000000000001,-19.434695161293725,1184.3321710578316,32.23309930545678,1216.5652703632884,1059
TFGR,0.21000000000000002,-0.56,-19.433111245657038,1179.1990369296793,31.85010516410449,1211.0491420937838,1059
TFGR,0.21000000000000002,-0.54,-19.431524778383906,1174.139277857299,31.4681698608054,1205.6074477181044,1059
TFGR,0.21000000000000002,-0.52,-19.429935761421014,1169.1538700094482,31.08735872806435,1200.2412287375125,1059
TFGR,0.21000000000000002,-0.5,-19.4283441968019,1164.2437956291662,30.707739161489673,1194.9515347906558,1059
TFGR,0.21000000000000002,-0.48,-19.42675008664758,1159.4100429889284,30.329380677047933,1189.7394236659763,1059
TFGR,0.21000000000000002,-0.45999999999999996,-19.42515343316713,1154.6536063437788,29.952354969760197,1184.605961313539,1059
TFGR,0.21000000000000002,-0.43999999999999995,-19.423554238658213,1149.9754858824722,29.576735973871582,1179.5522218563437,1059
TFGR,0.21000000000000002,-0.42,-19.42195250550773,1145.37668767658,29.202599924525124,1174.5792876011053,1059
TFGR,0.21000000000000002,-0.39999999999999997,-19.42034823619228,1140.858223627527,28.830025420972436,1169.6882490484993,1059
TFGR,0.21000000000000002,-0.37999999999999995,-19.418741433278797,1136.421111411553,28.459093491353258,1164.8802049029064,1059
TFGR,0.21000000000000002,-0.36,-19.41713209942501,1132.0663744226144,28.089887659076993,1160.1562620816915,1059
TFGR,0.21000000000000002,-0.33999999999999997,-19.415520237380033,1127.79504171315,27.722494010839448,1155.5175357239896,1059
TFGR,0.21000000000000002,-0.31999999999999995,-19.41390584998484,1123.6081479327422,27.35700126630856,1150.9651491990508,1059
TFGR,0.21000000000000002,-0.29999999999999993,-19.412288940172783,1119.5067332646406,26.993500849513378,1146.500234114154,1059
TFGR,0.21000000000000002,-0.2799999999999999,-19.410669510970095,1115.4918433601201,26.632086961970693,1142.123930322091,1059
TFGR,0.21000000000000002,-0.2599999999999999,-19.40904756549637,1111.564529270707,26.27285665758444,1137.8373859282915,1059
TFGR,0.21000000000000002,-0.24,-19.407423106965005,1107.7258473781967,25.91590991935342,1133.6417572975502,1059
TFGR,0.21000000000000002,-0.21999999999999997,-19.405796138683723,1103.9768593225053,25.561349737922814,1129.5382090604282,1059
TFGR,0.21000000000000002,-0.2,-19.404166664054937,1100.318631927324,25.209282192015994,1125.52791411934,1059
TFGR,0.21500000000000002,-0.8,-19.448950686085094,1228.6670673089648,34.58488656170465,1263.2519538706695,1059
TFGR,0.21500000000000002,-0.78,-19.447412993567728,1223.114344283132,34.21380353632865,1257.3281478194606,1059
TFGR,0.21500000000000002,-0.76,-19.445872727361404,1217.623043859835,33.8432809745518,1251.4663248343868,1059
TFGR,0.21500000000000002,-0.74,-19.44432988822665,1212.1940514750463,33.47336501121247,1245.6674164862588,1059
TFGR,0.21500000000000002,-0.72,-19.442784477002277,1206.8282589971157,33.1041032787832,1239.9323622758989,1059
TFGR,0.21500000000000002,-0.7000000000000001,-19.441236494606056,1201.5265647064266,32.73554494989121,1234.2621096563178,1059
TFGR,0.21500000000000002,-0.68,-19.439685942035414,1196.2898732733024,32.36774078094925,1228.6576140542516,1059
TFGR,0.21500000000000002,-0.66,-19.43813282036808,1191.1190957342665,32.000743156923285,1223.1198388911898,1059
TFGR,0.21500000000000002,-0.64,-19.43657713076276,1186.0151494665054,31.634606137262658,1217.649755603768,1059
TFGR,0.21500000000000002,-0.62,-19.435018874459818,1180.978958160642,31.269385503020192,1212.2483436636621,1059
TFGR,0.21500000000000002,-0.6,-19.433458052781887,1176.011451791681,30.905138805189235,1206.9165905968703,1059
TFGR,0.21500000000000002,-0.5800000000000001,-19.431894667134582,1171.11356658817,30.54192541428523,1201.6554920024553,1059
TFGR,0.21500000000000002,-0.56,-19.43032871900708,1166.2862449995105,30.179806571200466,1196.466051570711,1059
TFGR,0.21500000000000002,-0.54,-19.428760209972804,1161.5304356614447,29.818845439360217,1191.349281100805,1059
TFGR,0.21500000000000002,-0.52,-19.427189141690032,1156.8470933596523,29.459107158209832,1186.3062005178622,1059
TFGR,0.21500000000000002,-0.5,-19.42561551590253,1152.2371789914482,29.100658898061983,1181.3378378895102,1059
TFGR,0.21500000000000002,-0.48,-19.424039334440153,1147.7016595255577,28.743569916334554,1176.4452294418923,1059
TFGR,0.21500000000000002,-0.45999999999999996,-19.422460599219495,1143.2415079599705,28.387911615209354,1171.6294195751798,1059
TFGR,0.21500000000000002,-0.43999999999999995,-19.420879312244434,1138.857703277822,28.03375760074288,1166.8914608785649,1059
TFGR,0.21500000000000002,-0.42,-19.41929547560678,1134.5512304012652,27.681183743460544,1162.2324141447257,1059
TFGR,0.21500000000000002,-0.39999999999999997,-19.417709091486813,1130.3230801434015,27.330268240466136,1157.6533483838678,1059
TFGR,0.21500000000000002,-0.37999999999999995,-19.416120162153895,1126.1742491581422,26.98109167909917,1153.1553408372413,1059
TFGR,0.21500000000000002,-0.36,-19.414528689967028,1122.1057398880243,26.633737102172695,1148.739476990197,1059
TFGR,0.21500000000000002,-0.33999999999999997,-19.412934677375393,1118.1185605100277,26.288290074825003,1144.4068505848527,1059
TFGR,0.21500000000000002,-0.31999999999999995,-19.411338126918917,1114.213724879252,25.944838753018796,1140.1585636322707,1059
TFGR,0.21500000000000002,-0.29999999999999993,-19.409739041228818,1110.3922524705263,25.603473953722126,1135.9957264242485,1059
TFGR,0.21500000000000002,-0.2799999999999999,-19.408137423028105,1106.6551683179491,25.264289226805698,1131.9194575447548,1059
TFGR,0.21500000000000002,-0.2599999999999999,-19.40653327513213,1103.0035029522305,24.92738092869146,1127.930883880922,1059
TFGR,0.21500000000000002,-0.24,-19.40492660044905,1099.4382923359735,24.592848297787963,1124.0311406337614,1059
TFGR,0.21500000000000002,-0.21999999999999997,-19.40331740198036,1095.960577796748,24.260793531748487,1120.2213713284966,1059
TFGR,0.21500000000000002,-0.2,-19.401705682821362,1092.5714059580637,23.931321866588025,1116.5027278246516,1059
TFGR,0.22,-0.8,-19.445972499910752,1212.831043782685,32.7662255778164,1245.5972693605013,1059
TFGR,0.22,-0.78,-19.444452623775753,1207.5909561383787,32.41435035539866,1240.0053064937774,1059
TFGR,0.22,-0.76,-19.442930168915346,1202.4107473712788,32.063131850133665,1234.4738792214125,1059
TFGR,0.22,-0.74,-19.44140513582616,1197.291281999901,31.712616303982887,1229.003898303884,1059
TFGR,0.22,-0.72,-19.43987752508146,1192.23343095717,31.3628514350166,1223.5962823921866,1059
TFGR,0.22,-0.7000000000000001,-19.43834733733183,1187.2380715737863,31.013886479158078,1218.2519580529445,1059
TFGR,0.22,-0.68,-19.436814573305888,1182.306087559919,30.665772233019887,1212.9718597929389,1059
TFGR,0.22,-0.66,-19.435279233810945,1177.438368985308,30.31856109785756,1207.7569300831656,1059
TFGR,0.22,-0.64,-19.4337413197337,1172.6358122576826,29.972307124667285,1202.60811938235,1059
TFGR,0.22,-0.62,-19.43220083204092,1167.8993200994687,29.627066060453792,1197.5263861599226,1059
TFGR,0.22,-0.6,-19.430657771780133,1163.2298015227962,29.282895395695604,1192.5126969184917,1059
TFGR,0.22,-0.5800000000000001,-19.429112140080257,1158.628171802763,28.939854413035338,1187.5680262157985,1059
TFGR,0.22,-0.56,-19.427563938152314,1154.0953524489262,28.59800423722295,1182.6933566861492,1059
TFGR,0.22,-0.54,-19.42601316729004,1149.632271174999,28.257407886340168,1177.8896790613392,1059
TFGR,0.22,-0.52,-19.42445982887057,1145.2398618667453,27.91813032433562,1173.157992191081,1059
TFGR,0.22,-0.5,-19.42290392435509,1140.9190645480173,27.580238514899463,1168.4993030629169,1059
TFGR,0.22,-0.48,-19.421345455289426,1136.6708253449524,27.24380147670801,1163.9146268216605,1059
TFGR,0.22,-0.45999999999999996,-19.419784423304762,1132.4960964482916,26.908890340068197,1159.4049867883598,1059
TFGR,0.22,-0.43999999999999995,-19.418220830118177,1128.395836073743,26.57557840499304,1154.971414478736,1059
TFGR,0.22,-0.42,-19.416654677533334,1124.3710084204865,26.243941200739517,1150.614949621226,1059
TFGR,0.22,-0.39999999999999997,-19.415085967441055,1120.4225836277033,25.91405654684025,1146.3366401745436,1059
TFGR,0.22,-0.37999999999999995,-19.41351470181992,1116.5515377291058,25.586004615661768,1142.1375423447676,1059
TFGR,0.22,-0.36,-19.411940882736893,1112.758852605542,25.25986799652163,1138.0187206020637,1059
TFGR,0.22,-0.33999999999999997,-19.41036451234788,1109.0455159355304,24.935731761397907,1133.9812476969282,1059
TFGR,0.22,-0.31999999999999995,-19.408785592898322,1105.412521143824,24.613683532264545,1130.0262046760886,1059
TFGR,0.22,-0.29999999999999993,-19.407204126723745,1101.8608673478825,24.29381355008678,1126.1546808979692,1059
TFGR,0.22,-0.2799999999999999,-19.405620116250336,1098.3915593023344,23.976214745511133,1122.3677740478456,1059
TFGR,0.22,-0.2599999999999999,-19.404033563995498,1095.0056073413157,23.660982811285027,1118.6665901526007,1059
TFGR,0.22,-0.24,-19.40244447256835,1091.704027318723,23.34821627644143,1115.0522435951646,1059
TFGR,0.22,-0.21999999999999997,-19.400852844670304,1088.4878405463971,23.03801658228464,1111.5258571286818,1059
TFGR,0.22,-0.2,-19.399258683095535,1085.3580737301459,22.73048816021322,1108.0885618903592,1059
TFGR,0.225,-0.8,-19.44301440040708,1197.8297212856623,31.040783076699324,1228.8705043623618,1059
TFGR,0.225,-0.78,-19.441512112539336,1192.8905347944894,30.70756089751316,1223.5980956920025,1059
TFGR,0.225,-0.76,-19.440007242012452,1188.0097607977093,30.37508886976365,1218.384849667473,1059
TFGR,0.225,-0.74,-19.438499789066825,1183.1882434725921,30.043413348018085,1213.2316568206102,1059
TFGR,0.225,-0.72,-19.436989754017773,1178.4268333853506,29.712582142236304,1208.1394155275868,1059
TFGR,0.225,-0.7000000000000001,-19.435477137256278,1173.7263874779633,29.38264455875997,1203.1090320367232,1059
TFGR,0.225,-0.68,-19.433961939249684,1169.0877690534958,29.0536514423756,1198.1414204958714,1059
TFGR,0.225,-0.66,-19.432444160542392,1164.5118477597775,28.72565521947632,1193.2375029792538,1059
TFGR,0.225,-0.64,-19.430923801756563,1159.999499571521,28.398709942348752,1188.3982095138697,1059
TFGR,0.225,-0.62,-19.429400863592814,1155.5516067708033,28.072871334610873,1183.6244781054143,1059
TFGR,0.225,-0.6,-19.42787534683091,1151.1690579258848,27.748196837827955,1178.9172547637127,1059
TFGR,0.225,-0.5800000000000001,-19.42634725233046,1146.8527478683445,27.42474565933383,1174.2774935276784,1059
TFGR,0.225,-0.56,-19.42481658103158,1142.6035776685142,27.102578821285135,1169.7061564897992,1059
TFGR,0.225,-0.54,-19.42328333395558,1138.4224546091925,26.781759210977114,1165.2042138201696,1059
TFGR,0.225,-0.52,-19.421747512205663,1134.3102921575978,26.462351632449295,1160.7726437900471,1059
TFGR,0.225,-0.5,-19.420209116967534,1130.2680099355375,26.144422859410582,1156.412432794948,1059
TFGR,0.225,-0.48,-19.41866814951011,1126.2965336877674,25.82804168951334,1152.1245753772807,1059
TFGR,0.225,-0.45999999999999996,-19.41712461118617,1122.3967952485748,25.51327900000684,1147.9100742485816,1059
TFGR,0.225,-0.43999999999999995,-19.415578503432975,1118.5697325064493,25.200207804800407,1143.7699403112497,1059
TFGR,0.225,-0.42,-19.414029827772943,1114.8162893669319,24.888903312967773,1139.7051926798997,1059
TFGR,0.225,-0.39999999999999997,-19.412478585814267,1111.1374157135338,24.57944298872415,1135.716858702258,1059
TFGR,0.225,-0.37999999999999995,-19.410924779251538,1107.5340673668031,24.271906612908197,1131.8059739797113,1059
TFGR,0.225,-0.36,-19.409368409866385,1104.007206041373,23.966376346001244,1127.973582387374,1059
TFGR,0.225,-0.33999999999999997,-19.407809479528073,1100.557799301123,23.662936792717446,1124.2207360938403,1059
TFGR,0.225,-0.31999999999999995,-19.406247990194107,1097.1868205123446,23.361675068197624,1120.5484955805423,1059
TFGR,0.225,-0.29999999999999993,-19.404683943910833,1093.8952487949073,23.062680865841685,1116.957929660749,1059
TFGR,0.225,-0.2799999999999999,-19.40311734281402,1090.6840689714136,22.766046526813394,1113.450115498227,1059
TFGR,0.225,-0.2599999999999999,-19.401548189129446,1087.554271514329,22.471867111252973,1110.026138625582,1059
TFGR,0.225,-0.24,-19.39997648517346,1084.5068524910653,22.180240471232644,1106.6870929622978,1059
TFGR,0.225,-0.21999999999999997,-19.398402233353533,1081.5428135069924,21.891267325491327,1103.4340808324837,1059
TFGR,0.225,-0.2,-19.396825436168818,1078.6631616463712,21.605051335984456,1100.2682129823556,1059
TFGR,0.23,-0.8,-19.44007600640622,1183.635759748172,29.40629037386646,1213.0420501220385,1059
TFGR,0.23,-0.78,-19.438591084786747,1178.9862282906984,29.09118598279565,1208.077414273494,1059
TFGR,0.23,-0.76,-19.437103577623706,1174.3937153543322,28.776922423454213,1203.1706377777864,1059
TFGR,0.23,-0.74,-19.435613484908718,1169.8590453390839,28.46354616723666,1198.3225915063206,1059
TFGR,0.23,-0.72,-19.434120806706662,1165.383049001667,28.151105120976396,1193.5341541226433,1059
TFGR,0.23,-0.7000000000000001,-19.432625543156377,1160.9665634456512,27.839648667200645,1188.8062121128519,1059
TFGR,0.23,-0.68,-19.431127694471343,1156.6104321100859,27.529227705441023,1184.1396598155268,1059
TFGR,0.23,-0.66,-19.429627260940446,1152.3155047566202,27.21989469462441,1179.5353994512445,1059
TFGR,0.23,-0.64,-19.42812424292867,1148.0826374551011,26.911703696570275,1174.9943411516715,1059
TFGR,0.23,-0.62,-19.426618640877805,1143.9126925675764,26.60471042061992,1170.5174029881964,1059
TFGR,0.23,-0.6,-19.425110455307156,1139.806538730731,26.298972269424826,1166.105511000156,1059
TFGR,0.23,-0.5800000000000001,-19.423599686814246,1135.765050836668,25.994548385920567,1161.7595992225886,1059
TFGR,0.23,-0.56,-19.422086336075512,1131.7891100120892,25.691499701514353,1157.4806097136036,1059
TFGR,0.23,-0.54,-19.420570403847023,1127.8796035958076,25.389888985513863,1153.2694925813214,1059
TFGR,0.23,-0.52,-19.419051890965115,1124.0374251145,25.089780895826017,1149.1272060103258,1059
TFGR,0.23,-0.5,-19.417530798347137,1120.263474256842,24.791242030954827,1145.054716287797,1059
TFGR,0.23,-0.48,-19.416007126992106,1116.5586568458175,24.49434098332748,1141.052997829145,1059
TFGR,0.23,-0.45999999999999996,-19.41448087798137,1112.9238848093191,24.19914839397908,1137.1230332032983,1059
TFGR,0.23,-0.43999999999999995,-19.412952052479284,1109.3600761489254,23.905737008626154,1133.2658131575515,1059
TFGR,0.23,-0.42,-19.4114206517339,1105.868154906872,23.614181735160205,1129.4823366420321,1059
TFGR,0.23,-0.39999999999999997,-19.409886677077587,1102.4490511312088,23.32455970259257,1125.7736108338013,1059
TFGR,0.23,-0.37999999999999995,-19.408350129927697,1099.1037008390815,23.03695032148274,1122.1406511605642,1059
TFGR,0.23,-0.36,-19.40681101178721,1095.8330459781268,22.751435345882353,1118.5844813240092,1059
TFGR,0.23,-0.33999999999999997,-19.405269324245378,1092.638034385993,22.468098936828167,1115.1061333228213,1059
TFGR,0.23,-0.31999999999999995,-19.40372506897834,1089.51961974791,22.187027727417163,1111.7066474753271,1059
TFGR,0.23,-0.29999999999999993,-19.40217824774973,1086.478761552335,21.908310889497784,1108.387072441833,1059
TFGR,0.23,-0.2799999999999999,-19.40062886241134,1083.5164250446521,21.632040202011833,1105.148465246664,1059
TFGR,0.23,-0.2599999999999999,-19.399076914903677,1080.633581178823,21.358310121021777,1101.9918912998448,1059
TFGR,0.23,-0.24,-19.39752240725657,1077.83120656715,21.087217851458973,1098.918424418609,1059
TFGR,0.23,-0.21999999999999997,-19.395965341589772,1075.1102834278968,20.818863420628492,1095.9291468485253,1059
TFGR,0.23,-0.2,-19.394405720113525,1072.4717995309795,20.55334975350713,1093.0251492844866,1059
TFGR,0.23500000000000001,-0.8,-19.437156949625503,1170.2230271226128,27.86057505454389,1198.0836021771568,1059
TFGR,0.23500000000000001,-0.78,-19.435689178072753,1165.852366448949,27.56307163862867,1193.4154380875775,1059
TFGR,0.23500000000000001,-0.76,-19.43421881909097,1161.5373981575685,27.266497044478857,1188.8038952020474,1059
TFGR,0.23500000000000001,-0.74,-19.43274587243043,1157.2789274223646,26.97089786339235,1184.249825285757,1059
TFGR,0.23500000000000001,-0.72,-19.431270337912895,1153.077765735704,26.676322102871143,1179.754087838575,1059
TFGR,0.23500000000000001,-0.7000000000000001,-19.429792215432368,1148.934730901597,26.38281922616203,1175.317550127759,1059
TFGR,0.23500000000000001,-0.68,-19.428311504955797,1144.8506470275215,26.090440192834574,1170.9410872203562,1059
TFGR,0.23500000000000001,-0.66,-19.426828206523822,1140.8263445147288,25.799237500421683,1166.6255820151505,1059
TFGR,0.23500000000000001,-0.64,-19.425342320251495,1136.8626600470898,25.50926522714772,1162.3719252742376,1059
TFGR,0.23500000000000001,-0.62,-19.42385384632899,1132.9604365784726,25.220579075770118,1158.1810156542426,1059
TFGR,0.23500000000000001,-0.6,-19.42236278502234,1129.1205233185278,24.933236418560828,1154.0537597370887,1059
TFGR,0.23500000000000001,-0.5800000000000001,-19.420869136674145,1125.3437757169759,24.647296343454435,1149.9910720604303,1059
TFGR,0.23500000000000001,-0.56,-19.419372901704282,1121.6310554462852,24.36281970139,1145.9938751476752,1059
TFGR,0.23500000000000001,-0.54,-19.417874080610623,1117.9832303827388,24.07986915487471,1142.0630995376137,1059
TFGR,0.23500000000000001,-0.52,-19.41637267396973,1114.4011745858807,23.798509227797368,1138.1996838136781,1059
TFGR,0.23500000000000001,-0.5,-19.414868682437568,1110.8857682763032,23.518806356520663,1134.4045746328238,1059
TFGR,0.23500000000000001,-0.48,-19.413362106750206,1107.437897811768,23.240828942281357,1130.6787267540492,1059
TFGR,0.23500000000000001,-0.45999999999999996,-19.41185294772448,1104.0584556615847,22.964647404928236,1127.023103066513,1059
TFGR,0.23500000000000001,-0.43999999999999995,-19.410341206258725,1100.748340379279,22.69033423802821,1123.4386746173072,1059
TFGR,0.23500000000000001,-0.42,-19.40882688333342,1097.5084565735442,22.417964065371027,1119.9264206389153,1059
TFGR,0.23500000000000001,-0.39999999999999997,-19.407309980011874,1094.3397148773397,22.147613698904312,1116.487328576244,1059
TFGR,0.23500000000000001,-0.37999999999999995,-19.405790497440922,1091.2430319152495,21.879362198130334,1113.1223941133799,1059
TFGR,0.23500000000000001,-0.36,-19.404268436851563,1088.2193302689943,21.613290930997017,1109.8326211999913,1059
TFGR,0.23500000000000001,-0.33999999999999997,-19.40274379955962,1085.2695384411074,21.34948363631604,1106.6190220774236,1059
TFGR,0.23500000000000001,-0.31999999999999995,-19.401216586966402,1082.3945908167307,21.08802648774093,1103.4826173044717,1059
TFGR,0.23500000000000001,-0.29999999999999993,-19.39968680055935,1079.5954276235257,20.829008159339658,1100.4244357828654,1059
TFGR,0.23500000000000001,-0.2799999999999999,-19.398154441912663,1076.8729948896828,20.57251989279519,1097.445514782478,1059
TFGR,0.23500000000000001,-0.2599999999999999,-19.39661951268793,1074.2282444000032,20.318655566269506,1094.5468999662726,1059
TFGR,0.23500000000000001,-0.24,-19.395082014634767,1071.6621336499975,20.06751176496593,1091.7296454149634,1059
TFGR,0.23500000000000001,-0.21999999999999997,-19.393541949591405,1069.175625798067,19.819187853425692,1088.9948136514927,1059
TFGR,0.23500000000000001,-0.2,-19.391999319485322,1066.769689615655,19.573786049595046,1086.34347566525,1059
TFGR,0.24000000000000002,-0.8,-19.43425687403051,1157.5665295169492,26.401555184035683,1183.968084700985,1059
TFGR,0.24000000000000002,-0.78,-19.4328060419567,1153.4643927804998,26.121153387058936,1179.5855461675587,1059
TFGR,0.24000000000000002,-0.76,-19.431352621520084,1149.4166858745784,25.841765773786772,1175.2584516483653,1059
TFGR,0.24000000000000002,-0.74,-19.42989661223679,1145.424195284939,25.563439057455973,1170.987634342395,1059
TFGR,0.24000000000000002,-0.72,-19.428438013692688,1141.4877137721303,25.286221348950953,1166.7739351210812,1059
TFGR,0.24000000000000002,-0.7000000000000001,-19.426976825544152,1137.608040367579,25.010162195648995,1162.618202563228,1059
TFGR,0.24000000000000002,-0.68,-19.425513047518763,1133.785980368326,24.73531262128554,1158.5212929896115,1059
TFGR,0.24000000000000002,-0.66,-19.42404667941607,1130.0223453303645,24.4617251668636,1154.484070497228,1059
TFGR,0.24000000000000002,-0.64,-19.42257772110832,1126.3179530605798,24.189453932632933,1150.5074069932127,1059
TFGR,0.24000000000000002,-0.62,-19.421106172541183,1122.6736276072218,23.918554621163896,1146.5921822283856,1059
TFGR,0.24000000000000002,-0.6,-19.419632033734505,1119.0901992489212,23.64908458154266,1142.7392838304638,1059
TFGR,0.24000000000000002,-0.5800000000000001,-19.418155304782996,1115.5685044822135,23.381102854713653,1138.949607336927,1059
TFGR,0.24000000000000002,-0.56,-19.416675985857,1112.1093860075396,23.1146702199968,1135.2240562275363,1059
TFGR,0.24000000000000002,-0.54,-19.41519407720319,1108.7136927137126,22.84984924280674,1131.5635419565194,1059
TFGR,0.24000000000000002,-0.52,-19.413709579145305,1105.3822796607865,22.586704323602188,1127.9689839843886,1059
TFGR,0.24000000000000002,-0.5,-19.41222249208484,1102.1160080613583,22.325301748093903,1124.4413098094522,1059
TFGR,0.24000000000000002,-0.48,-19.410732816501792,1098.915745260228,22.06570973874025,1120.9814549989683,1059
TFGR,0.24000000000000002,-0.45999999999999996,-19.409240552955346,1095.782364712437,21.807998507560065,1117.590363219997,1059
TFGR,0.24000000000000002,-0.43999999999999995,-19.40774570208459,1092.7167459596021,21.552240310292785,1114.2689862698949,1059
TFGR,0.24000000000000002,-0.42,-19.406248264609207,1089.7197746045726,21.2985095019362,1111.0182841065089,1059
TFGR,0.24000000000000002,-0.39999999999999997,-19.40474824133017,1086.7923422843896,21.046882593693255,1107.8392248780829,1059
TFGR,0.24000000000000002,-0.37999999999999995,-19.403245633130453,1083.9353466414505,20.797438311359304,1104.7327849528097,1059
TFGR,0.24000000000000002,-0.36,-19.401740440975676,1081.149691292951,20.550257655181838,1101.699948948133,1059
TFGR,0.24000000000000002,-0.33999999999999997,-19.400232665914817,1078.4362857985313,20.305423961225518,1098.7417097597568,1059
TFGR,0.24000000000000002,-0.31999999999999995,-19.398722309080874,1075.7960456260844,20.063022964275408,1095.8590685903598,1059
TFGR,0.24000000000000002,-0.29999999999999993,-19.397209371691527,1073.229892115765,19.823142862312253,1093.0530349780774,1059
TFGR,0.24000000000000002,-0.2799999999999999,-19.395693855049803,1070.73875244211,19.58587438259379,1090.3246268247037,1059
TFGR,0.24000000000000002,-0.2599999999999999,-19.394175760544723,1068.3235595742913,19.351310849376876,1087.6748704236682,1059
TFGR,0.24000000000000002,-0.24,-19.39265508965195,1065.9852522344938,19.119548253315504,1085.1048004878094,1059
TFGR,0.24000000000000002,-0.21999999999999997,-19.391131843934435,1063.72477485434,18.89068532257039,1082.6154601769103,1059
TFGR,0.24000000000000002,-0.2,-19.38960602504303,1061.5430775293914,18.66482359566643,1080.2079011250578,1059
TFGR,0.245,-0.8,-19.43137543523949,1145.6423463687001,25.027233966086442,1170.6695803347866,1059
TFGR,0.245,-0.78,-19.429941337421056,1141.7988012877968,24.76345097328196,1166.5622522610788,1059
TFGR,0.245,-0.76,-19.428504651213114,1138.0084831258773,24.500764958593418,1162.5092480844708,1059
TFGR,0.245,-0.74,-19.427065375904753,1134.2721602050124,24.239222758286427,1158.5113829632987,1059
TFGR,0.245,-0.72,-19.425623510853033,1130.590607073579,23.978872588357532,1154.5694796619364,1059
TFGR,0.245,-0.7000000000000001,-19.424179055483734,1126.9646045050358,23.71976408270276,1150.6843685877386,1059
TFGR,0.245,-0.68,-19.422732009292137,1123.3949394954193,23.461948332288507,1146.8568878277079,1059
TFGR,0.245,-0.66,-19.42128237184372,1119.8824052595214,23.205477925349275,1143.0878831848706,1059
TFGR,0.245,-0.64,-19.41983014277495,1116.4278012256939,22.950406988636786,1139.3782082143307,1059
TFGR,0.245,-0.62,-19.41837532179397,1113.0319330292855,22.69679122974585,1135.7287242590314,1059
TFGR,0.245,-0.6,-19.416917908681395,1109.6956125046538,22.44468798054262,1132.1403004851963,1059
TFGR,0.245,-0.5800000000000001,-19.415457903291014,1106.4196576757693,22.19415624172185,1128.6138139174911,1059
TFGR,0.245,-0.56,-19.413995305550543,1103.2048927453254,21.94525672851924,1125.1501494738447,1059
TFGR,0.245,-0.54,-19.412530115462353,1100.0521480824232,21.69805191760674,1121.75020000003,1059
TFGR,0.245,-0.52,-19.411062333104198,1096.9622602086592,21.452606095198245,1118.4148663038575,1059
TFGR,0.245,-0.5,-19.409591958629974,1093.936071782768,21.208985406393914,1115.145057189162,1059
TFGR,0.245,-0.48,-19.40811899227039,1090.9744315836197,20.967257905792156,1111.9416894894118,1059
TFGR,0.245,-0.45999999999999996,-19.40664343433374,1088.0781944917169,20.72749360939822,1108.805688101115,1059
TFGR,0.245,-0.43999999999999995,-19.405165285206596,1085.2482214689976,20.48976454785945,1105.7379860168571,1059
TFGR,0.245,-0.42,-19.403684545354544,1082.4853795370536,20.254144821057423,1102.739524358111,1059
TFGR,0.245,-0.39999999999999997,-19.40220121532287,1079.7905417536776,20.02071065408794,1099.8112524077656,1059
TFGR,0.245,-0.37999999999999995,-19.400715295737285,1077.1645871877133,19.78954045465987,1096.9541276423731,1059
TFGR,0.245,-0.36,-19.399226787304613,1074.6084008922062,19.560714871945354,1094.1691157641515,1059
TFGR,0.245,-0.33999999999999997,-19.397735690813512,1072.1228738758168,19.33431685691315,1091.45719073273,1059
TFGR,0.245,-0.31999999999999995,-19.396242007135125,1069.7089030724674,19.110431724178408,1088.8193347966458,1059
TFGR,0.245,-0.29999999999999993,-19.39474573722382,1067.3673913092598,18.889147215402446,1086.2565385246623,1059
TFGR,0.245,-0.2799999999999999,-19.393246882117808,1065.0992472725034,18.670553564275902,1083.7698008367793,1059
TFGR,0.245,-0.2599999999999999,-19.39174544293987,1062.9053854719868,18.45474356312069,1081.3601290351075,1059
TFGR,0.245,-0.24,-19.390241420898,1060.7867262033974,18.24181263114488,1079.0285388345424,1059
TFGR,0.245,-0.21999999999999997,-19.38873481728605,1058.7441955088325,18.031858884386594,1076.776054393219,1059
TFGR,0.245,-0.2,-19.387225633484423,1056.778725135471,17.82498320738283,1074.6037083428537,1059
TFGR,0.25,-0.8,-19.428512299965934,1134.4275702226919,23.735694807065997,1158.163265029758,1059
TFGR,0.25,-0.78,-19.42709473632694,1130.8330777390083,23.488063493767445,1154.3211412327757,1059
TFGR,0.25,-0.76,-19.42567458513678,1127.290665231938,23.241609444443057,1150.5322746763811,1059
TFGR,0.25,-0.74,-19.42425184546443,1123.8010833707006,22.996379618617485,1146.797462989318,1059
TFGR,0.25,-0.72,-19.42282651644507,1120.3650889979979,22.75242233823363,1143.1175113362315,1059
TFGR,0.25,-0.7000000000000001,-19.421398597280856,1116.983445131362,22.509787325162154,1139.493232456524,1059
TFGR,0.25,-0.68,-19.41996808724165,1113.6569209632128,22.26852573969632,1135.925446702909,1059
TFGR,0.25,-0.66,-19.418534985665783,1110.386291859697,22.028690220056006,1132.414982079753,1059
TFGR,0.25,-0.64,-19.4170992919608,1107.1723393581883,21.790334922925734,1128.962674281114,1059
TFGR,0.25,-0.62,-19.415661005604214,1104.0158511634904,21.553515565051057,1125.5693667285416,1059
TFGR,0.25,-0.6,-19.414220126144272,1100.9176211426982,21.31828946591947,1122.2359106086176,1059
TFGR,0.25,-0.5800000000000001,-19.412776653200652,1097.8784493186467,21.084715591551063,1118.9631649101977,1059
TFGR,0.25,-0.56,-19.411330586465265,1094.8991418620128,20.85285459942612,1115.751996461439,1059
TFGR,0.25,-0.54,-19.409881925702972,1091.9805110819516,20.622768884575972,1112.6032799665275,1059
TFGR,0.25,-0.52,-19.408430670752324,1089.123375415317,20.394522626865,1109.517898042182,1059
TFGR,0.25,-0.5,-19.406976821526314,1086.3285594143551,20.1681818394916,1106.4967412538467,1059
TFGR,0.25,-0.48,-19.405520378013108,1083.5968937329685,19.943814418736622,1103.540708151705,1059
TFGR,0.25,-0.45999999999999996,-19.40406134027679,1080.9292151113746,19.721490194988338,1100.6507053063629,1059
TFGR,0.25,-0.43999999999999995,-19.40259970845807,1078.32636635927,19.501280985073503,1097.8276473443434,1059
TFGR,0.25,-0.42,-19.40113548277504,1075.7891963373818,19.283260645924507,1095.0724569833062,1059
TFGR,0.25,-0.39999999999999997,-19.399668663523887,1073.3185599374508,19.067505129613366,1092.3860650670642,1059
TFGR,0.25,-0.37999999999999995,-19.39819925107962,1070.9153180605467,18.854092539783412,1089.76941060033,1059
TFGR,0.25,-0.36,-19.396727245896773,1068.5803375937392,18.643103189510715,1087.2234407832498,1059
TFGR,0.25,-0.33999999999999997,-19.395252648510148,1066.3144913851424,18.434619660627018,1084.7491110457695,1059
TFGR,0.25,-0.31999999999999995,-19.39377545953547,1064.1186582171908,18.228726864537297,1082.3473850817281,1059
TFGR,0.25,-0.29999999999999993,-19.392295679670163,1061.9937227782232,18.02551210456489,1080.0192348827882,1059
TFGR,0.25,-0.2799999999999999,-19.390813309693982,1059.94057563233,17.825065139858214,1077.7656407721881,1059
TFGR,0.25,-0.2599999999999999,-19.38932835046975,1057.960113187401,17.62747825089314,1075.587591438294,1059
TFGR,0.25,-0.24,-19.38784080294402,1056.0532376614094,17.432846306606265,1073.4860839680157,1059
TFGR,0.25,-0.21999999999999997,-19.38635066814776,1054.220857046864,17.241266833194,1071.462123880058,1059
TFGR,0.25,-0.2,-19.384857947197045,1052.4638850734225,17.05284008461374,1069.5167251580363,1059
TFGR,0.255,-0.8,-19.425667145496263,1123.900250720139,22.525096748456715,1146.4253474685956,1059
TFGR,0.255,-0.78,-19.4242659209039,1120.5456450350189,22.293164887152944,1142.8388099221718,1059
TFGR,0.255,-0.76,-19.422862110424035,1117.2420249358836,22.062488124514598,1139.3045130603982,1059
TFGR,0.255,-0.74,-19.421455712912362,1113.9901239361466,21.83311354277414,1135.8232374789206,1059
TFGR,0.255,-0.72,-19.420046727288977,1110.7906816661143,21.60508956983967,1132.395771235954,1059
TFGR,0.255,-0.7000000000000001,-19.418635152539185,1107.644443876666,21.378466016162733,1129.0229098928287,1059
TFGR,0.255,-0.68,-19.417220987714234,1104.552162441751,21.153294112574425,1125.7054565543256,1059
TFGR,0.255,-0.66,-19.415804231932075,1101.5145953596743,20.92962654911373,1122.444221908788,1059
TFGR,0.255,-0.64,-19.414384884378112,1098.5325067531705,20.70751751487205,1119.2400242680426,1059
TFGR,0.255,-0.62,-19.41296294430597,1095.6066668681667,20.487022738878657,1116.0936896070455,1059
TFGR,0.255,-0.6,-19.41153841103824,1092.737852071315,20.268199532052396,1113.0060516033675,1059
TFGR,0.255,-0.5800000000000001,-19.41011128396725,1089.9268448461503,20.051106830244887,1109.9779516763952,1059
TFGR,0.255,-0.56,-19.408681562555792,1087.1744337879654,19.835805238401974,1107.0102390263673,1059
TFGR,0.255,-0.54,-19.4072492463379,1084.481413597276,19.6223570758694,1104.1037706731454,1059
TFGR,0.255,-0.52,-19.40581433491959,1081.8485850719135,19.41082642287057,1101.259411494784,1059
TFGR,0.255,-0.5,-19.404376827979608,1079.2767550977076,19.201279168183568,1098.4780342658912,1059
TFGR,0.255,-0.48,-19.402936725270187,1076.766736637711,18.99378305804599,1095.7605196957568,1059
TFGR,0.255,-0.45999999999999996,-19.40149402661779,1074.319348719943,18.788407746316174,1093.1077564662592,1059
TFGR,0.255,-0.43999999999999995,-19.40004873192384,1071.935416423691,18.585224845920166,1090.5206412696114,1059
TFGR,0.255,-0.42,-19.398600841165486,1069.6157708642268,18.38430798161415,1088.000078845841,1059
TFGR,0.255,-0.39999999999999997,-19.397150354396334,1067.361249176016,18.18573284409287,1085.5469820201088,1059
TFGR,0.255,-0.37999999999999995,-19.395697271747135,1065.1726944943662,17.989577245474692,1083.162271739841,1059
TFGR,0.255,-0.36,-19.39424159342661,1063.0509559354398,17.795921176194806,1080.8468771116345,1059
TFGR,0.255,-0.33999999999999997,-19.392783319722085,1060.9968885746923,17.604846863338608,1078.601735438031,1059
TFGR,0.255,-0.31999999999999995,-19.39132245100028,1059.011353423621,17.41643883044767,1076.4277922540687,1059
TFGR,0.255,-0.29999999999999993,-19.38985898770799,1057.0952174049012,17.23078395883129,1074.3260013637325,1059
TFGR,0.255,-0.2799999999999999,-19.38839293037281,1055.2493533257782,17.047971550417305,1072.2973248761955,1059
TFGR,0.255,-0.2599999999999999,-19.386924279603853,1053.4746398497728,16.868093392176227,1070.342733241949,1059
TFGR,0.255,-0.24,-19.385453036092454,1051.771961466637,16.69124382215339,1068.4632052887905,1059
TFGR,0.255,-0.21999999999999997,-19.383979200612853,1050.1422084605538,16.517519797144203,1066.659728257698,1059
TFGR,0.255,-0.2,-19.382502774022907,1048.5862768765487,16.347020962048532,1064.9332978385974,1059
TFGR,0.26,-0.8,-19.4228396591999,1114.0393424454273,21.39367023419323,1135.4330126796206,1059
TFGR,0.26,-0.78,-19.42145458327115,1110.9158123265092,21.176999755023743,1132.0928120815329,1059
TFGR,0.26,-0.76,-19.420066923906415,1107.8422227705316,20.96165981385594,1128.8038825843876,1059
TFGR,0.26,-0.74,-19.418676679754746,1104.8192906184736,20.747697614368036,1125.5669882328416,1059
TFGR,0.26,-0.72,-19.417283849527827,1101.8477387682067,20.535161689709863,1122.3829004579165,1059
TFGR,0.26,-0.7000000000000001,-19.41588843200078,1098.9282961804083,20.324101938745336,1119.2523981191537,1059
TFGR,0.26,-0.68,-19.414490426012883,1096.0616978832973,20.114569663246904,1116.176267546544,1059
TFGR,0.26,-0.66,-19.413089830468355,1093.2486849762672,19.906617606064998,1113.1553025823323,1059
TFGR,0.26,-0.64,-19.411686644337095,1090.4900046322882,19.700299990296735,1110.190304622585,1059
TFGR,0.26,-0.62,-19.410280866655476,1087.786410099131,19.49567255947797,1107.282082658609,1059
TFGR,0.26,-0.6,-19.408872496527067,1085.1386606993801,19.292792618823576,1104.4314533182037,1059
TFGR,0.26,-0.5800000000000001,-19.40746153312342,1082.5475218291447,19.091719077541516,1101.6392409066862,1059
TFGR,0.26,-0.56,-19.40604797568482,1080.0137649555154,18.892512492246265,1098.9062774477616,1059
TFGR,0.26,-0.54,-19.404631823521058,1077.5381676127186,18.695235111498132,1096.2334027242166,1059
TFGR,0.26,-0.52,-19.40321307601217,1075.1215133969129,18.499950921495444,1093.6214643184082,1059
TFGR,0.26,-0.5,-19.401791732609205,1072.7645919596462,18.306725692946742,1091.0713176525928,1059
TFGR,0.26,-0.48,-19.400367792834988,1070.4681989999253,18.11562702915117,1088.5838260290766,1059
TFGR,0.26,-0.45999999999999996,-19.398941256284864,1068.233136254862,17.926724415315416,1086.1598606701775,1059
TFGR,0.26,-0.43999999999999995,-19.397512122627457,1066.0602114889025,17.740089269136153,1083.8003007580387,1059
TFGR,0.26,-0.42,-19.39608039160542,1063.95023848157,17.555794992677622,1081.5060334742477,1059
TFGR,0.26,-0.39999999999999997,-19.394646063036195,1061.9040370137386,17.373917025574304,1079.2779540393128,1059
TFGR,0.26,-0.37999999999999995,-19.393209136812736,1059.9224328523992,17.19453289958941,1077.1169657519886,1059
TFGR,0.26,-0.36,-19.391769612904266,1058.0062577338585,17.017722294560222,1075.0239800284187,1059
TFGR,0.26,-0.33999999999999997,-19.390327491357038,1056.1563493454241,16.84356709576207,1072.999916441186,1059
TFGR,0.26,-0.31999999999999995,-19.388882772295027,1054.3735513054435,16.672151452723167,1071.0457027581667,1059
TFGR,0.26,-0.29999999999999993,-19.387435455920706,1052.6587131417618,16.50356183952306,1069.162274981285,1059
TFGR,0.26,-0.2799999999999999,-19.385985542515755,1051.0126902685627,16.337887116608126,1067.3505773851707,1059
TFGR,0.26,-0.2599999999999999,-19.38453303244178,1049.43634396151,16.175218594157943,1065.611562555668,1059
TFGR,0.26,-0.24,-19.38307792614106,1047.9305413312386,16.015650097036982,1063.9461914282756,1059
TFGR,0.26,-0.21999999999999997,-19.38162022413724,1046.4961552950886,15.85927803136672,1062.3554333264553,1059
TFGR,0.26,-0.2,-19.380159927036043,1045.1340645471764,15.706201452753554,1060.84026599993,1059
TFGR,0.265,-0.8,-19.42002953806917,1104.8246563118582,20.339713182968936,1125.1643694948273,1059
TFGR,0.265,-0.78,-19.41866042498797,1101.9237275721116,20.137879483195206,1122.061607055307,1059
TFGR,0.265,-0.76,-19.417288731674663,1099.07174077071,19.937449419662062,1119.009190190372,1059
TFGR,0.265,-0.74,-19.415914456578204,1096.2693965458584,19.738470315585346,1116.0078668614437,1059
TFGR,0.265,-0.72,-19.414537598208394,1093.5174015297166,19.540990807957094,1113.0583923376737,1059
TFGR,0.265,-0.7000000000000001,-19.41315815513669,1090.8164683563505,19.345060883178807,1110.1615292395293,1059
TFGR,0.265,-0.68,-19.41177612599692,1088.1673156685947,19.15073191363026,1107.318047582225,1059
TFGR,0.265,-0.66,-19.410391509486093,1085.5706681238132,18.95805669519686,1104.52872481901,1059
TFGR,0.265,-0.64,-19.409004304365123,1083.0272563985536,18.767089485779096,1101.7943458843326,1059
TFGR,0.265,-0.62,-19.407614509459627,1080.5378171920365,18.5778860448083,1099.1157032368449,1059
TFGR,0.265,-0.6,-19.406222123660655,1078.1030932284798,18.390503673792967,1096.4935969022727,1059
TFGR,0.265,-0.5800000000000001,-19.404827145925484,1075.7238332582237,18.205001257920916,1093.9288345161447,1059
TFGR,0.265,-0.56,-19.403429575278384,1073.4007920576194,18.021439308742824,1091.4222313663622,1059
TFGR,0.265,-0.54,-19.402029410811352,1071.134730427675,17.83988000796304,1088.9746104356382,1059
TFGR,0.265,-0.52,-19.400626651684906,1068.9264151914385,17.66038725236446,1086.586802443803,1059
TFGR,0.265,-0.5,-19.399221297128843,1066.776619190031,17.483026699894445,1084.2596458899254,1059
TFGR,0.265,-0.48,-19.39781334644301,1064.6861212774295,17.30786581693949,1081.993987094369,1059
TFGR,0.265,-0.45999999999999996,-19.396402798998043,1062.6557063138007,17.134973926816624,1079.7906802406173,1059
TFGR,0.265,-0.43999999999999995,-19.394989654236163,1060.6861651575455,16.96442225951066,1077.6505874170562,1059
TFGR,0.265,-0.42,-19.393573911671897,1058.7782946558918,16.796284002685933,1075.5745786585778,1059
TFGR,0.265,-0.39999999999999997,-19.39215557089287,1056.9328976340457,16.63063435400295,1073.5635319880487,1059
TFGR,0.265,-0.37999999999999995,-19.390734631560562,1055.1507828829144,16.46755057476972,1071.6183334576842,1059
TFGR,0.265,-0.36,-19.389311093411028,1053.4327651453475,16.307112044959087,1069.7398771903065,1059
TFGR,0.265,-0.33999999999999997,-19.387884956255675,1051.7796651008575,16.149400319623084,1067.9290654204806,1059
TFGR,0.265,-0.31999999999999995,-19.38645621998203,1050.1923093488108,15.994499186736766,1066.1868085355475,1059
TFGR,0.265,-0.29999999999999993,-19.385024884554433,1048.6715303900642,15.842494726503606,1064.5140251165678,1059
TFGR,0.265,-0.2799999999999999,-19.383590950014842,1047.21816660703,15.693475372155824,1062.9116419791858,1059
TFGR,0.265,-0.2599999999999999,-19.382154416483523,1045.8330622421277,15.54753197228326,1061.3805942144108,1059
TFGR,0.265,-0.24,-19.38071528415981,1044.5170673746065,15.404757854725014,1059.9218252293315,1059
TFGR,0.265,-0.21999999999999997,-19.379273553322818,1043.2710378957058,15.265248892058493,1058.5362867877643,1059
TFGR,0.265,-0.2,-19.377829224332213,1042.095835482146,15.129103568721485,1057.2249390508675,1059
TFGR,0.27,-0.8,-19.41723648828693,1096.2368141980803,19.361587338753814,1115.5984015368342,1059
TFGR,0.27,-0.78,-19.41588315663096,1093.5503332583962,19.17417863718472,1112.724511895581,1059
TFGR,0.27,-0.76,-19.414527248665607,1090.9118392599903,18.988244381726354,1109.9000836417167,1059
TFGR,0.27,-0.74,-19.413168762646084,1088.3220170944192,18.80383201263666,1107.1258491070557,1059
TFGR,0.27,-0.72,-19.411807696886722,1085.781557581684,18.62099026873494,1104.4025478504188,1059
TFGR,0.27,-0.7000000000000001,-19.410444049761683,1083.2911574800335,18.43976922244137,1101.7309267024748,1059
TFGR,0.27,-0.68,-19.40907781970576,1080.8515194948213,18.26022031573584,1099.111739810557,1059
TFGR,0.27,-0.66,-19.407709005215136,1078.4633522862846,18.082396397059124,1096.5457486833436,1059
TFGR,0.27,-0.64,-19.406337604848126,1076.1273704762507,17.906351759179433,1094.03372223543,1059
TFGR,0.27,-0.62,-19.40496361722597,1073.8442946537727,17.73214217804825,1091.576436831821,1059
TFGR,0.27,-0.6,-19.403587041033603,1071.6148513796238,17.55982495266941,1089.1746763322933,1059
TFGR,0.27,-0.5800000000000001,-19.402207875020395,1069.4397731896483,17.389458946006478,1086.8292321356548,1059
TFGR,0.27,-0.56,-19.40082611800094,1067.3197985969691,17.221104626953526,1084.5409032239227,1059
TFGR,0.27,-0.54,-19.399441768855823,1065.2556720929595,17.05482411339494,1082.3104962063544,1059
TFGR,0.27,-0.52,-19.398054826532412,1063.2481441470259,16.89068121638077,1080.1388253634066,1059
TFGR,0.27,-0.5,-19.396665290045583,1061.2979712051292,16.728741485444267,1078.0267126905735,1059
TFGR,0.27,-0.48,-19.395273158478506,1059.4059156870358,16.569072255088912,1075.9749879421247,1059
TFGR,0.27,-0.45999999999999996,-19.393878430983463,1057.5727459822922,16.411742692472977,1073.984488674765,1059
TFGR,0.27,-0.43999999999999995,-19.392481106782526,1055.799236444829,16.256823846319726,1072.0560602911487,1059
TFGR,0.27,-0.42,-19.39108118516842,1054.0861673862614,16.10438869708253,1070.190556083344,1059
TFGR,0.27,-0.39999999999999997,-19.389678665505212,1052.4343250678044,15.954512208394144,1068.3888372761985,1059
TFGR,0.27,-0.37999999999999995,-19.388273547229126,1050.8445016907654,15.807271379830214,1066.6517730705955,1059
TFGR,0.27,-0.36,-19.386865829849285,1049.3174953856499,15.662745301017758,1064.9802406866677,1059
TFGR,0.27,-0.33999999999999997,-19.385455512948482,1047.8541101997864,15.521015207119536,1063.375125406906,1059
TFGR,0.27,-0.31999999999999995,-19.38404259618392,1046.455156083482,15.382164535726341,1061.8373206192084,1059
TFGR,0.27,-0.29999999999999993,-19.382627079288014,1045.1214488746957,15.246278985189003,1060.3677278598848,1059
TFGR,0.27,-0.2799999999999999,-19.38120896206908,1043.8538102821417,15.113446574423515,1058.9672568565652,1059
TFGR,0.27,-0.2599999999999999,-19.379788244412165,1042.6530678669153,14.983757704222247,1057.6368255711375,1059
TFGR,0.27,-0.24,-19.378364926279716,1041.5200550224652,14.857305220105388,1056.3773602425706,1059
TFGR,0.27,-0.21999999999999997,-19.376939007712384,1040.455610953021,14.734184476747185,1055.1897954297683,1059
TFGR,0.27,-0.2,-19.375510488829725,1039.460580650365,14.61449340401204,1054.0750740543772,1059
TFGR,0.275,-0.8,-19.414460224819695,1088.2572065746301,18.457714875524207,1106.7149214501544,1059
TFGR,0.275,-0.78,-19.413122497396294,1085.7773250288562,18.28433160826608,1104.0616566371223,1059
TFGR,0.275,-0.76,-19.411782198273276,1083.344516466942,18.112491359848573,1101.4570078267905,1059
TFGR,0.275,-0.74,-19.410439325518396,1080.9594504765678,17.942241684542413,1098.9016921611103,1059
TFGR,0.275,-0.72,-19.40909387725673,1078.6228025060489,17.77363142041903,1096.3964339264678,1059
TFGR,0.275,-0.7000000000000001,-19.407745851671443,1076.3352538759327,17.606710723811073,1093.9419645997439,1059
TFGR,0.275,-0.68,-19.406395247004532,1074.0974917896592,17.441531104676606,1091.5390228943359,1059
TFGR,0.275,-0.66,-19.405042061557612,1071.9102093432352,17.278145462889448,1089.1883548061246,1059
TFGR,0.275,-0.64,-19.403686293692683,1069.7741055338615,17.116608125478443,1086.89071365934,1059
TFGR,0.275,-0.62,-19.402327941832876,1067.689885267554,16.956974884839276,1084.6468601523934,1059
TFGR,0.275,-0.6,-19.40096700446324,1065.6582593656854,16.799303037942636,1082.457562403628,1059
TFGR,0.275,-0.5800000000000001,-19.39960348013151,1063.6799445704196,16.643651426563174,1080.3235959969827,1059
TFGR,0.275,-0.56,-19.39823736744888,1061.7556635490678,16.49008047855423,1078.245744027622,1059
TFGR,0.275,-0.54,-19.39686866509077,1059.886144897266,16.338652250193576,1076.2247971474594,1059
TFGR,0.275,-0.52,-19.395497371797614,1058.0721231410043,16.18943046962651,1074.261553610631,1059
TFGR,0.275,-0.5,-19.394123486375612,1056.3143387374716,16.042480581432287,1072.356819318904,1059
TFGR,0.275,-0.48,-19.39274700769752,1054.613538074662,15.897869792341393,1070.5114078670035,1059
TFGR,0.275,-0.45999999999999996,-19.391367934703418,1052.970473469763,15.755667118130816,1068.7261405878937,1059
TFGR,0.275,-0.43999999999999995,-19.389986266401504,1051.3859031662623,15.61594343172568,1067.001846597988,1059
TFGR,0.275,-0.42,-19.388602001868826,1049.8605913297574,15.47877151253573,1065.3393628422932,1059
TFGR,0.275,-0.39999999999999997,-19.38721514025211,1048.3953080424599,15.34422609705584,1063.7395341395156,1059
TFGR,0.275,-0.37999999999999995,-19.385825680768477,1046.9908292963423,15.212383930760407,1062.2032132271027,1059
TFGR,0.275,-0.36,-19.384433622706258,1045.6479369849376,15.083323821321793,1060.7312608062593,1059
TFGR,0.275,-0.33999999999999997,-19.38303896542574,1044.3674188937002,14.95712669318378,1059.324545586884,1059
TFGR,0.275,-0.31999999999999995,-19.381641708359947,1043.1500686889926,14.833875643521328,1057.983944332514,1059
TFGR,0.275,-0.29999999999999993,-19.380241851015406,1041.9966859056287,14.71365599961877,1056.7103419052476,1059
TFGR,0.275,-0.2799999999999999,-19.378839392972896,1040.908075932861,14.596555377698941,1055.50463131056,1059
TFGR,0.275,-0.2599999999999999,-19.37743433388824,1039.8850499990199,14.482663743236316,1054.3677137422562,1059
TFGR,0.275,-0.24,-19.376026673493023,1038.9284251544755,14.372073472787994,1053.3004986272636,1059
TFGR,0.275,-0.21999999999999997,-19.3746164115954,1038.0390242531869,14.264879417376724,1052.3039036705636,1059
TFGR,0.275,-0.2,-19.37320354808081,1037.2176759325903,14.161178967460824,1051.378854900051,1059
TFGR,0.28,-0.8,-19.411700471034493,1080.8679528840648,17.626575234635148,1098.4945281187,1059
TFGR,0.28,-0.78,-19.410378174724993,1078.5871129926072,17.466829488885082,1096.0539424814924,1059
TFGR,0.28,-0.76,-19.40905331198259,1076.3524707485362,17.30869314732578,1093.661163895862,1059
TFGR,0.28,-0.74,-19.407725880693683,1074.1646808652445,17.152213874726375,1091.3168947399708,1059
TFGR,0.28,-0.72,-19.406395878800236,1072.0244038469646,16.997440605325377,1089.02184445229,1059
TFGR,0.28,-0.7000000000000001,-19.40506330430052,1069.9323060020884,16.844423576726523,1086.7767295788149,1059
TFGR,0.28,-0.68,-19.403728155249887,1067.8890594554805,16.69321436468298,1084.5822738201634,1059
TFGR,0.28,-0.66,-19.40239042976154,1065.8953421598958,16.54386591879149,1082.4392080786872,1059
TFGR,0.28,-0.64,-19.40105012600726,1063.9518379064314,16.396432599119706,1080.348270505551,1059
TFGR,0.28,-0.62,-19.399707242218234,1062.0592363339806,16.25097021378947,1078.3102065477701,1059
TFGR,0.28,-0.6,-19.398361776685775,1060.2182329376765,16.10753605753951,1076.325768995216,1059
TFGR,0.28,-0.5800000000000001,-19.39701372776213,1058.4295290762905,15.966188951291995,1074.3957180275825,1059
TFGR,0.28,-0.56,-19.395663093861216,1056.6938319785918,15.826989282747386,1072.5208212613393,1059
TFGR,0.28,-0.54,-19.394309873459434,1055.0118547485845,15.689999048032602,1070.7018537966171,1059
TFGR,0.28,-0.52,-19.392954065096422,1053.3843163696579,15.555281894428354,1068.9395982640863,1059
TFGR,0.28,-0.5,-19.391595667375835,1051.8119417075957,15.42290316420163,1067.2348448717973,1059
TFGR,0.28,-0.48,-19.39023467896612,1050.295461512399,15.292929939570143,1065.588391451969,1059
TFGR,0.28,-0.45999999999999996,-19.388871098601314,1048.835612418965,15.165431088825871,1064.0010435077909,1059
TFGR,0.28,-0.43999999999999995,-19.3875049250818,1047.433136946511,15.04047731364556,1062.4736142601566,1059
TFGR,0.28,-0.42,-19.386136157275086,1046.0887834967807,14.918141197616475,1061.0069246943972,1059
TFGR,0.28,-0.39999999999999997,-19.38476479411661,1044.803306350981,14.798497256006195,1059.6018036069872,1059
TFGR,0.28,-0.37999999999999995,-19.383390834610484,1043.577465665422,14.681621986806054,1058.2590876522281,1059
TFGR,0.28,-0.36,-19.3820142778303,1042.4120274658671,14.567593923077975,1056.9796213889451,1059
TFGR,0.28,-0.33999999999999997,-19.380635122919898,1041.307763640512,14.456493686635499,1055.7642573271473,1059
TFGR,0.28,-0.31999999999999995,-19.379253369094126,1040.2654519316147,14.348404043089978,1054.6138559747046,1059
TFGR,0.28,-0.29999999999999993,-19.377869015639654,1039.2858759257274,14.243409958293613,1053.529285884021,1059
TFGR,0.28,-0.2799999999999999,-19.376482061915695,1038.3698250425273,14.141598656211757,1052.511423698739,1059
TFGR,0.28,-0.2599999999999999,-19.375092507354825,1037.5180945221946,14.043059678257185,1051.5611542004517,1059
TFGR,0.28,-0.24,-19.373700351463725,1036.7314854112938,13.947884944119787,1050.6793703554135,1059
TFGR,0.28,-0.21999999999999997,-19.37230559382396,1036.010804547247,13.85616881412581,1049.8669733613729,1059
TFGR,0.28,-0.2,-19.370908234092738,1035.356864541195,13.768008153161125,1049.124872694356,1059
TFGR,0.28500000000000003,-0.8,-19.40895695833777,1074.0518644601666,16.866702175415483,1090.918566635582,1059
TFGR,0.28500000000000003,-0.78,-19.40764992394973,1071.9627855046797,16.720217158326466,1088.6830026630062,1059
TFGR,0.28500000000000003,-0.76,-19.40634032902389,1069.9190652188486,16.575405791724922,1086.4944710105735,1059
TFGR,0.28500000000000003,-0.74,-19.405028171271272,1067.9213438583715,16.432315846923768,1084.3536597052953,1059
TFGR,0.28500000000000003,-0.72,-19.40371344845672,1065.9702673983857,16.290996350779764,1082.2612637491654,1059
TFGR,0.28500000000000003,-0.7000000000000001,-19.402396158399625,1064.0664875482632,16.15149761903863,1080.2179851673018,1059
TFGR,0.28500000000000003,-0.68,-19.401076298974687,1062.2106617655256,16.01387129055312,1078.2245330560788,1059
TFGR,0.28500000000000003,-0.66,-19.399753868112683,1060.403453268888,15.878170362395736,1076.2816236312838,1059
TFGR,0.28500000000000003,-0.64,-19.398428863801247,1058.645531050378,15.744449225888488,1074.3899802762664,1059
TFGR,0.28500000000000003,-0.62,-19.3971012840856,1056.9375698865056,15.612763703572403,1072.550333590078,1059
TFGR,0.28500000000000003,-0.6,-19.395771127069377,1055.2802503484804,15.4831710871402,1070.7634214356206,1059
TFGR,0.28500000000000003,-0.5800000000000001,-19.394438390915326,1053.674258811473,15.355730176355708,1069.0299889878288,1059
TFGR,0.28500000000000003,-0.56,-19.393103073846152,1052.120287462776,15.230501318984489,1067.3507887817607,1059
TFGR,0.28500000000000003,-0.54,-19.39176517414524,1050.6190343090389,15.10754645176037,1065.7265807607992,1059
TFGR,0.28500000000000003,-0.52,-19.390424690157477,1049.1712031823668,14.986929142413265,1064.1581323247801,1059
TFGR,0.28500000000000003,-0.5,-19.389081620289982,1047.7775037453669,14.868714632783927,1062.6462183781507,1059
TFGR,0.28500000000000003,-0.48,-19.387735963012926,1046.4386514950609,14.75296988305245,1061.1916213781133,1059
TFGR,0.28500000000000003,-0.45999999999999996,-19.386387716860302,1045.1553677657023,14.63976361710677,1059.7951313828091,1059
TFGR,0.28500000000000003,-0.43999999999999995,-19.3850368804307,1043.9283797303774,14.529166369079341,1058.4575460994567,1059
TFGR,0.28500000000000003,-0.42,-19.383683452388087,1042.7584204014834,14.421250531079332,1057.1796709325627,1059
TFGR,0.28500000000000003,-0.39999999999999997,-19.382327431462613,1041.6462286299388,14.316090402149332,1055.962319032088,1059
TFGR,0.28500000000000003,-0.37999999999999995,-19.380968816451368,1040.592549103208,14.213762238475585,1054.8063113416836,1059
TFGR,0.28500000000000003,-0.36,-19.379607606219174,1039.598132342004,14.114344304881133,1053.712476646885,1059
TFGR,0.28500000000000003,-0.33999999999999997,-19.378243799699373,1038.6637346957855,14.017916927632708,1052.6816516234182,1059
TFGR,0.28500000000000003,-0.31999999999999995,-19.376877395894606,1037.790118336859,13.924562548591421,1051.7146808854504,1059
TFGR,0.28500000000000003,-0.29999999999999993,-19.375508393877595,1036.9780512532138,13.834365780739411,1050.8124170339534,1059
TFGR,0.28500000000000003,-0.2799999999999999,-19.37413679279193,1036.2283072399425,13.74741346511378,1049.9757207050563,1059
TFGR,0.28500000000000003,-0.2599999999999999,-19.372762591852833,1035.5416658892982,13.663794729180852,1049.205460618479,1059
TFGR,0.28500000000000003,-0.24,-19.37138579034795,1034.9189125793455,13.583601046683496,1048.502513626029,1059
TFGR,0.28500000000000003,-0.21999999999999997,-19.370006387638124,1034.3608384611503,13.506926298995634,1047.867764760146,1059
TFGR,0.28500000000000003,-0.2,-19.368624383158167,1033.868240444538,13.433866838017932,1047.3021072825559,1059
TFGR,0.29000000000000004,-0.8,-19.406229425834653,1067.7924097911962,16.176681021470298,1083.9690908126665,1059
TFGR,0.29000000000000004,-0.78,-19.4049374879615,1065.88807522857,16.043090561391928,1081.9311657899618,1059
TFGR,0.29000000000000004,-0.76,-19.40364299604692,1064.0282945993072,15.91123590597236,1079.9395305052794,1059
TFGR,0.29000000000000004,-0.74,-19.402345947632444,1062.2136941053345,15.781164928714094,1077.9948590340487,1059
TFGR,0.29000000000000004,-0.72,-19.401046340311638,1060.4449055951814,15.652926745121642,1076.097832340303,1059
TFGR,0.29000000000000004,-0.7000000000000001,-19.39974417173087,1058.7225665801689,15.526571745509319,1074.2491383256781,1059
TFGR,0.29000000000000004,-0.68,-19.398439439590085,1057.0473202498124,15.402151628666724,1072.449471878479,1059
TFGR,0.29000000000000004,-0.66,-19.397132141643546,1055.4198154863493,15.279719436403852,1070.6995349227532,1059
TFGR,0.29000000000000004,-0.64,-19.395822275700596,1053.8407068784068,15.159329588997434,1069.0000364674042,1059
TFGR,0.29000000000000004,-0.62,-19.394509839626433,1052.3106547337848,15.04103792156123,1067.351692655346,1059
TFGR,0.29000000000000004,-0.6,-19.39319483134288,1050.8303250913468,14.924901721363092,1065.75522681271,1059
TFGR,0.29000000000000004,-0.5800000000000001,-19.391877248829132,1049.400389731914,14.810979766112228,1064.2113694980262,1059
TFGR,0.29000000000000004,-0.56,-19.39055709012257,1048.0215261882586,14.699332363240895,1062.7208585514995,1059
TFGR,0.29000000000000004,-0.54,-19.3892343533195,1046.6944177540818,14.590021390204607,1061.2844391442864,1059
TFGR,0.29000000000000004,-0.52,-19.387909036575955,1045.4197534920038,14.483110335826032,1059.9028638278298,1059
TFGR,0.29000000000000004,-0.5,-19.386581138108458,1044.1982282404774,14.37866434270825,1058.5768925831858,1059
TFGR,0.29000000000000004,-0.48,-19.38525065619481,1043.030542619686,14.27675025074302,1057.3072928704291,1059
TFGR,0.29000000000000004,-0.45999999999999996,-19.383917589174875,1041.9174030363574,14.177436641741163,1056.0948396780987,1059
TFGR,0.29000000000000004,-0.43999999999999995,-19.382581935451366,1040.8595216874107,14.080793885211524,1054.9403155726222,1059
TFGR,0.29000000000000004,-0.42,-19.381243693490617,1039.8576165625714,13.98689418531692,1053.8445107478883,1059
TFGR,0.29000000000000004,-0.39999999999999997,-19.37990286182339,1038.9124114457213,13.895811629034597,1052.808223074756,1059
TFGR,0.29000000000000004,-0.37999999999999995,-19.37855943904563,1038.024635915148,13.807622235550587,1051.8322581506986,1059
TFGR,0.29000000000000004,-0.36,-19.3772134238193,1037.1950253425275,13.722404006916875,1050.9174293494443,1059
TFGR,0.29000000000000004,-0.33999999999999997,-19.37586481487311,1036.4243208907183,13.64023698000144,1050.0645578707197,1059
TFGR,0.29000000000000004,-0.31999999999999995,-19.37451361100337,1035.7132695102716,13.561203279761845,1049.2744727900335,1059
TFGR,0.29000000000000004,-0.29999999999999993,-19.373159811074707,1035.0626239346634,13.485387173873162,1048.5480111085365,1059
TFGR,0.29000000000000004,-0.2799999999999999,-19.37180341402092,1034.4731426742092,13.41287512874205,1047.8860178029513,1059
TFGR,0.29000000000000004,-0.2599999999999999,-19.3704444188457,1033.945590008661,13.343755866939205,1047.2893458756002,1059
TFGR,0.29000000000000004,-0.24,-19.36908282462349,1033.4807359784427,13.278120426083069,1046.7588564045257,1059
TFGR,0.29000000000000004,-0.21999999999999997,-19.36771863050019,1033.0793563744733,13.216062219208133,1046.2954185936815,1059
TFGR,0.29000000000000004,-0.2,-19.366351835693997,1032.7422327266322,13.157677096651875,1045.8999098232841,1059
TFGR,0.29500000000000004,-0.8,-19.40351762000726,1062.0736819495316,15.555146086865161,1077.6288280363967,1059
TFGR,0.29500000000000004,-0.78,-19.40224061689482,1060.3473273086604,15.434094164510562,1075.781421473171,1059
TFGR,0.29500000000000004,-0.76,-19.400961066812886,1058.6647541233237,15.314838154427125,1073.979592277751,1059
TFGR,0.29500000000000004,-0.74,-19.399678967139188,1057.0265749331406,15.197426027590497,1072.2240009607312,1059
TFGR,0.29500000000000004,-0.72,-19.398394315301775,1055.4334078503355,15.081906983799461,1070.5153148341349,1059
TFGR,0.29500000000000004,-0.7000000000000001,-19.39710710877975,1053.885876577196,14.968331483958963,1068.854208061155,1059
TFGR,0.29500000000000004,-0.68,-19.395817345104046,1052.3846104228364,14.85675128320646,1067.2413617060429,1059
TFGR,0.29500000000000004,-0.66,-19.39452502185817,1050.930244319103,14.747219464902653,1065.6774637840056,1059
TFGR,0.29500000000000004,-0.64,-19.39323013667896,1049.5234188357133,14.639790475508056,1064.1632093112214,1059
TFGR,0.29500000000000004,-0.62,-19.391932687257363,1048.164780194496,14.534520160368013,1062.699300354864,1059
TFGR,0.29500000000000004,-0.6,-19.390632671339194,1046.854980282818,14.431465800428258,1061.2864460832461,1059
TFGR,0.29500000000000004,-0.5800000000000001,-19.3893300867259,1045.5946766660866,14.330686149904682,1059.9253628159913,1059
TFGR,0.29500000000000004,-0.56,-19.388024931275325,1044.3845325993602,14.232241474930449,1058.6167740742908,1059
TFGR,0.29500000000000004,-0.54,-19.38671720290251,1043.2252170379984,14.136193593205007,1057.3614106312034,1059
TFGR,0.29500000000000004,-0.52,-19.385406899580445,1042.117404647383,14.042605914669366,1056.1600105620523,1059
TFGR,0.29500000000000004,-0.5,-19.38409401934086,1041.061775811645,13.951543483232994,1055.013319294878,1059
TFGR,0.29500000000000004,-0.48,-19.38277856027501,1040.0590166413456,13.863073019577982,1053.9220896609236,1059
TFGR,0.29500000000000004,-0.45999999999999996,-19.381460520534443,1039.1098189801937,13.777262965066672,1052.8870819452604,1059
TFGR,0.29500000000000004,-0.43999999999999995,-19.3801398983318,1038.2148804106396,13.694183526779705,1051.9090639374192,1059
TFGR,0.29500000000000004,-0.42,-19.378816691941598,1037.3749042584404,13.613906723711597,1050.988810982152,1059
TFGR,0.29500000000000004,-0.39999999999999997,-19.37749089970101,1036.5905995960707,13.536506434151908,1050.1271060302226,1059
TFGR,0.29500000000000004,-0.37999999999999995,-19.376162520010666,1035.8626812450432,13.462058444280466,1049.3247396893237,1059
TFGR,0.29500000000000004,-0.36,-19.374831551335433,1035.1918697770366,13.390640498005476,1048.582510275042,1059
TFGR,0.29500000000000004,-0.33999999999999997,-19.373497992205216,1034.5788915138714,13.322332348074411,1047.901223861946,1059
TFGR,0.29500000000000004,-0.31999999999999995,-19.372161841215746,1034.0244785262773,13.257215808487482,1047.2816943347648,1059
TFGR,0.29500000000000004,-0.29999999999999993,-19.370823097029344,1033.5293686313912,13.195374808244784,1046.724743439636,1059
TFGR,0.29500000000000004,-0.2799999999999999,-19.36948175837578,1033.0943053890464,13.13689544645829,1046.2312008355048,1059
TFGR,0.29500000000000004,-0.2599999999999999,-19.36813782405298,1032.7200380967593,13.0818660488606,1045.8019041456198,1059
TFGR,0.29500000000000004,-0.24,-19.366791292927893,1032.407321783401,13.030377225743033,1045.437699009144,1059
TFGR,0.29500000000000004,-0.21999999999999997,-19.365442163937225,1032.1569172015595,12.982521931356128,1045.1394391329156,1059
TFGR,0.29500000000000004,-0.2,-19.364090436088276,1031.9695908185026,12.938395524806445,1044.9079863433092,1059
TFGR,0.30000000000000004,-0.8,-19.40082129441071,1056.880368025815,15.000778267870368,1071.8811462936853,1059
TFGR,0.30000000000000004,-0.78,-19.399559067830243,1055.3254694952934,14.891918575180027,1070.2173880704734,1059
TFGR,0.30000000000000004,-0.76,-19.39829430190331,1053.8136103425427,14.784912900056424,1068.5985232425992,1059
TFGR,0.30000000000000004,-0.74,-19.397026993849444,1052.3453898242224,14.679809305903914,1067.0251991301263,1059
TFGR,0.30000000000000004,-0.72,-19.39575714093676,1050.9214126945874,14.576657072114147,1065.4980697667015,1059
TFGR,0.30000000000000004,-0.7000000000000001,-19.394484740482735,1049.5422892241913,14.475506725836972,1064.0177959500284,1059
TFGR,0.30000000000000004,-0.68,-19.39320978985492,1048.2086352178478,14.376410074580173,1062.585045292428,1059
TFGR,0.30000000000000004,-0.66,-19.391932286471725,1046.9210720318606,14.27942023965866,1061.2004922715194,1059
TFGR,0.30000000000000004,-0.64,-19.390652227803134,1045.6802265904703,14.184591690514624,1059.864818280985,1059
TFGR,0.30000000000000004,-0.62,-19.38936961137152,1044.4867314014878,14.091980279930636,1058.5787116814183,1059
TFGR,0.30000000000000004,-0.6,-19.388084434752358,1043.3412245711263,14.001643280157491,1057.3428678512837,1059
TFGR,0.30000000000000004,-0.5800000000000001,-19.38679669557501,1042.2443498180135,13.913639419980305,1056.1579892379937,1059
TFGR,0.30000000000000004,-0.56,-19.385506391523514,1041.1967564862566,13.828028922745421,1055.024785409002,1059
TFGR,0.30000000000000004,-0.54,-19.38421352033731,1040.1990995577385,13.744873545372606,1053.9439731031111,1059
TFGR,0.30000000000000004,-0.52,-19.382918079812065,1039.2520396633988,13.664236618376476,1052.9162762817753,1059
TFGR,0.30000000000000004,-0.5,-19.381620067800426,1038.35624309362,13.586183086922032,1051.942426180542,1059
TFGR,0.30000000000000004,-0.48,-19.380319482212794,1037.5123818076636,13.51077955293982,1051.0231613606034,1059
TFGR,0.30000000000000004,-0.45999999999999996,-19.379016321018135,1036.7211334421054,13.43809431832654,1050.159227760432,1059
TFGR,0.30000000000000004,-0.43999999999999995,-19.377710582244717,1035.9831813182655,13.368197429257604,1049.351378747523,1059
TFGR,0.30000000000000004,-0.42,-19.376402263980957,1035.2992144486125,13.301160721638478,1048.600375170251,1059
TFGR,0.30000000000000004,-0.39999999999999997,-19.375091364376168,1034.6699275421145,13.237057867722752,1047.9069854098373,1059
TFGR,0.30000000000000004,-0.37999999999999995,-19.373777881641352,1034.09602100849,13.175964423924485,1047.2719854324146,1059
TFGR,0.30000000000000004,-0.36,-19.37246181405001,1033.5782009613627,13.11795787985411,1046.6961588412169,1059
TFGR,0.30000000000000004,-0.33999999999999997,-19.371143159938928,1033.1171792203022,13.063117708606775,1046.180296928909,1059
TFGR,0.30000000000000004,-0.31999999999999995,-19.369821917708965,1032.713673311695,13.01152541833294,1045.7251987300278,1059
TFGR,0.30000000000000004,-0.29999999999999993,-19.368498085825838,1032.368406468414,12.96326460512197,1045.331671073536,1059
TFGR,0.30000000000000004,-0.2799999999999999,-19.367171662820958,1032.0821076283241,12.918421007229423,1045.0005286355536,1059
TFGR,0.30000000000000004,-0.2599999999999999,-19.365842647292176,1031.8555114315384,12.877082560679689,1044.732593992218,1059
TFGR,0.30000000000000004,-0.24,-19.364511037904613,1031.6893582164078,12.839339456276385,1044.528697672684,1059
TFGR,0.30000000000000004,-0.21999999999999997,-19.36317683339144,1031.584394014233,12.805284198053048,1044.389678212286,1059
TFGR,0.30000000000000004,-0.2,-19.361840032554678,1031.5413705427095,12.775011663197605,1044.316382205907,1059
TFGR,0.305,-0.8,-19.398140209385605,1052.1977204197676,14.512302787283968,1066.7100232070516,1059
TFGR,0.305,-0.78,-19.396892604512935,1050.80798407891,14.415298311954666,1065.2232823908648,1059
TFGR,0.305,-0.76,-19.39564246844465,1049.4605736954456,14.320204000126457,1063.7807776955722,1059
TFGR,0.305,-0.74,-19.394389798247555,1048.1560756105278,14.227068002291258,1062.383143612819,1059
TFGR,0.305,-0.72,-19.393134591035356,1046.8950815871478,14.135939672416903,1061.0310212595648,1059
TFGR,0.305,-0.7000000000000001,-19.39187684396937,1045.6781888299292,14.046869599217985,1059.7250584291473,1059
TFGR,0.305,-0.68,-19.3906165542593,1044.5060000042436,13.959909638241037,1058.4659096424846,1059
TFGR,0.305,-0.66,-19.389353719163974,1043.3791232546378,13.875112944784847,1057.2542361994226,1059
TFGR,0.305,-0.64,-19.38808833599209,1042.2981722224781,13.792534007677009,1056.090706230155,1059
TFGR,0.305,-0.62,-19.386820402102963,1041.2637660628911,13.71222868392782,1054.975994746819,1059
TFGR,0.305,-0.6,-19.385549914907312,1040.276529460909,13.634254234283933,1053.9107836951928,1059
TFGR,0.305,-0.5800000000000001,-19.38427687186799,1039.3370926468313,13.55866935970406,1052.8957620065353,1059
TFGR,0.305,-0.56,-19.383001270500788,1038.4460914107308,13.485534238779696,1051.9316256495106,1059
TFGR,0.305,-0.54,-19.381723108375162,1037.6041671161706,13.414910566124387,1051.0190776822951,1059
TFGR,0.305,-0.52,-19.38044238311504,1036.811966713008,13.3468615917555,1050.1588283047633,1059
TFGR,0.305,-0.5,-19.379159092399583,1036.0701427493364,13.28145216149306,1049.3515949108294,1059
TFGR,0.305,-0.48,-19.377873233963953,1035.3793533825212,13.218748758400709,1048.598102140922,1059
TFGR,0.305,-0.45999999999999996,-19.37658480560013,1034.7402623892579,13.158819545294175,1047.899081934552,1059
TFGR,0.305,-0.43999999999999995,-19.375293805157654,1034.1535391747234,13.101734408343697,1047.255273583067,1059
TFGR,0.305,-0.42,-19.37400023054444,1033.619858780714,13.04756500179672,1046.6674237825107,1059
TFGR,0.305,-0.39999999999999997,-19.372704079727555,1033.1399018927855,12.996384793848351,1046.1362866866339,1059
TFGR,0.305,-0.37999999999999995,-19.371405350734005,1032.7143548463318,12.948269113687154,1045.662623960019,1059
TFGR,0.305,-0.36,-19.37010404165154,1032.343909631671,12.90329519974481,1045.247204831416,1059
TFGR,0.305,-0.33999999999999997,-19.368800150629443,1032.0292638979915,12.861542249178337,1044.8908061471698,1059
TFGR,0.305,-0.31999999999999995,-19.367493675879317,1031.7711209562167,12.823091468614628,1044.5942124248313,1059
TFGR,0.305,-0.29999999999999993,-19.366184615675884,1031.5701897807355,12.788026126187113,1044.3582159069226,1059
TFGR,0.305,-0.2799999999999999,-19.364872968357805,1031.4271850099915,12.756431604895543,1044.1836166148871,1059
TFGR,0.305,-0.2599999999999999,-19.363558732328446,1031.342826945847,12.728395457319754,1044.0712224031668,1059
TFGR,0.305,-0.24,-19.362241906056703,1031.3178415518328,12.704007461719682,1044.0218490135524,1059
TFGR,0.305,-0.21999999999999997,-19.360922488077783,1031.3529604500582,12.683359679553815,1044.036320129612,1059
TFGR,0.305,-0.2,-19.35960047699401,1031.4489209169374,12.666546514449381,1044.1154674313868,1059
TFGR,0.31,-0.8,-19.395474131785882,1048.0115298526634,14.08848707954788,1062.1000169322112,1059
TFGR,0.31,-0.78,-19.394240997086197,1046.780881502094,14.003009713372045,1060.783891215466,1059
TFGR,0.31,-0.76,-19.393005339847452,1045.5918727107373,13.919496738977214,1059.5113694497145,1059
TFGR,0.31,-0.74,-19.391767156989086,1044.4450772601576,13.837996388333679,1058.2830736484914,1059
TFGR,0.31,-0.72,-19.390526445475732,1043.3410742773663,13.758558084683155,1057.0996323620493,1059
TFGR,0.31,-0.7000000000000001,-19.389283202317973,1042.280448255685,13.681232473321039,1055.961680729006,1059
TFGR,0.31,-0.68,-19.388037424573035,1041.2637890748833,13.60607145317899,1054.8698605280624,1059
TFGR,0.31,-0.66,-19.38678910934558,1040.291692020683,13.53312820922851,1053.8248202299117,1059
TFGR,0.31,-0.64,-19.385538253788436,1039.364757803589,13.46245724572578,1052.8272150493149,1059
TFGR,0.31,-0.62,-19.384284855103328,1038.4835925769512,13.394114420319397,1051.8777069972707,1059
TFGR,0.31,-0.6,-19.38302891054164,1037.6488079543694,13.3281569790424,1050.9769649334119,1059
TFGR,0.31,-0.5800000000000001,-19.381770417405203,1036.8610210262877,13.264643592210774,1050.1256646184986,1059
TFGR,0.31,-0.56,-19.380509373047015,1036.120854375844,13.20363439125121,1049.324488767095,1059
TFGR,0.31,-0.54,-19.37924577487204,1035.4289360939092,13.145191006481065,1048.5741271003903,1059
TFGR,0.31,-0.52,-19.377979620337943,1034.7858997933158,13.089376605864436,1047.8752763991802,1059
TFGR,0.31,-0.5,-19.37671090695591,1034.1923846222255,13.036255934768244,1047.2286405569937,1059
TFGR,0.31,-0.48,-19.375439632291375,1033.6490352766602,12.985895356743296,1046.6349306334034,1059
TFGR,0.31,-0.45999999999999996,-19.37416579396483,1033.156502012106,12.938362895355423,1046.0948649074614,1059
TFGR,0.31,-0.43999999999999995,-19.372889389652617,1032.7154406542436,12.893728277092379,1045.609168931336,1059
TFGR,0.31,-0.42,-19.371610417087656,1032.3265126087058,12.852062975373048,1045.1785755840788,1059
TFGR,0.31,-0.39999999999999997,-19.370328874060306,1031.990384869907,12.813440255685673,1044.8038251255928,1059
TFGR,0.31,-0.37999999999999995,-19.369044758419093,1031.7077300288693,12.777935221882533,1044.4856652507517,1059
TFGR,0.31,-0.36,-19.36775806807156,1031.4792262800354,12.74562486365917,1044.2248511436947,1059
TFGR,0.31,-0.33999999999999997,-19.366468800984997,1031.3055574270943,12.716588105246593,1044.0221455323408,1059
TFGR,0.31,-0.31999999999999995,-19.36517695518729,1031.187412887667,12.690905855345807,1043.8783187430129,1059
TFGR,0.31,-0.29999999999999993,-19.363882528767697,1031.12548769701,12.668661058334225,1043.7941487553442,1059
TFGR,0.31,-0.2799999999999999,-19.36258551987765,1031.1204825105237,12.64993874677428,1043.770421257298,1059
TFGR,0.31,-0.2599999999999999,-19.361285926731544,1031.173103605199,12.634826095255413,1043.8079297004545,1059
TFGR,0.31,-0.24,-19.35998374760757,1031.284062879874,12.623412475600698,1043.9074753554746,1059
TFGR,0.31,-0.21999999999999997,-19.35867898084848,1031.4540778543144,12.615789513470284,1044.0698673677846,1059
TFGR,0.31,-0.2,-19.357371624862417,1031.6838716670954,12.612051146394567,1044.29592281349,1059
TFGR,0.315,-0.8,-19.392822834721077,1044.3080999777085,13.728138805942478,1058.036238783651,1059
TFGR,0.315,-0.78,-19.39160402183913,1043.2306755292484,13.653868975262824,1056.8845445045113,1059
TFGR,0.315,-0.76,-19.390382695559325,1042.194229728852,13.581615887485148,1055.7758456163372,1059
TFGR,0.315,-0.74,-19.389158852658948,1041.199324143101,13.511427850207063,1054.7107519933081,1059
TFGR,0.315,-0.72,-19.38793248995883,1040.24652560726,13.443354350383503,1053.6898799576436,1059
TFGR,0.315,-0.7000000000000001,-19.38670360432405,1039.336406247018,13.377446084631417,1052.7138523316494,1059
TFGR,0.315,-0.68,-19.38547219266468,1038.4695434996124,13.313754990321165,1051.7832984899335,1059
TFGR,0.315,-0.66,-19.384238251936505,1037.6465201343335,13.252334277474779,1050.8988544118083,1059
TFGR,0.315,-0.64,-19.383001779141782,1036.8679242723813,13.19323846149142,1050.0611627338726,1059
TFGR,0.315,-0.62,-19.381762771329967,1036.1343494060404,13.13652339672078,1049.2708728027612,1059
TFGR,0.315,-0.6,-19.380521225598486,1035.4463944171878,13.082246310905903,1048.5286407280937,1059
TFGR,0.315,-0.5800000000000001,-19.37927713909346,1034.8046635950695,13.03046584051735,1047.8351294355869,1059
TFGR,0.315,-0.56,-19.37803050901049,1034.2097666533668,12.981242067000624,1047.1910087203676,1059
TFGR,0.315,-0.54,-19.376781332595392,1033.6623187464634,12.934636553960239,1046.5969553004236,1059
TFGR,0.315,-0.52,-19.375529607144994,1033.162940485001,12.89071238530329,1046.0536528703042,1059
TFGR,0.315,-0.5,-19.374275330007876,1032.7122579505974,12.849534204366657,1045.561792154964,1059
TFGR,0.315,-0.48,-19.373018498585147,1032.3109027097107,12.811168254051962,1045.1220709637628,1059
TFGR,0.315,-0.45999999999999996,-19.37175911033125,1031.9595118267534,12.775682417993465,1044.735194244747,1059
TFGR,0.315,-0.43999999999999995,-19.3704971627547,1031.6587278762354,12.74314626278402,1044.4018741390194,1059
TFGR,0.315,-0.42,-19.369232653418894,1031.409198954081,12.713631081285364,1044.1228300353662,1059
TFGR,0.315,-0.39999999999999997,-19.367965579942883,1031.211578688031,12.687209937048978,1043.89878862508,1059
TFGR,0.315,-0.37999999999999995,-19.36669594000218,1031.0665262470686,12.663957709874806,1043.7304839569433,1059
TFGR,0.315,-0.36,-19.365423731329518,1030.9747063499194,12.643951142535437,1043.6186574924548,1059
TFGR,0.315,-0.33999999999999997,-19.364148951715677,1030.9367892725504,12.627268888693907,1043.5640581612442,1059
TFGR,0.315,-0.31999999999999995,-19.36287159901025,1030.9534508546726,12.613991562043989,1043.5674424167166,1059
TFGR,0.315,-0.29999999999999993,-19.361591671122465,1031.0253725052023,12.604201786702289,1043.6295742919046,1059
TFGR,0.315,-0.2799999999999999,-19.360309166021974,1031.1532412066695,12.597984248882263,1043.7512254555518,1059
TFGR,0.315,-0.2599999999999999,-19.359024081739655,1031.3377495185337,12.595425749880638,1043.9331752684143,1059
TFGR,0.315,-0.24,-19.35773641636841,1031.5795955794094,12.596615260407287,1044.1762108398168,1059
TFGR,0.315,-0.21999999999999997,-19.35644616806399,1031.8794831081611,12.60164397629063,1044.4811270844518,1059
TFGR,0.315,-0.2,-19.355153335045767,1032.2381214038257,12.610605375590783,1044.8487267794164,1059
TFGR,0.32,-0.8,-19.390186097311922,1041.074223475103,13.430103990103207,1054.5043274652062,1059
TFGR,0.32,-0.78,-19.38898146096731,1040.1443598639146,13.366730306831123,1053.5110901707458,1059
TFGR,0.32,-0.76,-19.38777432083058,1039.2548380345265,13.305423879744044,1052.5602619142705,1059
TFGR,0.32,-0.74,-19.38656467354201,1038.406207672245,13.24623308599856,1051.6524407582435,1059
TFGR,0.32,-0.72,-19.385352515783765,1037.5990236539697,13.189207470468856,1050.7882311244384,1059
TFGR,0.32,-0.7000000000000001,-19.384137844280577,1036.8338460707862,13.134397775584665,1049.9682438463708,1059
TFGR,0.32,-0.68,-19.382920655800515,1036.1112402499734,13.081855971942565,1049.193096221916,1059
TFGR,0.32,-0.66,-19.381700947155686,1035.4317767764167,13.03163528971024,1048.463412066127,1059
TFGR,0.32,-0.64,-19.380478715202983,1034.7960315134276,12.983790250843828,1047.7798217642714,1059
TFGR,0.32,-0.62,-19.379253956844817,1034.2045856229133,12.938376702138951,1047.1429623250522,1059
TFGR,0.32,-0.6,-19.378026669029865,1033.6580255849283,12.895451849136304,1046.5534774340647,1059
TFGR,0.32,-0.5800000000000001,-19.376796848753795,1033.1569432165184,12.85507429090348,1046.012017507422,1059
TFGR,0.32,-0.56,-19.375564493060065,1032.7019356899168,12.817304055714967,1045.5192397456317,1059
TFGR,0.32,-0.54,-19.37432959904063,1032.293605549964,12.782202637652729,1045.0758081876168,1059
TFGR,0.32,-0.52,-19.373092163836745,1031.932560730884,12.749833034150468,1044.6823937650345,1059
TFGR,0.32,-0.5,-19.371852184639675,1031.6194145722166,12.720259784505005,1044.3396743567216,1059
TFGR,0.32,-0.48,-19.370609658691542,1031.3547858340276,12.69354900937889,1044.0483348434063,1059
TFGR,0.32,-0.45999999999999996,-19.36936458328601,1031.139298711275,12.669768451318564,1043.8090671625935,1059
TFGR,0.32,-0.43999999999999995,-19.36811695576913,1030.9735828474245,12.648987516313568,1043.622570363738,1059
TFGR,0.32,-0.42,-19.366866773540075,1030.8582733471208,12.631277316421967,1043.4895506635428,1059
TFGR,0.32,-0.39999999999999997,-19.365614034051955,1030.7940107880736,12.616710713488455,1043.410721501562,1059
TFGR,0.32,-0.37999999999999995,-19.364358734812573,1030.781441232018,12.605362363981795,1043.386803596,1059
TFGR,0.32,-0.36,-19.363100873385243,1030.8212162347545,12.597308764978953,1043.4185249997336,1059
TFGR,0.32,-0.33999999999999997,-19.361840447389547,1030.9139928552654,12.592628301323535,1043.5066211565888,1059
TFGR,0.32,-0.31999999999999995,-19.360577454502167,1031.0604336638507,12.591401293987467,1043.6518349578382,1059
TFGR,0.32,-0.29999999999999993,-19.359311892457665,1031.261206749326,12.593710049664399,1043.8549167989904,1059
TFGR,0.32,-0.2799999999999999,-19.35804375904926,1031.5169857251212,12.59963891162486,1044.116624636746,1059
TFGR,0.32,-0.2599999999999999,-19.356773052129675,1031.8284497344612,12.609274311863194,1044.4377240463243,1059
TFGR,0.32,-0.24,-19.355499769611896,1032.1962834543792,12.622704824567137,1044.8189882789463,1059
TFGR,0.32,-0.21999999999999997,-19.35422390947001,1032.6211770987234,12.640021220941588,1045.261198319665,1059
TFGR,0.32,-0.2,-19.352945469739996,1033.1038264200206,12.661316525418352,1045.765142945439,1059
TFGR,0.325,-0.8,-19.38756370445863,1038.297159527855,13.193265264963376,1051.4904247928184,1059
TFGR,0.325,-0.78,-19.38637310234573,1037.5093861125702,13.140484196738557,1050.6498703093087,1059
TFGR,0.325,-0.76,-19.385180006491904,1036.7613403022976,13.089819098327434,1049.851159400625,1059
TFGR,0.325,-0.74,-19.383984413405415,1036.0535602240932,13.041318410181727,1049.094878634275,1059
TFGR,0.325,-0.72,-19.382786319634754,1035.3865891193773,12.99503172909061,1048.381620848468,1059
TFGR,0.325,-0.7000000000000001,-19.381585721769387,1034.7609753672925,12.95100983756237,1047.711985204855,1059
TFGR,0.325,-0.68,-19.380382616440418,1034.1772725074838,12.90930473396613,1047.08657724145,1059
TFGR,0.325,-0.66,-19.379177000321356,1033.6360392623824,12.869969663453013,1046.5060089258354,1059
TFGR,0.325,-0.64,-19.37796887012882,1033.1378395588745,12.833059149676549,1045.970898708551,1059
TFGR,0.325,-0.62,-19.376758222623295,1032.6832425494104,12.798629027332563,1045.4818715767428,1059
TFGR,0.325,-0.6,-19.375545054609816,1032.2728226324848,12.76673647553922,1045.039559108024,1059
TFGR,0.325,-0.5800000000000001,-19.37432936293877,1031.9071594725,12.73744005207848,1044.6445995245786,1059
TFGR,0.325,-0.56,-19.3731111445066,1031.5868380189534,12.71079972852052,1044.2976377474738,1059
TFGR,0.325,-0.54,-19.37189039625658,1031.312448524998,12.686876926253326,1043.9993254512513,1059
TFGR,0.325,-0.52,-19.370667115179554,1031.0845865652498,12.66573455344028,1043.75032111869,1059
TFGR,0.325,-0.5,-19.36944129831471,1030.9038530529433,12.647437042928471,1043.5512900958718,1059
TFGR,0.325,-0.48,-19.368212942750333,1030.7708542562953,12.632050391132047,1043.4029046474272,1059
TFGR,0.325,-0.45999999999999996,-19.36698204562456,1030.6862018141505,12.619642197914164,1043.3058440120647,1059
TFGR,0.325,-0.43999999999999995,-19.365748604126196,1030.650512750833,12.610281707492772,1043.2607944583258,1059
TFGR,0.325,-0.42,-19.364512615495425,1030.6644094901835,12.604039850395196,1043.2684493405786,1059
TFGR,0.325,-0.39999999999999997,-19.363274077024652,1030.7285198687987,12.600989286487538,1043.3295091552861,1059
TFGR,0.325,-0.37999999999999995,-19.362032986059244,1030.8434771484094,12.601204449105134,1043.4446815975145,1059
TFGR,0.325,-0.36,-19.36078933999833,1031.0099200273664,12.60476159031112,1043.6146816176777,1059
TFGR,0.325,-0.33999999999999997,-19.35954313629559,1031.2284926512848,12.611738827310575,1043.8402314785953,1059
TFGR,0.325,-0.31999999999999995,-19.35829437246004,1031.4998446227237,12.622216190048253,1044.122060812772,1059
TFGR,0.325,-0.29999999999999993,-19.357043046056834,1031.824631009953,12.636275670018827,1044.460906679972,1059
TFGR,0.325,-0.2799999999999999,-19.35578915470808,1032.2035123547294,12.654001270318508,1044.8575136250479,1059
TFGR,0.325,-0.2599999999999999,-19.354532696093596,1032.6371546791488,12.675479056968385,1045.3126337361173,1059
TFGR,0.325,-0.24,-19.353273667951747,1033.1262294913931,12.700797211539411,1045.8270267029325,1059
TFGR,0.325,-0.21999999999999997,-19.35201206808023,1033.6714137905205,12.730046085110715,1046.4014598756312,1059
TFGR,0.325,-0.2,-19.350747894336916,1034.273390070165,12.763318253592436,1047.0367083237575,1059
TFGR,0.33,-0.8,-19.384955446620825,1035.9646125828322,13.016540223001188,1048.9811528058333,1059
TFGR,0.33,-0.78,-19.383778739313318,1035.3136430021445,12.974055781187737,1048.2876987833322,1059
TFGR,0.33,-0.76,-19.38259954874326,1034.7018082645343,12.933734260244114,1047.6355425247784,1059
TFGR,0.33,-0.74,-19.38141787129179,1034.1296352515178,12.895624157478315,1047.0252594089961,1059
TFGR,0.33,-0.72,-19.38023370337868,1033.5976558816976,12.859775115401234,1046.4574309970988,1059
TFGR,0.33,-0.7000000000000001,-19.379047041463,1033.106407134804,12.826237950661893,1045.9326450854658,1059
TFGR,0.33,-0.68,-19.377857882043877,1032.6564310752303,12.795064683729839,1045.4514957589602,1059
TFGR,0.33,-0.66,-19.376666221661182,1032.2482748750535,12.766308569343824,1045.0145834443974,1059
TFGR,0.33,-0.64,-19.37547205689626,1031.8824908365143,12.740024127745924,1044.6225149642603,1059
TFGR,0.33,-0.62,-19.374275384372634,1031.5596364139642,12.716267176721338,1044.2759035906856,1059
TFGR,0.33,-0.6,-19.37307620075676,1031.2802742352058,12.69509486446406,1043.9753690996697,1059
TFGR,0.33,-0.5800000000000001,-19.37187450275875,1031.0449721222772,12.676565703289407,1043.7215378255667,1059
TFGR,0.33,-0.56,-19.370670287133105,1030.8543031115964,12.660739604214665,1043.5150427158112,1059
TFGR,0.33,-0.54,-19.369463550679484,1030.7088454734917,12.647677912429646,1043.3565233859213,1059
TFGR,0.33,-0.52,-19.3682542902434,1030.6091827310547,12.63744344367971,1043.2466261747345,1059
TFGR,0.33,-0.5,-19.367042502717037,1030.5559036783454,12.630100521583616,1043.1860041999291,1059
TFGR,0.33,-0.48,-19.36582818503997,1030.5496023978906,12.625715015910215,1043.1753174138007,1059
TFGR,0.33,-0.45999999999999996,-19.364611334199942,1030.5908782774695,12.624354381837145,1043.2152326593066,1059
TFGR,0.33,-0.43999999999999995,-19.36339194723361,1030.6803360261235,12.626087700216424,1043.30642372634,1059
TFGR,0.33,-0.42,-19.36217002122734,1030.8185856894995,12.630985718871637,1043.4495714083712,1059
TFGR,0.33,-0.39999999999999997,-19.36094555331797,1031.0062426643012,12.63912089495233,1043.6453635592536,1059
TFGR,0.33,-0.37999999999999995,-19.359718540693585,1031.2439277120006,12.650567438371311,1043.894495150372,1059
TFGR,0.33,-0.36,-19.358488980594316,1031.5322669717193,12.665401356352039,1044.1976683280714,1059
TFGR,0.33,-0.33999999999999997,-19.3572568703131,1031.8718919722337,12.683700499112575,1044.5555924713462,1059
TFGR,0.33,-0.31999999999999995,-19.356022207196485,1032.2634396431413,12.705544606714424,1044.9689842498558,1059
TFGR,0.33,-0.29999999999999993,-19.354784988645434,1032.7075523251096,12.731015357104024,1045.4385676822137,1059
TFGR,0.33,-0.2799999999999999,-19.35354521211608,1033.20487777919,12.76019641537633,1045.9650741945663,1059
TFGR,0.33,-0.2599999999999999,-19.352302875120575,1033.7560691952563,12.793173484289596,1046.5492426795458,1059
TFGR,0.33,-0.24,-19.351057975227853,1034.3617851993858,12.830034356061592,1047.1918195554474,1059
TFGR,0.33,-0.21999999999999997,-19.349810510064444,1035.022689860336,12.870868965477996,1047.893558825814,1059
TFGR,0.33,-0.2,-19.348560477315306,1035.7394526949597,12.915769444344317,1048.655222139304,1059
TFGR,0.335,-0.8,-19.382361119608547,1034.0647123093797,12.898879862364838,1046.9635921717445,1059
TFGR,0.335,-0.78,-19.3811981704681,1033.5454367658829,12.86640330668446,1046.4118400725674,1059
TFGR,0.335,-0.76,-19.38003274895327,1033.0647235191823,12.836134896372632,1045.900858415555,1059
TFGR,0.335,-0.74,-19.378864851322845,1032.6230885079037,12.80812317899868,1045.4312116869023,1059
TFGR,0.335,-0.72,-19.377694473872655,1032.221052630553,12.782417836432266,1045.0034704669852,1059
TFGR,0.335,-0.7000000000000001,-19.376521612936262,1031.8591417701946,12.759069713341997,1044.6182114835365,1059
TFGR,0.335,-0.68,-19.375346264885614,1031.5378868186235,12.738130846428417,1044.276017665052,1059
TFGR,0.335,-0.66,-19.374168426131824,1031.257823700098,12.71965449441024,1043.9774781945082,1059
TFGR,0.335,-0.64,-19.37298809312582,1031.0194933945365,12.703695168782591,1043.7231885633191,1059
TFGR,0.335,-0.62,-19.371805262359103,1030.8234419602277,12.690308665367423,1043.513750625595,1059
TFGR,0.335,-0.6,-19.37061993036445,1030.670220555957,12.679552096675646,1043.3497726526327,1059
TFGR,0.335,-0.5800000000000001,-19.36943209371663,1030.5603854626493,12.671483925101771,1043.231869387751,1059
TFGR,0.335,-0.56,-19.368241749033153,1030.4944981043568,12.666163996972188,1043.160662101329,1059
TFGR,0.335,-0.54,-19.36704889297501,1030.4731250687169,12.663653577468256,1043.1367786461851,1059
TFGR,0.335,-0.52,-19.3658535222474,1030.4968381267595,12.664015386446595,1043.1608535132061,1059
TFGR,0.335,-0.5,-19.364655633600485,1030.5662142520694,12.667313635178553,1043.2335278872479,1059
TFGR,0.335,-0.48,-19.363455223830147,1030.6818356393367,12.67361406403259,1043.3554497033692,1059
TFGR,0.335,-0.45999999999999996,-19.362252289778738,1030.8442897221894,12.68298398112227,1043.5272737033117,1059
TFGR,0.335,-0.43999999999999995,-19.36104682833584,1031.054169190335,12.69549230194449,1043.7496614922795,1059
TFGR,0.335,-0.42,-19.35983883643902,1031.3120720060128,12.711209590032311,1044.023281596045,1059
TFGR,0.335,-0.39999999999999997,-19.358628311074625,1031.618601419653,12.730208098647623,1044.3488095183006,1059
TFGR,0.335,-0.37999999999999995,-19.357415249278535,1031.9743659848295,12.752561813539021,1044.7269277983685,1059
TFGR,0.335,-0.36,-19.356199648136943,1032.3799795723817,12.778346496791523,1045.1583260691732,1059
TFGR,0.335,-0.33999999999999997,-19.354981504787155,1032.8360613837644,12.807639731794692,1045.6437011155592,1059
TFGR,0.335,-0.31999999999999995,-19.353760816418347,1033.3432359635517,12.840520969356412,1046.1837569329082,1059
TFGR,0.335,-0.29999999999999993,-19.35253758027237,1033.9021332110738,12.877071574990644,1046.7792047860644,1059
TFGR,0.335,-0.2799999999999999,-19.351311793644534,1034.5133883912326,12.917374877407335,1047.43076326864,1059
TFGR,0.335,-0.2599999999999999,-19.350083453884423,1035.1776421443406,12.961516218233747,1048.1391583625743,1059
TFGR,0.335,-0.24,-19.348852558396665,1035.8955404951291,13.00958300299701,1048.9051234981262,1059
TFGR,0.335,-0.21999999999999997,-19.34761910464176,1036.6677348607277,13.061664753398151,1049.729399614126,1059
TFGR,0.335,-0.2,-19.346383090136865,1037.494882057734,13.117853160908549,1050.6127352186425,1059
TFGR,0.34,-0.8,-19.379780524383595,1032.5859946746077,12.83926712207799,1045.4252617966856,1059
TFGR,0.34,-0.78,-19.378631199472554,1032.1934726189222,12.816516680776912,1045.009989299699,1059
TFGR,0.34,-0.76,-19.377479413468453,1031.838959400573,12.796017917768717,1044.6349773183417,1059
TFGR,0.34,-0.74,-19.376325162512433,1031.5229603082005,12.777819424150179,1044.3007797323507,1059
TFGR,0.34,-0.72,-19.375168442781078,1031.245985513303,12.761970914635118,1044.007956427938,1059
TFGR,0.34,-0.7000000000000001,-19.374009250487113,1031.0085500954729,12.74852325562592,1043.7570733510988,1059
TFGR,0.34,-0.68,-19.37284758188011,1030.8111740671377,12.737528494006591,1043.5487025611442,1059
TFGR,0.34,-0.66,-19.371683433247142,1030.6543823979525,12.729039886676409,1043.383422284629,1059
TFGR,0.34,-0.64,-19.370516800913535,1030.538705038613,12.72311193084239,1043.2618169694554,1059
TFGR,0.34,-0.62,-19.369347681243536,1030.4646769442982,12.719800395090433,1043.1844773393886,1059
TFGR,0.34,-0.6,-19.368176070641063,1030.4328380974976,12.71916235125448,1043.152000448752,1059
TFGR,0.34,-0.5800000000000001,-19.36700196555038,1030.4437335304126,12.721256207104167,1043.1649897375169,1059
TFGR,0.34,-0.56,-19.36582536245687,1030.4979133467546,12.726141739871483,1043.224055086626,1059
TFGR,0.34,-0.54,-19.36464625788772,1030.5959327430405,12.733880130637814,1043.3298128736783,1059
TFGR,0.34,-0.52,-19.363464648412695,1030.7383520292442,12.744533999602853,1043.4828860288471,1059
TFGR,0.34,-0.5,-19.362280530644842,1030.9257366488976,12.75816744225753,1043.683904091155,1059
TFGR,0.34,-0.48,-19.36109390124126,1031.1586571985583,12.77484606648385,1043.9335032650422,1059
TFGR,0.34,-0.45999999999999996,-19.359904756903852,1031.4376894466645,12.794637030604548,1044.232326477269,1059
TFGR,0.34,-0.43999999999999995,-19.358713094380036,1031.7634143516518,12.817609082406355,1044.5810234340581,1059
TFGR,0.34,-0.42,-19.35751891046358,1032.136418079495,12.843832599161242,1044.9802506786561,1059
TFGR,0.34,-0.39999999999999997,-19.356322201995283,1032.557292020483,12.873379628670065,1045.430671649153,1059
TFGR,0.34,-0.37999999999999995,-19.355122965863814,1033.0266328052712,12.906323931354395,1045.9329567366256,1059
TFGR,0.34,-0.36,-19.35392119900643,1033.54504232024,12.94274102342198,1046.4877833436622,1059
TFGR,0.34,-0.33999999999999997,-19.352716898409792,1034.1131277220315,12.98270822113253,1047.095835943164,1059
TFGR,0.34,-0.31999999999999995,-19.35151006111072,1034.7315014513215,13.026304686190624,1047.757806137512,1059
TFGR,0.34,-0.29999999999999993,-19.350300684196984,1035.4007812457903,13.073611472293518,1048.474392718084,1059
TFGR,0.34,-0.2799999999999999,-19.34908876480811,1036.1215901522678,13.124711572861985,1049.2463017251298,1059
TFGR,0.34,-0.2599999999999999,-19.347874300136137,1036.894556537986,13.179689969982727,1050.0742465079688,1059
TFGR,0.34,-0.24,-19.346657287426453,1037.7203141009923,13.238633684592125,1050.9589477855843,1059
TFGR,0.34,-0.21999999999999997,-19.345437723978552,1038.5995018796602,13.3016318279308,1051.901133707591,1059
TFGR,0.34,-0.2,-19.34421560714688,1039.5327642612403,13.368775654300109,1052.9015399155405,1059
TFGR,0.345,-0.8,-19.377213466870572,1031.517384061015,12.836715500094835,1044.35409956111,1059
TFGR,0.345,-0.78,-19.37607763486841,1031.2468372511873,12.823416104628324,1044.0702533558156,1059
TFGR,0.345,-0.76,-19.374939353431802,1031.0137638429705,12.812410262789076,1043.8261741057597,1059
TFGR,0.345,-0.74,-19.37379861858881,1030.8186587584885,12.803746602344201,1043.6224053608328,1059
TFGR,0.345,-0.72,-19.372655426401376,1030.6620217259658,12.797474864202048,1043.4594965901679,1059
TFGR,0.345,-0.7000000000000001,-19.371509772966032,1030.5443573054308,12.793645930065413,1043.3380032354962,1059
TFGR,0.345,-0.68,-19.370361654414562,1030.4661749140391,12.792311850794123,1043.2584867648332,1059
TFGR,0.345,-0.66,-19.369211066914698,1030.4279888509595,12.793525875495426,1043.2215147264549,1059
TFGR,0.345,-0.64,-19.368058006670818,1030.4303183218367,12.797342481360529,1043.2276608031973,1059
TFGR,0.345,-0.62,-19.366902469924632,1030.4736874628172,12.803817404266303,1043.2775048670835,1059
TFGR,0.345,-0.6,-19.3657444529559,1030.5586253640686,12.813007670161745,1043.3716330342304,1059
TFGR,0.345,-0.5800000000000001,-19.36458395208314,1030.6856660928481,12.824971627258858,1043.510637720107,1059
TFGR,0.345,-0.56,-19.363420963664336,1030.855348716051,12.83976897904861,1043.6951176950995,1059
TFGR,0.345,-0.54,-19.362255484097663,1031.0682173222326,12.857460818162533,1043.9256781403951,1059
TFGR,0.345,-0.52,-19.361087509822227,1031.3248210430938,12.878109661101547,1044.2029307041953,1059
TFGR,0.345,-0.5,-19.359917037318773,1031.625714074401,12.901779483853636,1044.5274935582547,1059
TFGR,0.345,-0.48,-19.35874406311044,1031.971455696325,12.928535758422822,1044.8999914547478,1059
TFGR,0.345,-0.45999999999999996,-19.357568583763513,1032.3626102931726,12.958445490292217,1045.3210557834648,1059
TFGR,0.345,-0.43999999999999995,-19.35639059588813,1032.7997473725145,12.99157725684447,1045.791324629359,1059
TFGR,0.345,-0.42,-19.355210096139082,1033.2834415836578,13.028001246763703,1046.3114428304216,1059
TFGR,0.345,-0.39999999999999997,-19.35402708121654,1033.8142727354416,13.067789300442891,1046.8820620358845,1059
TFGR,0.345,-0.37999999999999995,-19.35284154786683,1034.3928258133924,13.11101495142223,1047.5038407648146,1059
TFGR,0.345,-0.36,-19.35165349288319,1035.0196909961296,13.157753468883518,1048.1774444650132,1059
TFGR,0.345,-0.33999999999999997,-19.350462913106554,1035.69546367107,13.208081901226835,1048.903545572297,1059
TFGR,0.345,-0.31999999999999995,-19.34926980542632,1036.420744449399,13.262079120756207,1049.6828235701553,1059
TFGR,0.345,-0.29999999999999993,-19.348074166781124,1037.1961391802365,13.319825869501255,1050.5159650497378,1059
TFGR,0.345,-0.2799999999999999,-19.34687599415963,1038.0222589640316,13.381404806202806,1051.4036637702345,1059
TFGR,0.345,-0.2599999999999999,-19.345675284601324,1038.899720165164,13.446900554490856,1052.3466207196548,1059
TFGR,0.345,-0.24,-19.34447203519729,1039.8291444236793,13.51639975228379,1053.3455441759631,1059
TFGR,0.345,-0.21999999999999997,-19.343266243091016,1040.8111586661794,13.589991102438344,1054.4011497686176,1059
TFGR,0.345,-0.2,-19.342057905479194,1041.8463951158374,13.667765424680963,1055.5141605405183,1059
TFGR,0.35,-0.8,-19.374659757777028,1030.848176357746,12.890267748486707,1043.7384441062327,1059
TFGR,0.35,-0.78,-19.373537289900344,1030.6949822707397,12.886150781784037,1043.5811330525237,1059
TFGR,0.35,-0.76,-19.372412384609966,1030.5787431717438,12.88436761947147,1043.4631107912153,1059
TFGR,0.35,-0.74,-19.37128503782533,1030.4999438906816,12.884966919020838,1043.3849108097024,1059
TFGR,0.35,-0.72,-19.370155245498246,1030.4590739871428,12.887998440765385,1043.3470724279082,1059
TFGR,0.35,-0.7000000000000001,-19.36902300361356,1030.456627776542,12.893513075143334,1043.3501408516854,1059
TFGR,0.35,-0.68,-19.367888308189812,1030.4931043559054,12.90156287063895,1043.3946672265445,1059
TFGR,0.35,-0.66,-19.366751155279953,1030.5690076292622,12.912201062438925,1043.481208691701,1059
TFGR,0.35,-0.64,-19.36561154097199,1030.6848463326296,12.925482101822167,1043.6103284344517,1059
TFGR,0.35,-0.62,-19.3644694613897,1030.841134058601,12.941461686301883,1043.782595744903,1059
TFGR,0.35,-0.6,-19.363324912693315,1031.0383892804734,12.960196790539067,1043.9985860710126,1059
TFGR,0.35,-0.5800000000000001,-19.362177891080226,1031.2771353759288,12.981745698046774,1044.2588810739755,1059
TFGR,0.35,-0.56,-19.36102839278569,1031.5579006502523,13.00616803370553,1044.5640686839579,1059
TFGR,0.35,-0.54,-19.359876414083548,1031.8812183590398,13.033524797110227,1044.91474315615,1059
TFGR,0.35,-0.52,-19.358721951286945,1032.2476267304173,13.063878396769534,1045.3115051271868,1059
TFGR,0.35,-0.5,-19.35756500074903,1032.657668986714,13.097292685179271,1045.7549616718934,1059
TFGR,0.35,-0.48,-19.35640555886372,1033.1118933656294,13.133832994791911,1046.2457263604213,1059
TFGR,0.35,-0.45999999999999996,-19.35524362206643,1033.610853140751,13.173566174904419,1046.7844193156554,1059
TFGR,0.35,-0.43999999999999995,-19.354079186834763,1034.1551066415932,13.21656062948771,1047.371667271081,1059
TFGR,0.35,-0.42,-19.352912249689336,1034.745217272957,13.262886355981106,1048.0081036289382,1059
TFGR,0.35,-0.39999999999999997,-19.351742807194462,1035.381753533673,13.312614985075907,1048.694368518749,1059
TFGR,0.35,-0.37999999999999995,-19.350570855958956,1036.0652890347428,13.365819821512499,1049.4311088562554,1059
TFGR,0.35,-0.36,-19.349396392636837,1036.7964025167712,13.422575885916523,1050.2189784026878,1059
TFGR,0.35,-0.33999999999999997,-19.348219413928163,1037.5756778667173,13.48295995769946,1051.0586378244168,1059
TFGR,0.35,-0.31999999999999995,-19.34703991657975,1038.4037041339602,13.547050619049937,1051.9507547530102,1059
TFGR,0.35,-0.29999999999999993,-19.345857897385937,1039.2810755456226,13.614928300042951,1052.8960038456655,1059
TFGR,0.35,-0.2799999999999999,-19.344673353189428,1040.208391521143,13.686675324893788,1053.8950668460368,1059
TFGR,0.35,-0.2599999999999999,-19.343486280882015,1041.1862566860748,13.762375959385444,1054.9486326454603,1059
TFGR,0.35,-0.24,-19.34229667740538,1042.2152808851008,13.84211645949735,1056.0573973445983,1059
TFGR,0.35,-0.21999999999999997,-19.341104539751893,1043.2960791942319,13.92598512126528,1057.2220643154972,1059
TFGR,0.35,-0.2,-19.339909864965406,1044.4292719321493,14.014072331901959,1058.4433442640513,1059
TFGR,0.355,-0.8,-19.372119212422216,1030.5680229620507,12.998994640506655,1043.5670176025574,1059
TFGR,0.355,-0.78,-19.37100998234811,1030.5277085358878,13.00379769795157,1043.5315062338393,1059
TFGR,0.355,-0.76,-19.369898327228693,1030.5238467621489,13.010973218061972,1043.5348199802108,1059
TFGR,0.355,-0.74,-19.36878424287915,1030.5569126439818,13.020569880953746,1043.5774825249355,1059
TFGR,0.355,-0.72,-19.367667725145555,1030.6273858381965,13.032637459509422,1043.660023297706,1059
TFGR,0.355,-0.7000000000000001,-19.366548769905464,1030.7357506818182,13.047226846220644,1043.7829775280388,1059
TFGR,0.355,-0.68,-19.365427373068652,1030.8824962182464,13.064390080716304,1043.9468862989627,1059
TFGR,0.355,-0.66,-19.364303530577732,1031.068116223141,13.0841803779937,1044.1522966011348,1059
TFGR,0.355,-0.64,-19.363177238408824,1031.2931092298495,13.106652157370746,1044.3997613872202,1059
TFGR,0.355,-0.62,-19.362048492572278,1031.5579785545074,13.131861072177792,1044.6898396266852,1059
TFGR,0.355,-0.6,-19.36091728911332,1031.8632323206953,13.159864040207443,1045.0230963609026,1059
TFGR,0.355,-0.5800000000000001,-19.359783624112772,1032.2093834836967,13.19071927494219,1045.400102758639,1059
TFGR,0.355,-0.56,-19.358647493687727,1032.5969498542963,13.22448631757923,1045.8214361718756,1059
TFGR,0.355,-0.54,-19.35750889399227,1033.0264541221334,13.261226069872732,1046.287680192006,1059
TFGR,0.355,-0.52,-19.35636782121819,1033.4984238785787,13.301000827814379,1046.799424706393,1059
TFGR,0.355,-0.5,-19.355224271595663,1034.013391639101,13.3438743161732,1047.3572659552742,1059
TFGR,0.355,-0.48,-19.354078241394028,1034.571894865158,13.389911723916331,1047.9618065890743,1059
TFGR,0.355,-0.45999999999999996,-19.35292972692246,1035.1744759854896,13.439179740533035,1048.6136557260227,1059
TFGR,0.355,-0.43999999999999995,-19.35177872453075,1035.8216824169647,13.491746593284335,1049.313429010249,1059
TFGR,0.355,-0.42,-19.35062523061,1036.5140665847437,13.54768208540188,1050.0617486701456,1059
TFGR,0.355,-0.39999999999999997,-19.34946924159338,1037.2521859419285,13.607057635259185,1050.8592435771877,1059
TFGR,0.355,-0.37999999999999995,-19.348310753956895,1038.0366029885886,13.669946316540118,1051.7065493051286,1059
TFGR,0.355,-0.36,-19.34714976422012,1038.867885290143,13.73642289942882,1052.6043081895718,1059
TFGR,0.355,-0.33999999999999997,-19.345986268946955,1039.74660549511,13.806563892846903,1053.553169387957,1059
TFGR,0.355,-0.31999999999999995,-19.344820264746403,1040.6733413521704,13.880447587763403,1054.5537889399338,1059
TFGR,0.355,-0.29999999999999993,-19.343651748273306,1041.6486757265598,13.958154101604324,1055.606829828164,1059
TFGR,0.355,-0.2799999999999999,-19.342480716229176,1042.6731966157415,14.039765423788582,1056.71296203953,1059
TFGR,0.355,-0.2599999999999999,-19.341307165362906,1043.747497164353,14.125365462418001,1057.872862626771,1059
TFGR,0.355,-0.24,-19.340131092471598,1044.8721756783734,14.215040092149772,1059.0872157705232,1059
TFGR,0.355,-0.21999999999999997,-19.338952494401326,1046.0478356385593,14.308877203280042,1060.3567128418392,1059
TFGR,0.355,-0.2,-19.33777136804793,1047.2750857130466,14.406966752068023,1061.6820524651146,1059
TFGR,0.36,-0.8,-19.369591650573852,1030.666915632472,13.161993804699623,1043.8289094371717,1059
TFGR,0.36,-0.78,-19.368495534366502,1030.7351513190317,13.175460467026724,1043.9106117860586,1059
TFGR,0.36,-0.76,-19.367397005815974,1030.8393525101328,13.191336688987818,1044.0306891991206,1059
TFGR,0.36,-0.74,-19.366296060637488,1030.9799846389974,13.209671166199431,1044.189655805197,1059
TFGR,0.36,-0.72,-19.36519269457567,1031.157517716989,13.230513677124804,1044.388031394114,1059
TFGR,0.36,-0.7000000000000001,-19.36408690340514,1031.3724263604702,13.253915109523394,1044.6263414699936,1059
TFGR,0.36,-0.68,-19.362978682931235,1031.625189817371,13.279927487574446,1044.9051173049454,1059
TFGR,0.36,-0.66,-19.361868028990582,1031.916291993417,13.30860399969144,1045.2248959931085,1059
TFGR,0.36,-0.64,-19.36075493745184,1032.2462214780135,13.33999902704569,1045.5862205050591,1059
TFGR,0.36,-0.62,-19.359639404216317,1032.615471569769,13.374168172816509,1045.9896397425855,1059
TFGR,0.36,-0.6,-19.358521425218683,1033.0245403016422,13.411168292187023,1046.4357085938293,1059
TFGR,0.36,-0.5800000000000001,-19.35740099642763,1033.4739304657055,13.451057523104307,1046.9249879888098,1059
TFGR,0.36,-0.56,-19.35627811384656,1033.964149637473,13.493895317823373,1047.4580449552964,1059
TFGR,0.36,-0.54,-19.35515277351431,1034.4957101998361,13.539742475254782,1048.035452675091,1059
TFGR,0.36,-0.52,-19.3540249715058,1035.069129366524,13.588661174136343,1048.6577905406605,1059
TFGR,0.36,-0.5,-19.3528947039328,1035.6849292051238,13.640715007049733,1049.3256442121735,1059
TFGR,0.36,-0.48,-19.3517619669446,1036.343636659611,13.695969015303309,1050.0396056749144,1059
TFGR,0.36,-0.45999999999999996,-19.350626756728733,1037.0457835723748,13.754489724702847,1050.8002732970776,1059
TFGR,0.36,-0.43999999999999995,-19.349489069511712,1037.7919067057553,13.816345182232721,1051.608251887988,1059
TFGR,0.36,-0.42,-19.348348901559763,1038.5825477630037,13.881604993670223,1052.464152756674,1059
TFGR,0.36,-0.39999999999999997,-19.347206249179532,1039.41825340874,13.950340362156291,1053.3685937708963,1059
TFGR,0.36,-0.37999999999999995,-19.34606110871886,1040.299575288785,14.022624127746878,1054.322199416532,1059
TFGR,0.36,-0.36,-19.344913476567495,1041.227070049436,14.098530807968809,1055.3256008574047,1059
TFGR,0.36,-0.33999999999999997,-19.343763349157875,1042.201299356122,14.178136639405798,1056.3794359955277,1059
TFGR,0.36,-0.31999999999999995,-19.342610722965862,1043.2228299114145,14.261519620339607,1057.484349531754,1059
TFGR,0.36,-0.29999999999999993,-19.34145559451151,1044.29223347241,14.348759554472668,1058.6409930268828,1059
TFGR,0.36,-0.2799999999999999,-19.34029796035983,1045.4100868674045,14.439938095758821,1059.8500249631634,1059
TFGR,0.36,-0.2599999999999999,-19.33913781712155,1046.5769720119072,14.535138794369443,1061.1121108062766,1059
TFGR,0.36,-0.24,-19.33797516145393,1047.7934759239301,14.6344471438228,1062.427923067753,1059
TFGR,0.36,-0.21999999999999997,-19.33680999006148,1049.060190738535,14.737950629305093,1063.7981413678401,1059
TFGR,0.36,-0.2,-19.335642299696794,1050.377713721613,14.845738777212143,1065.223452498825,1059
TFGR,0.365,-0.8,-19.36707689629257,1031.135172139419,13.378388621608241,1044.5135607610273,1059
TFGR,0.365,-0.78,-19.365993772332782,1031.3077662493697,13.400268238975757,1044.7080344883454,1059
TFGR,0.365,-0.76,-19.364908249052426,1031.515853063794,13.424592981945784,1044.94044604574,1059
TFGR,0.365,-0.74,-19.363820322070957,1031.7598886945175,13.451411554420714,1045.2113002489382,1059
TFGR,0.365,-0.72,-19.362729987035745,1032.0403337565017,13.480773733394852,1045.5211074898966,1059
TFGR,0.365,-0.7000000000000001,-19.361637239622727,1032.357653395019,13.51273039501871,1045.8703837900377,1059
TFGR,0.365,-0.68,-19.360542075537015,1032.7123173124983,13.547333541326108,1046.2596508538243,1059
TFGR,0.365,-0.66,-19.359444490513575,1033.1047997951318,13.584636327640364,1046.6894361227721,1059
TFGR,0.365,-0.64,-19.35834448031786,1033.535579739094,13.624693090677356,1047.1602728297712,1059
TFGR,0.365,-0.62,-19.357242040746495,1034.0051406764849,13.667559377363272,1047.672700053848,1059
TFGR,0.365,-0.6,-19.356137167627903,1034.513970800882,13.713291974384946,1048.2272627752668,1059
TFGR,0.365,-0.5800000000000001,-19.355029856823027,1035.0625629925653,13.761948938491848,1048.824511931057,1059
TFGR,0.365,-0.56,-19.353920104225963,1035.6514148433264,13.813589627568485,1049.4650044708949,1059
TFGR,0.365,-0.54,-19.35280790576469,1036.2810286809113,13.868274732496982,1050.1493034134082,1059
TFGR,0.365,-0.52,-19.351693257401706,1036.9519115930336,13.926066309829874,1050.8779779028634,1059
TFGR,0.365,-0.5,-19.3505761551348,1037.664575450945,13.987027815293457,1051.6516032662385,1059
TFGR,0.365,-0.48,-19.34945659499767,1038.419536932586,14.05122413814288,1052.470761070729,1059
TFGR,0.365,-0.45999999999999996,-19.3483345730607,1039.2173175452592,14.1187216363903,1053.3360391816495,1059
TFGR,0.365,-0.43999999999999995,-19.347210085431637,1040.058443647807,14.189588172928136,1054.2480318207352,1059
TFGR,0.365,-0.42,-19.346083128256332,1040.9434464722938,14.263893152569983,1055.2073396248638,1059
TFGR,0.365,-0.39999999999999997,-19.344953697719443,1041.872862145191,14.341707560031987,1056.214569705223,1059
TFGR,0.365,-0.37999999999999995,-19.343821790045208,1042.8472317079816,14.423103998878544,1057.2703357068601,1059
TFGR,0.365,-0.36,-19.34268740149812,1043.8671011372364,14.508156731455857,1058.3752578686922,1059
TFGR,0.365,-0.33999999999999997,-19.341550528383753,1044.9330213641188,14.596941719838686,1059.5299630839575,1059
TFGR,0.365,-0.31999999999999995,-19.340411167049407,1046.0455482932605,14.689536667814801,1060.7350849610752,1059
TFGR,0.365,-0.29999999999999993,-19.33926931388496,1047.205242821054,14.786021063933159,1061.9912638849871,1059
TFGR,0.365,-0.2799999999999999,-19.33812496532357,1048.4126708532815,14.88647622564211,1063.2991470789236,1059
TFGR,0.365,-0.2599999999999999,-19.33697811784245,1049.6684033221225,14.990985344544553,1064.659388666667,1059
TFGR,0.365,-0.24,-19.335828767963648,1050.9730162024389,15.099633532797238,1066.0726497352362,1059
TFGR,0.365,-0.21999999999999997,-19.3346769122548,1052.3270905273998,15.212507870682659,1067.5395983980825,1059
TFGR,0.365,-0.2,-19.33352254732993,1053.7312124033788,15.329697455381915,1069.0609098587606,1059
TFGR,0.37,-0.8,-19.364574777783435,1031.963422663123,13.647327178971945,1045.610749842095,1059
TFGR,0.37,-0.78,-19.363504526701075,1032.2363159857323,13.677374665525853,1045.913690651258,1059
TFGR,0.37,-0.76,-19.362431889628535,1032.5442427679122,13.70990134211291,1046.2541441100252,1059
TFGR,0.37,-0.74,-19.361356862093594,1032.8876500405563,13.744955913645791,1046.632605954202,1059
TFGR,0.37,-0.72,-19.3602794396505,1033.2669892632864,13.782588148530003,1047.0495774118165,1059
TFGR,0.37,-0.7000000000000001,-19.35919961788062,1033.6827163518683,13.822848904350755,1047.5055652562191,1059
TFGR,0.37,-0.68,-19.358117392393034,1034.1352917053507,13.865790154211199,1048.001081859562,1059
TFGR,0.37,-0.66,-19.357032758825202,1034.6251802329336,13.911465013738374,1048.536645246672,1059
TFGR,0.37,-0.64,-19.355945712843607,1035.1528513805179,13.95992776877422,1049.112779149292,1059
TFGR,0.37,-0.62,-19.354856250144387,1035.7187791570084,14.011233903768943,1049.7300130607773,1059
TFGR,0.37,-0.6,-19.353764366454005,1036.3234421602203,14.065440130894869,1050.3888822911151,1059
TFGR,0.37,-0.5800000000000001,-19.35267005752991,1036.967323602495,14.122604419898853,1051.089928022394,1059
TFGR,0.37,-0.56,-19.35157331916119,1037.6509113359737,14.182786028712396,1051.833697364686,1059
TFGR,0.37,-0.54,-19.350474147169283,1038.3746978774643,14.246045534838421,1052.6207434123028,1059
TFGR,0.37,-0.52,-19.34937253740862,1039.1391804329471,14.312444867534563,1053.4516253004817,1059
TFGR,0.37,-0.5,-19.348268485767324,1039.9448609216834,14.38204734081318,1054.3269082624965,1059
TFGR,0.37,-0.48,-19.347161988167926,1040.792245999874,14.454917687278579,1055.2471636871526,1059
TFGR,0.37,-0.45999999999999996,-19.346053040568027,1041.6818470839403,14.531122092822793,1056.2129691767632,1059
TFGR,0.37,-0.43999999999999995,-19.34494163896104,1042.6141803732935,14.61072823220149,1057.2249086054949,1059
TFGR,0.37,-0.42,-19.34382777937687,1043.5897668726873,14.69380530551197,1058.2835721781992,1059
TFGR,0.37,-0.39999999999999997,-19.34271145788265,1044.6091324140166,14.780424075596223,1059.389556489613,1059
TFGR,0.37,-0.37999999999999995,-19.341592670583474,1045.672807677681,14.870656906391957,1060.543464584073,1059
TFGR,0.37,-0.36,-19.340471413623074,1046.781328213393,14.964577802255484,1061.7459060156484,1059
TFGR,0.37,-0.33999999999999997,-19.33934768318463,1047.935234460421,15.062262448280492,1062.9974969087016,1059
TFGR,0.37,-0.31999999999999995,-19.338221475491462,1049.1350717673147,15.16378825163789,1064.2988600189526,1059
TFGR,0.37,-0.29999999999999993,-19.33709278680778,1050.3813904110007,15.269234383961535,1065.6506247949621,1059
TFGR,0.37,-0.2799999999999999,-19.33596161343944,1051.6747456153396,15.378681824806375,1067.053427440146,1059
TFGR,0.37,-0.2599999999999999,-19.334827951734702,1053.0156975689908,15.492213406204867,1068.5079109751957,1059
TFGR,0.37,-0.24,-19.333691798085,1054.4048114427005,15.609913858349417,1070.01472530105,1059
TFGR,0.37,-0.21999999999999997,-19.33255314892569,1055.8426574058724,15.731869856427926,1071.5745272623003,1059
TFGR,0.37,-0.2,-19.331412000736826,1057.329810642502,15.858170068641163,1073.1879807111432,1059
TFGR,0.375,-0.8,-19.362085127254257,1033.142596892307,13.967981281633431,1047.1105781739404,1059
TFGR,0.375,-0.78,-19.36102763186339,1033.511857574095,14.005956919928128,1047.5178144940232,1059
TFGR,0.375,-0.76,-19.359967764108347,1033.9157052773644,14.046444339794025,1047.9621496171585,1059
TFGR,0.375,-0.74,-19.358905519429236,1034.354578184727,14.089492239827333,1048.4440704245542,1059
TFGR,0.375,-0.72,-19.3578408932912,1034.8289188337744,14.135150372664874,1048.9640692064393,1059
TFGR,0.375,-0.7000000000000001,-19.356773881185077,1035.3391741446821,14.183469570301055,1049.5226437149831,1059
TFGR,0.375,-0.68,-19.355704478628006,1035.8857954475577,14.234501770044677,1050.1202972176025,1059
TFGR,0.375,-0.66,-19.354632681164045,1036.4692385095655,14.288300041132523,1050.757538550698,1059
TFGR,0.375,-0.64,-19.3535584843648,1037.0899635617693,14.344918612016016,1051.4348821737854,1059
TFGR,0.375,-0.62,-19.35248188383009,1037.748435325685,14.404412898338695,1052.1528482240237,1059
TFGR,0.375,-0.6,-19.351402875188572,1038.4451230395775,14.466839531621577,1052.9119625711992,1059
TFGR,0.375,-0.5800000000000001,-19.350321454098385,1039.1805004843782,14.532256388674922,1053.7127568730532,1059
TFGR,0.375,-0.56,-19.349237616247837,1039.9550460093512,14.600722621754572,1054.5557686311058,1059
TFGR,0.375,-0.54,-19.348151357356038,1040.7692425573616,14.672298689482135,1055.4415412468438,1059
TFGR,0.375,-0.52,-19.34706267317359,1041.6235776898448,14.747046388547881,1056.3706240783927,1059
TFGR,0.375,-0.5,-19.345971559483267,1042.5185436113104,14.825028886216927,1057.3435724975272,1059
TFGR,0.375,-0.48,-19.344878012100683,1043.4546371935737,14.906310753658278,1058.360947947232,1059
TFGR,0.375,-0.45999999999999996,-19.343782026875,1044.4323599994887,14.990958000118145,1059.4233179996068,1059
TFGR,0.375,-0.43999999999999995,-19.3426835996896,1045.4522183063261,15.07903810795855,1060.5312564142846,1059
TFGR,0.375,-0.42,-19.341582726462814,1046.5147231286421,15.170620068582911,1061.685343197225,1059
TFGR,0.375,-0.39999999999999997,-19.340479403148624,1047.620390240754,15.265774419271269,1062.8861646600253,1059
TFGR,0.375,-0.37999999999999995,-19.339373625737345,1048.7697401987093,15.364573280947626,1064.1343134796568,1059
TFGR,0.375,-0.36,-19.338265390256392,1049.9632983617844,15.46709039690294,1065.4303887586873,1059
TFGR,0.375,-0.33999999999999997,-19.337154692770977,1051.2015949134388,15.57340117249762,1066.7749960859364,1059
TFGR,0.375,-0.31999999999999995,-19.336041529384843,1052.4851648817696,15.683582715868,1068.1687475976375,1059
TFGR,0.375,-0.29999999999999993,-19.334925896241014,1053.814548159407,15.797713879661542,1069.6122620390686,1059
TFGR,0.375,-0.2799999999999999,-19.333807789522528,1055.190289522865,15.915875303826713,1071.1061648266916,1059
TFGR,0.375,-0.2599999999999999,-19.33268720545318,1056.6129386512514,16.038149459483392,1072.6510881107347,1059
TFGR,0.375,-0.24,-19.331564140298287,1058.0830501444434,16.16462069390035,1074.2476708383438,1059
TFGR,0.375,-0.21999999999999997,-19.330438590365446,1059.601183540586,16.295375276607587,1075.8965588171934,1059
TFGR,0.375,-0.2,-19.32931055200529,1061.1679033329638,16.430501446671073,1077.5984047796348,1059
TFGR,0.38,-0.8,-19.359607780780294,1034.6639117805312,14.339545512655512,1049.0034572931868,1059
TFGR,0.38,-0.78,-19.3585629260169,1035.125730447799,14.385214767341802,1049.5109452151407,1059
TFGR,0.38,-0.76,-19.3575157127993,1035.6217017984568,14.433426950100314,1050.055128748557,1059
TFGR,0.38,-0.74,-19.356466136483814,1036.1522553919797,14.484230745841597,1050.6364861378213,1059
TFGR,0.38,-0.72,-19.355414192450436,1036.717825069725,14.537675884203406,1051.2555009539285,1059
TFGR,0.38,-0.7000000000000001,-19.354359876103462,1037.3188489827014,14.593813164504443,1051.9126621472058,1059
TFGR,0.38,-0.68,-19.353303182872054,1037.9557696191278,14.652694481327352,1052.6084641004552,1059
TFGR,0.38,-0.66,-19.352244108210858,1038.629033831718,14.714372850747237,1053.3434066824652,1059
TFGR,0.38,-0.64,-19.35118264760069,1039.339092864806,14.778902437221861,1054.1179953020278,1059
TFGR,0.38,-0.62,-19.350118796549072,1040.0864023811023,14.846338581160868,1054.932740962263,1059
TFGR,0.38,-0.6,-19.349052550590933,1040.8714224883097,14.916737827191053,1055.7881603155008,1059
TFGR,0.38,-0.5800000000000001,-19.347983905289226,1041.6946177653313,14.990157953135428,1056.6847757184667,1059
TFGR,0.38,-0.56,-19.346912856235566,1042.5564572882574,15.066657999724795,1057.6231152879823,1059
TFGR,0.38,-0.54,-19.345839399050917,1043.4574146560133,15.14629830105952,1058.6037129570727,1059
TFGR,0.38,-0.52,-19.344763529386213,1044.3979680156733,15.229140515841443,1059.6271085315148,1059
TFGR,0.38,-0.5,-19.343685242923055,1045.3786000874347,15.31524765939513,1060.6938477468298,1059
TFGR,0.38,-0.48,-19.34260453537437,1046.3997981892373,15.404684136498268,1061.8044823257355,1059
TFGR,0.38,-0.45999999999999996,-19.341521402485085,1047.4620542609825,15.497515775042109,1062.9595700360246,1059
TFGR,0.38,-0.43999999999999995,-19.340435840032843,1048.5658648884032,15.593809860542532,1064.1596747489457,1059
TFGR,0.38,-0.42,-19.33934784382864,1049.7117313264762,15.693635171523427,1065.4053664979997,1059
TFGR,0.38,-0.39999999999999997,-19.338257409717595,1050.9001595224258,15.797062015794303,1066.6972215382202,1059
TFGR,0.38,-0.37999999999999995,-19.337164533579585,1052.1316601383119,15.904162267644464,1068.0358224059564,1059
TFGR,0.38,-0.36,-19.336069211330003,1053.4067485731086,16.01500940597702,1069.4217579790857,1059
TFGR,0.38,-0.33999999999999997,-19.334971438920455,1054.7259449843398,16.129678553405867,1070.8556235377457,1059
TFGR,0.38,-0.31999999999999995,-19.333871212339485,1056.0897743092069,16.248246516340213,1072.3380208255471,1059
TFGR,0.38,-0.29999999999999993,-19.3327685276133,1057.4987662851981,16.370791826080648,1073.8695581112788,1059
TFGR,0.38,-0.2799999999999999,-19.331663380806514,1058.9534554701695,16.497394780952643,1075.4508502511221,1059
TFGR,0.38,-0.2599999999999999,-19.330555768022887,1060.4543812618676,16.628137489502418,1077.0825187513701,1059
TFGR,0.38,-0.24,-19.329445685406043,1062.0020879168892,16.76310391478229,1078.7651918316715,1059
TFGR,0.38,-0.21999999999999997,-19.328333129140276,1063.5971245690619,16.90237991975178,1080.4995044888137,1059
TFGR,0.38,-0.2,-19.327218095451247,1065.240045247167,17.046053313822334,1082.2860985609893,1059
TFGR,0.385,-0.8,-19.35714257817491,1036.5188599201656,14.761236342414241,1051.28009626258,1059
TFGR,0.385,-0.78,-19.35611025103705,1037.0695450314506,14.81436968264731,1051.883914714098,1059
TFGR,0.385,-0.76,-19.355075579627712,1037.6539599202667,14.870075679508497,1052.5240355997753,1059
TFGR,0.385,-0.74,-19.354038559223287,1038.2725257407606,14.928402996819505,1053.2009287375802,1059
TFGR,0.385,-0.72,-19.352999185122478,1038.9256678566,14.98940133394636,1053.9150691905463,1059
TFGR,0.385,-0.7000000000000001,-19.35195745264689,1039.6138158688495,15.053121450396958,1054.6669373192465,1059
TFGR,0.385,-0.68,-19.350913357141618,1040.3374036436778,15.119615191037209,1055.457018834715,1059
TFGR,0.385,-0.66,-19.349866893975868,1041.096869339824,15.188935511941704,1056.2858048517658,1059
TFGR,0.385,-0.64,-19.34881805854354,1041.8926554358745,15.261136506894951,1057.1537919427694,1059
TFGR,0.385,-0.62,-19.347766846263884,1042.7252087572972,15.33627343455997,1058.061482191857,1059
TFGR,0.385,-0.6,-19.346713252582088,1043.5949805032199,15.414402746331257,1059.009383249551,1059
TFGR,0.385,-0.5800000000000001,-19.34565727296992,1044.5024262729614,15.495582114889473,1059.9980083878509,1059
TFGR,0.385,-0.56,-19.344598902926386,1045.4480060922597,15.579870463475928,1061.0278765557357,1059
TFGR,0.385,-0.54,-19.343538137978324,1046.432184439262,15.667327995905076,1062.099512435167,1059
TFGR,0.385,-0.52,-19.34247497368111,1047.455430270155,15.758016227333748,1063.2134464974886,1059
TFGR,0.385,-0.5,-19.341409405619277,1048.5182170445116,15.851998015806366,1064.370215060318,1059
TFGR,0.385,-0.48,-19.34034142940718,1049.6210227503066,15.949337594595972,1065.5703603449026,1059
TFGR,0.385,-0.45999999999999996,-19.339271040689685,1050.7643299285314,16.050100605361003,1066.8144305338924,1059
TFGR,0.385,-0.43999999999999995,-19.338198235142833,1051.9486256975347,16.15435413213848,1068.1029798296731,1059
TFGR,0.385,-0.42,-19.337123008474514,1053.1744017768815,16.262166736194885,1069.4365685130763,1059
TFGR,0.385,-0.39999999999999997,-19.336045356425174,1054.4421545108999,16.373608491756173,1070.815763002656,1059
TFGR,0.385,-0.37999999999999995,-19.334965274768496,1055.752384891745,16.488751022639114,1072.241135914384,1059
TFGR,0.385,-0.36,-19.333882759312097,1057.1055985820888,16.607667539806673,1073.7132661218955,1059
TFGR,0.385,-0.33999999999999997,-19.33279780589824,1058.502305937326,16.73043287987035,1075.2327388171962,1059
TFGR,0.385,-0.31999999999999995,-19.33171041040457,1059.9430220273189,16.85712354456344,1076.8001455718822,1059
TFGR,0.385,-0.29999999999999993,-19.33062056874478,1061.428266657678,16.987817741209504,1078.4160843988875,1059
TFGR,0.385,-0.2799999999999999,-19.329528276869386,1062.9585643905189,17.12259542421047,1080.0811598147293,1059
TFGR,0.385,-0.2599999999999999,-19.328433530766443,1064.5344445647097,17.26153833758002,1081.7959829022898,1059
TFGR,0.385,-0.24,-19.32733632646227,1066.156441315583,17.404730058548374,1083.5611713741314,1059
TFGR,0.385,-0.21999999999999997,-19.326236660022204,1067.8250935940955,17.552256042264432,1085.37734963636,1059
TFGR,0.385,-0.2,-19.325134527551334,1069.5409451853775,17.70420366762296,1087.2451488530005,1059
TFGR,0.39,-0.8,-19.354689362865994,1038.6991984967417,15.232291282674385,1053.931489779416,1059
TFGR,0.39,-0.78,-19.353669452356257,1039.3351719122093,15.292664012733361,1054.6278359249427,1059
TFGR,0.39,-0.76,-19.352647212019836,1040.004463000428,15.355637736384713,1055.3601007368127,1059
TFGR,0.39,-0.74,-19.35162263705694,1040.7074847209965,15.421261088931544,1056.128745809928,1059
TFGR,0.39,-0.72,-19.350595722688738,1041.4446541713905,15.489583732161408,1056.934237903552,1059
TFGR,0.39,-0.7000000000000001,-19.349566464157956,1042.216392614953,15.560656378594315,1057.7770489935474,1059
TFGR,0.39,-0.68,-19.34853485672945,1043.0231255086956,15.634530816338806,1058.6576563250344,1059
TFGR,0.39,-0.66,-19.347500895690786,1043.8652825309086,15.711259934571897,1059.5765424654805,1059
TFGR,0.39,-0.64,-19.346464576352883,1044.7432976085825,15.79089774965842,1060.5341953582408,1059
TFGR,0.39,-0.62,-19.345425894050564,1045.6576089446257,15.873499431926465,1061.5311083765523,1059
TFGR,0.39,-0.6,-19.3443848441432,1046.6086590448126,15.9591213331156,1062.567780377928,1059
TFGR,0.39,-0.5800000000000001,-19.343341422015325,1047.5968947445672,16.047821014514984,1063.6447157590821,1059
TFGR,0.39,-0.56,-19.342295623077266,1048.6227672354275,16.13965727580889,1064.7624245112365,1059
TFGR,0.39,-0.54,-19.341247442765756,1049.6867320912747,16.23469018464791,1065.9214222759226,1059
TFGR,0.39,-0.52,-19.340196876544592,1050.7892492943033,16.332981106964056,1067.1222304012674,1059
TFGR,0.39,-0.5,-19.33914391990527,1051.9307832606528,16.434592738048636,1068.3653759987014,1059
TFGR,0.39,-0.48,-19.33808856836763,1053.111802865756,16.539589134412648,1069.6513920001687,1059
TFGR,0.39,-0.45999999999999996,-19.33703081748055,1054.3327814693764,16.64803574644893,1070.9808172158253,1059
TFGR,0.39,-0.43999999999999995,-19.33597066282257,1055.5941969402752,16.759999451916894,1072.354196392192,1059
TFGR,0.39,-0.42,-19.334908100002572,1056.896531680559,16.875548590270366,1073.7720802708295,1059
TFGR,0.39,-0.39999999999999997,-19.333843124660465,1058.2402726496173,16.994752997849638,1075.235025647467,1059
TFGR,0.39,-0.37999999999999995,-19.332775732467898,1059.625911387734,17.117684043960143,1076.7435954316943,1059
TFGR,0.39,-0.36,-19.33170591912888,1061.0539440392176,17.24441466785904,1078.2983587070767,1059
TFGR,0.39,-0.33999999999999997,-19.330633680380544,1062.524871375188,17.375019416673656,1079.8998907918617,1059
TFGR,0.39,-0.31999999999999995,-19.329559011993815,1064.0391988158815,17.50957448427421,1081.5487733001557,1059
TFGR,0.39,-0.29999999999999993,-19.328481909774137,1065.5974364525134,17.64815775112507,1083.2455942036386,1059
TFGR,0.39,-0.2799999999999999,-19.327402369562172,1067.2000990686888,17.790848825139104,1084.990947893828,1059
TFGR,0.39,-0.2599999999999999,-19.32632038723454,1068.8477061612894,17.93772908355969,1086.785435244849,1059
TFGR,0.39,-0.24,-19.325235958704518,1070.5407819608954,18.088881715896495,1088.629663676792,1059
TFGR,0.39,-0.21999999999999997,-19.324149079922808,1072.2798554516414,18.244391767940613,1090.524247219582,1059
TFGR,0.39,-0.2,-19.323059746878265,1074.065460390576,18.404346186886134,1092.4698065774621,1059
TFGR,0.395,-0.8,-19.352247981777698,1041.1969387891086,15.751968082874482,1056.9489068719831,1059
TFGR,0.395,-0.78,-19.35124037884789,1041.9147315447099,15.819360180519858,1057.7340917252297,1059
TFGR,0.395,-0.76,-19.350230460787973,1042.6654400726766,15.889380242769775,1058.5548203154462,1059
TFGR,0.395,-0.74,-19.34921822272565,1043.4494693419747,15.962076868959366,1059.4115462109341,1059
TFGR,0.395,-0.72,-19.34820365980824,1044.267228388609,16.037499675964103,1060.304728064573,1059
TFGR,0.395,-0.7000000000000001,-19.347186767203308,1045.1191303436412,16.115699322104735,1061.234829665746,1059
TFGR,0.395,-0.68,-19.346167540099195,1046.0055924610865,16.196727531649955,1062.2023199927364,1059
TFGR,0.395,-0.66,-19.345145973705627,1046.9270361456088,16.28063711993222,1063.207673265541,1059
TFGR,0.395,-0.64,-19.344122063254286,1047.8838869800752,16.367482019092318,1064.2513689991674,1059
TFGR,0.395,-0.62,-19.3430958039994,1048.8765747528819,16.457317304468848,1065.3338920573508,1059
TFGR,0.395,-0.6,-19.34206719121837,1049.9055334851005,16.550199221648946,1066.4557327067494,1059
TFGR,0.395,-0.5800000000000001,-19.341036220212334,1050.9712014574025,16.646185214197345,1067.6173866716,1059
TFGR,0.395,-0.56,-19.34000288630684,1052.0740212367568,16.745333952080927,1068.8193551888378,1059
TFGR,0.395,-0.54,-19.3389671848524,1053.214439702886,16.84770536080633,1070.0621450636922,1059
TFGR,0.395,-0.52,-19.33792911122517,1054.3929080744542,16.9533606512892,1071.3462687257434,1059
TFGR,0.395,-0.5,-19.336888660827555,1055.6098819350054,17.062362350473176,1072.6722442854787,1059
TFGR,0.395,-0.48,-19.33584582908887,1056.8658212586101,17.17477433271807,1074.0405955913282,1059
TFGR,0.395,-0.45999999999999996,-19.33480061146598,1058.161190435206,17.290661851976434,1075.4518522871824,1059
TFGR,0.395,-0.43999999999999995,-19.333753003443924,1059.4964582956434,17.41009157477863,1076.906549870422,1059
TFGR,0.395,-0.42,-19.33270300053664,1060.872098136366,17.53313161404687,1078.405229750413,1059
TFGR,0.395,-0.39999999999999997,-19.331650598287567,1062.2885877438207,17.6598515637591,1079.9484393075797,1059
TFGR,0.395,-0.37999999999999995,-19.33059579227036,1063.7464094184058,17.79032253448412,1081.53673195289,1059
TFGR,0.395,-0.36,-19.329538578089547,1065.2460499981569,17.92461718981,1083.170667187967,1059
TFGR,0.395,-0.33999999999999997,-19.328478951381246,1066.7880008819457,18.06280978368819,1084.8508106656338,1059
TFGR,0.395,-0.31999999999999995,-19.327416907813813,1068.3727580523432,18.204976198716167,1086.5777342510594,1059
TFGR,0.395,-0.29999999999999993,-19.326352443088577,1070.000822098006,18.351193985382483,1088.3520160833884,1059
TFGR,0.395,-0.2799999999999999,-19.32528555294054,1071.672698235658,18.501542402297574,1090.1742406379556,1059
TFGR,0.395,-0.2599999999999999,-19.324216233139072,1073.3888963316163,18.656102457436052,1092.0449987890522,1059
TFGR,0.395,-0.24,-19.32314447948865,1075.149930922788,18.81495695041444,1093.9648878732023,1059
TFGR,0.395,-0.21999999999999997,-19.322070287829558,1076.9563212372568,18.97819051583083,1095.9345117530877,1059
TFGR,0.395,-0.2,-19.320993654038652,1078.808591214287,19.14588966769278,1097.9544808819796,1059
TFGR,0.4,-0.8,-19.349818285217275,1044.0043361832363,16.31954396604875,1060.323880149285,1059
TFGR,0.4,-0.78,-19.348822882715194,1044.800584458283,16.393739928177084,1061.1943243864603,1059
TFGR,0.4,-0.76,-19.347825180021516,1045.6293562453895,16.470589484919145,1062.0999457303087,1059
TFGR,0.4,-0.74,-19.346825172194983,1046.4910487202164,16.550141192179407,1063.0411899123958,1059
TFGR,0.4,-0.72,-19.34582285431272,1047.3860630553954,16.6324446145676,1064.0185076699631,1059
TFGR,0.4,-0.7000000000000001,-19.344818221470746,1048.3148044486188,16.717550348966736,1065.0323547975856,1059
TFGR,0.4,-0.68,-19.343811268784552,1049.2776821505174,16.80551004868852,1066.083192199206,1059
TFGR,0.4,-0.66,-19.342801991389702,1050.2751094924733,16.896376448232036,1067.1714859407055,1059
TFGR,0.4,-0.64,-19.341790384442366,1051.3075039142195,16.990203388659882,1068.2977073028794,1059
TFGR,0.4,-0.62,-19.340776443119907,1052.375286991285,17.087045843608834,1069.462332834894,1059
TFGR,0.4,-0.6,-19.339760162621488,1053.4788844622722,17.186959945950242,1070.6658444082225,1059
TFGR,0.4,-0.5800000000000001,-19.33874153816867,1054.6187262558994,17.29000301511724,1071.9087292710167,1059
TFGR,0.4,-0.56,-19.337720565005988,1055.7952465179005,17.396233585115805,1073.1914801030164,1059
TFGR,0.4,-0.54,-19.336697238401584,1057.008883637633,17.5057114332367,1074.5145950708697,1059
TFGR,0.4,-0.52,-19.33567155364782,1058.2600802745114,17.618497609486607,1075.878577883998,1059
TFGR,0.4,-0.5,-19.334643506061887,1059.549283384155,17.73465446675641,1077.2839378509113,1059
TFGR,0.4,-0.48,-19.333613090986457,1060.8769442442995,17.85424569174554,1078.731189936045,1059
TFGR,0.4,-0.45999999999999996,-19.33258030379029,1062.2435184804194,17.977336336661402,1080.2208548170809,1059
TFGR,0.4,-0.43999999999999995,-19.33154513986891,1063.6494660910846,18.10399285171367,1081.7534589427983,1059
TFGR,0.4,-0.42,-19.33050759464523,1065.095251472972,18.234283118423434,1083.3295345913955,1059
TFGR,0.4,-0.39999999999999997,-19.329467663570206,1066.5813434456109,18.36827648376806,1084.949619929379,1059
TFGR,0.4,-0.37999999999999995,-19.328425342123527,1068.1082152757567,18.50604379518238,1086.6142590709392,1059
TFGR,0.4,-0.36,-19.327380625814257,1069.6763447014505,18.64765743643836,1088.3240021378888,1059
TFGR,0.4,-0.33999999999999997,-19.32633351018152,1071.2862139556694,18.793191364424803,1090.079405320094,1059
TFGR,0.4,-0.31999999999999995,-19.3252839907952,1072.9383097896457,18.94272114685017,1091.8810309364958,1059
TFGR,0.4,-0.29999999999999993,-19.32423206325659,1074.6331234957656,19.096324000891336,1093.729447496657,1059
TFGR,0.4,-0.2799999999999999,-19.323177723199127,1076.3711509300492,19.254078832812112,1095.6252297628614,1059
TFGR,0.4,-0.2599999999999999,-19.322120966289077,1078.1528925342373,19.416066278575855,1097.5689588128132,1059
TFGR,0.4,-0.24,-19.32106178822623,1079.9788533573885,19.58236874547658,1099.561222102865,1059
TFGR,0.4,-0.21999999999999997,-19.32000018474465,1081.8495430770354,19.75307045481446,1101.6026135318498,1059
TFGR,0.4,-0.2,-19.318936151613357,1083.7654760198611,19.92825748564124,1103.6937335055025,1059
