L_m,Delta_t,Phi_t,dPhi_dL
1e-06,5.187621121425476e-19,46624.01348205644,-45608079055.248665
1.022126745416898e-06,5.187637803658509e-19,45614.85512784719,-44642194778.176025
1.0447430836965423e-06,5.187654562751889e-19,44627.54026831346,-42730418043.774414
1.0678598479355607e-06,5.187671399059802e-19,43661.596084013654,-40900512547.06152
1.0914881109317605e-06,5.187688312938056e-19,42716.559990244714,-39148972159.55298
1.1156391904879183e-06,5.187705304744108e-19,41791.97941549652,-37472440903.115234
1.1403246548329588e-06,5.18772237483706e-19,40887.41158470047,-35867706519.7323
1.1655563281630622e-06,5.187739523577663e-19,40002.42330717119,-34331694316.649536
1.1913462963053807e-06,5.187756751328342e-19,39136.59076913838,-32861461275.10388
1.2177069125070942e-06,5.187774058453185e-19,38289.49933076901,-31454190411.34851
1.244650803352538e-06,5.187791445317962e-19,37460.7433275841,-30107185379.1698
1.2721908748112577e-06,5.187808912290126e-19,36649.9258761741,-28817865303.554565
1.3003403184199096e-06,5.187826459738827e-19,35856.658684119226,-27583759835.605713
1.3291126176009149e-06,5.187844088034915e-19,35080.561864025396,-26402504419.235474
1.3585215541209572e-06,5.18786179755095e-19,34321.263751584695,-25271835760.5625
1.3885812146923632e-06,5.187879588661208e-19,33578.400727574925,-24189587491.335876
1.419305997720548e-06,5.187897461741692e-19,32851.61704371225,-23153686018.07251
1.45071062020079e-06,5.18791541717014e-19,32140.564652272904,-22162146548.958252
1.4828101247675632e-06,5.187933455326028e-19,31444.90303940402,-21213069290.89868
1.5156198868998938e-06,5.187951576590585e-19,30764.29906204177,-20304635809.43164
1.5491556222861187e-06,5.187969781346791e-19,30098.42678836027,-19435105544.528564
1.5834333943515995e-06,5.1879880699794e-19,29446.967341674357,-18602812475.607727
1.6184696219530324e-06,5.188006442874929e-19,28809.60874772063,-17806161929.36853
1.6542810872429736e-06,5.18802490042169e-19,28186.045785245144,-17043627524.333618
1.6908849437083882e-06,5.188043443009778e-19,27575.97983982508,-16313748246.240845
1.728298724387093e-06,5.18806207103108e-19,26979.11876085433,-15615125648.680603
1.7665403502659558e-06,5.188080784879302e-19,26395.176721625696,-14946421173.619751
1.8056281388649688e-06,5.18809958494996e-19,25823.87408244092,-14306353586.675049
1.8455808130112248e-06,5.188118471640388e-19,25264.93725668453,-13693696522.218384
1.886417509807036e-06,5.188137445349759e-19,24718.098579796737,-13107276133.616638
1.928157789796519e-06,5.188156506479084e-19,24183.096181082114,-12545968844.100525
1.970821646334955e-06,5.188175655431223e-19,23659.67385829393,-12008699193.95221
2.014429515165521e-06,5.18819489261089e-19,23147.580954932557,-11494437779.88733
2.059002284207877e-06,5.188214218424668e-19,22646.572240200538,-11002199282.685211
2.1045613035633566e-06,5.188233633281014e-19,22156.407791556026,-10531040579.284851
2.151128395741558e-06,5.18825313759027e-19,21676.85287980838,-10080058935.731842
2.198725866113196e-06,5.188272731764663e-19,21207.677856701233,-9648390277.511871
2.2473765135942314e-06,5.188292416218328e-19,20748.658044929154,-9235207533.95871
2.297103641566452e-06,5.188312191367305e-19,20299.573630534585,-8839719053.562256
2.3479310690396216e-06,5.188332057629555e-19,19860.209557634684,-8461167087.142395
2.3998831420606867e-06,5.188352015424963e-19,19430.355425426267,-8098826335.980682
2.4529847453753738e-06,5.18837206517535e-19,19009.805387420805,-7752002562.128296
2.507261314347829e-06,5.1883922073044845e-19,18598.358052860494,-7420031258.228638
2.5627388471440456e-06,5.188412442238085e-19,18195.816390268013,-7102276374.304474
2.619443917184797e-06,5.188432770403833e-19,17801.987633084656,-6798129099.071075
2.677403685874187e-06,5.188453192231388e-19,17416.683187350547,-6507006693.439362
2.736645915609795e-06,5.188473708152385e-19,17039.718541383536,-6228351373.975143
2.7971989830806866e-06,5.188494318600446e-19,16670.913177413357,-5961629244.173477
2.859091892859719e-06,5.188515024011196e-19,16310.090485128194,-5706329271.502228
2.922354291296549e-06,5.188535824822273e-19,15957.077677093048,-5461962308.253693
2.987016480718047e-06,5.188556721473325e-19,15611.705705998918,-5228060154.328217
3.05310943394298e-06,5.188577714406029e-19,15273.809183703012,-5004174660.154068
3.120664809117766e-06,5.1885988040641e-19,14943.226302021876,-4789876868.02533
3.1897149648805875e-06,5.1886199908932995e-19,14619.798755238657,-4584756190.212097
3.2602929758609768e-06,5.18864127534144e-19,14303.371664288046,-4388419622.267624
3.3324326485223533e-06,5.188662657858404e-19,13993.793502582472,-4200490990.0261383
3.4061685373551734e-06,5.188684138896145e-19,13690.91602344347,-4020610228.8483887
3.4815359614282797e-06,5.188705718908699e-19,13394.594189104433,-3848432693.732605
3.558571021306578e-06,5.188727398352197e-19,13104.686101249768,-3683628498.970642
3.6373106163429872e-06,5.188749177684876e-19,12821.05293305789,-3525881886.083664
3.717792462352989e-06,5.18877105736708e-19,12543.558862715243,-3374890618.8254395
3.800055109680344e-06,5.188793037861281e-19,12272.071008369283,-3230365404.094803
3.884137961662423e-06,5.188815119632077e-19,12006.459364489843,-3092029337.6478577
3.970081293504236e-06,5.188837303146216e-19,11746.596739607714,-2959617373.547127
4.057926271570002e-06,5.188859588872592e-19,11492.35869540117,-2832875816.332123
4.147714973101574e-06,5.188881977282261e-19,11243.623487101086,-2711561834.937187
4.239490406373248e-06,5.188904468848458e-19,11000.27200518586,-2595442997.426117
4.333296531292459e-06,5.188927064046587e-19,10762.18771833861,-2484296825.651596
4.429178280456295e-06,5.188949763354259e-19,10529.256617639197,-2377910368.986641
4.527181580674005e-06,5.188972567251273e-19,10301.367161964032,-2276079796.3105774
4.627353374965659e-06,5.188995476219654e-19,10078.410224568042,-2178610005.468567
4.729741645047547e-06,5.189018490743634e-19,9860.279040822881,-2085314249.4558105
4.834395434315225e-06,5.189041611309696e-19,9646.869157086285,-1996013778.610443
4.941364871334932e-06,5.1890648384065495e-19,9438.078380678442,-1910537498.1296616
5.050701193854963e-06,5.189088172525165e-19,9233.806730940982,-1828721640.2523346
5.1624567733482245e-06,5.189111614158781e-19,9033.956391355505,-1750409450.4808655
5.276685140097842e-06,5.189135163802898e-19,8838.431662698566,-1675450887.2401276
5.393441008837927e-06,5.189158821955313e-19,8647.138917210557,-1603702334.3986816
5.512780304961541e-06,5.189182589116116e-19,8459.986553756875,-1535026326.1014328
5.634760191308715e-06,5.189206465787695e-19,8276.884953959436,-1469291283.385929
5.759439095547085e-06,5.189230452474763e-19,8097.746439278002,-1406371262.0781708
5.8868767381583854e-06,5.189254549684359e-19,7922.485229020484,-1346145711.484993
6.017134161044287e-06,5.189278757925857e-19,7751.017399262037,-1288499243.4201126
6.1502737567650345e-06,5.189303077710982e-19,7583.260842653628,-1233321411.1216965
6.286359298425203e-06,5.189327509553816e-19,7419.135229100392,-1180506497.6377983
6.42545597022062e-06,5.189352053970816e-19,7258.561967291287,-1129953313.2741394
6.56763039866118e-06,5.189376711480818e-19,7101.464167061501,-1081565001.7161522
6.7129506844846496e-06,5.1894014826050475e-19,6947.7666025694325,-1035248854.453785
6.861486435276432e-06,5.189426367867136e-19,6797.395676270954,-990916133.1535149
7.013308798811293e-06,5.189451367793133e-19,6650.279383673315,-948481899.6373672
7.168490497132696e-06,5.189476482911508e-19,6506.3472788520985,-907864853.1429176
7.3271058613862035e-06,5.18950171375317e-19,6365.530440714637,-868987174.5526199
7.489230867423757e-06,5.18952706085148e-19,6227.761439993565,-831774377.2940712
7.654943172195633e-06,5.1895525247422475e-19,6092.97430695495,-796155164.6253281
7.824322150947626e-06,5.189578105963765e-19,5961.104499805455,-762061293.0319977
7.99744893524144e-06,5.189603805056799e-19,5832.088873783202,-729427441.4743061
8.174406451816187e-06,5.189629622564616e-19,5705.865650917875,-698191086.2336292
8.355279462309773e-06,5.189655559032982e-19,5582.3743904453495,-668292381.1187267
8.540154603859355e-06,5.18968161501018e-19,5461.55595986265,-639674042.8019753
8.7291204305999e-06,5.189707791047029e-19,5343.352506609625,-612281241.0662346
8.922267456081227e-06,5.189734087696878e-19,5227.707430363428,-586061493.75173
9.119688196623427e-06,5.189760505515636e-19,5114.56535593284,-560964566.2018108
9.321477215631606e-06,5.189787045061767e-19,5003.87210673932,-536942375.0149746
9.52773116889132e-06,5.18981370689632e-19,4895.574678872001,-513948895.9186001
9.738548850866023e-06,5.189840491582925e-19,4789.621215704425,-491940075.588068
9.95403124201916e-06,5.189867399687808e-19,4685.960983060596,-470873747.2420368
1.0174281557183189e-05,5.189894431779818e-19,4584.544344918704,-450709549.8524685
1.0399405294998822e-05,5.189921588430418e-19,4485.322739640735,-431408850.81440926
1.0629510288448425e-05,5.189948870213704e-19,4388.248656716558,-412934671.92733765
1.086470675650722e-05,5.18997627770643e-19,4293.27561401154,-395251618.54644966
1.1105107356937708e-05,5.190003811488e-19,4200.358135506522,-378325811.7679024
1.1350827240252012e-05,5.190031472140497e-19,4109.45172951974,-362124823.5182934
1.160198410486826e-05,5.190059260248682e-19,4020.5128674001453,-346617614.42382526
1.18586982534876e-05,5.1900871764000195e-19,3933.498962681859,-331774474.3402481
1.2121092650718331e-05,5.190115221184676e-19,3848.368350689961,-317566965.4295559
1.2389292981975413e-05,5.1901433951955445e-19,3765.080268587632,-303967867.6743946
1.2663427713682968e-05,5.190171699028254e-19,3683.594835855271,-290951126.72581863
1.2943628154808924e-05,5.190200133281175e-19,3603.8730351921477,-278491803.98443127
1.32300285197614e-05,5.190228698555439e-19,3525.876693831406,-266566028.81923103
1.352276599267646e-05,5.190257395454954e-19,3449.5684652596306,-255150952.83273125
1.3821980793128698e-05,5.190286224586411e-19,3374.911811331995,-244224706.08461475
1.412781624329551e-05,5.190315186559298e-19,3301.8709847746327,-233766355.19010162
1.4440418836607656e-05,5.19034428198591e-19,3230.4110120657224,-223755863.21269894
1.4759938307918651e-05,5.190373511481376e-19,3160.4976766871714,-214174051.27458
1.508652770522712e-05,5.19040287566365e-19,3092.0975027387512,-205002561.81092262
1.542034346298566e-05,5.190432375153549e-19,3025.1777389070403,-196223823.39789057
1.576154547703227e-05,5.1904620105747385e-19,2959.7063427812545,-187821017.08683634
1.6110297181179455e-05,5.190491782553775e-19,2895.6519655086663,-179778044.18019867
1.6466765625497986e-05,5.190521691720095e-19,2832.9839367821482,-172079495.38741207
1.683112155633314e-05,5.190551738706042e-19,2771.67225015264,-164710621.30165672
1.7203539498090988e-05,5.190581924146875e-19,2711.6875486596136,-157657304.14095974
1.7584197836834794e-05,5.190612248680784e-19,2653.0011107725013,-150906030.6994481
1.7973278905730846e-05,5.190642712948896e-19,2595.584836636489,-144443866.45693922
1.8370969072384853e-05,5.190673317595304e-19,2539.4112346160437,-138258430.79728603
1.877745882811126e-05,5.190704063267071e-19,2484.4534081296506,-132337873.2879777
1.919294287917716e-05,5.19073495061424e-19,2430.685042769613,-126670850.97555351
1.961762024006578e-05,5.19076598028985e-19,2378.080393700573,-121246506.65329838
2.0051694328803143e-05,5.190797152949959e-19,2326.6142733308698,-116054448.05964565
2.0495373064394023e-05,5.190828469253647e-19,2276.26203925074,-111084727.96737385
2.0948868966414267e-05,5.1908599298630365e-19,2226.9995824315765,-106327825.12547493
2.141239925680607e-05,5.190891535443298e-19,2178.8033156806873,-101774626.01716232
2.1886185963926397e-05,5.190923286662679e-19,2131.6501623458994,-97416407.39909577
2.2370456028897124e-05,5.190955184192502e-19,2085.517545264699,-93244819.58833861
2.286544141430844e-05,5.190987228707188e-19,2040.383375952583,-89251870.46503782
2.3371379215327888e-05,5.191019420884271e-19,1996.2260440253954,-85429910.16018605
2.388851177326723e-05,5.19105176140441e-19,1953.0244068506886,-81771616.39910936
2.4417086791662887e-05,5.191084250951397e-19,1910.7577794230233,-78269980.47261095
2.4957357454924315e-05,5.191116890212185e-19,1869.4059244584848,-74918293.80888629
2.5509582549608e-05,5.1911496798768925e-19,1828.949042703572,-71710135.12049246
2.607402658837452e-05,5.191182620638828e-19,1789.3677634538951,-68639358.10173225
2.665095993668897e-05,5.191215713194486e-19,1750.6431352780494,-65700079.65288472
2.724065894232403e-05,5.191248958243585e-19,1712.7566169423515,-62886668.60872698
2.784340606772938e-05,5.191282356489065e-19,1675.6900685319436,-60193734.94974899
2.84594900253294e-05,5.191315908637109e-19,1639.4257427641405,-57616119.47537923
2.908920591581461e-05,5.191349615397159e-19,1603.9462764897974,-55148883.91945696
2.9732855369493625e-05,5.191383477481928e-19,1569.234682378605,-52787301.48899102
3.039074669077186e-05,5.191417495607417e-19,1535.2743407844134,-50526847.80809212
3.1063195005828004e-05,5.191451670492935e-19,1502.0489917865928,-48363192.24971986
3.175052241355748e-05,5.191486002861098e-19,1469.5427274036863,-46292189.63864422
3.2453058139855786e-05,5.191520493437868e-19,1437.7399839756172,-44309872.30971265
3.317113869531623e-05,5.1915551429525455e-19,1406.6255347107488,-42412442.50621891
3.3905108036416105e-05,5.1915899521378e-19,1376.1844823943186,-40596265.10380256
3.465531773027031e-05,5.191624921729682e-19,1346.4022522546593,-38857860.64594054
3.542212712302978e-05,5.191660052467635e-19,1317.2645849838625,-37193898.67768705
3.620590351200606e-05,5.191695345094513e-19,1288.7575299095167,-35601191.36488688
3.700702232160507e-05,5.191730800356601e-19,1260.867438314221,-34076687.386642694
3.782586728315269e-05,5.191766419003622e-19,1233.5809568997404,-32617466.089326978
3.866283061870038e-05,5.191802201788763e-19,1206.885021392599,-31220731.89094603
3.951831322889709e-05,5.191838149468676e-19,1180.766850288103,-29883808.92512703
4.039272488501813e-05,5.191874262803516e-19,1155.2139387297893,-28604135.91447282
4.128648442524381e-05,5.191910542556937e-19,1130.2140525213224,-27379261.263461113
4.22000199552799e-05,5.191946989496113e-19,1105.7552222680486,-26206838.361479998
4.31337690534184e-05,5.191983604391768e-19,1081.825737645326,-25084621.087008
4.408817898013466e-05,5.192020388018173e-19,1058.4141417909434,-24010459.504325926
4.5063706892322827e-05,5.192057341153173e-19,1035.509225818905,-22982295.744504333
4.606082006227097e-05,5.192094464578205e-19,1013.1000234519823,-21998160.062790513
4.707999610148248e-05,5.192131759078305e-19,991.1758057704234,-21056167.064826906
4.812172318944853e-05,5.192169225442135e-19,969.7260760743609,-20154512.094482303
4.91865003074839e-05,5.192206864461992e-19,948.7405648573947,-19291467.776364565
5.027483747773588e-05,5.192244676933837e-19,928.2092248889988,-18465380.70640081
5.138725600748166e-05,5.192282663657292e-19,908.122226403364,-17674668.28413713
5.252428873883228e-05,5.192320825435674e-19,888.4699523923697,-16917815.680688202
5.3686480303960064e-05,5.192359163076009e-19,869.2429940004664,-16193372.936537147
5.4874387385975095e-05,5.1923976773890385e-19,850.4321460192092,-15499952.183612049
5.608857898557292e-05,5.192436369189248e-19,832.028402479337,-14836224.986325383
5.732963669358227e-05,5.192475239294888e-19,814.0229523382615,-14200919.796482444
5.859815496954454e-05,5.192514288527971e-19,796.4071752608816,-13592819.51717627
5.989474142645558e-05,5.192553517714313e-19,779.1726374917567,-13010759.171006858
6.122001712180971e-05,5.1925929276835365e-19,762.3110878165982,-12453623.668156385
6.257461685508225e-05,5.192632519269088e-19,745.8144536111946,-11920345.670042247
6.395918947179459e-05,5.192672293308266e-19,729.6748369758608,-11409903.544456571
6.537439817430826e-05,5.19271225064223e-19,713.8845109535422,-10921319.40827486
6.682092083949411e-05,5.192752392116019e-19,698.4359158298009,-10453657.25398153
6.829945034343228e-05,5.192792718578571e-19,683.3216555128712,-10006021.15642479
6.981069489329563e-05,5.19283323088274e-19,668.5344939920822,-9577553.556364
7.135537836657632e-05,5.192873929885322e-19,654.0673518729426,-9167433.617523432
7.293424065782013e-05,5.192914816447056e-19,639.9133029872056,-8774875.654000342
7.454803803303049e-05,5.192955891432666e-19,626.0655710763374,-8399127.625018567
7.61975434919166e-05,5.192997155710851e-19,612.5175265467467,-8039469.694141239
7.788354713815524e-05,5.193038610154325e-19,599.2626832952686,-7695212.8501828015
7.960685655784634e-05,5.193080255639834e-19,586.2946956033513,-7365697.587179124
8.136829720634132e-05,5.193122093048164e-19,573.6073550984763,-7050292.6408854425
8.31687128036327e-05,5.193164123264166e-19,561.194587781338,-6748393.779381335
8.500896573848978e-05,5.193206347176771e-19,549.0504511173873,-6459422.645466208
8.688993748153915e-05,5.19324876567902e-19,537.1691311913148,-6182825.648628026
8.881252900748353e-05,5.193291379668066e-19,525.5449399231334,-5918072.904460728
9.0777661226663e-05,5.19333419004521e-19,514.1723123445232,-5664657.219500199
9.278627542616696e-05,5.193377197715902e-19,503.04580393411834,-5422093.119531661
9.483933372070396e-05,5.1934204035897865e-19,492.1600880104884,-5189915.919509977
9.69378195134502e-05,5.193463808580685e-19,481.50995318153264,-4967680.8333072215
9.908273796709372e-05,5.193507413606653e-19,471.09030084909614,-4754962.121584818
0.0001012751164853,5.193551219589968e-19,460.89614276759846,-4551352.276156485
0.0001035160052048,5.193595227457183e-19,450.92259865564444,-4356461.239281863
0.0001058064774985,5.193639438139107e-19,441.16489385874064,-4169915.6563815027
0.0001081476304896,5.193683852570857e-19,431.61835706319306,-3991358.160763681
0.0001105405855769,5.193728471691856e-19,422.2784180601786,-3820446.688994989
0.0001129864889722,5.1937732964458735e-19,413.1406055563203,-3656853.8255533427
0.0001154865122492,5.193818327781024e-19,404.20054503323433,-3500266.1755743623
0.0001180418529048,5.193863566649804e-19,395.453956652452,-3350383.7644411623
0.0001206537349326,5.193909014009102e-19,386.89665320648396,-3206919.4631002247
0.0001233234094091,5.193954670820226e-19,378.5245381141323,-3069598.437984243
0.000126052155093,5.194000538048921e-19,370.33360345875735,-2938157.624484308
0.000128841279038,5.19404661666538e-19,362.31992806836706,-2812345.2229589894
0.0001316921172185,5.194092907644285e-19,354.4796756392104,-2691920.216357112
0.0001346060351696,5.19413941196481e-19,346.8090928985835,-2576651.908475481
0.0001375844286413,5.194186130610651e-19,339.3045078073571,-2466319.4819887504
0.0001406287242672,5.19423306457004e-19,331.96232780141713,-2360711.5754064694
0.0001437403802474,5.194280214835776e-19,324.77903807258684,-2259625.8781664073
0.0001469208870472,5.194327582405235e-19,317.7511998850384,-2162868.7430425435
0.0001501717681114,5.194375168280399e-19,310.87544892797587,-2070254.8151486665
0.0001534945805932,5.19442297346787e-19,304.14849370653076,-1981606.6768641323
0.0001568909161008,5.194470998978906e-19,297.5671139641396,-1896754.5079200193
0.0001603624014596,5.194519245829417e-19,291.1281591410574,-1815535.7600674331
0.0001639106994912,5.194567715040019e-19,284.8285468662736,-1737794.8456780985
0.0001675375098099,5.194616407636027e-19,278.6652614815363,-1663382.839673072
0.0001712445696373,5.194665324647494e-19,272.63535259658113,-1592157.1942064464
0.0001750336546336,5.194714467109225e-19,266.73593367782263,-1523981.4655938856
0.0001789065797491,5.1947638360608e-19,260.9641806646783,-1458725.0529000834
0.0001828652000926,5.194813432546597e-19,255.31733061887113,-1396262.9477558732
0.0001869114118207,5.194863257615824e-19,249.79268040041447,-1336475.4948598407
0.0001910471530456,5.194913312322521e-19,244.38758537397797,-1279248.1627550498
0.0001952744047636,5.194963597725593e-19,239.09945814237346,-1224471.3244119845
0.0001995951918043,5.195014114888846e-19,233.9257673073178,-1172040.047206495
0.0002040115837998,5.195064864880983e-19,228.86403625822186,-1121853.8919036202
0.0002085256961766,5.195115848775642e-19,223.9118419856775,-1073816.720234044
0.0002131396911688,5.195167067651421e-19,219.06681392143116,-1027836.510718707
0.0002178557788535,5.195218522591898e-19,214.3266328036582,-983825.1823822744
0.0002226762182098,5.195270214685648e-19,209.68902956608454,-941698.4260086454
0.0002276033182005,5.195322145026274e-19,205.15178425189487,-901375.5426295288
0.0002326394388784,5.195374314712427e-19,200.71272495050619,-862779.2889235914
0.0002377869925164,5.195426724847829e-19,196.36972675797662,-825835.7292413935
0.0002430484447633,5.1954793765413e-19,192.12071075930245,-790474.0939617306
0.0002484263158245,5.19553227090677e-19,187.9636430333121,-756626.6439183448
0.0002539231816696,5.195585409063325e-19,183.89653367848277,-724228.5406271182
0.0002595416752659,5.195638792135206e-19,179.9174358604804,-693217.7220756449
0.0002652844878396,5.1956924212518475e-19,176.02444487998727,-663534.7838290986
0.000271154370165,5.195746297547898e-19,172.2156972606512,-635122.8652270846
0.0002771541338824,5.195800422163248e-19,168.48936985668766,-607927.5404531639
0.000283286652844,5.195854796243044e-19,164.8436789805106,-581896.7142743114
0.0002895548644915,5.195909420937723e-19,161.27687954806518,-556980.5222364403
0.0002959617712623,5.195964297403035e-19,157.78726424379408,-533131.2351419199
0.0003025104420282,5.196019426800058e-19,154.3731627028706,-510303.1676119324
0.0003092040135649,5.196074810295238e-19,151.0329407117016,-488452.5905682836
0.0003160456920549,5.196130449060408e-19,147.7649994252691,-467537.647459846
0.0003230387546231,5.196186344272805e-19,144.56777460170298,-447518.27407828905
0.0003301865509065,5.1962424971151035e-19,141.43973585335382,-428356.12180699967
0.0003374925046585,5.196298908775434e-19,138.37938591412725,-410014.48415698484
0.0003449601153892,5.196355580447426e-19,135.38525992246645,-392458.22644744255
0.0003525929600414,5.196412513330207e-19,132.45592472010668,-375653.71849902347
0.000360394694704,5.196469708628442e-19,129.58997816587387,-359568.7702085078
0.0003683690563633,5.196527167552369e-19,126.78604846434551,-344172.5698824208
0.0003765198646929,5.1965848913178e-19,124.04279350909492,-329435.6252116263
0.0003848510238834,5.196642881146168e-19,121.35890024008303,-315329.70677305944
0.0003933665245123,5.19670113826455e-19,118.73308401505165,-301827.7939514397
0.0004020704454557,5.196759663905679e-19,116.16408799438703,-288904.0231759371
0.000410966955842,5.196818459307988e-19,113.6506825393968,-276533.63837397564
0.0004200603170486,5.196877525715625e-19,111.19166462366657,-264692.94354701973
0.0004293548847437,5.196936864378482e-19,108.78585725690813,-253359.25737586524
0.0004388551109719,5.196996476552227e-19,106.43210892164777,-242510.86977167614
0.0004485655462873,5.197056363498319e-19,104.12929302175188,-232127.0002858704
0.0004584908419328,5.1971165264840465e-19,101.87630734314311,-222187.75830212887
0.0004686357520682,5.197176966782551e-19,99.67207352604544,-212674.10493246373
0.0004790051360475,5.197237685672853e-19,97.51553654868182,-203567.81654506456
0.0004896039607462,5.19729868443988e-19,95.40566422222608,-194851.4498543013
0.0005004373029408,5.197359964374486e-19,93.34144669654157,-186508.30850501126
0.0005115103517401,5.197421526773492e-19,91.32189597678659,-178522.41108841356
0.0005228284110711,5.197483372939712e-19,89.34604545032686,-170878.46052702656
0.0005343969022196,5.197545504181965e-19,87.41294942395112,-163561.81477080612
0.0005462213664266,5.197607921815125e-19,85.52168267116994,-156558.4587483802
0.0005583074675428,5.197670627160138e-19,83.67133998920234,-149854.97751899017
0.0005706609947415,5.197733621544037e-19,81.8610357656087,-143438.53057428543
0.0005832878652915,5.197796906299999e-19,80.08990355430612,-137296.82724058535
0.0005961941273915,5.197860482767352e-19,78.35709566073824,-131418.1031343951
0.0006093859630674,5.19792435229161e-19,76.6617827360031,-125791.09762602905
0.0006228696911328,5.1979885162245e-19,75.0031533798814,-120405.03226869553
0.0006366517702164,5.19805297592399e-19,73.38041375227874,-115249.59015066735
0.0006507388018552,5.198117732754327e-19,71.79278719322774,-110314.89613213902
0.0006651375336568,5.198182788086054e-19,70.23951385103386,-105591.49792809226
0.0006798548625312,5.198248143296041e-19,68.71985031852232,-101070.34800138837
0.0006948978379949,5.198313799767526e-19,67.23306927707577,-96742.78623097995
0.0007102736655469,5.198379758890131e-19,65.7784591484992,-92600.52332266397
0.0007259897101208,5.198446022059888e-19,64.35532375428188,-88635.62492978899
0.000742053499612,5.198512590679295e-19,62.96298198235747,-84840.49645430828
0.0007584727284836,5.1985794661573125e-19,61.600767461012154,-81207.86849848111
0.0007752552614524,5.198646649909418e-19,60.26802823982863,-77730.78293949156
0.0007924091372557,5.19871414335762e-19,58.96412647759875,-74402.57960053883
0.0008099425725018,5.198781947930504e-19,57.68843813695986,-71216.88349261321
0.0008278639656058,5.198850065063251e-19,56.44035268563333,-68167.59260257008
0.0008461819008126,5.198918496197662e-19,55.21927280412354,-65248.86620411929
0.0008649051523083,5.198987242782214e-19,54.02461409978495,-62455.11366945761
0.0008840426884232,5.199056306272064e-19,52.85580482703422,-59780.983759895666
0.0009036036759276,5.199125688129095e-19,51.712285613632694,-57221.35437509953
0.0009235974844226,5.199195389821941e-19,50.59350919289615,-54771.32274129754
0.0009440336908281,5.199265412826025e-19,49.49894014169771,-52426.196019626455
0.00096492208397,5.199335758623581e-19,48.42805462414671,-50181.482316655805
0.0009862726692692,5.19940642870369e-19,47.380340140799994,-48032.88207980804
0.0010080956735338,5.199477424562314e-19,46.35529528332878,-45976.27986130293
0.0010304015498579,5.199548747702329e-19,45.352429494467096,-44007.73643471545
0.0010532009826288,5.199620399633551e-19,44.3712628331578,-42123.48124911811
0.0010765048926443,5.199692381872763e-19,43.411325744811684,-40319.90520639345
0.0011003244423439,5.199764695943776e-19,42.4721588365091,-38593.553747783066
0.0011246710411556,5.199837343377418e-19,41.553312657073924,-36941.12023648189
0.001149556350961,5.199910325711606e-19,40.654347481908786,-35359.43962359824
0.0011749922916811,5.199983644491357e-19,39.774833102494746,-33845.482385361334
0.0012009910469859,5.2000573012688185e-19,38.91434862043913,-32396.348719920963
0.0012275650701306,5.200131297603326e-19,38.07248224597308,-31009.26299263758
0.00125472708992,5.200205635061402e-19,37.24883110083968,-29681.568419277086
0.0012824901168064,5.2002803152168195e-19,36.44300102540115,-28410.721976792905
0.0013108674491206,5.200355339650616e-19,35.65460638997573,-27194.28953212709
0.0013398726794426,5.20043070995114e-19,34.883269910204945,-26029.941179509857
0.0013695197011117,5.200506427714075e-19,34.12862246646071,-24915.446777493227
0.0013998227148817,5.200582494542474e-19,33.3903029271324,-23848.671677038365
0.0014307962357226,5.200658912046805e-19,32.6679579757579,-22827.572632565803
0.0014624550997739,5.200735681844975e-19,31.961241941870007,-21850.19388805708
0.0014948144714503,5.200812805562363e-19,31.269816635537854,-20914.663430795772
0.0015278898507055,5.2008902848318645e-19,30.59335118546851,-20019.189405499958
0.0015616970804572,5.200968121293917e-19,29.931521880603984,-19162.056681991206
0.0015962523541748,5.201046316596537e-19,29.28401201517854,-18341.623569876014
0.0016315722236367,5.201124872395363e-19,28.650511737095343,-17556.318673867965
0.0016676736068584,5.201203790353679e-19,28.030717899601854,-16804.637883781863
0.0017045737961958,5.201283072142455e-19,27.424333916178583,-16085.141493424482
0.0017422904666286,5.201362719440384e-19,26.831069618554988,-15396.451442837366
0.001780841684226,5.20144273393392e-19,26.250641117814475,-14737.248678647913
0.0018202459148006,5.201523117317311e-19,25.682770668491372,-14106.270627434249
0.0018605220327536,5.201603871292625e-19,25.12718653561282,-13502.308777283353
0.0019016893301149,5.20168499756981e-19,24.583622864629582,-12924.206362921454
0.0019437675257843,5.201766497866707e-19,24.051819554146515,-12370.856149951811
0.001986776774977,5.201848373909102e-19,23.53152213141117,-11841.198313972534
0.0020307376788771,5.201930627430752e-19,23.022481630509,-11334.218410525587
0.0020756712945062,5.202013260173432e-19,22.524454473176718,-10848.945431952714
0.0021215991448089,5.202096273886963e-19,22.037202352212205,-10384.449947474292
0.0021685432289628,5.202179670329262e-19,21.560492117392876,-9939.84232289673
0.0022165260329156,5.202263451266354e-19,21.094095663874118,-9514.271016560058
0.0022655705401558,5.202347618472447e-19,20.637789822998517,-9106.920948249492
0.0023157002427219,5.20243217372994e-19,20.19135625546654,-8717.01193795033
0.0023669391524544,5.202517118829464e-19,19.754581346826615,-8343.797211458557
0.0024193118124981,5.202602455569941e-19,19.32725610521542,-7986.5619699727395
0.0024728433090573,5.202688185758599e-19,18.909176061325,-7644.622020947048
0.0025275592834127,5.202774311211024e-19,18.5001411705218,-7317.322467559716
0.0025834859442029,5.202860833751189e-19,18.09995571709443,-7004.036454306188
0.0026406500799784,5.202947755211506e-19,17.70842822056791,-6704.163966301188
0.0026990790720332,5.203035077432853e-19,17.325371344046992,-6417.1306799962185
0.0027588009075202,5.203122802264616e-19,16.95060180454398,-6142.386863107822
0.0028198441928568,5.203210931564738e-19,16.583940285247213,-5879.406321651899
0.0028822381674274,5.203299467199745e-19,16.225211349686596,-5627.68539206362
0.002946012717589,5.2033884110447955e-19,15.874243357757567,-5386.7419764751685
0.003011198390986,5.203477764983708e-19,15.530868383566203,-5156.114619304295
0.0030778264111831,5.203567530909025e-19,15.19492213504507,-4935.3616233787325
0.0031459286926208,5.203657710722025e-19,14.866243875315075,-4724.060203911475
0.0032155378559021,5.203748306332787e-19,14.544676345747641,-4521.80567870113
0.0032866872434181,5.203839319660212e-19,14.230065690688946,-4328.210693005429
0.0033594109353182,5.203930752632083e-19,13.922261383818658,-4142.90447760887
0.0034337437658347,5.204022607185084e-19,13.621116156097674,-3965.53213865601
0.0035097213399682,5.204114885264864e-19,13.32648592527729,-3795.7539778948994
0.0035873800505419,5.204207588826064e-19,13.038229726934924,-3633.2448420278815
0.0036667570956339,5.204300719832359e-19,12.756209646999984,-3477.69349992105
0.0037478904963946,5.2043942802565115e-19,12.480290755742347,-3328.802046482684
0.0038308191152588,5.204488272080399e-19,12.210341043187801,-3186.285332065716
0.0039155826745603,5.204582697295069e-19,11.946231355932879,-3049.870416303922
0.0040022217755591,5.204677557900771e-19,11.687835335324825,-2919.2960453329215
0.0040907779178889,5.204772855907004e-19,11.435029356981778,-2794.312151397251
0.0041812935194351,5.204868593332564e-19,11.187692471621197,-2674.679373883344
0.0042738119366529,5.2049647722055785e-19,10.945706347168146,-2560.1686008611578
0.004368377485335,5.205061394563554e-19,10.708955212116532,-2450.5605302564
0.0044650354618379,5.205158462453424e-19,10.47732580011841,-2345.645249813926
0.0045638321647794,5.205255977931579e-19,10.250707295768656,-2245.2218350448384
0.0046648149172149,5.205353943063932e-19,10.028991281566208,-2149.0979643905594
0.0047680320893051,5.2054523599259365e-19,9.812071686021444,-2057.0895508641624
0.0048735331214848,5.205551230602656e-19,9.59984473288768,-1969.0203894649094
0.0049813685481447,5.20565055718879e-19,9.392208891490597,-1884.721819689832
0.0050915900218372,5.205750341788731e-19,9.189064828132738,-1804.0324024957517
0.0052042503380176,5.205850586516602e-19,8.990315358550056,-1726.797611093898
0.0053194034603328,5.205951293496303e-19,8.795865401397302,-1652.8695349839545
0.0054371045464693,5.206052464861556e-19,8.60562193274044,-1582.1065966611422
0.0055574099745741,5.20615410275596e-19,8.419493941532423,-1514.3732804529209
0.0056803773702588,5.20625620933302e-19,8.23739238605477,-1449.5398729673798
0.0058060656342025,5.206358786756209e-19,8.059230151299866,-1387.48221465421
0.0059345349703643,5.206461837199001e-19,7.884922007277278,-1328.0814620044657
0.0060658469148212,5.206565362844928e-19,7.714384568220758,-1271.2238599315278
0.0062000643652433,5.206669365887623e-19,7.547536252679229,-1216.8005238990736
0.0063372516110215,5.206773848530862e-19,7.384297244470993,-1164.707231377568
0.0064774743640614,5.20687881298862e-19,7.224589454483524,-1114.8442222304147
0.0066207997902595,5.206984261485112e-19,7.068336483298832,-1067.1160076469787
0.0067672965416748,5.207090196254842e-19,6.91546358462895,-1021.4311872569924
0.0069170347894131,5.207196619542652e-19,6.765897629541776,-977.7022740755565
0.0070700862572383,5.207303533603767e-19,6.619567071461786,-935.8455269438127
0.0072265242559277,5.207410940703851e-19,6.476401911927898,-895.7807901440829
0.0073864237183876,5.207518843119044e-19,6.3363336670922425,-857.4313398824379
0.0075498612355457,5.20762724313602e-19,6.1992953349441775,-820.7237373444113
0.0077169150930376,5.207736143052031e-19,6.0652213632436665,-785.5876880427459
0.0078876653087051,5.207845545174962e-19,5.934047618148572,-751.9559071875192
0.0080621936709245,5.207955451823368e-19,5.805711353520682,-719.7639908206947
0.0082405837777828,5.208065865326538e-19,5.68015118089616,-688.9502924685057
0.0084229210771204,5.2081767880245375e-19,5.557307040106114,-659.4558050753585
0.0086092929074605,5.208288222268259e-19,5.437120170532481,-631.2240479929096
0.0087997885398433,5.208400170419477e-19,5.319533082986544,-604.2009588081964
0.008994499220587,5.208512634850885e-19,5.204489532195297,-578.3347898031298
0.0091935182149934,5.208625617946165e-19,5.091934489884223,-553.5760088476654
0.0093969408520222,5.20873912210003e-19,4.981814118441582,-529.8772045363021
0.0096048645699526,5.208853149718262e-19,4.874075745153349,-507.19299538638734
0.0098173889630557,5.208967703217794e-19,4.768667836995487,-485.4799429243976
0.0100346158292999,5.20908278502673e-19,4.665539975971569,-464.6964684935665
0.0102566492191112,5.209198397584418e-19,4.564642834984497,-444.8027736236272
0.0104835954852129,5.209314543341492e-19,4.465928154230101,-425.7607638101017
0.010715563333568,5.209431224759933e-19,4.369348718101682,-407.5339755571513
0.0109526638754485,5.209548444313107e-19,4.274858332594461,-390.0875065442251
0.0111950106806574,5.209666204485838e-19,4.1824118031988124,-373.3879487827935
0.0114427198319278,5.209784507774441e-19,4.0919649132720854,-357.4033246351273
0.0116959099805257,5.209903356686793e-19,4.003474402878503,-342.1030255725427
0.0119547024030838,5.210022753742374e-19,3.916897948086705,-327.45775355584374
0.0122192210596916,5.210142701472328e-19,3.832194140715769,-313.4394649256956
0.0124895926532722,5.210263202419511e-19,3.7493224685190665,-300.0213166953945
0.012765946690272,5.21038425913856e-19,3.668243295797283,-287.1776151432632
0.0130484155426933,5.210505874195925e-19,3.588917844430936,-274.8837666061536
0.0133371345115004,5.210628050169939e-19,3.511308175323128,-263.1162303797373
0.0136322418914273,5.210750789650878e-19,3.4353771702442675,-251.8524736355712
0.0139338790372205,5.210874095241e-19,3.3610885140693685,-241.07092826838743
0.0142421904313469,5.210997969554617e-19,3.28840667739993,-230.75094959104626
0.0145573237532004,5.21112241521814e-19,3.2172968995617426,-220.87277679805084
0.0148794299498388,5.21124743487014e-19,3.1477251719708765,-211.41749512187926
0.0152086633082874,5.211373031161401e-19,3.079658221859287,-202.3669996096096
0.0155451815294413,5.211499206754986e-19,3.0130634963528795,-193.70396045055713
0.0158891458036027,5.211625964326282e-19,2.9479091468941423,-185.41178978844073
0.016240720887691,5.211753306563064e-19,2.8841640140016223,-177.4746099544859
0.0166000751841598,5.211881236165556e-19,2.8217976123595054,-169.8772230607501
0.0169673808216611,5.212009755846479e-19,2.7607801162296575,-162.60508189528036
0.0173428137374936,5.212138868331116e-19,2.7010823451795,-155.64426206345706
0.0177265537618758,5.212268576357371e-19,2.6426757501186473,-148.98143532214772
0.0181187847040838,5.212398882675828e-19,2.5855323996377204,-142.60384405556988
0.0185196944404947,5.212529790049802e-19,2.529624966642838,-136.49927684401337
0.0189294750045782,5.21266130125541e-19,2.474926715279334,-130.65604507859962
0.0193483226788801,5.212793419081619e-19,2.4214114881383515,-125.0629605773056
0.0197764380890397,5.212926146330317e-19,2.369053693740476,-119.70931415939003
0.0202140262998889,5.213059485816368e-19,2.317828294290041,-114.58485513715686
0.0206612969136771,5.2131934403676665e-19,2.2677107936945027,-109.67977168581547
0.021118464170469,5.213328012825208e-19,2.218677225843134,-104.98467205379893
0.0215857470507648,5.213463206043147e-19,2.170704143139264,-100.4905665775891
0.0220633693803907,5.213599022888857e-19,2.1237686052807208,-96.18885046658988
0.0225515599377096,5.213735466242988e-19,2.077848168283126,-92.0712873250759
0.0230505525632052,5.213872538999532e-19,2.0329208737406153,-88.12999337964197
0.0235605862714901,5.214010244065897e-19,1.9889652383190326,-84.35742238199236
0.0240819053657922,5.2141485843629425e-19,1.9459602434764744,-80.74635115810247
0.024614759554975,5.214287562825068e-19,1.9038853254062464,-77.28986577609703
0.0251594040731461,5.214427182400263e-19,1.8627203651975206,-73.98134830637764
0.0257160998019135,5.214567446050173e-19,1.8224456792088235,-70.8144641485926
0.026285113395346,5.214708356750164e-19,1.7830420096499175,-67.78314990122271
0.0268667174076991,5.214849917489385e-19,1.7444905153674453,-64.88160175053099
0.0274611904239671,5.214992131270834e-19,1.7067727628299667,-62.1042643566343
0.0280688171933231,5.215135001111415e-19,1.6698707173081304,-59.445820215425556
0.0286898887655133,5.21527853004202e-19,1.6337667342455946,-56.90117947596286
0.029324702630267,5.215422721107575e-19,1.5984435508168084,-54.46547019382933
0.0299735628597931,5.215567577367117e-19,1.56388427766738,-52.134029001788804
0.0306367802544292,5.215713101893856e-19,1.5300723908331961,-49.902392179881645
0.0313146724915124,5.215859297775244e-19,1.4969917238344639,-47.76628710785576
0.0320075642775456,5.216006168113028e-19,1.464626459940752,-45.72162408354859
0.03271578750373,5.216153716023345e-19,1.43296112460346,-43.76448849156816
0.0334396814049383,5.216301944636757e-19,1.401980578052062,-41.89113330728253
0.0341795927222077,5.216450857098341e-19,1.371670008050471,-40.09797192172084
0.0349358758688252,5.216600456567743e-19,1.3420149228102827,-38.38157127369823
0.035708893100091,5.216750746219255e-19,1.313001144057239,-36.73864527596845
0.0364990146868361,5.216901729241878e-19,1.2846148002478137,-35.16604852284195
0.0373066190927793,5.217053408839393e-19,1.2568423199325776,-33.66077026720586
0.0381320931558104,5.217205788230427e-19,1.2296704252631119,-32.2199286554071
0.0389758322732826,5.21735887064853e-19,1.2030861256394962,-30.84076520897611
0.0398382405914052,5.21751265934223e-19,1.177076711495238,-29.520639542602567
0.0407197311988284,5.217667157575118e-19,1.1516297482166515,-28.257024308257087
0.0416207263245094,5.217822368625914e-19,1.1267330701938743,-27.04750035578195
0.0425416575399582,5.2179782957885275e-19,1.1023747750005655,-25.88975210066883
0.0434829659659578,5.218134942372142e-19,1.0785432176995715,-24.781563090163672
0.0444451024838582,5.218292311701277e-19,1.0552270052718111,-23.720811759203457
0.0454285279515466,5.218450407115871e-19,1.0324149911656932,-22.705467368060226
0.0464337134241949,5.218609231971337e-19,1.0100962699645055,-21.733586113906597
0.0474611403798933,5.218768789638648e-19,0.9882601721691612,-20.80330740885796
0.0485113009502749,5.218929083504397e-19,0.96689625909387,-19.912850317370953
0.0495846981562442,5.219090116970888e-19,0.9459943178722429,-19.06051014616463
0.0506818461489211,5.219251893456197e-19,0.9255443565714615,-18.244655180143866
0.0518032704559168,5.21941441639424e-19,0.9055365994121592,-17.463723558063577
0.0529495082330576,5.219577689234862e-19,0.8859614820917653,-16.716220281961057
0.0541211085216805,5.219741715443901e-19,0.8668096472090034,-16.00071435462263
0.0553186325116201,5.219906498503265e-19,0.8480719397874323,-15.31583603960513
0.0565426538100156,5.220072041911008e-19,0.8297394028958291,-14.660274238564455
0.0577937587160658,5.220238349181403e-19,0.811803273363339,-14.032773980868399
0.0590725465018618,5.220405423845022e-19,0.7942549775873656,-13.432134020689432
0.0603796296994365,5.22057326944881e-19,0.7770861274321307,-12.85720453696996
0.0617156343941625,5.220741889556159e-19,0.760288516216023,-12.306884931861077
0.0630812005246445,5.220911287746987e-19,0.7438541147857388,-11.780121723416414
0.0644769821892457,5.221081467617812e-19,0.7277750676753919,-11.275906528503668
0.065903647959397,5.221252432781838e-19,0.7120436893487285,-10.79327413207676
0.0673618811998394,5.221424186869025e-19,0.6966524605226437,-10.331300639104768
0.0688523803959518,5.221596733526166e-19,0.6815940245702552,-9.88910170562312
0.0703758594883204,5.221770076416976e-19,0.6668611840018198,-9.465830845517814
0.071933048214714,5.221944219222156e-19,0.6524468970217628,-9.060677809799927
0.0735246924596224,5.222119165639487e-19,0.6383442741602434,-8.672867035268325
0.0751515546115322,5.2222949193839e-19,0.6245465749775737,-8.301656159588049
0.0768144139281059,5.22247148418756e-19,0.6110472048399656,-7.946334599941707
0.0785140669094413,5.222648863799945e-19,0.5978397117650416,-7.606222192532925
0.0802513276795919,5.222827061987927e-19,0.5849177833355838,-7.280667890333973
0.0820270283765263,5.223006082535857e-19,0.572275243680087,-6.969048516587094
0.0838420195507184,5.223185929245643e-19,0.5599060505186239,-6.67076757167041
0.0856971705725559,5.223366605936829e-19,0.5478042922726412,-6.385254091044203
0.0875933700487633,5.22354811644668e-19,0.535964185237292,-6.111961552090463
0.0895315262480405,5.223730464630276e-19,0.5243800708149433,-5.850366827753419
0.0915125675361174,5.223913654360573e-19,0.513046412808552,-5.599969184976075
0.0935374428204357,5.224097689528507e-19,0.501957794773603,-5.360289326015277
0.0956071220046714,5.224282574043062e-19,0.4911089174273332,-5.130868470799811
0.097722596453311,5.224468311831371e-19,0.4804945961140344,-4.911267478574445
0.0998848794665117,5.224654906838779e-19,0.47010975832517227,-4.701066007147148
0.102095006765465,5.224842363028956e-19,0.4599494412731869,-4.4998617081305525
0.1043540369885009,5.225030684383958e-19,0.4500087895177769,-4.3072694566366465
0.1066630521981712,5.225219874904323e-19,0.44028305264354,-4.122920613947727
0.1090231583995495,5.22540993860916e-19,0.4307675829878751,-3.9464623217551207
0.1114354860700024,5.225600879536231e-19,0.4214578334180326,-3.777556826611189
0.1139011907006819,5.225792701742038e-19,0.41234935515626747,-3.6158808333024837
0.1164214533499974,5.225985409301919e-19,0.40343779565205473,-3.461124885906031
0.1189974812093381,5.226179006310121e-19,0.39471889650032893,-3.3129927753426642
0.1216305081813095,5.2263734968799055e-19,0.38618849140477995,-3.171200972293832
0.1243217954707653,5.226568885143622e-19,0.3778425041852099,-3.0354780843957343
0.1270726321889188,5.226765175252807e-19,0.36967694682800134,-2.9055643366707287
0.1298843359708181,5.226962371378274e-19,0.3616879175787736,-2.7812110742027585
0.1327582536064873,5.227160477710197e-19,0.35387159907629956,-2.6621802861028883
0.1356957616860303,5.227359498458206e-19,0.3462242565268029,-2.548244149854135
0.1386982672590091,5.227559437851474e-19,0.33874223591775715,-2.4391845951632263
0.1417672085084144,5.2277603001388185e-19,0.3314219622703251,-2.3347928864841307
0.1449040554395444,5.227962089588776e-19,0.32425993792961855,-2.234869223413533
0.1481103105841313,5.228164810489716e-19,0.31725274089194055,-2.1392223581936776
0.1513875097200443,5.228368467149914e-19,0.3103970231682259,-2.047669229589985
0.1547372226069179,5.228573063897655e-19,0.3036895091828899,-1.9600346124422217
0.1581610537380591,5.228778605081327e-19,0.29712699420731514,-1.8761507822183958
0.1616606431089898,5.228985095069506e-19,0.29070634282723634,-1.7958571939290948
0.1652376670029944,5.229192538251072e-19,0.2844244874432842,-1.7190001747875954
0.1688938387940522,5.229400939035276e-19,0.2782784268039649,-1.6454326300268036
0.1726309097675308,5.229610301851853e-19,0.2722652245703909,-1.5750137613101884
0.1764506699590444,5.22982063115112e-19,0.26638200791205296,-1.5076087971974914
0.1803549490118697,5.230031931404059e-19,0.26062596613298167,-1.443088735149015
0.1843456170533329,5.230244207102426e-19,0.25499434932763204,-1.3813300945745475
0.1884245855905934,5.230457462758836e-19,0.24948446706584232,-1.3222146804539427
0.192593808426241,5.230671702906881e-19,0.24409368710625495,-1.2656293570772377
0.1968552825941592,5.230886932101205e-19,0.23881943413756235,-1.2114658314705764
0.2012110493160921,5.231103154917614e-19,0.2336591885469932,-1.1596204460932995
0.2056631949793762,5.231320375953179e-19,0.22861048521544347,-1.109993980409829
0.2102138521363107,5.231538599826326e-19,0.22367091233866912,-1.0624914609558047
0.2148652005256367,5.231757831176948e-19,0.218838110273988,-1.0170219795350945
0.2196194681166182,5.231978074666489e-19,0.21410977041193277,-0.9734985191996444
0.2244789321762296,5.232199334978058e-19,0.209483634072312,-0.9318377876787203
0.2294459203599502,5.232421616816531e-19,0.20495749142416134,-0.8919600579390341
0.2345228118267007,5.23264492490865e-19,0.20052918042905485,-0.8537890155701788
0.2397120383784456,5.23286926400311e-19,0.1961965858072819,-0.8172516127030711
0.2450160856250112,5.233094638870693e-19,0.191957638026391,-0.7822779281821326
0.2504374941746812,5.23332105430435e-19,0.18781031231161274,-0.7488010337231472
0.2559788608511303,5.233548515119307e-19,0.18375262767769635,-0.7167568658007024
0.2616428399372908,5.233777026153175e-19,0.17978264598168822,-0.6860841030197946
0.2674321444467379,5.234006592266049e-19,0.1758984709962054,-0.6567240487369741
0.273349547423206,5.234237218340624e-19,0.17209824750275987,-0.6286205187062404
0.2793978832688636,5.234468909282279e-19,0.16838016040469353,-0.6017197335345408
0.2855800491019745,5.234701670019218e-19,0.16474243385930953,-0.5759702157409841
0.2918990061445992,5.23493550550254e-19,0.1611833304287768,-0.5513226912227864
0.2983577811410068,5.235170420706374e-19,0.15770115024940357,-0.5277299949390937
0.3049594678074645,5.235406420627973e-19,0.1542942302188856,-0.5051469806323823
0.3117072283141129,5.235643510287826e-19,0.15096094320113473,-0.48353043441431787
0.3186042947996269,5.235881694729763e-19,0.1476996972483119,-0.46283899205085177
0.3256539709193886,5.236120979021076e-19,0.14450893483969202,-0.44303305978808005
0.3328596334279244,5.236361368252621e-19,0.14138713213699153,-0.4240747385673078
0.3402247337963461,5.236602867538922e-19,0.13833279825581044,-0.4059277514842812
0.3477527998655897,5.236845482018296e-19,0.1353444745528323,-0.3885573743536028
0.3554474375362299,5.237089216852956e-19,0.132420733928447,-0.3719303692455025
0.3633123324956828,5.237334077229128e-19,0.1295601801444608,-0.3560149208677128
0.3713512519836342,5.237580068357152e-19,0.1267614471565638,-0.34078057567052866
0.3795680465965232,5.237827195471615e-19,0.12402319846124203,-0.32619818355865693
0.3879666521319537,5.23807546383145e-19,0.12134412645681705,-0.3122398420981609
0.3965510914739245,5.23832487872005e-19,0.11872295181830646,-0.29887884311163404
0.4053254765197611,5.238575445445394e-19,0.1161584228858123,-0.28608962155952966
0.4142940101496967,5.238827169340154e-19,0.11364931506613658,-0.2738477066096241
0.4234609882400257,5.239080055761808e-19,0.11119443024734424,-0.26212967480101845
0.4328308017208007,5.239334110092765e-19,0.10879259622599156,-0.25091310521299715
0.4424079386790697,5.23958933774048e-19,0.10644266614674237,-0.24017653655294247
0.4521969865086361,5.239845744137566e-19,0.10414351795411117,-0.22989942608111136
0.4622026341074011,5.240103334741917e-19,0.10189405385606289,-0.22006211029366884
0.4724296741233162,5.2403621150368305e-19,0.09969319979921912,-0.21064576728872453
0.4828830052500309,5.240622090531116e-19,0.09753990495541687,-0.2016323807432947
0.493567634573345,5.240883266759223e-19,0.0954331412193728,-0.19300470543223724
0.504488679969571,5.241145649281364e-19,0.09337190271721632,-0.18474623422317382
0.5156513725569646,5.241409243683628e-19,0.09135520532565412,-0.17684116648421
0.5270610592014077,5.241674055578101e-19,0.08938208620153462,-0.1692743778439314
0.5387232050775178,5.2419400906030045e-19,0.08745160332159235,-0.16203139124585242
0.5506433962864434,5.242207354422794e-19,0.08556283503214533,-0.15509834924187382
0.5628273425315707,5.242475852728303e-19,0.08371487960853612,-0.1484619874716886
0.5752808798534361,5.242745591236856e-19,0.08190685482410265,-0.14210960927743255
0.5880099734251634,5.243016575692399e-19,0.08013789752847185,-0.13602906140491333
0.601020720409739,5.243288811865616e-19,0.07840716323497783,-0.130208710744947
0.6143193528805259,5.243562305554064e-19,0.07671382571700316,-0.12463742207026351
0.6279122408063881,5.2438370625823e-19,0.07505707661305329,-0.11930453672537711
0.641805895102865,5.244113088801999e-19,0.07343612504037415,-0.11419985222861406
0.6560069707508704,5.244390390092087e-19,0.07185019721692658,-0.10931360274725543
0.6705222699843868,5.244668972358867e-19,0.07029853609153941,-0.1046364404084068
0.6853587455486918,5.24494884153616e-19,0.06878040098206337,-0.10015941740987655
0.7005235040306937,5.2452300035854125e-19,0.0672950672213501,-0.09587396889673361
0.7160238092629342,5.245512464495842e-19,0.06584182581089225,-0.09177189657082652
0.7318670858029327,5.245796230284564e-19,0.06441998308195314,-0.08784535300187546
0.7480609224895027,5.246081306996728e-19,0.06302886036402851,-0.08408682661010403
0.7646130760777579,5.246367700705642e-19,0.06166779366047946,-0.08048912729166746
0.7815314749545633,5.246655417512898e-19,0.06033613333118087,-0.07704537265933697
0.7988242229361757,5.246944463548534e-19,0.05903324378203656,-0.07374897487215581
0.8164996031499359,5.247234844971135e-19,0.057758503161208306,-0.0705936280288113
0.8345660820018345,5.247526567967988e-19,0.05651130306191741,-0.06757329610060259
0.8530323132318671,5.247819638755206e-19,0.055291048231674654,-0.0646822013809194
0.8719071420591362,5.248114063577871e-19,0.05409715628779912,-0.061914813429108984
0.8911996094186556,5.248409848710175e-19,0.05292905743909143,-0.05926583848757794
0.9109189562919012,5.248707000455535e-19,0.051786194213527315,-0.05673020935186801
0.9310746281332004,5.249005525146758e-19,0.050668021191840676,-0.05430307567430592
0.9516762793940368,5.249305429146164e-19,0.04957400474687055,-0.05197979468269809
0.9727337781474892,5.24960671884573e-19,0.04850362278854489,-0.04975592229626491
0.9942572108149782,5.249909400667228e-19,0.04745636451438138,-0.04762720462184511
1.0162568869975963,5.250213481062365e-19,0.04643173016538501,-0.04558956981407314
1.0387433444143634,5.250518966512921e-19,0.04542923078722467,-0.04363912028395012
1.0617273539497174,5.250825863530904e-19,0.04444838799657713,-0.041772125240913116
1.0852199248127194,5.251134178658674e-19,0.043488733752523455,-0.03998501355410444
1.109232309810398,5.251443918469104e-19,0.04254981013289116,-0.03827436691919517
1.1337760107377703,5.251755089565708e-19,0.04163116911543397,-0.03663691331767538
1.1588627838871512,5.252067698582798e-19,0.040732372363744045,-0.03506952075609082
1.1845046456793424,5.252381752185623e-19,0.03985299101779551,-0.03356919127325653
1.2107138784194222,5.252697257070515e-19,0.038992605489018485,-0.03213305520395804
1.2375030361799164,5.253014219965039e-19,0.038150805259804854,-0.030758365688174916
1.2648849508141078,5.253332647628135e-19,0.03732718868735175,-0.02944249341531524
1.2928727381024372,5.253652546850272e-19,0.03652136281174674,-0.028182921593394528
1.3214798040348803,5.253973924453594e-19,0.035732943168204724,-0.026977241133543384
1.3507198512323324,5.2542967872920705e-19,0.03496155360336598,-0.025823146040613976
1.3806068855101037,5.254621142251642e-19,0.0342068260955669,-0.024718429001071796
1.411155222586602,5.2549469962503845e-19,0.0334684005789992,-0.02366097715972837
1.4423794949405018,5.255274356238638e-19,0.03274592477167116,-0.022648768077225656
1.474294658819607,5.255603229199182e-19,0.032039054007090915,-0.021679865860540937
1.506916001404801,5.25593362214738e-19,0.03134745106958997,-0.02075241745910905
1.540259148132535,5.256265542131327e-19,0.03067078603320797,-0.019864649119462896
1.574340070179315,5.25659899623201e-19,0.030008736104062794,-0.0190148629916172
1.609175092111794,5.256933991563473e-19,0.029360985466130016,-0.01820143388069745
1.6447808997061686,5.257270535272951e-19,0.028727225130357133,-0.017422806137594615
1.681174547940543,5.257608634541047e-19,0.02810715278704238,-0.016677490682697416
1.7183734691641923,5.25794829658188e-19,0.02750047266140523,-0.015964062157007852
1.756395481447544,5.258289528643246e-19,0.02690689537228145,-0.015281156195183221
1.7952587971169236,5.258632338006772e-19,0.026326137793874133,-0.014627466815289536
1.83498203147818,5.25897673198809e-19,0.025757922920494412,-0.014001743920270593
1.87558421173328,5.259322717936978e-19,0.025201979734228223,-0.013402790906349327
1.917084786094256,5.25967030323754e-19,0.024658043075464535,-0.01282946237378535
1.959503633098776,5.260019495308358e-19,0.02412585351622414,-0.012280661935609893
2.0028610711318398,5.260370301602652e-19,0.02360515723622814,-0.011755340120140234
2.047177868158189,5.260722729608458e-19,0.023095705901646352,-0.011252492363263783
2.0924752516700376,5.261076786848776e-19,0.022597256546468433,-0.010771157086647332
2.1387749188549,5.261432480881752e-19,0.02210957145644079,-0.01031041385819545
2.1860990469884536,5.2617898193008275e-19,0.02163241805551302,-0.00986938163123588
2.2344703040572904,5.262148809734916e-19,0.021165568794740974,-0.00944721705906279
2.2839118596167847,5.262509459848572e-19,0.020708801043591893,-0.009043112881614024
2.334447395889164,5.26287177734216e-19,0.020261896983600654,-0.008656296381194084
2.386101119107144,5.263235769952016e-19,0.019824643504325962,-0.008286027904286869
2.4388977711086084,5.2636014454506225e-19,0.019396832101556256,-0.007931599446629745
2.492862641187769,5.263968811646788e-19,0.018978258777717746,-0.007592333298843373
2.548021578208626,5.264337876385801e-19,0.018568723944435633,-0.007267580750022373
2.6044010029864166,5.264708647549624e-19,0.01816803232720307,-0.006956720846809178
2.662027920943011,5.265081133057049e-19,0.01777599287211172,-0.006659159205573889
2.7209299350423914,5.265455340863879e-19,0.01739241865459912,-0.006374326875428021
2.781135259012297,5.26583127896311e-19,0.01701712679016986,-0.006101679249898323
2.8426727308584208,5.266208955385097e-19,0.016649938347047418,-0.00584069502517523
2.905571826677689,5.266588378197735e-19,0.01629067826071476,-0.0055908752029438236
2.9698626747770973,5.266969555506634e-19,0.015939175250303552,-0.00535174213589007
3.035576070105038,5.267352495455309e-19,0.01559526173679103,-0.005122838614054076
3.1027434890018863,5.267737206225347e-19,0.015258773762966287,-0.004903726990284352
3.171397104276969,5.268123696036591e-19,0.014929550915127304,-0.004693988343117281
3.2415698006191995,5.26851197314732e-19,0.01460743624647105,-0.0044932216754815235
3.313295190348605,5.268902045854442e-19,0.014292276202140797,-0.004301043147694278
3.3866076295164818,5.269293922493666e-19,0.013983920545893796,-0.0041170853432809795
3.4615422343617244,5.269687611439683e-19,0.013682222288355144,-0.003940996566213467
3.5381348981312866,5.270083121106363e-19,0.01338703761682317,-0.003772440168222993
3.61642230827288,5.270480459946935e-19,0.013098225826592506,-0.003611093904900456
3.696441964008032,5.2708796364541765e-19,0.01281564925376259,-0.0034566493193516346
3.778232194293977,5.271280659160588e-19,0.0125391732094991,-0.0033088111522279334
3.861832176183055,5.271683536638601e-19,0.012268665915716844,-0.0031672967770045996
3.947281953588243,5.272088277500761e-19,0.012003998442153722,-0.0030318356594256912
4.034622456464006,5.272494890399905e-19,0.011745044644805165,-0.002902168840080474
4.123895520411493,5.272903384029374e-19,0.011491681105690127,-0.002778048439123118
4.215143906717524,5.27331376712319e-19,0.011243787073919547,-0.0026592371821862956
4.308411322837061,5.273726048456254e-19,0.011001244408038997,-0.002545507946582738
4.403742443328757,5.274140236844544e-19,0.010763937519618443,-0.0024366433269262244
4.50118293125388,5.274556341145306e-19,0.010531753318061455,-0.0023324352193406506
4.600779460048631,5.27497437025724e-19,0.010304581156608114,-0.0022326844234618615
4.702579735880421,5.2753943331207255e-19,0.010082312779505576,-0.002137200261471024
4.80663252049891,5.275816238717986e-19,0.009864842270320723,-0.0020458002134304265
4.912987654592583,5.276240096073319e-19,0.00965206600137077,-0.001958309568223744
5.021696081662116,5.276665914253265e-19,0.00944388258424728,-0.0018745610894337211
5.132809872422098,5.277093702366832e-19,0.009240192821409867,-0.001794394695516864
5.246382249742522,5.277523469565695e-19,0.009040899658826897,-0.001717657153664974
5.362467614142308,5.277955225044381e-19,0.008845908139639907,-0.001644201786765949
5.481121569846806,5.2783889780405e-19,0.008655125358830215,-0.0015738881929044518
5.602400951421875,5.278824737834922e-19,0.008468460418865684,-0.0015065819768656091
5.7263638509973855,5.279262513752004e-19,0.008285824386306413,-0.0014421544931277133
5.853069646092933,5.27970231515979e-19,0.008107130249348967,-0.0013804825998525866
5.982579028059404,5.280144151470211e-19,0.007932292876288353,-0.0013214484234028573
6.11495403114976,5.280588032139313e-19,0.007761228974878348,-0.0012649391329357003
6.250258062233045,5.281033966667438e-19,0.007593857052570492,-0.001210846724641789
6.38855593116599,5.281481964599472e-19,0.007430097377612745,-0.001159067815216533
6.529913881836527,5.281932035525025e-19,0.007269871940989343,-0.0011095034441690257
6.6743996238941925,5.282384189078657e-19,0.007113104419183621,-0.00106205888458984
6.8220823651827525,5.282838434940098e-19,0.00695972013774584,-0.0010166434620161764
6.973032844890261,5.283294782834444e-19,0.0068096460356489195,-0.0009731703810476472
7.127323367432816,5.283753242532401e-19,0.006662810630414701,-0.0009315565593810207
7.285027837087925,5.28421382385048e-19,0.006519143983994335,-0.0008917224689466152
7.446221793394184,5.2846765366512205e-19,0.0063785776693863795,-0.0008535919838421474
7.610982447334391,5.285141390843415e-19,0.00624104473797656,-0.000817092234773345
7.779388718319038,5.285608396382326e-19,0.006106479687583856,-0.0007821534697229592
7.951521271988372,5.286077563269909e-19,0.0059748184311972695,-0.0007487089205814035
8.127462558850725,5.286548901555036e-19,0.005845998266388677,-0.0007166946754841655
8.307296853775785,5.287022421333709e-19,0.005719957845386982,-0.0006860495566115201
8.49111029636188,5.287498132749304e-19,0.0055966371457991946,-0.0006567150032170729
8.678990932196298,5.287976045992783e-19,0.005475977441964634,-0.0006286349596611833
8.871028755028572,5.288456171302918e-19,0.0053579212769284635,-0.000601755768235181
9.067315749877087,5.288938518966538e-19,0.005242412435021077,-0.0005760260665713373
9.26794593708925,5.289423099318738e-19,0.005129395915030448,-0.0005513966894424797
9.473015417376798,5.289909922743118e-19,0.005018817903954381,-0.000527820574763133
9.682622417847464,5.29039899967202e-19,0.00491062575132031,-0.0005052526736127518
9.896867339055124,5.290890340586747e-19,0.004804767944060301,-0.0004836498641086588
10.11585280309123,5.291383956017809e-19,0.004701194081929176,-0.0004629708689640709
10.339683702740045,5.291879856545157e-19,0.004599854853454198,-0.0004431761765735752
10.568467251721822,5.292378052798411e-19,0.004500702012404595,-0.0004242279654749735
10.802313036047517,5.292878555457106e-19,0.00440368835476987,-0.0004060900320431455
11.04133306650978,5.293381375250925e-19,0.004308767696235832,-0.0003887277212775656
11.285641832335616,5.293886522959943e-19,0.004215894850147501,-0.0003721078605511217
11.535356356026028,5.294394009414864e-19,0.004125025605948481,-0.00035619869619352845
11.79059624940901,5.294903845497267e-19,0.004036116708086489,-0.000340969832788013
12.05148377093314,5.2954160421398445e-19,0.0039491258353747906,-0.0003263921750651898
12.318143884228457,5.295930610326651e-19,0.0038640115807999733,-0.00031243787228302494
12.590704317963498,5.296447561093345e-19,0.003780733431766094,-0.00029908026498643055
12.869295627026542,5.296966905527445e-19,0.0036992517507660077,-0.0002862938340447742
13.154051255060557,5.297488654768566e-19,0.0036195277564705424,-0.0002740541518697617
13.445107598382137,5.298012820008672e-19,0.0035415235052264032,-0.0002623378357203823
13.74260407131434,5.298539412492336e-19,0.003465201872954182,-0.00025112250300570425
14.04668317296554,5.2990684435169725e-19,0.003390526537437558,-0.00024038672849992487
14.3574905554856,5.299599924433116e-19,0.0033174619609954636,-0.0002301100033879509
14.67517509383235,5.300133866644652e-19,0.0032459733735287952,-0.0002202726960631252
14.999888957081978,5.300670281609086e-19,0.0031760267559335868,-0.00021085601460213692
15.331787681317104,5.301209180837792e-19,0.0031075888238727726,-0.00020184197084536885
15.67103024412754,5.301750575896282e-19,0.0030406270118987777,-0.00019321334601400068
16.01777914075989,5.302294478404459e-19,0.0029751094579192486,-0.0001849536577980624
16.372200461951586,5.302840900036872e-19,0.002911004987998686,-0.00017704712885257276
16.734463973487607,5.303389852522985e-19,0.002848283101488521,-0.00016947865664143896
17.104743197517255,5.303941347647441e-19,0.0027869139564786877,-0.000162233784571514
17.483215495670137,5.304495397250323e-19,0.002726868355563676,-0.00015529867436158687
17.870062154011634,5.30505201322742e-19,0.0026681177319162106,-0.00014866007959344956
18.265468469877597,5.305611207530499e-19,0.002610634135662052,-0.00014230532039449795
18.66962384063095,5.306172992167566e-19,0.002554390220549224,-0.0001362222592034305
19.08272185438188,5.306737379203144e-19,0.002499359230905461,-0.0001303992775727055
19.504960382715264,5.307304380758536e-19,0.002445514988877568,-0.00012482525396341265
19.936541675470327,5.307874009012104e-19,0.0023928318819465668,-0.00011948954249007063
20.37767245761684,5.308446276199544e-19,0.002341284850712769,-0.00011438195257475452
20.82856402827546,5.309021194614148e-19,0.00229084937694481,-0.00010949272947158523
21.289432361928714,5.309598776607105e-19,0.0022415014718870528,-0.0001048125356244013
21.76049821187138,5.310179034587755e-19,0.002193217664819718,-0.00010033243282192919
22.24198721595032,5.310761981023879e-19,0.002145974991866245,-9.6043865116348e-05
22.734130004643603,5.311347628441981e-19,0.0020997509850426226,-9.193864247257055e-05
23.23716231153101,5.311935989427569e-19,0.0020545236615434046,-8.800892511701e-05
23.751325086209444,5.312527076625436e-19,0.002010271513259255,-8.424720855586439e-05
24.276864609705985,5.31312090273995e-19,0.001966973496521138,-8.064630923431283e-05
24.81403261244545,5.313717480535331e-19,0.0019246090220660951,-7.719935080916971e-05
25.36308639482769,5.314316822835954e-19,0.0018831579452199603,-7.389975100877892e-05
25.924288950472828,5.314918942526623e-19,0.0018426005562922447,-7.074120905501075e-05
26.497909092194096,5.315523852552873e-19,0.0018029175711785934,-6.77176936233041e-05
27.084221580757184,5.316131565921251e-19,0.0017640901221664049,-6.482343131776242e-05
27.68350725648945,5.316742095699625e-19,0.0017260997489391217,-6.20528956392359e-05
28.2960531738007,5.317355455017466e-19,0.0016889283897749702,-5.94007964253285e-05
28.9221527386804,5.317971657066149e-19,0.001652558372935931,-5.686206974211071e-05
29.56210584923782,5.31859071509925e-19,0.00161697240824278,-5.443186820824203e-05
30.21621903935136,5.319212642432853e-19,0.0015821535788322454,-5.210555173298416e-05
30.884805625496316,5.319837452445836e-19,0.0015480853330923107,-4.987867865040253e-05
31.56818585682211,5.320465158580189e-19,0.0015147514767717854,-4.7746997232812807e-05
32.26668706854934,5.321095774341312e-19,0.001482136165260445,-4.5706437567241296e-05
32.98064383876184,5.321729313298317e-19,0.0014502238960359699,-4.375310377937539e-05
33.71039814866758,5.322365789084339e-19,0.0014189995012741457,-4.1883266590125455e-05
34.45629954640542,5.323005215396846e-19,0.001388448140618772,-4.009335619058912e-05
35.21870531447718,5.323647605997946e-19,0.0013585552941077906,-3.8379955421779296e-05
35.99798064088337,5.324292974714701e-19,0.0013293067552523322,-3.6739793246085505e-05
36.79449879404662,5.32494133543944e-19,0.0013006886242652915,-3.516973849798557e-05
37.608641301604926,5.325592702130075e-19,0.001272687301436266,-3.3666793902068556e-05
38.440798133160975,5.326247088810409e-19,0.0012452894806496623,-3.222809034692279e-05
39.29136788707579,5.326904509570472e-19,0.0012184821430428643,-3.0850881403949194e-05
40.16075798139489,5.327564978566823e-19,0.001192252550801465,-2.953253808062658e-05
41.04938484899886,5.328228510022877e-19,0.0011665882410885895,-2.8270543798187848e-05
41.95767413707302,5.328895118229239e-19,0.0011414770201053815,-2.7062489584119237e-05
42.8860609109892,5.329564817544004e-19,0.001116906957279871,-2.590606947028664e-05
43.83498986270024,5.33023762239311e-19,0.0010928663795813935,-2.4799076087889398e-05
44.80491552374461,5.330913547270649e-19,0.0010693438659578854,-2.3739396450832393e-05
45.79630248296412,5.331592606739204e-19,0.0010463282418933931,-2.272500791944713e-05
46.80962560904002,5.332274815430171e-19,0.0010238085740831581,-2.175397433684743e-05
47.84537027795156,5.332960188044106e-19,0.0010017741652238125,-2.082444233054157e-05
48.904032605469006,5.333648739351046e-19,0.0009802145489161095,-1.9934637772224724e-05
49.986119684790005,5.334340484190855e-19,0.0009591194846778264,-1.908286238898934e-05
51.09214982943394,5.335035437473556e-19,0.0009384789530644273,-1.826749051947555e-05
52.22265282151184,5.3357336141796695e-19,0.0009182831508951414,-1.7486966008758216e-05
53.37817016548859,5.336435029360562e-19,0.0008985224865822196,-1.6739799236044036e-05
54.55925534756022,5.337139698138779e-19,0.0008791875755611069,-1.6024564269487697e-05
55.766474100771326,5.337847635708401e-19,0.0008602692358193485,-1.533989614269771e-05
57.00040467599713,5.338558857335384e-19,0.0008417584835221259,-1.4684488247722577e-05
58.26163811892308,5.339273378357905e-19,0.0008236465287322907,-1.4057089839535053e-05
59.55077855315206,5.339991214186707e-19,0.0008059247712228906,-1.3456503647245668e-05
60.86844346957572,5.340712380305478e-19,0.0007885847963801796,-1.2881583587481848e-05
62.21526402215,5.341436892271168e-19,0.0007716183711951252,-1.2331232575560672e-05
63.59188533021321,5.34216476571437e-19,0.0007550174403415584,-1.1804400430270835e-05
64.9989667874954,5.342896016339662e-19,0.0007387741223390323,-1.1300081868264179e-05
66.43718237796386,5.343630659925977e-19,0.0007228807057986041,-1.0817314584219692e-05
67.9072209986571,5.344368712326961e-19,0.0007073296457497298,-1.035517741311445e-05
69.4097867896634,5.345110189471328e-19,0.0006921135600465061,-9.91278857108584e-06
70.9455994713996,5.345855107363232e-19,0.0006772252258515713,-9.489303971527531e-06
72.51539468935248,5.346603482082633e-19,0.0006626575761959735,-9.08391561319825e-06
74.11992436644981,5.347355329785662e-19,0.0006484036966133487,-8.695850037265156e-06
75.75995706322598,5.34811066670499e-19,0.0006344568218468376,-8.324366850331698e-06
77.43627834595911,5.348869509150203e-19,0.000620810332627132,-7.968757310628828e-06
79.14969116295235,5.3496318735081805e-19,0.0006074577525201399,-7.628342974668037e-06
80.9010162291411,5.350397776243454e-19,0.0005943927448427565,-7.302474401769271e-06
82.69109241921181,5.351167233898605e-19,0.0005816091096452567,-6.9905299139886516e-06
84.5207771694169,5.351940263094635e-19,0.0005691007807588967,-6.69191440907791e-06
86.39094688828295,5.352716880531338e-19,0.0005568618229072798,-6.406058224205167e-06
88.30249737640493,5.353497102987702e-19,0.000544886428880143,-6.132416048266478e-06
90.25634425552894,5.354280947322283e-19,0.000533168916768196,-5.870465880712395e-06
92.25342340713094,5.355068430473591e-19,0.0005217037272576875,-5.619708034896204e-06
94.29469142069802,5.355859569460485e-19,0.0005104854209834288,-5.379664184042635e-06
96.38112605192876,5.3566543813825635e-19,0.0004995086759389961,-5.149876448012921e-06
98.51372669107394,5.357452883420547e-19,0.0004887682849428729,-4.929906519121548e-06
100.6935148416372,5.358255092836694e-19,0.00047825915315934217,-4.719334825334864e-06
102.92153460967076,5.359061026975174e-19,0.00046797629567291914,-4.517759729252271e-06
105.1988532038954,5.359870703262487e-19,0.0004579148351151924,-4.3247967613401406e-06
107.52656144688804,5.360684139207855e-19,0.000448069999342922,-4.140077885953137e-06
109.90577429757778,5.36150135240362e-19,0.00043843711916630423,-3.963250798741139e-06
112.33763138530736,5.362322360525665e-19,0.00042901162612629277,-3.7939782540987214e-06
114.82329755570736,5.363147181333806e-19,0.00041978905031994835,-3.6319374213734153e-06
117.36396342865125,5.363975832672209e-19,0.0004107650182727544,-3.4768192686019934e-06
119.96084596855562,5.364808332469797e-19,0.00040193525085689387,-3.3283279725976946e-06
122.61518906729756,5.365644698740676e-19,0.0003932955612544993,-3.1861803542619405e-06
125.32826414003448,5.36648494958453e-19,0.0003848418529648806,-3.05010533804099e-06
128.10137073420276,5.367329103187061e-19,0.0003765701178548151,-2.9198434344955484e-06
130.93583715199415,5.368177177820389e-19,0.000368476434250941,-2.7951462449947413e-06
133.83302108660473,5.36902919184349e-19,0.0003605569650733576,-2.6757759875883653e-06
136.79431027256294,5.369885163702611e-19,0.0003528079560095363,-2.5615050431512324e-06
139.8211231504441,5.370745111931699e-19,0.00034522573372768186,-2.452115520933832e-06
142.9149095462987,5.371609055152829e-19,0.0003378067041286681,-2.3473988426877886e-06
146.07715136610867,5.372477012076641e-19,0.00033054735063574455,-2.247155344573421e-06
149.30936330561224,5.373349001502766e-19,0.00032344423252117597,-2.1511938960878523e-06
152.61309357583528,5.37422504232026e-19,0.00031649398326902305,-2.0593315352863205e-06
155.989924644673,5.375105153508043e-19,0.00030969330897329106,-1.9713931195995956e-06
159.4414739948868,5.375989354135349e-19,0.00030303898677066257,-1.8872109915810088e-06
162.96939489886662,5.376877663362156e-19,0.00029652786330709166,-1.8066246589445003e-06
166.57537721053976,5.377770100439625e-19,0.00029015685323750904,-1.729480488282181e-06
170.2611481748018,5.378666684710573e-19,0.0002839229377579313,-1.6556314118770378e-06
174.02847325485442,5.37956743560989e-19,0.0002778231631692754,-1.5849366470505733e-06
177.879156977856,5.380472372665011e-19,0.00027185463947218086,-1.5172614275091496e-06
181.81504379927748,5.381381515496355e-19,0.00026601453899218836,-1.4524767461762e-06
185.83801898638623,5.382294883817802e-19,0.00026030009503460615,-1.3904591090192127e-06
189.95000952127944,5.38321249743713e-19,0.0002547086005684234,-1.3310902994013533e-06
194.15298502389416,5.384134376256482e-19,0.00024923740693865234,-1.2742571525072095e-06
198.44895869544868,5.385060540272837e-19,0.000243883922606468,-1.219851339412581e-06
202.83998828275136,5.385991009578462e-19,0.0002386456119165638,-1.167769160385622e-06
207.3281770638504,5.38692580436139e-19,0.00023351999389112276,-1.1179113470244129e-06
211.91567485549265,5.387864944905886e-19,0.0002285046410498319,-1.070182872853489e-06
216.60467904287023,5.388808451592924e-19,0.00022359717825538319,-1.024492772017468e-06
221.39743563216072,5.38975634490065e-19,0.0002187952815838947,-9.807539657255064e-07
226.29624032634763,5.390708645404875e-19,0.00021409667721973517,-9.388830961151686e-07
231.3034396248499,5.391665373779542e-19,0.0002094991403742074,-8.988003672187225e-07
236.42143194748175,5.392626550797218e-19,0.00020500049422758293,-8.60429392727787e-07
241.6526687832832,5.393592197329573e-19,0.00020059860889398056,-8.236970502659899e-07
246.9996558647649,5.394562334347869e-19,0.00019629140040860102,-7.885333418912132e-07
252.46495436814592,5.395536982923447e-19,0.00019207682973682128,-7.548712605610387e-07
258.0511821401387,5.396516164228229e-19,0.00018795290180469393,-7.226466623065723e-07
263.7610149518831,5.397499899535198e-19,0.0001839176645503759,-6.917981438704539e-07
269.5971877806271,5.398488210218912e-19,0.0001799692079960395,-6.62266925575474e-07
275.56249611976074,5.399481117755992e-19,0.00017610566333982558,-6.339967392002508e-07
281.6597973178476,5.400478643725624e-19,0.00017232520206739602,-6.069337206476486e-07
287.89201194727474,5.40148080981008e-19,0.00016862603508267655,-5.810263072013074e-07
294.26212520319064,5.402487637795202e-19,0.00016500641185736352,-5.562251391739354e-07
300.7731883333982,5.403499149570939e-19,0.0001614646195987945,-5.324829657597288e-07
307.42832009988,5.404515367131834e-19,0.00015799898243578711,-5.097545549110439e-07
314.2307082726747,5.405536312577558e-19,0.00015460786062205086,-4.879966070673344e-07
321.18361115679573,5.406562008113424e-19,0.00015128964975680251,-4.671676725717337e-07
328.29035915294213,5.407592476050907e-19,0.00014804278002220606,-4.472280726175132e-07
335.5543563527427,5.408627738808168e-19,0.00014486571543727517,-4.281398235735399e-07
342.97908216929085,5.409667818910578e-19,0.000141756953127887,-4.098665645442978e-07
350.5680930037721,5.410712738991251e-19,0.00013871502261254942,-3.923734880261854e-07
358.325023948954,5.411762521791582e-19,0.00013573848510359395,-3.756272735277104e-07
366.2535905303764,5.412817190161766e-19,0.00013282593282345118,-3.595960240268737e-07
374.3575904860684,5.413876767061355e-19,0.00012997598833568754,-3.442492051444349e-07
382.640905585637,5.414941275559776e-19,0.0001271873038904855,-3.295575869170185e-07
391.1075034896217,5.416010738836898e-19,0.00012445856078424858,-3.154931880588121e-07
399.7614396499751,5.417085180183563e-19,0.00012178846873303598,-3.020292226055855e-07
408.6068592526027,5.418164623002144e-19,0.00011917576525952007,-2.8914004883912496e-07
417.6479992028833,5.419249090807082e-19,0.00011661921509317819,-2.768011203945762e-07
426.8891901551241,5.420338607225462e-19,0.00011411760958343204,-2.6498893945743486e-07
436.3348585869123,5.421433195997552e-19,0.00011166976612545725,-2.5368101196086025e-07
445.9895289193831,5.4225328809773745e-19,0.0001092745275983829,-2.428558046977239e-07
455.8578256843845,5.423637686133264e-19,0.00010693076181562237,-2.3249270426563514e-07
465.9444757396036,5.424747635548443e-19,0.00010463736098706723,-2.225719777665323e-07
476.25431053270574,5.425862753421575e-19,0.00010239324119288921,-2.1307473518587213e-07
486.7922684155632,5.426983064067356e-19,0.00010019734186870251,-2.0398289337960096e-07
497.56339700970864,5.428108591917073e-19,9.804862530183449e-05,-1.9527914160016445e-07
508.5728556241094,5.429239361519195e-19,9.594607613847312e-05,-1.8694690849582786e-07
519.8259177264489,5.430375397539946e-19,9.388870090144999e-05,-1.7897033052026378e-07
531.3279734690896,5.431516724763894e-19,9.187552751843168e-05,-1.7133422169216726e-07
543.0845322709165,5.432663368094539e-19,8.990560486029599e-05,-1.6402404464718485e-07
555.1012254563302,5.433815352554901e-19,8.797800228946787e-05,-1.5702588292690817e-07
567.3838089526105,5.434972703288112e-19,8.609180921800708e-05,-1.5032641445205636e-07
579.9381660469749,5.436135445558023e-19,8.424613467523202e-05,-1.4391288612924533e-07
592.7703102046414,5.43730360474979e-19,8.244010688467467e-05,-1.377730895428942e-07
605.8863879492351,5.438477206370483e-19,8.067287285016785e-05,-1.3189533768583822e-07
619.2926818069518,5.439656276049703e-19,7.894359795086186e-05,-1.2626844268433999e-07
632.9956133158422,5.440840839540168e-19,7.725146554498433e-05,-1.2088169447490624e-07
647.0017461016951,5.442030922718352e-19,7.559567658215022e-05,-1.1572484039228077e-07
661.3177890219785,5.443226551585082e-19,7.397544922403797e-05,-1.1078806562967251e-07
675.9505993793337,5.444427752266165e-19,7.23900184732534e-05,-1.0606197453390313e-07
690.9071862061998,5.445634551013006e-19,7.083863581019974e-05,-1.0153757269982003e-07
706.1947136220897,5.446846974203244e-19,6.932056883778694e-05,-9.720624982980155e-08
721.8205042651649,5.448065048341367e-19,6.783510093380647e-05,-9.30597633256641e-08
737.7920427997371,5.449288800059357e-19,6.63815309108079e-05,-8.909022258165458e-08
754.1169795013831,5.450518256117316e-19,6.495917268331472e-05,-8.529007394857668e-08
770.8031339213703,5.451753443404108e-19,6.356735494222249e-05,-8.165208634037092e-08
787.8584986321956,5.452994388938008e-19,6.22054208362203e-05,-7.816933745566878e-08
805.2912430559697,5.454241119867338e-19,6.087272766008914e-05,-7.483520058807539e-08
823.1097173775265,5.455493663471124e-19,5.956864654972469e-05,-7.164333199998617e-08
841.3224565441174,5.456752047159742e-19,5.829256218374076e-05,-6.858765883586713e-08
859.9381843535882,5.458016298475579e-19,5.7043872491512465e-05,-6.566236755195825e-08
878.9658176330496,5.459286445093686e-19,5.582198836751638e-05,-6.286189284029597e-08
898.4144705099717,5.460562514822456e-19,5.462633339183678e-05,-6.018090702597083e-08
918.293458777803,5.461844535604275e-19,5.3456343556700806e-05,-5.7614309917367186e-08
938.612304358186,5.4631325355161975e-19,5.231146699891397e-05,-5.51572190900333e-08
959.3807398618876,5.464426542770621e-19,5.119116373806955e-05,-5.280496058566202e-08
980.6087132506868,5.465726585715967e-19,5.0094905420404076e-05,-5.05530600084307e-08
1002.3063926023768,5.467032692837353e-19,4.9022175068180926e-05,-4.83972340017243e-08
1024.484170981219,5.46834489275728e-19,4.7972466834480064e-05,-4.633338208898743e-08
1047.1526714161664,5.46966321423633e-19,4.694528576327781e-05,-4.4357578863145007e-08
1070.3227519892166,5.470987686173844e-19,4.5940147554703574e-05,-4.2466066509698005e-08
1094.0055110363958,5.472318337608629e-19,4.4956578335358906e-05,-4.065524764923123e-08
1118.2122924637815,5.473655197719642e-19,4.399411443359328e-05,-3.892167848568798e-08
1142.9546911811735,5.4749982958267165e-19,4.3052302159627065e-05,-3.7262062247344916e-08
1168.2445586559934,5.476347661391242e-19,4.213069759041748e-05,-3.567324290798285e-08
1194.0940085900509,5.477703324016898e-19,4.122886635916655e-05,-3.415219917627609e-08
1220.5154227219662,5.479065313450354e-19,4.034638344936782e-05,-3.269603874194204e-08
1247.5214567579328,5.480433659581989e-19,3.948283299329762e-05,-3.130199276767861e-08
1275.1250464337334,5.481808392446619e-19,3.863780807485212e-05,-2.996741061639093e-08
1303.3394137108828,5.483189542224221e-19,3.7810910536637515e-05,-2.8689754803650178e-08
1332.178073109878,5.484577139240654e-19,3.700175079122121e-05,-2.746659616576065e-08
1361.654838183554,5.485971213968409e-19,3.620994763645503e-05,-2.6295609234227503e-08
1391.783828133729,5.487371797027329e-19,3.543512807478029e-05,-2.5174567807800025e-08
1422.5794745741998,5.488778919185362e-19,3.4676927136431936e-05,-2.410134071365374e-08
1454.0565284434076,5.490192611359299e-19,3.39349877064551e-05,-2.3073887749627413e-08
1486.2300670700597,5.491612904615533e-19,3.320896035545273e-05,-2.2090255799781194e-08
1519.115501395058,5.4930398301707975e-19,3.249850317398436e-05,-2.1148575115870262e-08
1552.7285833532897,5.49447341939294e-19,3.180328161053514e-05,-2.0247055757643228e-08
1587.0854134186886,5.495913703801671e-19,3.112296831298085e-05,-1.9383984185183165e-08
1622.2024483162763,5.497360715069337e-19,3.04572429734714e-05,-1.8557719996794738e-08
1658.096508904846,5.498814485021679e-19,2.9805792176659573e-05,-1.776669280621464e-08
1694.7847882340309,5.500275045638626e-19,2.9168309251203712e-05,-1.7009399253200973e-08
1732.2848597797167,5.501742429055056e-19,2.8544494124471523e-05,-1.628440014179788e-08
1770.6146858616094,5.50321666756158e-19,2.7934053180378528e-05,-1.5590317700821278e-08
1809.79262624709,5.5046977936053335e-19,2.733669912029172e-05,-1.49258329613454e-08
1849.837446945446,5.506185839790765e-19,2.675215082693278e-05,-1.4289683246193904e-08
1890.7683291966528,5.507680838880429e-19,2.618013323121664e-05,-1.3680659766646459e-08
1932.604878659121,5.509182823795792e-19,2.5620377181960624e-05,-1.3097605321782972e-08
1975.367134800666,5.51069182761802e-19,2.5072619318404e-05,-1.2539412096081663e-08
2019.075580497308,5.512207883588806e-19,2.4536601945476096e-05,-1.2005019551071003e-08
2063.751151844456,5.513731025111168e-19,2.4012072911753932e-05,-1.1493412407021243e-08
2109.415248185148,5.515261285750263e-19,2.3498785490051852e-05,-1.100361871082563e-08
2156.0897423602632,5.516798699234228e-19,2.2996498260585028e-05,-1.0534707986392503e-08
2203.7969911854543,5.518343299454978e-19,2.2504974996653014e-05,-1.0085789464022149e-08
2252.5598461599407,5.519895120469059e-19,2.2023984552787787e-05,-9.656010385394036e-09
2302.4016644122485,5.521454196498464e-19,2.1553300755313373e-05,-9.24455438093692e-09
2353.34631988815,5.523020561931484e-19,2.109270229526512e-05,-8.8506399164871e-09
2405.418214786109,5.524594251323544e-19,2.064197262361797e-05,-8.473518806277824e-09
2458.64229124585,5.526175299398059e-19,2.0200899848772874e-05,-8.112474789423946e-09
2513.0440432954665,5.527763741047269e-19,1.976927663625401e-05,-7.766822167192745e-09
2568.6495290629173,5.529359611333118e-19,1.9346900110568224e-05,-7.435904498461536e-09
2625.485383257738,5.530962945488101e-19,1.8933571759180057e-05,-7.119093350879129e-09
2683.578829928869,5.532573778916137e-19,1.8529097338557416e-05,-6.815787105350776e-09
2742.957695504882,5.534192147193428e-19,1.813328678224184e-05,-6.525409811568619e-09
2803.65042212264,5.535818086069355e-19,1.77459541109014e-05,-6.247410092408616e-09
2865.686081250926,5.53745163146734e-19,1.7366917344322093e-05,-5.981260095106655e-09
2929.094387615525,5.539092819485737e-19,1.6995998415296475e-05,-5.726454487214238e-09
2993.905713432359,5.540741686398728e-19,1.6633023085368894e-05,-5.482509495424266e-09
3060.151102955673,5.542398268657208e-19,1.627782086239613e-05,-5.2489619854326784e-09
3127.8622873480126,5.5440626028896925e-19,1.5930224919885805e-05,-5.0253685810859945e-09
3197.071699879278,5.545734725903216e-19,1.559007201807306e-05,-4.811304821135319e-09
3267.8124914620903,5.547414674684242e-19,1.5257202426698418e-05,-4.606364351991362e-09
3340.118546530831,5.54910248639959e-19,1.4931459849450429e-05,-4.410158154943729e-09
3414.024499272178,5.55079819839733e-19,1.4612691350036125e-05,-4.2223138063705816e-09
3489.5657502146264,5.552501848207729e-19,1.4300747279845681e-05,-4.0424747695316854e-09
3566.778483185152,5.554213473544174e-19,1.3995481207175675e-05,-3.870299716595823e-09
3645.6996826410746,5.555933112304106e-19,1.3696749847977785e-05,-3.705461879610533e-09
3726.367151385339,5.557660802569947e-19,1.3404412998100287e-05,-3.5476484291788294e-09
3808.819528673934,5.55939658261007e-19,1.3118333466989296e-05,-3.3965598796595337e-09
3893.096308723812,5.561140490879731e-19,1.2838377012819352e-05,-3.251909519759132e-09
3979.237859630409,5.562892566022021e-19,1.2564412279021703e-05,-3.1134228674298894e-09
4067.285442703733,5.564652846868843e-19,1.2296310732180513e-05,-2.9808371480370034e-09
4157.281232232311,5.566421372441865e-19,1.2033946601267289e-05,-2.8539007948012576e-09
4249.268335684364,5.568198181953493e-19,1.1777196818185043e-05,-2.7323729705654106e-09
4343.290814356137,5.569983314807844e-19,1.1525940959593165e-05,-2.6160231099742902e-09
4439.393704476947,5.571776810601736e-19,1.128006118998636e-05,-2.504630481196588e-09
4537.623038781288,5.573578709125671e-19,1.103944220599989e-05,-2.397983766354459e-09
4638.025868558272,5.575389050364825e-19,1.0803971181914887e-05,-2.2958806598617254e-09
4740.650286188848,5.577207874500039e-19,1.0573537716338077e-05,-2.198127483905815e-09
4845.545448181893,5.579035221908845e-19,1.0348033780030002e-05,-2.104538820341903e-09
4952.761598719823,5.580871133166446e-19,1.0127353664857672e-05,-2.0149371582986374e-09
5062.350093725286,5.582715649046751e-19,9.911393933846966e-06,-1.929152556823742e-09
5174.363425460376,5.584568810523386e-19,9.700053372311079e-06,-1.8470223219285403e-09
5288.855247670046,5.586430658770722e-19,9.493232940032149e-06,-1.76839069741562e-09
5405.880401282066,5.588301235164902e-19,9.290835724472677e-06,-1.6931085689019188e-09
5525.494940675432,5.590180581284884e-19,9.092766894995343e-06,-1.621033180473279e-09
5647.756160530116,5.592068738913477e-19,8.898933658068915e-06,-1.5520278634316357e-09
5772.722623270906,5.593965750038391e-19,8.709245213439127e-06,-1.4859617766184052e-09
5900.454187118389,5.595871656853299e-19,8.523612711243932e-06,-1.4227096578198709e-09
6031.012034760828,5.597786501758882e-19,8.341949210052214e-06,-1.362151585781425e-09
6164.458702660229,5.599710327363903e-19,8.164169635806777e-06,-1.3041727523777415e-09
6300.858111006974,5.601643176486283e-19,7.990190741651557e-06,-1.248663244505535e-09
6440.275594337248,5.603585092154166e-19,7.819931068624171e-06,-1.1955178352835989e-09
6582.777932827809,5.605536117607013e-19,7.653310907195327e-06,-1.1446357841629466e-09
6728.433384283465,5.607496296296685e-19,7.490252259636324e-06,-1.0959206455665972e-09
6877.311716832062,5.609465671888545e-19,7.330678803197459e-06,-1.0492800856950594e-09
7029.484242343056,5.61144428826255e-19,7.174515854079321e-06,-1.0046257071487988e-09
7185.023850585506,5.613432189514366e-19,7.0216903321801285e-06,-9.618728810340156e-10
7344.005044141752,5.615429419956473e-19,6.872130726602413e-06,-9.209405862324321e-10
7506.503974093891,5.617436024119299e-19,6.72576706190235e-06,-8.817512555290656e-10
7672.598476499599,5.619452046752339e-19,6.582530865066229e-06,-8.442306283056357e-10
7842.368109675185,5.621477532825269e-19,6.442355133197945e-06,-8.083076095188456e-10
8015.894192303568,5.623512527529123e-19,6.305174301902468e-06,-7.739141346956788e-10
8193.259842385494,5.625557076277399e-19,6.170924214350064e-06,-7.409850406888737e-10
8374.550017052452,5.627611224707235e-19,6.039542091006886e-06,-7.094579419464102e-10
8559.85155326085,5.629675018680556e-19,5.910966500017121e-06,-6.79273112059984e-10
8749.253209386292,5.63174850428524e-19,5.785137328223153e-06,-6.503733703670345e-10
8942.845707738361,5.633831727836289e-19,5.661995752809647e-06,-6.227039733906055e-10
9140.721778016125,5.635924735877006e-19,5.541484213558189e-06,-5.96212510910647e-10
9342.97620172498,5.638027575180176e-19,5.423546385699468e-06,-5.708488064690292e-10
9549.705857576686,5.640140292749263e-19,5.308127153349744e-06,-5.465648221190893e-10
9761.009767893544,5.642262935819593e-19,5.195172583519501e-06,-5.233145672384912e-10
9976.98914603958,5.644395551859571e-19,5.0846299006815846e-06,-5.010540112321198e-10
10197.747444901195,5.646538188571894e-19,4.976447461886881e-06,-4.797409999589042e-10
10423.390406440349,5.64869089389474e-19,4.870574732415838e-06,-4.593351757236539e-10
10654.026112344587,5.650853716003029e-19,4.766962261953999e-06,-4.397979006817567e-10
10889.765035797422,5.65302670330963e-19,4.665561661280607e-06,-4.210921835112221e-10
11130.720094394348,5.6552099044666e-19,4.566325579458981e-06,-4.031826092124832e-10
11377.006704229809,5.657403368366437e-19,4.4692076815179e-06,-3.860352719025529e-10
11628.742835180645,5.659607144143324e-19,4.374162626613529e-06,-3.696177104758271e-10
11886.049067413263,5.66182128117439e-19,4.281146046661262e-06,-3.538988470090566e-10
12149.048649140674,5.664045829080973e-19,4.190114525427687e-06,-3.3884892779357007e-10
12417.867555657718,5.666280837729896e-19,4.101025578072535e-06,-3.2443946688248705e-10
12692.634549682563,5.668526357234741e-19,4.01383763113095e-06,-3.1064319204574423e-10
12973.481243033117,5.670782437957142e-19,3.92851000292672e-06,-2.9743399303007887e-10
13260.542159668612,5.673049130508072e-19,3.845002884406914e-06,-2.8478687202571747e-10
13553.95480012564,5.675326485749148e-19,3.763277320389167e-06,-2.726778962455282e-10
13853.859707380165,5.677614554793942e-19,3.6832951912124926e-06,-2.610841525266217e-10
14160.400534166787,5.67991338900929e-19,3.605019194783012e-06,-2.4998370386798375e-10
14473.72411178766,5.682223040016615e-19,3.528412829006063e-06,-2.393555478216179e-10
14793.980520443603,5.684543559693271e-19,3.4534403745964615e-06,-2.2917957665812458e-10
15121.323161122007,5.686875000173856e-19,3.380066878258521e-06,-2.194365392309583e-10
15455.9088290748,5.689217413851585e-19,3.308258136228199e-06,-2.1010800446692792e-10
15797.897788922524,5.691570853379622e-19,3.2379806781693e-06,-2.0117632641359293e-10
16147.453851420254,5.693935371672455e-19,3.16920175141622e-06,-1.9262461077705984e-10
16504.74445192174,5.696311021907254e-19,3.1018893055558073e-06,-1.8443668288667663e-10
16869.940730580372,5.698697857525249e-19,3.0360119773408494e-06,-1.7659705702567702e-10
17243.21761432408,5.701095932233123e-19,2.9715390759283047e-06,-1.690909070695915e-10
17624.753900644402,5.703505300004385e-19,2.9084405684350617e-06,-1.619040383765644e-10
18014.732343239517,5.705926015080792e-19,2.846687065804501e-06,-1.55022860876199e-10
18413.33973955193,5.708358131973742e-19,2.7862498089771685e-06,-1.4843436330584392e-10
18820.76702024385,5.710801705465687e-19,2.727100655358857e-06,-1.4212608854529366e-10
19237.20934065153,5.713256790611569e-19,2.6692120655799497e-06,-1.360861100031271e-10
19662.866174263705,5.715723442740235e-19,2.6125570905395127e-06,-1.3030300900979473e-10
20097.941408268256,5.718201717455895e-19,2.5571093587281365e-06,-1.247658531745038e-10
20542.64344121274,5.720691670639556e-19,2.502843063823508e-06,-1.1946417566482823e-10
20997.18528282656,5.723193358450479e-19,2.449732952552722e-06,-1.1438795536963408e-10
21461.784656051103,5.725706837327645e-19,2.3977543128157893e-06,-1.0952759790769275e-10
21936.664101327835,5.728232163991237e-19,2.3468829620645483e-06,-1.0487391744590404e-10
22422.05108319401,5.730769395444097e-19,2.2970952359315336e-06,-1.0041811929257265e-10
22918.17809923653,5.733318588973244e-19,2.248367977103478e-06,-9.615178323271571e-11
23425.282791457463,5.735879802151349e-19,2.2006785244340256e-06,-9.206684757374392e-11
23943.608060102884,5.738453092838245e-19,2.154004702290687e-06,-8.815559387119765e-11
24473.40218001077,5.741038519182455e-19,2.108324810130878e-06,-8.441063230558091e-11
25014.918919533226,5.7436361396227e-19,2.0636176123021265e-06,-8.082488768249904e-11
25568.417662090185,5.746246012889437e-19,2.019862328061635e-06,-7.739158602950424e-11
26134.163530412174,5.748868198006395e-19,1.9770386218105048e-06,-7.410424176424622e-11
26712.427513533185,5.751502754292138e-19,1.9351265935378906e-06,-7.095664540952428e-11
27303.48659659248,5.754149741361603e-19,1.8941067694707094e-06,-6.794285183194569e-11
27907.623893508964,5.756809219127681e-19,1.8539600929243817e-06,-6.50571689818484e-11
28525.12878259129,5.759481247802789e-19,1.8146679153502883e-06,-6.22941471131234e-11
29156.29704514792,5.762165887900454e-19,1.7762119875757675e-06,-5.964856846247073e-11
29801.431007165364,5.76486320023691e-19,1.7385744512323834e-06,-5.711543736849307e-11
30460.83968412016,5.767573245932692e-19,1.701737830368562e-06,-5.468997081187965e-11
31134.838928995632,5.770296086414262e-19,1.6656850232425165e-06,-5.236758935873207e-11
31823.751583573776,5.7730317834156215e-19,1.630399294291615e-06,-5.014390848982591e-11
32527.907633074115,5.77578039897994e-19,1.5958642662744294e-06,-4.801473029937455e-11
33247.64436421552,5.778541995461198e-19,1.5620639125816385e-06,-4.5976035547519634e-11
33983.30652677408,5.781316635525843e-19,1.5289825497122992e-06,-4.40239760514864e-11
34735.24649871642,5.784104382154437e-19,1.496604829911808e-06,-4.215486740095931e-11
35503.82445498686,5.786905298643334e-19,1.464915733968117e-06,-4.036518198384781e-11
36289.40854002859,5.789719448606342e-19,1.4339005641628246e-06,-3.865154230921892e-11
37092.37504412361,5.792546895976437e-19,1.4035449373737199e-06,-3.7010714614726505e-11
37913.10858363304,5.795387705007437e-19,1.3738347783256327e-06,-3.543960274641025e-11
38752.00228522629,5.798241940275717e-19,1.3447563129863145e-06,-3.393524229924662e-11
39609.45797418671,5.801109666681927e-19,1.316296062104255e-06,-3.249479500734497e-11
40485.886366882856,5.803990949452712e-19,1.2884408348854113e-06,-3.111554337314325e-11
41381.70726750034,5.806885854142459e-19,1.2611777228057695e-06,-2.9794885525416237e-11
42297.349769124914,5.809794446635034e-19,1.234494093556933e-06,-2.8530330296341823e-11
43233.25245927584,5.812716793145543e-19,1.2083775851217854e-06,-2.7319492508290033e-11
44189.86362998671,5.815652960222094e-19,1.1828160999774697e-06,-2.6160088461396114e-11
45167.64149253505,5.818603014747581e-19,1.1577977994229205e-06,-2.5049931613357293e-11
46167.05439692209,5.821567023941461e-19,1.1333110980283149e-06,-2.398692844326109e-11
47188.58105621087,5.824545055361561e-19,1.1093446582037304e-06,-2.296907449160434e-11
48232.7107758263,5.827537176905878e-19,1.0858873848845508e-06,-2.199445056898778e-11
49299.94368792988,5.830543456814404e-19,1.0629284203310317e-06,-2.1061219126307832e-11
50390.79099098032,5.833563963670946e-19,1.0404571390395913e-06,-2.016762077954777e-11
51505.775194593865,5.836598766404971e-19,1.0184631427634515e-06,-1.931197098259549e-11
52645.43036982462,5.839647934293448e-19,9.969362556402024e-07,-1.8492656841767e-11
53810.30240498076,5.842711536962723e-19,9.75866519424084e-07,-1.7708134066005657e-11
55000.94926710206,5.845789644390372e-19,9.552441888206578e-07,-1.6956924046970592e-11
56217.94126922319,5.848882326907099e-19,9.350597269217006e-07,-1.6237611063479117e-11
57461.86134354941,5.851989655198616e-19,9.153038007381682e-07,-1.554883960500933e-11
58733.305320679225,5.855111700307551e-19,8.959672768290726e-07,-1.48893118091805e-11
60032.88221500284,5.858248533635366e-19,8.77041217024283e-07,-1.4257785008364882e-11
61361.214516416825,5.861400226944274e-19,8.585168742391681e-07,-1.3653069380772724e-11
62718.9384884935,5.864566852359189e-19,8.403856883791311e-07,-1.3074025701563701e-11
64106.704473246486,5.867748482369659e-19,8.226392823321128e-07,-1.2519563189721382e-11
65525.17720264233,5.870945189831839e-19,8.052694580471269e-07,-1.1988637446609376e-11
66975.03611700232,5.874157047970451e-19,7.882681926970369e-07,-1.1480248482306044e-11
68456.97569045078,5.877384130380772e-19,7.71627634923719e-07,-1.0993438825974958e-11
69971.70576356445,5.880626511030623e-19,7.553401011638507e-07,-1.0527291716692322e-11
71519.95188338093,5.883884264262381e-19,7.393980720536105e-07,-1.008092937130387e-11
73102.45565093329,5.887157464794992e-19,7.237941889105419e-07,-9.653511326029184e-12
74719.97507647157,5.890446187725993e-19,7.085212502909841e-07,-9.244232848671591e-12
76373.28494254562,5.893750508533566e-19,6.935722086214009e-07,-8.852323418425672e-12
78063.17717512154,5.897070503078584e-19,6.789401669020341e-07,-8.477045270404644e-12
79790.46122290999,5.900406247606661e-19,6.646183754813188e-07,-8.117692002127488e-12
81555.9644450862,5.903757818750254e-19,6.506002288995629e-07,-7.773587239329794e-12
83360.5325075922,5.907125293530735e-19,6.368792628003497e-07,-7.444083358569264e-12
85205.02978820475,5.910508749360489e-19,6.234491509082701e-07,-7.128560264207305e-12
87090.33979056755,5.9139082640450425e-19,6.103037020715138e-07,-6.826424217451121e-12
89017.36556738496,5.917323915785167e-19,5.974368573679388e-07,-6.53710671523819e-12
90987.03015297744,5.920755783179036e-19,5.848426872732681e-07,-6.260063416840923e-12
93000.27700541198,5.924203945224358e-19,5.725153888900389e-07,-5.99477311615842e-12
95058.07045841172,5.927668481320554e-19,5.604492832360474e-07,-5.740736757749795e-12
97161.39618326657,5.9311494712709235e-19,5.486388125909765e-07,-5.497476494746803e-12
99311.26166096446,5.934646995284832e-19,5.370785378999621e-07,-5.2645347868611766e-12
101508.69666476756,5.9381611339799155e-19,5.257631362328913e-07,-5.041473536779956e-12
103754.75375347,5.941691968384289e-19,5.14687398298195e-07,-4.827873263313449e-12
106050.50877556598,5.945239579938783e-19,5.038462260100144e-07,-4.623332309731541e-12
108397.06138457544,5.9488040504991645e-19,4.932346301075532e-07,-4.42746608578932e-12
110795.53556577224,5.952385462338407e-19,4.828477278255127e-07,-4.239906342007092e-12
113247.08017456497,5.955983898148952e-19,4.726807406145147e-07,-4.060300474833016e-12
115752.8694867946,5.95959944104498e-19,4.6272899191041405e-07,-3.888310861370953e-12
118314.10376120431,5.9632321745647095e-19,4.529879049514843e-07,-3.72361422241684e-12
120932.00981435696,5.9668821826727e-19,4.434530006424214e-07,-3.565901012596952e-12
123607.84160827356,5.970549549762177e-19,4.3411989546416925e-07,-3.41487483645491e-12
126342.88085107208,5.974234360657351e-19,4.249842994285873e-07,-3.2702518893821663e-12
129138.4376109012,5.9779367006157835e-19,4.1604201407697567e-07,-3.13176042233424e-12
131995.85094345358,5.98165665533073e-19,4.072889305215448e-07,-2.999140229320752e-12
134916.4895333662,5.985394310933527e-19,3.9872102752888576e-07,-2.8721421566989056e-12
137901.7523498126,5.989149753995967e-19,3.903343696445441e-07,-2.750527633342524e-12
140953.06931660158,5.992923071532715e-19,3.8212510535781533e-07,-2.6340682207982005e-12
144071.90199710042,5.996714351003711e-19,3.7408946530590325e-07,-2.522545182577415e-12
147259.74429431852,6.000523680316611e-19,3.662237605165753e-07,-2.4157490717702466e-12
150518.1231664764,6.004351147829228e-19,3.5852438068851604e-07,-2.3134793362005433e-12
153848.59935841034,6.008196842351988e-19,3.5098779250854787e-07,-2.215543940376317e-12
157252.76814916087,6.012060853150414e-19,3.436105380049336e-07,-2.1217590035199854e-12
160732.26011609982,6.0159432699476e-19,3.3638923293599166e-07,-2.031948452994604e-12
164288.7419159714,6.019844182926722e-19,3.293205652132471e-07,-1.945943692470018e-12
167923.91708320857,6.02376368273356e-19,3.224012933584021e-07,-1.8635832842026124e-12
171639.526845917,6.027701860479019e-19,3.156282449933787e-07,-1.784712644827133e-12
175437.35095991415,6.031658807741687e-19,3.089983153627317e-07,-1.709183754085783e-12
179319.20856121916,6.035634616570396e-19,3.025084658877422e-07,-1.636854875944519e-12
183286.9590374129,6.039629379486788e-19,2.961557227514904e-07,-1.5675902915684212e-12
187342.50291827117,6.043643189487927e-19,2.899371755142716e-07,-1.5012600436522322e-12
191487.7827861082,6.047676140048895e-19,2.8384997575868064e-07,-1.437739691622865e-12
195724.7842062635,6.051728325125418e-19,2.7789133576373613e-07,-1.3769100772506616e-12
200055.5366781728,6.055799839156499e-19,2.7205852720742616e-07,-1.3186571002271309e-12
204482.1146074916,6.0598907770670935e-19,2.663488798970485e-07,-1.2628715032846283e-12
209006.6382997205,6.0640012342707495e-19,2.6075978052676895e-07,-1.2094486664523299e-12
213631.27497582012,6.068131306672329e-19,2.5528867146180035e-07,-1.1582884100595403e-12
218358.23981029837,6.072281090670677e-19,2.499330495486313e-07,-1.1092948061142896e-12
223189.7969922628,6.076450683161362e-19,2.446904649507553e-07,-1.0623759977007762e-12
228128.26080995973,6.080640181539398e-19,2.395585200093334e-07,-1.0174440260545879e-12
233175.9967593014,6.084849683702006e-19,2.3453486812827848e-07,-9.744146649890765e-13
238335.4226769259,6.089079288051378e-19,2.2961721268321946e-07,-9.332072623601708e-13
243609.00989832703,6.093329093497448e-19,2.248033059538394e-07,-8.937445882700874e-13
248999.2844416109,6.097599199460713e-19,2.2009094807908498e-07,-8.559526897233154e-13
254508.82821744023,6.101889705875031e-19,2.1547798603475955e-07,-8.197607514606485e-13
260140.28026576052,6.106200713190465e-19,2.109623126330084e-07,-7.851009627080457e-13
265896.3380198815,6.110532322376132e-19,2.0654186554324134e-07,-7.519083895891085e-13
271779.7585985329,6.114884634923069e-19,2.0221462633402197e-07,-7.201208529600582e-13
277793.3601265098,6.119257752847113e-19,1.979786195354756e-07,-6.896788114366945e-13
283940.0230845337,6.123651778691811e-19,1.9383191172178134e-07,-6.605252493924345e-13
290222.69168899336,6.128066815531334e-19,1.8977261061330376e-07,-6.32605569716078e-13
296644.3753022026,6.132502966973411e-19,1.8579886419795966e-07,-6.058674911268359e-13
303208.14987386914,6.136960337162284e-19,1.8190885987139466e-07,-5.802609498527747e-13
309917.1594144582,6.141439030781685e-19,1.7810082359557015e-07,-5.557380054872281e-13
316774.6175011501,6.1459391530578175e-19,1.7437301907536924e-07,-5.322527508454418e-13
323783.8088171333,6.150460809762365e-19,1.7072374695282354e-07,-5.097612256512807e-13
330948.09072494355,6.155004107215521e-19,1.671513440185983e-07,-4.882213338912688e-13
338270.89487462287,6.159569152289022e-19,1.6365418244035323e-07,-4.675927646799267e-13
345755.72884746135,6.1641560524092215e-19,1.6023066900762252e-07,-4.4783691648715805e-13
353406.17783610313,6.16876491556015e-19,1.5687924439286044e-07,-4.2891682458469994e-13
361225.9063618416,6.17339585028664e-19,1.5359838242829872e-07,-4.1079709157479526e-13
369218.6600298983,6.178048965697413e-19,1.5038658939828662e-07,-3.934438208700453e-13
377388.267323548,6.182724371468239e-19,1.4724240334677436e-07,-3.7682455299896937e-13
385738.6414379421,6.187422177845073e-19,1.441643933996162e-07,-3.609082046171462e-13
394273.7821544995,6.192142495647236e-19,1.4115115910138038e-07,-3.4566501010888785e-13
402997.7777567896,6.1968854362706e-19,1.382013297663434e-07,-3.310664656694024e-13
411914.8069887897,6.201651111690807e-19,1.3531356384337855e-07,-3.170852757618773e-13
421029.1410564813,6.206439634466503e-19,1.3248654829443052e-07,-3.0369530184870315e-13
430345.1456737333,6.211251117742558e-19,1.2971899798628772e-07,-2.9087151329998303e-13
439867.2831534557,6.216085675253376e-19,1.2700965509536846e-07,-2.78589940386901e-13
449600.11454501486,6.220943421326151e-19,1.2435728852524173e-07,-2.6682762927137674e-13
459548.3018189606,6.225824470884188e-19,1.2176069333660425e-07,-2.5556259890698024e-13
469716.6101000765,6.230728939450237e-19,1.1921869018945617e-07,-2.4477379977008514e-13
480109.9099498493,6.235656943149825e-19,1.1673012479720547e-07,-2.344410743433456e-13
490733.1796994414,6.2406085987146375e-19,1.1429386739244929e-07,-2.2454511927705915e-13
501591.5078342758,6.2455840234858995e-19,1.1190881220418272e-07,-2.1506744915714532e-13
512690.0954314028,6.250583335417791e-19,1.0957387694618408e-07,-2.0599036181142487e-13
524034.2586507786,6.255606653080862e-19,1.0728800231634553e-07,-1.9729690508883795e-13
535629.4312816773,6.260654095665497e-19,1.0505015150670853e-07,-1.8897084504903185e-13
547481.167345447,6.265725782985383e-19,1.0285930972397577e-07,-1.8099663550240347e-13
559595.1437558458,6.270821835480988e-19,1.0071448372027759e-07,-1.7335938884316242e-13
571977.1630382639,6.275942374223097e-19,9.861470133396758e-08,-1.6604484812054138e-13
584633.1561090911,6.281087520916319e-19,9.655901104023883e-08,-1.5903936029549554e-13
597569.1851165947,6.28625739790266e-19,9.454648151134642e-08,-1.5232985063256692e-13
610791.4463446552,6.2914521281650895e-19,9.257620118623042e-08,-1.4590379817867086e-13
624306.2731807423,6.2966718353311495e-19,9.0647277849341e-08,-1.3974921228263046e-13
638120.1391495849,6.301916643676556e-19,8.875883821846203e-08,-1.338546101112475e-13
652239.6610139434,6.307186678128857e-19,8.69100275413487e-08,-1.2820899511957435e-13
666671.6019440028,6.312482064271095e-19,8.510000920098379e-08,-1.2280183643489358e-13
681422.874756896,6.317802928345472e-19,8.332796432926998e-08,-1.176230491155127e-13
696500.5452278927,6.323149397257087e-19,8.15930914289801e-08,-1.1266297524731302e-13
711911.8354748809,6.328521598577635e-19,7.989460600378151e-08,-1.0791236584240082e-13
727664.1274177101,6.333919660549194e-19,7.82317401961704e-08,-1.033623635058256e-13
743764.9663140911,6.339343712087965e-19,7.660374243313962e-08,-9.900448583774708e-14
760222.0643737307,6.344793882788095e-19,7.500987707941783e-08,-9.483060953980035e-14
777043.3044524401,6.350270302925484e-19,7.344942409811631e-08,-9.083295519576903e-14
794236.7438279644,6.35577310346164e-19,7.19216787186269e-08,-8.700407269793602e-14
811810.6180593919,6.361302416047538e-19,7.042595111161113e-08,-8.333682729167775e-14
829773.3449319266,6.36685837302751e-19,6.896156607093457e-08,-7.982438621206148e-14
848133.5284889633,6.372441107443167e-19,6.752786270239352e-08,-7.646020588730592e-14
866899.9631533775,6.378050753037332e-19,6.612419411908966e-08,-7.323801968504354e-14
886081.6379399905,6.383687444258e-19,6.47499271433118e-08,-7.015182617833161e-14
905687.7407612768,6.389351316262323e-19,6.340444201478129e-08,-6.71958779093378e-14
925727.662828307,6.3950425049206325e-19,6.208713210513059e-08,-6.43646706295965e-14
946211.0031490888,6.400761146820453e-19,6.079740363847654e-08,-6.165293299658431e-14
967147.5731264404,6.406507379270586e-19,5.9534675417960416e-08,-5.90556167072432e-14
988547.40125758,6.412281340305163e-19,5.829837855812719e-08,-5.65678870499239e-14
1010420.7379377424,6.418083168687778e-19,5.7087956223016086e-08,-5.418511385695849e-14
1032778.0603700452,6.423913003915612e-19,5.590286336984428e-08,-5.190286284088348e-14
1055630.0775840108,6.4297709862235935e-19,5.4742566498161315e-08,-4.9716887298018827e-14
1078987.7355651371,6.435657256588576e-19,5.360654340435722e-08,-4.7623120163808516e-14
1102862.2224979422,6.441571956733551e-19,5.24942829414119e-08,-4.561766640499792e-14
1127264.9741250684,6.447515229131884e-19,5.140528478376959e-08,-4.3696795734356885e-14
1152207.6792249198,6.45348721701157e-19,5.033905919723328e-08,-4.1856935634248927e-14
1177702.2852105245,6.459488064359525e-19,4.929512681376857e-08,-4.009466467595247e-14
1203761.0038522815,6.465517915925891e-19,4.827301841111271e-08,-3.8406706122178635e-14
1230396.317127311,6.471576917228381e-19,4.727227469708712e-08,-3.6789921800768863e-14
1257620.9831982758,6.477665214556637e-19,4.6292446098509864e-08,-3.524130623806445e-14
1285448.042524453,6.483782954976631e-19,4.5333092554613314e-08,-3.375798104093555e-14
1313890.8241080414,6.489930286335073e-19,4.4393783314867935e-08,-3.233718951691719e-14
1342962.9518786783,6.49610735726386e-19,4.347409674111897e-08,-3.097629152234598e-14
1372678.3512192294,6.502314317184551e-19,4.257362011394343e-08,-2.96727585288332e-14
1403051.2556359444,6.508551316312852e-19,4.169194944313799e-08,-2.842416889880686e-14
1434096.21357626,6.514818505663166e-19,4.082868928224714e-08,-2.722820336124998e-14
1465828.0953973995,6.521116037053125e-19,3.998345254704828e-08,-2.6082640679154517e-14
1498262.1004891945,6.527444063108191e-19,3.915586033790681e-08,-2.4985353500549915e-14
1531413.7645545118,6.533802737266244e-19,3.834554176591902e-08,-2.3934304385319867e-14
1565298.9670507428,6.540192213782237e-19,3.755213378276284e-08,-2.292754200035607e-14
1599933.938796008,6.546612647732862e-19,3.677528101417471e-08,-2.1963197475906494e-14
1635335.269743602,6.553064195021234e-19,3.6014635596977963e-08,-2.1039480916286627e-14
1671519.916928493,6.559547012381616e-19,3.5269857019584654e-08,-2.0154678058394436e-14
1708505.212589651,6.566061257384187e-19,3.45406119658974e-08,-1.9307147071781e-14
1746308.8724720655,6.572607088439798e-19,3.3826574162538806e-08,-1.84953154942581e-14
1784949.0043125253,6.579184664804808e-19,3.3127424229335897e-08,-1.7717677297299847e-14
1824444.1165130944,6.585794146585899e-19,3.244284953299207e-08,-1.697279007574094e-14
1864813.1270065368,6.592435694744972e-19,3.1772544043876865e-08,-1.6259272356492784e-14
1906075.372317908,6.599109471104016e-19,3.111620819586722e-08,-1.5575801021237486e-14
1948250.616826605,6.605815638350062e-19,3.047354874917599e-08,-1.492110883826478e-14
1991359.062233442,6.612554360040138e-19,2.984427865610158e-08,-1.4293982098827167e-14
2035421.357237114,6.6193258006062385e-19,2.9228116929638998e-08,-1.3693258353579041e-14
2080458.6074248168,6.626130125360372e-19,2.8624788514889417e-08,-1.311782424486014e-14
2126492.3853817084,6.632967500499594e-19,2.8034024163208713e-08,-1.2566613430760427e-14
2173544.741024021,6.639838093111095e-19,2.7455560309037327e-08,-1.2038604597075961e-14
2221638.212160898,6.646742071177311e-19,2.688913894935225e-08,-1.1532819553427709e-14
2270795.8352898345,6.6536796035810725e-19,2.6334507525687615e-08,-1.1048321409981748e-14
2321041.156631045,6.660650860110765e-19,2.579141880866689e-08,-1.0584212831349499e-14
2372398.2434059624,6.667656011465563e-19,2.525963078499423e-08,-1.0139634364401432e-14
2424891.695365312,6.6746952292606415e-19,2.473890654685173e-08,-9.713762836858694e-15
2478546.6565722106,6.681768686032462e-19,2.422901418365217e-08,-9.305809823665881e-15
2533388.827446088,6.688876555244077e-19,2.3729726676095207e-08,-8.915020178271674e-15
2589444.4770730007,6.6960190112904575e-19,2.324082179247987e-08,-8.540670626067606e-15
2646740.455788388,6.703196229503868e-19,2.27620819872237e-08,-8.182068417350058e-15
2705304.208038233,6.710408386159268e-19,2.2293294301541924e-08,-7.83855003728658e-15
2765163.785524758,6.717655658479744e-19,2.183425026624087e-08,-7.509479970468055e-15
2826347.86064309,6.724938224641978e-19,2.138474580657926e-08,-7.194249517737115e-15
2888885.7402151343,6.732256263781754e-19,2.09445811491549e-08,-6.892275663076122e-15
2952807.3795273816,6.739609955999484e-19,2.0513560730772288e-08,-6.6029999884357356e-15
3018143.396679334,6.746999482365791e-19,2.0091493109249204e-08,-6.325887634473227e-15
3084925.0872493493,6.7544250249271e-19,1.9678190876121313e-08,-6.060426305255281e-15
3153184.4392851177,6.761886766711275e-19,1.927347057120306e-08,-5.806125315063283e-15
3222954.148625704,6.76938489173331e-19,1.887715259896689e-08,-5.562514675518928e-15
3294267.63456268,6.776919585001017e-19,1.8489061146700648e-08,-5.329144221322529e-15
3367159.055847789,6.784491032520779e-19,1.8109024104405683e-08,-5.105582772967229e-15
3441663.327054736,6.792099421303315e-19,1.7736872986398915e-08,-4.891417334864937e-15
3517816.13530315,6.799744939369517e-19,1.7372442854581358e-08,-4.686252327384782e-15
3595653.957352459,6.807427775756278e-19,1.701557224333888e-08,-4.489708851366789e-15
3675214.0770740574,6.815148120522378e-19,1.66661030860395e-08,-4.3014239837365916e-15
3756534.6033100914,6.822906164754428e-19,1.6323880643093363e-08,-4.1210501029048345e-15
3839654.488127302,6.830702100572792e-19,1.5988753431542394e-08,-3.948254242689659e-15
3924613.545474944,6.838536121137613e-19,1.5660573156146077e-08,-3.782717473554546e-15
4011452.4702553777,6.846408420654828e-19,1.5339194641932662e-08,-3.6241343100066485e-15
4100212.8578167055,6.854319194382241e-19,1.5024475768183645e-08,-3.4722121430464854e-15
4190937.2238767073,6.862268638635629e-19,1.4716277403821268e-08,-3.3266706966101258e-15
4283669.024887647,6.87025695079488e-19,1.4414463344169004e-08,-3.1872415069872296e-15
4378452.678851587,6.878284329310179e-19,1.4118900249056145e-08,-3.053667424243336e-15
4475333.586596471,6.886350973708226e-19,1.3829457582236882e-08,-2.925702134715024e-15
4574358.153522784,6.8944570845984985e-19,1.3546007552097066e-08,-2.803109703685637e-15
4675573.811831495,6.902602863679538e-19,1.3268425053620246e-08,-2.6856641373885552e-15
4779029.0432438245,6.910788513745294e-19,1.2996587611586542e-08,-2.5731489635192124e-15
4884773.402223643,6.919014238691484e-19,1.2730375324978166e-08,-2.465356829473362e-15
4992857.53971388,6.927280243522028e-19,1.2469670812565278e-08,-2.362089117561282e-15
5103333.227397969,6.9355867343554785e-19,1.2214359159647846e-08,-2.263155576479968e-15
5216253.3824982,6.94393391843153e-19,1.1964327865928268e-08,-2.1683739683551424e-15
5331672.093122792,6.952322004117545e-19,1.1719466794490782e-08,-2.0775697306948e-15
5449644.6441737,6.960751200915121e-19,1.1479668121864398e-08,-1.9905756526234186e-15
5570227.543827893,6.969221719466712e-19,1.1244826289145483e-08,-1.907231564792382e-15
5693478.550604367,6.977733771562284e-19,1.1014837954158426e-08,-1.82738404238876e-15
5819456.701030158,6.986287570146e-19,1.078960194463149e-08,-1.750886120688174e-15
5948222.337918539,6.9948833293229665e-19,1.0569019212366479e-08,-1.6775970226211631e-15
6079837.139272768,7.003521264366002e-19,1.0352992788381288e-08,-1.6073818978450404e-15
6214364.147829657,7.012201591722463e-19,1.0141427739003927e-08,-1.5401115728346638e-15
6351867.801256583,7.020924529021112e-19,9.934231122898618e-09,-1.4756623115264936e-15
6492413.963016779,7.029690295079008e-19,9.731311949003456e-09,-1.4139155860692772e-15
6636069.953917593,7.038499109908461e-19,9.532581135360446e-09,-1.3547578572541649e-15
6782904.5843566535,7.047351194724018e-19,9.337951468819111e-09,-1.2980803642151583e-15
6932988.187281823,7.0562467719495e-19,9.147337565594457e-09,-1.2437789230078865e-15
7086392.651880169,7.065186065225081e-19,8.960655832661893e-09,-1.1917537336914941e-15
7243191.458012499,7.074169299414399e-19,8.777824429970666e-09,-1.1419091955538275e-15
7403459.711409791,7.08319670061172e-19,8.598763233458695e-09,-1.09415373013617e-15
7567274.179648448,7.092268496149167e-19,8.423393798851584e-09,-1.0483996117276483e-15
7734713.328921395,7.101384914603938e-19,8.251639326229337e-09,-1.004562805013597e-15
7905857.361623126,7.110546185805629e-19,8.083424625343977e-09,-9.625628095754168e-16
8080788.25476607,7.1197525408435805e-19,7.918676081672709e-09,-9.223225109527617e-16
8259589.799247138,7.129004212074237e-19,7.757321623190446e-09,-8.837680379903123e-16
8442347.639983123,7.138301433128613e-19,7.599290687846648e-09,-8.4682862620371955e-16
8629149.316933978,7.147644438919753e-19,7.4445141917315295e-09,-8.114364869107263e-16
8820084.307034176,7.157033465650263e-19,7.2929244979165515e-09,-7.775266818832015e-16
9015244.067051498,7.16646875081988e-19,7.144455385955495e-09,-7.450370032874774e-16
9214722.077394348,7.175950533233105e-19,6.99904202203154e-09,-7.139078586892108e-16
9418613.88688836,7.185479053006846e-19,6.8566209297367846e-09,-6.840821609089858e-16
9627017.1585436,7.195054551578154e-19,6.7171299614709105e-09,-6.555052225237163e-16
9840031.716334805,7.204677271711964e-19,6.58050827044535e-09,-6.281246548174958e-16
10057759.593016343,7.214347457508929e-19,6.446696283280717e-09,-6.018902709941674e-16
10280305.07899538,7.22406535441326e-19,6.315635673184344e-09,-5.767539934715653e-16
10507774.772286398,7.233831209220633e-19,6.187269333695857e-09,-5.526697650848732e-16
10740277.629570885,7.243645270086151e-19,6.061541352988742e-09,-5.295934640342893e-16
10977925.018387202,7.253507786532348e-19,5.938396988715743e-09,-5.074828224186897e-16
11220830.770474851,7.263419009457239e-19,5.817782643387002e-09,-4.862973482039977e-16
11469111.236299245,7.273379191142427e-19,5.699645840269278e-09,-4.659982504811085e-16
11722885.34078297,7.283388585261263e-19,5.583935199795257e-09,-4.465483678746482e-16
11982274.64026996,7.293447446887036e-19,5.470600416472226e-09,-4.2791209996941577e-16
12247403.380750569,7.303556032501237e-19,5.359592236279178e-09,-4.1005534162717654e-16
12518398.55737449,7.31371460000187e-19,5.250862434542405e-09,-3.9294542007177554e-16
12795389.975280778,7.323923408711809e-19,5.144363794279042e-09,-3.7655103462577463e-16
13078510.311773743,7.334182719387196e-19,5.0400500849988184e-09,-3.608421989866255e-16
13367895.179874694,7.344492794225918e-19,4.937876041954167e-09,-3.4579018593525733e-16
13663683.19327956,7.354853896876109e-19,4.837797345829329e-09,-3.313674743744027e-16
13966016.032754404,7.365266292444724e-19,4.73977060285881e-09,-3.1754769859832376e-16
14275038.513999475,7.375730247506168e-19,4.643753325366476e-09,-3.043055996998767e-16
14590898.657015156,7.386246030110947e-19,4.549703912716017e-09,-2.9161697902460933e-16
14913747.75700275,7.39681390979441e-19,4.457581632664211e-09,-2.7945865358556003e-16
15243740.456833784,7.407434157585527e-19,4.36734660310845e-09,-2.6780841335614186e-16
15581034.821123414,7.418107046015736e-19,4.278959774219935e-09,-2.5664498036172355e-16
15925792.411942234,7.428832849127809e-19,4.192382910954662e-09,-2.4594796949414014e-16
16278178.366203647,7.43961184248482e-19,4.1075785759339675e-09,-2.3569785097640456e-16
16638361.47476356,7.450444303179137e-19,4.024510112686818e-09,-2.258759144080786e-16
17006514.263269976,7.461330509841472e-19,3.943141629246277e-09,-2.1646423432454534e-16
17382813.074802198,7.472270742650013e-19,3.863437982092392e-09,-2.0744563720643118e-16
17767438.15433787,7.48326528333957e-19,3.785364760434432e-09,-1.9880366987795466e-16
18160573.735089384,7.494314415210821e-19,3.708888270825084e-09,-1.9052256923567436e-16
18562408.12675059,7.505418423139588e-19,3.633975522099595e-09,-1.8258723325153495e-16
18973133.80569576,7.516577593586165e-19,3.5605942106330706e-09,-1.749831931964523e-16
19392947.50717513,7.527792214604743e-19,3.4887127059089466e-09,-1.6769658703302843e-16
19822050.31954966,7.5390625758528435e-19,3.4183000363923074e-09,-1.6071413392805976e-16
20260647.78061128,7.550388968600853e-19,3.3493258757014024e-09,-1.540231098376843e-16
20708949.976034388,7.561771685741577e-19,3.2817605290710622e-09,-1.4761132411990635e-16
21167171.640005376,7.573211021799895e-19,3.215574920101925e-09,-1.4146709713124543e-16
21635532.25807956,7.584707272942437e-19,3.1507405777891877e-09,-1.3557923876597805e-16
22114256.17231317,7.596260736987354e-19,3.087229623825241e-09,-1.299370278982888e-16
22603572.688722007,7.607871713414118e-19,3.025014760170145e-09,-1.245301926892813e-16
23103716.187117707,7.619540503373402e-19,2.9640692568843896e-09,-1.1934889172236307e-16
23614926.233374424,7.631267409697023e-19,2.9043669402183194e-09,-1.1438369593217033e-16
24137447.694179125,7.64305273690793e-19,2.8458821809528607e-09,-1.0962557129352893e-16
24671530.85432192,7.654896791230266e-19,2.7885898829860584e-09,-1.0506586223847516e-16
25217431.536580645,7.666799880599499e-19,2.73246547216043e-09,-1.0069627577065135e-16
25775411.22425862,7.678762314672602e-19,2.6774848853258664e-09,-9.650886624770961e-17
26345737.186433755,7.690784404838298e-19,2.6236245596331414e-09,-9.249602080356621e-17
26928682.60597848,7.702866464227373e-19,2.5708614220531997e-09,-8.865044538358193e-17
27524526.71041341,7.715008807723056e-19,2.519172879117278e-09,-8.496515136684032e-17
28133554.90565534,7.727211751971458e-19,2.4685368068733837e-09,-8.143344275079426e-17
28756058.91272509,7.739475615392078e-19,2.418931541054409e-09,-7.804890387462282e-17
29392336.907480404,7.751800718188369e-19,2.370335867453422e-09,-7.480538765859158e-17
30042693.66343992,7.764187382358373e-19,2.322729012501818e-09,-7.169700433770247e-17
30707440.69776871,7.776635931705433e-19,2.2760906340458833e-09,-6.871811066881817e-17
31386896.42049273,7.789146691848947e-19,2.2304008123177454e-09,-6.586329959133598e-17
32081386.28701552,7.801719990235221e-19,2.185640041096478e-09,-6.312739032230725e-17
32791242.95400961,7.814356156148352e-19,2.141789219055354e-09,-6.050541886773306e-17
33516806.43875663,7.827055520721204e-19,2.0988296412913682e-09,-5.799262893249735e-17
34258424.282014444,7.839818416946454e-19,2.0567429910330323e-09,-5.558446321218105e-17
35016451.71448666,7.852645179687691e-19,2.015511331522839e-09,-5.327655505067364e-17
35791251.82697621,7.865536145690591e-19,1.9751170980705764e-09,-5.1064720448193713e-17
36583195.74430394,7.878491653594165e-19,1.9355430902739126e-09,-4.894495040497462e-17
37392662.8030747,7.891512043942068e-19,1.896772464402749e-09,-4.6913403586492786e-17
38220040.73337825,7.904597659193988e-19,1.858788725943772e-09,-4.4966399296707307e-17
39065725.844509184,7.917748843737101e-19,1.821575722301948e-09,-4.310041074635666e-17
39930123.21479697,7.930965943897599e-19,1.7851176356555463e-09,-4.131205860390148e-17
40813646.88563615,7.944249307952274e-19,1.7493989759614683e-09,-3.959810481722215e-17
41716720.05980997,7.95759928614021e-19,1.7144045741077124e-09,-3.795544669468342e-17
42639775.30420138,7.971016230674504e-19,1.6801195752098758e-09,-3.638111123466278e-17
43583254.75699119,7.984500495754098e-19,1.6465294320485695e-09,-3.4872249693088046e-17
44547610.33943894,7.998052437575646e-19,1.6136198986448873e-09,-3.342613237897655e-17
45533303.97235087,8.011672414345503e-19,1.5813770239709144e-09,-3.2040143668394704e-17
46540807.7973375,8.025360786291741e-19,1.5497871457924526e-09,-3.071177722764916e-17
47570604.40296597,8.039117915676259e-19,1.5188368846411978e-09,-2.9438631436915554e-17
48623187.055918366,8.052944166806982e-19,1.4885131379135432e-09,-2.821840500587621e-17
49699059.937262885,8.066839906050116e-19,1.4588030740934484e-09,-2.7048892773302653e-17
50798738.383953854,8.080805501842479e-19,1.429694127096669e-09,-2.5927981682841646e-17
51922749.135675415,8.094841324703926e-19,1.4011739907338052e-09,-2.4853646927608674e-17
53071630.58714597,8.108947747249836e-19,1.3732306132896914e-09,-2.3823948256489446e-17
54245933.0460074,8.123125144203665e-19,1.3458521922165825e-09,-2.283702643535375e-17
55446218.996418506,8.137373892409624e-19,1.3190271689388474e-09,-2.189109985667457e-17
56673063.36848183,8.151694370845377e-19,1.2927442237667251e-09,-2.0984461291319236e-17
57927053.8136322,8.166086960634858e-19,1.266992270916873e-09,-2.0115474776533106e-17
59208790.986117385,8.180552045061139e-19,1.2417604536374759e-09,-1.928257263440042e-17
60518888.83070953,8.1950900095794175e-19,1.2170381394356318e-09,-1.84842526152993e-17
61857974.87678019,8.209701241830035e-19,1.1928149154049531e-09,-1.771907516110062e-17
63226690.53888358,8.224386131651623e-19,1.1690805836511963e-09,-1.6985660783081117e-17
64625691.42399072,8.23914507109429e-19,1.1458251568138739e-09,-1.6282687549736102e-17
66055647.64552037,8.253978454432913e-19,1.1230388536818433e-09,-1.560888867987226e-17
67517244.14432111,8.268886678180522e-19,1.1007120949008266e-09,-1.4963050236563503e-17
69011181.01675306,8.283870141101732e-19,1.0788354987710025e-09,-1.43440089177331e-17
70538173.85003021,8.298929244226302e-19,1.0573998771327163e-09,-1.3750649939307416e-17
72098954.06498273,8.3140643908627265e-19,1.036396231338454e-09,-1.3181905007052171e-17
73694269.26640353,8.329275986611968e-19,1.0158157483092792e-09,-1.2636750373369974e-17
75324883.60114557,8.344564439381223e-19,9.956497966739513e-10,-1.2114204975495807e-17
76991578.1241456,8.359930159397821e-19,9.75889922988935e-10,-1.161332865166888e-17
78695151.17254378,8.375373559223162e-19,9.565278480376682e-10,-1.1133220432013174e-17
80436418.74808295,8.39089505376678e-19,9.37555463207364e-10,-1.0673016900988168e-17
82216214.90796912,8.4064950603004735e-19,9.18964826941722e-10,-1.023189062841037e-17
84035392.16437873,8.42217399847252e-19,9.007481612679767e-10,-9.809048666164822e-18
85894821.89280912,8.437932290321998e-19,8.828978483966556e-10,-9.403731107853264e-18
87795394.74946111,8.453770360293183e-19,8.654064273925878e-10,-9.015209708737882e-18
89738021.0978585,8.469688635250028e-19,8.482665909156077e-10,-8.642786563451484e-18
91723631.4449074,8.485687544490751e-19,8.314711820295038e-10,-8.285792839051703e-18
93753176.88660224,8.501767519762493e-19,8.150131910777889e-10,-7.943587561097506e-18
95827629.56359752,8.517928995276094e-19,7.98885752624839e-10,-7.615556450524424e-18
97947983.12685604,8.534172407720928e-19,7.830821424610825e-10,-7.301110809189543e-18
100115253.2136026,8.550498196279851e-19,7.675957746708474e-10,-6.999686452044014e-18
102330477.9338087,8.566906802644241e-19,7.524201987615606e-10,-6.7107426839792536e-18
104594718.36743958,8.583398671029111e-19,7.375490968530225e-10,-6.433761319473625e-18
106909059.07270806,8.599974248188356e-19,7.229762809254485e-10,-6.168245743245842e-18
109274608.60556996,8.616633983430048e-19,7.086956901250954e-10,-5.913720010195684e-18
111692500.0507166,8.633378328631856e-19,6.947013881262218e-10,-5.669727982985588e-18
114163891.56431614,8.650207738256554e-19,6.809875605482074e-10,-5.435832505686732e-18
116689966.92876212,8.667122669367618e-19,6.675485124266845e-10,-5.2116146119764735e-18
119271936.11970107,8.68412358164493e-19,6.543786657375059e-10,-4.9966727664410395e-18
121911035.88560224,8.701210937400583e-19,6.41472556972489e-10,-4.79062213759561e-18
124608530.34015326,8.71838520159475e-19,6.288248347658088e-10,-4.5930939012930956e-18
127365711.56776366,8.735646841851708e-19,6.164302575699891e-10,-4.4037345732492264e-18
130183900.24246617,8.752996328475909e-19,6.042836913804424e-10,-4.2222053694633944e-18
133064446.26051004,8.770434134468174e-19,5.923801075075557e-10,-4.048181593367825e-18
136008729.38695687,8.787960735541994e-19,5.807145803952796e-10,-3.881352048585099e-18
139018159.91657782,8.805576610139921e-19,5.692822854853008e-10,-3.721418476222019e-18
142094179.34937757,8.823282239450047e-19,5.580784971257904e-10,-3.568095015672176e-18
145238261.08106488,8.841078107422626e-19,5.470985865238182e-10,-3.421107687942807e-18
148451911.10879856,8.858964700786746e-19,5.363380197405118e-10,-3.280193900564239e-18
151736668.75255492,8.876942509067147e-19,5.25792355728039e-10,-3.145101973175989e-18
155094107.3924509,8.895012024601133e-19,5.154572444075755e-10,-3.015590682926441e-18
158525835.2223847,8.913173742555566e-19,5.053284247873608e-10,-2.8914288288558404e-18
162033496.02035218,8.931428160943997e-19,4.954017231200157e-10,-2.7723948144679086e-18
165618769.9358045,8.949775780643866e-19,4.856730510983038e-10,-2.658276247729343e-18
169283374.29443383,8.968217105413864e-19,4.761384040885018e-10,-2.5488695577677994e-18
173029064.4207602,8.986752641911345e-19,4.667938594006248e-10,-2.4439796275701208e-18
176857634.47892243,9.005382899709871e-19,4.5763557459470665e-10,-2.343419442010781e-18
180770918.3320731,9.024108391316876e-19,4.486597858223871e-10,-2.2470097505695976e-18
184770790.42078573,9.042929632191417e-19,4.398628062030726e-10,-2.1545787441246164e-18
188859166.66090545,9.061847140762044e-19,4.3124102423391807e-10,-2.06596174523083e-18
193038005.36125883,9.080861438444792e-19,4.227909022329582e-10,-1.9810009113211843e-18
197309308.1616732,9.099973049661269e-19,4.14508974814662e-10,-1.899544950289578e-18
201675120.99175164,9.119182501856857e-19,4.063918473972417e-10,-1.8214488479377923e-18
206137535.05085823,9.138490325519037e-19,3.984361947410579e-10,-1.7465736067907996e-18
210698687.80979547,9.157897054195797e-19,3.9063875951744156e-10,-1.6747859958045177e-18
215360764.03463727,9.177403224514225e-19,3.82996350907333e-10,-1.6059583105114737e-18
220125996.83322036,9.197009376199104e-19,3.7550584322907965e-10,-1.5399681431676352e-18
224996668.72478992,9.216716052091757e-19,3.681641745948014e-10,-1.4766981624825144e-18
229975112.7333144,9.236523798168868e-19,3.609683455947095e-10,-1.416035902532137e-18
235063713.50498688,9.256433163561538e-19,3.539154180088141e-10,-1.3578735604710087e-18
240264908.4504624,9.27644470057439e-19,3.4700251354541466e-10,-1.3021078026758348e-18
245581188.91236007,9.296558964704813e-19,3.402268126058459e-10,-1.248639578968067e-18
251015101.358603,9.31677651466234e-19,3.335855530749068e-10,-1.1973739445786294e-18
256569248.6021627,9.337097912388104e-19,3.2707602913643954e-10,-1.1482198895307146e-18
262246291.0477876,9.357523723074444e-19,3.206955901135416e-10,-1.1010901751311482e-18
268048947.9663277,9.378054515184653e-19,3.1444163933287286e-10,-1.055901177273533e-18
273979998.797246,9.3986908604728e-19,3.0831163301257873e-10,-1.0125727362686535e-18
280042284.47995466,9.41943333400369e-19,3.023030791733168e-10,-9.71028012929286e-19
286238708.8146103,9.440282514172994e-19,2.964135365719108e-10,-9.311933506489702e-19
292572239.8530128,9.461238982727406e-19,2.90640613657159e-10,-8.929981432239843e-19
299045911.32029206,9.482303324785031e-19,2.8498196754732234e-10,-8.563747081787771e-19
305662824.0680404,9.503476128855828e-19,2.794353030288567e-10,-8.212581653655274e-19
312426147.559604,9.524757986862206e-19,2.739983715759301e-10,-7.875863206175245e-19
319339121.3882389,9.546149494159745e-19,2.6866897039029393e-10,-7.552995542453272e-19
326405056.8288524,9.567651249558032e-19,2.634449414610896e-10,-7.243407141739126e-19
333627338.4240925,9.589263855341648e-19,2.583241706441561e-10,-6.946550135269942e-19
341009425.60551965,9.610987917291265e-19,2.533045867604514e-10,-6.661899324730372e-19
348554854.3506556,9.632824044704886e-19,2.4838416071317496e-10,-6.388951241552293e-19
356267238.876698,9.65477285041921e-19,2.4356090462320184e-10,-6.127223245350975e-19
364150273.3717039,9.67683495083112e-19,2.388328709824528e-10,-5.876252659864129e-19
372207733.7640934,9.699010965919326e-19,2.341981518248105e-10,-5.635595944831752e-19
380443479.531292,9.721301519266123e-19,2.296548779142339e-10,-5.404827902316441e-19
388861455.54839975,9.743707238079288e-19,2.2520121794969742e-10,-5.183540916030194e-19
397465693.9777652,9.76622875321412e-19,2.2083537778660784e-10,-4.9713442222896085e-19
406260316.2003619,9.788866699195586e-19,2.1655559967435907e-10,-4.767863211283012e-19
415249534.7899158,9.81162171424066e-19,2.1236016150967528e-10,-4.572738757384178e-19
424437655.5306976,9.834494440280745e-19,2.0824737610542876e-10,-4.385626577304461e-19
433829079.47997046,9.857485522984251e-19,2.0421559047459696e-10,-4.20619661492082e-19
443428305.07607096,9.880595611779328e-19,2.0026318512904864e-10,-4.034132451669857e-19
453239930.2931376,9.903825359876733e-19,1.9638857339284633e-10,-3.869130741442496e-19
463268654.84350646,9.927175424292796e-19,1.925902007297672e-10,-3.710900668958082e-19
473519282.4288575,9.950646465872609e-19,1.8886654408473562e-10,-3.5591634306398244e-19
483996723.0411531,9.974239149313277e-19,1.8521611123888944e-10,-3.41365173705571e-19
494705995.3144976,9.997954143187365e-19,1.8163744017798717e-10,-3.2741093360246923e-19
505652228.9290367,1.0021792119966477e-18,1.7812909847387944e-10,-3.140290555529621e-19
516840667.0680365,1.0045753756044944e-18,1.7468968267877617e-10,-3.0119598656111046e-19
528276668.9293507,1.006983973176373e-18,1.713178177320333e-10,-2.8888914584519045e-19
539965712.2924373,1.009405073143442e-18,1.6801215637920994e-10,-2.770868845895664e-19
551913396.142186,1.0118387443363385e-18,1.6477137860313163e-10,-2.657684473673288e-19
564125443.3508021,1.0142850559876084e-18,1.6159419106671106e-10,-2.5491393516417643e-19
576607703.41902,1.0167440777341537e-18,1.584793265672866e-10,-2.4450426993697677e-19
589366155.2779949,1.019215879619692e-18,1.554255435022264e-10,-2.3452116064307346e-19
602406910.1531671,1.0217005320972336e-18,1.5243162534557842e-10,-2.2494707067911256e-19
615736214.4915063,1.024198106031573e-18,1.4949638013552543e-10,-2.157651866709141e-19
629360452.953527,1.0267086727017945e-18,1.4661863997242296e-10,-2.0695938855798225e-19
643286151.4714934,1.0292323038037934e-18,1.4379726052720362e-10,-1.9851422091894598e-19
657519980.3753191,1.031769071452817e-18,1.4103112055992277e-10,-1.904148654862624e-19
672068757.5876076,1.0343190481860153e-18,1.3831912144824545e-10,-1.8264711480076382e-19
686939451.8893995,1.036882306965009e-18,1.3566018672565936e-10,-1.751973469585894e-19
702139186.2581826,1.0394589211784781e-18,1.3305326162921524e-10,-1.6805250140517695e-19
717675241.2797453,1.0420489646447571e-18,1.3049731265659675e-10,-1.612000557327136e-19
733555058.6355531,1.0446525116144565e-18,1.279913271323205e-10,-1.5462800343934662e-19
749786244.6672597,1.0472696367730938e-18,1.2553431278288484e-10,-1.4832483261021664e-19
766376574.0201042,1.0499004152437417e-18,1.2312529732067395e-10,-1.4227950548198587e-19
783333993.3669215,1.0525449225896933e-18,1.207633280364386e-10,-1.3648143885411106e-19
800666625.2145567,1.0552032348171458e-18,1.184474714001742e-10,-1.3092048531175798e-19
818382771.7944862,1.0578754283778957e-18,1.1617681267022353e-10,-1.2558691522656863e-19
836490919.039558,1.0605615801720552e-18,1.1395045551042744e-10,-1.204713995030021e-19
854999740.6486934,1.063261767550784e-18,1.1176752161516457e-10,-1.1556499303927562e-19
873918102.2415409,1.0659760683190365e-18,1.0962715034210967e-10,-1.108591188732421e-19
893255065.6050618,1.0687045607383266e-18,1.0752849835255208e-10,-1.063455529847241e-19
913019893.0340594,1.0714473235295102e-18,1.0547073925912007e-10,-1.0201640972708938e-19
933222051.7677876,1.074204435875585e-18,1.0345306328075011e-10,-9.786412786192849e-20
953871218.5246886,1.0769759774245064e-18,1.0147467690475959e-10,-9.388145717178207e-20
974977284.1374906,1.0797620282920207e-18,9.953480255586886e-11,-9.006144562695468e-20
996550358.2908636,1.0825626690645166e-18,9.763267827203048e-11,-8.639742708339121e-20
1018600774.363884,1.0853779808018933e-18,9.576755738692664e-11,-8.288300948959993e-20
1041139094.3796889,1.0882080450404481e-18,9.393870821899001e-11,-7.951206358149231e-20
1064176114.064608,1.0910529437957784e-18,9.21454137668206e-11,-7.627871204488055e-20
1087722868.0192597,1.0939127595657053e-18,9.038697141086056e-11,-7.317731912626301e-20
1111790635.0040643,1.096787575333213e-18,8.866269262119833e-11,-7.020248067328468e-20
1136390943.3416903,1.099677474569403e-18,8.697190267137684e-11,-6.734901458705019e-20
1161535576.4390807,1.102582541236477e-18,8.531394035807712e-11,-6.461195166920958e-20
1187236578.4316182,1.1055028597907253e-18,8.368815772656079e-11,-6.198652684747458e-20
1213506259.9522038,1.1084385151855417e-18,8.209391980174803e-11,-5.94681707638263e-20
1240357204.0279832,1.1113895928744537e-18,8.053060432481541e-11,-5.705250171042893e-20
1267802272.1075258,1.114356178814173e-18,7.899760149520116e-11,-5.473531789879916e-20
1295854610.221414,1.1173383594676633e-18,7.749431371790073e-11,-5.251259004844611e-20
1324527655.2790966,1.120336221807229e-18,7.602015535594969e-11,-5.03804542817213e-20
1353835141.505098,1.1233498533176189e-18,7.457455248798123e-11,-4.833520531220925e-20
1383791107.0176315,1.1263793419991531e-18,7.315694267075595e-11,-4.637328991448052e-20
1414409900.552784,1.1294247763708678e-18,7.176677470655956e-11,-4.44913006635648e-20
1445706188.3374553,1.1324862454736765e-18,7.040350841536976e-11,-4.268596993296283e-20
1477694961.1144323,1.1355638388735568e-18,6.906661441168952e-11,-4.0954164140493675e-20
1510391541.3228445,1.1386576466647498e-18,6.775557388595546e-11,-3.9292878231709356e-20
1543811590.437531,1.1417677594729849e-18,6.646987839042276e-11,-3.769923039105219e-20
1577971116.4708052,1.1448942684587201e-18,6.520902962943509e-11,-3.617045697130729e-20
1612886481.640173,1.1480372653204034e-18,6.397253925399054e-11,-3.470390763232829e-20
1648574410.2057817,1.151196842297757e-18,6.275992866051053e-11,-3.329704068036913e-20
1685051996.4812176,1.1543730921750785e-18,6.157072879373013e-11,-3.194741859971648e-20
1722336713.021593,1.1575661082845613e-18,6.040447995362043e-11,-3.0652703768670883e-20
1760446418.9928062,1.1607759845096409e-18,5.926073160626145e-11,-2.9410654352242907e-20
1799399368.7259498,1.1640028152883533e-18,5.813904219858449e-11,-2.821912036425925e-20
1839214220.461076,1.1672466956167228e-18,5.7038978976901036e-11,-2.7076039891861473e-20
1879910045.2843568,1.1705077210521653e-18,5.5960117809144285e-11,-2.5979435475692226e-20
1921506336.263033,1.1737859877169136e-18,5.4902043010743224e-11,-2.4927410639322913e-20
1964023017.7824893,1.1770815923014624e-18,5.386434717405534e-11,-2.3918146561749786e-20
2007480455.08989,1.180394632068037e-18,5.284663100128588e-11,-2.2949898887046986e-20
2051899464.0490627,1.1837252048540831e-18,5.184850314081807e-11,-2.2020994665508792e-20
2097301321.1111455,1.187073409075774e-18,5.0869580026888344e-11,-2.1129829420834452e-20
2143707773.505896,1.190439343731546e-18,4.9909485722534406e-11,-2.0274864338160005e-20
2191141049.658495,1.1938231084056482e-18,4.896785176574959e-11,-1.9454623567934226e-20
2239623869.8368034,1.1972248032717177e-18,4.8044317018778273e-11,-1.8667691640850806e-20
2289179457.0342903,1.200644529096379e-18,4.713852752048501e-11,-1.79127109892549e-20
2339831548.093681,1.2040823872428606e-18,4.6250136341737356e-11,-1.7188379570619772e-20
2391604405.076776,1.207538479674637e-18,4.5378803443737734e-11,-1.6493448588880037e-20
2444522826.8858414,1.2110129089590917e-18,4.45241955392446e-11,-1.582672030957748e-20
2498612161.142151,1.2145057782712037e-18,4.368598595662296e-11,-1.5187045964949583e-20
2553898316.327308,1.2180171913972536e-18,4.286385450666699e-11,-1.4573323745241943e-20
2610407774.193327,1.221547252738557e-18,4.205748735213512e-11,-1.3984496872687707e-20
2668167602.447194,1.2250960673152184e-18,4.126657687994518e-11,-1.3419551754740041e-20
2727205467.7161584,1.228663740769906e-18,4.0490821575972054e-11,-1.2877516213289571e-20
2787549648.7998977,1.2322503793716531e-18,3.972992590239536e-11,-1.2357457786723996e-20
2849229050.215857,1.2358560900196805e-18,3.8983600177545344e-11,-1.1858482101832862e-20
2912273216.0444126,1.239480980247244e-18,3.825156045819326e-11,-1.137973131266844e-20
2976712344.0802784,1.243125158225504e-18,3.753352842423884e-11,-1.0920382603603676e-20
3042577300.2970805,1.2467887327674193e-18,3.6829231265743675e-11,-1.0479646753938244e-20
3109899633.6319995,1.2504718133316657e-18,3.6138401572262546e-11,-1.0056766761516385e-20
3178711591.097479,1.2541745100265729e-18,3.5460777224426284e-11,-9.651016522918174e-21
3249046133.227436,1.2578969336140984e-18,3.479610128772816e-11,-9.261699567896092e-21
3320936949.865116,1.2616391955138104e-18,3.414412190847057e-11,-8.888147845819224e-21
3394418476.300351,1.2654014078069042e-18,3.350459221182613e-11,-8.529720561977823e-21
3469525909.7638783,1.2691836832402437e-18,3.2877270201970275e-11,-8.185803061699146e-21
3546295226.286555,1.2729861352304194e-18,3.226191866424316e-11,-7.855805760299327e-21
3624763197.9317584,1.2768088778678425e-18,3.165830506929773e-11,-7.539163116982813e-21
3704967410.408936,1.2806520259208552e-18,3.1066201479195325e-11,-7.235332650881985e-21
3786946281.0769577,1.2845156948398698e-18,3.048538445540716e-11,-6.943793997497281e-21
3870739077.345832,1.2884000007615333e-18,2.991563496868301e-11,-6.6640480038757316e-21
3956385935.4855022,1.292305060512914e-18,2.935673831074951e-11,-6.39561586093152e-21
4043927879.8509855,1.2962309916157205e-18,2.8808484007798823e-11,-6.1380382713789084e-21
4133406842.532744,1.3001779122905397e-18,2.8270665735732968e-11,-5.890874651812839e-21
4224865683.441931,1.304145941461103e-18,2.7743081237126364e-11,-5.653702367528592e-21
4318348210.840039,1.308135198758581e-18,2.7225532239872004e-11,-5.426115998735061e-21
4413899202.322832,1.3121458045259005e-18,2.6717824377476286e-11,-5.207726636868725e-21
4511564426.268478,1.3161778798220898e-18,2.6219767110969626e-11,-4.998161209769537e-21
4611390663.760454,1.320231546426652e-18,2.573117365239799e-11,-4.7970618345307586e-21
4713425730.995342,1.324306926843963e-18,2.5251860889865113e-11,-4.604085196885108e-21
4817718502.186533,1.3284041443076949e-18,2.4781649314091984e-11,-4.4189019560347476e-21
4924318932.974713,1.3325233227852705e-18,2.4320362946463193e-11,-4.241196173878292e-21
5033278084.356256,1.3366645869823425e-18,2.3867829268530025e-11,-4.070664767633124e-21
5144648147.141259,1.3408280623472993e-18,2.3423879152939076e-11,-3.9070169848890855e-21
5258482466.952569,1.3450138750758009e-18,2.2988346795759215e-11,-3.749973900171654e-21
5374835569.77805,1.349222152115341e-18,2.2561069650176687e-11,-3.599267932131819e-21
5493763188.08824,1.353453021169836e-18,2.2141888361530953e-11,-3.454642380512978e-21
5615322287.531795,1.3577066107042412e-18,2.17306467036642e-11,-3.3158509820826516e-21
5739571094.221844,1.3619830499492022e-18,2.1327191516556517e-11,-3.1826574847501505e-21
5866569122.625877,1.3662824689057257e-18,2.0931372645221877e-11,-3.0548352391227656e-21
5996377204.072855,1.3706049983498818e-18,2.0543042879838102e-11,-2.9321668067834034e-21
6129057515.89109,1.3749507698375397e-18,2.0162057897086004e-11,-2.8144435846034995e-21
6264673611.190738,1.3793199157091229e-18,1.9788276202673206e-11,-2.701465444432907e-21
6403290449.305514,1.3837125690944049e-18,1.9421559075017482e-11,-2.59304038753415e-21
6544974426.907752,1.3881288639173233e-18,1.906177051006732e-11,-2.4889842131567e-21
6689793409.812048,1.3925689349008309e-18,1.8708777167235416e-11,-2.3891202006702768e-21
6837816765.48263,1.3970329175717738e-18,1.8362448316422747e-11,-2.293278804700722e-21
6989115396.25986,1.401520948265796e-18,1.8022655786111244e-11,-2.201297362734879e-21
7143761773.322225,1.4060331641322796e-18,1.7689273912502302e-11,-2.113019814682276e-21
7301829971.399493,1.4105697031393137e-18,1.7362179489681148e-11,-2.0282964339037216e-21
7463395704.254126,1.4151307040786902e-18,1.7041251720785022e-11,-1.9469835692359923e-21
7628536360.947727,1.4197163065709329e-18,1.6726372170155233e-11,-1.868943397561521e-21
7797331042.909999,1.4243266510703566e-18,1.6417424716452777e-11,-1.794043686490484e-21
7969860601.827744,1.4289618788701568e-18,1.6114295506718378e-11,-1.7221575667409406e-21
8146207678.372552,1.4336221321075333e-18,1.581687291135665e-11,-1.6531633138192082e-21
8326456741.785081,1.4383075537688397e-18,1.5525047480026827e-11,-1.5869441386190233e-21
8510694130.335374,1.4430182876947672e-18,1.523871189842068e-11,-1.5233879865739155e-21
8699008092.678429,1.4477544785855641e-18,1.4957760945909913e-11,-1.4623873450125439e-21
8891488830.12466,1.4525162720062758e-18,1.4682091454045425e-11,-1.4038390583806629e-21
9088228539.84602,1.4573038143920304e-18,1.4411602265890493e-11,-1.3476441510069435e-21
9289321459.03778,1.4621172530533477e-18,1.4146194196171822e-11,-1.2937076571043753e-21
9494863910.057636,1.4669567361814822e-18,1.3885769992231129e-11,-1.2419384577102642e-21
9704954346.563614,1.4718224128538012e-18,1.363023429576111e-11,-1.1922491242808415e-21
9919693400.672646,1.4767144330391913e-18,1.337949360531022e-11,-1.1445557686681042e-21
10139183931.163012,1.4816329476035017e-18,1.313345623953978e-11,-1.0987778992171165e-21
10363531072.742958,1.4865781083150217e-18,1.289203230121917e-11,-1.054838282733659e-21
10592842286.409657,1.4915500678499865e-18,1.2655133641943326e-11,-1.0126628120818964e-21
10827227410.922392,1.496548979798119e-18,1.2422673827558173e-11,-9.721803791812135e-22
11066798715.414732,1.5015749986682077e-18,1.2194568104279531e-11,-9.33322753181728e-22
11311670953.170769,1.506628279893716e-18,1.1970733365491474e-11,-8.960244636063418e-22
11561961416.591393,1.5117089798384277e-18,1.1751088119210198e-11,-8.602226882562262e-22
11817789993.376308,1.5168172558021181e-18,1.1535552456200366e-11,-8.258571456849399e-22
12079279223.95011,1.5219532660262786e-18,1.132404801872954e-11,-7.928699920540868e-22
12346554360.15808,1.527117169699856e-18,1.111649796994928e-11,-7.612057221916948e-22
12619743425.261189,1.5323091269650393e-18,1.091282696388907e-11,-7.308110746811338e-22
12898977275.258516,1.5375292989230778e-18,1.0712961116051039e-11,-7.016349408161416e-22
13184389661.566511,1.542777847640131e-18,1.0516827974593261e-11,-6.736282772635514e-22
13476117295.085178,1.5480549361531623e-18,1.032435649208969e-11,-6.46744022282459e-22
13774299911.681784,1.5533607284758613e-18,1.0135476997855053e-11,-6.2093701535441155e-22
14079080339.123568,1.5586953896046068e-18,9.950121170823208e-12,-5.961639200852593e-22
14390604565.491526,1.5640590855244656e-18,9.768222012967746e-12,-5.723831502450047e-22
14709021809.107409,1.569451983215217e-18,9.58971382325418e-12,-5.495547988174547e-22
15034484590.009129,1.574874250657438e-18,9.414532172112045e-12,-5.276405699367824e-22
15367148803.006536,1.5803260568386025e-18,9.242613876417633e-12,-5.066037135931498e-22
15707173792.35425,1.5858075717592269e-18,9.073896974976046e-12,-4.864089629942784e-22
16054722428.076645,1.591318966439053e-18,8.908320704492914e-12,-4.670224744744927e-22
16409961183.98166,1.5968604129232697e-18,8.74582547602573e-12,-4.484117698474177e-22
16773060217.4008,1.6024320842887685e-18,8.58635285190516e-12,-4.3054568110248375e-22
17144193450.693527,1.6080341546504397e-18,8.42984552311675e-12,-4.1339429734960424e-22
17523538654.555073,1.613666799167509e-18,8.276247287133834e-12,-3.9692891392032877e-22
17911277533.167583,1.619330194049908e-18,8.125503026192395e-12,-3.811219835375701e-22
18307595811.23554,1.6250245165646889e-18,7.977558685998988e-12,-3.6594706946936995e-22
18712683322.946217,1.630749945042466e-18,7.832361254863253e-12,-3.5137880058598164e-22
19126734102.90008,1.6365066588839205e-18,7.689858743245654e-12,-3.3739282824250103e-22
19549946479.05165,1.6422948385663188e-18,7.55000016371311e-12,-3.239657849127712e-22
19982523167.707607,1.6481146656500842e-18,7.412735511293496e-12,-3.11075244503011e-22
20424671370.626743,1.6539663227854094e-18,7.278015744221314e-12,-2.9869968427688575e-22
20876602874.26841,1.6598499937189006e-18,7.145792765066496e-12,-2.8681844832619076e-22
21338534151.237022,1.6657658633002721e-18,7.016019402238723e-12,-2.7541171252429195e-22
21810686463.97123,1.6717141174890737e-18,6.88864939185958e-12,-2.644604509018566e-22
22293285970.727303,1.6776949433614636e-18,6.763637359995231e-12,-2.5394640338694073e-22
22786563833.907875,1.6837085291170253e-18,6.640938805242215e-12,-2.438520448539347e-22
23290756330.78665,1.689755064085608e-18,6.52051008165955e-12,-2.341605554279841e-22
23806104966.68497,1.6958347387342409e-18,6.4023083820395145e-12,-2.24855791993804e-22
24332856590.650764,1.701947744674059e-18,6.286291721511143e-12,-2.159222608598935e-22
24871263513.697983,1.7080942746672866e-18,6.1724189214690885e-12,-2.0734509153108045e-22
25421583629.66216,1.7142745226342605e-18,6.060649593821558e-12,-1.9911001154430876e-22
25984080538.73008,1.7204886836604938e-18,5.95094412555085e-12,-1.912033223244034e-22
26559023673.70273,1.7267369540037858e-18,5.843263663580222e-12,-1.836118760183268e-22
27146688429.05212,1.733019531101371e-18,5.737570099940893e-12,-1.7632305326809584e-22
27747356292.833607,1.739336613577119e-18,5.633826057233196e-12,-1.693247418842426e-22
28361314981.51733,1.7456884012487692e-18,5.5319948743758435e-12,-1.6260531638313298e-22
28988858577.80182,1.7520750951352084e-18,5.432040592637839e-12,-1.5615361835304525e-22
29630287671.4793,1.7584968974638136e-18,5.333927941946721e-12,-1.499589376153433e-22
30285909503.415577,1.7649540116778076e-18,5.2376223274683435e-12,-1.4401099414839324e-22
30956038112.716866,1.7714466424436862e-18,5.143089816452225e-12,-1.3829992074323126e-22
31640994487.15274,1.7779749956586742e-18,5.050297125337287e-12,-1.3281624636128087e-22
32341106716.907444,1.7845392784582328e-18,4.9592116071127665e-12,-1.2755088016553984e-22
33056710151.733185,1.791139699223616e-18,4.869801238929181e-12,-1.224950961979304e-22
33788147561.58077,1.797776467589466e-18,4.782034609954279e-12,-1.1764051867656804e-22
34535769300.784454,1.8044497944514586e-18,4.695880909469121e-12,-1.12979107887719e-22
35299933475.87963,1.8111598919739946e-18,4.611309915199437e-12,-1.0850314664837627e-22
36081006117.13416,1.817906973597942e-18,4.528291981877525e-12,-1.0420522731622852e-22
36879361353.87352,1.824691254048409e-18,4.446798030030252e-12,-1.000782393248545e-22
37695381593.68847,1.8315129493425933e-18,4.366799534988154e-12,-9.611535722277052e-23
38529457705.60484,1.838372276797648e-18,4.288268516111841e-12,-9.231002919593481e-23
39381989207.30789,1.845269455038621e-18,4.211177526230894e-12,-8.865596605407827e-23
40253384456.50902,1.8522047040064237e-18,4.135499641291124e-12,-8.514713066204844e-23
41144060846.54672,1.8591782449658544e-18,4.0612084502060864e-12,-8.17777277980922e-23
42054445006.31561,1.866190300513681e-18,3.9882780449086994e-12,-7.854219442180496e-23
42984973004.61929,1.8732410945867558e-18,3.916683010598956e-12,-7.54351903351251e-23
43936090559.04474,1.880330852470188e-18,3.8463984161838446e-12,-7.245158922041218e-23
44908253249.45887,1.8874598008055733e-18,3.777399804905598e-12,-6.958647004034923e-23
45901926736.22723,1.89462816759925e-18,3.709663185154633e-12,-6.68351087850174e-23
46917586983.26483,1.9018361822306392e-18,3.6431650214631345e-12,-6.419297055204094e-23
47955720486.0187,1.909084075460604e-18,3.577882225676167e-12,-6.165570194633255e-23
49016824504.49676,1.916372079439883e-18,3.5137921482964124e-12,-5.92191237864876e-23
50101407301.45252,1.923700427717554e-18,3.4508725699991626e-12,-5.687922410541473e-23
51209988385.84008,1.931069355249572e-18,3.3891016933142173e-12,-5.463215143325984e-23
52343098761.65587,1.938479098407338e-18,3.328458134471283e-12,-5.247420835124106e-23
53501281182.286575,1.9459298949863338e-18,3.2689209154056616e-12,-5.0401845305375013e-23
54685090410.4849,1.953421984214803e-18,3.2104694559210047e-12,-4.841165466961665e-23
55895093484.09776,1.9609556067624885e-18,3.153083566006014e-12,-4.6500365048296606e-23
57131869987.67457,1.968531004749422e-18,3.0967434383019863e-12,-4.4664835808183615e-23
58396012330.08316,1.976148421754756e-18,3.041429640718323e-12,-4.290205183087665e-23
59688126028.27295,1.9838081028256733e-18,2.987123109192752e-12,-4.120911847661022e-23
61008829997.31226,1.991510294486332e-18,2.9338051405937936e-12,-3.958325675093664e-23
62358756846.8456,1.999255244746866e-18,2.881457385762305e-12,-3.802179866607315e-23
63738553184.11,2.0070432031124473e-18,2.8300618426894872e-12,-3.6522182789034555e-23
65148879923.65622,2.014874420592398e-18,2.7796008498286004e-12,-3.5081949969016505e-23
66590412603.92302,2.0227491497093643e-18,2.7300570795377304e-12,-3.369873923677674e-23
68063841710.816216,2.0306676445085345e-18,2.6814135316509954e-12,-3.2370283869061756e-23
69569873008.4475,2.038630160566927e-18,2.6336535271756468e-12,-3.109440761141292e-23
71109227877.19191,2.0466369550027272e-18,2.5867607021125355e-12,-2.986902105295569e-23
72682643659.22273,2.0546882864846696e-18,2.540719001397593e-12,-2.869211814702712e-23
74290874011.69746,2.06278441524151e-18,2.4955126729616796e-12,-2.756177287175625e-23
75934689267.75314,2.0709256030715206e-18,2.4511262619067666e-12,-2.6476136024948046e-23
77614876805.49197,2.0791121133520578e-18,2.4075446047959062e-12,-2.5433432147840462e-23
79332241425.131,2.087344211049192e-18,2.3647528240548262e-12,-2.443195657254051e-23
81087605734.49677,2.0956221627273864e-18,2.322736322482906e-12,-2.3470072588146714e-23
82881810543.04977,2.1039462365592425e-18,2.2814807778713815e-12,-2.2546208720762666e-23
84715715264.6274,2.112316702335298e-18,2.2409721377266304e-12,-2.1658856122812847e-23
86590198329.09824,2.1207338314738912e-18,2.2011966140964756e-12,-2.0806566067247625e-23
88506157603.12563,2.129197897031081e-18,2.16214067849743e-12,-1.9987947542406856e-23
90464510820.23784,2.1377091737106222e-18,2.1237910569409896e-12,-1.920166494348929e-23
92466196020.42143,2.146267937874019e-18,2.0861347250567617e-12,-1.844643585672099e-23
94512171999.43433,2.1548744675506178e-18,2.0491589033108367e-12,-1.7721028932493807e-23
96603418768.06386,2.1635290424477773e-18,2.012851052317286e-12,-1.7024261843885752e-23
98740938021.5468,2.1722319439610913e-18,1.977198868241005e-12,-1.635499932712499e-23
100925753619.37527,2.1809834551846773e-18,1.942190278290121e-12,-1.5712151300686688e-23
103158912075.71976,2.1897838609215277e-18,1.9078134362961627e-12,-1.509467105986501e-23
105441483060.70338,2.198633447693925e-18,1.8740567183802633e-12,-1.4501553543774107e-23
107774559912.76772,2.207532503753915e-18,1.840908718703701e-12,-1.3931833671863227e-23
110159260162.37576,2.2164813190938496e-18,1.8083582453010983e-12,-1.338458474714305e-23
112596726067.3034,2.225480185456997e-18,1.7763943159946547e-12,-1.285891692344394e-23
115088125159.77084,2.2345293963481904e-18,1.7450061543878483e-12,-1.2353975734122163e-23
117634650805.68918,2.2436292470445905e-18,1.7141831859369022e-12,-1.1868940679742129e-23
120237522776.27235,2.252780034606464e-18,1.6839150340986734e-12,-1.1403023872365824e-23
122897987832.3014,2.2619820578880564e-18,1.6541915165533146e-12,-1.095546873416372e-23
125617320321.31577,2.271235617548518e-18,1.6250026415002763e-12,-1.0525548748169952e-23
128396822788.01843,2.280541016062908e-18,1.596338604026212e-12,-1.0112566259079005e-23
131237826598.1875,2.28989855773325e-18,1.5681897825433444e-12,-9.715851322073136e-24
134141692576.3926,2.2993085486996696e-18,1.540546735296933e-12,-9.334760597748694e-24
137109811657.82224,2.308771296951591e-18,1.5134001969404499e-12,-8.968676291289973e-24
140143605554.53485,2.318287112339006e-18,1.4867410751771419e-12,-8.61700513410775e-24
143244527436.44623,2.3278563065837986e-18,1.4605604474667217e-12,-8.279177406241624e-24
146414062627.39633,2.3374791932911644e-18,1.4348495577957528e-12,-7.954645997881667e-24
149653729316.60648,2.3471560879610782e-18,1.409599813510684e-12,-7.642885508443199e-24
152965079285.8844,2.356887307999831e-18,1.384802782212135e-12,-7.343391381682201e-24
156349698652.9188,2.3666731727316543e-18,1.3604501887093086e-12,-7.055679075407092e-24
159809208631.02066,2.376514003410392e-18,1.3365339120333116e-12,-6.779283264394327e-24
163345266305.67517,2.3864101232312673e-18,1.3130459825082492e-12,-6.513757075177168e-24
166959565428.27628,2.396361857342696e-18,1.2899785788789368e-12,-6.2586713514262e-24
170653837227.42365,2.406369532858198e-18,1.2673240254941396e-12,-6.0136139486953714e-24
174429851238.1716,2.416433478868358e-18,1.24507478954422e-12,-5.7781890573544074e-24
178289416149.62747,2.426554026452876e-18,1.2232234783521423e-12,-5.552016552575159e-24
182234380671.29767,2.436731508692669e-18,1.2017628367168198e-12,-5.334731370289863e-24
186266634418.61755,2.4469662606820792e-18,1.1806857443076608e-12,-5.125982908075081e-24
190388108818.06076,2.4572586195411322e-18,1.1599852131094722e-12,-4.925434449966396e-24
194600778032.28265,2.4676089244278688e-18,1.1396543849166035e-12,-4.732762614240789e-24
198906659905.7332,2.4780175165507645e-18,1.1196865288754232e-12,-4.547656823246891e-24
203307816931.1929,2.4884847391812164e-18,1.1000750390741676e-12,-4.369818794400042e-24
207806357237.6947,2.4990109376661094e-18,1.080813432179233e-12,-4.19896205149289e-24
212404435600.30612,2.509596459440456e-18,1.0618953451170025e-12,-4.034811455508179e-24
217104254472.25403,2.520241654040114e-18,1.043314532800311e-12,-3.877102754151965e-24
221908065039.88885,2.530946873114586e-18,1.0250648658986786e-12,-3.725582149356761e-24
226818168300.9829,2.5417124704398783e-18,1.007140328651482e-12,-3.5800058820369754e-24
231836916166.90588,2.552538801931471e-18,9.895350167231302e-13,-3.440139833402495e-24
236966712589.1697,2.563426225657338e-18,9.722431350995597e-13,-3.3057591421705445e-24
242210014710.90955,2.574375101851055e-18,9.552589960251315e-13,-3.1766478370375232e-24
247569334043.8409,2.5853857929249904e-18,9.3857701697919e-13,-3.052598483800576e-24
253047237671.26,2.5964586634835747e-18,9.221917186914926e-13,-2.9334118465428802e-24
258646349477.66125,2.6075940803366464e-18,9.060977231957573e-13,-2.818896562319147e-24
264369351405.5635,2.618792412512888e-18,8.902897519205817e-13,-2.708868828802003e-24
270218984740.14484,2.6300540312733318e-18,8.747626238170005e-13,-2.6031521043708186e-24
276198051422.30493,2.6413793101249623e-18,8.595112535219642e-13,-2.5015768201444023e-24
282309415390.7696,2.652768624834376e-18,8.445306495570729e-13,-2.403980103481396e-24
288556003953.9144,2.6642223534415644e-18,8.298159125617859e-13,-2.3102055124886456e-24
294940809191.9201,2.6757408762737417e-18,8.153622335605554e-13,-2.2201027810981952e-24
301466889389.9636,2.6873245759592786e-18,8.011648922631343e-13,-2.1335275742905243e-24
308137370503.1195,2.6989738374417094e-18,7.872192553974432e-13,-2.050341253058073e-24
314955447653.67444,2.7106890479938346e-18,7.735207750743632e-13,-1.970410648720519e-24
321924386661.57245,2.7224705972319e-18,7.600649871838246e-13,-1.8936078462178017e-24
329047525608.72406,2.734318877129867e-18,7.46847509821588e-13,-1.8198099760224748e-24
336328276437.9285,2.7462342820337712e-18,7.338640417461177e-13,-1.7488990143271945e-24
343770126587.1747,2.758217208676161e-18,7.211103608649611e-13,-1.680761591176964e-24
351376640660.10675,2.770268056190636e-18,7.085823227500586e-13,-1.61528880622892e-24
359151462133.4378,2.7823872261264428e-18,6.96275859181443e-13,-1.5523760518351256e-24
367098315102.1711,2.794575122463221e-18,6.841869767187177e-13,-1.4919228431563417e-24
375221006063.409,2.806832151625769e-18,6.723117552998507e-13,-1.4338326550262154e-24
383523425739.6464,2.8191587224989454e-18,6.606463468667008e-13,-1.3780127652961865e-24
392009550942.4042,2.8315552464426417e-18,6.491869740167721e-13,-1.324374104403397e-24
400683446477.0992,2.8440221373068528e-18,6.379299286806892e-13,-1.2728311109124558e-24
409549267090.0633,2.8565598114468375e-18,6.26871570824892e-13,-1.2233015927937462e-24
418611259458.6423,2.8691686877383684e-18,6.160083271790603e-13,-1.1757065942090298e-24
427873764225.3307,2.88184918759308e-18,6.053366899877885e-13,-1.1299702675849354e-24
437341218076.918,2.894601734973907e-18,5.94853215786038e-13,-1.0860197507636486e-24
447018155869.6221,2.9074267564106046e-18,5.845545241979274e-13,-1.0437850490286358e-24
456909212801.2804,2.920324681015396e-18,5.7443729675835e-13,-1.0031989218107868e-24
467019126631.5696,2.9332959404986775e-18,5.644982757570556e-13,-9.641967738888418e-25
477352739951.3684,2.9463409691848423e-18,5.547342631047028e-13,-9.267165509050742e-25
487915002502.3311,2.9594602040281887e-18,5.451421192204775e-13,-8.90698639024293e-25
498710973547.7853,2.9726540846289333e-18,5.357187619408606e-13,-8.560857685711745e-25
509745824296.0905,2.9859230532493186e-18,5.264611654491305e-13,-8.228229214878291e-25
521024840377.61694,2.9992675548298122e-18,5.173663592252036e-13,-7.908572424590969e-25
532553424376.5324,3.0126880370054175e-18,5.084314270154175e-13,-7.601379535600641e-25
544337098418.60913,3.0261849501220684e-18,4.996535058218707e-13,-7.306162722853625e-25
556381506816.2952,3.0397587472531443e-18,4.910297849109406e-13,-7.022453328258281e-25
568692418772.2896,3.0534098842160426e-18,4.825575048406244e-13,-6.7498011046341395e-25
581275731142.9839,3.0671388195889214e-18,4.742339565062961e-13,-6.487773489601603e-25
594137471263.006,3.0809460147274782e-18,4.660564802045828e-13,-6.235954908224275e-25
607283799832.282,3.0948319337818624e-18,4.580224647149676e-13,-5.993946103258535e-25
620721013866.9774,3.1087970437136866e-18,4.501293463987926e-13,-5.761363491914532e-25
634455549715.7308,3.1228418143131365e-18,4.423746083153257e-13,-5.537838548074135e-25
648493986142.6289,3.1369667182161898e-18,4.347557793545602e-13,-5.323017208955103e-25
662843047478.3962,3.1511722309219374e-18,4.2727043338642673e-13,-5.116559305248817e-25
677509606841.3115,3.1654588308100094e-18,4.199161884260995e-13,-4.918138013801566e-25
692500689429.3976,3.1798269991581122e-18,4.1269070581508453e-13,-4.7274393319409895e-25
707823475885.4282,3.1942772201596468e-18,4.055916894178036e-13,-4.54416157259134e-25
723485305736.4489,3.2088099809414883e-18,3.986168848333336e-13,-4.368014879349117e-25
739493680909.346,3.2234257715818152e-18,3.917640786220631e-13,-4.198720760729522e-25
755856269324.2318,3.238125085128081e-18,3.850310975469422e-13,-4.036011642820632e-25
772580908567.3354,3.252908417615086e-18,3.784158078290563e-13,-3.8796304396168566e-25
789675609645.1606,3.267776268083153e-18,3.719161144172491e-13,-3.72933014032814e-25
807148560821.7128,3.2827291385964257e-18,3.655299602715247e-13,-3.5848734129928208e-25
825008131540.6305,3.297767534261269e-18,3.5925532565996215e-13,-3.4460322237474873e-25
843262876434.1007,3.3128919632447864e-18,3.530902274688857e-13,-3.312587471132535e-25
861921539420.4862,3.3281029367934453e-18,3.4703271852603004e-13,-3.1843286348370585e-25
880993057892.5841,3.3434009692518083e-18,3.410808869364704e-13,-3.061053438311091e-25
900486566998.6278,3.3587865780814083e-18,3.352328554310328e-13,-2.9425675246958915e-25
920411404017.9427,3.374260283879703e-18,3.2948678072699416e-13,-2.82868414554309e-25
940777112833.4576,3.3898226103991632e-18,3.2384085290080154e-13,-2.7192238618176945e-25
961593448503.1678,3.4054740845664708e-18,3.182932947725939e-13,-2.6140142566970065e-25
982870381932.7544,3.4212152365018413e-18,3.128423613022972e-13,-2.5128896596988904e-25
1004618104651.5898,3.4370465995384493e-18,3.074863389970723e-13,-2.415690881690244e-25
1026847033694.422,3.452968710241992e-18,3.0222354532989854e-13,-2.3222649603454676e-25
1049567816591.0756,3.4689821084303506e-18,2.970523281690774e-13,-2.2324649156404925e-25
1072791336466.5558,3.485087337193388e-18,2.919710652184513e-13,-2.1461495149855734e-25
1096528717254.014,3.501284942912862e-18,2.869781634681267e-13,-2.0631830476153233e-25
1120791329023.0112,3.5175754752824365e-18,2.8207205865551484e-13,-1.9834351078696312e-25
1145590793425.7705,3.533959487327868e-18,2.772512147364627e-13,-1.9067803870133182e-25
1170938989263.8445,3.550437535427262e-18,2.7251412336632185e-13,-1.833098473257564e-25
1196848058178.0054,3.567010179331473e-18,2.678593033907318e-13,-1.762273659657982e-25
1223330410464.0188,3.5836779821846346e-18,2.6328530034595117e-13,-1.6941947595780893e-25
1250398731017.1057,3.600441510544804e-18,2.5879068596854527e-13,-1.628754929419306e-25
1278065985407.933,3.6173013344047355e-18,2.5437405771425653e-13,-1.56585149832983e-25
1306345426093.0515,3.634258027212781e-18,2.500340382858796e-13,-1.5053858046166424e-25
1335250598762.7417,3.6513121658939196e-18,2.4576927516997235e-13,-1.4472630385959298e-25
1364795348829.337,3.6684643308709195e-18,2.4157844018222974e-13,-1.3913920916276e-25
1394993828059.05,3.6857151060855854e-18,2.3746022902136587e-13,-1.3376854110890264e-25
1425860501350.6565,3.7030650790202224e-18,2.334133608313208e-13,-1.2860588610537753e-25
1457410153664.053,3.7205148407191494e-18,2.2943657777166183e-13,-1.2364315884504285e-25
1489657897102.1797,3.738064985810376e-18,2.2552864459600147e-13,-1.1887258944843666e-25
1522619178149.631,3.755716112527411e-18,2.216883482382884e-13,-1.1428671111151767e-25
1556309785071.4348,3.7734688227312015e-18,2.1791449740682076e-13,-1.0987834823898222e-25
1590745855475.5376,3.7913237219322015e-18,2.1420592218583416e-13,-1.0564060504405664e-25
1625943884042.6304,3.8092814193125764e-18,2.105614736445203e-13,-1.0156685459625552e-25
1661920730427.0042,3.827342527748553e-18,2.0698002345333647e-13,-9.76507282995321e-26
1698693627332.2275,3.845507663832881e-18,2.0346046350746515e-13,-9.388610578378141e-26
1736280188765.529,3.8637774478974655e-18,2.000017055572888e-13,-9.026710519341032e-26
1774698418474.7476,3.882152504036082e-18,1.9660268084575296e-13,-8.67880738573242e-26
1813966718572.1096,3.900633460127313e-18,1.932623397524685e-13,-8.344357932527452e-26
1854103898348.681,3.91922094785754e-18,1.8997965144445e-13,-8.022840075614572e-26
1895129183283.92,3.937915602744128e-18,1.867536035333466e-13,-7.713752064428558e-26
1937062224254.577,3.9567180641587234e-18,1.835832017390479e-13,-7.416611687058027e-26
1979923106947.3484,3.975628975350716e-18,1.8046746955954503e-13,-7.130955506546228e-26
2023732361479.8064,3.9946489834708174e-18,1.7740544794692633e-13,-6.856338127156314e-26
2068510972234.208,4.013778739594814e-18,1.7439619498939385e-13,-6.592331489422246e-26
2114280387908.8943,4.033018898747431e-18,1.714387855991833e-13,-6.338524192849731e-26
2161062531792.1123,4.052370119926378e-18,1.685323112062788e-13,-6.094520845179232e-26
2208879812263.073,4.071833066126486e-18,1.6567587945781564e-13,-5.859941437166566e-26
2257755133525.544,4.091408404364068e-18,1.6286861392304936e-13,-5.634420741873791e-26
2307711906578.7583,4.1110968057013615e-18,1.6010965380380712e-13,-5.41760773750811e-26
2358774060431.171,4.130898945271141e-18,1.5739815365030092e-13,-5.209165052881162e-26
2410966053562.314,4.150815502301501e-18,1.5473328308220906e-13,-5.008768434599128e-26
2464312885638.2705,4.170847160140751e-18,1.521142265149236e-13,-4.81610623512827e-26
2518840109486.37,4.190994606282493e-18,1.4954018289086813e-13,-4.6308789209147977e-26
2574573843334.846,4.2112585323908425e-18,1.4701036541578897e-13,-4.4527985997711354e-26
2631540783323.3213,4.2316396343257896e-18,1.4452400129992588e-13,-4.281588566770333e-26
2689768216290.1226,4.2521386121687495e-18,1.4208033150397078e-13,-4.116982867921114e-26
2749284032842.438,4.2727561702482004e-18,1.3967861048972753e-13,-3.958725880925555e-26
2810116740715.8853,4.293493017165569e-18,1.3731810597537238e-13,-3.80657191234553e-26
2872295478429.4688,4.314349865821207e-18,1.3499809869524604e-13,-3.66028481053694e-26
2935850029242.785,4.335327433440532e-18,1.327178821640775e-13,-3.5196375937288295e-26
3000810835422.0327,4.3564264416003594e-18,1.304767624455633e-13,-3.384412092654056e-26
3067209012821.685,4.377647616255358e-18,1.2827405792521776e-13,-3.254398607160227e-26
3135076365788.8057,4.3989916877646955e-18,1.26109099087415e-13,-3.129395576250785e-26
3204445402397.1484,4.420459390918821e-18,1.2398122829654314e-13,-3.0092092610299e-26
3275349350018.34,4.4420514649664386e-18,1.2188979958219418e-13,-2.893653440044393e-26
3347822171237.5977,4.463768653641608e-18,1.1983417842831247e-13,-2.782549116535866e-26
3421898580121.6465,4.4856117051910646e-18,1.178137415662284e-13,-2.6757242371355467e-26
3497614058846.443,4.507581372401611e-18,1.1582787677150693e-13,-2.5730134215536233e-26
3575004874693.1016,4.5296784126278126e-18,1.1387598266452986e-13,-2.4742577028305782e-26
3654108097419.605,4.55190358781973e-18,1.1195746851475543e-13,-2.379304277737282e-26
3734961617017.034,4.574257664550896e-18,1.1007175404857577e-13,-2.288006266925198e-26
3817604161858.656,4.5967414140464354e-18,1.0821826926070907e-13,-2.200222484444468e-26
3902075317250.593,4.61935561221137e-18,1.0639645422905938e-13,-2.1158172162629327e-26
3988415544392.958,4.642101039659073e-18,1.0460575893297894e-13,-2.0346600074328057e-26
4076666199760.54,4.664978481739928e-18,1.0284564307486963e-13,-1.9566254575661904e-26
4166869554912.3145,4.6879887285701326e-18,1.0111557590506093e-13,-1.8815930242940042e-26
4259068816739.317,4.711132575060704e-18,9.941503604990202e-14,-1.8094468343954813e-26
4353308148160.357,4.734410820946615e-18,9.774351134301234e-14,-1.7400755022974913e-26
4449632689276.009,4.757824270816182e-18,9.610049865962141e-14,-1.6733719556552573e-26
4548088578990.326,4.781373734140559e-18,9.448550375395325e-14,-1.6092332677369904e-26
4648722977111.146,4.805060025303453e-18,9.289804109958884e-14,-1.5475604963462576e-26
4751584086939.369,4.8288839636310015e-18,9.13376337327546e-14,-1.4882585290258322e-26
4856721178358.061,4.852846373421838e-18,8.980381309848191e-14,-1.4312359342973778e-26
4964184611432.446,4.8769480839773444e-18,8.829611889958387e-14,-1.376404818700406e-26
5074025860532.095,4.90118992963208e-18,8.681409894839671e-14,-1.323680689404161e-26
5186297538986.845,4.925572749784392e-18,8.535730902123428e-14,-1.2729823221735864e-26
5301053424288.292,4.9500973889272375e-18,8.392531271550535e-14,-1.2242316344806801e-26
5418348483848.938,4.9747646966791594e-18,8.251768130944271e-14,-1.177353563559541e-26
5538238901331.1,4.999575527815445e-18,8.113399362439954e-14,-1.1322759492118234e-26
5660782103558.813,5.024530742299543e-18,7.977383588965664e-14,-1.0889294211769609e-26
5786036788024.792,5.049631205314586e-18,7.843680160970447e-14,-1.0472472908886618e-26
5914062951006.223,5.074877787295153e-18,7.712249143394622e-14,-1.0071654474461378e-26
6044921916302.6455,5.1002713639592126e-18,7.583051302877966e-14,-9.686222576354998e-27
6178676364609.702,5.125812816340257e-18,7.456048095201318e-14,-9.31558469842866e-27
6315390363542.825,5.15150303081964e-18,7.331201652957278e-14,-8.959171217072132e-27
6455129398325.269,5.17734289915911e-18,7.208474773445696e-14,-8.61643451366958e-27
6597960403155.1455,5.203333318533533e-18,7.087830906789817e-14,-8.286848121598467e-27
6743951793266.589,5.2294751915638265e-18,6.969234144268902e-14,-7.969905906410497e-27
6893173497700.031,5.255769426350057e-18,6.852649206863624e-14,-7.665121277904129e-27
7045696992798.148,5.28221693650482e-18,6.73804143400954e-14,-7.37202643283857e-27
7201595336442.396,5.308818641186733e-18,6.625376772555757e-14,-7.090171627095764e-27
7360943203047.378,5.335575465134185e-18,6.51462176592424e-14,-6.819124476140591e-27
7523816919329.452,5.362488338699274e-18,6.405743543466369e-14,-6.558469282674918e-27
7690294500866.806,5.389558197881949e-18,6.298709810012992e-14,-6.307806390424e-27
7860455689468.456,5.416785984364374e-18,6.193488835614443e-14,-6.066751563036787e-27
8034381991370.132,5.444172645545482e-18,6.090049445466938e-14,-5.8349353871199816e-27
8212156716275.289,5.4717191345757545e-18,5.988361010021967e-14,-5.612002698463885e-27
8393865017260.05,5.499426410392213e-18,5.888393435275207e-14,-5.397612030557592e-27
8579593931560.77,5.5272954377535796e-18,5.790117153231879e-14,-5.191435084523006e-27
8769432422264.777,5.555327187275748e-18,5.693503112544729e-14,-4.9931562196327594e-27
8963471420922.922,5.5835226354673656e-18,5.598522769322156e-14,-4.802471963611373e-27
9161803871105.324,5.611882764765693e-18,5.5051480781028326e-14,-4.619090541946329e-27
9364524772920.822,5.640408563572663e-18,5.413351482993922e-14,-4.4427314254700525e-27
9571731228521.477,5.669101026291162e-18,5.3231059089698486e-14,-4.273124895501296e-27
9783522488613.943,5.697961153361534e-18,5.23438475332866e-14,-4.1100116258601706e-27
10000000000000.0,5.726989951298298e-18,5.1471618773030606e-14,-4.029188781187051e-27
