time_utc,et,L_km,L_m,L_AU,dt_res,v_km_s
1979-03-05 00:00:00,-657287949.8145592,930298.307825996,930298307.825996,0.0062186600883617,2.0713893625601822,
1979-03-05 00:01:00,-657287889.8145592,929312.7955592758,929312795.5592756,0.0062120723457548,2.0711313410815,-16.425204445336323
1979-03-05 00:02:00,-657287829.8145592,928327.214893808,928327214.893808,0.0062054841459304,2.0708730932209622,-16.426344424462876
1979-03-05 00:03:00,-657287769.8145592,927341.5661738798,927341566.1738796,0.0061988954911901,2.070614618634389,-16.427478665470456
1979-03-05 00:04:00,-657287709.8145592,926355.8497460856,926355849.7460856,0.0061923063838507,2.070355916977186,-16.4286071299032
1979-03-05 00:05:00,-657287649.8145592,925370.0659618514,925370065.9618514,0.0061857168262612,2.0700969879050013,-16.42972973723663
1979-03-05 00:06:00,-657287589.8145592,924384.2151683444,924384215.1683444,0.0061791268207425,2.069837831071337,-16.43084655844917
1979-03-05 00:07:00,-657287529.8145592,923398.29772524,923398297.72524,0.0061725363696987,2.069578446131951,-16.43195738507396
1979-03-05 00:08:00,-657287469.8145592,922412.3139874358,922412313.9874358,0.0061659454755022,2.0693188327403185,-16.43306229673714
1979-03-05 00:09:00,-657287409.8145592,921426.264314228,921426264.314228,0.0061593541405548,2.069058990550037,-16.434161220130044
1979-03-05 00:10:00,-657287349.8145592,920440.1490707146,920440149.0707146,0.0061527623672969,2.068798919215199,-16.435254058556165
1979-03-05 00:11:00,-657287289.8145592,919453.968621918,919453968.6219178,0.0061461701581686,2.0685386183888426,-16.43634081327667
1979-03-05 00:12:00,-657287229.8145592,918467.7233384867,918467723.3384868,0.0061395775156476,2.0682780877244538,-16.437421390520953
1979-03-05 00:13:00,-657287169.8145592,917481.4135876008,917481413.5876008,0.0061329844421883,2.0680173268735613,-16.438495848098924
1979-03-05 00:14:00,-657287109.8145592,916495.0397480368,916495039.7480367,0.0061263909403226,2.067756335489722,-16.43956399273399
1979-03-05 00:15:00,-657287049.8145592,915508.6021976802,915508602.19768,0.0061197970125765,2.0674951132252124,-16.44062583927686
1979-03-05 00:16:00,-657286989.8145592,914522.1013115362,914522101.3115362,0.0061132026614569,2.0672336597305048,-16.441681435733337
1979-03-05 00:17:00,-657286929.8145592,913535.5374752212,913535537.4752212,0.0061066078895414,2.066971974657835,-16.44273060524914
1979-03-05 00:18:00,-657286869.8145592,912548.9110775047,912548911.0775048,0.0061000126994287,2.06671005765923,-16.443773295274394
1979-03-05 00:19:00,-657286809.8145592,911562.22250459,911562222.50459,0.0060934170937005,2.0664479083849883,-16.444809548578146
1979-03-05 00:20:00,-657286749.8145592,910575.4721517843,910575472.1517844,0.0060868210749993,2.066185526486777,-16.445839213428552
1979-03-05 00:21:00,-657286689.8145592,909588.6604108472,909588660.4108472,0.0060802246459437,2.0659229116142668,-16.44686234895295
1979-03-05 00:22:00,-657286629.8145592,908601.7876807566,908601787.6807568,0.0060736278092008,2.065660063417998,-16.447878834841926
1979-03-05 00:23:00,-657286569.8145592,907614.8543619658,907614854.3619658,0.0060670305674475,2.065396981547847,-16.448888646514387
1979-03-05 00:24:00,-657286509.8145592,906627.8608592273,906627860.8592272,0.0060604329233893,2.06513366565378,-16.44989171230894
1979-03-05 00:25:00,-657286449.8145592,905640.8075821288,905640807.5821288,0.0060538348797642,2.064870115385999,-16.450887951640954
1979-03-05 00:26:00,-657286389.8145592,904653.6949413476,904653694.9413476,0.0060472364393175,2.064606330393937,-16.451877346353527
1979-03-05 00:27:00,-657286329.8145592,903666.5233454794,903666523.3454794,0.0060406376047802,2.0643423103254097,-16.45285993113648
1979-03-05 00:28:00,-657286269.8145592,902679.2932164232,902679293.2164232,0.0060340383789728,2.064078054830728,-16.453835484269074
1979-03-05 00:29:00,-657286209.8145592,901692.00497409,901692004.97409,0.0060274387647022,2.06381356355861,-16.45480403888699
1979-03-05 00:30:00,-657286149.8145592,900704.6590366998,900704659.0366998,0.0060208387647639,2.063548836156255,-16.455765623170496
1979-03-05 00:31:00,-657286089.8145592,899717.2558355347,899717255.8355347,0.0060142383820409,2.063283872273298,-16.456720019419055
1979-03-05 00:32:00,-657286029.8145592,898729.7958005767,898729795.8005767,0.0060076376194074,2.0630186715579595,-16.457667249299508
1979-03-05 00:33:00,-657285969.8145592,897742.2793622036,897742279.3622036,0.0060010364797405,2.0627532336574976,-16.458607306218862
1979-03-05 00:34:00,-657285909.8145592,896754.7069567101,896754706.9567101,0.0059944349659564,2.062487558219691,-16.459540091557816
1979-03-05 00:35:00,-657285849.8145592,895767.0790259049,895767079.0259049,0.0059878330810085,2.0622216448927286,-16.460465513420058
1979-03-05 00:36:00,-657285789.8145592,894779.3960129404,894779396.0129404,0.0059812308278592,2.0619554933240942,-16.46138354940728
1979-03-05 00:37:00,-657285729.8145592,893791.6583591343,893791658.3591343,0.0059746282094584,2.061689103159698,-16.462294230101786
1979-03-05 00:38:00,-657285669.8145592,892803.8665216215,892803866.5216215,0.0059680252288619,2.0614224740486446,-16.46319729188108
1979-03-05 00:39:00,-657285609.8145592,891816.0209460355,891816020.9460355,0.0059614218890485,2.061155605635857,-16.464092926432688
1979-03-05 00:40:00,-657285549.8145592,890828.122096679,890828122.0966791,0.005954818193122,2.0608884975702244,-16.464980822607565
1979-03-05 00:41:00,-657285489.8145592,889840.1704279837,889840170.4279838,0.00594821414412,2.060621149496892,-16.4658611449219
1979-03-05 00:42:00,-657285429.8145592,888852.166404308,888852166.4043081,0.0059416097451466,2.0603535610626076,-16.466733727928172
1979-03-05 00:43:00,-657285369.8145592,887864.11049407,887864110.4940699,0.0059350049993329,2.0600857319141404,-16.467598503967746
1979-03-05 00:44:00,-657285309.8145592,886876.0031665155,886876003.1665155,0.0059283999098157,2.059817661697402,-16.46845545924152
1979-03-05 00:45:00,-657285249.8145592,885887.8448974999,885887844.8974999,0.0059217944797759,2.0595493500590143,-16.46930448359344
1979-03-05 00:46:00,-657285189.8145592,884899.6361647319,884899636.164732,0.0059151887124068,2.059280796645021,-16.4701455461327
1979-03-05 00:47:00,-657285129.8145592,883911.3774473168,883911377.4473168,0.0059085826109108,2.0590120011007587,-16.470978623585932
1979-03-05 00:48:00,-657285069.8145592,882923.0692325324,882923069.2325324,0.0059019761785455,2.058742963072701,-16.47180357973945
1979-03-05 00:49:00,-657285009.8145592,881934.7120064804,881934712.0064805,0.00589536941856,2.058473682205917,-16.472620434199538
1979-03-05 00:50:00,-657284949.8145592,880946.3062666517,880946306.2666517,0.00588876233428,2.058204158147489,-16.473428997145188
1979-03-05 00:51:00,-657284889.8145592,879957.8525011878,879957852.5011878,0.0058821549289684,2.057934390540864,-16.474229424398313
1979-03-05 00:52:00,-657284829.8145592,878969.3512176756,878969351.2176756,0.0058755472060183,2.0576643790337035,-16.4750213918703
1979-03-05 00:53:00,-657284769.8145592,877980.8029144941,877980802.914494,0.0058689391687611,2.057394123270068,-16.47580505302564
1979-03-05 00:54:00,-657284709.8145592,876992.2081018297,876992208.1018298,0.0058623308206072,2.057123622896152,-16.476580211071997
1979-03-05 00:55:00,-657284649.8145592,876003.5672876339,876003567.2876339,0.0058557221649521,2.0568528775564463,-16.477346903264213
1979-03-05 00:56:00,-657284589.8145592,875014.8809921613,875014880.9921614,0.0058491132052734,2.0565818868977215,-16.478104924542517
1979-03-05 00:57:00,-657284529.8145592,874026.1497293676,874026149.7293676,0.0058425039450068,2.056310650563928,-16.478854379896074
1979-03-05 00:58:00,-657284469.8145592,873037.3740219893,873037374.0219893,0.0058358943876464,2.056039168200328,-16.479595122971418
1979-03-05 00:59:00,-657284409.8145592,872048.5544015403,872048554.4015403,0.0058292845367453,2.0557674394535015,-16.48032700748299
1979-03-05 01:00:00,-657284349.8145592,871059.6913939938,871059691.3939939,0.0058226743958194,2.0554954639674112,-16.481050125775315
1979-03-05 01:01:00,-657284289.8145592,870070.7855360456,870070785.5360456,0.0058160639684562,2.055223241387873,-16.481764299137286
1979-03-05 01:02:00,-657284229.8145592,869081.8373663854,869081837.3663853,0.0058094532582567,2.0549507713601534,-16.482469494336208
1979-03-05 01:03:00,-657284169.8145592,868092.8474280098,868092847.4280099,0.0058028422688506,2.054678053529611,-16.483165639592336
1979-03-05 01:04:00,-657284109.8145592,867103.8162672886,867103816.2672887,0.0057962310038901,2.0544050875414364,-16.48385267868677
1979-03-05 01:05:00,-657284049.8145592,866114.7444327368,866114744.4327368,0.0057896194670418,2.0541318730403133,-16.484530575864483
1979-03-05 01:06:00,-657283989.8145592,865125.6324841239,865125632.484124,0.0057830076620477,2.0538584096729364,-16.48519914354741
1979-03-05 01:07:00,-657283929.8145592,864136.48097594,864136480.97594,0.0057763955926141,2.0535846970834424,-16.48585846973195
1979-03-05 01:08:00,-657283869.8145592,863147.2904735442,863147290.4735441,0.0057697832625203,2.053310734917875,-16.486508373264222
1979-03-05 01:09:00,-657283809.8145592,862158.0615445839,862158061.5445839,0.0057631706755608,2.053036522821813,-16.487148816004627
1979-03-05 01:10:00,-657283749.8145592,861168.7947606078,861168794.7606077,0.0057565578355561,2.052762060440817,-16.48777973293521
1979-03-05 01:11:00,-657283689.8145592,860179.4906980149,860179490.6980149,0.0057499447463593,2.0524873474206924,-16.488401043215223
1979-03-05 01:12:00,-657283629.8145592,859190.1499370051,859190149.9370052,0.0057433314118488,2.052212383407201,-16.489012683495336
1979-03-05 01:13:00,-657283569.8145592,858200.773062105,858200773.0621051,0.0057367178359317,2.0519371680462046,-16.489614581667897
1979-03-05 01:14:00,-657283509.8145592,857211.3606623716,857211360.6623716,0.0057301040225459,2.051661700983726,-16.490206662223986
1979-03-05 01:15:00,-657283449.8145592,856221.9133312595,856221913.3312595,0.0057234899756581,2.0513859818659097,-16.490788851868516
1979-03-05 01:16:00,-657283389.8145592,855232.431666519,855232431.666519,0.0057168756992643,2.0511100103389976,-16.49136107900801
1979-03-05 01:17:00,-657283329.8145592,854242.916270394,854242916.270394,0.0057102611973901,2.0508337860493833,-16.491923268750543
1979-03-05 01:18:00,-657283269.8145592,853253.3677499362,853253367.7499362,0.0057036464740934,2.0505573086437003,-16.492475340963573
1979-03-05 01:19:00,-657283209.8145592,852263.7867186614,852263786.7186614,0.0056970315334753,2.05028057776929,-16.493017187912482
1979-03-05 01:20:00,-657283149.8145592,851274.1737876086,851274173.7876086,0.0056904163796203,2.0500035930716973,-16.49354885088008
1979-03-05 01:21:00,-657283089.8145592,850284.5295796206,850284529.5796206,0.005683801016692,2.0497263541986697,-16.49407013313418
1979-03-05 01:22:00,-657283029.8145592,849294.8547221324,849294854.7221324,0.0056771854488844,2.049448860798142,-16.494580958135582
1979-03-05 01:23:00,-657282969.8145592,848305.14984278,848305149.84278,0.005670569680393,2.0491711125170053,-16.49508132254123
1979-03-05 01:24:00,-657282909.8145592,847315.4155754078,847315415.5754077,0.0056639537154549,2.0488931090027918,-16.49557112286954
1979-03-05 01:25:00,-657282849.8145592,846325.6525594407,846325652.5594407,0.0056573375583442,2.0486148499034993,-16.496050266118253
1979-03-05 01:26:00,-657282789.8145592,845335.8614388042,845335861.4388041,0.0056507212133655,2.048336334867293,-16.496518677275162
1979-03-05 01:27:00,-657282729.8145592,844346.0428644654,844346042.8644654,0.0056441046848701,2.04805756354322,-16.496976238980036
1979-03-05 01:28:00,-657282669.8145592,843356.197487348,843356197.487348,0.0056374879772092,2.047778535579217,-16.49742295195659
1979-03-05 01:29:00,-657282609.8145592,842366.3259660185,842366325.9660184,0.005630871094785,2.047499250624275,-16.497858688825122
1979-03-05 01:30:00,-657282549.8145592,841376.4289633797,841376428.9633797,0.0056242540420288,2.04721970832751,-16.498283377313054
1979-03-05 01:31:00,-657282489.8145592,840386.507150387,840386507.150387,0.0056176368234256,2.0469399083392164,-16.49869688321099
1979-03-05 01:32:00,-657282429.8145592,839396.561197371,839396561.197371,0.0056110194434563,2.0466598503084152,-16.499099216934216
1979-03-05 01:33:00,-657282369.8145592,838406.591785011,838406591.785011,0.005604401906671,2.0463795338859585,-16.49949020599985
1979-03-05 01:34:00,-657282309.8145592,837416.5995910632,837416599.5910633,0.0055977842176002,2.046098958720773,-16.49986989912965
1979-03-05 01:35:00,-657282249.8145592,836426.5853117331,836426585.3117331,0.0055911663808977,2.0458181244659226,-16.50023798883582
1979-03-05 01:36:00,-657282189.8145592,835436.5496325641,835436549.6325641,0.0055845484011462,2.0455370307703515,-16.500594652816652
1979-03-05 01:37:00,-657282129.8145592,834446.4932568326,834446493.2568326,0.0055779302830466,2.0452556772869444,-16.500939595524688
1979-03-05 01:38:00,-657282069.8145592,833456.4168885589,833456416.8885589,0.0055713120313052,2.0449740636677087,-16.50127280456169
1979-03-05 01:39:00,-657282009.8145592,832466.3212309207,832466321.2309207,0.0055646936506224,2.0446921895633174,-16.501594293969294
1979-03-05 01:40:00,-657281949.8145592,831476.2070058861,831476207.0058861,0.0055580751458241,2.0444100546287034,-16.501903750576698
1979-03-05 01:41:00,-657281889.8145592,830486.0749276201,830486074.9276202,0.0055514565216844,2.044127658515491,-16.502201304433402
1979-03-05 01:42:00,-657281829.8145592,829495.9257207661,829495925.7207661,0.0055448377830471,2.0438450008772,-16.502486780900895
1979-03-05 01:43:00,-657281769.8145592,828505.7601179683,828505760.1179683,0.0055382189348098,2.0435620813685498,-16.502760046629312
1979-03-05 01:44:00,-657281709.8145592,827515.5788545114,827515578.8545114,0.0055315999818873,2.0432788996439295,-16.5030210576156
1979-03-05 01:45:00,-657281649.8145592,826525.3826689793,826525382.6689794,0.005524980929217,2.0429954553575875,-16.5032697588671
1979-03-05 01:46:00,-657281589.8145592,825535.1723071598,825535172.3071598,0.0055183617817841,2.0427117481647494,-16.50350603032663
1979-03-05 01:47:00,-657281529.8145592,824544.9485265136,824544948.5265137,0.0055117425446518,2.042427777722905,-16.50372967743509
1979-03-05 01:48:00,-657281469.8145592,823554.7120790326,823554712.0790325,0.0055051232228469,2.0421435436869,-16.50394079135149
1979-03-05 01:49:00,-657281409.8145592,822564.4637277226,822564463.7277226,0.0054985038214699,2.0418590457136565,-16.50413918849857
1979-03-05 01:50:00,-657281349.8145592,821574.2042468004,821574204.2468004,0.0054918843456961,2.041574283462245,-16.504324682037502
1979-03-05 01:51:00,-657281289.8145592,820583.9344049634,820583934.4049634,0.0054852648006637,2.041289256589075,-16.50449736394997
1979-03-05 01:52:00,-657281229.8145592,819593.6549823753,819593654.9823754,0.0054786451915881,2.041003964752778,-16.504657043134404
1979-03-05 01:53:00,-657281169.8145592,818603.3667699909,818603366.7699909,0.0054720255237562,2.040718407614028,-16.504803539740774
1979-03-05 01:54:00,-657281109.8145592,817613.0705543429,817613070.554343,0.0054654058024259,2.0404325848311538,-16.5049369274658
1979-03-05 01:55:00,-657281049.8145592,816622.7671353834,816622767.1353835,0.0054587860329444,2.040146496065287,-16.505056982658182
1979-03-05 01:56:00,-657280989.8145592,815632.4573163714,815632457.3163713,0.0054521662206811,2.0398601409774515,-16.50516365020109
1979-03-05 01:57:00,-657280929.8145592,814642.1419066532,814642141.9066532,0.0054455463710463,2.039573519229369,-16.50525682863663
1979-03-05 01:58:00,-657280869.8145592,813651.8217215341,813651821.7215341,0.00543892648949,2.039286630483423,-16.505336418650888
1979-03-05 01:59:00,-657280809.8145592,812661.4975796243,812661497.5796243,0.0054323065814841,2.038999474401895,-16.5054023651639
1979-03-05 02:00:00,-657280749.8145592,811671.1703107228,811671170.3107228,0.0054256866525756,2.038712050649254,-16.5054544816919
1979-03-05 02:01:00,-657280689.8145592,810680.8407508034,810680840.7508034,0.0054190667083525,2.0384243588907083,-16.50549266532374
1979-03-05 02:02:00,-657280629.8145592,809690.509734586,809690509.734586,0.0054124467543947,2.0381363987900514,-16.505516936955974
1979-03-05 02:03:00,-657280569.8145592,808700.1781098519,808700178.109852,0.0054058267963693,2.037848170013822,-16.50552707890165
1979-03-05 02:04:00,-657280509.8145592,807709.8467316857,807709846.7316856,0.005399206839992,2.0375596722296407,-16.50552296943691
1979-03-05 02:05:00,-657280449.8145592,806719.5164528791,806719516.4528791,0.0053925868909635,2.0372709051034157,-16.50550464677702
1979-03-05 02:06:00,-657280389.8145592,805729.1881432805,805729188.1432805,0.0053859669550983,2.0369818683049865,-16.50547182664353
1979-03-05 02:07:00,-657280329.8145592,804738.862668755,804738862.668755,0.0053793470381845,2.036692561501993,-16.50542457542421
1979-03-05 02:08:00,-657280269.8145592,803748.5409117856,803748540.9117856,0.0053727271461209,2.0364029843658935,-16.505362616157313
1979-03-05 02:09:00,-657280209.8145592,802758.2237510202,802758223.7510202,0.0053661072847811,2.036113136565993,-16.505286012756795
1979-03-05 02:10:00,-657280149.8145592,801767.9120820612,801767912.0820612,0.0053594874601518,2.0358230177755288,-16.505194482649678
1979-03-05 02:11:00,-657280089.8145592,800777.6067990168,800777606.7990168,0.0053528676782096,2.035532627666276,-16.50508805073914
1979-03-05 02:12:00,-657280029.8145592,799787.3088083251,799787308.808325,0.0053462479450138,2.035241965912604,-16.50496651152886
1979-03-05 02:13:00,-657279969.8145592,798797.0190148898,798797019.0148898,0.0053396282666133,2.03495103218741,-16.504829890587523
1979-03-05 02:14:00,-657279909.8145592,797806.7383406698,797806738.3406698,0.005333008649171,2.0346598261675846,-16.504677903667712
1979-03-05 02:15:00,-657279849.8145592,796816.4677069128,796816467.7069128,0.005326389098845,2.0343683475288006,-16.504510562616634
1979-03-05 02:16:00,-657279789.8145592,795826.2080437333,795826208.0437332,0.0053197696218528,2.0340765959483287,-16.504327719658612
1979-03-05 02:17:00,-657279729.8145592,794835.9602912144,794835960.2912143,0.0053131502244785,2.033784571105375,-16.504129208647647
1979-03-05 02:18:00,-657279669.8145592,793845.7253910608,793845725.3910608,0.0053065309130169,2.03349227267862,-16.503915002559854
1979-03-05 02:19:00,-657279609.8145592,792855.5042943329,792855504.294333,0.0052999116938255,2.03319970034851,-16.503684945464677
1979-03-05 02:20:00,-657279549.8145592,791865.2979615468,791865297.9615468,0.005293292573325,2.032906853797291,-16.50343887976875
1979-03-05 02:21:00,-657279489.8145592,790875.1073585461,790875107.3585461,0.0052866735579716,2.0326137327077984,-16.503176716678233
1979-03-05 02:22:00,-657279429.8145592,789884.9334516296,789884933.4516296,0.0052800546542246,2.0323203367620146,-16.50289844860866
1979-03-05 02:23:00,-657279369.8145592,788894.7772287015,788894777.2287015,0.0052734358686878,2.032026665647343,-16.502603715468044
1979-03-05 02:24:00,-657279309.8145592,787904.6396681772,787904639.6681772,0.0052668172079014,2.0317327190473997,-16.502292675404654
1979-03-05 02:25:00,-657279249.8145592,786914.5217721295,786914521.7721294,0.005260198678564,2.0314384966518486,-16.5019649341295
1979-03-05 02:26:00,-657279189.8145592,785924.4245366013,785924424.5366013,0.0052535802873336,2.0311439981476,-16.50162059213617
1979-03-05 02:27:00,-657279129.8145592,784934.3489701247,784934348.9701247,0.0052469620409518,2.0308492232243114,-16.501259441276
1979-03-05 02:28:00,-657279069.8145592,783944.2960913092,783944296.0913092,0.0052403439462277,2.0305541715736855,-16.50088131359274
1979-03-05 02:29:00,-657279009.8145592,782954.2669235474,782954266.9235474,0.0052337260100022,2.0302588428878994,-16.50048612936322
1979-03-05 02:30:00,-657278949.8145592,781964.2624981345,781964262.4981345,0.0052271082391691,2.0299632368605405,-16.50007375688098
1979-03-05 02:31:00,-657278889.8145592,780974.2838512867,780974283.8512868,0.0052204906406551,2.029667353185722,-16.499644114129477
1979-03-05 02:32:00,-657278829.8145592,779984.3320315836,779984332.0315837,0.0052138732214694,2.0293711915603145,-16.499196995051655
1979-03-05 02:33:00,-657278769.8145592,778994.408093145,778994408.093145,0.0052072559886585,2.029074751681916,-16.49873230731076
1979-03-05 02:34:00,-657278709.8145592,778004.5130950144,778004513.0950143,0.0052006389493016,2.0287780332486736,-16.49824996884369
1979-03-05 02:35:00,-657278649.8145592,777014.6481120021,777014648.112002,0.0051940221105834,2.0284810359625385,-16.49774971687196
1979-03-05 02:36:00,-657278589.8145592,776024.8142163968,776024814.2163968,0.0051874054796716,2.0281837595237926,-16.497231593421507
1979-03-05 02:37:00,-657278529.8145592,775035.0124963353,775035012.4963353,0.0051807890638401,2.027886203636568,-16.496695334357597
1979-03-05 02:38:00,-657278469.8145592,774045.2440446855,774045244.0446855,0.0051741728703942,2.027588368005515,-16.496140860830202
1979-03-05 02:39:00,-657278409.8145592,773055.5099633689,773055509.9633689,0.0051675569066998,2.027290252337115,-16.495568021943715
1979-03-05 02:40:00,-657278349.8145592,772065.811361469,772065811.361469,0.0051609411801706,2.026991856339113,-16.49497669833169
1979-03-05 02:41:00,-657278289.8145592,771076.1493569636,771076149.3569636,0.0051543256982799,2.0266931797210557,-16.494366741756675
1979-03-05 02:42:00,-657278229.8145592,770086.5250783053,770086525.0783052,0.0051477104685708,2.02639422219477,-16.493737977638375
1979-03-05 02:43:00,-657278169.8145592,769096.9396542229,769096939.654223,0.0051410954985886,2.0260949834712996,-16.493090401372562
1979-03-05 02:44:00,-657278109.8145592,768107.394230081,768107394.230081,0.0051344807959895,2.0257954632658492,-16.492423735698686
1979-03-05 02:45:00,-657278049.8145592,767117.8899594331,767117889.9594331,0.0051278663684845,2.025495661295249,-16.49173784413142
1979-03-05 02:46:00,-657277989.8145592,766128.4279963983,766128427.9963983,0.0051212522237884,2.0251955772756496,-16.49103271724695
1979-03-05 02:47:00,-657277929.8145592,765139.0095141424,765139009.5141424,0.0051146383697434,2.0248952109281344,-16.49030803759815
1979-03-05 02:48:00,-657277869.8145592,764149.6356891367,764149635.6891367,0.0051080248142137,2.0245945619739585,-16.489563750095353
1979-03-05 02:49:00,-657277809.8145592,763160.3077017155,763160307.7017155,0.0051014115650893,2.0242936301347196,-16.488799790353127
1979-03-05 02:50:00,-657277749.8145592,762171.0267505486,762171026.7505486,0.0050947986303828,2.0239924151367723,-16.488015852781245
1979-03-05 02:51:00,-657277689.8145592,761181.7940358721,761181794.0358721,0.0050881860181173,2.0236909167061365,-16.487211911275516
1979-03-05 02:52:00,-657277629.8145592,760192.6107694611,760192610.7694612,0.0050815737363931,2.0233891345715427,-16.48638777351589
1979-03-05 02:53:00,-657277569.8145592,759203.4781742784,759203478.1742784,0.0050749617933851,2.0230870684643394,-16.485543253045762
1979-03-05 02:54:00,-657277509.8145592,758214.3974797536,758214397.4797536,0.0050683501973116,2.022784718117063,-16.48467824208007
1979-03-05 02:55:00,-657277449.8145592,757225.369921788,757225369.921788,0.0050617389564341,2.0224820832634465,-16.483792632760014
1979-03-05 02:56:00,-657277389.8145592,756236.3967483371,756236396.748337,0.0050551280790946,2.0221791636401383,-16.482886224181858
1979-03-05 02:57:00,-657277329.8145592,755247.4792183054,755247479.2183055,0.0050485175737083,2.0218759589863797,-16.4819588338607
1979-03-05 02:58:00,-657277269.8145592,754258.6185983432,754258618.5983433,0.0050419074487424,2.0215724690430323,-16.48101033270359
1979-03-05 02:59:00,-657277209.8145592,753269.8161609825,753269816.1609825,0.0050352977127032,2.0212686935520185,-16.48004062267913
1979-03-05 03:00:00,-657277149.8145592,752281.0731935448,752281073.1935447,0.0050286883741958,2.020964632259066,-16.479049457295332
1979-03-05 03:01:00,-657277089.8145592,751292.3909877591,751292390.9877591,0.005022079441855,2.020660284910533,-16.47803676309413
1979-03-05 03:02:00,-657277029.8145592,750303.7708528189,750303770.8528188,0.0050154709244322,2.020355651257437,-16.47700224900424
1979-03-05 03:03:00,-657276969.8145592,749315.2140968626,749315214.0968626,0.0050088628306717,2.020050731049764,-16.475945932604372
1979-03-05 03:04:00,-657276909.8145592,748326.7220428495,748326722.0428495,0.0050022551694169,2.01974552404137,-16.474867566884495
1979-03-05 03:05:00,-657276849.8145592,747338.2960288937,747338296.0288937,0.0049956479496127,2.0194400299901054,-16.473766899264106
1979-03-05 03:06:00,-657276789.8145592,746349.9373951751,746349937.3951751,0.0049890411802176,2.0191342486537835,-16.472643895309496
1979-03-05 03:07:00,-657276729.8145592,745361.6474914408,745361647.4914408,0.004982434870254,2.018828179792508,-16.471498395572418
1979-03-05 03:08:00,-657276669.8145592,744373.4276856764,744373427.6856763,0.0049758290288664,2.018521823171374,-16.47033009607306
1979-03-05 03:09:00,-657276609.8145592,743385.2793449069,743385279.3449069,0.0049692236651928,2.0182151785545352,-16.469139012824357
1979-03-05 03:10:00,-657276549.8145592,742397.2038573673,742397203.8573673,0.004962618788513,2.017908245712091,-16.4679247923273
1979-03-05 03:11:00,-657276489.8145592,741409.2026130286,741409202.6130285,0.0049560144081183,2.0176010244140583,-16.466687405644915
1979-03-05 03:12:00,-657276429.8145592,740421.2770125433,740421277.0125433,0.0049494105333716,2.0172935144331605,-16.4654266747549
1979-03-05 03:13:00,-657276369.8145592,739433.4284746147,739433428.4746147,0.0049428071737562,2.016985715547137,-16.46414229880902
1979-03-05 03:14:00,-657276309.8145592,738445.6584207232,738445658.4207232,0.0049362043387742,2.0166776275340097,-16.462834231526358
1979-03-05 03:15:00,-657276249.8145592,737457.9682878322,737457968.2878323,0.004929602038031,2.016369250176048,-16.461502214849073
1979-03-05 03:16:00,-657276189.8145592,736470.3595153373,736470359.5153372,0.0049230002811486,2.016060583255716,-16.46014620824911
1979-03-05 03:17:00,-657276129.8145592,735482.833564594,735482833.564594,0.0049163990778953,2.015751626561788,-16.458765845720578
1979-03-05 03:18:00,-657276069.8145592,734495.3919018647,734495391.9018646,0.0049097984380727,2.0154423798840346,-16.457361045489474
1979-03-05 03:19:00,-657276009.8145592,733508.0359988994,733508035.9988993,0.0049031983715186,2.0151328430134154,-16.455931716088283
1979-03-05 03:20:00,-657275949.8145592,732520.7673494141,732520767.3494141,0.004896598888218,2.014823015747261,-16.45447749142186
1979-03-05 03:21:00,-657275889.8145592,731533.587452246,731533587.452246,0.0048899999981901,2.0145128978840092,-16.452998286134484
1979-03-05 03:22:00,-657275829.8145592,730546.4978148382,730546497.8148382,0.0048834017115113,2.014202489224315,-16.45149395679667
1979-03-05 03:23:00,-657275769.8145592,729559.4999615295,729559499.9615295,0.0048768040383714,2.013891789573667,-16.44996422181139
1979-03-05 03:24:00,-657275709.8145592,728572.5954218096,728572595.4218096,0.0048702069889943,2.013580798738717,-16.44840899533204
1979-03-05 03:25:00,-657275649.8145592,727585.7857423046,727585785.7423047,0.0048636105737185,2.0132695165310692,-16.44682799174916
1979-03-05 03:26:00,-657275589.8145592,726599.0724784936,726599072.4784936,0.0048570148029419,2.012957942764688,-16.445221063517966
1979-03-05 03:27:00,-657275529.8145592,725612.4571941772,725612457.1941772,0.0048504196871177,2.012646077255748,-16.443588071939303
1979-03-05 03:28:00,-657275469.8145592,724625.9414729298,724625941.4729298,0.0048438252368315,2.0123339198262693,-16.44192868745692
1979-03-05 03:29:00,-657275409.8145592,723639.5268995775,723639526.8995775,0.0048372314626773,2.012021470298282,-16.440242889205305
1979-03-05 03:30:00,-657275349.8145592,722653.2150785015,722653215.0785015,0.0048306383753796,2.0117087284996322,-16.438530351266188
1979-03-05 03:31:00,-657275289.8145592,721667.0076202764,721667007.6202765,0.0048240459857045,2.0113956942597753,-16.43679097041798
1979-03-05 03:32:00,-657275229.8145592,720680.906156263,720680906.156263,0.0048174543045569,2.011082367414419,-16.43502440022421
1979-03-05 03:33:00,-657275169.8145592,719694.9123206448,719694912.3206449,0.0048108633428607,2.0107687477998475,-16.433230593635624
1979-03-05 03:34:00,-657275109.8145592,718709.0277634994,718709027.7634994,0.0048042731116459,2.0104548352570863,-16.431409285756914
1979-03-05 03:35:00,-657275049.8145592,717723.2541463737,717723254.1463737,0.0047976836220194,2.0101406296305195,-16.429560285428305
1979-03-05 03:36:00,-657274989.8145592,716737.5931432697,716737593.1432697,0.0047910948851711,2.0098261307682237,-16.4276833850677
1979-03-05 03:37:00,-657274929.8145592,715752.0464433631,715752046.4433631,0.0047845069123925,2.0095113385228576,-16.42577833177638
1979-03-05 03:38:00,-657274869.8145592,714766.6157403474,714766615.7403474,0.0047779197150053,2.0091962527482803,-16.423845050260812
1979-03-05 03:39:00,-657274809.8145592,713781.3027509705,713781302.7509705,0.0047713333044851,2.008880873305494,-16.421883156282515
1979-03-05 03:40:00,-657274749.8145592,712796.1091966534,712796109.1966534,0.004764747692339,2.0085652000567924,-16.419892571951884
1979-03-05 03:41:00,-657274689.8145592,711811.0368170897,711811036.8170897,0.004758162890196,2.008249232870134,-16.41787299272837
1979-03-05 03:42:00,-657274629.8145592,710826.087359222,710826087.359222,0.0047515789097339,2.00793297161563,-16.41582429779422
1979-03-05 03:43:00,-657274569.8145592,709841.2625884478,709841262.5884478,0.0047449957627535,2.0076164161691663,-16.413746179570445
1979-03-05 03:44:00,-657274509.8145592,708856.5642777437,708856564.2777437,0.0047384134611064,2.0072995664089284,-16.411638511734782
1979-03-05 03:45:00,-657274449.8145592,707871.9942161432,707871994.2161431,0.0047318320167517,2.0069824222181536,-16.40950102667557
1979-03-05 03:46:00,-657274389.8145592,706887.5542113691,706887554.2113692,0.0047252514417731,2.006664983486006,-16.407333412900336
1979-03-05 03:47:00,-657274329.8145592,705903.2460731135,705903246.0731136,0.0047186717482678,2.0063472501022113,-16.405135637593535
1979-03-05 03:48:00,-657274269.8145592,704919.0716304341,704919071.6304342,0.0047120929484622,2.006029221962684,-16.40290737798981
1979-03-05 03:49:00,-657274209.8145592,703935.0327313177,703935032.7313176,0.0047055150547093,2.0057108989694252,-16.400648318607516
1979-03-05 03:50:00,-657274149.8145592,702951.1312265081,702951131.226508,0.0046989380793807,2.005392281025314,-16.39835841349365
1979-03-05 03:51:00,-657274089.8145592,701967.3689909294,701967368.9909295,0.0046923620350094,2.0050733680410646,-16.396037259643588
1979-03-05 03:52:00,-657274029.8145592,700983.7479034216,700983747.9034216,0.0046857869341546,2.0047541599286887,-16.39368479179684
1979-03-05 03:53:00,-657273969.8145592,700000.2698639205,700000269.8639206,0.0046792127895168,2.004434656607091,-16.391300658351973
1979-03-05 03:54:00,-657273909.8145592,699016.936787221,699016936.787221,0.0046726396138953,2.004114858000079,-16.388884611658675
1979-03-05 03:55:00,-657273849.8145592,698033.750594065,698033750.594065,0.0046660674201298,2.003794764033486,-16.386436552600934
1979-03-05 03:56:00,-657273789.8145592,697050.713229248,697050713.2292479,0.0046594962212202,2.0034743746410903,-16.383956080283195
1979-03-05 03:57:00,-657273729.8145592,696067.8266456175,696067826.6456175,0.0046529260302206,2.003153689759437,-16.38144306050769
1979-03-05 03:58:00,-657273669.8145592,695085.0928115923,695085092.8115922,0.0046463568602891,2.0028327093303107,-16.37889723375362
1979-03-05 03:59:00,-657273609.8145592,694102.5137112825,694102513.7112825,0.0046397887246885,2.002511433300808,-16.376318338495913
1979-03-05 04:00:00,-657273549.8145592,693120.0913457407,693120091.3457407,0.0046332216367952,2.0021898616237728,-16.373706092363378
1979-03-05 04:01:00,-657273489.8145592,692137.8277253977,692137827.7253977,0.004626655610048,2.0018679942553583,-16.371060339050988
1979-03-05 04:02:00,-657273429.8145592,691155.7248812929,691155724.8812929,0.0046200906580236,2.0015458311587246,-16.368380735079214
1979-03-05 04:03:00,-657273369.8145592,690173.7848540408,690173784.8540409,0.0046135267943625,2.001223372300458,-16.365667120867876
1979-03-05 04:04:00,-657273309.8145592,689192.0097044667,689192009.7044667,0.0046069640328407,2.0009006176540898,-16.362919159569234
1979-03-05 04:05:00,-657273249.8145592,688210.4015068808,688210401.5068808,0.004600402387324,2.000577567197921,-16.360136626431874
1979-03-05 04:06:00,-657273189.8145592,687228.9623471805,687228962.3471805,0.0045938418717558,2.0002542209144254,-16.357319328338296
1979-03-05 04:07:00,-657273129.8145592,686247.6943330722,686247694.3330722,0.0045872825002252,1.9999305787936486,-16.35446690180494
1979-03-05 04:08:00,-657273069.8145592,685266.5995842804,685266599.5842804,0.0045807242869017,1.9996066408300146,-16.35157914652955
1979-03-05 04:09:00,-657273009.8145592,684285.6802374044,684285680.2374045,0.0045741672460676,1.999282407023961,-16.34865578126628
1979-03-05 04:10:00,-657272949.8145592,683304.9384441848,683304938.4441848,0.0045676113921064,1.9989578773814003,-16.345696553659703
1979-03-05 04:11:00,-657272889.8145592,682324.376372479,682324376.372479,0.0045610567395093,1.9986330519140725,-16.342701195096986
1979-03-05 04:12:00,-657272829.8145592,681343.9962062851,681343996.2062851,0.0045545033028754,1.998307930639592,-16.3396694365656
1979-03-05 04:13:00,-657272769.8145592,680363.8001459852,680363800.1459852,0.0045479510969134,1.9979825135815579,-16.33660100499789
1979-03-05 04:14:00,-657272709.8145592,679383.7904079623,679383790.4079623,0.0045414001364389,1.9976568007694668,-16.333495633715454
1979-03-05 04:15:00,-657272649.8145592,678403.9692283686,678403969.2283686,0.0045348504363997,1.9973307922399992,-16.330352993228008
1979-03-05 04:16:00,-657272589.8145592,677424.3388537202,677424338.8537202,0.0045283020118127,1.997004488033928,-16.327172910806258
1979-03-05 04:17:00,-657272529.8145592,676444.9015511206,676444901.5511205,0.0045217548778327,1.9966778881995535,-16.323955043327683
1979-03-05 04:18:00,-657272469.8145592,675465.6596060391,675465659.606039,0.004515209049737,1.9963509927920073,-16.320699084691782
1979-03-05 04:19:00,-657272409.8145592,674486.6153190621,674486615.3190621,0.0045086645429042,1.9960238018722047,-16.31740478294863
1979-03-05 04:20:00,-657272349.8145592,673507.7710048661,673507771.0048661,0.0045021213728068,1.9956963155065366,-16.314071903267177
1979-03-05 04:21:00,-657272289.8145592,672529.1289981036,672529128.9981035,0.0044955795550511,1.9953685337688727,-16.31070011270931
1979-03-05 04:22:00,-657272229.8145592,671550.6916562389,671550691.6562389,0.0044890391053957,1.9950404567415596,-16.307289031078106
1979-03-05 04:23:00,-657272169.8145592,670572.4613436897,670572461.3436897,0.0044825000396458,1.9947120845101431,-16.303838542485998
1979-03-05 04:24:00,-657272109.8145592,669594.4404499027,669594440.4499027,0.0044759623737739,1.9943834171694652,-16.300348229783896
1979-03-05 04:25:00,-657272049.8145592,668616.6313804346,668616631.3804346,0.0044694261238601,1.9940544548207177,-16.296817824467627
1979-03-05 04:26:00,-657271989.8145592,667639.036557863,667639036.557863,0.0044628913060984,1.9937251975717867,-16.293247042860216
1979-03-05 04:27:00,-657271929.8145592,666661.6584232165,666661658.4232166,0.0044563579368059,1.9933956455377746,-16.289635577440883
1979-03-05 04:28:00,-657271869.8145592,665684.4994359105,665684499.4359105,0.004449826032423,1.9930657988410214,-16.28598312176764
1979-03-05 04:29:00,-657271809.8145592,664707.562073186,664707562.073186,0.0044432956095088,1.9927356576109587,-16.282289378740824
1979-03-05 04:30:00,-657271749.8145592,663730.8488339589,663730848.8339589,0.0044367666847677,1.9924052219854547,-16.278553987119814
1979-03-05 04:31:00,-657271689.8145592,662754.3622298711,662754362.2298712,0.004430239274989,1.9920744921078304,-16.274776734795886
1979-03-05 04:32:00,-657271629.8145592,661778.1047944475,661778104.7944475,0.0044237133971081,1.9917434681300017,-16.270957257059248
1979-03-05 04:33:00,-657271569.8145592,660802.0790826009,660802079.0826008,0.0044171890682037,1.9914121502123614,-16.267095197444238
1979-03-05 04:34:00,-657271509.8145592,659826.287665472,659826287.665472,0.0044106663054628,1.991080538522073,-16.2631902854812
1979-03-05 04:35:00,-657271449.8145592,658850.7331311445,658850733.1311445,0.0044041451261855,1.9907486332333577,-16.259242238791195
1979-03-05 04:36:00,-657271389.8145592,657875.4180917687,657875418.0917687,0.0043976255478332,1.9904164345299638,-16.255250656263282
1979-03-05 04:37:00,-657271329.8145592,656900.3451740616,656900345.1740617,0.0043911075879642,1.9900839426019807,-16.251215295119135
1979-03-05 04:38:00,-657271269.8145592,655925.5170321226,655925517.0321226,0.0043845912643201,1.9897511576502567,-16.247135698983524
1979-03-05 04:39:00,-657271209.8145592,654950.9363294194,654950936.3294194,0.0043780765947052,1.9894180798803016,-16.24301171172022
1979-03-05 04:40:00,-657271149.8145592,653976.605757149,653976605.7571491,0.004371563597109,1.9890847095086024,-16.238842871172043
1979-03-05 04:41:00,-657271089.8145592,653002.5280267942,653002528.0267942,0.0043650522896566,1.988751046760135,-16.23462883924755
1979-03-05 04:42:00,-657271029.8145592,652028.7058617283,652028705.8617283,0.0043585426905526,1.988417091865538,-16.23036941776518
1979-03-05 04:43:00,-657270969.8145592,651055.1420163494,651055142.0163493,0.0043520348182091,1.9880828450677166,-16.226064089648812
1979-03-05 04:44:00,-657270909.8145592,650081.8392582609,650081839.258261,0.0043455286911263,1.9877483066157915,-16.22171263480753
1979-03-05 04:45:00,-657270849.8145592,649108.8003803095,649108800.3803095,0.0043390243279733,1.9874134767692764,-16.217314632524115
1979-03-05 04:46:00,-657270789.8145592,648136.0281911488,648136028.1911488,0.0043325217475247,1.987078355794893,-16.212869819344874
1979-03-05 04:47:00,-657270729.8145592,647163.525523174,647163525.5231739,0.004326020968714,1.9867429439693483,-16.208377799579953
1979-03-05 04:48:00,-657270669.8145592,646191.2952325976,646191295.2325976,0.0043195220106337,1.986407241579424,-16.203838176272498
1979-03-05 04:49:00,-657270609.8145592,645219.3401943858,645219340.1943859,0.0043130248925019,1.9860712489202836,-16.199250636862903
1979-03-05 04:50:00,-657270549.8145592,644247.663304664,644247663.304664,0.0043065296336778,1.9857349662963566,-16.194614828698104
1979-03-05 04:51:00,-657270489.8145592,643276.2674787446,643276267.4787446,0.0043000362536493,1.9853983940207114,-16.1899304319891
1979-03-05 04:52:00,-657270429.8145592,642305.1556593097,642305155.6593097,0.0042935447720868,1.9850615324179475,-16.18519699058185
1979-03-05 04:53:00,-657270369.8145592,641334.3308105314,641334330.8105314,0.0042870552088047,1.9847243818222209,-16.180414146305218
1979-03-05 04:54:00,-657270309.8145592,640363.7959111155,640363795.9111155,0.0042805675837143,1.984386942574883,-16.1755816569319
1979-03-05 04:55:00,-657270249.8145592,639393.5539726423,639393553.9726423,0.0042740819169469,1.984049215030911,-16.170698974553186
1979-03-05 04:56:00,-657270189.8145592,638423.6080212233,638423608.0212233,0.0042675982287308,1.9837111995525956,-16.16576585698252
1979-03-05 04:57:00,-657270129.8145592,637453.9611110049,637453961.111005,0.0042611165394816,1.9833728965142976,-16.160781836973424
1979-03-05 04:58:00,-657270069.8145592,636484.6163133585,636484616.3133585,0.0042546368697302,1.9830343062987443,-16.1557466274399
1979-03-05 04:59:00,-657270009.8145592,635515.5767254204,635515576.7254205,0.0042481592401797,1.9826954293000685,-16.150659798968505
1979-03-05 05:00:00,-657269949.8145592,634546.845470553,634546845.470553,0.0042416836717085,1.982356265924038,-16.145520914456576
1979-03-05 05:01:00,-657269889.8145592,633578.4256923506,633578425.6923506,0.0042352101853302,1.9820168165860248,-16.140329636707126
1979-03-05 05:02:00,-657269829.8145592,632610.3205552367,632610320.5552367,0.0042287388021976,1.981677081711272,-16.13508561856579
1979-03-05 05:03:00,-657269769.8145592,631642.5332558692,631642533.2558692,0.0042222695436792,1.9813370617389656,-16.12978832279138
1979-03-05 05:04:00,-657269709.8145592,630675.0670035201,630675067.0035201,0.0042158024312275,1.980996757115411,-16.124437539151405
1979-03-05 05:05:00,-657269649.8145592,629707.925042809,629707925.042809,0.0042093374865315,1.9806561683020887,-16.119032678518366
1979-03-05 05:06:00,-657269589.8145592,628741.1106337649,628741110.6337649,0.0042028747313832,1.9803152957687102,-16.113573484068425
1979-03-05 05:07:00,-657269529.8145592,627774.6270644607,627774627.0644606,0.0041964141877619,1.9799741399977353,-16.108059488403764
1979-03-05 05:08:00,-657269469.8145592,626808.477646703,626808477.646703,0.0041899558778058,1.97963270148292,-16.102490295960646
1979-03-05 05:09:00,-657269409.8145592,625842.6657206727,625842665.7206727,0.0041834998238425,1.9792909807310322,-16.096865433838683
1979-03-05 05:10:00,-657269349.8145592,624877.1946453056,624877194.6453056,0.0041770460483252,1.9789489782585197,-16.0911845894511
1979-03-05 05:11:00,-657269289.8145592,623912.067810787,623912067.810787,0.0041705945739158,1.9786066945960028,-16.08544724197709
1979-03-05 05:12:00,-657269229.8145592,622947.288629601,622947288.629601,0.0041641454234254,1.978264130285182,-16.079653019766557
1979-03-05 05:13:00,-657269169.8145592,621982.8605369924,621982860.5369924,0.0041576986198172,1.9779212858790687,-16.073801543476293
1979-03-05 05:14:00,-657269109.8145592,621018.7870025533,621018787.0025533,0.004151254186284,1.9775781619461814,-16.067892240651418
1979-03-05 05:15:00,-657269049.8145592,620055.0715105418,620055071.5105418,0.0041448121461166,1.9772347590636217,-16.061924866858558
1979-03-05 05:16:00,-657268989.8145592,619091.7175823383,619091717.5823382,0.0041383725228539,1.9768910778251454,-16.055898803392967
1979-03-05 05:17:00,-657268929.8145592,618128.72875507,618128728.75507,0.0041319353401403,1.976547118833621,-16.049813787804062
1979-03-05 05:18:00,-657268869.8145592,617166.1086024618,617166108.6024617,0.0041255006218645,1.9762028827085505,-16.043669210137644
1979-03-05 05:19:00,-657268809.8145592,616203.8607208589,616203860.7208589,0.0041190683920667,1.975858370081161,-16.037464693380752
1979-03-05 05:20:00,-657268749.8145592,615241.9887297396,615241988.7297395,0.0041126386749416,1.9755135815946603,-16.031199851989125
1979-03-05 05:21:00,-657268689.8145592,614280.4962813132,614280496.2813133,0.0041062114949027,1.9751685179077592,-16.024874140438623
1979-03-05 05:22:00,-657268629.8145592,613319.3870499632,613319387.0499632,0.0040997868765117,1.9748231796909679,-16.01848718916687
1979-03-05 05:23:00,-657268569.8145592,612358.6647432128,612358664.7432127,0.0040933648445519,1.9744775676306183,-16.012038445841366
1979-03-05 05:24:00,-657268509.8145592,611398.3330929324,611398333.0929323,0.0040869454239694,1.974131682425789,-16.00552750467323
1979-03-05 05:25:00,-657268449.8145592,610438.395862749,610438395.862749,0.0040805286399223,1.97378552479106,-15.998953836389894
1979-03-05 05:26:00,-657268389.8145592,609478.8568352298,609478856.8352298,0.0040741145176956,1.9734390954519763,-15.99231712531958
1979-03-05 05:27:00,-657268329.8145592,608519.7198301071,608519719.8301071,0.0040677030828227,1.973092395151706,-15.985616752045463
1979-03-05 05:28:00,-657268269.8145592,607560.9886954213,607560988.6954212,0.004061294361026,1.9727454246479432,-15.978852244763402
1979-03-05 05:29:00,-657268209.8145592,606602.6673056444,606602667.3056444,0.004054888378205,1.9723981847123149,-15.972023162948123
1979-03-05 05:30:00,-657268149.8145592,605644.759561282,605644759.561282,0.0040484851604327,1.972050676130323,-15.965129072706137
1979-03-05 05:31:00,-657268089.8145592,604687.2693947547,604687269.3947546,0.0040420847339958,1.9717028997035666,-15.958169442122259
1979-03-05 05:32:00,-657268029.8145592,603730.2007735491,603730200.7735492,0.0040356871254154,1.971354856250989,-15.951143686758588
1979-03-05 05:33:00,-657267969.8145592,602773.5576839066,602773557.6839067,0.0040292923613377,1.9710065466030389,-15.944051494041924
1979-03-05 05:34:00,-657267909.8145592,601817.3441529694,601817344.1529695,0.0040229004686827,1.9706579716098207,-15.93689218228683
1979-03-05 05:35:00,-657267849.8145592,600861.5642267436,600861564.2267437,0.0040165114744961,1.9703091321331683,-15.929665437096265
1979-03-05 05:36:00,-657267789.8145592,599906.2219929454,599906221.9929454,0.0040101254061027,1.9699600290550698,-15.922370563303897
1979-03-05 05:37:00,-657267729.8145592,598951.3215614088,598951321.5614088,0.004003742290975,1.9696106632706185,-15.915007192276729
1979-03-05 05:38:00,-657267669.8145592,597996.8670784895,597996867.0784895,0.0039973621568297,1.9692610356933746,-15.907574715321728
1979-03-05 05:39:00,-657267609.8145592,597042.8627155403,597042862.7155403,0.0039909850315505,1.9689111472512464,-15.900072715819503
1979-03-05 05:40:00,-657267549.8145592,596089.3126812365,596089312.6812365,0.0039846109432708,1.968560998891112,-15.892500571730004
1979-03-05 05:41:00,-657267489.8145592,595136.2212126742,595136221.2126741,0.0039782399203137,1.9682105915756571,-15.884857809372868
1979-03-05 05:42:00,-657267429.8145592,594183.5925790381,594183592.5790381,0.003971871991217,1.9678599262848264,-15.877143893934166
1979-03-05 05:43:00,-657267369.8145592,593231.4310781785,593231431.0781784,0.00396550718471,1.9675090040146643,-15.86935834766094
1979-03-05 05:44:00,-657267309.8145592,592279.7410490377,592279741.0490377,0.0039591455297968,1.9671578257820062,-15.86150048567991
1979-03-05 05:45:00,-657267249.8145592,591328.5268569597,591328526.8569597,0.003952787055658,1.9668063926191723,-15.853569867966387
1979-03-05 05:46:00,-657267189.8145592,590377.7928972541,590377792.8972541,0.0039464317916742,1.9664547055753847,-15.845565995092814
1979-03-05 05:47:00,-657267129.8145592,589427.5436012273,589427543.6012273,0.003940079767467,1.9661027657191048,-15.837488267112834
1979-03-05 05:48:00,-657267069.8145592,588477.7834358523,588477783.4358523,0.0039337310128963,1.9657505741380308,-15.829336089584588
1979-03-05 05:49:00,-657267009.8145592,587528.516898988,587528516.898988,0.0039273855580284,1.9653981319374396,-15.821108947736986
1979-03-05 05:50:00,-657266949.8145592,586579.7485215397,586579748.5215397,0.0039210434331505,1.9650454402410993,-15.812806290805263
1979-03-05 05:51:00,-657266889.8145592,585631.4828662178,585631482.8662179,0.0039147046687624,1.9646925001909197,-15.804427588698067
1979-03-05 05:52:00,-657266829.8145592,584683.7245379194,584683724.5379194,0.0039083692956461,1.9643393129509366,-15.7959721383076
1979-03-05 05:53:00,-657266769.8145592,583736.4781703285,583736478.1703285,0.0039020373447757,1.9639858797024454,-15.78743945984752
1979-03-05 05:54:00,-657266709.8145592,582789.7484291748,582789748.4291748,0.0038957088473397,1.9636322016453254,-15.77882901922955
1979-03-05 05:55:00,-657266649.8145592,581843.5400174182,581843540.0174183,0.0038893838347755,1.9632782800000945,-15.770140195942561
1979-03-05 05:56:00,-657266589.8145592,580897.8576764496,580897857.6764495,0.0038830623387773,1.9629241160084872,-15.761372349477218
1979-03-05 05:57:00,-657266529.8145592,579952.7061802202,579952706.1802202,0.003876744391257,1.962569710931382,-15.752524937155734
1979-03-05 05:58:00,-657266469.8145592,579008.0903380763,579008090.3380764,0.0038704300243631,1.9622150660499864,-15.74359736906481
1979-03-05 05:59:00,-657266409.8145592,578064.0149953101,578064014.9953101,0.0038641192704844,1.9618601826661666,-15.734589046104036
1979-03-05 06:00:00,-657266349.8145592,577120.4850365566,577120485.0365566,0.0038578121622726,1.9615050621038566,-15.72549931255829
1979-03-05 06:01:00,-657266289.8145592,576177.5053767158,576177505.3767158,0.0038515087325819,1.961149705705771,-15.716327664013564
1979-03-05 06:02:00,-657266229.8145592,575235.0809709522,575235080.9709522,0.0038452090145354,1.9607941148372936,-15.707073429393738
1979-03-05 06:03:00,-657266169.8145592,574293.2168131969,574293216.8131969,0.0038389130415156,1.9604382908860558,-15.697735962587952
1979-03-05 06:04:00,-657266109.8145592,573351.9179327484,573351917.9327484,0.0038326208471411,1.960082235260783,-15.688314674140807
1979-03-05 06:05:00,-657266049.8145592,572411.1893931386,572411189.3931386,0.0038263324652597,1.9597259493909966,-15.678808993496933
1979-03-05 06:06:00,-657265989.8145592,571471.0363043215,571471036.3043215,0.0038200479300292,1.9593694347317685,-15.669218146952336
1979-03-05 06:07:00,-657265929.8145592,570531.4638084936,570531463.8084936,0.0038137672758232,1.9590126927584888,-15.65954159713195
1979-03-05 06:08:00,-657265869.8145592,569592.4770803989,569592477.0803989,0.0038074905372326,1.95865572496711,-15.649778801577243
1979-03-05 06:09:00,-657265809.8145592,568654.081345116,568654081.345116,0.0038012177491849,1.9582985328810465,-15.639928921381943
1979-03-05 06:10:00,-657265749.8145592,567716.2818605577,567716281.8605577,0.0037949489468272,1.9579411180446704,-15.629991409304784
1979-03-05 06:11:00,-657265689.8145592,566779.0839210689,566779083.9210689,0.0037886841655498,1.9575834820248166,-15.619965658146732
1979-03-05 06:12:00,-657265629.8145592,565842.4928689367,565842492.8689368,0.0037824234410639,1.9572256264153174,-15.609850868869882
1979-03-05 06:13:00,-657265569.8145592,564906.5140774861,564906514.0774862,0.0037761668092879,1.9568675528307036,-15.599646524176933
1979-03-05 06:14:00,-657265509.8145592,563971.1529633348,563971152.9633348,0.0037699143064295,1.9565092629110232,-15.589351902521836
1979-03-05 06:15:00,-657265449.8145592,563036.414982621,563036414.982621,0.003763665968961,1.956150758320557,-15.578966345230583
1979-03-05 06:16:00,-657265389.8145592,562102.3056356739,562102305.6356739,0.0037574218336496,1.9557920407497575,-15.568489115784178
1979-03-05 06:17:00,-657265329.8145592,561168.8304602064,561168830.4602064,0.0037511819375127,1.9554331119127937,-15.557919591125877
1979-03-05 06:18:00,-657265269.8145592,560235.9950352454,560235995.0352454,0.0037449463178438,1.9550739735492102,-15.547257082682336
1979-03-05 06:19:00,-657265209.8145592,559303.8049814951,559303804.9814951,0.003738715012215,1.9547146274242242,-15.536500895838254
1979-03-05 06:20:00,-657265149.8145592,558372.2659609905,558372265.9609904,0.0037324880584746,1.9543550753287493,-15.525650341744768
1979-03-05 06:21:00,-657265089.8145592,557441.3836778663,557441383.6778663,0.0037262654947525,1.9539953190798514,-15.51470471873569
1979-03-05 06:22:00,-657265029.8145592,556511.1638815043,556511163.8815043,0.0037200473594809,1.9536353605221266,-15.503663272699729
1979-03-05 06:23:00,-657264969.8145592,555581.61235801,555581612.35801,0.0037138336913374,1.9532752015245685,-15.49252539157169
1979-03-05 06:24:00,-657264909.8145592,554652.7349452397,554652734.9452398,0.0037076245293459,1.9529148439865498,-15.481290212838212
1979-03-05 06:25:00,-657264849.8145592,553724.5375125367,553724537.5125368,0.0037014199127403,1.9525542898301327,-15.469957211716489
1979-03-05 06:26:00,-657264789.8145592,552797.0259840323,552797025.9840323,0.0036952198811211,1.9521935410092774,-15.458525475073838
1979-03-05 06:27:00,-657264729.8145592,551870.2063192222,551870206.3192222,0.0036890244743251,1.951832599502469,-15.446994413501427
1979-03-05 06:28:00,-657264669.8145592,550944.0845276209,550944084.5276209,0.0036828337325233,1.951471467318584,-15.435363193354958
1979-03-05 06:29:00,-657264609.8145592,550018.6666571002,550018666.6571002,0.0036766476961433,1.9511101464925238,-15.423631175345509
1979-03-05 06:30:00,-657264549.8145592,549093.9588057039,549093958.8057039,0.003670466405948,1.950748639089993,-15.411797523271526
1979-03-05 06:31:00,-657264489.8145592,548169.9671144447,548169967.1144447,0.0036642899029875,1.9503869472048687,-15.399861520986693
1979-03-05 06:32:00,-657264429.8145592,547246.6977715852,547246697.7715852,0.0036581182286278,1.950025072961052,-15.387822380991809
1979-03-05 06:33:00,-657264369.8145592,546324.1570028414,546324157.0028414,0.0036519514244853,1.9496630185088029,-15.375679479064031
1979-03-05 06:34:00,-657264309.8145592,545402.3510941067,545402351.0941067,0.0036457895325785,1.9493007860338385,-15.363431812244622
1979-03-05 06:35:00,-657264249.8145592,544481.2863632595,544481286.3632596,0.00363963259514,1.9489383777464508,-15.3510788474523
1979-03-05 06:36:00,-657264189.8145592,543560.9691831226,543560969.1831226,0.0036334806547692,1.9485757958907044,-15.338619668948619
1979-03-05 06:37:00,-657264129.8145592,542641.4059705433,542641405.9705433,0.0036273337543603,1.9482130427403375,-15.32605354298915
1979-03-05 06:38:00,-657264069.8145592,541722.6031924051,541722603.1924051,0.0036211919371416,1.9478501206013146,-15.313379635636617
1979-03-05 06:39:00,-657264009.8145592,540804.5673546538,540804567.3546538,0.0036150552466028,1.9474870318076816,-15.300597295853853
1979-03-05 06:40:00,-657263949.8145592,539887.3050252266,539887305.0252266,0.0036089237266478,1.947123778730824,-15.287705490454876
1979-03-05 06:41:00,-657263889.8145592,538970.8228055922,538970822.8055922,0.0036027974214046,1.9467603637684012,-15.274703660572413
1979-03-05 06:42:00,-657263829.8145592,538055.1273575784,538055127.3575784,0.0035966763754049,1.9463967893551646,-15.261590800230625
1979-03-05 06:43:00,-657263769.8145592,537140.225379824,537140225.379824,0.0035905606334263,1.9460330579538156,-15.24836629590524
1979-03-05 06:44:00,-657263709.8145592,536226.1236319307,536226123.63193065,0.0035844502406539,1.9456691720647965,-15.235029131556319
1979-03-05 06:45:00,-657263649.8145592,535312.8289170437,535312828.91704375,0.0035783452425639,1.945305134219571,-15.2215785814488
1979-03-05 06:46:00,-657263589.8145592,534400.3480847816,534400348.0847815,0.0035722456849433,1.944940946981984,-15.208013871036625
1979-03-05 06:47:00,-657263529.8145592,533488.6880407324,533488688.0407324,0.0035661516139529,1.944576612952253,-15.19433406748576
1979-03-05 06:48:00,-657263469.8145592,532577.8557413563,532577855.74135625,0.003560063076094,1.9442121347651495,-15.180538322935657
1979-03-05 06:49:00,-657263409.8145592,531667.858187351,531667858.1873511,0.0035539801181632,1.9438475150875474,-15.166625900087334
1979-03-05 06:50:00,-657263349.8145592,530758.7024337221,530758702.4337221,0.0035479027873203,1.9434827566226593,-15.152595893815548
1979-03-05 06:51:00,-657263289.8145592,529850.3955895633,529850395.5895633,0.0035418311310868,1.9431178621101677,-15.13844740264661
1979-03-05 06:52:00,-657263229.8145592,528942.9448123397,528942944.8123397,0.0035357651973073,1.9427528343241451,-15.124179620392775
1979-03-05 06:53:00,-657263169.8145592,528036.3573154726,528036357.3154725,0.0035297050342005,1.9423876760763166,-15.109791614452842
1979-03-05 06:54:00,-657263109.8145592,527130.6403549182,527130640.3549182,0.0035236506902696,1.9420223902108729,-15.095282675906008
1979-03-05 06:55:00,-657263049.8145592,526225.8012542387,526225801.2542387,0.0035176022144694,1.9416569796147929,-15.080651677991652
1979-03-05 06:56:00,-657262989.8145592,525321.8473726895,525321847.3726896,0.0035115596559937,1.9412914472051914,-15.065898025819722
1979-03-05 06:57:00,-657262929.8145592,524418.7861402823,524418786.1402823,0.0035055230645089,1.9409257959437032,-15.051020540120469
1979-03-05 06:58:00,-657262869.8145592,523516.6250315694,523516625.03156936,0.0034994924899794,1.9405600288261178,-15.036018478548309
1979-03-05 06:59:00,-657262809.8145592,522615.3715693849,522615371.5693849,0.0034934679826922,1.940194148884101,-15.020891036408527
1979-03-05 07:00:00,-657262749.8145592,521715.0333432658,521715033.3432658,0.0034874495933802,1.9398281591929025,-15.005637101984272
1979-03-05 07:01:00,-657262689.8145592,520815.6179905066,520815617.99050665,0.0034814373730956,1.9394620628639005,-14.990255879320708
1979-03-05 07:02:00,-657262629.8145592,519917.1332039221,519917133.2039221,0.0034754313732616,1.9390958630479844,-14.974746443075128
1979-03-05 07:03:00,-657262569.8145592,519019.5867345874,519019586.7345874,0.0034694316456911,1.9387295629369066,-14.959107822244793
1979-03-05 07:04:00,-657262509.8145592,518122.9863804173,518122986.3804173,0.0034634382425098,1.9383631657588565,-14.943339236167958
1979-03-05 07:05:00,-657262449.8145592,517227.3400098756,517227340.0098756,0.0034574512163151,1.9379966747883852,-14.92743950902853
1979-03-05 07:06:00,-657262389.8145592,516332.65553307993,516332655.5330799,0.003451470619983,1.9376300933348336,-14.911407946594409
1979-03-05 07:07:00,-657262329.8145592,515438.9409287773,515438940.9287773,0.0034454965068481,1.9372634247536116,-14.895243405044312
1979-03-05 07:08:00,-657262269.8145592,514546.2042237608,514546204.2237608,0.0034395289305662,1.9368966724380108,-14.878945083607686
1979-03-05 07:09:00,-657262209.8145592,513654.453505071,513654453.505071,0.0034335679451958,1.9365298398244495,-14.862511978163578
1979-03-05 07:10:00,-657262149.8145592,512763.69692026137,512763696.9202614,0.0034276136051999,1.9361629303928363,-14.845943080160456
1979-03-05 07:11:00,-657262089.8145592,511873.9426752115,511873942.6752116,0.0034216659654314,1.9357959476659232,-14.829237417497401
1979-03-05 07:12:00,-657262029.8145592,510985.1990252757,510985199.0252757,0.0034157250810741,1.9354288952059024,-14.812394165596924
1979-03-05 07:13:00,-657261969.8145592,510097.474298804,510097474.298804,0.0034097910077994,1.9350617766243652,-14.795412107861678
1979-03-05 07:14:00,-657261909.8145592,509210.7768658674,509210776.8658674,0.0034038638015578,1.934694595569637,-14.778290548943914
1979-03-05 07:15:00,-657261849.8145592,508325.11517359776,508325115.17359775,0.003397943518815,1.934327355741652,-14.761028204493535
1979-03-05 07:16:00,-657261789.8145592,507440.4977168517,507440497.71685165,0.0033920302163555,1.9339600608800687,-14.743624279100914
1979-03-05 07:17:00,-657261729.8145592,506556.93305655976,506556933.0565597,0.0033861239514056,1.9335927147721317,-14.726077671532403
1979-03-05 07:18:00,-657261669.8145592,505674.4298079051,505674429.8079051,0.0033802247815543,1.933225321248027,-14.708387477577586
1979-03-05 07:19:00,-657261609.8145592,504792.9966559432,504792996.6559432,0.0033743327648576,1.9328578841876436,-14.690552532698105
1979-03-05 07:20:00,-657261549.8145592,503912.6423350193,503912642.3350193,0.0033684479597009,1.932490407512266,-14.67257201539857
1979-03-05 07:21:00,-657261489.8145592,503033.37565195095,503033375.65195096,0.0033625704249542,1.9321228951945069,-14.654444717805989
1979-03-05 07:22:00,-657261429.8145592,502155.2054673031,502155205.46730304,0.0033567002198467,1.9317553512507635,-14.636169744130651
1979-03-05 07:23:00,-657261369.8145592,501278.1407119652,501278140.71196514,0.0033508374040778,1.93138777974842,-14.617745922298248
1979-03-05 07:24:00,-657261309.8145592,500402.1903675029,500402190.3675029,0.0033449820376855,1.9310201847978896,-14.599172407704948
1979-03-05 07:25:00,-657261249.8145592,499527.3634937953,499527363.4937953,0.0033391341812313,1.9306525705644808,-14.580447895127387
1979-03-05 07:26:00,-657261189.8145592,498653.6691937909,498653669.1937909,0.0033332938955647,1.9302849412538738,-14.561571666739958
1979-03-05 07:27:00,-657261129.8145592,497781.1166538613,497781116.6538613,0.0033274612420928,1.9299173011293593,-14.542542332159549
1979-03-05 07:28:00,-657261069.8145592,496909.7151111752,496909715.1111751,0.0033216362825622,1.929549654498399,-14.523359044768343
1979-03-05 07:29:00,-657261009.8145592,496039.4738731474,496039473.87314737,0.0033158190791892,1.9291820057210907,-14.50402063379685
1979-03-05 07:30:00,-657260949.8145592,495170.40230564686,495170402.3056469,0.0033100096945808,1.9288143592054803,-14.4845261250089
1979-03-05 07:31:00,-657260889.8145592,494302.5098445997,494302509.84459966,0.0033042081918121,1.928446719412745,-14.464874350785976
1979-03-05 07:32:00,-657260829.8145592,493435.8059886693,493435805.9886693,0.003298414634378,1.9280790908543894,-14.445064265507002
1979-03-05 07:33:00,-657260769.8145592,492570.3003043584,492570300.3043584,0.0032926290862264,1.927711478094694,-14.425094738514357
1979-03-05 07:34:00,-657260709.8145592,491706.0024207603,491706002.4207603,0.0032868516117239,1.927343885748778,-14.404964726635566
1979-03-05 07:35:00,-657260649.8145592,490842.9220335242,490842922.0335242,0.0032810822756819,1.9269763184845718,-14.384673120601413
1979-03-05 07:36:00,-657260589.8145592,489981.06890407385,489981068.9040738,0.0032753211433515,1.9266087810227768,-14.36421882417247
1979-03-05 07:37:00,-657260529.8145592,489120.4528632888,489120452.8632888,0.003269568280448,1.9262412781387308,-14.34360067975067
1979-03-05 07:38:00,-657260469.8145592,488261.0838032949,488261083.8032949,0.0032638237530963,1.9258738146591994,-14.322817666564758
1979-03-05 07:39:00,-657260409.8145592,487402.9716922868,487402971.6922868,0.0032580876279296,1.925506395469005,-14.301868516802399
1979-03-05 07:40:00,-657260349.8145592,486546.1265599168,486546126.5599168,0.003252359971992,1.9251390255050855,-14.280752206165925
1979-03-05 07:41:00,-657260289.8145592,485690.5585008385,485690558.5008385,0.003246640852762,1.9247717097582944,-14.259467651305021
1979-03-05 07:42:00,-657260229.8145592,484836.2776837136,484836277.6837136,0.0032409303382131,1.92440445327757,-14.238013618748907
1979-03-05 07:43:00,-657260169.8145592,483983.2943425184,483983294.3425185,0.003235228496755,1.9240372611665097,-14.21638901992022
1979-03-05 07:44:00,-657260109.8145592,483131.6187833406,483131618.78334063,0.0032295353972798,1.9236701385865962,-14.1945926529627
1979-03-05 07:45:00,-657260049.8145592,482281.2613776132,482281261.3776133,0.0032238511091161,1.923303090754587,-14.172623428790637
1979-03-05 07:46:00,-657259989.8145592,481432.2325669765,481432232.5669765,0.0032181757020621,1.922936122944916,-14.150480177277737
1979-03-05 07:47:00,-657259929.8145592,480584.542864868,480584542.864868,0.0032125092463957,1.922569240490689,-14.128161701808374
1979-03-05 07:48:00,-657259869.8145592,479738.2028492684,479738202.8492684,0.0032068518128264,1.9222024487808513,-14.105666926660342
1979-03-05 07:49:00,-657259809.8145592,478893.22317385615,478893223.17385614,0.0032012034725695,1.9218357532653285,-14.082994590203937
1979-03-05 07:50:00,-657259749.8145592,478049.6145628205,478049614.56282055,0.003195564297312,1.9214691594530942,-14.060143517260439
1979-03-05 07:51:00,-657259689.8145592,477207.38780553424,477207387.80553424,0.0031899343591762,1.9211026729101626,-14.037112621438185
1979-03-05 07:52:00,-657259629.8145592,476366.5537708018,476366553.7708018,0.0031843137308157,1.9207362992660975,-14.013900578873775
1979-03-05 07:53:00,-657259569.8145592,475527.1233903548,475527123.3903548,0.0031787024853045,1.920370044207142,-13.990506340783517
1979-03-05 07:54:00,-657259509.8145592,474689.107669796,474689107.6697961,0.0031731006962106,1.9200039134812938,-13.966928675980308
1979-03-05 07:55:00,-657259449.8145592,473852.51769000216,473852517.6900021,0.003167508437605,1.9196379128992411,-13.94316632989697
1979-03-05 07:56:00,-657259389.8145592,473017.3646007869,473017364.60078686,0.0031619257840197,1.9192720483319083,-13.919218153588009
1979-03-05 07:57:00,-657259329.8145592,472183.6596271841,472183659.6271841,0.0031563528104894,1.9189063257135233,-13.895082893379731
1979-03-05 07:58:00,-657259269.8145592,471351.4140638945,471351414.0638945,0.0031507895925145,1.9185407510394994,-13.870759388160272
1979-03-05 07:59:00,-657259209.8145592,470520.639278724,470520639.278724,0.003145236206084,1.9181753303682583,-13.846246419508438
1979-03-05 08:00:00,-657259149.8145592,469691.34671204246,469691346.71204245,0.0031396927276722,1.9178100698213112,-13.821542778025226
1979-03-05 08:01:00,-657259089.8145592,468863.54788088537,468863547.88088536,0.0031341592342656,1.9174449755853837,-13.796647185951588
1979-03-05 08:02:00,-657259029.8145592,468037.2543755479,468037254.3755479,0.0031286358033406,1.9170800539112403,-13.771558422290642
1979-03-05 08:03:00,-657258969.8145592,467212.4778514232,467212477.8514232,0.0031231225128087,1.9167153111103907,-13.746275402078755
1979-03-05 08:04:00,-657258909.8145592,466389.2300526337,466389230.05263376,0.0031176194411745,1.9163507535658548,-13.72079664649209
1979-03-05 08:05:00,-657258849.8145592,465567.5227854173,465567522.7854173,0.0031121266673578,1.9159863877207173,-13.695121120272477
1979-03-05 08:06:00,-657258789.8145592,464747.36793374654,464747367.9337465,0.003106644270798,1.91562222008535,-13.669247527846407
1979-03-05 08:07:00,-657258729.8145592,463928.7774559663,463928777.4559663,0.0031011723314318,1.9152582572362467,-13.643174629671073
1979-03-05 08:08:00,-657258669.8145592,463111.76339131786,463111763.3913178,0.0030957109297366,1.9148945058192477,-13.616901077473692
1979-03-05 08:09:00,-657258609.8145592,462296.337847764,462296337.847764,0.003090260146649,1.9145309725444468,-13.59042572589727
1979-03-05 08:10:00,-657258549.8145592,461482.513005972,461482513.005972,0.0030848200635918,1.9141676641882717,-13.563747363199946
1979-03-05 08:11:00,-657258489.8145592,460670.3011279287,460670301.12792873,0.0030793907625312,1.9138045875976462,-13.53686463405514
1979-03-05 08:12:00,-657258429.8145592,459859.7145503346,459859714.5503346,0.0030739723259332,1.9134417496873724,-13.509776293235094
1979-03-05 08:13:00,-657258369.8145592,459050.76568355854,459050765.6835585,0.0030685648367557,1.9130791574399746,-13.482481112934572
1979-03-05 08:14:00,-657258309.8145592,458243.467013337,458243467.013337,0.0030631683784609,1.9127168179067757,-13.45497783702546
1979-03-05 08:15:00,-657258249.8145592,457437.8311018193,457437831.1018193,0.0030577830350216,1.9123547382086823,-13.427265191961972
1979-03-05 08:16:00,-657258189.8145592,456633.87059265067,456633870.59265065,0.0030524088909552,1.9119929255387917,-13.399341819477074
1979-03-05 08:17:00,-657258129.8145592,455831.5981945436,455831598.19454354,0.0030470460312142,1.9116313871553174,-13.371206635117414
1979-03-05 08:18:00,-657258069.8145592,455031.0267041368,455031026.7041367,0.003041694541339,1.9112701303921882,-13.342858173446924
1979-03-05 08:19:00,-657258009.8145592,454232.1689885753,454232168.9885753,0.003036354507341,1.9109091626515242,-13.314295259358671
1979-03-05 08:20:00,-657257949.8145592,453435.0379952026,453435037.9952026,0.003031026015768,1.9105484914083188,-13.285516556211709
1979-03-05 08:21:00,-657257889.8145592,452639.6467415203,452639646.7415204,0.0030257091536365,1.9101881242062084,-13.256520894704348
1979-03-05 08:22:00,-657257829.8145592,451846.0083283353,451846008.3283353,0.0030204040085199,1.9098280686637321,-13.227306886417015
1979-03-05 08:23:00,-657257769.8145592,451054.13593017455,451054135.9301745,0.0030151106684847,1.909468332470304,-13.19787330267912
1979-03-05 08:24:00,-657257709.8145592,450264.0428043399,450264042.8043399,0.0030098292221504,1.9091089233906318,-13.168218763910893
1979-03-05 08:25:00,-657257649.8145592,449475.742274125,449475742.274125,0.0030045597585776,1.9087498492573907,-13.138342170248507
1979-03-05 08:26:00,-657257589.8145592,448689.2477509082,448689247.7509082,0.002999302367416,1.908391117981579,-13.10824205361326
1979-03-05 08:27:00,-657257529.8145592,447904.5727180281,447904572.71802807,0.002994057138796,1.9080327375454842,-13.077917214668316
1979-03-05 08:28:00,-657257469.8145592,447121.73073862586,447121730.7386259,0.0029888241633817,1.9076747160065566,-13.047366323370564
1979-03-05 08:29:00,-657257409.8145592,446340.7354447189,446340735.4447189,0.0029836035322975,1.9073170614927084,-13.016588231782467
1979-03-05 08:30:00,-657257349.8145592,445561.6005597112,445561600.5597112,0.0029783953372787,1.9069597822129156,-12.985581416794837
1979-03-05 08:31:00,-657257289.8145592,444784.3398761734,444784339.87617344,0.0029731996705229,1.9066028864473448,-12.954344725630168
1979-03-05 08:32:00,-657257229.8145592,444008.9672607582,444008967.2607582,0.0029680166247229,1.9062463825498823,-12.92287692358659
1979-03-05 08:33:00,-657257169.8145592,443235.4966659662,443235496.66596615,0.0029628462931455,1.9058902789538337,-12.891176579867412
1979-03-05 08:34:00,-657257109.8145592,442463.9421134122,442463942.1134122,0.0029576887695194,1.9055345841645182,-12.859242542566305
1979-03-05 08:35:00,-657257049.8145592,441694.317707076,441694317.707076,0.0029525441481238,1.9051793067656486,-12.827073438936107
1979-03-05 08:36:00,-657256989.8145592,440926.6376288269,440926637.6288269,0.0029474125237587,1.904824455417557,-12.794667970818894
1979-03-05 08:37:00,-657256929.8145592,440160.9161313712,440160916.1313712,0.0029422939916976,1.9044700388542113,-12.7620249575945
1979-03-05 08:38:00,-657256869.8145592,439397.1675505498,439397167.55054986,0.0029371886477696,1.9041160658891711,-12.729143013690676
1979-03-05 08:39:00,-657256809.8145592,438635.406302118,438635406.30211806,0.0029320965883381,1.903762545414383,-12.696020807196813
1979-03-05 08:40:00,-657256749.8145592,437875.6468667838,437875646.8667838,0.0029270179102006,1.9034094863935025,-12.662657255569744
1979-03-05 08:41:00,-657256689.8145592,437117.9038111207,437117903.8111208,0.0029219527107287,1.9030568978718578,-12.62905092771786
1979-03-05 08:42:00,-657256629.8145592,436362.19178112654,436362191.78112656,0.0029169010878249,1.902704788973736,-12.595200499902907
1979-03-05 08:43:00,-657256569.8145592,435608.5254907931,435608525.4907931,0.0029118631398461,1.9023531688973103,-12.561104838890605
1979-03-05 08:44:00,-657256509.8145592,434856.9197332813,434856919.7332813,0.0029068389656784,1.9020020469200927,-12.526762625196715
1979-03-05 08:45:00,-657256449.8145592,434107.3893806195,434107389.3806195,0.0029018286647352,1.9016514323990499,-12.492172544363227
1979-03-05 08:46:00,-657256389.8145592,433359.9493813038,433359949.3813038,0.0028968323369411,1.9013013347697283,-12.457333321928552
1979-03-05 08:47:00,-657256329.8145592,432614.614756578,432614614.756578,0.0028918500827069,1.900951763544752,-12.422243745430023
1979-03-05 08:48:00,-657256269.8145592,431871.4006063629,431871400.6063628,0.0028868820029693,1.9006027283168323,-12.38690250358486
1979-03-05 08:49:00,-657256209.8145592,431130.3220972899,431130322.0972899,0.0028819281991109,1.900254238753378,-12.351308484550099
1979-03-05 08:50:00,-657256149.8145592,430391.3944883391,430391394.4883391,0.0028769887731319,1.8999063046087716,-12.315460149180337
1979-03-05 08:51:00,-657256089.8145592,429654.6330937284,429654633.0937284,0.0028720638274013,1.8995589357071352,-12.279356576844778
1979-03-05 08:52:00,-657256029.8145592,428920.05331904936,428920053.31904936,0.0028671534648992,1.899212141959552,-12.242996244650566
1979-03-05 08:53:00,-657255969.8145592,428187.67063610046,428187670.6361005,0.0028622577890482,1.8988659333524265,-12.206378049148286
1979-03-05 08:54:00,-657255909.8145592,427457.5005879394,427457500.5879394,0.0028573769037471,1.8985203199500507,-12.169500802684343
1979-03-05 08:55:00,-657255849.8145592,426729.5587967572,426729558.7967572,0.002852510913424,1.8981753118985296,-12.132363186370155
1979-03-05 08:56:00,-657255789.8145592,426003.8609613629,426003860.9613629,0.0028476599230189,1.8978309194247929,-12.094963923238295
1979-03-05 08:57:00,-657255729.8145592,425280.4228422312,425280422.8422312,0.002842824037884,1.8974871528296817,-12.057301985528708
1979-03-05 08:58:00,-657255669.8145592,424559.2602869158,424559260.28691584,0.0028380033639537,1.8971440225001892,-12.01937592192262
1979-03-05 08:59:00,-657255609.8145592,423840.3892008837,423840389.2008837,0.0028331980075494,1.8968015388957715,-11.981184767202164
1979-03-05 09:00:00,-657255549.8145592,423123.8255729146,423123825.5729146,0.0028284080755496,1.8964597125605955,-11.942727132817769
1979-03-05 09:01:00,-657255489.8145592,422409.5854580402,422409585.4580402,0.0028236336752755,1.8961185541155745,-11.904001914573989
1979-03-05 09:02:00,-657255429.8145592,421697.6849848291,421697684.9848291,0.00281887491454,1.8957780742619905,-11.865007886851284
1979-03-05 09:03:00,-657255369.8145592,420988.14034731657,420988140.34731656,0.0028141319015934,1.8954382837777761,-11.825743958542201
1979-03-05 09:04:00,-657255309.8145592,420280.9678172899,420280967.8172899,0.0028094047452059,1.8950991935235297,-11.786208833778316
1979-03-05 09:05:00,-657255249.8145592,419576.1837288269,419576183.7288269,0.0028046935545642,1.8947608144352397,-11.74640147438331
1979-03-05 09:06:00,-657255189.8145592,418873.8044929418,418873804.4929418,0.0027999984393691,1.894423157531424,-11.70632059808413
1979-03-05 09:07:00,-657255129.8145592,418173.8465836574,418173846.5836574,0.0027953195097425,1.8940862339065598,-11.665965154740842
1979-03-05 09:08:00,-657255069.8145592,417476.32654351473,417476326.5435147,0.0027906568762647,1.8937500547338244,-11.625334002377349
1979-03-05 09:09:00,-657255009.8145592,416781.2609849336,416781260.9849336,0.0027860106499826,1.8934146312658497,-11.584425976352456
1979-03-05 09:10:00,-657254949.8145592,416088.666582042,416088666.582042,0.0027813809423561,1.8930799748308647,-11.543240048193063
1979-03-05 09:11:00,-657254889.8145592,415398.5600856956,415398560.0856956,0.0027767678653576,1.892746096840026,-11.501774939106932
1979-03-05 09:12:00,-657254829.8145592,414710.9582993563,414710958.2993563,0.0027721715313114,1.8924130087758266,-11.460029772321771
1979-03-05 09:13:00,-657254769.8145592,414025.8781019514,414025878.10195136,0.0027675920530461,1.8920807222032086,-11.418003290081591
1979-03-05 09:14:00,-657254709.8145592,413343.3364317012,413343336.4317012,0.0027630295437868,1.8917492487617833,-11.375694504169708
1979-03-05 09:15:00,-657254649.8145592,412663.3502924583,412663350.2924583,0.0027584841171971,1.8914186001689395,-11.333102320714776
1979-03-05 09:16:00,-657254589.8145592,411985.9367463233,411985936.7463232,0.0027539558873301,1.8910887882162817,-11.290225768916814
1979-03-05 09:17:00,-657254529.8145592,411311.1129253368,411311112.9253368,0.0027494449687066,1.8907598247753372,-11.247063683108232
1979-03-05 09:18:00,-657254469.8145592,410638.896017089,410638896.017089,0.0027449514762183,1.8904317217905584,-11.203615137463203
1979-03-05 09:19:00,-657254409.8145592,409969.3032730658,409969303.2730658,0.0027404755251845,1.890104491283385,-11.159879067054135
1979-03-05 09:20:00,-657254349.8145592,409302.35199884296,409302351.99884295,0.0027360172312856,1.8897781453474394,-11.11585457038018
1979-03-05 09:21:00,-657254289.8145592,408638.0595667736,408638059.5667736,0.0027315767106488,1.889452696154702,-11.071540534489516
1979-03-05 09:22:00,-657254229.8145592,407976.4433996262,407976443.3996262,0.002727154079738,1.889128155947471,-11.026936119123517
1979-03-05 09:23:00,-657254169.8145592,407317.5209851146,407317520.9851146,0.0027227494554514,1.8888045370454316,-10.98204024185931
1979-03-05 09:24:00,-657254109.8145592,406661.30986173137,406661309.86173135,0.0027183629550265,1.8884818518386477,-10.936852056387579
1979-03-05 09:25:00,-657254049.8145592,406007.82762642,406007827.62642,0.0027139946960917,1.8881601127912557,-10.891370588522598
1979-03-05 09:26:00,-657253989.8145592,405357.0919247437,405357091.9247437,0.0027096447966003,1.8878393324365403,-10.845595027938058
1979-03-05 09:27:00,-657253929.8145592,404709.1204608792,404709120.4608792,0.0027053133748973,1.8875195233817579,-10.799524397742546
1979-03-05 09:28:00,-657253869.8145592,404063.9309918947,404063930.99189466,0.0027010005496815,1.8872006983052136,-10.753157816408201
1979-03-05 09:29:00,-657253809.8145592,403421.5413254636,403421541.3254636,0.0026967064399898,1.8868828699550098,-10.70649444051766
1979-03-05 09:30:00,-657253749.8145592,402781.969317182,402781969.31718194,0.0026924311651795,1.8865660511475817,-10.659533471359948
1979-03-05 09:31:00,-657253689.8145592,402145.2328692628,402145232.8692628,0.0026881748449195,1.8862502547668938,-10.612274131986972
1979-03-05 09:32:00,-657253629.8145592,401511.3499425265,401511349.94252646,0.0026839375992704,1.8859354937702293,-10.5647154456053
1979-03-05 09:33:00,-657253569.8145592,400880.33853415895,400880338.53415895,0.002679719548536,1.885621781176984,-10.516856806125725
1979-03-05 09:34:00,-657253509.8145592,400252.2166920645,400252216.6920645,0.0026755208133591,1.8853091300755926,-10.46869736824107
1979-03-05 09:35:00,-657253449.8145592,399627.00250658125,399627002.5065813,0.0026713415146662,1.884997553619215,-10.420236424720496
1979-03-05 09:36:00,-657253389.8145592,399004.71411327546,399004714.11327547,0.002667181773686,1.8846870650269039,-10.371473221763154
1979-03-05 09:37:00,-657253329.8145592,398385.3696907205,398385369.6907205,0.0026630417119347,1.8843776775822727,-10.322407042582443
1979-03-05 09:38:00,-657253269.8145592,397768.9874521935,397768987.4521935,0.0026589214511606,1.8840694046290976,-10.273037308783387
1979-03-05 09:39:00,-657253209.8145592,397155.58565890463,397155585.6589046,0.0026548211134324,1.8837622595776666,-10.223363221481366
1979-03-05 09:40:00,-657253149.8145592,396545.1826045967,396545182.6045967,0.0026507408210362,1.883456255896806,-10.173384238465223
1979-03-05 09:41:00,-657253089.8145592,395937.79662010033,395937796.6201003,0.002646680696506,1.8831514071158602,-10.123099741606469
1979-03-05 09:42:00,-657253029.8145592,395333.44607432216,395333446.07432216,0.0026426408626304,1.8828477268248855,-10.072509096302868
1979-03-05 09:43:00,-657252969.8145592,394732.1493698888,394732149.3698888,0.0026386214424233,1.882545228672143,-10.021611740555576
1979-03-05 09:44:00,-657252909.8145592,394133.9249370416,394133924.9370416,0.0026346225590832,1.882243926360686,-9.970407214120495
1979-03-05 09:45:00,-657252849.8145592,393538.7912454091,393538791.24540913,0.0026306443360721,1.8819438336539325,-9.918894860541332
1979-03-05 09:46:00,-657252789.8145592,392946.7667902075,392946766.7902075,0.0026266868970228,1.8816449643683513,-9.867074253360624
1979-03-05 09:47:00,-657252729.8145592,392357.8700884861,392357870.0884861,0.0026227503657141,1.8813473323711662,-9.814945028689301
1979-03-05 09:48:00,-657252669.8145592,391772.1196960616,391772119.6960616,0.0026188348661841,1.8810509515885137,-9.762506540408745
1979-03-05 09:49:00,-657252609.8145592,391189.5341834371,391189534.1834371,0.0026149405225687,1.880755835992852,-9.709758543741192
1979-03-05 09:50:00,-657252549.8145592,390610.1321495721,390610132.1495721,0.0026110674591946,1.8804619996094891,-9.656700564417406
1979-03-05 09:51:00,-657252489.8145592,390033.932215425,390033932.2154251,0.0026072158005349,1.8801694565128662,-9.603332235784425
1979-03-05 09:52:00,-657252429.8145592,389460.9530190803,389460953.0190803,0.0026033856711777,1.8798782208236116,-9.549653272412252
1979-03-05 09:53:00,-657252369.8145592,388891.2132198007,388891213.2198007,0.0025995771958524,1.879588306710113,-9.49566332132672
1979-03-05 09:54:00,-657252309.8145592,388324.7314881063,388324731.4881063,0.0025957904993637,1.8792997283829698,-9.441362194906105
1979-03-05 09:55:00,-657252249.8145592,387761.5265198634,387761526.5198634,0.0025920257066858,1.8790125001016451,-9.3867494707151
1979-03-05 09:56:00,-657252189.8145592,387201.61701385904,387201617.01385903,0.0025882829428123,1.8787266361625092,-9.331825100072699
1979-03-05 09:57:00,-657252129.8145592,386645.0216822984,386645021.6822984,0.0025845623328266,1.8784421509036213,-9.276588859344095
1979-03-05 09:58:00,-657252069.8145592,386091.7592524841,386091759.25248414,0.0025808640019131,1.8781590587050299,-9.221040496905335
1979-03-05 09:59:00,-657252009.8145592,385541.8484510346,385541848.4510346,0.0025771880752513,1.87787737398011,-9.165180024158326
1979-03-05 10:00:00,-657251949.8145592,384995.3080185394,384995308.01853937,0.0025735346781145,1.877597111182455,-9.109007208253024
1979-03-05 10:01:00,-657251889.8145592,384452.1566939337,384452156.69393367,0.0025699039357645,1.87731828479725,-9.052522076761427
1979-03-05 10:02:00,-657251829.8145592,383912.4132179025,383912413.2179025,0.0025662959734753,1.877040909342369,-8.995724600520528
1979-03-05 10:03:00,-657251769.8145592,383376.0963337032,383376096.3337032,0.0025627109165378,1.8767649993681363,-8.938614736654563
1979-03-05 10:04:00,-657251709.8145592,382843.2247797681,382843224.7797681,0.0025591488902105,1.8764905694528498,-8.881192565585176
1979-03-05 10:05:00,-657251649.8145592,382313.817292986,382313817.292986,0.0025556100197419,1.8762176342037677,-8.823458113035304
1979-03-05 10:06:00,-657251589.8145592,381787.8926038953,381787892.6038953,0.002552094430338,1.875946208253926,-8.765411484844906
1979-03-05 10:07:00,-657251529.8145592,381265.4694319323,381265469.43193233,0.0025486022471303,1.8756763062589492,-8.707052866049343
1979-03-05 10:08:00,-657251469.8145592,380746.5664866548,380746566.4866548,0.0025451335951846,1.8754079428969295,-8.648382421291899
1979-03-05 10:09:00,-657251409.8145592,380231.2024671599,380231202.4671599,0.0025416885994966,1.8751411328673604,-8.589400324915186
1979-03-05 10:10:00,-657251349.8145592,379719.3960576014,379719396.0576014,0.0025382673849621,1.8748758908880347,-8.530106825975235
1979-03-05 10:11:00,-657251289.8145592,379211.1659230028,379211165.9230029,0.0025348700763493,1.8746122316920697,-8.47050224330936
1979-03-05 10:12:00,-657251229.8145592,378706.5307112229,378706530.7112229,0.0025314967983112,1.8743501700281004,-8.41058686299851
1979-03-05 10:13:00,-657251169.8145592,378205.5090445546,378205509.0445546,0.0025281476753302,1.8740897206550837,-8.350361111138287
1979-03-05 10:14:00,-657251109.8145592,377708.1195282335,377708119.5282335,0.0025248228317746,1.873830898345857,-8.289825272018788
1979-03-05 10:15:00,-657251049.8145592,377214.3807391983,377214380.7391983,0.0025215223918237,1.8735737178804286,-8.228979817253032
1979-03-05 10:16:00,-657250989.8145592,376724.31122142327,376724311.22142327,0.0025182464794361,1.8733181940426449,-8.167825296250522
1979-03-05 10:17:00,-657250929.8145592,376237.9294925304,376237929.4925304,0.0025149952183947,1.8730643416227248,-8.106362148214249
1979-03-05 10:18:00,-657250869.8145592,375755.2540376909,375755254.0376909,0.002511768732265,1.872812175413158,-8.044590913992336
1979-03-05 10:19:00,-657250809.8145592,375276.3033041022,375276303.30410224,0.0025085671443591,1.8725617102048724,-7.982512226477653
1979-03-05 10:20:00,-657250749.8145592,374801.095702934,374801095.702934,0.0025053905777479,1.8723129607872895,-7.920126686136549
1979-03-05 10:21:00,-657250689.8145592,374329.6496033213,374329649.6033213,0.0025022391552216,1.8720659419442034,-7.857434993545757
1979-03-05 10:22:00,-657250629.8145592,373861.9833334992,373861983.3334992,0.0024991129992968,1.8718206684533765,-7.794437830367436
1979-03-05 10:23:00,-657250569.8145592,373398.11517722165,373398115.17722166,0.0024960122321929,1.871577155083656,-7.731135937959577
1979-03-05 10:24:00,-657250509.8145592,372938.0633643991,372938063.3643991,0.0024929369757693,1.8713354165890244,-7.6675302137096875
1979-03-05 10:25:00,-657250449.8145592,372481.84608047525,372481846.0804753,0.0024898873515883,1.8710954677124767,-7.60362139873032
1979-03-05 10:26:00,-657250389.8145592,372029.48145760247,372029481.4576024,0.0024868634808556,1.8708573231803283,-7.539410381213141
1979-03-05 10:27:00,-657250329.8145592,371580.9875726705,371580987.5726705,0.002483865484408,1.8706209977000996,-7.474898082199313
1979-03-05 10:28:00,-657250269.8145592,371136.38243970176,371136382.43970174,0.0024808934826617,1.8703865059554103,-7.410085549479118
1979-03-05 10:29:00,-657250209.8145592,370695.6840186577,370695684.01865774,0.0024779475956716,1.8701538626095164,-7.344973684067372
1979-03-05 10:30:00,-657250149.8145592,370258.9102003333,370258910.20033336,0.0024750279430302,1.8699230822962163,-7.2795636387406075
1979-03-05 10:31:00,-657250089.8145592,369826.0788159069,369826078.8159069,0.0024721346439318,1.8696941796237552,-7.213856407106505
1979-03-05 10:32:00,-657250029.8145592,369397.2076207594,369397207.62075937,0.0024692678170636,1.869467169165118,-7.147853252458542
1979-03-05 10:33:00,-657249969.8145592,368972.3143063478,368972314.3063478,0.0024664275806857,1.8692420654631416,-7.081555240192878
1979-03-05 10:34:00,-657249909.8145592,368551.4164854135,368551416.4854135,0.0024636140525321,1.869018883021507,-7.014963682238401
1979-03-05 10:35:00,-657249849.8145592,368134.5316940483,368134531.6940484,0.0024608273498243,1.8687976363046293,-6.948079856086406
1979-03-05 10:36:00,-657249789.8145592,367721.67739121785,367721677.3912178,0.0024580675892682,1.8685783397361986,-6.880905047174505
1979-03-05 10:37:00,-657249729.8145592,367312.8709513653,367312870.9513653,0.0024553348870049,1.868361007694034,-6.813440664209581
1979-03-05 10:38:00,-657249669.8145592,366908.1296666338,366908129.6666338,0.0024526293586251,1.8681456545100263,-6.745688078858075
1979-03-05 10:39:00,-657249609.8145592,366507.4707390051,366507470.7390051,0.0024499511191171,1.867932294464712,-6.677648793811871
1979-03-05 10:40:00,-657249549.8145592,366110.9112821189,366110911.2821189,0.0024473002828784,1.8677209417869824,-6.609324281436662
1979-03-05 10:41:00,-657249489.8145592,365718.46831186255,365718468.3118625,0.0024446769636532,1.8675116106477985,-6.540716170938685
1979-03-05 10:42:00,-657249429.8145592,365330.15875768015,365330158.7576802,0.0024420812746078,1.8673043151649389,-6.471825903040008
1979-03-05 10:43:00,-657249369.8145592,364945.9994406067,364945999.4406067,0.002439513328184,1.8670990693899951,-6.402655284557841
1979-03-05 10:44:00,-657249309.8145592,364566.0070822975,364566007.0822975,0.0024369732361591,1.8668958873118777,-6.33320597181931
1979-03-05 10:45:00,-657249249.8145592,364190.1983047178,364190198.3047178,0.0024344611096441,1.8666947828553475,-6.2634796263291115
1979-03-05 10:46:00,-657249189.8145592,363818.5896152489,363818589.6152489,0.0024319770589839,1.866495769871725,-6.1934781578146305
1979-03-05 10:47:00,-657249129.8145592,363451.197416404,363451197.416404,0.0024295211938227,1.866298862142761,-6.123203314082153
1979-03-05 10:48:00,-657249069.8145592,363088.03799478745,363088037.99478745,0.0024270936230296,1.8661040733733827,-6.052657026942082
1979-03-05 10:49:00,-657249009.8145592,362729.12752362347,362729127.52362347,0.002424694454716,1.865911417191706,-5.981841186066352
1979-03-05 10:50:00,-657248949.8145592,362374.4820576718,362374482.05767184,0.0024223237962014,1.8657209071449548,-5.910757765860763
1979-03-05 10:51:00,-657248889.8145592,362024.1175251583,362024117.5251583,0.0024199817539592,1.8655325566937666,-5.8394088752257325
1979-03-05 10:52:00,-657248829.8145592,361678.04973727145,361678049.7372714,0.0024176684336809,1.8653463792159275,-5.767796464780501
1979-03-05 10:53:00,-657248769.8145592,361336.2943706652,361336294.37066513,0.0024153839401583,1.8651623879955974,-5.695922776770506
1979-03-05 10:54:00,-657248709.8145592,360998.8669790194,360998866.9790194,0.0024131283773614,1.8649805962281476,-5.62378986076316
1979-03-05 10:55:00,-657248649.8145592,360665.7829760586,360665782.9760586,0.0024109018483246,1.864801017009641,-5.551400049347042
1979-03-05 10:56:00,-657248589.8145592,360337.0576446974,360337057.64469737,0.0024087044552078,1.8646236633403719,-5.478755522687182
1979-03-05 10:57:00,-657248529.8145592,360012.7061265993,360012706.12659925,0.0024065362992268,1.8644485481178485,-5.405858634968172
1979-03-05 10:58:00,-657248469.8145592,359692.743424297,359692743.42429703,0.0024043974806674,1.864275684136548,-5.3327117050377035
1979-03-05 10:59:00,-657248409.8145592,359377.18439575104,359377184.39575106,0.0024022880988489,1.8641050840835873,-5.259317142432944
1979-03-05 11:00:00,-657248349.8145592,359066.0437479856,359066043.7479856,0.0024002082520816,1.8639367605338863,-5.18567746275706
1979-03-05 11:01:00,-657248289.8145592,358759.3360421948,358759336.0421948,0.0023981580377012,1.8637707259515341,-5.111795096513621
1979-03-05 11:02:00,-657248229.8145592,358457.0756845034,358457075.68450344,0.0023961375520066,1.8636069926833985,-5.037672628189709
1979-03-05 11:03:00,-657248169.8145592,358159.2769280212,358159276.92802125,0.002394146890274,1.8634455729588444,-4.963312608036601
1979-03-05 11:04:00,-657248109.8145592,357865.9538675373,357865953.8675373,0.0023921861467212,1.8632864788854666,-4.888717674731742
1979-03-05 11:05:00,-657248049.8145592,357577.12043209025,357577120.4320902,0.0023902554144581,1.8631297224436714,-4.813890590784528
1979-03-05 11:06:00,-657247989.8145592,357292.7903937413,357292790.39374125,0.0023883547855453,1.8629753154900468,-4.7388339724828255
1979-03-05 11:07:00,-657247929.8145592,357012.977349217,357012977.349217,0.0023864843508712,1.8628232697460143,-4.663550742071433
1979-03-05 11:08:00,-657247869.8145592,356737.69473699713,356737694.7369971,0.0023846442002666,1.8626735968057293,-4.588043536997672
1979-03-05 11:09:00,-657247809.8145592,356466.955812524,356466955.812524,0.0023828344223386,1.8625263081212353,-4.512315407885278
1979-03-05 11:10:00,-657247749.8145592,356200.77366527426,356200773.66527426,0.0023810551045849,1.8623814150103746,-4.436369120829235
1979-03-05 11:11:00,-657247689.8145592,355939.16120298527,355939161.2029853,0.0023793063332885,1.8622389286468446,-4.360207704816518
1979-03-05 11:12:00,-657247629.8145592,355682.1311537979,355682131.1537979,0.0023775881935316,1.862098860060007,-4.283834153122735
1979-03-05 11:13:00,-657247569.8145592,355429.69606463175,355429696.06463176,0.0023759007691854,1.8619612201326534,-4.207251486102662
1979-03-05 11:14:00,-657247509.8145592,355181.86829611653,355181868.29611653,0.0023742441428754,1.8618260195969027,-4.1304628085868895
1979-03-05 11:15:00,-657247449.8145592,354938.66002027754,354938660.0202776,0.0023726183959667,1.8616932690316064,-4.053471263983131
1979-03-05 11:16:00,-657247389.8145592,354700.08321917057,354700083.2191706,0.0023710236085544,1.8615629788602823,-3.976280018449567
1979-03-05 11:17:00,-657247329.8145592,354466.14968604344,354466149.68604344,0.0023694598594714,1.8614351593504397,-3.898892218785477
1979-03-05 11:18:00,-657247269.8145592,354236.8710126273,354236871.0126273,0.0023679272262036,1.861309820605338,-3.821311223602
1979-03-05 11:19:00,-657247209.8145592,354012.25859485974,354012258.5948597,0.0023664257849283,1.861186972565824,-3.743540296126351
1979-03-05 11:20:00,-657247149.8145592,353792.3236308555,353792323.6308555,0.0023649556105002,1.86106662500795,-3.665582733404396
1979-03-05 11:21:00,-657247089.8145592,353577.0771132554,353577077.1132554,0.0023635167764005,1.8609487875375261,-3.5874419600014034
1979-03-05 11:22:00,-657247029.8145592,353366.52983236854,353366529.8323685,0.0023621093547581,1.8608334695905957,-3.5091213481141796
1979-03-05 11:23:00,-657246969.8145592,353160.6923687331,353160692.3687331,0.0023607334162994,1.8607206804281278,-3.4306243939237904
1979-03-05 11:24:00,-657246909.8145592,352959.5750934303,352959575.0934303,0.0023593890303508,1.8606104291349728,-3.3519545883803707
1979-03-05 11:25:00,-657246849.8145592,352763.18816575705,352763188.16575706,0.0023580762648231,1.8605027246173862,-3.273115461220732
1979-03-05 11:26:00,-657246789.8145592,352571.5415319588,352571541.5319588,0.0023567951862028,1.8603975756011533,-3.1941105633042755
1979-03-05 11:27:00,-657246729.8145592,352384.6449193148,352384644.91931474,0.0023555458595127,1.860294990627178,-3.1149435440670157
1979-03-05 11:28:00,-657246669.8145592,352202.5078411139,352202507.8411139,0.0023543283483453,1.8601949780530684,-3.035617970014573
1979-03-05 11:29:00,-657246609.8145592,352025.1395873627,352025139.5873627,0.0023531427148004,1.8600975460469098,-2.9561375625198707
1979-03-05 11:30:00,-657246549.8145592,351852.5492223922,351852549.2223922,0.0023519890194693,1.8600027025848398,-2.8765060828416606
1979-03-05 11:31:00,-657246489.8145592,351684.74558979657,351684745.58979654,0.0023508673214678,1.8599104554526753,-2.7967272099272424
1979-03-05 11:32:00,-657246429.8145592,351521.7373051132,351521737.3051132,0.0023497776783871,1.859820812240826,-2.7168047447232917
1979-03-05 11:33:00,-657246369.8145592,351363.532754602,351363532.754602,0.0023487201462861,1.8597337803425789,-2.6367425085190916
1979-03-05 11:34:00,-657246309.8145592,351210.1400957341,351210140.0957341,0.002347694779694,1.8596493669533452,-2.5565443144655244
1979-03-05 11:35:00,-657246249.8145592,351061.5672541587,351061567.25415874,0.0023467016315905,1.8595675790679966,-2.476214026256154
1979-03-05 11:36:00,-657246189.8145592,350917.8219155839,350917821.9155839,0.0023457407533514,1.85948842347542,-2.395755642913476
1979-03-05 11:37:00,-657246129.8145592,350778.91153449926,350778911.5344993,0.0023448121948068,1.8594119067623696,-2.3151730180776213
1979-03-05 11:38:00,-657246069.8145592,350644.8433283057,350644843.3283058,0.0023439160042022,1.8593380353093116,-2.2344701032260974
1979-03-05 11:39:00,-657246009.8145592,350515.6242732021,350515624.2732021,0.0023430522281705,1.8592668152872602,-2.153650918393396
1979-03-05 11:40:00,-657245949.8145592,350391.2611025593,350391261.10255927,0.0023422209117215,1.8591982526560067,-2.0727195107135534
1979-03-05 11:41:00,-657245889.8145592,350271.76031218935,350271760.31218934,0.0023414220982771,1.8591323531661788,-1.991679839498829
1979-03-05 11:42:00,-657245829.8145592,350157.12814893405,350157128.14893407,0.0023406558295948,1.859069122352133,-1.910536054255014
1979-03-05 11:43:00,-657245769.8145592,350047.3706159156,350047370.61591566,0.002339922145803,1.8590085655340545,-1.829292216973651
1979-03-05 11:44:00,-657245709.8145592,349942.4934705031,349942493.4705031,0.0023392210853874,1.8589506878160782,-1.7479524235425439
1979-03-05 11:45:00,-657245649.8145592,349842.50221941626,349842502.21941626,0.002338552685158,1.858895494082852,-1.6665208514469365
1979-03-05 11:46:00,-657245589.8145592,349747.40212379,349747402.12379,0.0023379169802835,1.8588429890016278,-1.5850015937709638
1979-03-05 11:47:00,-657245529.8145592,349657.1981878713,349657198.18787134,0.0023373140042151,1.8587931770153479,-1.503398931978154
1979-03-05 11:48:00,-657245469.8145592,349571.89517053904,349571895.170539,0.0023367437887639,1.858746062348363,-1.4217169555379465
1979-03-05 11:49:00,-657245409.8145592,349491.49757089256,349491497.5708926,0.0023362063640047,1.8587016489978572,-1.3399599941078728
1979-03-05 11:50:00,-657245349.8145592,349416.00964240346,349416009.6424035,0.00233570175837,1.8586599407410873,-1.2581321414851119
1979-03-05 11:51:00,-657245289.8145592,349345.4353730518,349345435.37305176,0.0023352299985179,1.858620941123855,-1.1762378225277643
1979-03-05 11:52:00,-657245229.8145592,349279.77850338566,349279778.50338566,0.0023347911094525,1.8585846534699684,-1.094281161102117
1979-03-05 11:53:00,-657245169.8145592,349219.0425133804,349219042.5133804,0.0023343851144358,1.8585510808734937,-1.0122665000875712
1979-03-05 11:54:00,-657245109.8145592,349163.2306253158,349163230.6253158,0.0023340120350076,1.8585202261998914,-0.9301981344101174
1979-03-05 11:55:00,-657245049.8145592,349112.3458030416,349112345.8030416,0.0023336718909799,1.8584920920851904,-0.8480803712368167
1979-03-05 11:56:00,-657244989.8145592,349066.3907496334,349066390.74963343,0.0023333647004217,1.8584666809343016,-0.7659175568027422
1979-03-05 11:57:00,-657244929.8145592,349025.3679124855,349025367.9124855,0.0023330904796928,1.8584439949234814,-0.6837139524655261
1979-03-05 11:58:00,-657244869.8145592,348989.27947422606,348989279.47422606,0.0023328492433831,1.8584240359949877,-0.601473970990628
1979-03-05 11:59:00,-657244809.8145592,348958.12735677185,348958127.3567718,0.0023326410043399,1.8584068058590333,-0.5192019575702337
1979-03-05 12:00:00,-657244749.8145592,348931.9132240931,348931913.2240931,0.0023324657736862,1.8583923059950647,-0.43690221131255386
1979-03-05 12:01:00,-657244689.8145592,348910.6384766074,348910638.4766074,0.0023323235607831,1.8583805376484397,-0.35457912476170655
1979-03-05 12:02:00,-657244629.8145592,348894.3042483913,348894304.24839133,0.0023322143732116,1.8583715018287041,-0.2722371369348063
1979-03-05 12:03:00,-657244569.8145592,348882.9114182016,348882911.4182016,0.0023321382168456,1.8583651993155357,-0.18988050316208196
1979-03-05 12:04:00,-657244509.8145592,348876.46059616253,348876460.59616256,0.0023320950957637,1.858361630651266,-0.10751370065069447
1979-03-05 12:05:00,-657244449.8145592,348874.9521324933,348874952.1324933,0.0023320850123068,1.8583607961456279,-0.025141061153650904
1979-03-05 12:06:00,-657244389.8145592,348878.38611522294,348878386.11522293,0.0023321079670636,1.8583626958744444,0.057233045493679434
1979-03-05 12:07:00,-657244329.8145592,348886.76236665784,348886762.36665785,0.002332163958846,1.858367329677666,0.1396041905817886
1979-03-05 12:08:00,-657244269.8145592,348900.0804482593,348900080.4482593,0.0023322529847228,1.8583746971620894,0.2219680266910776
1979-03-05 12:09:00,-657244209.8145592,348918.33965765376,348918339.65765375,0.0023323750399988,1.8583847976997656,0.30432015657424927
1979-03-05 12:10:00,-657244149.8145592,348941.53903239395,348941539.03239393,0.0023325301182404,1.8583976304301701,0.3866562456697769
1979-03-05 12:11:00,-657244089.8145592,348969.6773439569,348969677.34395695,0.0023327182112355,1.8584131942570146,0.4689718593823879
1979-03-05 12:12:00,-657244029.8145592,349002.75310423103,349002753.104231,0.0023329393090367,1.8584314878519943,0.5512626712355996
1979-03-05 12:13:00,-657243969.8145592,349040.7645622964,349040764.5622964,0.0023331933999398,1.8584525096532052,0.6335243010893464
1979-03-05 12:14:00,-657243909.8145592,349083.70970691234,349083709.70691234,0.0023334804705005,1.8584762578667535,0.7157524102658499
1979-03-05 12:15:00,-657243849.8145592,349131.58626548864,349131586.2654886,0.0023338005055274,1.858502730466447,0.7979426429383845
1979-03-05 12:16:00,-657243789.8145592,349184.39170568244,349184391.70568246,0.0023341534880929,1.858531925194982,0.8800906698966476
1979-03-05 12:17:00,-657243729.8145592,349242.12323471,349242123.23471004,0.0023345393995284,1.858563839563894,0.9621921504595472
1979-03-05 12:18:00,-657243669.8145592,349304.7778021912,349304777.8021912,0.0023349582194433,1.8585984708554968,1.0442427913532204
1979-03-05 12:19:00,-657243609.8145592,349372.3520971379,349372352.09713787,0.0023354099257051,1.8586358161216183,1.1262382491113385
1979-03-05 12:20:00,-657243549.8145592,349444.8425541041,349444842.5541041,0.0023358944944802,1.8586758721874335,1.2081742827702935
1979-03-05 12:21:00,-657243489.8145592,349522.24534987216,349522245.3498722,0.0023364119002121,1.8587186356500964,1.2900465961341978
1979-03-05 12:22:00,-657243429.8145592,349604.5564031345,349604556.40313447,0.0023369621156187,1.8587641028790653,1.3718508877054167
1979-03-05 12:23:00,-657243369.8145592,349691.771382642,349691771.382642,0.0023375451117476,1.8588122700211336,1.4535829917915786
1979-03-05 12:24:00,-657243309.8145592,349783.8857000209,349783885.7000209,0.0023381608579273,1.8588631329970224,1.5352386229817057
1979-03-05 12:25:00,-657243249.8145592,349880.8945156975,349880894.5156975,0.0023388093218073,1.8589166875052483,1.6168135946102362
1979-03-05 12:26:00,-657243189.8145592,349982.7927387708,349982792.7387708,0.0023394904693571,1.8589729290226762,1.6983037178879992
1979-03-05 12:27:00,-657243129.8145592,350089.575027675,350089575.02767503,0.0023402042648704,1.85903185280554,1.7797048150707269
1979-03-05 12:28:00,-657243069.8145592,350201.2357912521,350201235.79125214,0.0023409506709726,1.8590934538907193,1.861012726284874
1979-03-05 12:29:00,-657243009.8145592,350317.7691914581,350317769.1914581,0.002341729648639,1.8591577270979487,1.942223336766862
1979-03-05 12:30:00,-657242949.8145592,350439.1691457387,350439169.1457387,0.00234254115721,1.8592246670318695,2.023332571343053
1979-03-05 12:31:00,-657242889.8145592,350565.42932332,350565429.32332,0.0023433851543671,1.8592942680807585,2.1043362930213334
1979-03-05 12:32:00,-657242829.8145592,350696.5431536785,350696543.1536785,0.0023442615961891,1.8593665244219986,2.185230505974808
1979-03-05 12:33:00,-657242769.8145592,350832.5038211698,350832503.8211698,0.0023451704371161,1.8594414300199442,2.2660111248551402
1979-03-05 12:34:00,-657242709.8145592,350973.3042715376,350973304.2715376,0.0023461116299935,1.8595189786303679,2.3466741727965807
1979-03-05 12:35:00,-657242649.8145592,351118.9372136355,351118937.2136355,0.0023470851260828,1.8595991638022864,2.427215701631697
1979-03-05 12:36:00,-657242589.8145592,351269.3951156078,351269395.1156078,0.0023480908750368,1.8596819788767678,2.5076316995391
1979-03-05 12:37:00,-657242529.8145592,351424.6702150107,351424670.2150107,0.0023491288249666,1.8597674169934366,2.5879183233812606
1979-03-05 12:38:00,-657242469.8145592,351584.7545115189,351584754.51151896,0.0023501989223936,1.859855471087418,2.6680716084704423
1979-03-05 12:39:00,-657242409.8145592,351749.63977611874,351749639.7761188,0.00235130111231,1.8599461338953782,2.7480877433302036
1979-03-05 12:40:00,-657242349.8145592,351919.31754968053,351919317.54968053,0.00235243533817,1.8600393979557455,2.8279628926965716
1979-03-05 12:41:00,-657242289.8145592,352093.7791463141,352093779.1463141,0.0023536015419122,1.8601352556115842,2.9076932772256745
1979-03-05 12:42:00,-657242229.8145592,352273.01565137174,352273015.6513717,0.0023547996639458,1.860233699010547,2.987275084294379
1979-03-05 12:43:00,-657242169.8145592,352457.0179288622,352457017.9288622,0.0023560296432004,1.8603347201100249,3.0667046248408343
1979-03-05 12:44:00,-657242109.8145592,352645.77662118245,352645776.62118244,0.0023572914171243,1.860438310678089,3.1459782053376935
1979-03-05 12:45:00,-657242049.8145592,352839.2821505879,352839282.15058786,0.0023585849216942,1.860544462295416,3.2250921567572126
1979-03-05 12:46:00,-657241989.8145592,353037.524722009,353037524.722009,0.0023599100914342,1.860653166357965,3.3040428570190365
1979-03-05 12:47:00,-657241929.8145592,353240.4943248864,353240494.32488644,0.0023612668594278,1.860764414079138,3.3828267146231763
1979-03-05 12:48:00,-657241869.8145592,353448.18073596933,353448180.7359693,0.0023626551573368,1.8608781964924859,3.4614401847153204
1979-03-05 12:49:00,-657241809.8145592,353660.5735212249,353660573.5212249,0.002364074915414,1.8609945044539424,3.5398797542594065
1979-03-05 12:50:00,-657241749.8145592,353877.66203766986,353877662.03766984,0.0023655260625154,1.8611133286440336,3.618141940749289
1979-03-05 12:51:00,-657241689.8145592,354099.4354368142,354099435.4368142,0.0023670085261234,1.8612346595709863,3.696223319072548
1979-03-05 12:52:00,-657241629.8145592,354325.8826664283,354325882.66642827,0.0023685222323584,1.8613584875729288,3.774120493567898
1979-03-05 12:53:00,-657241569.8145592,354556.9924721242,354556992.4721242,0.0023700671059893,1.8614848028200115,3.8518300949324233
1979-03-05 12:54:00,-657241509.8145592,354792.75340188533,354792753.40188533,0.0023716430704644,1.8616135953181452,3.9293488293517536
1979-03-05 12:55:00,-657241449.8145592,355033.1538054872,355033153.8054872,0.0023732500479065,1.8617448549099678,4.006673393364569
1979-03-05 12:56:00,-657241389.8145592,355278.1818400615,355278181.8400615,0.002374887959151,1.8618785712791712,4.083800576238233
1979-03-05 12:57:00,-657241329.8145592,355527.8254708151,355527825.4708151,0.0023765567237503,1.8620147339521984,4.160727179227009
1979-03-05 12:58:00,-657241269.8145592,355782.0724742532,355782072.4742532,0.0023782562599953,1.8621533323013162,4.237450057301127
1979-03-05 12:59:00,-657241209.8145592,356040.91043987585,356040910.43987584,0.0023799864849271,1.8622943555468647,4.313966093711012
1979-03-05 13:00:00,-657241149.8145592,356304.3267742927,356304326.7742927,0.0023817473143639,1.8624377927608342,4.390272240280562
1979-03-05 13:01:00,-657241089.8145592,356572.30870178173,356572308.70178175,0.0023835386629054,1.8625836328685117,4.466365458150782
1979-03-05 13:02:00,-657241029.8145592,356844.8432700552,356844843.2700552,0.0023853604439709,1.862731864652973,4.542242804557706
1979-03-05 13:03:00,-657240969.8145592,357121.917348236,357121917.348236,0.0023872125697858,1.862882476755337,4.617901303013786
1979-03-05 13:04:00,-657240909.8145592,357403.51763474336,357403517.63474333,0.0023890949514346,1.863035457680421,4.693338108455646
1979-03-05 13:05:00,-657240849.8145592,357689.6306573115,357689630.6573116,0.0023910074988608,1.8631907957981217,4.768550376136166
1979-03-05 13:06:00,-657240789.8145592,357980.2427743676,357980242.77436763,0.002392950120876,1.863348479345538,4.843535284268243
1979-03-05 13:07:00,-657240729.8145592,358275.3401805229,358275340.18052286,0.002394922725197,1.863508496431334,4.918290102587586
1979-03-05 13:08:00,-657240669.8145592,358574.90890882805,358574908.908828,0.0023969252184605,1.863670835038347,4.992812138419443
1979-03-05 13:09:00,-657240609.8145592,358878.93483107624,358878934.83107626,0.0023989575062252,1.8638354830251382,5.067098704136637
1979-03-05 13:10:00,-657240549.8145592,359187.40366430953,359187403.6643095,0.0024010194930154,1.864002428130908,5.1411472205548
1979-03-05 13:11:00,-657240489.8145592,359500.30097017647,359500300.97017646,0.0024031110823168,1.864171657976542,5.21495509778227
1979-03-05 13:12:00,-657240429.8145592,359817.61216075026,359817612.16075027,0.0024052321766151,1.864343160069148,5.288519842896494
1979-03-05 13:13:00,-657240369.8145592,360139.3224983294,360139322.4983294,0.0024073826773948,1.8645169218033453,5.361838959652232
1979-03-05 13:14:00,-657240309.8145592,360465.4171011635,360465417.10116345,0.0024095624851775,1.8646929304657487,5.434910047234735
1979-03-05 13:15:00,-657240249.8145592,360795.8809451141,360795880.9451141,0.0024117714995332,1.8648711732372583,5.5077307325108755
1979-03-05 13:16:00,-657240189.8145592,361130.6988646138,361130698.8646138,0.0024140096190862,1.8650516371949675,5.580298658327471
1979-03-05 13:17:00,-657240129.8145592,361469.85555934726,361469855.5593473,0.0024162767415602,1.8652343093171546,5.652611578891325
1979-03-05 13:18:00,-657240069.8145592,361813.3355938728,361813335.5938729,0.0024185727637757,1.8654191764844612,5.72466724209274
1979-03-05 13:19:00,-657240009.8145592,362161.1234019473,362161123.4019473,0.0024208975816789,1.8656062254836057,5.796463467908325
1979-03-05 13:20:00,-657239949.8145592,362513.2032900101,362513203.2900101,0.0024232510903646,1.8657954430106343,5.867998134379741
1979-03-05 13:21:00,-657239889.8145592,362869.5594365702,362869559.4365702,0.0024256331840729,1.865986815671965,5.939269109335146
1979-03-05 13:22:00,-657239829.8145592,363230.1759005124,363230175.9005124,0.0024280437562438,1.8661803299902195,6.010274399036037
1979-03-05 13:23:00,-657239769.8145592,363595.0366198218,363595036.6198218,0.0024304826995095,1.8663759724048978,6.081011988490355
1979-03-05 13:24:00,-657239709.8145592,363964.1254158272,363964125.4158272,0.0024329499057223,1.8665737292760114,6.151479933423494
1979-03-05 13:25:00,-657239649.8145592,364337.425996312,364337425.996312,0.0024354452659753,1.8667735868871,6.22167634141321
1979-03-05 13:26:00,-657239589.8145592,364714.9219582277,364714921.9582276,0.0024379686706211,1.8669755314480252,6.2915993652616935
1979-03-05 13:27:00,-657239529.8145592,365096.59678986337,365096596.78986335,0.0024405200092855,1.8671795490974656,6.361247193927799
1979-03-05 13:28:00,-657239469.8145592,365482.4338747325,365482433.8747325,0.0024430991708943,1.8673856259063197,6.430618081152594
1979-03-05 13:29:00,-657239409.8145592,365872.41649381054,365872416.4938105,0.0024457060436877,1.8675937478802185,6.499710317966916
1979-03-05 13:30:00,-657239349.8145592,366266.5278284565,366266527.8284565,0.00244834051524,1.86780390096239,6.568522244099101
1979-03-05 13:31:00,-657239289.8145592,366664.7509634886,366664750.9634886,0.0024510024724803,1.8680160710365963,6.63705225053515
1979-03-05 13:32:00,-657239229.8145592,367067.0688897348,367067068.8897348,0.0024536918017091,1.8682302439297809,6.70529877077012
1979-03-05 13:33:00,-657239169.8145592,367473.4645078512,367473464.5078512,0.0024564083886245,1.8684464054153753,6.7732603019404145
1979-03-05 13:34:00,-657239109.8145592,367883.9206283987,367883920.6283987,0.0024591521183222,1.8686645412146046,6.840935342458154
1979-03-05 13:35:00,-657239049.8145592,368298.4199785605,368298419.9785605,0.0024619228753405,1.868884637001311,6.908322502695955
1979-03-05 13:36:00,-657238989.8145592,368716.9452021741,368716945.20217407,0.0024647205436606,1.8691066784032093,6.975420393560004
1979-03-05 13:37:00,-657238929.8145592,369139.4788633047,369139478.86330473,0.0024675450067305,1.869330651005013,7.042227685510685
1979-03-05 13:38:00,-657238869.8145592,369566.00344846817,369566003.44846815,0.0024703961474798,1.8695565403508254,7.10874308605756
1979-03-05 13:39:00,-657238809.8145592,369996.5013712168,369996501.3712168,0.0024732738483504,1.869784331947773,7.1749653791436385
1979-03-05 13:40:00,-657238749.8145592,370430.954972074,370430954.972074,0.0024761779912959,1.870014011267155,7.2408933476205375
1979-03-05 13:41:00,-657238689.8145592,370869.3465246412,370869346.5246412,0.0024791084578227,1.8702455637488504,7.306525876119849
1979-03-05 13:42:00,-657238629.8145592,371311.6582348983,371311658.2348983,0.0024820651289851,1.8704789748021033,7.371861837618053
1979-03-05 13:43:00,-657238569.8145592,371757.8722458616,371757872.2458617,0.0024850478854166,1.8707142298091326,7.436900182722214
1979-03-05 13:44:00,-657238509.8145592,372207.9706411783,372207970.6411783,0.0024880566073536,1.8709513141281504,7.501639921944783
1979-03-05 13:45:00,-657238449.8145592,372661.93544445885,372661935.4444589,0.0024910911746316,1.8711902130941307,7.5660800546756946
1979-03-05 13:46:00,-657238389.8145592,373119.7486257835,373119748.6257835,0.0024941514667279,1.8714309120233308,7.630219688743819
1979-03-05 13:47:00,-657238329.8145592,373581.3921012789,373581392.1012789,0.0024972373627593,1.871673396214154,7.694057924923254
1979-03-05 13:48:00,-657238269.8145592,374046.8477400329,374046847.7400329,0.0025003487415281,1.8719176509518478,7.757593979233449
1979-03-05 13:49:00,-657238209.8145592,374516.0973583725,374516097.3583725,0.002503485481484,1.8721636615065518,7.8208269723273895
1979-03-05 13:50:00,-657238149.8145592,374989.1227335958,374989122.7335958,0.0025066474608157,1.872411413141538,7.883756253720882
1979-03-05 13:51:00,-657238089.8145592,375465.9055969367,375465905.59693664,0.0025098345574041,1.8726608911105374,7.946381055682044
1979-03-05 13:52:00,-657238029.8145592,375946.4276417354,375946427.6417354,0.0025130466488767,1.872912080663021,8.008700746645141
1979-03-05 13:53:00,-657237969.8145592,376430.6705232079,376430670.5232079,0.0025162836126063,1.8731649670450645,8.07071469120856
1979-03-05 13:54:00,-657237909.8145592,376918.6158626752,376918615.8626753,0.0025195453257388,1.8734195355025232,8.132422324454334
1979-03-05 13:55:00,-657237849.8145592,377410.2452489152,377410245.2489152,0.002522831665203,1.8736757712826868,8.193823104000574
1979-03-05 13:56:00,-657237789.8145592,377905.5402416602,377905540.2416602,0.0025261425077333,1.873933659637038,8.254916545749682
1979-03-05 13:57:00,-657237729.8145592,378404.48237239226,378404482.3723922,0.0025294777298751,1.874193185822578,8.31570217886765
1979-03-05 13:58:00,-657237669.8145592,378907.0531488656,378907053.1488656,0.0025328372080155,1.8744543351050797,8.376179607888723
1979-03-05 13:59:00,-657237609.8145592,379413.2340561085,379413234.0561085,0.0025362208183896,1.874717092760485,8.436348454048858
1979-03-05 14:00:00,-657237549.8145592,379923.0065588992,379923006.5588992,0.0025396284370971,1.874981444077054,8.496208379844514
1979-03-05 14:01:00,-657237489.8145592,380436.3521048426,380436352.1048426,0.0025430599401228,1.8752473743578033,8.555759099056983
1979-03-05 14:02:00,-657237429.8145592,380953.25212627737,380953252.1262774,0.0025465152033495,1.8755148689223173,8.615000357246027
1979-03-05 14:03:00,-657237369.8145592,381473.6880424043,381473688.0424043,0.0025499941025725,1.8757839131086607,8.673931935448975
1979-03-05 14:04:00,-657237309.8145592,381997.641262073,381997641.262073,0.0025534965135173,1.8760544922756044,8.732553661145115
1979-03-05 14:05:00,-657237249.8145592,382525.0931853943,382525093.1853942,0.0025570223118516,1.876326591804232,8.790865388688205
1979-03-05 14:06:00,-657237189.8145592,383056.0252066808,383056025.2066808,0.0025605713732039,1.8766001971002069,8.848867021441887
1979-03-05 14:07:00,-657237129.8145592,383590.4187168412,383590418.7168412,0.0025641435731801,1.8768752935957416,8.906558502673095
1979-03-05 14:08:00,-657237069.8145592,384128.25510414975,384128255.10414976,0.0025677387873686,1.877151866750709,8.963939788475788
1979-03-05 14:09:00,-657237009.8145592,384669.5157582766,384669515.75827664,0.002571356891367,1.8774299020554122,9.0210109021146
1979-03-05 14:10:00,-657236949.8145592,385214.1820715168,385214182.0715168,0.0025749977607904,1.8777093850318956,9.07777188733647
1979-03-05 14:11:00,-657236889.8145592,385762.23544095055,385762235.4409506,0.002578661271286,1.8779903012357118,9.134222823895591
1979-03-05 14:12:00,-657236829.8145592,386313.65727006696,386313657.270067,0.0025823472985439,1.878272636257399,9.190363818606905
1979-03-05 14:13:00,-657236769.8145592,386868.4289726859,386868428.9726859,0.002586055718323,1.8785563757251118,9.24619504364867
1979-03-05 14:14:00,-657236709.8145592,387426.5319728318,387426531.9728318,0.0025897864064507,1.878841505305162,9.301716669098823
1979-03-05 14:15:00,-657236649.8145592,387987.94770783,387987947.70783,0.0025935392388431,1.879128010704188,9.356928916636388
1979-03-05 14:16:00,-657236589.8145592,388552.6576305849,388552657.6305849,0.0025973140915205,1.8794158776708898,9.411832045915071
1979-03-05 14:17:00,-657236529.8145592,389120.6432111716,389120643.2111716,0.0026011108406182,1.8797050919973863,9.466426343111864
1979-03-05 14:18:00,-657236469.8145592,389691.885938732,389691885.938732,0.0026049293623985,1.8799956395207194,9.520712126006645
1979-03-05 14:19:00,-657236409.8145592,390266.3673235728,390266367.3235728,0.0026087695332656,1.8802875061244324,9.574689747346564
1979-03-05 14:20:00,-657236349.8145592,390844.0688989784,390844068.8989784,0.0026126312297771,1.8805806777399918,9.628359590093412
1979-03-05 14:21:00,-657236289.8145592,391424.9722233216,391424972.2233216,0.0026165143286582,1.8808751403483375,9.681722072386766
1979-03-05 14:22:00,-657236229.8145592,392009.0588815399,392009058.8815398,0.0026204187068121,1.8811708799810924,9.734777636971558
1979-03-05 14:23:00,-657236169.8145592,392596.3104873908,392596310.4873908,0.0026243442413341,1.8814678827221512,9.787526764181287
1979-03-05 14:24:00,-657236109.8145592,393186.7086846864,393186708.6846864,0.0026282908095207,1.8817661347087307,9.839969954926831
1979-03-05 14:25:00,-657236049.8145592,393780.2351509924,393780235.15099233,0.0026322582888941,1.8820656221336494,9.8921077717668
1979-03-05 14:26:00,-657235989.8145592,394376.8715939541,394376871.5939541,0.0026362465571774,1.8823663312438674,9.943940716028253
1979-03-05 14:27:00,-657235929.8145592,394976.5997602598,394976599.7602598,0.0026402554923548,1.8826682483453823,9.995469438428215
1979-03-05 14:28:00,-657235869.8145592,395579.4014320349,395579401.4320349,0.0026442849726472,1.8829713598017723,10.046694529585269
1979-03-05 14:29:00,-657235809.8145592,396185.2584305978,396185258.4305978,0.0026483348765377,1.8832756520364293,10.097616642714517
1979-03-05 14:30:00,-657235749.8145592,396794.1526170547,396794152.6170547,0.0026524050827753,1.8835811115331837,10.148236440948676
1979-03-05 14:31:00,-657235689.8145592,397406.0658937136,397406065.89371353,0.0026564954703844,1.883887724837329,10.198554610981954
1979-03-05 14:32:00,-657235629.8145592,398020.980206264,398020980.206264,0.0026606059186794,1.884195478557008,10.248571875839843
1979-03-05 14:33:00,-657235569.8145592,398638.8775438788,398638877.5438788,0.0026647363072653,1.884504359363546,10.298288960246525
1979-03-05 14:34:00,-657235509.8145592,399259.7399422721,399259739.94227207,0.0026688865160583,1.8848143539932454,10.347706639887958
1979-03-05 14:35:00,-657235449.8145592,399883.5494817273,399883549.4817273,0.0026730564252725,1.8851254492466527,10.396825657587033
1979-03-05 14:36:00,-657235389.8145592,400510.2882911471,400510288.2911471,0.002677245915447,1.8854376319908168,10.445646823663264
1979-03-05 14:37:00,-657235329.8145592,401139.9385462519,401139938.5462519,0.0026814548674338,1.8857508891586159,10.494170918413632
1979-03-05 14:38:00,-657235269.8145592,401772.4824719733,401772482.47197336,0.0026856831624139,1.886065207750161,10.542398762022883
1979-03-05 14:39:00,-657235209.8145592,402407.9023431298,402407902.3431298,0.0026899306819019,1.886380574833329,10.590331185941857
1979-03-05 14:40:00,-657235149.8145592,403046.18048188905,403046180.48188907,0.0026941973077287,1.8866969775426914,10.637968979320915
1979-03-05 14:41:00,-657235089.8145592,403687.2992618848,403687299.2618848,0.0026984829220693,1.8870144030817335,10.685312999929495
1979-03-05 14:42:00,-657235029.8145592,404331.2411037354,404331241.1037354,0.0027027874074128,1.8873328387207997,10.73236403084302
1979-03-05 14:43:00,-657234969.8145592,404977.9884790148,404977988.4790148,0.002707110646589,1.8876522717992177,10.7791229213229
1979-03-05 14:44:00,-657234909.8145592,405627.5239040617,405627523.9040617,0.0027114525227267,1.8879726897223874,10.825590417448742
1979-03-05 14:45:00,-657234849.8145592,406279.829943848,406279829.943848,0.00271581291928,1.8882940799638368,10.871767329771926
1979-03-05 14:46:00,-657234789.8145592,406934.8892074642,406934889.20746416,0.0027201917199979,1.888616430063131,10.917654393602668
1979-03-05 14:47:00,-657234729.8145592,407592.68434587086,407592684.34587085,0.0027245888089092,1.8889397276249005,10.963252306778061
1979-03-05 14:48:00,-657234669.8145592,408253.19805091165,408253198.05091166,0.002729004070316,1.8892639603184904,11.008561750679897
1979-03-05 14:49:00,-657234609.8145592,408916.4130512903,408916413.05129033,0.0027334373887668,1.8895891158761107,11.05358333964444
1979-03-05 14:50:00,-657234549.8145592,409582.3121077122,409582312.1077122,0.0027378886490241,1.889915182090589,11.098317607031397
1979-03-05 14:51:00,-657234489.8145592,410250.878011334,410250878.011334,0.0027423577360538,1.8902421468147486,11.142765060363066
1979-03-05 14:52:00,-657234429.8145592,410922.093575573,410922093.575573,0.0027468445349708,1.8905699979575363,11.186926070650225
1979-03-05 14:53:00,-657234369.8145592,411595.9416317686,411595941.6317686,0.0027513489310096,1.890898723482058,11.230800936593248
1979-03-05 14:54:00,-657234309.8145592,412272.40502321406,412272405.0232141,0.0027558708094848,1.8912283114028219,11.274389857424346
1979-03-05 14:55:00,-657234249.8145592,412951.4665991393,412951466.5991393,0.0027604100557504,1.8915587497829753,11.317692932087812
1979-03-05 14:56:00,-657234189.8145592,413633.1092033716,413633109.2033717,0.0027649665551247,1.8918900267289704,11.360710070538335
1979-03-05 14:57:00,-657234129.8145592,414317.3156713077,414317315.6713077,0.0027695401928692,1.8922221303892917,11.40344113226747
1979-03-05 14:58:00,-657234069.8145592,415004.0688151948,415004068.8151949,0.002774130854091,1.8925550489475282,11.445885731452533
1979-03-05 14:59:00,-657234009.8145592,415693.3514216745,415693351.4216745,0.0027787384237259,1.892888770621424,11.48804344132756
1979-03-05 15:00:00,-657233949.8145592,416385.146240985,416385146.240985,0.0027833627864663,1.8932232836578957,11.529913655175672
1979-03-05 15:01:00,-657233889.8145592,417079.435975342,417079435.975342,0.0027880038266837,1.893558576327693,11.571495572616307
1979-03-05 15:02:00,-657233829.8145592,417776.2032785588,417776203.2785588,0.002792661428426,1.8938946369255059,11.612788386946583
1979-03-05 15:03:00,-657233769.8145592,418475.4307432196,418475430.7432196,0.0027973354753318,1.8942314537640779,11.65379107768046
1979-03-05 15:04:00,-657233709.8145592,419177.1009015754,419177100.9015754,0.0028020258506364,1.8945690151749564,11.694502639263131
1979-03-05 15:05:00,-657233649.8145592,419881.1962173354,419881196.21733546,0.002806732437117,1.8949073095048612,11.734921929333359
1979-03-05 15:06:00,-657233589.8145592,420587.69909578987,420587699.09578985,0.0028114551171602,1.8952463251208658,11.775047974240927
1979-03-05 15:07:00,-657233529.8145592,421296.5918746117,421296591.8746117,0.0028161937727006,1.8955860504062838,11.814879647030223
1979-03-05 15:08:00,-657233469.8145592,422007.8568431762,422007856.84317625,0.00282094828535,1.895926473770221,11.854416142741684
1979-03-05 15:09:00,-657233409.8145592,422721.4762439487,422721476.2439487,0.0028257185364066,1.8962675836484835,11.893656679541648
1979-03-05 15:10:00,-657233349.8145592,423437.43229336495,423437432.29336494,0.0028305044069946,1.8966093685137737,11.93260082360454
1979-03-05 15:11:00,-657233289.8145592,424155.707197312,424155707.19731206,0.0028353057781678,1.8969518168832296,11.97124839911703
1979-03-05 15:12:00,-657233229.8145592,424876.2831717261,424876283.1717261,0.002840122531047,1.8972949173283333,12.009599573568751
1979-03-05 15:13:00,-657233169.8145592,425599.14246776665,425599142.4677666,0.0028449545469885,1.8976386584869147,12.047654934009188
1979-03-05 15:14:00,-657233109.8145592,426324.2673989735,426324267.3989735,0.0028498017077657,1.8979830290759938,12.085415520114475
1979-03-05 15:15:00,-657233049.8145592,427051.6403617898,427051640.36178976,0.002854663895706,1.8983280179013713,12.122882713604486
1979-03-05 15:16:00,-657232989.8145592,427781.2438710605,427781243.8710605,0.0028595409939284,1.898673613874226,12.160058487845042
1979-03-05 15:17:00,-657232929.8145592,428513.0605750957,428513060.57509565,0.0028644328864441,1.8990198060179158,12.196945067253546
1979-03-05 15:18:00,-657232869.8145592,429247.0732855774,429247073.2855774,0.0028693394583561,1.8993665834817208,12.233545174695125
1979-03-05 15:19:00,-657232809.8145592,429983.264992662,429983264.992662,0.0028742605959608,1.8997139355474921,12.269861784743261
1979-03-05 15:20:00,-657232749.8145592,430721.6188844576,430721618.8844577,0.0028791961868776,1.9000618516383,12.305898196593626
1979-03-05 15:21:00,-657232689.8145592,431462.11835522216,431462118.35522217,0.0028841461201039,1.900410321321695,12.341657846075638
1979-03-05 15:22:00,-657232629.8145592,432204.7470205225,432204747.0205225,0.0028891102861166,1.9007593343162092,12.377144421671982
1979-03-05 15:23:00,-657232569.8145592,432949.48838812136,432949488.38812137,0.0028940885746719,1.9011088803363136,12.412356126647985
1979-03-05 15:24:00,-657232509.8145592,433696.3268366939,433696326.83669394,0.0028990808813476,1.901458949551212,12.447307476209243
1979-03-05 15:25:00,-657232449.8145592,434445.2466479267,434445246.6479267,0.0029040871010734,1.9018095321293629,12.481996853879537
1979-03-05 15:26:00,-657232389.8145592,435196.2323103198,435196232.3103198,0.0029091071301613,1.9021606183807063,12.516427706551621
1979-03-05 15:27:00,-657232329.8145592,435949.2685204814,435949268.5204814,0.0029141408663143,1.9025121987566245,12.550603502693896
1979-03-05 15:28:00,-657232269.8145592,436704.3401712762,436704340.1712763,0.0029191882085476,1.902864263843766,12.58452751324609
1979-03-05 15:29:00,-657232209.8145592,437461.4323444392,437461432.3444392,0.0029242490571387,1.9032168043599855,12.618202886050373
1979-03-05 15:30:00,-657232149.8145592,438220.530293948,438220530.293948,0.0029293233135165,1.9035698111460184,12.651632491813507
1979-03-05 15:31:00,-657232089.8145592,438981.6194426786,438981619.4426786,0.002934410880239,1.9039232751633726,12.68481914550939
1979-03-05 15:32:00,-657232029.8145592,439744.6853685567,439744685.3685567,0.0029395116609006,1.904277187487365,12.717765431302057
1979-03-05 15:33:00,-657231969.8145592,440509.7137914943,440509713.7914943,0.0029446255600447,1.9046315393005666,12.750473715626867
1979-03-05 15:34:00,-657231909.8145592,441276.6905694349,441276690.5694349,0.0029497524831376,1.9049863218905072,12.782946299009685
1979-03-05 15:35:00,-657231849.8145592,442045.6016826053,442045601.68260527,0.0029548923364629,1.9053415266419416,12.815185219506384
1979-03-05 15:36:00,-657231789.8145592,442816.43323070026,442816433.23070025,0.0029600450271027,1.905697145035141,12.847192468249705
1979-03-05 15:37:00,-657231729.8145592,443589.17142022063,443589171.4202206,0.0029652104628533,1.906053168639651,12.878969825339542
1979-03-05 15:38:00,-657231669.8145592,444363.8025626602,444363802.5626602,0.0029703885522125,1.9064095891130874,12.910519040659226
1979-03-05 15:39:00,-657231609.8145592,445140.31306540815,445140313.0654082,0.0029755792043195,1.9067663981965897,12.941841712465976
1979-03-05 15:40:00,-657231549.8145592,445918.6894257172,445918689.4257172,0.0029807823289139,1.9071235877117103,12.972939338484624
1979-03-05 15:41:00,-657231489.8145592,446698.9182317503,446698918.2317503,0.0029859978363432,1.9074811495605664,13.003813433884837
1979-03-05 15:42:00,-657231429.8145592,447480.9861495908,447480986.14959073,0.0029912256374755,1.9078390757195651,13.034465297341619
1979-03-05 15:43:00,-657231369.8145592,448264.8799292308,448264879.9292308,0.0029964656437401,1.9081973582418439,13.064896327332827
1979-03-05 15:44:00,-657231309.8145592,449050.5863946344,449050586.3946344,0.0030017177670606,1.9085559892524215,13.095107756726794
1979-03-05 15:45:00,-657231249.8145592,449838.09244622337,449838092.4462234,0.0030069819198718,1.9089149609490423,13.125100859816303
1979-03-05 15:46:00,-657231189.8145592,450627.3850556105,450627385.0556105,0.0030122580150842,1.9092742655994817,13.154876823118927
1979-03-05 15:47:00,-657231129.8145592,451418.4512648301,451418451.26483005,0.0030175459660792,1.9096338955409144,13.184436820326178
1979-03-05 15:48:00,-657231069.8145592,452211.27818753984,452211278.1875398,0.0030228456867169,1.9099938431801766,13.21378204516271
1979-03-05 15:49:00,-657231009.8145592,453005.8530026522,453005853.00265217,0.0030281570912937,1.910354100990591,13.24291358520568
1979-03-05 15:50:00,-657230949.8145592,453802.16295848245,453802162.9584824,0.0030334800945698,1.9107146615135733,13.271832597171306
1979-03-05 15:51:00,-657230889.8145592,454600.1953721586,454600195.3721586,0.0030388146117654,1.9110755173580798,13.300540227935805
1979-03-05 15:52:00,-657230829.8145592,455399.9376223692,455399937.6223692,0.0030441605585123,1.9114366611970504,13.329037503510092
1979-03-05 15:53:00,-657230769.8145592,456201.3771590343,456201377.1590343,0.0030495178509184,1.9117980857715016,13.35732561108501
1979-03-05 15:54:00,-657230709.8145592,457004.501494089,457004501.494089,0.003054886405506,1.912159783886084,13.38540558424526
1979-03-05 15:55:00,-657230649.8145592,457809.2982076287,457809298.2076287,0.0030602661392534,1.9125217484115735,13.413278558994838
1979-03-05 15:56:00,-657230589.8145592,458615.75494427193,458615754.9442719,0.0030656569695699,1.9128839722829527,13.440945610720275
1979-03-05 15:57:00,-657230529.8145592,459423.859413358,459423859.413358,0.0030710588142974,1.9132464484992167,13.468407818100726
1979-03-05 15:58:00,-657230469.8145592,460233.5993897163,460233599.38971627,0.0030764715917157,1.91360917012344,13.495666272638482
1979-03-05 15:59:00,-657230409.8145592,461044.9627170532,461044962.7170532,0.0030818952205651,1.9139721302840025,13.52272212228175
1979-03-05 16:00:00,-657230349.8145592,461857.9372997916,461857937.2997916,0.0030873296199916,1.9143353221706543,13.549576378973628
1979-03-05 16:01:00,-657230289.8145592,462672.5111134625,462672511.1134625,0.0030927747096166,1.914698739038873,13.576230227848281
1979-03-05 16:02:00,-657230229.8145592,463488.67219217593,463488672.1921759,0.0030982304094531,1.9150623742039827,13.60268464522378
1979-03-05 16:03:00,-657230169.8145592,464306.40864244784,464306408.6424478,0.003103696639998,1.9154262210470328,13.62894083786523
1979-03-05 16:04:00,-657230109.8145592,465125.7086340925,465125708.6340925,0.0031091733221714,1.9157902730104452,13.654999860743798
1979-03-05 16:05:00,-657230049.8145592,465946.5604042678,465946560.4042678,0.0031146603773436,1.9161545235995234,13.680862836255498
1979-03-05 16:06:00,-657229989.8145592,466768.9522554313,466768952.25543135,0.0031201577273213,1.9165189663812507,13.706530852724487
1979-03-05 16:07:00,-657229929.8145592,467592.8725560095,467592872.55600953,0.0031256652943524,1.916883594984297,13.732005009637215
1979-03-05 16:08:00,-657229869.8145592,468418.3097419152,468418309.7419152,0.0031311830011355,1.917248403099392,13.757286431761653
1979-03-05 16:09:00,-657229809.8145592,469245.25231424096,469245252.314241,0.0031367107708053,1.9176133844780117,13.782376205429319
1979-03-05 16:10:00,-657229749.8145592,470073.6888431406,470073688.8431406,0.003142248526958,1.9179785329337946,13.807275481660811
1979-03-05 16:11:00,-657229689.8145592,470903.6079620157,470903607.96201575,0.0031477961936126,1.9183438423396804,13.83198531458523
1979-03-05 16:12:00,-657229629.8145592,471734.99837370304,471734998.3737031,0.0031533536952521,1.9187093066303407,13.856506861455273
1979-03-05 16:13:00,-657229569.8145592,472567.8488463171,472567848.8463171,0.0031589209567961,1.9190749198000474,13.880841210234212
1979-03-05 16:14:00,-657229509.8145592,473402.14821577177,473402148.2157718,0.0031644979036173,1.9194406759034848,13.904989490911248
1979-03-05 16:15:00,-657229449.8145592,474237.88538372,474237885.38372,0.0031700844615278,1.9198065690545454,13.928952799136944
1979-03-05 16:16:00,-657229389.8145592,475075.0493172457,475075049.3172457,0.0031756805567771,1.9201725934259002,13.952732225428917
1979-03-05 16:17:00,-657229329.8145592,475913.6290540107,475913629.0540107,0.0031812861160864,1.9205387432509462,13.976328946082504
1979-03-05 16:18:00,-657229269.8145592,476753.6136942175,476753613.69421744,0.0031869010665953,1.9209050128199974,13.99974400344751
1979-03-05 16:19:00,-657229209.8145592,477594.9924088092,477594992.4088092,0.0031925253359158,1.921271396483563,14.02297857652787
1979-03-05 16:20:00,-657229149.8145592,478437.75443153945,478437754.4315395,0.0031981588520801,1.9216378886485912,14.046033712170901
1979-03-05 16:21:00,-657229089.8145592,479281.8890631893,479281889.0631893,0.0032038015435682,1.9220044837800112,14.068910527497064
1979-03-05 16:22:00,-657229029.8145592,480127.38567467977,480127385.67467976,0.0032094533393293,1.922371176401782,14.091610191508273
1979-03-05 16:23:00,-657228969.8145592,480974.23369712615,480974233.69712615,0.0032151141687147,1.9227379610922766,14.114133707439759
1979-03-05 16:24:00,-657228909.8145592,481822.4226336547,481822422.6336547,0.0032207839615571,1.9231048324891133,14.136482275476252
1979-03-05 16:25:00,-657228849.8145592,482671.9420502943,482671942.0502944,0.0032264626481096,1.923471785284906,14.158656943993021
1979-03-05 16:26:00,-657228789.8145592,483522.7815794626,483522781.5794626,0.0032321501590694,1.9238388142284806,14.180658819471137
1979-03-05 16:27:00,-657228729.8145592,484374.9309193881,484374930.9193881,0.0032378464255734,1.9242059141243286,14.202488998758296
1979-03-05 16:28:00,-657228669.8145592,485228.3798353426,485228379.83534265,0.0032435513792065,1.9245730798328415,14.224148599241744
1979-03-05 16:29:00,-657228609.8145592,486083.1181563056,486083118.1563056,0.0032492649519797,1.9249403062685788,14.245638682716526
1979-03-05 16:30:00,-657228549.8145592,486939.1357770441,486939135.7770441,0.0032549870763437,1.9253075884008715,14.266960345642293
1979-03-05 16:31:00,-657228489.8145592,487796.4226576308,487796422.65763074,0.0032607176851858,1.9256749212533206,14.288114676445064
1979-03-05 16:32:00,-657228429.8145592,488654.9688256164,488654968.8256164,0.0032664567118442,1.926042299904435,14.309102799759906
1979-03-05 16:33:00,-657228369.8145592,489514.76436766656,489514764.36766654,0.0032722040900523,1.926409719483758,14.329925700835883
1979-03-05 16:34:00,-657228309.8145592,490375.7994396191,490375799.4396191,0.0032779597540061,1.926777175175885,14.350584532542658
1979-03-05 16:35:00,-657228249.8145592,491238.0642632044,491238064.2632044,0.0032837236383418,1.9271446622187633,14.37108039308805
1979-03-05 16:36:00,-657228189.8145592,492101.54911840335,492101549.1184033,0.0032894956780852,1.9275121759001486,14.391414253315695
1979-03-05 16:37:00,-657228129.8145592,492966.2443532408,492966244.3532408,0.0032952758087167,1.9278797115614945,14.41158724729127
1979-03-05 16:38:00,-657228069.8145592,493832.1403784785,493832140.37847847,0.0033010639661362,1.9282472645954052,14.431600420628092
1979-03-05 16:39:00,-657228009.8145592,494699.2276706709,494699227.67067087,0.0033068600866835,1.9286148304466446,14.451454869873123
1979-03-05 16:40:00,-657227949.8145592,495567.4967647459,495567496.7647459,0.0033126641070884,1.928982404608711,14.471151567916968
1979-03-05 16:41:00,-657227889.8145592,496436.9382644028,496436938.2644028,0.0033184759645406,1.9293499826279596,14.49069166094802
1979-03-05 16:42:00,-657227829.8145592,497307.5428322927,497307542.8322927,0.0033242955966237,1.9297175600991625,14.510076131498014
1979-03-05 16:43:00,-657227769.8145592,498179.3011951071,498179301.1951071,0.0033301229413495,1.9300851326673842,14.529306046907246
1979-03-05 16:44:00,-657227709.8145592,499052.20413912047,499052204.13912046,0.003335957937128,1.9304526960258228,14.548382400222666
1979-03-05 16:45:00,-657227649.8145592,499926.24251856864,499926242.51856863,0.0033418005228236,1.9308202459190624,14.567306324136249
1979-03-05 16:46:00,-657227589.8145592,500801.4072432314,500801407.2432314,0.003347650637672,1.93118777813757,14.586078744379726
1979-03-05 16:47:00,-657227529.8145592,501677.6892883049,501677689.28830487,0.0033535082213459,1.931555288521574,14.6047007512243
1979-03-05 16:48:00,-657227469.8145592,502555.0796887784,502555079.6887784,0.0033593732139182,1.9319227729584316,14.623173341224902
1979-03-05 16:49:00,-657227409.8145592,503433.5695406227,503433569.5406227,0.0033652455558688,1.9322902273828546,14.641497530738707
1979-03-05 16:50:00,-657227349.8145592,504313.1500014648,504313150.0014648,0.0033711251880904,1.9326576477769233,14.659674347368613
1979-03-05 16:51:00,-657227289.8145592,505193.8122878704,505193812.2878704,0.0033770120518692,1.9330250301686824,14.677704773426134
1979-03-05 16:52:00,-657227229.8145592,506075.54767652863,506075547.67652863,0.0033829060888934,1.933392370632373,14.695589810970706
1979-03-05 16:53:00,-657227169.8145592,506958.3475068876,506958347.5068876,0.003388807241271,1.933759665289264,14.713330505983322
1979-03-05 16:54:00,-657227109.8145592,507842.2031741573,507842203.17415726,0.0033947154514824,1.9341269103044723,14.730927787827872
1979-03-05 16:55:00,-657227049.8145592,508727.1061338421,508727106.1338421,0.0034006306624111,1.9344941018885966,14.748382661413052
1979-03-05 16:56:00,-657226989.8145592,509613.0479038643,509613047.9038643,0.0034065528173581,1.93486123629833,14.765696167036852
1979-03-05 16:57:00,-657226929.8145592,510500.02005582873,510500020.0558288,0.0034124818599829,1.9352283098325813,14.782869199407287
1979-03-05 16:58:00,-657226869.8145592,511388.01422238414,511388014.22238415,0.0034184177343533,1.9355953188352728,14.79990277592345
1979-03-05 16:59:00,-657226809.8145592,512277.0220942727,512277022.0942727,0.0034243603849254,1.9359622596938622,14.816797864809633
1979-03-05 17:00:00,-657226749.8145592,513167.03541946295,513167035.4194629,0.0034303097565376,1.9363291288387294,14.833555419837163
1979-03-05 17:01:00,-657226689.8145592,514058.04600334255,514058046.00334257,0.0034362657944124,1.9366959227430107,14.850176397993346
1979-03-05 17:02:00,-657226629.8145592,514950.0457080762,514950045.7080762,0.0034422284441517,1.9370626379220814,14.866661745561093
1979-03-05 17:03:00,-657226569.8145592,515843.026454657,515843026.454657,0.0034481976517507,1.9374292709341534,14.883012443013529
1979-03-05 17:04:00,-657226509.8145592,516736.980218892,516736980.218892,0.003454173363571,1.937795818378378,14.899229403916008
1979-03-05 17:05:00,-657226449.8145592,517631.8990314584,517631899.0314584,0.003460155526341,1.93816227689463,14.915313542773948
1979-03-05 17:06:00,-657226389.8145592,518527.7749833602,518527774.9833602,0.0034661440871922,1.938528643165499,14.931265865029612
1979-03-05 17:07:00,-657226329.8145592,519424.6002183968,519424600.2183967,0.0034721389936093,1.9388949139129623,14.947087250610155
1979-03-05 17:08:00,-657226269.8145592,520322.3669342967,520322366.9342967,0.0034781401934372,1.939261085898617,14.96277859833111
1979-03-05 17:09:00,-657226209.8145592,521221.0673870145,521221067.3870145,0.0034841476349102,1.939627155925195,14.9783408786306
1979-03-05 17:10:00,-657226149.8145592,522120.6938851429,522120693.8851429,0.0034901612666144,1.9399931208340482,14.993774968806731
1979-03-05 17:11:00,-657226089.8145592,523021.2387914138,523021238.7914138,0.0034961810374979,1.9403589775055297,15.009081771181082
1979-03-05 17:12:00,-657226029.8145592,523922.6945236299,523922694.5236299,0.0035022068968768,1.9407247228591407,15.02426220360212
1979-03-05 17:13:00,-657225969.8145592,524825.0535566603,524825053.5566603,0.0035082387944486,1.9410903538541064,15.039317217173327
1979-03-05 17:14:00,-657225909.8145592,525728.3084110591,525728308.4110591,0.0035142766802165,1.9414558674845366,15.054247573312994
1979-03-05 17:15:00,-657225849.8145592,526632.451666604,526632451.666604,0.0035203205045792,1.9418212607846865,15.06905425908238
1979-03-05 17:16:00,-657225789.8145592,527537.4759553673,527537475.9553673,0.0035263702182852,1.9421865308259256,15.083738146054868
1979-03-05 17:17:00,-657225729.8145592,528443.3739608206,528443373.9608206,0.0035324257724265,1.9425516747161509,15.098300090888127
1979-03-05 17:18:00,-657225669.8145592,529350.1384165105,529350138.4165105,0.00353848711843,1.9429166895990393,15.112740928165538
1979-03-05 17:19:00,-657225609.8145592,530257.7621111886,530257762.1111886,0.0035445542080913,1.9432815726558956,15.127061577967833
1979-03-05 17:20:00,-657225549.8145592,531166.2378838065,531166237.88380647,0.0035506269935418,1.943646321103418,15.141262876964174
1979-03-05 17:21:00,-657225489.8145592,532075.5586261491,532075558.62614906,0.0035567054272661,1.9440109321945416,15.155345705710351
1979-03-05 17:22:00,-657225429.8145592,532985.7172777328,532985717.2777328,0.0035627894620677,1.9443754032161777,15.169310859728528
1979-03-05 17:23:00,-657225369.8145592,533896.7068317845,533896706.8317844,0.0035688790511092,1.9447397314914046,15.183159234194317
1979-03-05 17:24:00,-657225309.8145592,534808.5203308994,534808520.3308994,0.0035749741478833,1.9451039143775117,15.196891651915697
1979-03-05 17:25:00,-657225249.8145592,535721.1508667574,535721150.8667574,0.0035810747062107,1.9454679492656832,15.210508930966414
1979-03-05 17:26:00,-657225189.8145592,536634.5915813649,536634591.58136487,0.0035871806802485,1.94583183358129,15.224011910124682
1979-03-05 17:27:00,-657225129.8145592,537548.8356677727,537548835.6677727,0.0035932920244951,1.946195564783967,15.237401440130391
1979-03-05 17:28:00,-657225069.8145592,538463.8763640352,538463876.3640351,0.0035994086937497,1.9465591403650089,15.25067827104164
1979-03-05 17:29:00,-657225009.8145592,539379.7069638234,539379706.9638234,0.0036055306431833,1.9469225578513871,15.263843329803786
1979-03-05 17:30:00,-657224949.8145592,540296.3208004058,540296320.8004059,0.0036116578282314,1.9472858147991923,15.276897276373347
1979-03-05 17:31:00,-657224889.8145592,541213.7112633872,541213711.2633872,0.0036177902047063,1.947648908800076,15.289841049690343
1979-03-05 17:32:00,-657224829.8145592,542131.8717866176,542131871.7866175,0.0036239277287161,1.9480118374762618,15.302675387172107
1979-03-05 17:33:00,-657224769.8145592,543050.7958470418,543050795.8470417,0.0036300703566567,1.9483745984799057,15.315401007070129
1979-03-05 17:34:00,-657224709.8145592,543970.476979269,543970476.9792689,0.0036362180453098,1.9487371894986565,15.32801887045304
1979-03-05 17:35:00,-657224649.8145592,544890.908756416,544890908.7564161,0.0036423707517142,1.9490996082478997,15.34052961911851
1979-03-05 17:36:00,-657224589.8145592,545812.0847997955,545812084.7997955,0.0036485284332312,1.9494618524743996,15.352934056324496
1979-03-05 17:37:00,-657224529.8145592,546733.9987796423,546733998.7796422,0.0036546910475487,1.9498239199563925,15.365232997445855
1979-03-05 17:38:00,-657224469.8145592,547656.644411238,547656644.4112381,0.0036608585526561,1.950185808501877,15.37742719326246
1979-03-05 17:39:00,-657224409.8145592,548580.015452719,548580015.452719,0.003667030906829,1.9505475159475756,15.389517358015292
1979-03-05 17:40:00,-657224349.8145592,549504.1057136753,549504105.7136753,0.0036732080686872,1.9509090401621205,15.401504349271999
1979-03-05 17:41:00,-657224289.8145592,550428.9090404182,550428909.0404183,0.0036793899970958,1.9512703790401096,15.413388779049274
1979-03-05 17:42:00,-657224229.8145592,551354.4193329904,551354419.3329904,0.0036855766512791,1.9516315305085785,15.425171542870036
1979-03-05 17:43:00,-657224169.8145592,552280.630529392,552280630.529392,0.003691767990715,1.9519924925206626,15.436853273360368
1979-03-05 17:44:00,-657224109.8145592,553207.5366135242,553207536.6135242,0.0036979639751886,1.952353263058526,15.4484347355358
1979-03-05 17:45:00,-657224049.8145592,554135.1316176458,554135131.6176459,0.0037041645648078,1.9527138401341404,15.459916735360942
1979-03-05 17:46:00,-657223989.8145592,555063.4096098606,555063409.6098607,0.0037103697199204,1.953074221784248,15.471299870246245
1979-03-05 17:47:00,-657223929.8145592,555992.3647069697,555992364.7069697,0.0037165794011997,1.9534344060751891,15.482584951817989
1979-03-05 17:48:00,-657223869.8145592,556921.9910696627,556921991.0696627,0.0037227935696123,1.9537943911008637,15.493772711550507
1979-03-05 17:49:00,-657223809.8145592,557852.2828967904,557852282.8967904,0.0037290121863799,1.954154174980347,15.504863785461446
1979-03-05 17:50:00,-657223749.8145592,558783.234431813,558783234.431813,0.0037352352130224,1.9545137558602261,15.51585891704308
1979-03-05 17:51:00,-657223689.8145592,559714.8399624977,559714839.9624977,0.0037414626113558,1.9548731319143142,15.526758844744958
1979-03-05 17:52:00,-657223629.8145592,560647.0938164945,560647093.8164945,0.0037476943434629,1.9552323013417823,15.537564233279166
1979-03-05 17:53:00,-657223569.8145592,561579.9903629613,561579990.3629613,0.0037539303717038,1.9555912623676275,15.548275774447635
1979-03-05 17:54:00,-657223509.8145592,562513.5240125064,562513524.0125064,0.0037601706587158,1.9559500132424947,15.558894159084108
1979-03-05 17:55:00,-657223449.8145592,563447.6892185156,563447689.2185156,0.003766415167422,1.956308552243028,15.56942010015482
1979-03-05 17:56:00,-657223389.8145592,564382.4804716841,564382480.4716841,0.0037726638609949,1.956666877669615,15.579854219474752
1979-03-05 17:57:00,-657223329.8145592,565317.8923045947,565317892.3045948,0.0037789167028872,1.957024987847997,15.590197215176886
1979-03-05 17:58:00,-657223269.8145592,566253.9192943443,566253919.2943443,0.003785173656849,1.9573828811301144,15.600449829158606
1979-03-05 17:59:00,-657223209.8145592,567190.55605006,567190556.0500599,0.0037914346868445,1.957740555889183,15.610612595261774
1979-03-05 18:00:00,-657223149.8145592,568127.7972260374,568127797.2260374,0.0037976997571399,1.9580980105245713,15.620686266289946
1979-03-05 18:01:00,-657223089.8145592,569065.6375165692,569065637.5165693,0.0038039688322687,1.9584552434596727,15.630671508864422
