time_utc,et,L_km,L_m,L_AU,dt_res,v_km_s
1986-01-24 00:00:00,-439819144.8154153,2676741057.2448997,2676741057244.8994,17.89290880090648,8.193636167318534,
1986-01-24 00:01:00,-439819084.8154153,2676742571.7524524,2676742571752.452,17.892918924764164,8.19363719125226,25.241792543729147
1986-01-24 00:02:00,-439819024.8154153,2676744086.2734284,2676744086273.428,17.89292904871158,8.193638215194632,25.24201626777649
1986-01-24 00:03:00,-439818964.8154153,2676745600.807848,2676745600807.848,17.892939172748854,8.193639239145666,25.242240325609842
1986-01-24 00:04:00,-439818904.8154153,2676747115.3557296,2676747115355.729,17.89294929687612,8.193640263105376,25.24246469338735
1986-01-24 00:05:00,-439818844.8154153,2676748629.9170947,2676748629917.0947,17.89295942109352,8.193641287073776,25.242689418792725
1986-01-24 00:06:00,-439818784.8154153,2676750144.4919624,2676750144491.9624,17.892969545401176,8.193642311050874,25.242914462089537
1986-01-24 00:07:00,-439818724.8154153,2676751659.0803547,2676751659080.3545,17.892979669799235,8.193643335036693,25.243139870961507
1986-01-24 00:08:00,-439818664.8154153,2676753173.682289,2676753173682.289,17.89298979428782,8.193644359031241,25.243365573883057
1986-01-24 00:09:00,-439818604.8154153,2676754688.297788,2676754688297.788,17.89299991886708,8.193645383034532,25.243591650327048
1986-01-24 00:10:00,-439818544.8154153,2676756202.9268703,2676756202926.87,17.893010043537142,8.19364640704658,25.24381803671519
1986-01-24 00:11:00,-439818484.8154153,2676757717.5695567,2676757717569.5566,17.893020168298136,8.193647431067397,25.244044772783916
1986-01-24 00:12:00,-439818424.8154153,2676759232.2258687,2676759232225.8687,17.893030293150215,8.193648455097003,25.24427186648051
1986-01-24 00:13:00,-439818364.8154153,2676760746.895825,2676760746895.8247,17.8930404180935,8.193649479135404,25.244499270121256
1986-01-24 00:14:00,-439818304.8154153,2676762261.579447,2676762261579.447,17.893050543128133,8.193650503182617,25.24472703138987
1986-01-24 00:15:00,-439818244.8154153,2676763776.276755,2676763776276.755,17.89306066825425,8.193651527238659,25.244955134391784
1986-01-24 00:16:00,-439818184.8154153,2676765290.987769,2676765290987.769,17.893070793471992,8.193652551303538,25.24518357117971
1986-01-24 00:17:00,-439818124.8154153,2676766805.712512,2676766805712.512,17.8930809187815,8.193653575377272,25.245412381490073
1986-01-24 00:18:00,-439818064.8154153,2676768320.451002,2676768320451.002,17.893091044182906,8.193654599459874,25.24564150174459
1986-01-24 00:19:00,-439818004.8154153,2676769835.20326,2676769835203.26,17.893101169676342,8.193655623551358,25.2458709637324
1986-01-24 00:20:00,-439817944.8154153,2676771349.969308,2676771349969.308,17.89311129526196,8.193656647651737,25.246100799242654
1986-01-24 00:21:00,-439817884.8154153,2676772864.749166,2676772864749.166,17.89312142093989,8.193657671761029,25.24633096853892
1986-01-24 00:22:00,-439817824.8154153,2676774379.542855,2676774379542.855,17.893131546710276,8.193658695879243,25.24656147956848
1986-01-24 00:23:00,-439817764.8154153,2676775894.350396,2676775894350.3955,17.893141672573257,8.193659720006393,25.2467923561732
1986-01-24 00:24:00,-439817704.8154153,2676777409.17181,2676777409171.81,17.893151798528976,8.193660744142498,25.247023566563925
1986-01-24 00:25:00,-439817644.8154153,2676778924.007117,2676778924007.1167,17.89316192457756,8.193661768287567,25.24725511074066
1986-01-24 00:26:00,-439817584.8154153,2676780438.8563395,2676780438856.34,17.893172050719166,8.19366279244162,25.247487044334413
1986-01-24 00:27:00,-439817524.8154153,2676781953.7194986,2676781953719.4985,17.893182176953932,8.193663816604666,25.24771931966146
1986-01-24 00:28:00,-439817464.8154153,2676783468.5966144,2676783468596.6143,17.893192303281992,8.193664840776721,25.247951928774516
1986-01-24 00:29:00,-439817404.8154153,2676784983.487708,2676784983487.7075,17.893202429703486,8.1936658649578,25.248184895515443
1986-01-24 00:30:00,-439817344.8154153,2676786498.3928022,2676786498392.8022,17.89321255621857,8.193666889147917,25.248418235778807
1986-01-24 00:31:00,-439817284.8154153,2676788013.3119164,2676788013311.9165,17.893222682827375,8.193667913347086,25.2486519018809
1986-01-24 00:32:00,-439817224.8154153,2676789528.245074,2676789528245.0737,17.893232809530048,8.193668937555323,25.248885957400002
1986-01-24 00:33:00,-439817164.8154153,2676791043.192294,2676791043192.294,17.89324293632673,8.193669961772642,25.249120338757834
1986-01-24 00:34:00,-439817104.8154153,2676792558.1535997,2676792558153.599,17.89325306321756,8.193670985999052,25.2493550936381
1986-01-24 00:35:00,-439817044.8154153,2676794073.129012,2676794073129.012,17.893263190202692,8.193672010234577,25.24959020614624
1986-01-24 00:36:00,-439816984.8154153,2676795588.118552,2676795588118.552,17.89327331728226,8.193673034479223,25.24982566833496
1986-01-24 00:37:00,-439816924.8154153,2676797103.122242,2676797103122.242,17.89328344445642,8.193674058733013,25.250061496098837
1986-01-24 00:38:00,-439816864.8154153,2676798618.140103,2676798618140.103,17.8932935717253,8.193675082995952,25.25029768149058
1986-01-24 00:39:00,-439816804.8154153,2676800133.1721563,2676800133172.156,17.893303699089056,8.193676107268061,25.250534224510194
1986-01-24 00:40:00,-439816744.8154153,2676801648.2184258,2676801648218.426,17.89331382654784,8.193677131549354,25.25077115694682
1986-01-24 00:41:00,-439816684.8154153,2676803163.2789307,2676803163278.9307,17.89332395410178,8.193678155839844,25.251008415222167
1986-01-24 00:42:00,-439816624.8154153,2676804678.353694,2676804678353.694,17.893334081751032,8.19367918013955,25.251246054967243
1986-01-24 00:43:00,-439816564.8154153,2676806193.442738,2676806193442.7383,17.893344209495744,8.193680204448482,25.251484068234763
1986-01-24 00:44:00,-439816504.8154153,2676807708.546085,2676807708546.085,17.893354337336067,8.193681228766653,25.251722447077434
1986-01-24 00:45:00,-439816444.8154153,2676809223.663755,2676809223663.755,17.893364465272132,8.193682253094083,25.251961167653402
1986-01-24 00:46:00,-439816384.8154153,2676810738.795771,2676810738795.771,17.893374593304095,8.193683277430786,25.252200269699095
1986-01-24 00:47:00,-439816324.8154153,2676812253.9421563,2676812253942.156,17.89338472143211,8.193684301776775,25.252439753214517
1986-01-24 00:48:00,-439816264.8154153,2676813769.1029315,2676813769102.932,17.893394849656318,8.193685326132067,25.252679586410522
1986-01-24 00:49:00,-439816204.8154153,2676815284.27812,2676815284278.12,17.893404977976868,8.193686350496677,25.25291980902354
1986-01-24 00:50:00,-439816144.8154153,2676816799.467743,2676816799467.743,17.893415106393913,8.193687374870617,25.253160381317137
1986-01-24 00:51:00,-439816084.8154153,2676818314.6718235,2676818314671.824,17.893425234907596,8.193688399253906,25.25340134302775
1986-01-24 00:52:00,-439816024.8154153,2676819829.890384,2676819829890.384,17.893435363518073,8.193689423646555,25.253642678260803
1986-01-24 00:53:00,-439815964.8154153,2676821345.123446,2676821345123.446,17.893445492225485,8.193690448048581,25.25388436317444
1986-01-24 00:54:00,-439815904.8154153,2676822860.371032,2676822860371.032,17.89345562102999,8.193691472460001,25.254126437505086
1986-01-24 00:55:00,-439815844.8154153,2676824375.6331654,2676824375633.165,17.893465749931732,8.193692496880828,25.254368885358176
1986-01-24 00:56:00,-439815784.8154153,2676825890.909868,2676825890909.868,17.893475878930865,8.193693521311078,25.254611706733705
1986-01-24 00:57:00,-439815724.8154153,2676827406.201164,2676827406201.164,17.893486008027548,8.193694545750768,25.254854933420816
1986-01-24 00:58:00,-439815664.8154153,2676828921.507075,2676828921507.0747,17.893496137221927,8.19369557019991,25.2550985177358
1986-01-24 00:59:00,-439815604.8154153,2676830436.827624,2676830436827.624,17.893506266514155,8.193696594658523,25.255342483520508
1986-01-24 01:00:00,-439815544.8154153,2676831952.162831,2676831952162.831,17.893516395904363,8.193697619126617,25.25558678309123
1986-01-24 01:01:00,-439815484.8154153,2676833467.5127234,2676833467512.724,17.89352652539274,8.193698643604213,25.255831543604533
1986-01-24 01:02:00,-439815424.8154153,2676834982.8773217,2676834982877.322,17.89353665497942,8.193699668091323,25.25607663790385
1986-01-24 01:03:00,-439815364.8154153,2676836498.2566485,2676836498256.6484,17.893546784664554,8.193700692587965,25.25632211367289
1986-01-24 01:04:00,-439815304.8154153,2676838013.6507277,2676838013650.727,17.893556914448297,8.193701717094154,25.256567986806235
1986-01-24 01:05:00,-439815244.8154153,2676839529.0595827,2676839529059.5825,17.89356704433082,8.193702741609904,25.256814249356587
1986-01-24 01:06:00,-439815184.8154153,2676841044.483235,2676841044483.235,17.89357717431225,8.19370376613523,25.25706086953481
1986-01-24 01:07:00,-439815124.8154153,2676842559.921709,2676842559921.709,17.893587304392756,8.193704790670148,25.257307902971903
1986-01-24 01:08:00,-439815064.8154153,2676844075.375028,2676844075375.028,17.893597434572495,8.193705815214678,25.257555317878722
1986-01-24 01:09:00,-439815004.8154153,2676845590.8432155,2676845590843.216,17.893607564851628,8.193706839768833,25.257803122202557
1986-01-24 01:10:00,-439814944.8154153,2676847106.326294,2676847106326.294,17.893617695230297,8.193707864332628,25.258051307996116
1986-01-24 01:11:00,-439814884.8154153,2676848621.824287,2676848621824.287,17.893627825708666,8.193708888906077,25.258299883206686
1986-01-24 01:12:00,-439814824.8154153,2676850137.3372183,2676850137337.2183,17.89363795628689,8.1937099134892,25.258548855781555
1986-01-24 01:13:00,-439814764.8154153,2676851652.865111,2676851652865.111,17.893648086965126,8.193710938082008,25.25879820982615
1986-01-24 01:14:00,-439814704.8154153,2676853168.407989,2676853168407.9893,17.893658217743532,8.193711962684523,25.259047969182333
1986-01-24 01:15:00,-439814644.8154153,2676854683.965877,2676854683965.877,17.893668348622274,8.193712987296758,25.2592981338501
1986-01-24 01:16:00,-439814584.8154153,2676856199.538796,2676856199538.796,17.89367847960149,8.193714011918726,25.259548648198447
1986-01-24 01:17:00,-439814524.8154153,2676857715.1267724,2676857715126.7725,17.89368861068136,8.193715036550445,25.259799607594807
1986-01-24 01:18:00,-439814464.8154153,2676859230.729828,2676859230729.828,17.893698741862025,8.193716061191935,25.26005092461904
1986-01-24 01:19:00,-439814404.8154153,2676860746.347989,2676860746347.9893,17.89370887314367,8.193717085843208,25.260302686691283
1986-01-24 01:20:00,-439814344.8154153,2676862261.981276,2676862261981.2754,17.893719004526417,8.19371811050428,25.26055478254954
1986-01-24 01:21:00,-439814284.8154153,2676863777.6297154,2676863777629.716,17.89372913601046,8.19371913517517,25.26080732345581
1986-01-24 01:22:00,-439814224.8154153,2676865293.293331,2676865293293.331,17.893739267595947,8.193720159855891,25.261060261726378
1986-01-24 01:23:00,-439814164.8154153,2676866808.972146,2676866808972.146,17.893749399283035,8.193721184546462,25.261313581466673
1986-01-24 01:24:00,-439814104.8154153,2676868324.6661863,2676868324666.1865,17.8937595310719,8.193722209246898,25.2615673383077
1986-01-24 01:25:00,-439814044.8154153,2676869840.375473,2676869840375.4736,17.89376966296268,8.193723233957213,25.261821444829305
1986-01-24 01:26:00,-439813984.8154153,2676871356.1000333,2676871356100.033,17.893779794955552,8.193724258677427,25.262076004346213
1986-01-24 01:27:00,-439813924.8154153,2676872871.839891,2676872871839.891,17.893789927050687,8.19372528340756,25.262330961227416
1986-01-24 01:28:00,-439813864.8154153,2676874387.5950694,2676874387595.0693,17.893800059248235,8.193726308147616,25.262586307525634
1986-01-24 01:29:00,-439813804.8154153,2676875903.365592,2676875903365.592,17.89381019154835,8.193727332897623,25.262842043240866
1986-01-24 01:30:00,-439813744.8154153,2676877419.1514864,2676877419151.4863,17.893820323951218,8.193728357657593,25.26309823989868
1986-01-24 01:31:00,-439813684.8154153,2676878934.952774,2676878934952.774,17.893830456456985,8.193729382427543,25.263354794184366
1986-01-24 01:32:00,-439813624.8154153,2676880450.769482,2676880450769.482,17.89384058906583,8.193730407207491,25.263611801465352
1986-01-24 01:33:00,-439813564.8154153,2676881966.601633,2676881966601.6333,17.89385072177791,8.193731431997454,25.263869182268778
1986-01-24 01:34:00,-439813504.8154153,2676883482.4492536,2676883482449.2534,17.89386085459339,8.193732456797443,25.26412700812022
1986-01-24 01:35:00,-439813444.8154153,2676884998.3123674,2676884998312.368,17.893870987512443,8.193733481607483,25.264385231335957
1986-01-24 01:36:00,-439813384.8154153,2676886514.1909995,2676886514190.9995,17.893881120535227,8.193734506427587,25.264643867810566
1986-01-24 01:37:00,-439813324.8154153,2676888030.085174,2676888030085.1743,17.893891253661902,8.19373553125777,25.26490290959676
1986-01-24 01:38:00,-439813264.8154153,2676889545.9949183,2676889545994.9185,17.893901386892658,8.193736556098052,25.265162404378255
1986-01-24 01:39:00,-439813204.8154153,2676891061.9202538,2676891061920.254,17.893911520227633,8.193737580948447,25.26542225678762
1986-01-24 01:40:00,-439813144.8154153,2676892577.861209,2676892577861.209,17.89392165366702,8.193738605808973,25.26568258603414
1986-01-24 01:41:00,-439813084.8154153,2676894093.817808,2676894093817.808,17.893931787210978,8.193739630679646,25.265943320592246
1986-01-24 01:42:00,-439813024.8154153,2676895609.7900743,2676895609790.074,17.89394192085967,8.193740655560488,25.266204436620075
1986-01-24 01:43:00,-439812964.8154153,2676897125.778036,2676897125778.036,17.893952054613273,8.193741680451513,25.266466029485066
1986-01-24 01:44:00,-439812904.8154153,2676898641.781716,2676898641781.716,17.893962188471953,8.193742705352737,25.266727995872497
1986-01-24 01:45:00,-439812844.8154153,2676900157.8011413,2676900157801.141,17.89397232243588,8.193743730264174,25.266990423202515
1986-01-24 01:46:00,-439812784.8154153,2676901673.836336,2676901673836.336,17.89398245650522,8.193744755185847,25.26725324789683
1986-01-24 01:47:00,-439812724.8154153,2676903189.8873267,2676903189887.3267,17.89399259068015,8.193745780117773,25.267516509691873
1986-01-24 01:48:00,-439812664.8154153,2676904705.954139,2676904705954.139,17.894002724960842,8.193746805059966,25.267780208587645
1986-01-24 01:49:00,-439812604.8154153,2676906222.0367985,2676906222036.7983,17.89401285934746,8.193747830012446,25.268044320742288
1986-01-24 01:50:00,-439812544.8154153,2676907738.135329,2676907738135.329,17.894022993840174,8.193748854975228,25.268308838208515
1986-01-24 01:51:00,-439812484.8154153,2676909254.2497606,2676909254249.7607,17.89403312843918,8.193749879948331,25.268573864301047
1986-01-24 01:52:00,-439812424.8154153,2676910770.380115,2676910770380.115,17.89404326314462,8.193750904931774,25.268839240074158
1986-01-24 01:53:00,-439812364.8154153,2676912286.52642,2676912286526.4194,17.894053397956686,8.19375192992557,25.26910508473714
1986-01-24 01:54:00,-439812304.8154153,2676913802.688701,2676913802688.701,17.89406353287555,8.19375295492974,25.26937135060628
1986-01-24 01:55:00,-439812244.8154153,2676915318.8669844,2676915318866.9844,17.894073667901374,8.1937539799443,25.269638053576152
1986-01-24 01:56:00,-439812184.8154153,2676916835.0612965,2676916835061.2964,17.89408380303435,8.193755004969272,25.269905201594035
1986-01-24 01:57:00,-439812124.8154153,2676918351.271663,2676918351271.663,17.89409393827464,8.193756030004668,25.27017277876536
1986-01-24 01:58:00,-439812064.8154153,2676919867.4981093,2676919867498.1094,17.894104073622415,8.193757055050508,25.270440769195556
1986-01-24 01:59:00,-439812004.8154153,2676921383.740664,2676921383740.664,17.894114209077873,8.193758080106807,25.270709244410195
1986-01-24 02:00:00,-439811944.8154153,2676922899.999351,2676922899999.351,17.894124344641163,8.193759105173587,25.270978116989134
1986-01-24 02:01:00,-439811884.8154153,2676924416.2741985,2676924416274.1987,17.894134480312484,8.193760130250867,25.271247458457946
1986-01-24 02:02:00,-439811824.8154153,2676925932.565232,2676925932565.232,17.894144616092,8.193761155338658,25.271517221132914
1986-01-24 02:03:00,-439811764.8154153,2676927448.872478,2676927448872.478,17.89415475197989,8.193762180436984,25.271787436803184
1986-01-24 02:04:00,-439811704.8154153,2676928965.1959643,2676928965195.9644,17.89416488797634,8.193763205545862,25.27205810546875
1986-01-24 02:05:00,-439811644.8154153,2676930481.535717,2676930481535.717,17.894175024081523,8.193764230665307,25.272329211235046
1986-01-24 02:06:00,-439811584.8154153,2676931997.8917627,2676931997891.7627,17.89418516029562,8.193765255795343,25.272600762049358
1986-01-24 02:07:00,-439811524.8154153,2676933514.264128,2676933514264.1284,17.894195296618808,8.193766280935982,25.27287275791168
1986-01-24 02:08:00,-439811464.8154153,2676935030.6528387,2676935030652.839,17.894205433051255,8.193767306087242,25.273145174980165
1986-01-24 02:09:00,-439811404.8154153,2676936547.0579243,2676936547057.9243,17.89421556959316,8.193768331249146,25.27341809272766
1986-01-24 02:10:00,-439811344.8154153,2676938063.479411,2676938063479.411,17.894225706244704,8.19376935642171,25.27369144757589
1986-01-24 02:11:00,-439811284.8154153,2676939579.917325,2676939579917.325,17.894235843006054,8.193770381604955,25.273965231577556
1986-01-24 02:12:00,-439811224.8154153,2676941096.3716936,2676941096371.694,17.894245979877397,8.193771406798891,25.27423947652181
1986-01-24 02:13:00,-439811164.8154153,2676942612.842545,2676942612842.5454,17.894256116858926,8.193772432003547,25.274514190355937
1986-01-24 02:14:00,-439811104.8154153,2676944129.329906,2676944129329.906,17.894266253950807,8.193773457218933,25.274789349238077
1986-01-24 02:15:00,-439811044.8154153,2676945645.833805,2676945645833.805,17.89427639115324,8.193774482445074,25.27506498495738
1986-01-24 02:16:00,-439810984.8154153,2676947162.354266,2676947162354.2666,17.894286528466388,8.193775507681982,25.275341018040976
1986-01-24 02:17:00,-439810924.8154153,2676948678.8913207,2676948678891.321,17.89429666589045,8.193776532929684,25.275617575645448
1986-01-24 02:18:00,-439810864.8154153,2676950195.444994,2676950195444.994,17.894306803425607,8.19377755818819,25.275894554456077
1986-01-24 02:19:00,-439810804.8154153,2676951712.0153146,2676951712015.3145,17.89431694107204,8.193778583457522,25.27617201010386
1986-01-24 02:20:00,-439810744.8154153,2676953228.6023107,2676953228602.3105,17.894327078829946,8.193779608737703,25.27644993464152
1986-01-24 02:21:00,-439810684.8154153,2676954745.2060084,2676954745206.0083,17.894337216699494,8.193780634028743,25.276728296279906
1986-01-24 02:22:00,-439810624.8154153,2676956261.826437,2676956261826.437,17.89434735468088,8.193781659330668,25.27700714270274
1986-01-24 02:23:00,-439810564.8154153,2676957778.463625,2676957778463.625,17.894357492774294,8.193782684643498,25.277286465962728
1986-01-24 02:24:00,-439810504.8154153,2676959295.117598,2676959295117.598,17.89436763097991,8.193783709967244,25.27756621837616
1986-01-24 02:25:00,-439810444.8154153,2676960811.7883863,2676960811788.386,17.894377769297932,8.19378473530193,25.277846471468607
1986-01-24 02:26:00,-439810384.8154153,2676962328.476017,2676962328476.017,17.894387907728536,8.193785760647575,25.278127177556357
1986-01-24 02:27:00,-439810324.8154153,2676963845.1805177,2676963845180.5176,17.89439804627191,8.1937867860042,25.27840834458669
1986-01-24 02:28:00,-439810264.8154153,2676965361.9019194,2676965361901.9194,17.89440818492826,8.19378781137182,25.278690028190614
1986-01-24 02:29:00,-439810204.8154153,2676966878.640248,2676966878640.248,17.894418323697757,8.193788836750455,25.278972140947978
1986-01-24 02:30:00,-439810144.8154153,2676968395.3955307,2676968395395.531,17.89442846258059,8.193789862140125,25.27925471464793
1986-01-24 02:31:00,-439810084.8154153,2676969912.1677995,2676969912167.8,17.894438601576965,8.193790887540851,25.279537812868753
1986-01-24 02:32:00,-439810024.8154153,2676971428.9570813,2676971428957.081,17.894448740687064,8.19379191295265,25.279821364084878
1986-01-24 02:33:00,-439809964.8154153,2676972945.763405,2676972945763.405,17.894458879911085,8.19379293837554,25.280105392138164
1986-01-24 02:34:00,-439809904.8154153,2676974462.586799,2676974462586.8,17.89446901924921,8.193793963809545,25.28038990497589
1986-01-24 02:35:00,-439809844.8154153,2676975979.427292,2676975979427.292,17.894479158701635,8.193794989254682,25.280674878756205
1986-01-24 02:36:00,-439809784.8154153,2676977496.284913,2676977496284.9136,17.89448929826856,8.19379601471097,25.280960353215537
1986-01-24 02:37:00,-439809724.8154153,2676979013.159692,2676979013159.6914,17.894499437950167,8.193797040178428,25.28124631245931
1986-01-24 02:38:00,-439809664.8154153,2676980530.051656,2676980530051.656,17.89450957774666,8.193798065657075,25.28153273264567
1986-01-24 02:39:00,-439809604.8154153,2676982046.960836,2676982046960.836,17.894519717658227,8.193799091146936,25.281819669405618
1986-01-24 02:40:00,-439809544.8154153,2676983563.8872595,2676983563887.26,17.894529857685065,8.193800116648024,25.282107059160868
1986-01-24 02:41:00,-439809484.8154153,2676985080.8309574,2676985080830.957,17.894539997827373,8.193801142160362,25.282394965489704
1986-01-24 02:42:00,-439809424.8154153,2676986597.791958,2676986597791.958,17.894550138085343,8.193802167683971,25.282683340708413
1986-01-24 02:43:00,-439809364.8154153,2676988114.770291,2676988114770.291,17.89456027845917,8.19380319321887,25.28297221660614
1986-01-24 02:44:00,-439809304.8154153,2676989631.765985,2676989631765.985,17.89457041894905,8.193804218765074,25.283261569341025
1986-01-24 02:45:00,-439809244.8154153,2676991148.779072,2676991148779.072,17.894580559555195,8.19380524432261,25.283551446596782
1986-01-24 02:46:00,-439809184.8154153,2676992665.809578,2676992665809.578,17.89459070027778,8.193806269891494,25.283841768900555
1986-01-24 02:47:00,-439809124.8154153,2676994182.857537,2676994182857.5366,17.894600841117033,8.19380729547175,25.284132647514344
1986-01-24 02:48:00,-439809064.8154153,2676995699.9229746,2676995699922.9746,17.89461098207312,8.193808321063393,25.28442396322886
1986-01-24 02:49:00,-439809004.8154153,2676997217.0059223,2676997217005.9224,17.89462112314626,8.193809346666447,25.284715795516966
1986-01-24 02:50:00,-439808944.8154153,2676998734.1064124,2676998734106.4126,17.894631264336656,8.19381037228093,25.28500816822052
1986-01-24 02:51:00,-439808884.8154153,2677000251.224471,2677000251224.471,17.894641405644496,8.193811397906863,25.2853009780248
1986-01-24 02:52:00,-439808824.8154153,2677001768.3601317,2677001768360.132,17.89465154706999,8.19381242354427,25.2855943441391
1986-01-24 02:53:00,-439808764.8154153,2677003285.513421,2677003285513.421,17.894661688613333,8.193813449193163,25.28588815530141
1986-01-24 02:54:00,-439808704.8154153,2677004802.6843724,2677004802684.3726,17.89467183027474,8.193814474853568,25.286182522773743
1986-01-24 02:55:00,-439808644.8154153,2677006319.873013,2677006319873.0137,17.89468197205439,8.193815500525506,25.286477343241373
1986-01-24 02:56:00,-439808584.8154153,2677007837.079378,2677007837079.378,17.894692113952516,8.193816526208996,25.286772751808165
1986-01-24 02:57:00,-439808524.8154153,2677009354.303493,2677009354303.4937,17.8947022559693,8.19381755190406,25.287068581581117
1986-01-24 02:58:00,-439808464.8154153,2677010871.545392,2677010871545.392,17.894712398104957,8.193818577610713,25.287364983558653
1986-01-24 02:59:00,-439808404.8154153,2677012388.805104,2677012388805.1035,17.894722540359684,8.193819603328985,25.28766186237335
1986-01-24 03:00:00,-439808344.8154153,2677013906.08266,2677013906082.66,17.8947326827337,8.19382062905889,25.28795927365621
1986-01-24 03:01:00,-439808284.8154153,2677015423.37809,2677015423378.09,17.89474282522719,8.193821654800452,25.288257161776226
1986-01-24 03:02:00,-439808224.8154153,2677016940.691426,2677016940691.426,17.89475296784038,8.19382268055369,25.288555598258974
1986-01-24 03:03:00,-439808164.8154153,2677018458.0226984,2677018458022.698,17.89476311057346,8.193823706318625,25.28885454336802
1986-01-24 03:04:00,-439808104.8154153,2677019975.371938,2677019975371.938,17.89477325342665,8.19382473209528,25.289153997103373
1986-01-24 03:05:00,-439808044.8154153,2677021492.7391777,2677021492739.1777,17.89478339640016,8.193825757883674,25.28945399125417
1986-01-24 03:06:00,-439807984.8154153,2677023010.124448,2677023010124.448,17.894793539494195,8.193826783683827,25.289754501978557
1986-01-24 03:07:00,-439807924.8154153,2677024527.5277777,2677024527527.778,17.894803682708954,8.193827809495764,25.290055497487387
1986-01-24 03:08:00,-439807864.8154153,2677026044.9492016,2677026044949.2017,17.894813826044665,8.193828835319504,25.290357065200805
1986-01-24 03:09:00,-439807804.8154153,2677027562.3887486,2677027562388.7485,17.89482396950152,8.193829861155065,25.29065911769867
1986-01-24 03:10:00,-439807744.8154153,2677029079.846453,2677029079846.453,17.89483411307975,8.193830887002477,25.290961742401123
1986-01-24 03:11:00,-439807684.8154153,2677030597.322343,2677030597322.343,17.89484425677954,8.19383191286175,25.291264828046163
1986-01-24 03:12:00,-439807624.8154153,2677032114.816454,2677032114816.454,17.894854400601133,8.193832938732916,25.291568517684937
1986-01-24 03:13:00,-439807564.8154153,2677033632.328814,2677033632328.814,17.894864544544713,8.19383396461599,25.291872668266297
1986-01-24 03:14:00,-439807504.8154153,2677035149.859457,2677035149859.457,17.89487468861051,8.193834990510997,25.29217738310496
1986-01-24 03:15:00,-439807444.8154153,2677036667.408416,2677036667408.416,17.894884832798734,8.193836016417956,25.292482646306357
1986-01-24 03:16:00,-439807384.8154153,2677038184.975721,2677038184975.7207,17.894894977109598,8.19383704233689,25.292788418134055
1986-01-24 03:17:00,-439807324.8154153,2677039702.561404,2677039702561.4043,17.894905121543314,8.19383806826782,25.29309472242991
1986-01-24 03:18:00,-439807264.8154153,2677041220.1655,2677041220165.4995,17.894915266100107,8.193839094210766,25.29340159893036
1986-01-24 03:19:00,-439807204.8154153,2677042737.7880387,2677042737788.0386,17.89492541078019,8.193840120165754,25.293708976109823
1986-01-24 03:20:00,-439807144.8154153,2677044255.4290533,2677044255429.053,17.89493555558377,8.193841146132804,25.294016909599303
1986-01-24 03:21:00,-439807084.8154153,2677045773.088576,2677045773088.576,17.89494570051107,8.193842172111937,25.294325375556944
1986-01-24 03:22:00,-439807024.8154153,2677047290.766639,2677047290766.639,17.894955845562308,8.193843198103178,25.29463438987732
1986-01-24 03:23:00,-439806964.8154153,2677048808.463277,2677048808463.277,17.89496599073771,8.193844224106545,25.294943960507712
1986-01-24 03:24:00,-439806904.8154153,2677050326.17852,2677050326178.5195,17.894976136037474,8.193845250122061,25.295254055658976
1986-01-24 03:25:00,-439806844.8154153,2677051843.9124026,2677051843912.403,17.894986281461843,8.19384627614975,25.29556470712026
1986-01-24 03:26:00,-439806784.8154153,2677053361.664957,2677053361664.957,17.894996427011026,8.193847302189635,25.295875906944275
1986-01-24 03:27:00,-439806724.8154153,2677054879.436217,2677054879436.217,17.895006572685244,8.193848328241735,25.296187663078307
1986-01-24 03:28:00,-439806664.8154153,2677056397.226214,2677056397226.214,17.89501671848471,8.193849354306074,25.296499951680502
1986-01-24 03:29:00,-439806604.8154153,2677057915.034983,2677057915034.9834,17.895026864409665,8.193850380382674,25.29681282043457
1986-01-24 03:30:00,-439806544.8154153,2677059432.862557,2677059432862.557,17.895037010460317,8.193851406471559,25.297126229604086
1986-01-24 03:31:00,-439806484.8154153,2677060950.708969,2677060950708.969,17.8950471566369,8.19385243257275,25.297440203030906
1986-01-24 03:32:00,-439806424.8154153,2677062468.574251,2677062468574.251,17.895057302939616,8.193853458686272,25.297754700978597
1986-01-24 03:33:00,-439806364.8154153,2677063986.45844,2677063986458.44,17.895067449368717,8.193854484812144,25.29806981086731
1986-01-24 03:34:00,-439806304.8154153,2677065504.361566,2677065504361.566,17.895077595924406,8.193855510950389,25.29838543732961
1986-01-24 03:35:00,-439806244.8154153,2677067022.2836647,2677067022283.665,17.89508774260692,8.193856537101032,25.298701643943787
1986-01-24 03:36:00,-439806184.8154153,2677068540.224769,2677068540224.769,17.89509788941648,8.193857563264096,25.29901840686798
1986-01-24 03:37:00,-439806124.8154153,2677070058.1849146,2677070058184.9146,17.89510803635332,8.193858589439603,25.29933575789134
1986-01-24 03:38:00,-439806064.8154153,2677071576.164133,2677071576164.1333,17.895118183417654,8.193859615627575,25.299653641382854
1986-01-24 03:39:00,-439806004.8154153,2677073094.1624603,2677073094162.4604,17.895128330609726,8.193860641828037,25.299972120920817
1986-01-24 03:40:00,-439805944.8154153,2677074612.179929,2677074612179.9287,17.895138477929745,8.19386166804101,25.300291140874226
1986-01-24 03:41:00,-439805884.8154153,2677076130.216576,2677076130216.576,17.895148625377967,8.19386269426652,25.300610788663228
1986-01-24 03:42:00,-439805824.8154153,2677077648.272431,2677077648272.4307,17.895158772954588,8.193863720504586,25.30093091328939
1986-01-24 03:43:00,-439805764.8154153,2677079166.347534,2677079166347.534,17.895168920659874,8.193864746755237,25.30125172138214
1986-01-24 03:44:00,-439805704.8154153,2677080684.4419165,2677080684441.9165,17.89517906849403,8.193865773018489,25.301573038101196
1986-01-24 03:45:00,-439805644.8154153,2677082202.5556126,2677082202555.613,17.895189216457297,8.193866799294371,25.30189493497213
1986-01-24 03:46:00,-439805584.8154153,2677083720.6886578,2677083720688.6577,17.8951993645499,8.193867825582904,25.30221741994222
1986-01-24 03:47:00,-439805524.8154153,2677085238.8410883,2677085238841.0884,17.895209512772087,8.193868851884115,25.302540508906045
1986-01-24 03:48:00,-439805464.8154153,2677086757.012938,2677086757012.938,17.89521966112408,8.193869878198026,25.302864162127175
1986-01-24 03:49:00,-439805404.8154153,2677088275.2042403,2677088275204.24,17.89522980960611,8.193870904524655,25.303188371658326
1986-01-24 03:50:00,-439805344.8154153,2677089793.415033,2677089793415.0327,17.895239958218422,8.193871930864033,25.303513209025066
1986-01-24 03:51:00,-439805284.8154153,2677091311.64535,2677091311645.35,17.89525010696125,8.193872957216183,25.303838618596394
1986-01-24 03:52:00,-439805224.8154153,2677092829.8952265,2677092829895.2266,17.895260255834824,8.193873983581124,25.3041646083196
1986-01-24 03:53:00,-439805164.8154153,2677094348.1646976,2677094348164.6978,17.895270404839376,8.193875009958886,25.304491186141966
1986-01-24 03:54:00,-439805104.8154153,2677095866.453801,2677095866453.8013,17.895280553975166,8.193876036349486,25.304818391799927
1986-01-24 03:55:00,-439805044.8154153,2677097384.76257,2677097384762.57,17.89529070324241,8.193877062752955,25.30514614582062
1986-01-24 03:56:00,-439804984.8154153,2677098903.091041,2677098903091.041,17.895300852641356,8.193878089169312,25.305474519729614
1986-01-24 03:57:00,-439804924.8154153,2677100421.439249,2677100421439.249,17.895311002172235,8.193879115598588,25.3058034658432
1986-01-24 03:58:00,-439804864.8154153,2677101939.807232,2677101939807.232,17.895321151835297,8.193880142040797,25.306133047739664
1986-01-24 03:59:00,-439804804.8154153,2677103458.1950235,2677103458195.0234,17.895331301630776,8.193881168495974,25.306463193893432
1986-01-24 04:00:00,-439804744.8154153,2677104976.6026626,2677104976602.6626,17.895341451558927,8.193882194964138,25.306793983777364
1986-01-24 04:01:00,-439804684.8154153,2677106495.0301824,2677106495030.182,17.89535160161997,8.19388322144531,25.307125329971313
1986-01-24 04:02:00,-439804624.8154153,2677108013.477621,2677108013477.621,17.895361751814168,8.19388424793952,25.30745731194814
1986-01-24 04:03:00,-439804564.8154153,2677109531.945014,2677109531945.014,17.895371902141747,8.19388527444679,25.307789882024128
1986-01-24 04:04:00,-439804504.8154153,2677111050.4323983,2677111050432.3984,17.89538205260296,8.193886300967147,25.308123071988422
1986-01-24 04:05:00,-439804444.8154153,2677112568.9398108,2677112568939.8105,17.895392203198057,8.193887327500615,25.30845687389374
1986-01-24 04:06:00,-439804384.8154153,2677114087.467287,2677114087467.287,17.89540235392727,8.193888354047216,25.3087912718455
1986-01-24 04:07:00,-439804324.8154153,2677115606.014865,2677115606014.8647,17.89541250479085,8.193889380606977,25.309126297632854
1986-01-24 04:08:00,-439804264.8154153,2677117124.582582,2677117124582.582,17.89542265578906,8.193890407179927,25.3094619512558
1986-01-24 04:09:00,-439804204.8154153,2677118643.170473,2677118643170.473,17.89543280692212,8.193891433766082,25.30979818503062
1986-01-24 04:10:00,-439804144.8154153,2677120161.778577,2677120161778.5767,17.895442958190294,8.193892460365474,25.310135062535604
1986-01-24 04:11:00,-439804084.8154153,2677121680.406931,2677121680406.931,17.895453109593834,8.193893486978126,25.31047256787618
1986-01-24 04:12:00,-439804024.8154153,2677123199.055571,2677123199055.572,17.895463261132978,8.19389451360406,25.310810669263205
1986-01-24 04:13:00,-439803964.8154153,2677124717.724536,2677124717724.536,17.89547341280798,8.193895540243311,25.31114941438039
1986-01-24 04:14:00,-439803904.8154153,2677126236.413864,2677126236413.864,17.895483564619106,8.193896566895894,25.311488803227743
1986-01-24 04:15:00,-439803844.8154153,2677127755.123589,2677127755123.589,17.895493716566577,8.193897593561838,25.31182874838511
1986-01-24 04:16:00,-439803784.8154153,2677129273.853753,2677129273853.753,17.895503868650675,8.19389862024117,25.31216940085093
1986-01-24 04:17:00,-439803724.8154153,2677130792.604392,2677130792604.392,17.895514020871637,8.193899646933916,25.3125106493632
1986-01-24 04:18:00,-439803664.8154153,2677132311.375544,2677132311375.5435,17.895524173229717,8.1939006736401,25.312852533658347
1986-01-24 04:19:00,-439803604.8154153,2677133830.1672463,2677133830167.2466,17.895534325725176,8.193901700359746,25.313195037841798
1986-01-24 04:20:00,-439803544.8154153,2677135348.979539,2677135348979.539,17.895544478358268,8.193902727092881,25.31353820959727
1986-01-24 04:21:00,-439803484.8154153,2677136867.8124595,2677136867812.4595,17.89555463112925,8.193903753839534,25.313882009188333
1986-01-24 04:22:00,-439803424.8154153,2677138386.666045,2677138386666.0454,17.89556478403837,8.193904780599727,25.314226428667705
1986-01-24 04:23:00,-439803364.8154153,2677139905.5403347,2677139905540.3345,17.895574937085886,8.193905807373486,25.31457149187724
1986-01-24 04:24:00,-439803304.8154153,2677141424.435368,2677141424435.368,17.895585090272064,8.19390683416084,25.314917222658792
1986-01-24 04:25:00,-439803244.8154153,2677142943.3511825,2677142943351.1826,17.895595243597157,8.193907860961815,25.315263573328654
1986-01-24 04:26:00,-439803184.8154153,2677144462.2878184,2677144462287.8184,17.895605397061434,8.193908887776434,25.31561059951782
1986-01-24 04:27:00,-439803124.8154153,2677145981.245313,2677145981245.313,17.895615550665145,8.193909914604724,25.315958245595297
1986-01-24 04:28:00,-439803064.8154153,2677147500.2237067,2677147500223.7065,17.895625704408552,8.193910941446715,25.31630655924479
1986-01-24 04:29:00,-439803004.8154153,2677149019.2230377,2677149019223.0376,17.895635858291918,8.193911968302432,25.31665551662445
1986-01-24 04:30:00,-439802944.8154153,2677150538.243346,2677150538243.346,17.89564601231551,8.193912995171896,25.317005141576132
1986-01-24 04:31:00,-439802884.8154153,2677152057.284671,2677152057284.671,17.895656166479586,8.19391402205514,25.317355410257974
1986-01-24 04:32:00,-439802824.8154153,2677153576.347051,2677153576347.052,17.895666320784414,8.193915048952192,25.317706338564555
1986-01-24 04:33:00,-439802764.8154153,2677155095.430527,2677155095430.528,17.895676475230253,8.193916075863074,25.318057934443157
1986-01-24 04:34:00,-439802704.8154153,2677156614.535138,2677156614535.138,17.895686629817373,8.193917102787811,25.318410181999205
1986-01-24 04:35:00,-439802644.8154153,2677158133.6609235,2677158133660.924,17.895696784546036,8.193918129726438,25.318763089179992
1986-01-24 04:36:00,-439802584.8154153,2677159652.807924,2677159652807.924,17.895706939416513,8.193919156678971,25.319116671880085
1986-01-24 04:37:00,-439802524.8154153,2677161171.97618,2677161171976.18,17.895717094429074,8.193920183645448,25.319470938046774
1986-01-24 04:38:00,-439802464.8154153,2677162691.165731,2677162691165.731,17.89572724958398,8.19392121062589,25.319825847943623
1986-01-24 04:39:00,-439802404.8154153,2677164210.3766165,2677164210376.6167,17.895737404881505,8.193922237620328,25.320181425412496
1986-01-24 04:40:00,-439802344.8154153,2677165729.608878,2677165729608.878,17.895747560321915,8.193923264628783,25.320537694295247
1986-01-24 04:41:00,-439802284.8154153,2677167248.8625555,2677167248862.556,17.895757715905482,8.193924291651289,25.320894622802733
1986-01-24 04:42:00,-439802224.8154153,2677168768.137692,2677168768137.692,17.895767871632493,8.19392531868787,25.321252274513245
1986-01-24 04:43:00,-439802164.8154153,2677170287.434324,2677170287434.323,17.89577802750319,8.193926345738555,25.321610530217487
1986-01-24 04:44:00,-439802104.8154153,2677171806.752495,2677171806752.4946,17.895788183517876,8.193927372803369,25.32196951707204
1986-01-24 04:45:00,-439802044.8154153,2677173326.092246,2677173326092.246,17.895798339676812,8.193928399882344,25.322329187393187
1986-01-24 04:46:00,-439801984.8154153,2677174845.453616,2677174845453.616,17.89580849598026,8.193929426975503,25.322689501444497
1986-01-24 04:47:00,-439801924.8154153,2677176364.8366494,2677176364836.6494,17.895818652428517,8.193930454082876,25.323050554593404
1986-01-24 04:48:00,-439801864.8154153,2677177884.241384,2677177884241.384,17.89582880902184,8.19393148120449,25.323412243525187
1986-01-24 04:49:00,-439801804.8154153,2677179403.6678653,2677179403667.865,17.89583896576053,8.193932508340378,25.323774687449138
1986-01-24 04:50:00,-439801744.8154153,2677180923.116132,2677180923116.132,17.895849122644844,8.193933535490562,25.32413777510325
1986-01-24 04:51:00,-439801684.8154153,2677182442.586226,2677182442586.226,17.89585927967507,8.193934562655073,25.324501570065816
1986-01-24 04:52:00,-439801624.8154153,2677183962.0781894,2677183962078.189,17.89586943685148,8.193935589833938,25.32486605644226
1986-01-24 04:53:00,-439801564.8154153,2677185481.5920653,2677185481592.0654,17.895879594174367,8.193936617027187,25.325231266021728
1986-01-24 04:54:00,-439801504.8154153,2677187001.127894,2677187001127.894,17.895889751644,8.193937644234847,25.32559714317322
1986-01-24 04:55:00,-439801444.8154153,2677188520.685719,2677188520685.719,17.89589990926067,8.193938671456944,25.325963751475015
1986-01-24 04:56:00,-439801384.8154153,2677190040.265582,2677190040265.582,17.89591006702465,8.193939698693512,25.326331051190696
1986-01-24 04:57:00,-439801324.8154153,2677191559.867525,2677191559867.525,17.895920224936233,8.193940725944575,25.32669905026754
1986-01-24 04:58:00,-439801264.8154153,2677193079.4915915,2677193079491.592,17.895930382995697,8.193941753210167,25.327067772547405
1986-01-24 04:59:00,-439801204.8154153,2677194599.137824,2677194599137.824,17.89594054120333,8.19394278049031,25.32743721008301
1986-01-24 05:00:00,-439801144.8154153,2677196118.806264,2677196118806.264,17.895950699559418,8.19394380778504,25.327807331085204
1986-01-24 05:01:00,-439801084.8154153,2677197638.496957,2677197638496.957,17.895960858064253,8.193944835094381,25.328178215026856
1986-01-24 05:02:00,-439801024.8154153,2677199158.209943,2677199158209.943,17.895971016718107,8.193945862418362,25.328549766540526
1986-01-24 05:03:00,-439800964.8154153,2677200677.945268,2677200677945.268,17.89598117552129,8.193946889757015,25.32892208894094
1986-01-24 05:04:00,-439800904.8154153,2677202197.7029734,2677202197702.973,17.89599133447408,8.193947917110368,25.329295086860657
1986-01-24 05:05:00,-439800844.8154153,2677203717.4831023,2677203717483.1025,17.896001493576758,8.193948944478452,25.329668815930685
1986-01-24 05:06:00,-439800784.8154153,2677205237.2857,2677205237285.7,17.89601165282963,8.193949971861292,25.330043292045595
1986-01-24 05:07:00,-439800724.8154153,2677206757.1108084,2677206757110.8086,17.896021812232977,8.19395099925892,25.330418475468953
1986-01-24 05:08:00,-439800664.8154153,2677208276.9584727,2677208276958.4727,17.896031971787103,8.193952026671369,25.330794405937194
1986-01-24 05:09:00,-439800604.8154153,2677209796.8287373,2677209796828.7373,17.8960421314923,8.193953054098664,25.331171075503033
1986-01-24 05:10:00,-439800544.8154153,2677211316.7216444,2677211316721.6445,17.896052291348855,8.193954081540834,25.33154845237732
1986-01-24 05:11:00,-439800484.8154153,2677212836.637239,2677212836637.239,17.896062451357064,8.193955108997914,25.33192657629649
1986-01-24 05:12:00,-439800424.8154153,2677214356.5755663,2677214356575.5664,17.896072611517233,8.193956136469932,25.332305455207823
1986-01-24 05:13:00,-439800364.8154153,2677215876.5366683,2677215876536.6685,17.896082771829644,8.193957163956913,25.332685033480328
1986-01-24 05:14:00,-439800304.8154153,2677217396.5205927,2677217396520.593,17.89609293229461,8.193958191458895,25.333065406481424
1986-01-24 05:15:00,-439800244.8154153,2677218916.527383,2677218916527.383,17.896103092912426,8.193959218975902,25.333446502685547
1986-01-24 05:16:00,-439800184.8154153,2677220436.557084,2677220436557.0835,17.89611325368339,8.19396024650797,25.333828353881835
1986-01-24 05:17:00,-439800124.8154153,2677221956.6097383,2677221956609.7383,17.89612341460779,8.193961274055122,25.334210904439292
1986-01-24 05:18:00,-439800064.8154153,2677223476.685395,2677223476685.3945,17.896133575685948,8.193962301617393,25.3345942735672
1986-01-24 05:19:00,-439800004.8154153,2677224996.7840977,2677224996784.0977,17.896143736918162,8.193963329194816,25.334978381792705
1986-01-24 05:20:00,-439799944.8154153,2677226516.905892,2677226516905.892,17.896153898304732,8.193964356787419,25.33536323706309
1986-01-24 05:21:00,-439799884.8154153,2677228037.050822,2677228037050.822,17.896164059845955,8.19396538439523,25.335748831431072
1986-01-24 05:22:00,-439799824.8154153,2677229557.218935,2677229557218.935,17.896174221542147,8.193966412018286,25.336135220527648
1986-01-24 05:23:00,-439799764.8154153,2677231077.410276,2677231077410.276,17.896184383393607,8.193967439656612,25.33652234872182
1986-01-24 05:24:00,-439799704.8154153,2677232597.6248918,2677232597624.891,17.896194545400647,8.193968467310242,25.336910263697305
1986-01-24 05:25:00,-439799644.8154153,2677234117.862828,2677234117862.827,17.89620470756358,8.193969494979205,25.337298933664957
1986-01-24 05:26:00,-439799584.8154153,2677235638.124129,2677235638124.129,17.896214869882698,8.193970522663538,25.33768835067749
1986-01-24 05:27:00,-439799524.8154153,2677237158.408844,2677237158408.844,17.896225032358327,8.193971550363264,25.338078586260476
1986-01-24 05:28:00,-439799464.8154153,2677238678.717018,2677238678717.018,17.89623519499077,8.193972578078418,25.338469568888346
1986-01-24 05:29:00,-439799404.8154153,2677240199.048698,2677240199048.6978,17.896245357780337,8.193973605809033,25.33886133035024
1986-01-24 05:30:00,-439799344.8154153,2677241719.403931,2677241719403.931,17.89625552072735,8.193974633555142,25.33925388654073
1986-01-24 05:31:00,-439799284.8154153,2677243239.7827625,2677243239782.7627,17.89626568383211,8.19397566131677,25.3396471897761
1986-01-24 05:32:00,-439799224.8154153,2677244760.1852417,2677244760185.2417,17.89627584709494,8.193976689093958,25.340041319529217
1986-01-24 05:33:00,-439799164.8154153,2677246280.611415,2677246280611.415,17.896286010516157,8.19397771688673,25.340436220169067
1986-01-24 05:34:00,-439799104.8154153,2677247801.0613294,2677247801061.3296,17.896296174096076,8.193978744695123,25.340831907590232
1986-01-24 05:35:00,-439799044.8154153,2677249321.535031,2677249321535.031,17.896306337835,8.193979772519164,25.341228357950847
1986-01-24 05:36:00,-439798984.8154153,2677250842.03257,2677250842032.57,17.89631650173327,8.193980800358888,25.341625650723774
1986-01-24 05:37:00,-439798924.8154153,2677252362.553992,2677252362553.992,17.896326665791186,8.193981828214328,25.34202369848887
1986-01-24 05:38:00,-439798864.8154153,2677253883.0993466,2677253883099.3467,17.896336830009083,8.193982856085519,25.342422580718996
1986-01-24 05:39:00,-439798804.8154153,2677255403.6686807,2677255403668.6807,17.896346994387272,8.193983883972486,25.342822233835857
1986-01-24 05:40:00,-439798744.8154153,2677256924.262044,2677256924262.044,17.896357158926087,8.193984911875269,25.343222721417746
1986-01-24 05:41:00,-439798684.8154153,2677258444.8794823,2677258444879.4824,17.896367323625835,8.193985939793896,25.34362397193909
1986-01-24 05:42:00,-439798624.8154153,2677259965.521046,2677259965521.0464,17.89637748848685,8.1939869677284,25.344026064872743
1986-01-24 05:43:00,-439798564.8154153,2677261486.186783,2677261486186.7827,17.89638765350945,8.193987995678816,25.34442894458771
1986-01-24 05:44:00,-439798504.8154153,2677263006.876744,2677263006876.743,17.896397818693977,8.193989023645175,25.344832682609557
1986-01-24 05:45:00,-439798444.8154153,2677264527.5909743,2677264527590.974,17.896407984040742,8.193990051627512,25.345237175623577
1986-01-24 05:46:00,-439798384.8154153,2677266048.329525,2677266048329.5254,17.896418149550076,8.19399107962586,25.345642511049906
1986-01-24 05:47:00,-439798324.8154153,2677267569.092447,2677267569092.447,17.896428315222316,8.19399210764025,25.346048696835837
1986-01-24 05:48:00,-439798264.8154153,2677269089.8797865,2677269089879.7866,17.896438481057782,8.19399313567072,25.34645566145579
1986-01-24 05:49:00,-439798204.8154153,2677270610.691594,2677270610691.594,17.896448647056808,8.193994163717296,25.34686346054077
1986-01-24 05:50:00,-439798144.8154153,2677272131.52792,2677272131527.9204,17.89645881321973,8.193995191780017,25.34727209409078
1986-01-24 05:51:00,-439798084.8154153,2677273652.388815,2677273652388.815,17.89646897954688,8.193996219858917,25.347681585947672
1986-01-24 05:52:00,-439798024.8154153,2677275173.274327,2677275173274.3267,17.896479146038587,8.193997247954027,25.348091864585875
1986-01-24 05:53:00,-439797964.8154153,2677276694.1845083,2677276694184.5083,17.896489312695202,8.193998276065383,25.348503025372825
1986-01-24 05:54:00,-439797904.8154153,2677278215.1194067,2677278215119.4067,17.896499479517036,8.193999304193017,25.34891497294108
1986-01-24 05:55:00,-439797844.8154153,2677279736.079076,2677279736079.075,17.89650964650445,8.194000332336964,25.349327818552652
1986-01-24 05:56:00,-439797784.8154153,2677281257.063562,2677281257063.562,17.896519813657765,8.19400136049726,25.349741435050966
1986-01-24 05:57:00,-439797724.8154153,2677282778.07292,2677282778072.92,17.89652998097733,8.194002388673939,25.35015596548716
1986-01-24 05:58:00,-439797664.8154153,2677284299.107198,2677284299107.198,17.89654014846348,8.194003416867032,25.35057130654653
1986-01-24 05:59:00,-439797604.8154153,2677285820.166449,2677285820166.4497,17.896550316116564,8.194004445076574,25.350987513860066
1986-01-24 06:00:00,-439797544.8154153,2677287341.2507224,2677287341250.722,17.896560483936906,8.194005473302601,25.35140455563863
1986-01-24 06:01:00,-439797484.8154153,2677288862.360072,2677288862360.0723,17.896570651924876,8.19400650154515,25.35182249546051
1986-01-24 06:02:00,-439797424.8154153,2677290383.494547,2677290383494.547,17.896580820080796,8.194007529804255,25.352241245905557
1986-01-24 06:03:00,-439797364.8154153,2677291904.654201,2677291904654.2017,17.896590988405034,8.194008558079947,25.352660902341206
1986-01-24 06:04:00,-439797304.8154153,2677293425.8390846,2677293425839.0845,17.896601156897916,8.194009586372264,25.353081393241883
1986-01-24 06:05:00,-439797244.8154153,2677294947.0492496,2677294947049.249,17.896611325559796,8.194010614681243,25.35350275039673
1986-01-24 06:06:00,-439797184.8154153,2677296468.284749,2677296468284.749,17.896621494391027,8.194011643006915,25.353924989700317
1986-01-24 06:07:00,-439797124.8154153,2677297989.5456347,2677297989545.635,17.89663166339195,8.19401267134932,25.35434809525808
1986-01-24 06:08:00,-439797064.8154153,2677299510.8319607,2677299510831.9604,17.896641832562935,8.194013699708488,25.35477209885915
1986-01-24 06:09:00,-439797004.8154153,2677301032.1437774,2677301032143.7773,17.896652001904314,8.194014728084456,25.35519694487254
1986-01-24 06:10:00,-439796944.8154153,2677302553.481138,2677302553481.138,17.896662171416445,8.194015756477265,25.355622680981956
1986-01-24 06:11:00,-439796884.8154153,2677304074.8440976,2677304074844.0977,17.89667234109969,8.194016784886946,25.35604932308197
1986-01-24 06:12:00,-439796824.8154153,2677305596.2327065,2677305596232.7065,17.896682510954395,8.194017813313536,25.356476815541587
1986-01-24 06:13:00,-439796764.8154153,2677307117.6470203,2677307117647.0205,17.896692680980923,8.194018841757073,25.356905229886372
1986-01-24 06:14:00,-439796704.8154153,2677308639.0870914,2677308639087.092,17.89670285117963,8.194019870217588,25.357334518432616
1986-01-24 06:15:00,-439796644.8154153,2677310160.5529747,2677310160552.9746,17.89671302155088,8.194020898695122,25.357764720916748
1986-01-24 06:16:00,-439796584.8154153,2677311682.0447226,2677311682044.7227,17.896723192095024,8.19402192718971,25.358195797602335
1986-01-24 06:17:00,-439796524.8154153,2677313203.56239,2677313203562.3896,17.89673336281243,8.194022955701385,25.35862778822581
1986-01-24 06:18:00,-439796464.8154153,2677314725.106029,2677314725106.0293,17.89674353370345,8.19402398423019,25.35906065305074
1986-01-24 06:19:00,-439796404.8154153,2677316246.6756973,2677316246675.6973,17.896753704768457,8.194025012776159,25.359494471549986
1986-01-24 06:20:00,-439796344.8154153,2677317768.271448,2677317768271.448,17.896763876007814,8.194026041339328,25.359929180145265
1986-01-24 06:21:00,-439796284.8154153,2677319289.8933344,2677319289893.3345,17.896774047421882,8.194027069919732,25.360364770889284
1986-01-24 06:22:00,-439796224.8154153,2677320811.541413,2677320811541.4126,17.896784219011032,8.194028098517414,25.36080130736033
1986-01-24 06:23:00,-439796164.8154153,2677322333.2157383,2677322333215.7383,17.896794390775632,8.194029127132406,25.361238757769268
1986-01-24 06:24:00,-439796104.8154153,2677323854.9163656,2677323854916.3657,17.89680456271605,8.194030155764747,25.361677122116088
1986-01-24 06:25:00,-439796044.8154153,2677325376.643352,2677325376643.352,17.896814734832663,8.194031184414476,25.36211644013723
1986-01-24 06:26:00,-439795984.8154153,2677326898.3967485,2677326898396.7485,17.896824907125826,8.194032213081627,25.362556608517966
1986-01-24 06:27:00,-439795924.8154153,2677328420.1766148,2677328420176.6147,17.896835079595924,8.194033241766238,25.36299777030945
1986-01-24 06:28:00,-439795864.8154153,2677329941.9830065,2677329941983.0063,17.89684525224333,8.19403427046835,25.36343986193339
1986-01-24 06:29:00,-439795804.8154153,2677331463.815979,2677331463815.979,17.89685542506842,8.194035299188002,25.363882875442506
1986-01-24 06:30:00,-439795744.8154153,2677332985.675587,2677332985675.5874,17.89686559807156,8.194036327925225,25.364326802889504
1986-01-24 06:31:00,-439795684.8154153,2677334507.56189,2677334507561.89,17.896875771253143,8.194037356680065,25.364771715799968
1986-01-24 06:32:00,-439795624.8154153,2677336029.474943,2677336029474.9434,17.896885944613537,8.194038385452556,25.365217550595602
1986-01-24 06:33:00,-439795564.8154153,2677337551.4148016,2677337551414.802,17.896896118153116,8.194039414242736,25.365664307276408
1986-01-24 06:34:00,-439795504.8154153,2677339073.381526,2677339073381.526,17.896906291872284,8.194040443050643,25.36611207326253
1986-01-24 06:35:00,-439795444.8154153,2677340595.37517,2677340595375.1704,17.896916465771397,8.194041471876318,25.366560737291973
1986-01-24 06:36:00,-439795384.8154153,2677342117.395794,2677342117395.794,17.896926639850857,8.194042500719803,25.36701039473216
1986-01-24 06:37:00,-439795324.8154153,2677343639.443454,2677343639443.4536,17.896936814111044,8.19404352958113,25.367460997899375
1986-01-24 06:38:00,-439795264.8154153,2677345161.518207,2677345161518.207,17.89694698855234,8.19404455846034,25.367912554740904
1986-01-24 06:39:00,-439795204.8154153,2677346683.6201115,2677346683620.112,17.896957163175127,8.194045587357474,25.36836507320404
1986-01-24 06:40:00,-439795144.8154153,2677348205.749226,2677348205749.226,17.896967337979806,8.194046616272571,25.368818577130636
1986-01-24 06:41:00,-439795084.8154153,2677349727.905608,2677349727905.6084,17.896977512966757,8.194047645205668,25.369273034731545
1986-01-24 06:42:00,-439795024.8154153,2677351250.089318,2677351250089.318,17.89698768813638,8.194048674156807,25.36972849369049
1986-01-24 06:43:00,-439794964.8154153,2677352772.3004127,2677352772300.4126,17.896997863489062,8.194049703126026,25.370184914271036
1986-01-24 06:44:00,-439794904.8154153,2677354294.5389514,2677354294538.951,17.897008039025195,8.194050732113366,25.370642312367757
1986-01-24 06:45:00,-439794844.8154153,2677355816.804993,2677355816804.993,17.897018214745174,8.194051761118867,25.37110069592794
1986-01-24 06:46:00,-439794784.8154153,2677357339.0985966,2677357339098.5967,17.897028390649393,8.194052790142567,25.37156005700429
1986-01-24 06:47:00,-439794724.8154153,2677358861.419823,2677358861419.823,17.89703856673826,8.19405381918451,25.372020443280537
1986-01-24 06:48:00,-439794664.8154153,2677360383.768732,2677360383768.7314,17.897048743012167,8.194054848244734,25.372481815020244
1986-01-24 06:49:00,-439794604.8154153,2677361906.145381,2677361906145.381,17.89705891947151,8.194055877323278,25.372944148381553
1986-01-24 06:50:00,-439794544.8154153,2677363428.5498314,2677363428549.8315,17.8970690961167,8.194056906420185,25.373407506942748
1986-01-24 06:51:00,-439794484.8154153,2677364950.982143,2677364950982.143,17.897079272948123,8.194057935535493,25.373871858914693
1986-01-24 06:52:00,-439794424.8154153,2677366473.4423776,2677366473442.3774,17.8970894499662,8.194058964669244,25.374337244033814
1986-01-24 06:53:00,-439794364.8154153,2677367995.930593,2677367995930.593,17.89709962717132,8.19405999382148,25.374803590774537
1986-01-24 06:54:00,-439794304.8154153,2677369518.446853,2677369518446.853,17.897109804563904,8.194061022992242,25.37527100245158
1986-01-24 06:55:00,-439794244.8154153,2677371040.991217,2677371040991.2173,17.897119982144353,8.19406205218157,25.37573939959208
1986-01-24 06:56:00,-439794184.8154153,2677372563.563747,2677372563563.747,17.89713015991308,8.194063081389505,25.37620882987976
1986-01-24 06:57:00,-439794124.8154153,2677374086.164504,2677374086164.504,17.897140337870493,8.19406411061609,25.37667928536733
1986-01-24 06:58:00,-439794064.8154153,2677375608.7935486,2677375608793.549,17.897150516016996,8.194065139861369,25.37715074221293
1986-01-24 06:59:00,-439794004.8154153,2677377131.4509444,2677377131450.9443,17.897160694353015,8.194066169125376,25.377623263994852
1986-01-24 07:00:00,-439793944.8154153,2677378654.1367526,2677378654136.7524,17.89717087287896,8.194067198408161,25.37809680302938
1986-01-24 07:01:00,-439793884.8154153,2677380176.851034,2677380176851.0347,17.89718105159524,8.194068227709762,25.378571359316506
1986-01-24 07:02:00,-439793824.8154153,2677381699.5938544,2677381699593.8545,17.897191230502283,8.194069257030222,25.379047004381814
1986-01-24 07:03:00,-439793764.8154153,2677383222.365273,2677383222365.273,17.8972014096005,8.194070286369582,25.37952364285787
1986-01-24 07:04:00,-439793704.8154153,2677384745.165356,2677384745165.3555,17.897211588890322,8.194071315727887,25.380001386006672
1986-01-24 07:05:00,-439793644.8154153,2677386267.9941616,2677386267994.1616,17.897221768372148,8.194072345105178,25.38048009077708
1986-01-24 07:06:00,-439793584.8154153,2677387790.851757,2677387790851.7573,17.89723194804642,8.194073374501498,25.380959924062093
1986-01-24 07:07:00,-439793524.8154153,2677389313.738205,2677389313738.205,17.897242127913557,8.194074403916888,25.38144079844157
1986-01-24 07:08:00,-439793464.8154153,2677390836.653569,2677390836653.5693,17.89725230797399,8.194075433351394,25.381922737757364
1986-01-24 07:09:00,-439793404.8154153,2677392359.597913,2677392359597.9126,17.897262488228137,8.194076462805057,25.382405726114907
1986-01-24 07:10:00,-439793344.8154153,2677393882.5713,2677393882571.3,17.897272668676425,8.194077492277925,25.38288978735606
1986-01-24 07:11:00,-439793284.8154153,2677395405.573795,2677395405573.795,17.897282849319293,8.194078521770033,25.38337491353353
1986-01-24 07:12:00,-439793224.8154153,2677396928.605463,2677396928605.463,17.89729303015717,8.194079551281433,25.38386113643646
1986-01-24 07:13:00,-439793164.8154153,2677398451.6663675,2677398451666.368,17.897303211190476,8.194080580812162,25.384348408381143
1986-01-24 07:14:00,-439793104.8154153,2677399974.756576,2677399974756.576,17.89731339241967,8.19408161036227,25.384836808840433
1986-01-24 07:15:00,-439793044.8154153,2677401497.8761506,2677401497876.1504,17.897323573845163,8.194082639931796,25.3853262424469
1986-01-24 07:16:00,-439792984.8154153,2677403021.0251584,2677403021025.158,17.897333755467407,8.194083669520786,25.385816796620688
1986-01-24 07:17:00,-439792924.8154153,2677404544.203664,2677404544203.664,17.89734393728683,8.194084699129284,25.38630842367808
1986-01-24 07:18:00,-439792864.8154153,2677406067.411734,2677406067411.734,17.89735411930388,8.194085728757337,25.386801171302796
1986-01-24 07:19:00,-439792804.8154153,2677407590.649434,2677407590649.434,17.897364301518994,8.194086758404984,25.387294999758403
1986-01-24 07:20:00,-439792744.8154153,2677409113.916832,2677409113916.832,17.897374483932627,8.194087788072277,25.387789964675903
1986-01-24 07:21:00,-439792684.8154153,2677410637.2139926,2677410637213.9927,17.89738466654521,8.194088817759253,25.388286010424295
1986-01-24 07:22:00,-439792624.8154153,2677412160.540982,2677412160540.982,17.897394849357184,8.194089847465964,25.388783152898153
1986-01-24 07:23:00,-439792564.8154153,2677413683.897868,2677413683897.868,17.897405032369004,8.194090877192451,25.38928143978119
1986-01-24 07:24:00,-439792504.8154153,2677415207.284717,2677415207284.7173,17.897415215581123,8.194091906938763,25.389780815442403
1986-01-24 07:25:00,-439792444.8154153,2677416730.701598,2677416730701.5986,17.89742539899399,8.194092936704942,25.39028135140737
1986-01-24 07:26:00,-439792384.8154153,2677418254.148579,2677418254148.579,17.897435582608058,8.194093966491033,25.390783015886942
1986-01-24 07:27:00,-439792324.8154153,2677419777.6257253,2677419777625.725,17.89744576642377,8.194094996297089,25.391285769144694
1986-01-24 07:28:00,-439792264.8154153,2677421301.133106,2677421301133.1064,17.89745595044159,8.194096026123146,25.391789682706197
1986-01-24 07:29:00,-439792204.8154153,2677422824.67079,2677422824670.79,17.897466134661972,8.194097055969257,25.392294732729592
1986-01-24 07:30:00,-439792144.8154153,2677424348.238845,2677424348238.8447,17.89747631908537,8.194098085835464,25.3928009112676
1986-01-24 07:31:00,-439792084.8154153,2677425871.837341,2677425871837.341,17.897486503712255,8.194099115721817,25.393308266003928
1986-01-24 07:32:00,-439792024.8154153,2677427395.4663463,2677427395466.346,17.897496688543082,8.194100145628362,25.39381675720215
1986-01-24 07:33:00,-439791964.8154153,2677428919.125929,2677428919125.9287,17.89750687357831,8.194101175555144,25.39432637691498
1986-01-24 07:34:00,-439791904.8154153,2677430442.81616,2677430442816.16,17.897517058818405,8.194102205502212,25.394837188720704
1986-01-24 07:35:00,-439791844.8154153,2677431966.537109,2677431966537.109,17.897527244263838,8.194103235469612,25.395349144935608
1986-01-24 07:36:00,-439791784.8154153,2677433490.288845,2677433490288.8457,17.897537429915076,8.19410426545739,25.39586226940155
1986-01-24 07:37:00,-439791724.8154153,2677435014.071439,2677435014071.439,17.897547615772574,8.194105295465596,25.39637656211853
1986-01-24 07:38:00,-439791664.8154153,2677436537.8849616,2677436537884.9614,17.897557801836825,8.194106325494277,25.396892046928407
1986-01-24 07:39:00,-439791604.8154153,2677438061.7294817,2677438061729.482,17.897567988108282,8.194107355543478,25.397408668200175
1986-01-24 07:40:00,-439791544.8154153,2677439585.605072,2677439585605.0723,17.89757817458743,8.194108385613251,25.397926505406698
1986-01-24 07:41:00,-439791484.8154153,2677441109.511804,2677441109511.804,17.897588361274746,8.194109415703641,25.398445534706116
1986-01-24 07:42:00,-439791424.8154153,2677442633.4497466,2677442633449.7466,17.89759854817069,8.194110445814696,25.398965708414714
1986-01-24 07:43:00,-439791364.8154153,2677444157.4189744,2677444157418.9746,17.897608735275767,8.194111475946467,25.39948712984721
1986-01-24 07:44:00,-439791304.8154153,2677445681.4195566,2677445681419.5566,17.897618922590432,8.194112506099001,25.40000970363617
1986-01-24 07:45:00,-439791244.8154153,2677447205.451567,2677447205451.5674,17.897629110115183,8.194113536272345,25.400533509254455
1986-01-24 07:46:00,-439791184.8154153,2677448729.515079,2677448729515.079,17.89763929785051,8.194114566466551,25.401058530807497
1986-01-24 07:47:00,-439791124.8154153,2677450253.6101627,2677450253610.1626,17.89764948579688,8.19411559668167,25.40158472855886
1986-01-24 07:48:00,-439791064.8154153,2677451777.736892,2677451777736.892,17.897659673954788,8.194116626917744,25.40211215813955
1986-01-24 07:49:00,-439791004.8154153,2677453301.8953395,2677453301895.34,17.897669862324715,8.194117657174827,25.402640787760415
1986-01-24 07:50:00,-439790944.8154153,2677454826.0855803,2677454826085.5806,17.897680050907173,8.194118687452967,25.403170680999757
1986-01-24 07:51:00,-439790884.8154153,2677456350.3076878,2677456350307.6875,17.89769023970264,8.19411971775222,25.403701790173848
1986-01-24 07:52:00,-439790824.8154153,2677457874.561732,2677457874561.732,17.897700428711598,8.194120748072626,25.404234067598978
1986-01-24 07:53:00,-439790764.8154153,2677459398.847793,2677459398847.793,17.89771061793457,8.194121778414242,25.404767688115438
1986-01-24 07:54:00,-439790704.8154153,2677460923.1659408,2677460923165.941,17.897720807372032,8.194122808777113,25.405302460988363
1986-01-24 07:55:00,-439790644.8154153,2677462447.516252,2677462447516.2515,17.89773099702449,8.194123839161296,25.405838521321616
1986-01-24 07:56:00,-439790584.8154153,2677463971.8988,2677463971898.8,17.897741186892443,8.194124869566835,25.40637579758962
1986-01-24 07:57:00,-439790524.8154153,2677465496.3136625,2677465496313.6626,17.8977513769764,8.194125899993788,25.406914377212523
1986-01-24 07:58:00,-439790464.8154153,2677467020.760913,2677467020760.913,17.89776156727686,8.194126930442199,25.407454172770183
1986-01-24 07:59:00,-439790404.8154153,2677468545.2406263,2677468545240.6265,17.89777175779432,8.194127960912123,25.407995223999023
1986-01-24 08:00:00,-439790344.8154153,2677470069.752881,2677470069752.8813,17.89778194852931,8.194128991403609,25.408537578582763
1986-01-24 08:01:00,-439790284.8154153,2677471594.297753,2677471594297.753,17.897792139482323,8.194130021916711,25.409081196784975
1986-01-24 08:02:00,-439790224.8154153,2677473118.875316,2677473118875.316,17.89780233065387,8.194131052451478,25.409626054763795
1986-01-24 08:03:00,-439790164.8154153,2677474643.4856505,2677474643485.6504,17.89781252204448,8.194132083007966,25.41017223993937
1986-01-24 08:04:00,-439790104.8154153,2677476168.1288304,2677476168128.8306,17.897822713654644,8.194133113586222,25.410719664891563
1986-01-24 08:05:00,-439790044.8154153,2677477692.804935,2677477692804.935,17.897832905484897,8.194134144186304,25.41126840909322
1986-01-24 08:06:00,-439789984.8154153,2677479217.51404,2677479217514.04,17.89784309753575,8.194135174808258,25.411818416913352
1986-01-24 08:07:00,-439789924.8154153,2677480742.256226,2677480742256.226,17.897853289807728,8.194136205452141,25.41236976782481
1986-01-24 08:08:00,-439789864.8154153,2677482267.0315685,2677482267031.5684,17.897863482301346,8.194137236118005,25.41292237440745
1986-01-24 08:09:00,-439789804.8154153,2677483791.840149,2677483791840.149,17.89787367501715,8.194138266805902,25.413476339975993
1986-01-24 08:10:00,-439789744.8154153,2677485316.6820416,2677485316682.041,17.897883867955628,8.194139297515884,25.414031545321148
1986-01-24 08:11:00,-439789684.8154153,2677486841.557329,2677486841557.329,17.897894061117338,8.19414032824801,25.414588125546775
1986-01-24 08:12:00,-439789624.8154153,2677488366.466089,2677488366466.0894,17.897904254502798,8.194141359002325,25.415145993232727
1986-01-24 08:13:00,-439789564.8154153,2677489891.408403,2677489891408.403,17.89791444811255,8.19414238977889,25.415705235799155
1986-01-24 08:14:00,-439789504.8154153,2677491416.384348,2677491416384.348,17.897924641947114,8.194143420577756,25.416265749931334
1986-01-24 08:15:00,-439789444.8154153,2677492941.3940053,2677492941394.0054,17.897934836007032,8.194144451398975,25.416827623049418
1986-01-24 08:16:00,-439789384.8154153,2677494466.437455,2677494466437.455,17.89794503029284,8.194145482242606,25.417390831311543
1986-01-24 08:17:00,-439789324.8154153,2677495991.51478,2677495991514.7803,17.897955224805084,8.194146513108702,25.41795541445414
1986-01-24 08:18:00,-439789264.8154153,2677497516.6260586,2677497516626.0586,17.897965419544295,8.194147543997316,25.418521308898924
1986-01-24 08:19:00,-439789204.8154153,2677499041.771372,2677499041771.372,17.897975614511015,8.194148574908501,25.419088554382324
1986-01-24 08:20:00,-439789144.8154153,2677500566.950804,2677500566950.804,17.897985809705805,8.194149605842318,25.41965720653534
1986-01-24 08:21:00,-439789084.8154153,2677502092.164434,2677502092164.434,17.897996005129198,8.194150636798819,25.420227162043254
1986-01-24 08:22:00,-439789024.8154153,2677503617.4123454,2677503617412.345,17.898006200781744,8.194151667778058,25.420798524220785
1986-01-24 08:23:00,-439788964.8154153,2677505142.69462,2677505142694.62,17.898016396663994,8.194152698780094,25.421371245384215
1986-01-24 08:24:00,-439788904.8154153,2677506668.0113406,2677506668011.341,17.898026592776503,8.194153729804977,25.42194534142812
1986-01-24 08:25:00,-439788844.8154153,2677508193.3625927,2677508193362.593,17.89803678911984,8.194154760852774,25.4225208679835
1986-01-24 08:26:00,-439788784.8154153,2677509718.748456,2677509718748.456,17.89804698569454,8.19415579192353,25.423097721735637
1986-01-24 08:27:00,-439788724.8154153,2677511244.1690154,2677511244169.016,17.898057182501166,8.194156823017305,25.423675990104677
1986-01-24 08:28:00,-439788664.8154153,2677512769.6243544,2677512769624.3545,17.89806737954028,8.194157854134161,25.42425564924876
1986-01-24 08:29:00,-439788604.8154153,2677514295.114558,2677514295114.558,17.89807757681245,8.194158885274145,25.424836730957033
1986-01-24 08:30:00,-439788544.8154153,2677515820.6397114,2677515820639.7114,17.898087774318245,8.194159916437323,25.42541921933492
1986-01-24 08:31:00,-439788484.8154153,2677517346.199898,2677517346199.898,17.89809797205822,8.19416094762375,25.42600310643514
1986-01-24 08:32:00,-439788424.8154153,2677518871.795204,2677518871795.204,17.89810817003296,8.194161978833481,25.426588439941405
1986-01-24 08:33:00,-439788364.8154153,2677520397.425713,2677520397425.7134,17.898118368243015,8.194163010066575,25.427175148328146
1986-01-24 08:34:00,-439788304.8154153,2677521923.0915127,2677521923091.5127,17.89812856668897,8.194164041323091,25.42776332696279
1986-01-24 08:35:00,-439788244.8154153,2677523448.7926884,2677523448792.6885,17.898138765371403,8.194165072603086,25.428352928161623
1986-01-24 08:36:00,-439788184.8154153,2677524974.5293274,2677524974529.327,17.89814896429089,8.19416610390662,25.428943983713786
1986-01-24 08:37:00,-439788124.8154153,2677526500.301514,2677526500301.514,17.898159163448003,8.194167135233746,25.429536445935568
1986-01-24 08:38:00,-439788064.8154153,2677528026.1093383,2677528026109.3384,17.898169362843333,8.19416816658453,25.430130402247112
1986-01-24 08:39:00,-439788004.8154153,2677529551.9528856,2677529551952.8857,17.898179562477463,8.19416919795903,25.43072578907013
1986-01-24 08:40:00,-439787944.8154153,2677531077.832244,2677531077832.244,17.89818976235097,8.1941702293573,25.431322638193766
1986-01-24 08:41:00,-439787884.8154153,2677532603.747502,2677532603747.502,17.898199962464453,8.194171260779404,25.431920965512592
1986-01-24 08:42:00,-439787824.8154153,2677534129.6987467,2677534129698.7466,17.898210162818494,8.1941722922254,25.432520747184753
1986-01-24 08:43:00,-439787764.8154153,2677535655.6860685,2677535655686.0684,17.898220363413692,8.194173323695349,25.433122030893962
1986-01-24 08:44:00,-439787704.8154153,2677537181.709555,2677537181709.555,17.89823056425064,8.194174355189311,25.433724776903787
1986-01-24 08:45:00,-439787644.8154153,2677538707.769295,2677538707769.2954,17.898240765329927,8.194175386707345,25.434329001108804
1986-01-24 08:46:00,-439787584.8154153,2677540233.86538,2677540233865.38,17.89825096665216,8.19417641824951,25.434934743245442
1986-01-24 08:47:00,-439787524.8154153,2677541759.997897,2677541759997.897,17.898261168217932,8.19417744981587,25.435541955629983
1986-01-24 08:48:00,-439787464.8154153,2677543286.16694,2677543286166.9404,17.898271370027864,8.194178481406487,25.43615071773529
1986-01-24 08:49:00,-439787404.8154153,2677544812.3725963,2677544812372.596,17.89828157208254,8.194179513021417,25.43676093419393
1986-01-24 08:50:00,-439787344.8154153,2677546338.6149592,2677546338614.9595,17.898291774382585,8.194180544660727,25.437372716267905
1986-01-24 08:51:00,-439787284.8154153,2677547864.8941183,2677547864894.118,17.898301976928597,8.194181576324473,25.437985984484353
1986-01-24 08:52:00,-439787224.8154153,2677549391.2101665,2677549391210.1665,17.898312179721195,8.194182608012722,25.43860080242157
1986-01-24 08:53:00,-439787164.8154153,2677550917.563194,2677550917563.194,17.898322382760988,8.194183639725534,25.439217122395835
1986-01-24 08:54:00,-439787104.8154153,2677552443.953296,2677552443953.296,17.898332586048607,8.194184671462974,25.439835039774575
1986-01-24 08:55:00,-439787044.8154153,2677553970.380562,2677553970380.562,17.898342789584653,8.194185703225097,25.440454427401225
1986-01-24 08:56:00,-439786984.8154153,2677555496.845086,2677555496845.086,17.898352993369752,8.194186735011973,25.441075404485066
1986-01-24 08:57:00,-439786924.8154153,2677557023.346962,2677557023346.962,17.898363197404535,8.194187766823665,25.441697931289674
1986-01-24 08:58:00,-439786864.8154153,2677558549.8862834,2677558549886.283,17.898373401689625,8.194188798660232,25.442322023709615
1986-01-24 08:59:00,-439786804.8154153,2677560076.4631443,2677560076463.1445,17.89838360622565,8.194189830521742,25.442947681744894
1986-01-24 09:00:00,-439786744.8154153,2677561603.077639,2677561603077.639,17.898393811013243,8.194190862408256,25.443574913342793
1986-01-24 09:01:00,-439786684.8154153,2677563129.729862,2677563129729.8623,17.898404016053032,8.194191894319838,25.444203718503317
1986-01-24 09:02:00,-439786624.8154153,2677564656.419908,2677564656419.908,17.89841422134565,8.194192926256552,25.44483409722646
1986-01-24 09:03:00,-439786564.8154153,2677566183.1478734,2677566183147.873,17.89842442689175,8.194193958218463,25.445466089248658
1986-01-24 09:04:00,-439786504.8154153,2677567709.913853,2677567709913.853,17.898434632691956,8.194194990205638,25.44609966278076
1986-01-24 09:05:00,-439786444.8154153,2677569236.717944,2677569236717.9443,17.898444838746922,8.194196022218136,25.446734849611918
1986-01-24 09:06:00,-439786384.8154153,2677570763.560242,2677570763560.242,17.898455045057286,8.19419705425603,25.447371633847556
1986-01-24 09:07:00,-439786324.8154153,2677572290.4408445,2677572290440.8447,17.898465251623698,8.19419808631938,25.448010039329528
1986-01-24 09:08:00,-439786264.8154153,2677573817.3598485,2677573817359.8486,17.898475458446807,8.194199118408255,25.44865006605784
1986-01-24 09:09:00,-439786204.8154153,2677575344.3173523,2677575344317.3525,17.898485665527275,8.194200150522716,25.44929172992706
1986-01-24 09:10:00,-439786144.8154153,2677576871.313452,2677576871313.452,17.898495872865738,8.194201182662834,25.449934991200767
1986-01-24 09:11:00,-439786084.8154153,2677578398.348248,2677578398348.248,17.89850608046287,8.194202214828673,25.450579937299093
1986-01-24 09:12:00,-439786024.8154153,2677579925.4218373,2677579925421.8374,17.89851628831932,8.194203247020301,25.451226488749185
1986-01-24 09:13:00,-439785964.8154153,2677581452.534322,2677581452534.322,17.898526496435768,8.194204279237786,25.451874740918477
1986-01-24 09:14:00,-439785904.8154153,2677582979.685797,2677582979685.7974,17.898536704812855,8.194205311481193,25.45252459049225
1986-01-24 09:15:00,-439785844.8154153,2677584506.8763666,2677584506876.3667,17.898546913451266,8.194206343750592,25.45317615667979
1986-01-24 09:16:00,-439785784.8154153,2677586034.106128,2677586034106.1284,17.898557122351665,8.194207376046045,25.45382936000824
1986-01-24 09:17:00,-439785724.8154153,2677587561.375183,2677587561375.183,17.89856733151472,8.194208408367626,25.454484248161314
1986-01-24 09:18:00,-439785664.8154153,2677589088.683633,2677589088683.633,17.898577540941115,8.194209440715403,25.455140829086304
1986-01-24 09:19:00,-439785604.8154153,2677590616.031579,2677590616031.579,17.898587750631528,8.194210473089438,25.455799102783203
1986-01-24 09:20:00,-439785544.8154153,2677592143.419122,2677592143419.122,17.89859796058663,8.194211505489807,25.45645905335744
1986-01-24 09:21:00,-439785484.8154153,2677593670.846366,2677593670846.3657,17.898608170807115,8.194212537916577,25.457120728492736
1986-01-24 09:22:00,-439785424.8154153,2677595198.313412,2677595198313.412,17.89861838129366,8.194213570369817,25.45778410434723
1986-01-24 09:23:00,-439785364.8154153,2677596725.820363,2677596725820.364,17.898628592046954,8.194214602849597,25.45844918092092
1986-01-24 09:24:00,-439785304.8154153,2677598253.367323,2677598253367.3228,17.89863880306769,8.194215635355983,25.459115997950235
1986-01-24 09:25:00,-439785244.8154153,2677599780.954395,2677599780954.395,17.89864901435656,8.194216667889052,25.45978453159332
1986-01-24 09:26:00,-439785184.8154153,2677601308.581684,2677601308581.684,17.898659225914262,8.194217700448865,25.46045482158661
1986-01-24 09:27:00,-439785124.8154153,2677602836.2492948,2677602836249.295,17.898669437741503,8.194218733035504,25.461126844088238
1986-01-24 09:28:00,-439785064.8154153,2677604363.95733,2677604363957.33,17.898679649838964,8.19421976564903,25.46180059115092
1986-01-24 09:29:00,-439785004.8154153,2677605891.7058983,2677605891705.8984,17.898689862207366,8.194220798289521,25.462476134300232
1986-01-24 09:30:00,-439784944.8154153,2677607419.495105,2677607419495.105,17.898700074847422,8.194221830957046,25.46315344174703
1986-01-24 09:31:00,-439784884.8154153,2677608947.325053,2677608947325.053,17.89871028775982,8.194222863651675,25.463832473754884
1986-01-24 09:32:00,-439784824.8154153,2677610475.1958523,2677610475195.852,17.898720500945288,8.194223896373481,25.464513317743936
1986-01-24 09:33:00,-439784764.8154153,2677612003.1076083,2677612003107.6084,17.898730714404536,8.194224929122537,25.465195933977764
1986-01-24 09:34:00,-439784704.8154153,2677613531.060429,2677613531060.429,17.898740928138285,8.194225961898919,25.465880346298217
1986-01-24 09:35:00,-439784644.8154153,2677615059.0544214,2677615059054.4214,17.89875114214725,8.19422699470269,25.46656653881073
1986-01-24 09:36:00,-439784584.8154153,2677616587.0896955,2677616587089.696,17.898761356432164,8.194228027533933,25.467254567146302
1986-01-24 09:37:00,-439784524.8154153,2677618115.166359,2677618115166.359,17.898771570993752,8.19422906039272,25.4679443915685
1986-01-24 09:38:00,-439784464.8154153,2677619643.28452,2677619643284.52,17.898781785832732,8.194230093279119,25.46863602002462
1986-01-24 09:39:00,-439784404.8154153,2677621171.4442897,2677621171444.2896,17.89879200094985,8.194231126193207,25.469329492251077
1986-01-24 09:40:00,-439784344.8154153,2677622699.645777,2677622699645.7773,17.898802216345835,8.194232159135062,25.47002479235331
1986-01-24 09:41:00,-439784284.8154153,2677624227.8890924,2677624227889.0923,17.89881243202142,8.194233192104756,25.470721920331318
1986-01-24 09:42:00,-439784224.8154153,2677625756.1743474,2677625756174.347,17.89882264797735,8.19423422510236,25.47142091592153
1986-01-24 09:43:00,-439784164.8154153,2677627284.5016527,2677627284501.653,17.898832864214377,8.194235258127954,25.472121755282085
1986-01-24 09:44:00,-439784104.8154153,2677628812.8711195,2677628812871.12,17.898843080733233,8.194236291181612,25.47282444636027
1986-01-24 09:45:00,-439784044.8154153,2677630341.2828617,2677630341282.862,17.898853297534682,8.194237324263408,25.473529036839803
1986-01-24 09:46:00,-439783984.8154153,2677631869.7369905,2677631869736.99,17.898863514619467,8.194238357373422,25.474235479036967
1986-01-24 09:47:00,-439783924.8154153,2677633398.2336187,2677633398233.6187,17.898873731988346,8.194239390511727,25.474943804740906
1986-01-24 09:48:00,-439783864.8154153,2677634926.772861,2677634926772.861,17.89888394964208,8.194240423678401,25.47565403779348
1986-01-24 09:49:00,-439783804.8154153,2677636455.3548303,2677636455354.83,17.898894167581428,8.194241456873522,25.476366154352824
1986-01-24 09:50:00,-439783744.8154153,2677637983.979641,2677637983979.641,17.898904385807153,8.194242490097166,25.477080178260803
1986-01-24 09:51:00,-439783684.8154153,2677639512.647409,2677639512647.409,17.898914604320026,8.194243523349408,25.477796133359274
1986-01-24 09:52:00,-439783624.8154153,2677641041.358248,2677641041358.248,17.898924823120815,8.19424455663033,25.478513987859092
1986-01-24 09:53:00,-439783564.8154153,2677642570.112274,2677642570112.2744,17.898935042210297,8.194245589940008,25.47923376560211
1986-01-24 09:54:00,-439783504.8154153,2677644098.909605,2677644098909.605,17.898945261589244,8.194246623278522,25.479955514272053
1986-01-24 09:55:00,-439783444.8154153,2677645627.7503576,2677645627750.3574,17.89895548125845,8.194247656645953,25.48067921002706
1986-01-24 09:56:00,-439783384.8154153,2677647156.634646,2677647156634.646,17.898965701218675,8.194248690042373,25.48140480518341
1986-01-24 09:57:00,-439783324.8154153,2677648685.56259,2677648685562.5903,17.898975921470722,8.194249723467868,25.482132403055825
1986-01-24 09:58:00,-439783264.8154153,2677650214.5343075,2677650214534.308,17.898986142015374,8.194250756922516,25.48286195596059
1986-01-24 09:59:00,-439783204.8154153,2677651743.549917,2677651743549.917,17.898996362853428,8.194251790406394,25.48359349568685
1986-01-24 10:00:00,-439783144.8154153,2677653272.6095366,2677653272609.5366,17.89900658398567,8.194252823919586,25.484326990445457
1986-01-24 10:01:00,-439783084.8154153,2677654801.713288,2677654801713.288,17.899016805412913,8.194253857462172,25.48506251970927
1986-01-24 10:02:00,-439783024.8154153,2677656330.8612885,2677656330861.2886,17.899027027135947,8.194254891034234,25.48580001195272
1986-01-24 10:03:00,-439782964.8154153,2677657860.053661,2677657860053.6606,17.899037249155587,8.19425592463585,25.486539538701376
1986-01-24 10:04:00,-439782904.8154153,2677659389.290524,2677659389290.524,17.899047471472628,8.194256958267106,25.487281052271523
1986-01-24 10:05:00,-439782844.8154153,2677660918.572001,2677660918572.001,17.899057694087897,8.19425799192808,25.488024616241454
1986-01-24 10:06:00,-439782784.8154153,2677662447.898213,2677662447898.213,17.8990679170022,8.194259025618857,25.48877019882202
1986-01-24 10:07:00,-439782724.8154153,2677663977.269283,2677663977269.2827,17.899078140216357,8.194260059339518,25.489517831802367
1986-01-24 10:08:00,-439782664.8154153,2677665506.6853333,2677665506685.333,17.89908836373119,8.194261093090148,25.49026750723521
1986-01-24 10:09:00,-439782604.8154153,2677667036.146487,2677667036146.488,17.899098587547527,8.19426212687083,25.49101923306783
1986-01-24 10:10:00,-439782544.8154153,2677668565.6528687,2677668565652.8687,17.89910881166619,8.194263160681645,25.491773025194803
1986-01-24 10:11:00,-439782484.8154153,2677670095.204604,2677670095204.604,17.89911903608802,8.194264194522683,25.49252892335256
1986-01-24 10:12:00,-439782424.8154153,2677671624.8018155,2677671624801.8154,17.899129260813844,8.194265228394022,25.493286856015523
1986-01-24 10:13:00,-439782364.8154153,2677673154.444629,2677673154444.6294,17.899139485844497,8.194266262295749,25.494046894709268
1986-01-24 10:14:00,-439782304.8154153,2677674684.133173,2677674684133.173,17.899149711180836,8.19426729622795,25.494809063275657
1986-01-24 10:15:00,-439782244.8154153,2677676213.867571,2677676213867.571,17.899159936823693,8.194268330190711,25.495573298136392
1986-01-24 10:16:00,-439782184.8154153,2677677743.647951,2677677743647.951,17.899170162773924,8.194269364184116,25.496339670817058
1986-01-24 10:17:00,-439782124.8154153,2677679273.47444,2677679273474.44,17.89918038903237,8.194270398208252,25.497108149528504
1986-01-24 10:18:00,-439782064.8154153,2677680803.3471675,2677680803347.1675,17.899190615599903,8.194271432263205,25.497878789901733
1986-01-24 10:19:00,-439782004.8154153,2677682333.2662606,2677682333266.2607,17.89920084247737,8.19427246634906,25.498651552200318
1986-01-24 10:20:00,-439781944.8154153,2677683863.2318497,2677683863231.8496,17.899211069665647,8.194273500465911,25.49942648410797
1986-01-24 10:21:00,-439781884.8154153,2677685393.244063,2677685393244.063,17.89922129716558,8.19427453461384,25.50020355383555
1986-01-24 10:22:00,-439781824.8154153,2677686923.3030305,2677686923303.0303,17.899231524978052,8.194275568792932,25.500982793172202
1986-01-24 10:23:00,-439781764.8154153,2677688453.408885,2677688453408.8853,17.899241753103947,8.194276603003283,25.50176424185435
1986-01-24 10:24:00,-439781704.8154153,2677689983.561756,2677689983561.756,17.89925198154412,8.194277637244976,25.502547852198283
1986-01-24 10:25:00,-439781644.8154153,2677691513.761776,2677691513761.776,17.89926221029947,8.194278671518102,25.50333366394043
1986-01-24 10:26:00,-439781584.8154153,2677693044.0090766,2677693044009.0767,17.89927243937087,8.194279705822751,25.50412167708079
1986-01-24 10:27:00,-439781524.8154153,2677694574.30379,2677694574303.79,17.899282668759202,8.194280740159012,25.504911891619365
1986-01-24 10:28:00,-439781464.8154153,2677696104.6460514,2677696104646.052,17.899292898465376,8.194281774526974,25.505704355239867
1986-01-24 10:29:00,-439781404.8154153,2677697635.035994,2677697635035.994,17.899303128490278,8.19428280892673,25.506499044100444
1986-01-24 10:30:00,-439781344.8154153,2677699165.4737525,2677699165473.7524,17.89931335883481,8.194283843358368,25.507295974095662
1986-01-24 10:31:00,-439781284.8154153,2677700695.959461,2677700695959.4614,17.89932358949987,8.194284877821982,25.508095145225525
1986-01-24 10:32:00,-439781224.8154153,2677702226.4932566,2677702226493.2563,17.89933382048637,8.19428591231766,25.508896589279175
1986-01-24 10:33:00,-439781164.8154153,2677703757.0752745,2677703757075.2744,17.899344051795214,8.1942869468455,25.509700298309326
1986-01-24 10:34:00,-439781104.8154153,2677705287.705652,2677705287705.652,17.899354283427325,8.194287981405589,25.510506296157835
1986-01-24 10:35:00,-439781044.8154153,2677706818.384526,2677706818384.526,17.899364515383613,8.19428901599802,25.51131455898285
1986-01-24 10:36:00,-439780984.8154153,2677708349.1120343,2677708349112.034,17.899374747665004,8.194290050622891,25.512125142415364
1986-01-24 10:37:00,-439780924.8154153,2677709879.888316,2677709879888.316,17.899384980272423,8.19429108528029,25.51293803056081
1986-01-24 10:38:00,-439780864.8154153,2677711410.71351,2677711410713.5103,17.8993952132068,8.194292119970314,25.513753231366476
1986-01-24 10:39:00,-439780804.8154153,2677712941.5877547,2677712941587.755,17.899405446469064,8.194293154693057,25.51457074483236
1986-01-24 10:40:00,-439780744.8154153,2677714472.511193,2677714472511.193,17.899415680060166,8.194294189448613,25.515390634536743
1986-01-24 10:41:00,-439780684.8154153,2677716003.4839635,2677716003483.9634,17.89942591398103,8.194295224237079,25.51621284484863
1986-01-24 10:42:00,-439780624.8154153,2677717534.5062084,2677717534506.2085,17.899436148232613,8.194296259058547,25.517037415504454
1986-01-24 10:43:00,-439780564.8154153,2677719065.578069,2677719065578.0693,17.899446382815857,8.194297293913113,25.51786434650421
1986-01-24 10:44:00,-439780504.8154153,2677720596.6996894,2677720596699.689,17.899456617731722,8.194298328800878,25.518693669637045
1986-01-24 10:45:00,-439780444.8154153,2677722127.8712115,2677722127871.2114,17.899466852981163,8.194299363721937,25.51952536900838
1986-01-24 10:46:00,-439780384.8154153,2677723659.092781,2677723659092.781,17.899477088565146,8.194300398676388,25.520359492301942
1986-01-24 10:47:00,-439780324.8154153,2677725190.36454,2677725190364.54,17.899487324484628,8.194301433664323,25.52119598388672
1986-01-24 10:48:00,-439780264.8154153,2677726721.6866345,2677726721686.635,17.89949756074058,8.194302468685846,25.522034907341002
1986-01-24 10:49:00,-439780204.8154153,2677728253.0592103,2677728253059.2104,17.89950779733398,8.194303503741052,25.522876262664795
1986-01-24 10:50:00,-439780144.8154153,2677729784.4824142,2677729784482.414,17.899518034265807,8.194304538830044,25.523720065752666
1986-01-24 10:51:00,-439780084.8154153,2677731315.956392,2677731315956.391,17.899528271537033,8.194305573952917,25.524566292762756
1986-01-24 10:52:00,-439780024.8154153,2677732847.481292,2677732847481.2925,17.899538509148663,8.194306609109772,25.52541499932607
1986-01-24 10:53:00,-439779964.8154153,2677734379.0572624,2677734379057.262,17.89954874710167,8.194307644300709,25.52626617749532
1986-01-24 10:54:00,-439779904.8154153,2677735910.684451,2677735910684.451,17.89955898539705,8.194308679525827,25.527119811375936
1986-01-24 10:55:00,-439779844.8154153,2677737442.363009,2677737442363.009,17.899569224035815,8.194309714785232,25.527975964546204
1986-01-24 10:56:00,-439779784.8154153,2677738974.093085,2677738974093.085,17.899579463018956,8.19431075007902,25.528834597269693
1986-01-24 10:57:00,-439779724.8154153,2677740505.87483,2677740505874.8296,17.89958970234748,8.194311785407296,25.529695749282837
1986-01-24 10:58:00,-439779664.8154153,2677742037.708396,2677742037708.396,17.899599942022412,8.194312820770161,25.530559436480203
1986-01-24 10:59:00,-439779604.8154153,2677743569.593935,2677743569593.935,17.899610182044757,8.19431385616772,25.53142565091451
1986-01-24 11:00:00,-439779544.8154153,2677745101.531599,2677745101531.599,17.899620422415538,8.194314891600072,25.53229440053304
1986-01-24 11:01:00,-439779484.8154153,2677746633.5215425,2677746633521.5425,17.899630663135788,8.194315927067322,25.533165725072227
1986-01-24 11:02:00,-439779424.8154153,2677748165.5639176,2677748165563.917,17.899640904206517,8.194316962569577,25.534039584795632
1986-01-24 11:03:00,-439779364.8154153,2677749697.6588807,2677749697658.881,17.89965114562878,8.194317998106937,25.53491605122884
1986-01-24 11:04:00,-439779304.8154153,2677751229.8065863,2677751229806.5864,17.8996613874036,8.19431903367951,25.535795092582703
1986-01-24 11:05:00,-439779244.8154153,2677752762.00719,2677752762007.1904,17.899671629532026,8.194320069287404,25.536676732699075
1986-01-24 11:06:00,-439779184.8154153,2677754294.2608514,2677754294260.852,17.89968187201512,8.194321104930717,25.537561019261677
1986-01-24 11:07:00,-439779124.8154153,2677755826.567724,2677755826567.724,17.899692114853906,8.194322140609561,25.538447880744933
1986-01-24 11:08:00,-439779064.8154153,2677757358.927968,2677757358927.9683,17.89970235804946,8.194323176324044,25.539337396621704
1986-01-24 11:09:00,-439779004.8154153,2677758891.3417406,2677758891341.7407,17.89971260160283,8.194324212074267,25.54022954305013
1986-01-24 11:10:00,-439778944.8154153,2677760423.809203,2677760423809.203,17.899722845515097,8.194325247860345,25.541124375661216
1986-01-24 11:11:00,-439778884.8154153,2677761956.3282485,2677761956328.2485,17.89973308977217,8.194326283680848,25.541984089215596
1986-01-24 11:12:00,-439778824.8154153,2677763488.9028583,2677763488902.8584,17.89974333440067,8.194327319538473,25.54291016260783
1986-01-24 11:13:00,-439778764.8154153,2677765021.53164,2677765021531.64,17.899753579391287,8.194328355432274,25.54381302992503
1986-01-24 11:14:00,-439778704.8154153,2677766554.214753,2677766554214.753,17.89976382474509,8.194329391362363,25.544718551635743
1986-01-24 11:15:00,-439778644.8154153,2677768086.9523644,2677768086952.3643,17.899774070463188,8.194330427328847,25.545626854896547
1986-01-24 11:16:00,-439778584.8154153,2677769619.7446365,2677769619744.6367,17.899784316546672,8.19433146333184,25.546537868181865
1986-01-24 11:17:00,-439778524.8154153,2677771152.591733,2677771152591.7334,17.899794562996636,8.194332499371454,25.54745160738627
1986-01-24 11:18:00,-439778464.8154153,2677772685.49382,2677772685493.82,17.89980480981418,8.194333535447795,25.54836812019348
1986-01-24 11:19:00,-439778404.8154153,2677774218.4510617,2677774218451.061,17.89981505700042,8.194334571560981,25.54928735891978
1986-01-24 11:20:00,-439778344.8154153,2677775751.463627,2677775751463.627,17.899825304556472,8.194335607711123,25.550209418932596
1986-01-24 11:21:00,-439778284.8154153,2677777284.53168,2677777284531.68,17.899835552483438,8.19433664389833,25.551134220759074
1986-01-24 11:22:00,-439778224.8154153,2677778817.655393,2677778817655.393,17.899845800782465,8.19433768012272,25.5520618836085
1986-01-24 11:23:00,-439778164.8154153,2677780350.834932,2677780350834.932,17.899856049454666,8.194338716384406,25.552992312113442
1986-01-24 11:24:00,-439778104.8154153,2677781884.066036,2677781884066.036,17.899866298471558,8.194339752680508,25.55385173956553
1986-01-24 11:25:00,-439778044.8154153,2677783417.356964,2677783417356.964,17.89987654788835,8.194340789016609,25.554848798116048
1986-01-24 11:26:00,-439777984.8154153,2677784950.70423,2677784950704.23,17.89988679768174,8.194341825390348,25.555787762006123
1986-01-24 11:27:00,-439777924.8154153,2677786484.108004,2677786484108.0034,17.89989704785286,8.194342861801843,25.556729571024576
1986-01-24 11:28:00,-439777864.8154153,2677788017.56846,2677788017568.46,17.89990729840288,8.194343898251212,25.55767426490784
1986-01-24 11:29:00,-439777804.8154153,2677789551.0857706,2677789551085.7705,17.899917549332944,8.194344934738574,25.558621843655903
1986-01-24 11:30:00,-439777744.8154153,2677791084.6601114,2677791084660.112,17.899927800644235,8.194345971264044,25.559572347005208
1986-01-24 11:31:00,-439777684.8154153,2677792618.291656,2677792618291.656,17.89993805233791,8.194347007827739,25.560525743166604
1986-01-24 11:32:00,-439777624.8154153,2677794151.9805813,2677794151980.581,17.899948304415148,8.194348044429779,25.561482087771097
1986-01-24 11:33:00,-439777564.8154153,2677795685.7291813,2677795685729.181,17.89995855689129,8.194349081071717,25.562476666768394
1986-01-24 11:34:00,-439777504.8154153,2677797219.533947,2677797219533.947,17.899968809742873,8.194350117751178,25.563412761688234
1986-01-24 11:35:00,-439777444.8154153,2677798753.396624,2677798753396.6235,17.89997906298157,8.194351154469343,25.56437795162201
1986-01-24 11:36:00,-439777384.8154153,2677800287.317391,2677800287317.391,17.899989316608576,8.194352191226335,25.56534611384074
1986-01-24 11:37:00,-439777324.8154153,2677801821.296429,2677801821296.429,17.899999570625102,8.194353228022274,25.566317303975424
1986-01-24 11:38:00,-439777264.8154153,2677803355.333918,2677803355333.918,17.900009825032345,8.19435426485728,25.567291482289633
1986-01-24 11:39:00,-439777204.8154153,2677804889.4300385,2677804889430.0386,17.900020079831513,8.194355301731479,25.568268672625223
1986-01-24 11:40:00,-439777144.8154153,2677806423.584972,2677806423584.972,17.90003033502383,8.194356338644988,25.56924889087677
1986-01-24 11:41:00,-439777084.8154153,2677807957.798904,2677807957798.904,17.90004059061052,8.194357375597939,25.57023220062256
1986-01-24 11:42:00,-439777024.8154153,2677809492.072016,2677809492072.015,17.9000508465928,8.194358412590448,25.571218530337017
1986-01-24 11:43:00,-439776964.8154153,2677811026.4044924,2677811026404.492,17.900061102971918,8.194359449622644,25.57220794359843
1986-01-24 11:44:00,-439776904.8154153,2677812560.79652,2677812560796.52,17.90007135974911,8.194360486694654,25.573200464248657
1986-01-24 11:45:00,-439776844.8154153,2677814095.244341,2677814095244.341,17.90008161689925,8.194361523803936,25.57413034439087
1986-01-24 11:46:00,-439776784.8154153,2677815629.755229,2677815629755.229,17.900091874470977,8.194362560955405,25.57518146832784
1986-01-24 11:47:00,-439776724.8154153,2677817164.326229,2677817164326.229,17.90010213244452,8.194363598147065,25.576183334986368
1986-01-24 11:48:00,-439776664.8154153,2677818698.95753,2677818698957.53,17.90011239082115,8.194364635379046,25.577188348770143
1986-01-24 11:49:00,-439776604.8154153,2677820233.649321,2677820233649.3213,17.90012264960213,8.194365672651472,25.578196517626445
1986-01-24 11:50:00,-439776544.8154153,2677821768.401793,2677821768401.793,17.90013290878874,8.194366709964473,25.579207865397134
1986-01-24 11:51:00,-439776484.8154153,2677823303.2151384,2677823303215.1387,17.900143168382268,8.19436774731818,25.58022242387136
1986-01-24 11:52:00,-439776424.8154153,2677824838.09111,2677824838091.1104,17.90015342839442,8.194368784713776,25.58126619656881
1986-01-24 11:53:00,-439776364.8154153,2677826373.027214,2677826373027.214,17.900163688808536,8.194369822149577,25.582268397013348
1986-01-24 11:54:00,-439776304.8154153,2677827908.0247664,2677827908024.7666,17.900173949633405,8.194370859626472,25.58329253991445
1986-01-24 11:55:00,-439776244.8154153,2677829443.083968,2677829443083.9683,17.90018421087038,8.194371897144599,25.584320028622944
1986-01-24 11:56:00,-439776184.8154153,2677830978.2050123,2677830978205.012,17.90019447252074,8.19437293470408,25.58535073598226
1986-01-24 11:57:00,-439776124.8154153,2677832513.388097,2677832513388.0967,17.900204734585817,8.194373972305062,25.58638474146525
1986-01-24 11:58:00,-439776064.8154153,2677834048.633417,2677834048633.417,17.900214997066914,8.194375009947665,25.58742200533549
1986-01-24 11:59:00,-439776004.8154153,2677835583.941174,2677835583941.174,17.900225259965378,8.19437604763203,25.58846261501312
1986-01-24 12:00:00,-439775944.8154153,2677837119.3115664,2677837119311.5664,17.90023552328253,8.194377085358292,25.589506538709006
1986-01-24 12:01:00,-439775884.8154153,2677838654.744794,2677838654744.794,17.90024578701971,8.194378123126585,25.59055379231771
1986-01-24 12:02:00,-439775824.8154153,2677840190.241059,2677840190241.0586,17.900256051178268,8.194379160937046,25.591604415575663
1986-01-24 12:03:00,-439775764.8154153,2677841725.800564,2677841725800.5635,17.900266315759556,8.19438019878981,25.592658416430154
1986-01-24 12:04:00,-439775704.8154153,2677843261.4235096,2677843261423.51,17.900276580764928,8.194381236685015,25.593715763092042
1986-01-24 12:05:00,-439775644.8154153,2677844797.110104,2677844797110.1035,17.90028684619576,8.1943822746228,25.59477657477061
1986-01-24 12:06:00,-439775584.8154153,2677846332.860549,2677846332860.5493,17.900297112053412,8.194383312603302,25.595840748151144
1986-01-24 12:07:00,-439775524.8154153,2677847868.675052,2677847868675.052,17.90030737833926,8.194384350626663,25.59690838654836
1986-01-24 12:08:00,-439775464.8154153,2677849404.5538206,2677849404553.821,17.900317645054695,8.194385388693018,25.59797947406769
1986-01-24 12:09:00,-439775404.8154153,2677850940.4970613,2677850940497.061,17.900327912201103,8.194386426802513,25.59905401070913
1986-01-24 12:10:00,-439775344.8154153,2677852476.5049844,2677852476504.9844,17.900338179779887,8.194387464955282,25.600132052103678
1986-01-24 12:11:00,-439775284.8154153,2677854012.5778,2677854012577.8,17.900348447792446,8.194388503151476,25.601213590304056
1986-01-24 12:12:00,-439775224.8154153,2677855548.7157173,2677855548715.7173,17.900358716240188,8.194389541391232,25.60229862531026
1986-01-24 12:13:00,-439775164.8154153,2677857084.9189506,2677857084918.9507,17.900368985124537,8.194390579674693,25.603387220700583
1986-01-24 12:14:00,-439775104.8154153,2677858621.187711,2677858621187.711,17.900379254446907,8.194391618002003,25.604479336738585
1986-01-24 12:15:00,-439775044.8154153,2677860157.5222125,2677860157522.2124,17.900389524208734,8.194392656373308,25.605575029055277
1986-01-24 12:16:00,-439774984.8154153,2677861693.922672,2677861693922.6714,17.900399794411456,8.194393694788754,25.606674321492513
1986-01-24 12:17:00,-439774924.8154153,2677863230.3893013,2677863230389.3013,17.900410065056505,8.194394733248483,25.607777158419292
1986-01-24 12:18:00,-439774864.8154153,2677864766.9223223,2677864766922.3223,17.90042033614535,8.194395771752648,25.60888368288676
1986-01-24 12:19:00,-439774804.8154153,2677866303.52195,2677866303521.9497,17.900430607679432,8.194396810301388,25.6099937915802
1986-01-24 12:20:00,-439774744.8154153,2677867840.188404,2677867840188.4043,17.900440879660223,8.194397848894859,25.61110757191976
1986-01-24 12:21:00,-439774684.8154153,2677869376.921905,2677869376921.9053,17.900451152089193,8.194398887533206,25.61222501595815
1986-01-24 12:22:00,-439774624.8154153,2677870913.7226734,2677870913722.6733,17.90046142496782,8.194399926216574,25.613346139589947
1986-01-24 12:23:00,-439774564.8154153,2677872450.5909314,2677872450590.932,17.900471698297586,8.194400964945123,25.614470966657002
1986-01-24 12:24:00,-439774504.8154153,2677873987.5269027,2677873987526.903,17.900481972079987,8.194402003718997,25.61559952100118
1986-01-24 12:25:00,-439774444.8154153,2677875524.53081,2677875524530.81,17.90049224631651,8.194403042538347,25.616731786727904
1986-01-24 12:26:00,-439774384.8154153,2677877061.6028805,2677877061602.8804,17.90050252100868,8.194404081403329,25.617867843310037
1986-01-24 12:27:00,-439774324.8154153,2677878598.743341,2677878598743.341,17.900512796158008,8.194405120314093,25.619007674853005
1986-01-24 12:28:00,-439774264.8154153,2677880135.9524164,2677880135952.4165,17.900523071766,8.194406159270793,25.620151257514955
1986-01-24 12:29:00,-439774204.8154153,2677881673.2303386,2677881673230.3384,17.9005333478342,8.194407198273584,25.621298702557883
1986-01-24 12:30:00,-439774144.8154153,2677883210.5773344,2677883210577.3345,17.90054362436413,8.194408237322625,25.62244993050893
1986-01-24 12:31:00,-439774084.8154153,2677884747.993636,2677884747993.636,17.90055390135734,8.194409276418066,25.623605028788248
1986-01-24 12:32:00,-439774024.8154153,2677886285.4794745,2677886285479.4746,17.90056417881538,8.194410315560065,25.624763973553975
1986-01-24 12:33:00,-439773964.8154153,2677887823.035084,2677887823035.0835,17.9005744567398,8.194411354748778,25.625926820437112
1986-01-24 12:34:00,-439773904.8154153,2677889360.660697,2677889360660.697,17.900584735132178,8.19441239398437,25.62709355354309
1986-01-24 12:35:00,-439773844.8154153,2677890898.3565493,2677890898356.5493,17.90059501399407,8.194413433266993,25.62826420466105
1986-01-24 12:36:00,-439773784.8154153,2677892436.122879,2677892436122.879,17.900605293327075,8.194414472596812,25.629438829421996
1986-01-24 12:37:00,-439773724.8154153,2677893973.959921,2677893973959.921,17.90061557313276,8.19441551197398,25.63061736424764
1986-01-24 12:38:00,-439773664.8154153,2677895511.867916,2677895511867.9155,17.900625853412738,8.194416551398664,25.631799920399985
1986-01-24 12:39:00,-439773604.8154153,2677897049.847102,2677897049847.102,17.900636134168604,8.194417590871028,25.63298643430074
1986-01-24 12:40:00,-439773544.8154153,2677898587.8977222,2677898587897.722,17.90064641540197,8.19441863039123,25.634177001317344
1986-01-24 12:41:00,-439773484.8154153,2677900126.0200167,2677900126020.0166,17.900656697114453,8.194419669959432,25.635371573766072
1986-01-24 12:42:00,-439773424.8154153,2677901664.2142296,2677901664214.229,17.90066697930768,8.194420709575805,25.63657021522522
1986-01-24 12:43:00,-439773364.8154153,2677903202.480605,2677903202480.605,17.900677261983283,8.19442174924051,25.637772925694783
1986-01-24 12:44:00,-439773304.8154153,2677904740.819389,2677904740819.3887,17.900687545142908,8.194422788953714,25.638979729016622
1986-01-24 12:45:00,-439773244.8154153,2677906279.230829,2677906279230.8286,17.900697828788207,8.194423828715584,25.640190664927164
1986-01-24 12:46:00,-439773184.8154153,2677907817.715172,2677907817715.1714,17.90070811292083,8.194424868526285,25.64140571753184
1986-01-24 12:47:00,-439773124.8154153,2677909356.2726674,2677909356272.6675,17.900718397542455,8.194425908385991,25.642624926567077
1986-01-24 12:48:00,-439773064.8154153,2677910894.9035664,2677910894903.5664,17.90072868265475,8.194426948294865,25.643848315874735
1986-01-24 12:49:00,-439773004.8154153,2677912433.6081195,2677912433608.12,17.90073896825939,8.19442798825308,25.645075885454812
1986-01-24 12:50:00,-439772944.8154153,2677913972.386581,2677913972386.581,17.90074925435808,8.194429028260805,25.646307690938315
1986-01-24 12:51:00,-439772884.8154153,2677915511.2392044,2677915511239.2046,17.900759540952507,8.194430068318216,25.64754372437795
1986-01-24 12:52:00,-439772824.8154153,2677917050.1662445,2677917050166.2446,17.900769828044382,8.194431108425482,25.648784001668293
1986-01-24 12:53:00,-439772764.8154153,2677918589.167959,2677918589167.959,17.900780115635424,8.194432148582779,25.65002857844035
1986-01-24 12:54:00,-439772704.8154153,2677920128.244606,2677920128244.606,17.90079040372736,8.194433188790278,25.651277446746825
1986-01-24 12:55:00,-439772644.8154153,2677921667.3964443,2677921667396.4443,17.900800692321916,8.194434229048156,25.65253063837687
1986-01-24 12:56:00,-439772584.8154153,2677923206.623733,2677923206623.733,17.90081098142083,8.194435269356587,25.6537881453832
1986-01-24 12:57:00,-439772524.8154153,2677924745.9267354,2677924745926.736,17.900821271025855,8.19443630971575,25.655050039291382
1986-01-24 12:58:00,-439772464.8154153,2677926285.3057146,2677926285305.715,17.900831561138755,8.194437350125826,25.65631632010142
1986-01-24 12:59:00,-439772404.8154153,2677927824.760935,2677927824760.935,17.900841851761296,8.194438390586985,25.657587003707885
1986-01-24 13:00:00,-439772344.8154153,2677929364.2926607,2677929364292.6606,17.900852142895246,8.194439431099415,25.658862098058066
1986-01-24 13:01:00,-439772284.8154153,2677930903.90116,2677930903901.16,17.900862434542393,8.194440471663292,25.660141650835673
1986-01-24 13:02:00,-439772224.8154153,2677932443.5867014,2677932443586.701,17.900872726704534,8.194441512278797,25.661425693829855
1986-01-24 13:03:00,-439772164.8154153,2677933983.349554,2677933983349.554,17.90088301938347,8.194442552946112,25.662714211146035
1986-01-24 13:04:00,-439772104.8154153,2677935523.189987,2677935523189.988,17.900893312581,8.194443593665422,25.664007218678794
1986-01-24 13:05:00,-439772044.8154153,2677937063.108276,2677937063108.276,17.900903606298964,8.194444634436909,25.665304811795554
1986-01-24 13:06:00,-439771984.8154153,2677938603.104694,2677938603104.694,17.900913900539187,8.194445675260761,25.66660696665446
1986-01-24 13:07:00,-439771924.8154153,2677940143.179513,2677940143179.513,17.900924195303492,8.194446716137161,25.66791365146637
1986-01-24 13:08:00,-439771864.8154153,2677941683.333011,2677941683333.011,17.90093449059373,8.194447757066296,25.669224969546
1986-01-24 13:09:00,-439771804.8154153,2677943223.565468,2677943223565.468,17.900944786411774,8.194448798048354,25.670540944735208
1986-01-24 13:10:00,-439771744.8154153,2677944763.87716,2677944763877.16,17.900955082759477,8.194449839083525,25.671861537297566
1986-01-24 13:11:00,-439771684.8154153,2677946304.268368,2677946304268.368,17.900965379638713,8.194450880171996,25.673186794916788
1986-01-24 13:12:00,-439771624.8154153,2677947844.739376,2677947844739.376,17.900975677051374,8.194451921313957,25.67451680501302
1986-01-24 13:13:00,-439771564.8154153,2677949385.2904654,2677949385290.4653,17.900985974999347,8.194452962509605,25.675851488113402
1986-01-24 13:14:00,-439771504.8154153,2677950925.921921,2677950925921.921,17.900996273484534,8.194454003759125,25.677190923690794
1986-01-24 13:15:00,-439771444.8154153,2677952466.63403,2677952466634.03,17.901006572508855,8.194455045062714,25.67853515148163
1986-01-24 13:16:00,-439771384.8154153,2677954007.4270787,2677954007427.0786,17.90101687207423,8.194456086420567,25.679884147644042
1986-01-24 13:17:00,-439771324.8154153,2677955548.3013563,2677955548301.3564,17.90102717218258,8.194457127832877,25.681237959861754
1986-01-24 13:18:00,-439771264.8154153,2677957089.2571545,2677957089257.1543,17.901037472835867,8.194458169299843,25.68259663581848
1986-01-24 13:19:00,-439771204.8154153,2677958630.2947645,2677958630294.7646,17.90104777403603,8.194459210821659,25.683960167566934
1986-01-24 13:20:00,-439771144.8154153,2677960171.41448,2677960171414.48,17.901058075785034,8.194460252398528,25.685328594843547
1986-01-24 13:21:00,-439771084.8154153,2677961712.616595,2677961712616.5947,17.901068378084844,8.194461294030644,25.68670190970103
1986-01-24 13:22:00,-439771024.8154153,2677963253.9014063,2677963253901.4062,17.901078680937445,8.19446233571821,25.688080191612244
1986-01-24 13:23:00,-439770964.8154153,2677964795.269212,2677964795269.2114,17.901088984344824,8.194463377461425,25.689463424682618
1986-01-24 13:24:00,-439770904.8154153,2677966336.720312,2677966336720.3115,17.901099288309002,8.194464419260495,25.69085167249044
1986-01-24 13:25:00,-439770844.8154153,2677967878.255005,2677967878255.005,17.901109592831958,8.194465461115621,25.692244879404704
1986-01-24 13:26:00,-439770784.8154153,2677969419.873597,2677969419873.597,17.90111989791575,8.194466503027005,25.693643204371135
1986-01-24 13:27:00,-439770724.8154153,2677970961.5763874,2677970961576.387,17.901130203562367,8.194467544994858,25.69504650433858
1986-01-24 13:28:00,-439770664.8154153,2677972503.363685,2677972503363.685,17.90114050977388,8.194468587019381,25.696454962094624
1986-01-24 13:29:00,-439770604.8154153,2677974045.235796,2677974045235.796,17.901150816552338,8.194469629100785,25.697868514060975
1986-01-24 13:30:00,-439770544.8154153,2677975587.1930294,2677975587193.0293,17.901161123899804,8.194470671239277,25.69928722381592
1986-01-24 13:31:00,-439770484.8154153,2677977129.235694,2677977129235.694,17.90117143181834,8.194471713435066,25.700711075464884
1986-01-24 13:32:00,-439770424.8154153,2677978671.364103,2677978671364.103,17.901181740310044,8.194472755688365,25.702140148480733
1986-01-24 13:33:00,-439770364.8154153,2677980213.578568,2677980213578.568,17.901192049377,8.194473797999379,25.703574419021606
1986-01-24 13:34:00,-439770304.8154153,2677981755.879405,2677981755879.4053,17.901202359021315,8.19447484036833,25.70501395066579
1986-01-24 13:35:00,-439770244.8154153,2677983298.266931,2677983298266.931,17.901212669245105,8.194475882795427,25.706458767255146
1986-01-24 13:36:00,-439770184.8154153,2677984840.741463,2677984840741.4634,17.901222980050502,8.194476925280886,25.707908868789673
1986-01-24 13:37:00,-439770124.8154153,2677986383.303321,2677986383303.321,17.90123329143963,8.19447796782492,25.7093642950058
1986-01-24 13:38:00,-439770064.8154153,2677987925.9528265,2677987925952.8267,17.90124360341465,8.194479010427749,25.71082509358724
1986-01-24 13:39:00,-439770004.8154153,2677989468.6903005,2677989468690.3003,17.9012539159777,8.194480053089588,25.712291232744853
1986-01-24 13:40:00,-439769944.8154153,2677991011.5160723,2677991011516.0723,17.901264229130987,8.194481095810664,25.713762863477072
1986-01-24 13:41:00,-439769884.8154153,2677992554.430464,2677992554430.464,17.90127454287666,8.194482138591189,25.71523985862732
1986-01-24 13:42:00,-439769824.8154153,2677994097.433805,2677994097433.8057,17.901284857216925,8.194483181431389,25.71672235329946
1986-01-24 13:43:00,-439769764.8154153,2677995640.5264244,2677995640526.4243,17.901295172153976,8.194484224331486,25.718210323651633
1986-01-24 13:44:00,-439769704.8154153,2677997183.708655,2677997183708.655,17.901305487690042,8.194485267291704,25.719703841209412
1986-01-24 13:45:00,-439769644.8154153,2677998726.980828,2677998726980.827,17.90131580382733,8.194486310312264,25.721202882130942
1986-01-24 13:46:00,-439769584.8154153,2678000270.3432784,2678000270343.2783,17.901326120568097,8.1944873533934,25.722707509994507
1986-01-24 13:47:00,-439769524.8154153,2678001813.7963443,2678001813796.344,17.901336437914583,8.194488396535332,25.72421776453654
1986-01-24 13:48:00,-439769464.8154153,2678003357.3403616,2678003357340.362,17.901346755869046,8.194489439738293,25.725733621915182
1986-01-24 13:49:00,-439769404.8154153,2678004900.975672,2678004900975.6724,17.901357074433765,8.19449048300251,25.727255169550578
1986-01-24 13:50:00,-439769344.8154153,2678006444.7026167,2678006444702.6167,17.901367393611018,8.194491526328216,25.728782415390015
1986-01-24 13:51:00,-439769284.8154153,2678007988.5215387,2678007988521.5386,17.901377713403104,8.194492569715642,25.73031536738078
1986-01-24 13:52:00,-439769224.8154153,2678009532.432783,2678009532432.783,17.901388033812324,8.19449361316502,25.731854073206584
1986-01-24 13:53:00,-439769164.8154153,2678011076.436696,2678011076436.6963,17.901398354840996,8.194494656676586,25.733398548762004
1986-01-24 13:54:00,-439769104.8154153,2678012620.5336285,2678012620533.6284,17.901408676491467,8.194495700250576,25.734948873519897
1986-01-24 13:55:00,-439769044.8154153,2678014164.7239294,2678014164723.929,17.90141899876607,8.194496743887223,25.736505015691122
1986-01-24 13:56:00,-439768984.8154153,2678015709.0079517,2678015709007.951,17.901429321667152,8.19449778758677,25.738067038853963
1986-01-24 13:57:00,-439768924.8154153,2678017253.3860474,2678017253386.0474,17.901439645197087,8.194498831349453,25.73963492711385
1986-01-24 13:58:00,-439768864.8154153,2678018797.8585763,2678018797858.576,17.901449969358264,8.194499875175515,25.741208815574645
1986-01-24 13:59:00,-439768804.8154153,2678020342.4258943,2678020342425.894,17.90146029415307,8.194500919065195,25.742788632710774
1986-01-24 14:00:00,-439768744.8154153,2678021887.0883603,2678021887088.3604,17.901470619583897,8.19450196301874,25.74437443415324
1986-01-24 14:01:00,-439768684.8154153,2678023431.8463373,2678023431846.3374,17.901480945653176,8.194503007036388,25.745966283480325
1986-01-24 14:02:00,-439768624.8154153,2678024976.7001863,2678024976700.186,17.90149127236332,8.19450405111839,25.747564148902892
1986-01-24 14:03:00,-439768564.8154153,2678026521.650275,2678026521650.2754,17.901501599716788,8.194505095264992,25.74916814963023
1986-01-24 14:04:00,-439768504.8154153,2678028066.696969,2678028066696.9697,17.901511927716026,8.19450613947644,25.750778230031333
1986-01-24 14:05:00,-439768444.8154153,2678029611.84064,2678029611840.64,17.901522256363503,8.194507183752986,25.752394517262776
1986-01-24 14:06:00,-439768384.8154153,2678031157.0816545,2678031157081.655,17.901532585661695,8.194508228094875,25.75401690800985
1986-01-24 14:07:00,-439768324.8154153,2678032702.4203906,2678032702420.3906,17.90154291561311,8.194509272502366,25.75564560095469
1986-01-24 14:08:00,-439768264.8154153,2678034247.8572187,2678034247857.2188,17.901553246220228,8.194510316975707,25.757280468940735
1986-01-24 14:09:00,-439768204.8154153,2678035793.3925176,2678035793392.5176,17.901563577485582,8.194511361515158,25.758921647071837
1986-01-24 14:10:00,-439768144.8154153,2678037339.026665,2678037339026.665,17.901573909411702,8.19451240612097,25.760569127400718
1986-01-24 14:11:00,-439768084.8154153,2678038884.7600427,2678038884760.0425,17.90158424200113,8.194513450793401,25.762222957611083
1986-01-24 14:12:00,-439768024.8154153,2678040430.593033,2678040430593.0327,17.901594575256432,8.19451449553271,25.763883169492086
1986-01-24 14:13:00,-439767964.8154153,2678041976.5260205,2678041976526.0205,17.901604909180172,8.194515540339157,25.765549794832864
1986-01-24 14:14:00,-439767904.8154153,2678043522.559392,2678043522559.392,17.901615243774938,8.194516585213005,25.767222857475282
1986-01-24 14:15:00,-439767844.8154153,2678045068.693535,2678045068693.5347,17.90162557904332,8.194517630154513,25.76890238126119
1986-01-24 14:16:00,-439767784.8154153,2678046614.928841,2678046614928.8413,17.901635914987935,8.194518675163948,25.770588437716167
1986-01-24 14:17:00,-439767724.8154153,2678048161.2663198,2678048161266.32,17.901646251615528,8.194519720241992,25.772291310628255
1986-01-24 14:18:00,-439767664.8154153,2678049707.705368,2678049707705.368,17.90165658892208,8.194520765388233,25.773984138170878
1986-01-24 14:19:00,-439767604.8154153,2678051254.2467628,2678051254246.7627,17.90166692691277,8.194521810603204,25.775689911842345
1986-01-24 14:20:00,-439767544.8154153,2678052800.8909035,2678052800890.904,17.901677265590276,8.194522855887167,25.777402345339457
1986-01-24 14:21:00,-439767484.8154153,2678054347.638192,2678054347638.1924,17.901687604957285,8.194523901240395,25.77912147839864
1986-01-24 14:22:00,-439767424.8154153,2678055894.489029,2678055894489.029,17.901697945016465,8.194524946663165,25.780847279230752
1986-01-24 14:23:00,-439767364.8154153,2678057441.443822,2678057441443.822,17.901708285770553,8.194525992155745,25.782579882939658
1986-01-24 14:24:00,-439767304.8154153,2678058988.5029764,2678058988502.9766,17.901718627222255,8.194527037718412,25.784319241841633
1986-01-24 14:25:00,-439767244.8154153,2678060535.6669016,2678060535666.9014,17.901728969374307,8.194528083351441,25.786065419514973
1986-01-24 14:26:00,-439767184.8154153,2678062082.93601,2678062082936.01,17.901739312229463,8.194529129055116,25.78781847159068
1986-01-24 14:27:00,-439767124.8154153,2678063630.3107142,2678063630310.7144,17.901749655790486,8.19453017482971,25.78957840601603
1986-01-24 14:28:00,-439767064.8154153,2678065177.791431,2678065177791.431,17.901760000060154,8.194531220675506,25.79134527842204
1986-01-24 14:29:00,-439767004.8154153,2678066725.378577,2678066725378.577,17.901770345041264,8.194532266592784,25.79311910470327
1986-01-24 14:30:00,-439766944.8154153,2678068273.072573,2678068273072.573,17.90178069073662,8.194533312581834,25.794899932543437
1986-01-24 14:31:00,-439766884.8154153,2678069820.8738403,2678069820873.8403,17.90179103714904,8.194534358642931,25.796687785784403
1986-01-24 14:32:00,-439766824.8154153,2678071368.782804,2678071368782.804,17.901801384281363,8.194535404776373,25.798482728004455
1986-01-24 14:33:00,-439766764.8154153,2678072916.7998896,2678072916799.8896,17.901811732136437,8.19453645098244,25.800284759203592
1986-01-24 14:34:00,-439766704.8154153,2678074464.9255285,2678074464925.5283,17.901822080717146,8.194537497261425,25.802093982696533
1986-01-24 14:35:00,-439766644.8154153,2678076013.1601486,2678076013160.1484,17.90183243002635,8.19453854361362,25.803910334904987
1986-01-24 14:36:00,-439766584.8154153,2678077561.504184,2678077561504.184,17.901842780066954,8.194539590039314,25.805733919143677
1986-01-24 14:37:00,-439766524.8154153,2678079109.958072,2678079109958.0723,17.90185313084187,8.194540636538807,25.80756480693817
1986-01-24 14:38:00,-439766464.8154153,2678080658.5222483,2678080658522.248,17.90186348235402,8.194541683112389,25.809402934710185
1986-01-24 14:39:00,-439766404.8154153,2678082207.197154,2678082207197.154,17.901873834606352,8.194542729760363,25.811248429616292
1986-01-24 14:40:00,-439766344.8154153,2678083755.98323,2678083755983.23,17.901884187601812,8.194543776483023,25.813101267814638
1986-01-24 14:41:00,-439766284.8154153,2678085304.880922,2678085304880.922,17.901894541343374,8.194544823280669,25.814961528778078
1986-01-24 14:42:00,-439766224.8154153,2678086853.890676,2678086853890.676,17.90190489583403,8.194545870153608,25.81682923634847
1986-01-24 14:43:00,-439766164.8154153,2678088403.0129423,2678088403012.9424,17.901915251076783,8.194546917102135,25.818704438209533
1986-01-24 14:44:00,-439766104.8154153,2678089952.248172,2678089952248.172,17.901925607074645,8.194547964126565,25.820587158203125
1986-01-24 14:45:00,-439766044.8154153,2678091501.596817,2678091501596.8174,17.901935963830653,8.194549011227199,25.8224774201711
1986-01-24 14:46:00,-439765984.8154153,2678093051.0593376,2678093051059.3374,17.90194632134786,8.194550058404346,25.824375343322753
1986-01-24 14:47:00,-439765924.8154153,2678094600.636188,2678094600636.1875,17.901956679629315,8.194551105658313,25.826280840237935
1986-01-24 14:48:00,-439765864.8154153,2678096150.3278317,2678096150327.831,17.901967038678123,8.194552152989417,25.82819406191508
1986-01-24 14:49:00,-439765804.8154153,2678097700.1347284,2678097700134.7285,17.901977398497348,8.194553200397966,25.8301149447759
1986-01-24 14:50:00,-439765744.8154153,2678099250.0573483,2678099250057.348,17.901987759090133,8.194554247884277,25.832043663660684
1986-01-24 14:51:00,-439765684.8154153,2678100800.096156,2678100800096.156,17.901998120459588,8.194555295448666,25.833980131149293
1986-01-24 14:52:00,-439765624.8154153,2678102350.2516246,2678102350251.6245,17.90200848260887,8.194556343091453,25.835924474398293
1986-01-24 14:53:00,-439765564.8154153,2678103900.524224,2678103900524.224,17.90201884554112,8.19455739081295,25.837876653671266
1986-01-24 14:54:00,-439765504.8154153,2678105450.9144306,2678105450914.4307,17.90202920925953,8.194558438613484,25.839836780230204
1986-01-24 14:55:00,-439765444.8154153,2678107001.422722,2678107001422.7217,17.90203957376729,8.194559486493377,25.841804854075114
1986-01-24 14:56:00,-439765384.8154153,2678108552.0495777,2678108552049.5776,17.902049939067602,8.194560534452952,25.843780930836996
1986-01-24 14:57:00,-439765324.8154153,2678110102.7954817,2678110102795.481,17.9020603051637,8.194561582492538,25.84576506614685
1986-01-24 14:58:00,-439765264.8154153,2678111653.6609163,2678111653660.9165,17.902070672058812,8.19456263061246,25.847757244110106
1986-01-24 14:59:00,-439765204.8154153,2678113204.6463723,2678113204646.3726,17.90208103975622,8.194563678813047,25.849757599830628
1986-01-24 15:00:00,-439765144.8154153,2678114755.752337,2678114755752.337,17.902091408259178,8.19456472709463,25.851766077677407
1986-01-24 15:01:00,-439765084.8154153,2678116306.979303,2678116306979.3027,17.902101777570977,8.19456577545754,25.853782765070598
1986-01-24 15:02:00,-439765024.8154153,2678117858.3277664,2678117858327.7666,17.90211214769494,8.19456682390212,25.85580772558848
1986-01-24 15:03:00,-439764964.8154153,2678119409.798223,2678119409798.223,17.90212251863437,8.194567872428694,25.857840943336488
1986-01-24 15:04:00,-439764904.8154153,2678120961.391174,2678120961391.174,17.902132890392632,8.194568921037607,25.85988251368205
1986-01-24 15:05:00,-439764844.8154153,2678122513.10712,2678122513107.12,17.902143262973063,8.194569969729196,25.861932436625164
1986-01-24 15:06:00,-439764784.8154153,2678124064.946568,2678124064946.568,17.90215363637905,8.194571018503803,25.863990799585977
1986-01-24 15:07:00,-439764724.8154153,2678125616.910024,2678125616910.024,17.902164010613983,8.194572067361774,25.866057602564492
1986-01-24 15:08:00,-439764664.8154153,2678127168.9979978,2678127168997.9976,17.902174385681267,8.194573116303445,25.868132893244425
1986-01-24 15:09:00,-439764604.8154153,2678128721.211003,2678128721211.003,17.90218476158433,8.19457416532917,25.87021675109863
1986-01-24 15:10:00,-439764544.8154153,2678130273.549553,2678130273549.5527,17.90219513832661,8.194575214439292,25.87230916817983
1986-01-24 15:11:00,-439764484.8154153,2678131826.014167,2678131826014.167,17.90220551591158,8.194576263634165,25.87441023190816
1986-01-24 15:12:00,-439764424.8154153,2678133378.605365,2678133378605.3647,17.902215894342707,8.194577312914138,25.87651996612549
1986-01-24 15:13:00,-439764364.8154153,2678134931.323668,2678134931323.668,17.90222627362348,8.194578362279563,25.87863838672638
1986-01-24 15:14:00,-439764304.8154153,2678136484.169604,2678136484169.604,17.902236653757427,8.1945794117308,25.880765597025555
1986-01-24 15:15:00,-439764244.8154153,2678138037.1436987,2678138037143.6987,17.90224703474806,8.194580461268197,25.88290158112844
1986-01-24 15:16:00,-439764184.8154153,2678139590.246483,2678139590246.483,17.902257416598932,8.194581510892123,25.885046402613323
1986-01-24 15:17:00,-439764124.8154153,2678141143.478491,2678141143478.4907,17.90226779931361,8.19458256060293,25.887200133005777
1986-01-24 15:18:00,-439764064.8154153,2678142696.840257,2678142696840.2573,17.90227818289567,8.194583610400983,25.889362772305805
1986-01-24 15:19:00,-439764004.8154153,2678144250.332321,2678144250332.3213,17.902288567348716,8.194584660286644,25.891534399986266
1986-01-24 15:20:00,-439763944.8154153,2678145803.955223,2678145803955.223,17.902298952676357,8.194585710260283,25.89371503194173
1986-01-24 15:21:00,-439763884.8154153,2678147357.7095065,2678147357709.5063,17.902309338882233,8.19458676032226,25.895904723803202
1986-01-24 15:22:00,-439763824.8154153,2678148911.5957174,2678148911595.7173,17.90231972596999,8.19458781047295,25.89810351530711
1986-01-24 15:23:00,-439763764.8154153,2678150465.6144056,2678150465614.406,17.9023301139433,8.194588860712722,25.90031147003174
1986-01-24 15:24:00,-439763704.8154153,2678152019.7661214,2678152019766.1216,17.902340502805842,8.19458991104195,25.902528595924377
1986-01-24 15:25:00,-439763644.8154153,2678153574.0514197,2678153574051.4194,17.90235089256133,8.194590961461005,25.904754972457887
1986-01-24 15:26:00,-439763584.8154153,2678155128.470855,2678155128470.8555,17.902361283213473,8.194592011970263,25.906990591684977
1986-01-24 15:27:00,-439763524.8154153,2678156683.02499,2678156683024.99,17.902371674766027,8.194593062570105,25.90923558076223
1986-01-24 15:28:00,-439763464.8154153,2678158237.714386,2678158237714.3857,17.90238206722274,8.19459411326091,25.91148993174235
1986-01-24 15:29:00,-439763404.8154153,2678159792.5396056,2678159792539.605,17.902392460587382,8.194595164043061,25.91375366051992
1986-01-24 15:30:00,-439763344.8154153,2678161347.5012174,2678161347501.2173,17.902402854863745,8.194596214916935,25.916026862462363
1986-01-24 15:31:00,-439763284.8154153,2678162902.5997915,2678162902599.7915,17.90241325005565,8.194597265882926,25.918309569358826
1986-01-24 15:32:00,-439763224.8154153,2678164457.8359003,2678164457835.9004,17.902423646166913,8.194598316941411,25.920601812998452
1986-01-24 15:33:00,-439763164.8154153,2678166013.21012,2678166013210.12,17.902434043201392,8.194599368092788,25.92290366490682
1986-01-24 15:34:00,-439763104.8154153,2678167568.7230268,2678167568723.027,17.902444441162938,8.19460041933744,25.925215109189352
1986-01-24 15:35:00,-439763044.8154153,2678169124.3752017,2678169124375.2017,17.902454840055434,8.194601470675767,25.927536249160767
1986-01-24 15:36:00,-439762984.8154153,2678170680.1672287,2678170680167.2285,17.902465239882783,8.194602522108156,25.929867116610207
1986-01-24 15:37:00,-439762924.8154153,2678172236.0996923,2678172236099.6924,17.90247564064889,8.194603573635003,25.93220772743225
1986-01-24 15:38:00,-439762864.8154153,2678173792.1731834,2678173792173.184,17.90248604235771,8.19460462525671,25.93455818494161
1986-01-24 15:39:00,-439762804.8154153,2678175348.3882904,2678175348388.2905,17.902496445013174,8.194605676973676,25.936918449401855
1986-01-24 15:40:00,-439762744.8154153,2678176904.7456093,2678176904745.6094,17.902506848619268,8.194606728786297,25.939288647969565
1986-01-24 15:41:00,-439762684.8154153,2678178461.245736,2678178461245.736,17.902517253179965,8.194607780694984,25.941668780644736
1986-01-24 15:42:00,-439762624.8154153,2678180017.8892674,2678180017889.268,17.902527658699274,8.194608832700135,25.944058855374653
1986-01-24 15:43:00,-439762564.8154153,2678181574.676808,2678181574676.808,17.90253806518122,8.194609884802157,25.946459007263183
1986-01-24 15:44:00,-439762504.8154153,2678183131.6089606,2678183131608.9604,17.90254847262984,8.19461093700146,25.948869212468466
1986-01-24 15:45:00,-439762444.8154153,2678184688.6863327,2678184688686.3325,17.90255888104919,8.194611989298455,25.951289534568787
1986-01-24 15:46:00,-439762384.8154153,2678186245.909533,2678186245909.5337,17.902569290443342,8.194613041693554,25.953720005353293
1986-01-24 15:47:00,-439762324.8154153,2678187803.2791758,2678187803279.176,17.902579700816393,8.194614094187166,25.956160712242127
1986-01-24 15:48:00,-439762264.8154153,2678189360.795872,2678189360795.872,17.902590112172447,8.194615146779713,25.958611607551575
1986-01-24 15:49:00,-439762204.8154153,2678190918.460244,2678190918460.244,17.90260052451565,8.194616199471607,25.961072866121928
1986-01-24 15:50:00,-439762144.8154153,2678192476.272907,2678192476272.9067,17.902610937850113,8.194617252263269,25.963544376691182
1986-01-24 15:51:00,-439762084.8154153,2678194034.234486,2678194034234.4863,17.902621352180024,8.19461830515512,25.966026322046915
1986-01-24 15:52:00,-439762024.8154153,2678195592.3456044,2678195592345.6045,17.90263176750954,8.194619358147579,25.96851863861084
1986-01-24 15:53:00,-439761964.8154153,2678197150.606892,2678197150606.892,17.902642183842875,8.194620411241074,25.971021461486817
1986-01-24 15:54:00,-439761904.8154153,2678198709.0189767,2678198709018.9766,17.90265260118423,8.194621464436029,25.97353474299113
1986-01-24 15:55:00,-439761844.8154153,2678200267.582492,2678200267582.492,17.902663019537833,8.19462251773287,25.976058586438498
1986-01-24 15:56:00,-439761784.8154153,2678201826.298072,2678201826298.072,17.902673438907925,8.194623571132027,25.978592999776204
1986-01-24 15:57:00,-439761724.8154153,2678203385.166356,2678203385166.3555,17.90268385929878,8.19462462463393,25.981138070424397
1986-01-24 15:58:00,-439761664.8154153,2678204944.1879816,2678204944187.981,17.902694280714663,8.194625678239014,25.98369375864665
1986-01-24 15:59:00,-439761604.8154153,2678206503.363594,2678206503363.594,17.902704703159884,8.194626731947713,25.9862602074941
1986-01-24 16:00:00,-439761544.8154153,2678208062.6938367,2678208062693.837,17.902715126638743,8.194627785760458,25.988837377230325
1986-01-24 16:01:00,-439761484.8154153,2678209622.179356,2678209622179.356,17.902725551155566,8.19462883967769,25.99142532348633
1986-01-24 16:02:00,-439761424.8154153,2678211181.8208027,2678211181820.8027,17.902735976714695,8.19462989369985,25.994024109840392
1986-01-24 16:03:00,-439761364.8154153,2678212741.6188297,2678212741618.8296,17.9027464033205,8.194630947827376,25.996633783976236
1986-01-24 16:04:00,-439761304.8154153,2678214301.57409,2678214301574.09,17.902756830977342,8.194632002060708,25.999254337946574
1986-01-24 16:05:00,-439761244.8154153,2678215861.6872387,2678215861687.239,17.902767259689604,8.194633056400288,26.001885811487835
1986-01-24 16:06:00,-439761184.8154153,2678217421.958938,2678217421958.938,17.902777689461715,8.19463411084657,26.004528323809307
1986-01-24 16:07:00,-439761124.8154153,2678218982.3898478,2678218982389.847,17.902788120298077,8.19463516539999,26.007181827227274
1986-01-24 16:08:00,-439761064.8154153,2678220542.980631,2678220542980.631,17.90279855220313,8.194636220061007,26.009846385320028
1986-01-24 16:09:00,-439761004.8154153,2678222103.731953,2678222103731.953,17.90280898518132,8.194637274830063,26.012522037823995
1986-01-24 16:10:00,-439760944.8154153,2678223664.6444826,2678223664644.4824,17.902819419237115,8.19463832970761,26.015208824475607
1986-01-24 16:11:00,-439760884.8154153,2678225225.7188888,2678225225718.8887,17.902829854374986,8.194639384694105,26.01790676911672
1986-01-24 16:12:00,-439760824.8154153,2678226786.9558444,2678226786955.844,17.902840290599435,8.194640439789998,26.020615927378337
1986-01-24 16:13:00,-439760764.8154153,2678228348.356024,2678228348356.0234,17.902850727914963,8.194641494995743,26.023336323102317
1986-01-24 16:14:00,-439760704.8154153,2678229909.920101,2678229909920.101,17.902861166326087,8.194642550311801,26.026067956288657
1986-01-24 16:15:00,-439760644.8154153,2678231471.648756,2678231471648.7554,17.90287160583734,8.194643605738626,26.028810914357503
1986-01-24 16:16:00,-439760584.8154153,2678233033.542669,2678233033542.669,17.90288204645328,8.194644661276685,26.03156521320343
1986-01-24 16:17:00,-439760524.8154153,2678234595.6025195,2678234595602.5195,17.90289248817844,8.194645716926429,26.03433084487915
1986-01-24 16:18:00,-439760464.8154153,2678236157.8289943,2678236157828.994,17.902902931017415,8.194646772688326,26.03710791269938
1986-01-24 16:19:00,-439760404.8154153,2678237720.222777,2678237720222.777,17.902913374974776,8.194647828562836,26.039896376927693
1986-01-24 16:20:00,-439760344.8154153,2678239282.7845554,2678239282784.556,17.90292382005512,8.194648884550425,26.04269630908966
1986-01-24 16:21:00,-439760284.8154153,2678240845.515019,2678240845515.019,17.90293426626305,8.19464994065156,26.045507725079855
1986-01-24 16:22:00,-439760224.8154153,2678242408.4148583,2678242408414.8584,17.90294471360319,8.194650996866706,26.04833065668742
1986-01-24 16:23:00,-439760164.8154153,2678243971.484765,2678243971484.765,17.90295516208016,8.194652053196329,26.05116511185964
1986-01-24 16:24:00,-439760104.8154153,2678245534.7254333,2678245534725.4336,17.9029656116986,8.1946531096409,26.054011138280234
1986-01-24 16:25:00,-439760044.8154153,2678247098.137559,2678247098137.559,17.90297606246316,8.194654166200888,26.056868759791055
1986-01-24 16:26:00,-439759984.8154153,2678248661.721837,2678248661721.8374,17.902986514378494,8.194655222876762,26.059737968444825
1986-01-24 16:27:00,-439759924.8154153,2678250225.4789686,2678250225478.9688,17.902996967449276,8.194656279668997,26.062618859608968
1986-01-24 16:28:00,-439759864.8154153,2678251789.40965,2678251789409.65,17.90300742168017,8.194657336578066,26.065511353810628
1986-01-24 16:29:00,-439759804.8154153,2678253353.514582,2678253353514.582,17.903017877075857,8.194658393604438,26.06841553846995
1986-01-24 16:30:00,-439759744.8154153,2678254917.7944694,2678254917794.469,17.903028333641046,8.19465945074859,26.071331453323364
1986-01-24 16:31:00,-439759684.8154153,2678256482.2500114,2678256482250.011,17.903038791380414,8.194660508010996,26.074259034792583
1986-01-24 16:32:00,-439759624.8154153,2678258046.881913,2678258046881.913,17.903049250298675,8.19466156539213,26.077198362350465
1986-01-24 16:33:00,-439759564.8154153,2678259611.69088,2678259611690.8794,17.90305971040054,8.194662622892471,26.080149443944297
1986-01-24 16:34:00,-439759504.8154153,2678261176.677616,2678261176677.616,17.90307017169073,8.194663680512493,26.083112271626792
1986-01-24 16:35:00,-439759444.8154153,2678262741.8428288,2678262741842.8286,17.903080634173953,8.194664738252673,26.086086877187093
1986-01-24 16:36:00,-439759384.8154153,2678264307.1872244,2678264307187.2246,17.90309109785494,8.194665796113492,26.089073260625202
1986-01-24 16:37:00,-439759324.8154153,2678265872.7115107,2678265872711.5107,17.903101562738424,8.194666854095425,26.092071437835692
1986-01-24 16:38:00,-439759264.8154153,2678267438.4175587,2678267438417.5586,17.90311202883691,8.194667912199737,26.09510080019633
1986-01-24 16:39:00,-439759204.8154153,2678269004.3040524,2678269004304.052,17.903122496141602,8.194668970425539,26.09810822804769
1986-01-24 16:40:00,-439759144.8154153,2678270570.372563,2678270570372.563,17.903132964663,8.194670028773892,26.10114184220632
1986-01-24 16:41:00,-439759084.8154153,2678272136.623797,2678272136623.797,17.90314343440583,8.194671087245272,26.104187234242758
1986-01-24 16:42:00,-439759024.8154153,2678273703.058464,2678273703058.464,17.903153905374833,8.194672145840162,26.107244451840717
1986-01-24 16:43:00,-439758964.8154153,2678275269.6772723,2678275269677.2725,17.903164377574743,8.19467320455904,26.110313471158346
1986-01-24 16:44:00,-439758904.8154153,2678276836.4809318,2678276836480.931,17.903174851010306,8.19467426340238,26.11339432398478
1986-01-24 16:45:00,-439758844.8154153,2678278403.470147,2678278403470.147,17.903185325686238,8.194675322370664,26.11648692289988
1986-01-24 16:46:00,-439758784.8154153,2678279970.64563,2678279970645.63,17.90319580160729,8.194676381464372,26.119591379165648
1986-01-24 16:47:00,-439758724.8154153,2678281538.008085,2678281538008.085,17.90320627877817,8.194677440683977,26.122707581520082
1986-01-24 16:48:00,-439758664.8154153,2678283105.55822,2678283105558.22,17.90321675720362,8.19467850002996,26.125835585594178
1986-01-24 16:49:00,-439758604.8154153,2678284673.29674,2678284673296.74,17.90322723688834,8.194679559502795,26.128975335756937
1986-01-24 16:50:00,-439758544.8154153,2678286241.22435,2678286241224.35,17.90323771783705,8.194680619102963,26.13212683200836
1986-01-24 16:51:00,-439758484.8154153,2678287809.3417525,2678287809341.7524,17.903248200054446,8.194681678830932,26.135290042559305
1986-01-24 16:52:00,-439758424.8154153,2678289377.649652,2678289377649.652,17.903258683545236,8.194682738687183,26.138464991251627
1986-01-24 16:53:00,-439758364.8154153,2678290946.148747,2678290946148.747,17.903269168314086,8.194683798672184,26.141651582717895
1986-01-24 16:54:00,-439758304.8154153,2678292514.839738,2678292514839.738,17.903279654365683,8.194684858786411,26.144849848747253
1986-01-24 16:55:00,-439758244.8154153,2678294083.723322,2678294083723.322,17.903290141704684,8.194685919030336,26.1480597337087
1986-01-24 16:56:00,-439758184.8154153,2678295652.8001947,2678295652800.195,17.903300630335742,8.194686979404425,26.151281213760377
1986-01-24 16:57:00,-439758124.8154153,2678297222.071048,2678297222071.048,17.903311120263478,8.194688039909147,26.154514217376708
1986-01-24 16:58:00,-439758064.8154153,2678298791.536576,2678298791536.576,17.903321611492537,8.194689100544975,26.1577588001887
1986-01-24 16:59:00,-439758004.8154153,2678300361.1974635,2678300361197.4634,17.90333210402749,8.194690161312366,26.161014795303345
1986-01-24 17:00:00,-439757944.8154153,2678301931.0543995,2678301931054.3994,17.90334259787295,8.194691222211787,26.16428226629893
1986-01-24 17:01:00,-439757884.8154153,2678303501.1080647,2678303501108.0645,17.903353093033463,8.194692283243699,26.167561086018882
1986-01-24 17:02:00,-439757824.8154153,2678305071.3591394,2678305071359.14,17.903363589513575,8.19469334440856,26.17085124651591
1986-01-24 17:03:00,-439757764.8154153,2678306641.808301,2678306641808.3013,17.903374087317818,8.194694405706828,26.174152692159016
1986-01-24 17:04:00,-439757704.8154153,2678308212.456222,2678308212456.222,17.903384586450684,8.19469546713896,26.17746535142263
1986-01-24 17:05:00,-439757644.8154153,2678309783.3035693,2678309783303.5693,17.903395086916632,8.194696528705402,26.180789120992024
1986-01-24 17:06:00,-439757584.8154153,2678311354.3510118,2678311354351.011,17.90340558872013,8.194697590406609,26.18412404060364
1986-01-24 17:07:00,-439757524.8154153,2678312925.599206,2678312925599.206,17.90341609186558,8.194698652243023,26.18746990362803
1986-01-24 17:08:00,-439757464.8154153,2678314497.0488114,2678314497048.8115,17.903426596357374,8.19469971421509,26.190826757748923
1986-01-24 17:09:00,-439757404.8154153,2678316068.7004766,2678316068700.4766,17.903437102199856,8.194700776323248,26.194194420178732
1986-01-24 17:10:00,-439757344.8154153,2678317640.55485,2678317640554.85,17.90344760939736,8.194701838567939,26.19757289091746
1986-01-24 17:11:00,-439757284.8154153,2678319212.612572,2678319212612.572,17.903458117954163,8.19470290094959,26.200962034861245
1986-01-24 17:12:00,-439757224.8154153,2678320784.874278,2678320784874.278,17.903468627874517,8.194703963468632,26.204361764589944
1986-01-24 17:13:00,-439757164.8154153,2678322357.342824,2678322357342.824,17.90347913917751,8.194705026126991,26.207809098561604
1986-01-24 17:14:00,-439757104.8154153,2678323930.014524,2678323930014.524,17.903489651838502,8.194706088922183,26.211195000012715
1986-01-24 17:15:00,-439757044.8154153,2678325502.892075,2678325502892.075,17.903500165875524,8.194707151856031,26.214625851313272
1986-01-24 17:16:00,-439756984.8154153,2678327075.97609,2678327075976.09,17.903510681292673,8.19470821492894,26.218066914876303
1986-01-24 17:17:00,-439756924.8154153,2678328649.2671685,2678328649267.1685,17.903521198093955,8.194709278141325,26.22151797612508
1986-01-24 17:18:00,-439756864.8154153,2678330222.765908,2678330222765.907,17.90353171628336,8.19471034149358,26.224978987375895
1986-01-24 17:19:00,-439756804.8154153,2678331796.4728923,2678331796472.892,17.90354223586481,8.194711404986109,26.22844974199931
1986-01-24 17:20:00,-439756744.8154153,2678333370.388703,2678333370388.7026,17.903552756842167,8.194712468619295,26.231930176417034
1986-01-24 17:21:00,-439756684.8154153,2678334944.513907,2678334944513.9067,17.903563279219235,8.194713532393529,26.23542006810506
1986-01-24 17:22:00,-439756624.8154153,2678336518.849069,2678336518849.0693,17.903573802999787,8.19471459630919,26.23891936937968
1986-01-24 17:23:00,-439756564.8154153,2678338093.3947377,2678338093394.738,17.903584328187485,8.194715660366649,26.242427810033163
1986-01-24 17:24:00,-439756504.8154153,2678339668.15332,2678339668153.32,17.90359485479842,8.194716724567527,26.245976368586224
1986-01-24 17:25:00,-439756444.8154153,2678341243.1219683,2678341243121.9683,17.90360538281357,8.194717788909907,26.249477473894753
1986-01-24 17:26:00,-439756384.8154153,2678342818.302719,2678342818302.719,17.903615912246533,8.194718853395162,26.25301251411438
1986-01-24 17:27:00,-439756324.8154153,2678344393.6960807,2678344393696.0806,17.90362644310071,8.194719918023635,26.25655602614085
1986-01-24 17:28:00,-439756264.8154153,2678345969.3025503,2678345969302.5503,17.903636975379428,8.194720982795662,26.260107827186584
1986-01-24 17:29:00,-439756204.8154153,2678347545.122615,2678347545122.6147,17.903647509085935,8.194722047711574,26.263667742411297
1986-01-24 17:30:00,-439756144.8154153,2678349121.1567464,2678349121156.7466,17.9036580442234,8.194723112771685,26.267235525449117
1986-01-24 17:31:00,-439756084.8154153,2678350697.4054046,2678350697405.405,17.90366858079488,8.194724177976308,26.270810969670613
1986-01-24 17:32:00,-439756024.8154153,2678352273.8690376,2678352273869.0376,17.903679118803378,8.194725243325747,26.27439388434092
1986-01-24 17:33:00,-439755964.8154153,2678353850.548076,2678353850548.076,17.903689658251775,8.194726308820291,26.27798397541046
1986-01-24 17:34:00,-439755904.8154153,2678355427.4429398,2678355427442.9395,17.90370019914287,8.194727374460223,26.281581060091654
1986-01-24 17:35:00,-439755844.8154153,2678357004.554025,2678357004554.0254,17.903710741479326,8.194728440245818,26.285184756914774
1986-01-24 17:36:00,-439755784.8154153,2678358581.881726,2678358581881.7256,17.90372128526376,8.194729506177328,26.28879501024882
1986-01-24 17:37:00,-439755724.8154153,2678360159.426353,2678360159426.353,17.903731830498263,8.194730572254977,26.292410453160603
1986-01-24 17:38:00,-439755664.8154153,2678361737.1883583,2678361737188.3584,17.903742377185843,8.19473163847906,26.296033422152203
1986-01-24 17:39:00,-439755604.8154153,2678363315.1680346,2678363315168.0347,17.903752925328465,8.19473270484978,26.299661270777385
1986-01-24 17:40:00,-439755544.8154153,2678364893.3656974,2678364893365.6973,17.90376347492824,8.19473377136735,26.30329438050588
1986-01-24 17:41:00,-439755484.8154153,2678366471.781645,2678366471781.645,17.903774025987158,8.194734838031968,26.306932457288106
1986-01-24 17:42:00,-439755424.8154153,2678368050.416156,2678368050416.156,17.90378457850708,8.194735904843824,26.310575183232626
1986-01-24 17:43:00,-439755364.8154153,2678369629.2694874,2678369629269.488,17.903795132489726,8.194736971803094,26.314222192764284
1986-01-24 17:44:00,-439755304.8154153,2678371208.341876,2678371208341.876,17.903805687936682,8.194738038909932,26.31787314414978
1986-01-24 17:45:00,-439755244.8154153,2678372787.6335363,2678372787633.536,17.903816244849377,8.194739106164489,26.321527671813964
1986-01-24 17:46:00,-439755184.8154153,2678374367.1446595,2678374367144.66,17.90382680322909,8.19474017356689,26.32518538633982
1986-01-24 17:47:00,-439755124.8154153,2678375946.875416,2678375946875.416,17.90383736307696,8.194741241117251,26.328845938046772
1986-01-24 17:48:00,-439755064.8154153,2678377526.8259487,2678377526825.9487,17.903847924393947,8.194742308815668,26.3325088818868
1986-01-24 17:49:00,-439755004.8154153,2678379106.996377,2678379106996.377,17.90385848718084,8.194743376662224,26.336173804601035
1986-01-24 17:50:00,-439754944.8154153,2678380687.386795,2678380687386.795,17.903869051438278,8.194744444656978,26.33984030087789
1986-01-24 17:51:00,-439754884.8154153,2678382267.997268,2678382267997.268,17.903879617166695,8.194745512799978,26.343507885932922
1986-01-24 17:52:00,-439754824.8154153,2678383848.8278346,2678383848827.8345,17.90389018436634,8.194746581091248,26.347176106770835
1986-01-24 17:53:00,-439754764.8154153,2678385429.8785057,2678385429878.506,17.903900753037295,8.194747649530795,26.350844518343607
1986-01-24 17:54:00,-439754704.8154153,2678387011.1492605,2678387011149.2607,17.90391132317942,8.194748718118607,26.3545125802358
1986-01-24 17:55:00,-439754644.8154153,2678388592.6400504,2678388592640.0503,17.903921894792386,8.194749786854647,26.35817983150482
1986-01-24 17:56:00,-439754584.8154153,2678390174.350791,2678390174350.791,17.903932467875634,8.19475085573886,26.361845676104227
1986-01-24 17:57:00,-439754524.8154153,2678391756.2813697,2678391756281.3696,17.90394304242841,8.19475192477117,26.365509645144144
1986-01-24 17:58:00,-439754464.8154153,2678393338.4316373,2678393338431.637,17.903953618449716,8.194752993951477,26.369171126683554
1986-01-24 17:59:00,-439754404.8154153,2678394920.801412,2678394920801.412,17.903964195938332,8.194754063279655,26.372829580307005
1986-01-24 18:00:00,-439754344.8154153,2678396503.3904734,2678396503390.473,17.90397477489279,8.194755132755558,26.376484354337055
1986-01-24 18:01:00,-439754284.8154153,2678398086.198567,2678398086198.567,17.90398535531139,8.19475620237901,26.380134892463683
