time,sat,elev_deg,az_deg,slant_total_m,expected_slant_m,residual_m,station,range_m,phi_t,fit_residual
2025-10-27T00:00:00Z,G25,42.916,162.139,3.4985,4.08959298245614,-0.5910929824561402,ALIC,3.4985,0.016566224379932937,-0.28010370584285926
2025-10-27T00:00:00Z,G25,74.395,133.487,2.4768,4.08959298245614,-1.6127929824561402,ALIC,2.4768,0.015405117017938785,0.23205256159238097
2025-10-27T00:00:00Z,G07,62.303,333.635,2.6933,4.08959298245614,-1.3962929824561403,ALIC,2.6933,0.015679130176370792,0.08657328717040436
2025-10-27T00:00:00Z,G12,17.063,231.791,8.0381,4.08959298245614,3.94850701754386,ALIC,8.0381,0.019735825761773906,0.0723615778132638
2025-10-27T00:00:00Z,G15,83.172,296.194,2.4029,4.08959298245614,-1.6866929824561403,ALIC,2.4029,0.015307254555658734,0.2874316929012224
2025-10-27T00:00:00Z,Q16,67.085,159.629,2.5894,4.08959298245614,-1.5001929824561402,ALIC,2.5894,0.015549887923141936,0.15340602612407528
2025-10-27T00:00:00Z,Q02,68.955,81.806,2.5556,4.08959298245614,-1.53399298245614,ALIC,2.5556,0.015506961637015149,0.17631288646144316
2025-10-27T00:00:00Z,G18,19.609,199.651,7.0482,4.08959298245614,2.9586070175438595,ALIC,7.0482,0.019197361890297193,-0.20621213911717629
2025-10-27T01:00:00Z,G25,61.229,171.254,2.7218,4.08959298245614,-1.3677929824561401,ALIC,2.7218,0.015713892808102425,0.06915084941879801
2025-10-27T01:00:00Z,G22,65.857,81.687,2.6149,4.08959298245614,-1.4746929824561401,ALIC,2.6149,0.015581981412539303,0.13650960227273545
2025-10-27T01:00:00Z,G16,82.563,241.133,2.4073,4.08959298245614,-1.68229298245614,ALIC,2.4073,0.015313147304179209,0.2840472023825953
2025-10-27T01:00:00Z,G23,34.437,157.375,4.2103,4.08959298245614,0.12070701754386004,ALIC,4.2103,0.017224567727459172,-0.43799422954526523
2025-10-27T01:00:00Z,G09,37.784,299.764,3.8879,4.08959298245614,-0.20169298245613998,ALIC,3.8879,0.016938223798400598,-0.3821256519744507
2025-10-27T01:00:00Z,G25,45.217,252.095,3.3586,4.08959298245614,-0.7309929824561401,ALIC,3.3586,0.016424577766466886,-0.23288444974518185
2025-10-27T01:00:00Z,G18,24.21,112.452,5.7885,4.08959298245614,1.6989070175438599,ALIC,5.7885,0.01841804402102798,-0.4364107878813357
2025-10-27T01:00:00Z,G15,19.744,299.614,7.0061,4.08959298245614,2.91650701754386,ALIC,7.0061,0.019173168940990637,-0.21635255627733319
2025-10-27T02:00:00Z,G19,20.485,11.094,6.7294,4.08959298245614,2.63980701754386,ALIC,6.7294,0.019011242026402142,-0.2791424382832117
2025-10-27T02:00:00Z,G23,18.59,157.218,7.3745,4.08959298245614,3.28490701754386,ALIC,7.3745,0.019381103919843268,-0.12264065228970544
2025-10-27T02:00:00Z,G06,60.13,77.25,2.7359,4.08959298245614,-1.3536929824561401,ALIC,2.7359,0.015730985045834034,0.06067151108431723
2025-10-27T02:00:00Z,G29,45.332,147.07,3.3333,4.08959298245614,-0.7562929824561402,ALIC,3.3333,0.016398466611246887,-0.22369086164547136
2025-10-27T02:00:00Z,G17,52.393,307.225,2.9937,4.08959298245614,-1.09589298245614,ALIC,2.9937,0.016031873375353056,-0.07901063840290368
2025-10-27T02:00:00Z,G31,67.375,84.218,2.5708,4.08959298245614,-1.51879298245614,ALIC,2.5708,0.015526320865550725,0.1659387879810028
2025-10-27T02:00:00Z,G05,57.604,20.989,2.8095,4.08959298245614,-1.2800929824561402,ALIC,2.8095,0.01581909218179689,0.017879446813629407
2025-10-27T02:00:00Z,G16,51.518,101.298,3.0295,4.08959298245614,-1.06009298245614,ALIC,3.0295,0.016072022307382472,-0.09624853398422628
2025-10-27T02:00:00Z,G23,51.941,105.694,3.012,4.08959298245614,-1.07759298245614,ALIC,3.012,0.016052443487709178,-0.0878843492861896
2025-10-27T02:00:00Z,G16,32.796,238.29,4.3698,4.08959298245614,0.28020701754385957,ALIC,4.3698,0.0173598735406022,-0.4572371057883471
2025-10-27T03:00:00Z,G25,38.577,348.903,3.7832,4.08959298245614,-0.3063929824561402,ALIC,3.7832,0.01684120276537282,-0.35865807294272933
2025-10-27T03:00:00Z,G14,32.613,280.35,4.3728,4.08959298245614,0.2832070175438597,ALIC,4.3728,0.017362380871574157,-0.45754936221850695
2025-10-27T03:00:00Z,Q26,57.271,258.08,2.808,4.08959298245614,-1.2815929824561403,ALIC,2.808,0.015817314807407223,0.018727409574355924
2025-10-27T03:00:00Z,G02,37.136,161.77,3.9069,4.08959298245614,-0.1826929824561403,ALIC,3.9069,0.016955608685831125,-0.3860915889901064
2025-10-27T03:00:00Z,G06,16.574,98.007,8.1857,4.08959298245614,4.0961070175438605,ALIC,8.1857,0.019811563118017572,0.11991034882630469
2025-10-27T03:00:00Z,G16,18.85,34.701,7.2473,4.08959298245614,3.15770701754386,ALIC,7.2473,0.01931025457329638,-0.15624662489675956
2025-10-27T03:00:00Z,G07,82.142,324.937,2.3862,4.08959298245614,-1.70339298245614,ALIC,2.3862,0.015284811102294293,0.30038014121250756
2025-10-27T03:00:00Z,G11,78.144,164.079,2.4151,4.08959298245614,-1.6744929824561403,ALIC,2.4151,0.015323572681581465,0.2780749785622554
2025-10-27T03:00:00Z,G22,62.478,72.851,2.6641,4.08959298245614,-1.4254929824561402,ALIC,2.6641,0.015643211313163485,0.1048231400031816
2025-10-27T03:00:00Z,G05,29.94,110.144,4.7193,4.08959298245614,0.6297070175438595,ALIC,4.7193,0.017643252845722435,-0.4820893297494475
2025-10-27T04:00:00Z,Q04,54.073,175.197,2.8793,4.08959298245614,-1.21029298245614,ALIC,2.8793,0.015900983060006535,-0.020500761924272748
2025-10-27T04:00:00Z,G32,22.794,176.655,5.9845,4.08959298245614,1.8949070175438596,ALIC,5.9845,0.01854757871253976,-0.41152984622956446
2025-10-27T04:00:00Z,G08,79.384,337.618,2.374,4.08959298245614,-1.71559298245614,ALIC,2.374,0.015268336796267379,0.309943173967405
2025-10-27T04:00:00Z,G08,53.58,205.822,2.8974,4.08959298245614,-1.19219298245614,ALIC,2.8974,0.01592196225786302,-0.030114886536027896
2025-10-27T04:00:00Z,G02,36.015,170.456,3.9591,4.08959298245614,-0.13049298245614027,ALIC,3.9591,0.017003030302576994,-0.3965369105498948
2025-10-27T04:00:00Z,G05,54.319,96.111,2.8704,4.08959298245614,-1.21919298245614,ALIC,2.8704,0.015890629128585854,-0.015722920303379517
2025-10-27T04:00:00Z,G18,11.71,119.365,11.2156,4.08959298245614,7.12600701754386,ALIC,11.2156,0.021169481006723778,1.3559617070631207
2025-10-27T04:00:00Z,G18,81.892,187.442,2.357,4.08959298245614,-1.73259298245614,ALIC,2.357,0.015245269011109785,0.3234163825594649
2025-10-27T04:00:00Z,G12,46.173,158.008,3.2303,4.08959298245614,-0.8592929824561399,ALIC,3.2303,0.016290521895319543,-0.1840927828792549
2025-10-27T04:00:00Z,G10,68.705,7.78,2.5037,4.08959298245614,-1.5858929824561403,ALIC,2.5037,0.015440167606915356,0.2126497240264631
2025-10-27T04:00:00Z,Q27,16.205,297.465,8.2542,4.08959298245614,4.164607017543861,ALIC,8.2542,0.019846346640544965,0.14246031373180212
2025-10-27T05:00:00Z,G26,33.785,321.004,4.1877,4.08959298245614,0.09810701754386031,ALIC,4.1877,0.017205070108436082,-0.4348373132448913
2025-10-27T05:00:00Z,G02,81.467,269.499,2.3612,4.08959298245614,-1.72839298245614,ALIC,2.3612,0.015250980293602945,0.32007161388950944
2025-10-27T05:00:00Z,Q07,31.819,320.685,4.4151,4.08959298245614,0.3255070175438597,ALIC,4.4151,0.017397590540046082,-0.46176234837960095
2025-10-27T05:00:00Z,G09,48.629,321.641,3.1081,4.08959298245614,-0.9814929824561403,ALIC,3.1081,0.016158873931376272,-0.13238203078250654
2025-10-27T05:00:00Z,G10,29.197,186.789,4.7687,4.08959298245614,0.6791070175438598,ALIC,4.7687,0.017681958944751885,-0.483821201381307
2025-10-27T05:00:00Z,G32,80.203,113.734,2.3695,4.08959298245614,-1.7200929824561402,ALIC,2.3695,0.015262243338085124,0.31349280773008603
2025-10-27T05:00:00Z,G25,22.346,277.924,6.101,4.08959298245614,2.01140701754386,ALIC,6.101,0.018622994014200867,-0.3946556318371428
2025-10-27T05:00:00Z,G11,13.368,238.198,9.909,4.08959298245614,5.819407017543861,ALIC,9.909,0.020624597446355253,0.7691685840587903
2025-10-27T05:00:00Z,G32,42.632,134.517,3.4422,4.08959298245614,-0.64739298245614,ALIC,3.4422,0.016509768678759196,-0.2618240985539413
2025-10-27T05:00:00Z,Q16,84.428,34.008,2.3462,4.08959298245614,-1.74339298245614,ALIC,2.3462,0.015230545886209201,0.3320660546089189
2025-10-27T06:00:00Z,Q06,20.792,289.485,6.5165,4.08959298245614,2.4269070175438596,ALIC,6.5165,0.018883036062963265,-0.3226786679893454
2025-10-27T06:00:00Z,G20,11.045,257.547,11.8342,4.08959298245614,7.744607017543859,ALIC,11.8342,0.021410121586052933,1.6566685708338005
2025-10-27T06:00:00Z,Q06,27.224,266.034,5.0736,4.08959298245614,0.9840070175438598,ALIC,5.0736,0.01791409417729728,-0.4855785295380848
2025-10-27T06:00:00Z,G30,19.887,47.181,6.7954,4.08959298245614,2.7058070175438598,ALIC,6.7954,0.019050336208004337,-0.2647869781712284
2025-10-27T06:00:00Z,G24,60.824,44.551,2.6686,4.08959298245614,-1.42099298245614,ALIC,2.6686,0.015648766941336323,0.10198399517353485
2025-10-27T06:00:00Z,G26,19.137,333.923,7.0459,4.08959298245614,2.9563070175438595,ALIC,7.0459,0.019196043133838714,-0.20677002385267063
2025-10-27T06:00:00Z,G14,47.975,143.128,3.1346,4.08959298245614,-0.9549929824561403,ALIC,3.1346,0.01618776522287657,-0.1440482589820462
2025-10-27T06:00:00Z,G15,62.07,108.342,2.6373,4.08959298245614,-1.45229298245614,ALIC,2.6373,0.015609970190647582,0.12193562025826621
2025-10-27T06:00:00Z,G21,53.584,175.89,2.8945,4.08959298245614,-1.1950929824561403,ALIC,2.8945,0.01591860792114952,-0.02858371112581004
2025-10-27T06:00:00Z,Q26,24.983,238.631,5.4906,4.08959298245614,1.4010070175438596,ALIC,5.4906,0.01821437246435198,-0.46525479535947944
2025-10-27T07:00:00Z,G01,18.186,312.297,7.3564,4.08959298245614,3.2668070175438597,ALIC,7.3564,0.019371081504588217,-0.12750075307194741
2025-10-27T07:00:00Z,Q26,72.207,163.403,2.4356,4.08959298245614,-1.6539929824561401,ALIC,2.4356,0.015350846567690368,0.26254538946929706
2025-10-27T07:00:00Z,G13,69.761,89.222,2.4715,4.08959298245614,-1.6180929824561403,ALIC,2.4715,0.015398175743217557,0.23592218542188093
2025-10-27T07:00:00Z,G27,27.448,85.198,5.0104,4.08959298245614,0.9208070175438596,ALIC,5.0104,0.017866899566868044,-0.48643308986080847
2025-10-27T07:00:00Z,G11,49.808,268.565,3.0334,4.08959298245614,-1.0561929824561402,ALIC,3.0334,0.01607637342020074,-0.0980964793380088
2025-10-27T07:00:00Z,G32,55.451,293.965,2.8141,4.08959298245614,-1.2754929824561403,ALIC,2.8141,0.01582453813075624,0.015285191383980212
2025-10-27T07:00:00Z,G17,75.08,37.9,2.4001,4.08959298245614,-1.68949298245614,ALIC,2.4001,0.01530350018935156,0.28959131892634193
2025-10-27T07:00:00Z,G24,55.233,23.961,2.8215,4.08959298245614,-1.2680929824561402,ALIC,2.8215,0.01583328428163555,0.011131274165569582
2025-10-27T07:00:00Z,G29,40.943,213.996,3.5335,4.08959298245614,-0.55609298245614,ALIC,3.5335,0.016600960736406156,-0.29099143322131926
2025-10-27T07:00:00Z,G26,38.064,52.622,3.7544,4.08959298245614,-0.33519298245614015,ALIC,3.7544,0.016814143805238713,-0.3517124072527813
2025-10-27T07:00:00Z,G28,41.941,296.879,3.4648,4.08959298245614,-0.6247929824561402,ALIC,3.4648,0.01653251810149281,-0.2692767412144419
2025-10-27T07:00:00Z,G18,58.895,111.72,2.7074,4.08959298245614,-1.3821929824561403,ALIC,2.7074,0.015696364626510917,0.07790608214827
2025-10-27T08:00:00Z,G27,23.612,36.602,5.7745,4.08959298245614,1.6849070175438596,ALIC,5.7745,0.0184086598095774,-0.438013974270846
2025-10-27T08:00:00Z,G15,27.756,300.045,4.9752,4.08959298245614,0.88560701754386,ALIC,4.9752,0.01784040994359204,-0.4866395345584653
2025-10-27T08:00:00Z,G26,28.704,18.706,4.8256,4.08959298245614,0.7360070175438596,ALIC,4.8256,0.017726151318113725,-0.48530059942205295
2025-10-27T08:00:00Z,G13,52.842,332.943,2.9169,4.08959298245614,-1.17269298245614,ALIC,2.9169,0.01594444873348677,-0.04032016849099218
2025-10-27T08:00:00Z,G22,41.22,35.681,3.525,4.08959298245614,-0.5645929824561402,ALIC,3.525,0.016592549814313795,-0.2883803628857389
2025-10-27T08:00:00Z,G21,13.694,303.687,9.6516,4.08959298245614,5.56200701754386,ALIC,9.6516,0.020510637525469333,0.6623129218253547
2025-10-27T08:00:00Z,G08,38.021,324.955,3.7696,4.08959298245614,-0.31999298245614005,ALIC,3.7696,0.016828445254939206,-0.35540503421781855
2025-10-27T08:00:00Z,Q09,49.281,352.645,3.0666,4.08959298245614,-1.02299298245614,ALIC,3.0666,0.016113236014459797,-0.11359302807151117
2025-10-27T09:00:00Z,G05,45.841,106.876,3.2138,4.08959298245614,-0.8757929824561401,ALIC,3.2138,0.01627297819744089,-0.17741705268756647
2025-10-27T09:00:00Z,G30,41.267,341.589,3.4943,4.08959298245614,-0.5952929824561402,ALIC,3.4943,0.01656203761169328,-0.2787728644108789
2025-10-27T09:00:00Z,G05,27.443,329.885,4.9877,4.08959298245614,0.8981070175438601,ALIC,4.9877,0.017849833654817848,-0.48658852850970735
2025-10-27T09:00:00Z,G31,37.563,173.128,3.7788,4.08959298245614,-0.3107929824561402,ALIC,3.7788,0.016837079301572855,-0.35761085849887797
2025-10-27T09:00:00Z,G20,37.479,118.21,3.786,4.08959298245614,-0.3035929824561401,ALIC,3.786,0.016843824817712738,-0.3593218796041726
2025-10-27T09:00:00Z,G21,34.562,192.757,4.059,4.08959298245614,-0.03059298245613995,ALIC,4.059,0.0170924264823209,-0.41473183878242104
2025-10-27T09:00:00Z,G04,38.46,305.482,3.7043,4.08959298245614,-0.3852929824561402,ALIC,3.7043,0.016766679638057447,-0.33911087534229356
2025-10-27T09:00:00Z,Q20,61.431,234.931,2.6274,4.08959298245614,-1.46219298245614,ALIC,2.6274,0.015597623378192704,0.12834611512433503
2025-10-27T10:00:00Z,Q21,16.337,34.218,8.0507,4.08959298245614,3.9611070175438607,ALIC,8.0507,0.01974233378660184,0.07636428957128505
2025-10-27T10:00:00Z,G09,80.195,221.82,2.3277,4.08959298245614,-1.76189298245614,ALIC,2.3277,0.015205200959484078,0.3470474327979671
2025-10-27T10:00:00Z,G26,20.306,61.665,6.5557,4.08959298245614,2.4661070175438597,ALIC,6.5557,0.018906887613608925,-0.3149872533651701
2025-10-27T10:00:00Z,G12,81.916,203.382,2.3168,4.08959298245614,-1.77279298245614,ALIC,2.3168,0.0151901934843659,0.355972739674725
2025-10-27T10:00:00Z,G18,70.066,206.075,2.4393,4.08959298245614,-1.6502929824561403,ALIC,2.4393,0.015355749855221257,0.25976800541639333
2025-10-27T10:00:00Z,G11,54.526,167.755,2.8143,4.08959298245614,-1.2752929824561403,ALIC,2.8143,0.01582477475172972,0.01517260826285094
2025-10-27T10:00:00Z,G11,68.697,188.147,2.4612,4.08959298245614,-1.6283929824561403,ALIC,2.4612,0.015384652427168577,0.24348687542144365
2025-10-27T10:00:00Z,G06,69.634,275.012,2.446,4.08959298245614,-1.64359298245614,ALIC,2.446,0.01536461386284338,0.2547583960462183
2025-10-27T10:00:00Z,G31,80.952,287.728,2.3226,4.08959298245614,-1.7669929824561401,ALIC,2.3226,0.015198186033372307,0.35121435223568076
2025-10-27T10:00:00Z,Q05,29.004,177.175,4.7124,4.08959298245614,0.6228070175438596,ALIC,4.7124,0.01763782111222989,-0.4818138533608831
2025-10-27T10:00:00Z,G03,54.256,215.854,2.8238,4.08959298245614,-1.2657929824561402,ALIC,2.8238,0.015835998991943878,0.009845063659121411
2025-10-27T11:00:00Z,Q22,42.843,306.192,3.3477,4.08959298245614,-0.74189298245614,ALIC,3.3477,0.016413347394298006,-0.22894880465265333
2025-10-27T11:00:00Z,G29,38.749,229.347,3.6353,4.08959298245614,-0.45429298245614014,ALIC,3.6353,0.016700473468240995,-0.32065061814313545
2025-10-27T11:00:00Z,G28,64.726,43.892,2.5202,4.08959298245614,-1.5693929824561401,ALIC,2.5202,0.015461520231940806,0.20094229136904573
2025-10-27T11:00:00Z,Q01,51.474,211.773,2.9115,4.08959298245614,-1.17809298245614,ALIC,2.9115,0.015938233616480613,-0.037509819917912246
2025-10-27T11:00:00Z,Q08,80.21,246.995,2.3136,4.08959298245614,-1.77599298245614,ALIC,2.3136,0.015185777040122472,0.358606989722821
2025-10-27T11:00:00Z,G08,68.523,4.429,2.4493,4.08959298245614,-1.64029298245614,ALIC,2.4493,0.015368972675661619,0.25230027877069894
2025-10-27T11:00:00Z,G15,45.953,163.554,3.1679,4.08959298245614,-0.9216929824561402,ALIC,3.1679,0.01622379808702923,-0.15834871034708842
2025-10-27T11:00:00Z,G05,38.227,297.144,3.677,4.08959298245614,-0.41259298245614007,ALIC,3.677,0.01674060233440855,-0.331962006143002
2025-10-27T11:00:00Z,Q28,83.997,106.329,2.2926,4.08959298245614,-1.79699298245614,ALIC,2.2926,0.015156673874797688,0.37605310934690106
2025-10-27T11:00:00Z,G25,63.832,165.077,2.5392,4.08959298245614,-1.55039298245614,ALIC,2.5392,0.0154859718610878,0.187640985009482
2025-10-27T11:00:00Z,G26,81.34,159.233,2.3062,4.08959298245614,-1.78339298245614,ALIC,2.3062,0.015175545517658984,0.36472312558563624
2025-10-27T11:00:00Z,G07,18.886,108.694,6.9767,4.08959298245614,2.88710701754386,ALIC,6.9767,0.019156205991590847,-0.22334401155295147
2025-10-27T12:00:00Z,G30,59.22,20.603,2.6479,4.08959298245614,-1.4416929824561402,ALIC,2.6479,0.015623149526785785,0.11512533762815647
2025-10-27T12:00:00Z,G01,12.712,288.347,10.1258,4.08959298245614,6.03620701754386,ALIC,10.1258,0.020718784156582126,0.8615452270812947
2025-10-27T12:00:00Z,G09,10.407,334.006,12.2074,4.08959298245614,8.11780701754386,ALIC,12.2074,0.021550537762751842,1.844374757144589
2025-10-27T12:00:00Z,G04,13.874,277.959,9.3242,4.08959298245614,5.234607017543859,ALIC,9.3242,0.020362168682526605,0.5310445395557304
2025-10-27T12:00:00Z,Q23,55.444,251.323,2.7618,4.08959298245614,-1.32779298245614,ALIC,2.7618,0.015762201119704278,0.04533417841564891
2025-10-27T12:00:00Z,G17,70.111,301.673,2.42,4.08959298245614,-1.6695929824561402,ALIC,2.42,0.015330108374189244,0.27434114038620994
2025-10-27T12:00:00Z,G32,27.891,14.454,4.8454,4.08959298245614,0.7558070175438596,ALIC,4.8454,0.017741432898303433,-0.48568800699308223
2025-10-27T12:00:00Z,G24,73.706,72.642,2.3711,4.08959298245614,-1.71849298245614,ALIC,2.3711,0.015264410946549178,0.3122293345175615
2025-10-27T13:00:00Z,G27,14.088,229.107,9.17,4.08959298245614,5.08040701754386,ALIC,9.17,0.020290813369730154,0.47110696293720355
2025-10-27T13:00:00Z,G07,56.223,206.069,2.7304,4.08959298245614,-1.3591929824561402,ALIC,2.7304,0.015724326149434198,0.06396810501819017
2025-10-27T13:00:00Z,G31,13.176,52.247,9.7674,4.08959298245614,5.67780701754386,ALIC,9.7674,0.02056219926337821,0.7099983809653638
2025-10-27T13:00:00Z,G19,76.311,340.569,2.3373,4.08959298245614,-1.7522929824561402,ALIC,2.3373,0.015218372685247727,0.33924720369183703
2025-10-27T13:00:00Z,G20,63.218,108.483,2.5429,4.08959298245614,-1.5466929824561402,ALIC,2.5429,0.01549071668541413,0.1850729354138596
2025-10-27T13:00:00Z,G11,22.985,208.086,5.7793,4.08959298245614,1.68970701754386,ALIC,5.7793,0.01841187927394672,-0.4374669794298036
2025-10-27T13:00:00Z,G30,16.879,251.919,7.7283,4.08959298245614,3.63870701754386,ALIC,7.7283,0.019573220056091634,-0.022631601607175256
2025-10-27T13:00:00Z,G02,23.765,233.724,5.6024,4.08959298245614,1.5128070175438602,ALIC,5.6024,0.01829180834216171,-0.45574982025606303
2025-10-27T13:00:00Z,G10,83.502,338.614,2.2859,4.08959298245614,-1.8036929824561403,ALIC,2.2859,0.015147344311934763,0.38167773059910903
2025-10-27T13:00:00Z,G14,44.392,53.438,3.2419,4.08959298245614,-0.8476929824561403,ALIC,3.2419,0.0163028133577523,-0.18873015877191301
2025-10-27T13:00:00Z,G16,68.806,183.007,2.4352,4.08959298245614,-1.65439298245614,ALIC,2.4352,0.01535031613050064,0.262846112274592
2025-10-27T14:00:00Z,G03,26.919,225.364,4.9824,4.08959298245614,0.89280701754386,ALIC,4.9824,0.017845840279607783,-0.4866131648399259
2025-10-27T14:00:00Z,G24,52.934,129.837,2.8374,4.08959298245614,-1.25219298245614,ALIC,2.8374,0.01585201562204719,0.0022866339812996905
2025-10-27T14:00:00Z,G29,52.433,184.586,2.8563,4.08959298245614,-1.23329298245614,ALIC,2.8563,0.0158741737237722,-0.008084856595596435
2025-10-27T14:00:00Z,G01,62.65,265.214,2.55,4.08959298245614,-1.5395929824561403,ALIC,2.55,0.015499806379967174,0.18016518710769525
2025-10-27T14:00:00Z,G14,58.596,319.105,2.6533,4.08959298245614,-1.43629298245614,ALIC,2.6533,0.015629847525677754,0.1116770881759499
2025-10-27T14:00:00Z,G27,58.932,331.581,2.6439,4.08959298245614,-1.4456929824561402,ALIC,2.6439,0.015618181092424743,0.11768878252005566
2025-10-27T14:00:00Z,G23,33.716,181.308,4.0711,4.08959298245614,-0.018492982456139728,ALIC,4.0711,0.017103135979207984,-0.4167793926254344
2025-10-27T14:00:00Z,G28,69.057,187.299,2.4256,4.08959298245614,-1.66399298245614,ALIC,2.4256,0.015337564960734795,0.2700907747947596
2025-10-27T14:00:00Z,G14,51.186,287.953,2.9054,4.08959298245614,-1.18419298245614,ALIC,2.9054,0.015931201883892854,-0.034320698641360003
2025-10-27T14:00:00Z,G12,42.356,113.202,3.3579,4.08959298245614,-0.7316929824561402,ALIC,3.3579,0.01642385741485408,-0.2326328445170862
2025-10-27T15:00:00Z,G05,55.063,3.862,2.7613,4.08959298245614,-1.3282929824561402,ALIC,2.7613,0.015761600684207178,0.04562737100107528
2025-10-27T15:00:00Z,G07,18.975,75.261,6.9012,4.08959298245614,2.81160701754386,ALIC,6.9012,0.019112384814926386,-0.24095497504066188
2025-10-27T15:00:00Z,G10,37.369,189.032,3.7244,4.08959298245614,-0.36519298245613996,ALIC,3.7244,0.016785782639642033,-0.34424649064062507
2025-10-27T15:00:00Z,G07,81.882,58.95,2.2884,4.08959298245614,-1.80119298245614,ALIC,2.2884,0.015150828013017481,0.37957566113119867
2025-10-27T15:00:00Z,G16,84.66,59.726,2.2754,4.08959298245614,-1.8141929824561402,ALIC,2.2754,0.015132679848059327,0.39054990974478576
2025-10-27T15:00:00Z,G32,67.908,301.07,2.4442,4.08959298245614,-1.6453929824561402,ALIC,2.4442,0.015362234372053196,0.2561017719141998
2025-10-27T15:00:00Z,G19,33.322,356.088,4.1121,4.08959298245614,0.022507017543859753,ALIC,4.1121,0.017139238603442575,-0.42347199906794497
2025-10-27T15:00:00Z,G24,61.575,200.149,2.5747,4.08959298245614,-1.5148929824561401,ALIC,2.5747,0.01553127346907024,0.16329625608672327
2025-10-27T15:00:00Z,Q16,62.905,302.065,2.5435,4.08959298245614,-1.5460929824561402,ALIC,2.5435,0.015491485602881161,0.18465717329353115
2025-10-27T15:00:00Z,G01,39.088,356.516,3.5859,4.08959298245614,-0.50369298245614,ALIC,3.5859,0.0166524618950894,-0.3066259471794406
2025-10-27T15:00:00Z,G03,58.067,50.975,2.6677,4.08959298245614,-1.4218929824561402,ALIC,2.6677,0.015647656407511867,0.10255104234126033
2025-10-27T16:00:00Z,G08,73.269,304.012,2.3617,4.08959298245614,-1.7278929824561402,ALIC,2.3617,0.015251659673994888,0.31967413282422186
2025-10-27T16:00:00Z,G09,57.819,173.726,2.671,4.08959298245614,-1.4185929824561403,ALIC,2.671,0.01565172692045147,0.10047377750903719
2025-10-27T16:00:00Z,G01,58.686,276.706,2.6462,4.08959298245614,-1.4433929824561402,ALIC,2.6462,0.015621038666450149,0.11621384492857922
2025-10-27T16:00:00Z,G20,60.265,306.726,2.6037,4.08959298245614,-1.4858929824561402,ALIC,2.6037,0.015567916005745142,0.1438904097599929
2025-10-27T16:00:00Z,Q30,67.218,181.725,2.4527,4.08959298245614,-1.63689298245614,ALIC,2.4527,0.015373458728678457,0.2497740735280507
2025-10-27T16:00:00Z,G23,14.358,327.439,8.9706,4.08959298245614,4.881007017543859,ALIC,8.9706,0.020197124691089696,0.39547240584472565
2025-10-27T16:00:00Z,G15,37.496,211.365,3.7083,4.08959298245614,-0.3812929824561402,ALIC,3.7083,0.01677048773868206,-0.34014148594841
2025-10-27T16:00:00Z,G14,50.465,306.099,2.9302,4.08959298245614,-1.15939298245614,ALIC,2.9302,0.015959717702697995,-0.047190916596221655
2025-10-27T16:00:00Z,G10,35.384,122.613,3.8969,4.08959298245614,-0.19269298245614008,ALIC,3.8969,0.016946467082831207,-0.38401526813055353
2025-10-27T17:00:00Z,G20,10.549,325.198,11.9528,4.08959298245614,7.86320701754386,ALIC,11.9528,0.02145511882610518,1.7158259207132387
2025-10-27T17:00:00Z,G01,30.852,259.451,4.3865,4.08959298245614,0.29690701754385973,ALIC,4.3865,0.017373813792282755,-0.45895257976581316
2025-10-27T17:00:00Z,Q04,62.728,346.756,2.5382,4.08959298245614,-1.5513929824561403,ALIC,2.5382,0.015484688539515679,0.18833628976851013
2025-10-27T17:00:00Z,Q10,57.533,281.522,2.6735,4.08959298245614,-1.41609298245614,ALIC,2.6735,0.015654808000817866,0.09890358160368118
2025-10-27T17:00:00Z,G02,83.635,312.049,2.2712,4.08959298245614,-1.8183929824561402,ALIC,2.2712,0.015126799105692257,0.3941185397889613
2025-10-27T17:00:00Z,G17,56.527,41.077,2.704,4.08959298245614,-1.38559298245614,ALIC,2.704,0.01569221529450382,0.07998746923880384
2025-10-27T17:00:00Z,G25,45.813,263.669,3.1436,4.08959298245614,-0.9459929824561399,ALIC,3.1436,0.016197533510566853,-0.14795244836735577
2025-10-27T17:00:00Z,G31,67.107,158.432,2.4493,4.08959298245614,-1.64029298245614,ALIC,2.4493,0.015368972675661619,0.25230027877069894
2025-10-27T18:00:00Z,G20,83.916,13.309,2.2683,4.08959298245614,-1.8212929824561401,ALIC,2.2683,0.015122733582019654,0.3965892136557754
2025-10-27T18:00:00Z,G22,44.873,134.173,3.1923,4.08959298245614,-0.8972929824561402,ALIC,3.1923,0.016250011254086205,-0.1685770590215978
2025-10-27T18:00:00Z,G09,83.344,17.531,2.2708,4.08959298245614,-1.8187929824561402,ALIC,2.2708,0.01512623858747486,0.3944590004981996
2025-10-27T18:00:00Z,Q08,40.868,39.342,3.4409,4.08959298245614,-0.64869298245614,ALIC,3.4409,0.016508456502416502,-0.26139067581191
2025-10-27T18:00:00Z,G14,69.526,243.11,2.4069,4.08959298245614,-1.6826929824561403,ALIC,2.4069,0.015312611951193045,0.2843544190965681
2025-10-27T18:00:00Z,G28,16.361,256.773,7.9041,4.08959298245614,3.8145070175438596,ALIC,7.9041,0.01966611059765011,0.03045731755856007
2025-10-27T18:00:00Z,G17,51.66,278.539,2.8729,4.08959298245614,-1.21669298245614,ALIC,2.8729,0.01589354009224886,-0.017068387143853503
2025-10-27T18:00:00Z,G12,70.154,311.564,2.3972,4.08959298245614,-1.69239298245614,ALIC,2.3972,0.015299608092612216,0.2918328908192769
2025-10-27T18:00:00Z,G25,79.353,266.195,2.2948,4.08959298245614,-1.7947929824561402,ALIC,2.2948,0.015159732620279032,0.3742124184679878
2025-10-27T18:00:00Z,Q28,71.694,288.314,2.3751,4.08959298245614,-1.71449298245614,ALIC,2.3751,0.015269824921598563,0.30907731754389145
2025-10-27T19:00:00Z,G10,54.274,49.256,2.7733,4.08959298245614,-1.3162929824561402,ALIC,2.7733,0.015775987515912027,0.03862195194911067
2025-10-27T19:00:00Z,G29,39.771,206.954,3.5156,4.08959298245614,-0.57399298245614,ALIC,3.5156,0.016583229665972254,-0.285468178487438
2025-10-27T19:00:00Z,G30,30.612,359.129,4.4096,4.08959298245614,0.3200070175438601,ALIC,4.4096,0.017393027547227824,-0.46123450344325967
2025-10-27T19:00:00Z,G10,76.492,252.317,2.3171,4.08959298245614,-1.7724929824561402,ALIC,2.3171,0.015190607279132351,0.3557261048701177
2025-10-27T19:00:00Z,G17,24.07,214.277,5.4927,4.08959298245614,1.40310701754386,ALIC,5.4927,0.01821583840088392,-0.4650913397401091
2025-10-27T19:00:00Z,Q32,16.361,141.253,7.8966,4.08959298245614,3.80700701754386,ALIC,7.8966,0.01966218114979501,0.028148231351195818
2025-10-27T19:00:00Z,G24,35.645,329.508,3.8571,4.08959298245614,-0.23249298245614014,ALIC,3.8571,0.016909899011521068,-0.37550779269543
2025-10-27T19:00:00Z,G07,63.823,178.89,2.5096,4.08959298245614,-1.5799929824561403,ALIC,2.5096,0.015447815509175511,0.20844662486573995
2025-10-27T19:00:00Z,G19,70.557,48.372,2.3889,4.08959298245614,-1.70069298245614,ALIC,2.3889,0.015288448068131899,0.2982756045890578
2025-10-27T19:00:00Z,Q20,84.906,131.536,2.2623,4.08959298245614,-1.82729298245614,ALIC,2.2623,0.015114309112689961,0.40171818028205974
2025-10-27T19:00:00Z,G21,32.227,24.18,4.2123,4.08959298245614,0.12270701754385982,ALIC,4.2123,0.017226289199437694,-0.4382683436107655
2025-10-27T19:00:00Z,G01,40.596,72.712,3.4565,4.08959298245614,-0.63309298245614,ALIC,3.4565,0.016524176868747187,-0.2665577325130988
2025-10-27T20:00:00Z,G19,28.103,171.453,4.7518,4.08959298245614,0.6622070175438601,ALIC,4.7518,0.01766875314183114,-0.48327595536916235
2025-10-27T20:00:00Z,Q03,34.187,358.093,3.9895,4.08959298245614,-0.10009298245614007,ALIC,3.9895,0.017030420572088145,-0.40232024546929823
2025-10-27T20:00:00Z,G32,21.658,242.855,6.0463,4.08959298245614,1.9567070175438595,ALIC,6.0463,0.01858772725470903,-0.40276722679440624
2025-10-27T20:00:00Z,G15,75.574,293.27,2.3206,4.08959298245614,-1.76899298245614,ALIC,2.3206,0.01519543176320437,0.3528528224560792
2025-10-27T20:00:00Z,G09,31.244,324.919,4.3193,4.08959298245614,0.22970701754386003,ALIC,4.3193,0.01731746152600455,-0.45170961295303425
2025-10-27T20:00:00Z,Q17,52.112,283.532,2.8455,4.08959298245614,-1.2440929824561402,ALIC,2.8455,0.015861526171295326,-0.00217707549854973
2025-10-27T20:00:00Z,G26,69.398,66.665,2.4006,4.08959298245614,-1.6889929824561403,ALIC,2.4006,0.015304170865340527,0.28920533662809156
2025-10-27T20:00:00Z,G11,68.787,202.381,2.4104,4.08959298245614,-1.67919298245614,ALIC,2.4104,0.015317293911147667,0.2816694151465917
2025-10-27T20:00:00Z,G02,42.879,36.682,3.2981,4.08959298245614,-0.7914929824561403,ALIC,3.2981,0.016361876617597026,-0.2105544261681649
2025-10-27T21:00:00Z,G24,18.37,0.598,7.0722,4.08959298245614,2.9826070175438595,ALIC,7.0722,0.019211102609089536,-0.20036402440236145
2025-10-27T21:00:00Z,G11,38.838,40.345,3.5833,4.08959298245614,-0.5062929824561402,ALIC,3.5833,0.016649920545001473,-0.3058687505172686
2025-10-27T21:00:00Z,G08,14.54,310.595,8.8232,4.08959298245614,4.73360701754386,ALIC,8.8232,0.02012680642364484,0.3409648624477404
2025-10-27T21:00:00Z,G30,62.364,0.444,2.5404,4.08959298245614,-1.5491929824561401,ALIC,2.5404,0.015487511320564584,0.1868073147010998
2025-10-27T21:00:00Z,G16,25.527,182.94,5.1983,4.08959298245614,1.1087070175438596,ALIC,5.1983,0.018005869486347637,-0.48211635610816916
2025-10-27T21:00:00Z,G02,32.655,176.221,4.1604,4.08959298245614,0.07080701754385998,ALIC,4.1604,0.017181406628746343,-0.43087717501865797
2025-10-27T21:00:00Z,G16,39.559,119.914,3.5287,4.08959298245614,-0.5608929824561399,ALIC,3.5287,0.016596213004234528,-0.28951954227830745
2025-10-27T21:00:00Z,G15,41.246,155.278,3.4093,4.08959298245614,-0.6802929824561401,ALIC,3.4093,0.016476439531891707,-0.2506953355951316
2025-10-27T22:00:00Z,G23,21.284,305.797,6.1365,4.08959298245614,2.0469070175438597,ALIC,6.1365,0.0186457486630911,-0.389215178401062
2025-10-27T22:00:00Z,G23,13.553,1.707,9.3978,4.08959298245614,5.30820701754386,ALIC,9.3978,0.020395898924489897,0.5600859184230158
2025-10-27T22:00:00Z,G06,20.365,307.213,6.3961,4.08959298245614,2.3065070175438596,ALIC,6.3961,0.01880906282959849,-0.3453578961357042
2025-10-27T22:00:00Z,G22,78.912,222.883,2.2869,4.08959298245614,-1.80269298245614,ALIC,2.2869,0.015148738153033303,0.3808364263624924
2025-10-27T22:00:00Z,G24,10.694,58.588,11.7334,4.08959298245614,7.6438070175438595,ALIC,11.7334,0.021371597180041668,1.606760420755509
2025-10-27T22:00:00Z,G28,24.124,278.257,5.4595,4.08959298245614,1.3699070175438601,ALIC,5.4595,0.018192610677902232,-0.46760684867588775
2025-10-27T22:00:00Z,G23,12.346,307.977,10.2601,4.08959298245614,6.170507017543859,ALIC,10.2601,0.020776334270932395,0.9198198684648711
2025-10-27T22:00:00Z,G10,18.297,91.535,7.0756,4.08959298245614,2.9860070175438596,ALIC,7.0756,0.01921304623435849,-0.19953160936298797
2025-10-27T22:00:00Z,G24,56.511,330.766,2.6892,4.08959298245614,-1.40039298245614,ALIC,2.6892,0.015674105379198444,0.08911118895939962
2025-10-27T22:00:00Z,G27,28.123,163.605,4.7415,4.08959298245614,0.6519070175438602,ALIC,4.7415,0.017660686446667295,-0.4829196187205822
2025-10-27T22:00:00Z,G11,52.691,217.233,2.8192,4.08959298245614,-1.2703929824561402,ALIC,2.8192,0.015830567824295372,0.0124197925514129
2025-10-27T22:00:00Z,G04,54.265,354.474,2.7627,4.08959298245614,-1.32689298245614,ALIC,2.7627,0.015763281687442676,0.04480671731068897
2025-10-27T23:00:00Z,G30,54.537,323.029,2.7456,4.08959298245614,-1.34399298245614,ALIC,2.7456,0.015742703215107845,0.0548914719666338
2025-10-27T23:00:00Z,Q17,19.452,316.937,6.6597,4.08959298245614,2.57010701754386,ALIC,6.6597,0.01896962635420607,-0.2938669366966504
2025-10-27T23:00:00Z,G31,20.779,193.032,6.2587,4.08959298245614,2.16910701754386,ALIC,6.2587,0.01872329016401353,-0.3694497344716847
2025-10-27T23:00:00Z,G01,61.982,223.845,2.5339,4.08959298245614,-1.55569298245614,ALIC,2.5339,0.015479165705534648,0.1913321125262435
2025-10-27T23:00:00Z,G02,22.971,98.347,5.6979,4.08959298245614,1.6083070175438596,ALIC,5.6979,0.01835699455070472,-0.44636267923606177
2025-10-27T23:00:00Z,G26,48.047,18.187,3.0059,4.08959298245614,-1.08369298245614,ALIC,3.0059,0.01604559776943537,-0.08494095827595549
2025-10-27T23:00:00Z,G12,84.383,214.044,2.249,4.08959298245614,-1.84059298245614,ALIC,2.249,0.015095571816788222,0.41317068784028566
2025-10-27T23:00:00Z,G17,10.301,106.112,12.1139,4.08959298245614,8.024307017543858,ALIC,12.1139,0.021515679887969652,1.796923013709172
2025-10-27T23:00:00Z,G14,11.243,238.904,11.1674,4.08959298245614,7.0778070175438605,ALIC,11.1674,0.02115029472005503,1.3331073443564057
2025-10-27T23:00:00Z,G14,84.481,301.048,2.2486,4.08959298245614,-1.84099298245614,ALIC,2.2486,0.015095006935913036,0.4135169117461177
2025-10-27T23:00:00Z,Q31,53.848,6.538,2.7694,4.08959298245614,-1.32019298245614,ALIC,2.7694,0.015771317193730816,0.04089158206521937
2025-10-27T23:00:00Z,G04,19.518,214.457,6.6384,4.08959298245614,2.5488070175438597,ALIC,6.6384,0.018956840250214713,-0.29827612505840584
2025-10-28T00:00:00Z,G29,39.626,316.212,3.4967,4.08959298245614,-0.59289298245614,ALIC,3.4967,0.016564430536657904,-0.27953398721022316
2025-10-28T00:00:00Z,G19,61.194,136.459,2.5485,4.08959298245614,-1.54109298245614,ALIC,2.5485,0.01549788768765925,0.1811998349086843
2025-10-28T00:00:00Z,G19,21.203,186.127,6.1308,4.08959298245614,2.0412070175438597,ALIC,6.1308,0.018642102111795067,-0.390097979110946
2025-10-28T00:00:00Z,G13,82.116,267.018,2.2557,4.08959298245614,-1.83389298245614,ALIC,2.2557,0.015105021804457275,0.4073869819507028
2025-10-28T00:00:00Z,Q14,23.383,263.209,5.5949,4.08959298245614,1.5053070175438599,ALIC,5.5949,0.018286651969784185,-0.45643810383139893
2025-10-28T00:00:00Z,G01,24.966,281.866,5.2651,4.08959298245614,1.1755070175438602,ALIC,5.2651,0.018054319598431068,-0.4793203496316254
2025-10-28T00:00:00Z,G20,74.424,205.176,2.3192,4.08959298245614,-1.7703929824561402,ALIC,2.3192,0.015193502659173186,0.354001224443373
2025-10-28T00:00:00Z,Q19,78.444,37.661,2.2804,4.08959298245614,-1.80919298245614,ALIC,2.2804,0.015139669572067138,0.38631628301227305
2025-10-28T00:00:00Z,G30,25.911,325.43,5.0877,4.08959298245614,0.9981070175438598,ALIC,5.0877,0.017924560005789347,-0.4853041904131379
2025-10-28T00:00:00Z,G17,45.235,311.606,3.1426,4.08959298245614,-0.9469929824561403,ALIC,3.1426,0.016196449236010713,-0.14752009044939296
2025-10-28T00:00:00Z,G15,65.012,287.315,2.4641,4.08959298245614,-1.62549298245614,ALIC,2.4641,0.015388464473306218,0.2413510526789766
2025-10-31T00:00:00Z,G07,38.29,35.613,3.6844,4.08959298245614,-0.40519298245614,ALIC,3.6844,0.01674768596172771,-0.33391968185440835
2025-10-31T00:00:00Z,G05,39.558,271.262,3.5853,4.08959298245614,-0.50429298245614,ALIC,3.5853,0.016651875558782336,-0.3064513800301407
2025-10-31T00:00:00Z,G10,19.833,317.173,6.6846,4.08959298245614,2.5950070175438595,ALIC,6.6846,0.01898453264538147,-0.28865857667069594
2025-10-31T00:00:00Z,Q11,22.215,100.121,6.0094,4.08959298245614,1.9198070175438602,ALIC,6.0094,0.018563794240061826,-0.4080510251262126
2025-10-31T00:00:00Z,G25,61.342,72.752,2.6057,4.08959298245614,-1.48389298245614,ALIC,2.6057,0.015570431182991173,0.14256778817578963
2025-10-31T00:00:00Z,G10,35.461,66.876,3.9336,4.08959298245614,-0.1559929824561399,ALIC,3.9336,0.01697992661799108,-0.39151627777904974
2025-10-31T00:00:00Z,G29,81.617,187.924,2.3124,4.08959298245614,-1.7771929824561403,ALIC,2.3124,0.015184119630565762,0.3595964754839849
2025-10-31T00:00:00Z,G25,28.27,168.63,4.8105,4.08959298245614,0.7209070175438601,ALIC,4.8105,0.017714463893671484,-0.48496117511238346
2025-10-31T00:00:00Z,G24,83.843,91.172,2.3011,4.08959298245614,-1.7884929824561402,ALIC,2.3011,0.01516847897046758,0.36895823795633564
2025-10-31T00:00:00Z,Q11,83.678,57.712,2.3018,4.08959298245614,-1.78779298245614,ALIC,2.3018,0.015169449620113351,0.3683759818175991
2025-10-31T00:00:00Z,G18,81.475,306.696,2.3133,4.08959298245614,-1.7762929824561402,ALIC,2.3133,0.015185362751351628,0.35885427712146356
2025-10-31T00:00:00Z,G17,15.387,210.322,8.4973,4.08959298245614,4.407707017543859,ALIC,8.4973,0.01996798028631308,0.22487876437705534
2025-10-31T00:00:00Z,G24,20.335,264.647,6.5293,4.08959298245614,2.43970701754386,ALIC,6.5293,0.018890836742999406,-0.3201835909924533
2025-10-31T00:00:00Z,G08,32.835,106.572,4.2067,4.08959298245614,0.11710701754385955,ALIC,4.2067,0.01722146745104114,-0.4374986751028116
2025-10-31T00:00:00Z,G11,51.467,133.651,2.9218,4.08959298245614,-1.16779298245614,ALIC,2.9218,0.015950080523406962,-0.042859925182506586
2025-10-31T00:00:00Z,G08,17.273,145.748,7.6163,4.08959298245614,3.5267070175438597,ALIC,7.6163,0.019513167620398564,-0.05530060442499618
2025-10-31T00:00:00Z,G10,73.435,273.605,2.3864,4.08959298245614,-1.70319298245614,ALIC,2.3864,0.01528508061852163,0.3002241025135861
2025-10-31T00:00:00Z,G06,56.257,278.047,2.7492,4.08959298245614,-1.34039298245614,ALIC,2.7492,0.01574704391376769,0.05275728401607882
2025-10-31T00:00:00Z,Q02,50.677,74.453,2.9543,4.08959298245614,-1.1352929824561402,ALIC,2.9543,0.015987246737172,-0.05945756402826863
2025-10-31T00:00:00Z,Q31,22.398,338.954,5.9635,4.08959298245614,1.8739070175438597,ALIC,5.9635,0.018533861531423224,-0.4144090548920554
2025-10-31T01:00:00Z,G29,68.302,342.81,2.463,4.08959298245614,-1.62659298245614,ALIC,2.463,0.015387018941792396,0.24216064144296645
2025-10-31T01:00:00Z,Q27,48.825,173.531,3.038,4.08959298245614,-1.0515929824561403,ALIC,3.038,0.01608149983103191,-0.10026861569698431
2025-10-31T01:00:00Z,G32,46.796,343.154,3.1367,4.08959298245614,-0.9528929824561403,ALIC,3.1367,0.016190046467827512,-0.1449618492667093
2025-10-31T01:00:00Z,G05,49.731,58.888,2.9971,4.08959298245614,-1.09249298245614,ALIC,2.9971,0.01603570263635512,-0.08066920247709364
2025-10-31T01:00:00Z,G27,50.243,199.59,2.9748,4.08959298245614,-1.11479298245614,ALIC,2.9748,0.016010524399453496,-0.06970802634588846
2025-10-31T01:00:00Z,G27,42.592,74.778,3.3772,4.08959298245614,-0.7123929824561399,ALIC,3.3772,0.016443675277645342,-0.2395128120588792
2025-10-31T01:00:00Z,G24,19.882,91.146,6.6736,4.08959298245614,2.5840070175438603,ALIC,6.6736,0.018977952948487697,-0.29096660756544157
2025-10-31T01:00:00Z,G12,19.425,10.82,6.8214,4.08959298245614,2.7318070175438596,ALIC,6.8214,0.019065654712254743,-0.2590231634899265
2025-10-31T01:00:00Z,G17,21.466,332.562,6.2097,4.08959298245614,2.1201070175438597,ALIC,6.2097,0.01869234213903126,-0.37756650210437837
2025-10-31T01:00:00Z,G11,79.05,157.676,2.3316,4.08959298245614,-1.7579929824561402,ALIC,2.3316,0.0152105571344614,0.3438717713842516
2025-10-31T01:00:00Z,Q18,35.604,230.045,3.9225,4.08959298245614,-0.16709298245614024,ALIC,3.9225,0.016969832784157424,-0.38928203256195504
2025-10-31T01:00:00Z,G06,13.758,0.831,9.4517,4.08959298245614,5.3621070175438605,ALIC,9.4517,0.020420468863088903,0.5815283218697909
2025-10-31T01:00:00Z,G03,35.68,357.613,3.9153,4.08959298245614,-0.17429298245614033,ALIC,3.9153,0.016963273373501897,-0.38781686216170597
2025-10-31T01:00:00Z,G22,69.584,101.123,2.442,4.08959298245614,-1.64759298245614,ALIC,2.442,0.015359324226652538,0.257746157806543
2025-10-31T01:00:00Z,G32,56.703,22.343,2.7369,4.08959298245614,-1.3526929824561402,ALIC,2.7369,0.0157321946190061,0.06007363008586397
2025-10-31T01:00:00Z,G28,66.313,164.974,2.4989,4.08959298245614,-1.5906929824561402,ALIC,2.4989,0.015433935084621764,0.2160830654855488
2025-10-31T01:00:00Z,G19,69.523,46.451,2.443,4.08959298245614,-1.64659298245614,ALIC,2.443,0.01536064727641473,0.256998370964181
2025-10-31T01:00:00Z,Q02,25.897,54.838,5.2156,4.08959298245614,1.1260070175438601,ALIC,5.2156,0.018018464122599553,-0.4814542333479528
2025-10-31T02:00:00Z,G15,76.937,183.216,2.3493,4.08959298245614,-1.7402929824561402,ALIC,2.3493,0.015234777432161062,0.3295760605294258
2025-10-31T02:00:00Z,G30,66.221,326.551,2.5001,4.08959298245614,-1.58949298245614,ALIC,2.5001,0.015435494100383362,0.2152235607616677
2025-10-31T02:00:00Z,G30,84.386,150.948,2.2999,4.08959298245614,-1.78969298245614,ALIC,2.2999,0.015166814457332478,0.36995710774914947
2025-10-31T02:00:00Z,G24,49.856,232.946,2.9909,4.08959298245614,-1.0986929824561402,ALIC,2.9909,0.016028717288340877,-0.07764135655812243
2025-10-31T02:00:00Z,Q07,59.5,123.25,2.6547,4.08959298245614,-1.43489298245614,ALIC,2.6547,0.01563158228756656,0.11078541775618422
2025-10-31T02:00:00Z,G31,32.686,146.936,4.2255,4.08959298245614,0.13590701754386014,ALIC,4.2255,0.01723763476641227,-0.44005616435946227
2025-10-31T02:00:00Z,G18,81.065,158.418,2.3168,4.08959298245614,-1.77279298245614,ALIC,2.3168,0.0151901934843659,0.355972739674725
2025-10-31T02:00:00Z,G18,37.475,45.291,3.7536,4.08959298245614,-0.33599298245614007,ALIC,3.7536,0.016813389832507353,-0.3515163875587173
2025-10-31T02:00:00Z,G23,65.388,33.021,2.5165,4.08959298245614,-1.57309298245614,ALIC,2.5165,0.0154567416852196,0.20355488921957354
2025-10-31T02:00:00Z,G25,40.236,240.296,3.5368,4.08959298245614,-0.5527929824561402,ALIC,3.5368,0.01660422185069077,-0.291999459117982
2025-10-31T02:00:00Z,G31,52.136,235.986,2.8964,4.08959298245614,-1.1931929824561402,ALIC,2.8964,0.015920805889456213,-0.029587290564887958
2025-10-31T02:00:00Z,G19,63.984,238.647,2.5457,4.08959298245614,-1.54389298245614,ALIC,2.5457,0.015494303742752624,0.1831343293552008
2025-10-31T02:00:00Z,Q12,29.133,336.937,4.6832,4.08959298245614,0.5936070175438601,ALIC,4.6832,0.01761476493048786,-0.48055597321497956
2025-10-31T02:00:00Z,G14,56.911,307.434,2.7299,4.08959298245614,-1.35969298245614,ALIC,2.7299,0.015723720270446773,0.06426848861111845
2025-10-31T02:00:00Z,G10,34.037,115.998,4.0779,4.08959298245614,-0.011692982456140477,ALIC,4.0779,0.017109143519069336,-0.4179155258115843
2025-10-31T02:00:00Z,G08,83.21,196.037,2.305,4.08959298245614,-1.78459298245614,ALIC,2.305,0.015173883911106412,0.3657181556992124
2025-10-31T02:00:00Z,G22,39.976,176.337,3.5558,4.08959298245614,-0.53379298245614,ALIC,3.5558,0.016622951390479868,-0.2977417206280166
2025-10-31T02:00:00Z,G27,61.407,227.593,2.6053,4.08959298245614,-1.48429298245614,ALIC,2.6053,0.01556992826945991,0.14283215143551642
2025-10-31T02:00:00Z,G10,11.742,120.28,10.9682,4.08959298245614,6.878607017543859,ALIC,10.9682,0.021070302223003212,1.2395797369075963
2025-10-31T02:00:00Z,G28,40.005,87.914,3.5537,4.08959298245614,-0.53589298245614,ALIC,3.5537,0.01662088517124305,-0.2971121855048864
2025-10-31T02:00:00Z,G19,75.633,328.562,2.3623,4.08959298245614,-1.7272929824561403,ALIC,2.3623,0.015252474780637737,0.31919735347229894
2025-10-31T02:00:00Z,G06,55.767,332.595,2.7663,4.08959298245614,-1.32329298245614,ALIC,2.7663,0.01576760118224052,0.04270054027254666
2025-10-31T02:00:00Z,G12,43.296,303.596,3.3324,4.08959298245614,-0.7571929824561403,ALIC,3.3324,0.01639753487901574,-0.2233600165323546
2025-10-31T03:00:00Z,G17,35.21,69.333,3.9655,4.08959298245614,-0.12409298245614009,ALIC,3.9655,0.017008810433131627,-0.3977726294920205
2025-10-31T03:00:00Z,G18,69.813,55.427,2.4415,4.08959298245614,-1.64809298245614,ALIC,2.4415,0.015358662541416823,0.2581202630607975
2025-10-31T03:00:00Z,Q08,72.938,152.208,2.3972,4.08959298245614,-1.69239298245614,ALIC,2.3972,0.015299608092612216,0.2918328908192769
2025-10-31T03:00:00Z,G17,20.375,223.081,6.5298,4.08959298245614,2.4402070175438597,ALIC,6.5298,0.018891141212097118,-0.3200858034398548
2025-10-31T03:00:00Z,G10,68.075,335.844,2.4701,4.08959298245614,-1.6194929824561402,ALIC,2.4701,0.015396340237687323,0.2369469410935925
2025-10-31T03:00:00Z,G22,18.678,353.096,7.0875,4.08959298245614,2.9979070175438602,ALIC,7.0875,0.019219843124729463,-0.196610497307236
2025-10-31T03:00:00Z,G26,39.255,25.071,3.6153,4.08959298245614,-0.47429298245614016,ALIC,3.6153,0.01668109798952644,-0.3150550527082232
2025-10-31T03:00:00Z,G21,84.896,49.679,2.3014,4.08959298245614,-1.78819298245614,ALIC,2.3014,0.015168894991704374,0.3687086619202784
2025-10-31T03:00:00Z,G32,84.957,18.511,2.3012,4.08959298245614,-1.78839298245614,ALIC,2.3012,0.015168617648969152,0.3688750396615368
2025-10-31T03:00:00Z,G10,48.734,242.015,3.046,4.08959298245614,-1.0435929824561403,ALIC,3.046,0.01609040075567525,-0.10402699351547584
2025-10-31T03:00:00Z,G18,17.14,127.202,7.6872,4.08959298245614,3.5976070175438597,ALIC,7.6872,0.01955126320518641,-0.034725969159650205
2025-10-31T03:00:00Z,Q09,64.588,283.487,2.5366,4.08959298245614,-1.5529929824561401,ALIC,2.5366,0.015482634394765382,0.18944987414717485
2025-10-31T03:00:00Z,G03,83.25,299.563,2.3082,4.08959298245614,-1.7813929824561403,ALIC,2.3082,0.015178313346159156,0.3630667444178495
2025-10-31T03:00:00Z,Q17,33.874,295.643,4.1011,4.08959298245614,0.011507017543859632,ALIC,4.1011,0.01712958051699376,-0.4217133886966309
2025-10-31T03:00:00Z,G02,44.591,150.0,3.2604,4.08959298245614,-0.8291929824561399,ALIC,3.2604,0.016322344495235397,-0.1960313539233538
2025-10-31T03:00:00Z,G08,41.858,115.756,3.4293,4.08959298245614,-0.6602929824561401,ALIC,3.4293,0.016496730497669976,-0.2575002858090891
2025-10-31T04:00:00Z,G25,42.724,296.325,3.3494,4.08959298245614,-0.74019298245614,ALIC,3.3494,0.01641510081774822,-0.22956512753252767
2025-10-31T04:00:00Z,G03,68.097,194.019,2.4523,4.08959298245614,-1.63729298245614,ALIC,2.4523,0.015372931212569885,0.25007093750100573
2025-10-31T04:00:00Z,G11,12.613,294.912,10.1984,4.08959298245614,6.108807017543859,ALIC,10.1984,0.020749968907696648,0.892949272675092
2025-10-31T04:00:00Z,G06,58.919,33.392,2.6559,4.08959298245614,-1.4336929824561402,ALIC,2.6559,0.015633068651755178,0.11002188785272438
2025-10-31T04:00:00Z,G06,71.735,142.013,2.3963,4.08959298245614,-1.69329298245614,ALIC,2.3963,0.015298399444953814,0.29252954918752305
2025-10-31T04:00:00Z,G06,22.6,265.607,5.8834,4.08959298245614,1.7938070175438598,ALIC,5.8834,0.018481187747953154,-0.424925469816567
2025-10-31T04:00:00Z,G02,21.015,92.683,6.298,4.08959298245614,2.20840701754386,ALIC,6.298,0.018747973878824542,-0.3627576326779538
2025-10-31T04:00:00Z,G27,74.56,270.838,2.3609,4.08959298245614,-1.7286929824561401,ALIC,2.3609,0.015250572610866042,0.32031017452704624
2025-10-31T04:00:00Z,G13,84.279,69.228,2.2875,4.08959298245614,-1.80209298245614,ALIC,2.2875,0.015149574226812401,0.380331948819689
2025-10-31T04:00:00Z,G04,20.291,79.487,6.5089,4.08959298245614,2.4193070175438596,ALIC,6.5089,0.01887839868704666,-0.3241525608377014
2025-10-31T04:00:00Z,G27,59.015,236.187,2.6533,4.08959298245614,-1.43629298245614,ALIC,2.6533,0.015629847525677754,0.1116770881759499
2025-10-31T04:00:00Z,G12,43.655,104.07,3.2922,4.08959298245614,-0.7973929824561403,ALIC,3.2922,0.016355713510739278,-0.20831278449913393
2025-10-31T04:00:00Z,G18,39.469,264.501,3.5737,4.08959298245614,-0.51589298245614,ALIC,3.5737,0.01664052447421005,-0.3030562703759503
2025-10-31T04:00:00Z,G06,75.631,203.911,2.3492,4.08959298245614,-1.74039298245614,ALIC,2.3492,0.01523464099948435,0.32965629202489977
2025-10-31T04:00:00Z,G13,83.17,198.327,2.2924,4.08959298245614,-1.79719298245614,ALIC,2.2924,0.015156395692171643,0.3762205966081269
2025-10-31T04:00:00Z,G25,75.464,298.277,2.351,4.08959298245614,-1.7385929824561401,ALIC,2.351,0.015237096086706314,0.3282130510932042
2025-10-31T05:00:00Z,G12,49.144,61.906,3.0164,4.08959298245614,-1.0731929824561401,ALIC,3.0164,0.016057374593487328,-0.08999848204494576
2025-10-31T05:00:00Z,G12,33.606,320.495,4.1149,4.08959298245614,0.025307017543859445,ALIC,4.1149,0.01714169376967134,-0.42391534436989886
2025-10-31T05:00:00Z,G08,52.307,169.184,2.8837,4.08959298245614,-1.20589298245614,ALIC,2.8837,0.015906092530041605,-0.022850519003673853
2025-10-31T05:00:00Z,G02,60.749,171.393,2.6163,4.08959298245614,-1.4732929824561403,ALIC,2.6163,0.015583736243498292,0.13559142003322933
2025-10-31T05:00:00Z,G17,14.956,336.795,8.7141,4.08959298245614,4.62450701754386,ALIC,8.7141,0.020074160137493635,0.3014121227730273
2025-10-31T05:00:00Z,G12,10.08,21.415,12.6139,4.08959298245614,8.524307017543858,ALIC,12.6139,0.02169968096212571,2.0538522951458447
2025-10-31T05:00:00Z,G11,25.921,77.464,5.199,4.08959298245614,1.1094070175438597,ALIC,5.199,0.018006379737498746,-0.48209041257505003
2025-10-31T05:00:00Z,Q09,77.088,210.878,2.343,4.08959298245614,-1.7465929824561401,ALIC,2.343,0.015226173207753657,0.33464248879067693
2025-10-31T05:00:00Z,G30,58.472,70.375,2.6778,4.08959298245614,-1.4117929824561402,ALIC,2.6778,0.015660102144204657,0.09620986570768997
2025-10-31T05:00:00Z,G19,25.404,189.382,5.2963,4.08959298245614,1.2067070175438595,ALIC,5.2963,0.018076782965916083,-0.477795105069756
2025-10-31T05:00:00Z,Q12,76.627,358.804,2.3473,4.08959298245614,-1.74229298245614,ALIC,2.3473,0.015232047907331792,0.3311818414447303
2025-10-31T05:00:00Z,G22,79.725,15.903,2.3211,4.08959298245614,-1.7684929824561402,ALIC,2.3211,0.015196120506329569,0.35244297295049654
2025-10-31T05:00:00Z,G14,17.487,144.455,7.5155,4.08959298245614,3.42590701754386,ALIC,7.5155,0.01945852171366269,-0.08391178771424279
2025-10-31T05:00:00Z,G15,18.055,116.617,7.2918,4.08959298245614,3.20220701754386,ALIC,7.2918,0.019335151492355873,-0.14463617205598478
2025-10-31T05:00:00Z,G14,18.649,341.512,7.0721,4.08959298245614,2.9825070175438597,ALIC,7.0721,0.01921104543248009,-0.2003884924544792
2025-10-31T05:00:00Z,G26,56.468,207.67,2.738,4.08959298245614,-1.3515929824561401,ALIC,2.738,0.01573352474670786,0.0594164930814709
2025-10-31T05:00:00Z,G21,19.148,290.229,6.8984,4.08959298245614,2.8088070175438595,ALIC,6.8984,0.01911075239843485,-0.2415985058384429
2025-10-31T05:00:00Z,G13,73.929,61.323,2.3764,4.08959298245614,-1.7131929824561403,ALIC,2.3764,0.015271582914049953,0.3080549588818635
2025-10-31T05:00:00Z,Q30,66.57,352.308,2.4883,4.08959298245614,-1.60129298245614,ALIC,2.4883,0.015420138054786037,0.2237093392809162
2025-10-31T05:00:00Z,G26,71.486,179.51,2.408,4.08959298245614,-1.6815929824561402,ALIC,2.408,0.015314084002995276,0.28350979626774864
2025-10-31T06:00:00Z,G15,39.362,260.321,3.5863,4.08959298245614,-0.5032929824561401,ALIC,3.5863,0.016652852742949698,-0.3067422684601042
2025-10-31T06:00:00Z,Q01,34.695,140.075,3.9933,4.08959298245614,-0.09629298245614004,ALIC,3.9933,0.017033832763613255,-0.40302784875198805
2025-10-31T06:00:00Z,G19,43.828,77.234,3.286,4.08959298245614,-0.8035929824561401,ALIC,3.286,0.016349227625839236,-0.2059447437395705
2025-10-31T06:00:00Z,G26,52.595,202.562,2.8663,4.08959298245614,-1.2232929824561403,ALIC,2.8663,0.015885850813726066,-0.013510628748466758
2025-10-31T06:00:00Z,G30,44.636,271.994,3.239,4.08959298245614,-0.8505929824561402,ALIC,3.239,0.01629974375018306,-0.18757511876203914
2025-10-31T06:00:00Z,G11,59.407,92.672,2.6459,4.08959298245614,-1.44369298245614,ALIC,2.6459,0.015620666050594423,0.11640608120608498
2025-10-31T06:00:00Z,G29,51.58,297.644,2.906,4.08959298245614,-1.18359298245614,ALIC,2.906,0.01593189404609019,-0.03463506483971157
2025-10-31T06:00:00Z,G29,34.054,333.902,4.0587,4.08959298245614,-0.03089298245614014,ALIC,4.0587,0.017092160637721676,-0.4146806504099869
2025-10-31T06:00:00Z,G32,35.93,215.062,3.8744,4.08959298245614,-0.21519298245614005,ALIC,3.8744,0.01692583059129582,-0.3792538684396036
2025-10-31T06:00:00Z,Q12,38.394,240.821,3.6618,4.08959298245614,-0.42779298245614017,ALIC,3.6618,0.016726016820888923,-0.3278941226912768
2025-10-31T06:00:00Z,G28,17.098,18.927,7.6604,4.08959298245614,3.57080701754386,ALIC,7.6604,0.019536895901302698,-0.04254634692184922
2025-10-31T06:00:00Z,G19,22.455,340.387,5.9265,4.08959298245614,1.8369070175438598,ALIC,5.9265,0.01850960014761882,-0.41935906810950563
2025-10-31T06:00:00Z,G09,22.044,213.938,6.0297,4.08959298245614,1.94010701754386,ALIC,6.0297,0.018576974943813607,-0.4051631144132477
2025-10-31T06:00:00Z,G23,68.118,316.133,2.4551,4.08959298245614,-1.6344929824561403,ALIC,2.4551,0.015376622400266937,0.24799477223952682
2025-10-31T06:00:00Z,G10,47.244,134.807,3.1,4.08959298245614,-0.98959298245614,ALIC,3.1,0.01615000422290125,-0.1287648904214529
2025-10-31T06:00:00Z,G24,50.237,36.398,2.9617,4.08959298245614,-1.1278929824561401,ALIC,2.9617,0.015995664065546533,-0.06317709724711085
2025-10-31T06:00:00Z,G28,82.406,291.947,2.2991,4.08959298245614,-1.79049298245614,ALIC,2.2991,0.015165704401071789,0.3706235240413882
2025-10-31T06:00:00Z,G03,82.268,173.435,2.2999,4.08959298245614,-1.78969298245614,ALIC,2.2999,0.015166814457332478,0.36995710774914947
2025-10-31T06:00:00Z,G01,74.173,203.181,2.3683,4.08959298245614,-1.72129298245614,ALIC,2.3683,0.015260616873524757,0.314441414259798
2025-10-31T06:00:00Z,G31,24.071,353.572,5.5551,4.08959298245614,1.4655070175438603,ALIC,5.5551,0.01825919718604374,-0.45996954375695864
2025-10-31T07:00:00Z,Q18,44.776,50.265,3.2205,4.08959298245614,-0.8690929824561402,ALIC,3.2205,0.01628011055424805,-0.18013910145612977
2025-10-31T07:00:00Z,G10,61.76,67.851,2.5771,4.08959298245614,-1.51249298245614,ALIC,2.5771,0.015534318283007664,0.16167396917858445
2025-10-31T07:00:00Z,G17,22.254,123.891,5.9569,4.08959298245614,1.86730701754386,ALIC,5.9569,0.018529542545774103,-0.415303550454043
2025-10-31T07:00:00Z,G29,60.125,34.852,2.6182,4.08959298245614,-1.4713929824561403,ALIC,2.6182,0.015586116614815237,0.13434688096403224
2025-10-31T07:00:00Z,G13,38.255,341.035,3.6611,4.08959298245614,-0.4284929824561403,ALIC,3.6611,0.01672534396960179,-0.32770526676150036
2025-10-31T07:00:00Z,G02,56.404,145.798,2.7251,4.08959298245614,-1.3644929824561403,ALIC,2.7251,0.015717899371614052,0.06715806362280352
2025-10-31T07:00:00Z,Q10,13.007,291.229,9.8875,4.08959298245614,5.797907017543859,ALIC,9.8875,0.02061516863575097,0.760124314435866
2025-10-31T07:00:00Z,Q30,44.63,350.79,3.2288,4.08959298245614,-0.86079298245614,ALIC,3.2288,0.01628892993982234,-0.1834897638159103
2025-10-31T07:00:00Z,G25,49.169,29.065,2.9989,4.08959298245614,-1.0906929824561402,ALIC,2.9989,0.016037728504437077,-0.08154543256245717
2025-10-31T07:00:00Z,G27,26.074,234.601,5.1427,4.08959298245614,1.0531070175438595,ALIC,5.1427,0.01796516667366932,-0.4839467682367653
2025-10-31T07:00:00Z,G04,14.487,102.977,8.9315,4.08959298245614,4.84190701754386,ALIC,8.9315,0.020178561112366156,0.38089542800714593
2025-10-31T07:00:00Z,Q24,72.603,347.174,2.3799,4.08959298245614,-1.70969298245614,ALIC,2.3799,0.015276312200962927,0.3053074346567932
2025-10-31T07:00:00Z,Q15,21.682,33.943,6.104,4.08959298245614,2.01440701754386,ALIC,6.104,0.018624920977736048,-0.3942012061675655
2025-10-31T07:00:00Z,G07,50.117,312.229,2.9571,4.08959298245614,-1.13249298245614,ALIC,2.9571,0.01599043362699848,-0.06086753727791949
2025-10-31T07:00:00Z,G30,78.681,254.824,2.3164,4.08959298245614,-1.7731929824561403,ALIC,2.3164,0.015189641692223255,0.3563016729878905
2025-10-31T07:00:00Z,G27,52.559,298.807,2.8584,4.08959298245614,-1.23119298245614,ALIC,2.8584,0.015876628585909325,-0.009227800183734036
2025-10-31T07:00:00Z,G20,39.792,351.323,3.5425,4.08959298245614,-0.5470929824561401,ALIC,3.5425,0.016609849032973134,-0.29373312898721826
2025-10-31T07:00:00Z,G03,43.376,303.176,3.3024,4.08959298245614,-0.7871929824561401,ALIC,3.3024,0.016366362894241426,-0.21218092682926182
2025-10-31T07:00:00Z,G02,14.734,339.618,8.7899,4.08959298245614,4.700307017543859,ALIC,8.7899,0.020110792203557937,0.3288201084244724
2025-10-31T07:00:00Z,G11,82.656,45.697,2.2904,4.08959298245614,-1.7991929824561401,ALIC,2.2904,0.015153612811865447,0.377896861645195
2025-10-31T07:00:00Z,G06,33.299,286.484,4.1257,4.08959298245614,0.03610701754386003,ALIC,4.1257,0.017151151364627415,-0.42560909970473926
2025-10-31T07:00:00Z,G28,24.202,196.443,5.5091,4.08959298245614,1.41950701754386,ALIC,5.5091,0.018227271479796414,-0.4637947662793147
2025-10-31T08:00:00Z,Q14,83.18,70.245,2.296,4.08959298245614,-1.7935929824561403,ALIC,2.296,0.015161400051549867,0.3732096937338194
2025-10-31T08:00:00Z,G06,26.403,204.685,5.1023,4.08959298245614,1.0127070175438595,ALIC,5.1023,0.017935372871038968,-0.48498829684028255
2025-10-31T08:00:00Z,G20,48.682,328.482,3.032,4.08959298245614,-1.05759298245614,ALIC,3.032,0.01607481199049543,-0.09743378572496031
2025-10-31T08:00:00Z,G11,80.213,193.399,2.3133,4.08959298245614,-1.7762929824561402,ALIC,2.3133,0.015185362751351628,0.35885427712146356
2025-10-31T08:00:00Z,G06,83.289,225.356,2.2955,4.08959298245614,-1.79409298245614,ALIC,2.2955,0.015160705372127659,0.37362738525873107
2025-10-31T08:00:00Z,Q21,27.727,72.672,4.8789,4.08959298245614,0.7893070175438597,ALIC,4.8789,0.01776717624980262,-0.4861957157841088
2025-10-31T08:00:00Z,G06,13.684,288.21,9.4602,4.08959298245614,5.37060701754386,ALIC,9.4602,0.02042433343126393,0.5849231160031989
2025-10-31T08:00:00Z,G22,21.52,222.404,6.1692,4.08959298245614,2.07960701754386,ALIC,6.1692,0.018666616858530993,-0.38408266562340376
2025-10-31T08:00:00Z,G06,14.75,311.089,8.813,4.08959298245614,4.7234070175438605,ALIC,8.813,0.020121906240708975,0.3372381452411988
2025-10-31T08:00:00Z,G25,27.148,358.133,4.9738,4.08959298245614,0.8842070175438597,ALIC,4.9738,0.017839353324874407,-0.4866437107997168
2025-10-31T08:00:00Z,Q21,64.143,175.061,2.5323,4.08959298245614,-1.55729298245614,ALIC,2.5323,0.015477108809287543,0.19244933171144396
2025-10-31T08:00:00Z,G10,22.665,172.061,5.8771,4.08959298245614,1.7875070175438603,ALIC,5.8771,0.018477020912799125,-0.4257209605648127
2025-10-31T08:00:00Z,G12,80.25,151.836,2.3131,4.08959298245614,-1.7764929824561402,ALIC,2.3131,0.015185086535279613,0.35901916650817656
2025-10-31T08:00:00Z,G14,24.093,24.057,5.5524,4.08959298245614,1.4628070175438594,ALIC,5.5524,0.018257329060081595,-0.4602016955551598
2025-10-31T08:00:00Z,G22,18.048,213.464,7.2809,4.08959298245614,3.19130701754386,ALIC,7.2809,0.019329064255668937,-0.14749475706781112
2025-10-31T08:00:00Z,G25,47.324,82.068,3.0971,4.08959298245614,-0.9924929824561399,ALIC,3.0971,0.01614682420176461,-0.1274639909089128
2025-10-31T08:00:00Z,G22,48.966,229.539,3.0189,4.08959298245614,-1.0706929824561402,ALIC,3.0189,0.016060173829657964,-0.09119635365002265
2025-10-31T08:00:00Z,G30,48.114,18.3,3.0586,4.08959298245614,-1.03099298245614,ALIC,3.0586,0.016104382372680526,-0.10989711227829968
2025-10-31T08:00:00Z,Q31,42.75,353.299,3.3532,4.08959298245614,-0.7363929824561399,ALIC,3.3532,0.01641901769675358,-0.23093943751264767
2025-10-31T09:00:00Z,G12,41.881,322.088,3.4273,4.08959298245614,-0.6622929824561403,ALIC,3.4273,0.016494705610056393,-0.25682535095068815
2025-10-31T09:00:00Z,G08,70.909,98.131,2.4246,4.08959298245614,-1.6649929824561402,ALIC,2.4246,0.015336234424602857,0.27084845134718183
2025-10-31T09:00:00Z,G26,47.932,39.861,3.0837,4.08959298245614,-1.0058929824561402,ALIC,3.0837,0.016132099722295568,-0.12141252943551128
2025-10-31T09:00:00Z,G19,65.243,344.177,2.5228,4.08959298245614,-1.56679298245614,ALIC,2.5228,0.015464874818290841,0.1991107861817758
2025-10-31T09:00:00Z,G24,44.478,55.592,3.2664,4.08959298245614,-0.8231929824561401,ALIC,3.2664,0.0163286601349526,-0.1983744958929794
2025-10-31T09:00:00Z,G04,26.162,71.16,5.1728,4.08959298245614,1.0832070175438595,ALIC,5.1728,0.01798724469536972,-0.4830124707946837
2025-10-31T09:00:00Z,G27,65.89,104.879,2.5099,4.08959298245614,-1.57969298245614,ALIC,2.5099,0.015448204006295319,0.20823340898097076
2025-10-31T09:00:00Z,G07,19.837,190.581,6.6955,4.08959298245614,2.60590701754386,ALIC,6.6955,0.018991044105051813,-0.2863604024384294
2025-10-31T09:00:00Z,G15,24.894,317.817,5.4153,4.08959298245614,1.3257070175438601,ALIC,5.4153,0.018161513424381104,-0.47072648111066595
2025-10-31T09:00:00Z,G15,57.012,273.797,2.7305,4.08959298245614,-1.35909298245614,ALIC,2.7305,0.015724447314724,0.06390804218055735
2025-10-31T09:00:00Z,G27,66.045,254.937,2.5069,4.08959298245614,-1.5826929824561402,ALIC,2.5069,0.015444317384711859,0.2103677480352859
2025-10-31T09:00:00Z,Q08,37.061,157.976,3.7944,4.08959298245614,-0.2951929824561401,ALIC,3.7944,0.016851681803601082,-0.3613011842597662
2025-10-31T09:00:00Z,G15,23.227,109.067,5.7752,4.08959298245614,1.6856070175438598,ALIC,5.7752,0.01840912944628892,-0.43793437789325207
2025-10-31T09:00:00Z,Q16,45.061,132.938,3.2332,4.08959298245614,-0.85639298245614,ALIC,3.2332,0.016293598022451672,-0.18525643541948345
2025-10-31T09:00:00Z,Q16,39.405,84.959,3.6034,4.08959298245614,-0.48619298245613995,ALIC,3.6034,0.01666952940784161,-0.3116726231040068
2025-10-31T09:00:00Z,G14,28.07,274.736,4.8503,4.08959298245614,0.7607070175438597,ALIC,4.8503,0.01774520709548777,-0.4857738301781023
2025-10-31T09:00:00Z,G15,66.384,334.801,2.5004,4.08959298245614,-1.5891929824561402,ALIC,2.5004,0.015435883762044078,0.21500880648481768
2025-10-31T09:00:00Z,G19,33.539,179.255,4.1365,4.08959298245614,0.04690701754385973,ALIC,4.1365,0.017160589442588137,-0.42727707252659197
2025-10-31T09:00:00Z,G25,30.46,231.479,4.5052,4.08959298245614,0.4156070175438602,ALIC,4.5052,0.0174717095394632,-0.4695756813867389
2025-10-31T09:00:00Z,G18,19.817,312.182,6.7018,4.08959298245614,2.6122070175438603,ALIC,6.7018,0.018994803795876702,-0.2850270623048088
2025-10-31T10:00:00Z,G27,18.149,337.97,7.2833,4.08959298245614,3.1937070175438595,ALIC,7.2833,0.019330405181666732,-0.14686615893227817
2025-10-31T10:00:00Z,G18,26.888,124.071,5.0458,4.08959298245614,0.9562070175438597,ALIC,5.0458,0.017893392004769026,-0.48603036336381056
2025-10-31T10:00:00Z,G09,69.475,200.521,2.4471,4.08959298245614,-1.6424929824561403,ALIC,2.4471,0.015366067315857546,0.253938342752118
2025-10-31T10:00:00Z,G01,73.588,106.668,2.3894,4.08959298245614,-1.70019298245614,ALIC,2.3894,0.015289121224269175,0.297886345943458
2025-10-31T10:00:00Z,Q14,84.612,61.128,2.3027,4.08959298245614,-1.78689298245614,ALIC,2.3027,0.015170697255964427,0.3676278189238906
2025-10-31T10:00:00Z,G32,75.468,70.267,2.3679,4.08959298245614,-1.72169298245614,ALIC,2.3679,0.015260074574133364,0.3147578073751487
2025-10-31T10:00:00Z,G14,76.742,20.86,2.355,4.08959298245614,-1.7345929824561401,ALIC,2.355,0.01524254652929069,0.32501285945547176
2025-10-31T10:00:00Z,G23,33.576,341.746,4.1335,4.08959298245614,0.04390701754385962,ALIC,4.1335,0.01715796970673167,-0.426816326006505
2025-10-31T10:00:00Z,G09,40.125,145.037,3.5506,4.08959298245614,-0.5389929824561399,ALIC,3.5506,0.016617833276294736,-0.2961805443774139
2025-10-31T10:00:00Z,G25,30.106,300.284,4.5539,4.08959298245614,0.4643070175438595,ALIC,4.5539,0.017511285794584053,-0.4731570542775998
2025-10-31T10:00:00Z,Q25,55.472,245.279,2.7805,4.08959298245614,-1.3090929824561401,ALIC,2.7805,0.015784596048707744,0.034449832182807505
2025-10-31T10:00:00Z,G25,38.374,142.284,3.6852,4.08959298245614,-0.4043929824561401,ALIC,3.6852,0.016748451086584293,-0.33413043382709784
2025-10-31T10:00:00Z,G08,72.634,268.947,2.4014,4.08959298245614,-1.68819298245614,ALIC,2.4014,0.015305243717644856,0.28858806783375757
2025-10-31T10:00:00Z,Q10,25.981,133.756,5.2074,4.08959298245614,1.1178070175438597,ALIC,5.2074,0.018012498526755127,-0.4817735094162403
2025-10-31T10:00:00Z,G07,10.323,67.981,12.3861,4.08959298245614,8.29650701754386,ALIC,12.3861,0.021616577362091327,1.93583454434307
2025-10-31T10:00:00Z,G26,52.838,70.378,2.8741,4.08959298245614,-1.2154929824561402,ALIC,2.8741,0.015894936644762714,-0.01771327323819305
2025-10-31T10:00:00Z,G07,84.556,147.618,2.3029,4.08959298245614,-1.78669298245614,ALIC,2.3029,0.01517097445610971,0.36746162954804795
2025-10-31T10:00:00Z,G30,12.898,172.59,10.0587,4.08959298245614,5.96910701754386,ALIC,10.0587,0.020689804627713526,0.8327280193857698
2025-10-31T10:00:00Z,G18,25.6,310.253,5.2786,4.08959298245614,1.1890070175438598,ALIC,5.2786,0.018064052181716583,-0.47867737246988007
2025-10-31T10:00:00Z,G26,48.919,231.211,3.0379,4.08959298245614,-1.05169298245614,ALIC,3.0379,0.016081388452477308,-0.10022148141842768
2025-10-31T10:00:00Z,G21,70.746,248.545,2.4277,4.08959298245614,-1.66189298245614,ALIC,2.4277,0.015340357678057082,0.26850151477610984
2025-10-31T10:00:00Z,G09,16.678,353.875,7.8895,4.08959298245614,3.79990701754386,ALIC,7.8895,0.019658458558260428,0.02596588198654448
2025-10-31T11:00:00Z,G09,29.105,75.936,4.7324,4.08959298245614,0.64280701754386,ALIC,4.7324,0.017653548047264156,-0.4825895875086941
2025-10-31T11:00:00Z,Q32,20.128,330.262,6.659,4.08959298245614,2.5694070175438597,ALIC,6.659,0.018969206666764382,-0.29401251749833435
2025-10-31T11:00:00Z,G08,80.785,306.359,2.3409,4.08959298245614,-1.7486929824561401,ALIC,2.3409,0.015223301075338203,0.3363366584347154
2025-10-31T11:00:00Z,G10,40.154,305.417,3.5769,4.08959298245614,-0.5126929824561399,ALIC,3.5769,0.016643658708649145,-0.30399668434228655
2025-10-31T11:00:00Z,Q17,26.852,81.958,5.0925,4.08959298245614,1.0029070175438601,ALIC,5.0925,0.017928117619008255,-0.48520389994177116
2025-10-31T11:00:00Z,G22,73.5,18.193,2.4095,4.08959298245614,-1.6800929824561401,ALIC,2.4095,0.015316090491312995,0.28235916740912037
2025-10-31T11:00:00Z,G17,39.94,312.272,3.5927,4.08959298245614,-0.49689298245614033,ALIC,3.5927,0.016659101634859175,-0.30859723465325395
2025-10-31T11:00:00Z,G17,12.634,110.088,10.3397,4.08959298245614,6.25010701754386,ALIC,10.3397,0.020810164417871535,0.9547292699815975
2025-10-31T11:00:00Z,G19,22.146,222.81,6.0879,4.08959298245614,1.9983070175438602,ALIC,6.0879,0.018614570835828292,-0.39662837060239475
2025-10-31T11:00:00Z,G28,57.944,273.588,2.7247,4.08959298245614,-1.3648929824561402,ALIC,2.7247,0.01571741393155701,0.0673993439198104
2025-10-31T11:00:00Z,G13,68.718,46.186,2.4791,4.08959298245614,-1.6104929824561403,ALIC,2.4791,0.01540812562225935,0.23037810863102592
2025-10-31T11:00:00Z,G26,78.487,229.76,2.358,4.08959298245614,-1.73159298245614,ALIC,2.358,0.0152466295683642,0.32261904723957935
2025-10-31T11:00:00Z,G27,28.504,170.616,4.8226,4.08959298245614,0.7330070175438603,ALIC,4.8226,0.017723831612799446,-0.4852362018896823
2025-10-31T11:00:00Z,G28,65.239,355.186,2.5437,4.08959298245614,-1.5458929824561403,ALIC,2.5437,0.01549174187689184,0.18451862794421592
2025-10-31T11:00:00Z,G25,60.848,33.771,2.6445,4.08959298245614,-1.4450929824561403,ALIC,2.6445,0.015618926735602834,0.11730376640576345
2025-10-31T11:00:00Z,G01,49.232,148.455,3.0478,4.08959298245614,-1.04179298245614,ALIC,3.0478,0.016092400920733496,-0.10486926916621853
2025-10-31T11:00:00Z,G27,24.14,315.194,5.6179,4.08959298245614,1.5283070175438596,ALIC,5.6179,0.01830244760802735,-0.45430459689695724
2025-10-31T11:00:00Z,G13,69.642,102.258,2.464,4.08959298245614,-1.6255929824561401,ALIC,2.464,0.015388333082397843,0.24142462385326668
2025-10-31T11:00:00Z,G14,82.047,283.605,2.3332,4.08959298245614,-1.75639298245614,ALIC,2.3332,0.015212752494244919,0.34257163787942124
2025-10-31T11:00:00Z,G31,64.138,137.802,2.5668,4.08959298245614,-1.52279298245614,ALIC,2.5668,0.015521235108713505,0.168657219243054
2025-10-31T11:00:00Z,G28,78.839,352.792,2.3551,4.08959298245614,-1.73449298245614,ALIC,2.3551,0.015242682696711807,0.32493297837028035
2025-10-31T11:00:00Z,G02,83.814,318.071,2.3244,4.08959298245614,-1.7651929824561403,ALIC,2.3244,0.015200663276559778,0.3497418426354155
2025-10-31T11:00:00Z,G12,36.404,108.475,3.8846,4.08959298245614,-0.20499298245614028,ALIC,3.8846,0.01693519748758665,-0.3814278082253537
2025-10-31T12:00:00Z,G02,29.321,255.606,4.699,4.08959298245614,0.6094070175438597,ALIC,4.699,0.017627254574074547,-0.48125515211999836
2025-10-31T12:00:00Z,G32,74.996,228.802,2.391,4.08959298245614,-1.69859298245614,ALIC,2.391,0.015291274577088343,0.2966417048484198
2025-10-31T12:00:00Z,Q03,65.955,267.838,2.5284,4.08959298245614,-1.5611929824561401,ALIC,2.5284,0.015472090824196094,0.19517823454536787
2025-10-31T12:00:00Z,Q03,76.428,191.381,2.3759,4.08959298245614,-1.71369298245614,ALIC,2.3759,0.015270906852951738,0.3084480550645323
2025-10-31T12:00:00Z,Q01,26.194,171.408,5.2076,4.08959298245614,1.1180070175438601,ALIC,5.2076,0.018012644117256782,-0.48176583866222344
2025-10-31T12:00:00Z,G05,49.847,161.832,3.0189,4.08959298245614,-1.0706929824561402,ALIC,3.0189,0.016060173829657964,-0.09119635365002265
2025-10-31T12:00:00Z,G17,68.445,230.558,2.4828,4.08959298245614,-1.60679298245614,ALIC,2.4828,0.015412960931794117,0.227690525468903
2025-10-31T12:00:00Z,G27,28.427,72.553,4.8326,4.08959298245614,0.7430070175438601,ALIC,4.8326,0.01773155954157324,-0.48544501837984555
2025-10-31T12:00:00Z,G24,27.306,319.701,5.013,4.08959298245614,0.9234070175438598,ALIC,5.013,0.017868850356164145,-0.48641013870763583
2025-10-31T12:00:00Z,G19,12.039,292.231,10.8148,4.08959298245614,6.72520701754386,ALIC,10.8148,0.02100791669209312,1.1685928200693256
2025-10-31T12:00:00Z,G03,81.889,125.843,2.3332,4.08959298245614,-1.75639298245614,ALIC,2.3332,0.015212752494244919,0.34257163787942124
2025-10-31T12:00:00Z,Q18,57.318,55.271,2.7425,4.08959298245614,-1.34709298245614,ALIC,2.7425,0.015738961790483952,0.05673400165539588
2025-10-31T12:00:00Z,G22,76.163,88.687,2.3786,4.08959298245614,-1.71099298245614,ALIC,2.3786,0.015274556249861737,0.3063270966364091
2025-10-31T12:00:00Z,G20,57.885,303.145,2.7254,4.08959298245614,-1.36419298245614,ALIC,2.7254,0.01571826341475413,0.06697715214958189
2025-10-31T12:00:00Z,G03,49.159,118.872,3.0499,4.08959298245614,-1.03969298245614,ALIC,3.0499,0.01609473326871158,-0.10585036802160808
2025-10-31T12:00:00Z,G25,63.456,246.978,2.5808,4.08959298245614,-1.5087929824561401,ALIC,2.5808,0.015539007989612053,0.1591787316811475
2025-10-31T12:00:00Z,G15,43.554,308.307,3.3472,4.08959298245614,-0.7423929824561402,ALIC,3.3472,0.016412831547790496,-0.22876735655881042
2025-10-31T12:00:00Z,G02,35.955,27.988,3.9246,4.08959298245614,-0.16499298245614025,ALIC,3.9246,0.01697174415572289,-0.38970700945130243
2025-10-31T12:00:00Z,G14,45.074,275.409,3.2579,4.08959298245614,-0.8316929824561403,ALIC,3.2579,0.016319710271375687,-0.19505146833370235
2025-10-31T12:00:00Z,G14,22.729,110.76,5.9396,4.08959298245614,1.8500070175438603,ALIC,5.9396,0.018518203620738083,-0.4176245038974775
2025-10-31T12:00:00Z,G03,69.743,77.984,2.4615,4.08959298245614,-1.62809298245614,ALIC,2.4615,0.015385046941109648,0.2432657111424863
2025-10-31T12:00:00Z,G32,29.553,248.005,4.6658,4.08959298245614,0.5762070175438598,ALIC,4.6658,0.017600971981266866,-0.47973509002921055
2025-10-31T13:00:00Z,G12,43.072,334.069,3.3781,4.08959298245614,-0.7114929824561402,ALIC,3.3781,0.01644459724338998,-0.2398307553620258
2025-10-31T13:00:00Z,G25,65.718,177.053,2.5338,4.08959298245614,-1.5557929824561403,ALIC,2.5338,0.015479037179554567,0.19140189904773974
2025-10-31T13:00:00Z,Q18,27.78,190.317,4.9364,4.08959298245614,0.8468070175438598,ALIC,4.9364,0.01781103924568961,-0.48663999669383884
2025-10-31T13:00:00Z,G24,72.231,216.719,2.4258,4.08959298245614,-1.66379298245614,ALIC,2.4258,0.015337831016008607,0.269939308115124
2025-10-31T13:00:00Z,G23,50.935,265.505,2.9729,4.08959298245614,-1.11669298245614,ALIC,2.9729,0.016008372289959105,-0.06876502771869042
2025-10-31T13:00:00Z,G02,67.032,25.866,2.5086,4.08959298245614,-1.5809929824561402,ALIC,2.5086,0.015446520254006613,0.20915769424982278
2025-10-31T13:00:00Z,G07,45.442,185.647,3.2383,4.08959298245614,-0.8512929824561399,ALIC,3.2383,0.0162990024854881,-0.18729588675007447
2025-10-31T13:00:00Z,G19,47.44,173.373,3.1332,4.08959298245614,-0.9563929824561401,ALIC,3.1332,0.016186243722756677,-0.14343831350138414
2025-10-31T13:00:00Z,G32,56.479,331.807,2.7695,4.08959298245614,-1.3200929824561403,ALIC,2.7695,0.0157714370104014,0.04083330079241243
2025-10-31T13:00:00Z,G11,80.581,326.085,2.3421,4.08959298245614,-1.7474929824561403,ALIC,2.3421,0.01522494254274176,0.3353682327170344
2025-10-31T13:00:00Z,G07,22.552,180.075,5.9847,4.08959298245614,1.89510701754386,ALIC,5.9847,0.018547709169647097,-0.4115021838257862
2025-10-31T13:00:00Z,Q13,56.998,272.194,2.7532,4.08959298245614,-1.33639298245614,ALIC,2.7532,0.015751861654228927,0.050392910106111355
2025-10-31T13:00:00Z,Q17,34.468,305.903,4.0719,4.08959298245614,-0.017692982456139816,ALIC,4.0719,0.017103843159417487,-0.4169135980504102
2025-10-31T13:00:00Z,G22,58.117,359.578,2.7193,4.08959298245614,-1.37029298245614,ALIC,2.7193,0.015710854979633204,0.07066390832224423
2025-10-31T13:00:00Z,G27,40.919,80.62,3.5214,4.08959298245614,-0.5681929824561402,ALIC,3.5214,0.016588982715887157,-0.2872681231244991
2025-10-31T13:00:00Z,Q08,66.973,103.281,2.5097,4.08959298245614,-1.57989298245614,ALIC,2.5097,0.015447945012287745,0.20837554752452947
2025-10-31T13:00:00Z,Q10,27.301,90.156,5.0154,4.08959298245614,0.9258070175438595,ALIC,5.0154,0.017870650376234032,-0.48638801706417656
2025-10-31T14:00:00Z,G15,83.922,120.078,2.3153,4.08959298245614,-1.77429298245614,ALIC,2.3153,0.015188123875974346,0.35720675196887663
2025-10-31T14:00:00Z,G15,83.879,119.044,2.3155,4.08959298245614,-1.77409298245614,ALIC,2.3155,0.015188399884890735,0.35704213624071013
2025-10-31T14:00:00Z,G26,77.958,45.801,2.3538,4.08959298245614,-1.73579298245614,ALIC,2.3538,0.01524091216418988,0.32597190282666544
2025-10-31T14:00:00Z,G21,69.884,67.936,2.4512,4.08959298245614,-1.63839298245614,ALIC,2.4512,0.015371480193035802,0.2508877760978292
2025-10-31T14:00:00Z,G29,30.185,306.188,4.5627,4.08959298245614,0.4731070175438603,ALIC,4.5627,0.01751840148692274,-0.47375708880334244
2025-10-31T14:00:00Z,G05,34.064,160.662,4.0992,4.08959298245614,0.00960701754385962,ALIC,4.0992,0.01712791023215421,-0.42140689431600453
2025-10-31T14:00:00Z,G01,51.046,82.032,2.9576,4.08959298245614,-1.1319929824561403,ALIC,2.9576,0.015991002463844106,-0.06111898713464514
2025-10-31T14:00:00Z,G18,52.058,273.363,2.9166,4.08959298245614,-1.1729929824561403,ALIC,2.9166,0.015944103687534517,-0.040164352850041496
2025-10-31T14:00:00Z,G06,47.913,199.433,3.0986,4.08959298245614,-0.9909929824561403,ALIC,3.0986,0.016148469333534532,-0.12813725736010406
2025-10-31T14:00:00Z,G20,57.75,7.616,2.7204,4.08959298245614,-1.36919298245614,ALIC,2.7204,0.015712191895594252,0.06999780383181564
2025-10-31T14:00:00Z,G29,40.624,113.89,3.5296,4.08959298245614,-0.5599929824561403,ALIC,3.5296,0.016597103592069784,-0.2897960344594135
2025-10-31T14:00:00Z,G11,66.188,63.721,2.5155,4.08959298245614,-1.5740929824561403,ALIC,2.5155,0.015455449234319962,0.2042622540831931
2025-10-31T14:00:00Z,G05,21.253,80.79,6.3038,4.08959298245614,2.2142070175438597,ALIC,6.3038,0.018751606468670134,-0.3617563884899191
2025-10-31T14:00:00Z,G27,25.209,16.547,5.377,4.08959298245614,1.2874070175438597,ALIC,5.377,0.018134404775627333,-0.47321517532300916
2025-10-31T14:00:00Z,G19,59.499,126.796,2.6704,4.08959298245614,-1.4191929824561402,ALIC,2.6704,0.015650987122519666,0.1008510718846285
2025-10-31T14:00:00Z,G30,64.361,256.107,2.5526,4.08959298245614,-1.5369929824561401,ALIC,2.5526,0.01550313000424719,0.17837458370669257
2025-10-31T14:00:00Z,G14,54.957,6.638,2.8098,4.08959298245614,-1.27979298245614,ALIC,2.8098,0.015819447566801426,0.01770997298682886
2025-10-31T14:00:00Z,G07,81.486,158.104,2.3279,4.08959298245614,-1.76169298245614,ALIC,2.3279,0.015205475807351654,0.34688435084872493
2025-10-31T14:00:00Z,G20,47.055,231.843,3.1413,4.08959298245614,-0.9482929824561399,ALIC,3.1413,0.016195039271941214,-0.14695748730376756
2025-10-31T14:00:00Z,G30,32.52,219.745,4.2696,4.08959298245614,0.1800070175438595,ALIC,4.2696,0.017275337590887396,-0.44576268140872166
2025-10-31T14:00:00Z,G18,45.792,279.593,3.2075,4.08959298245614,-0.8820929824561401,ALIC,3.2075,0.01626626094033723,-0.174843362583037
2025-10-31T14:00:00Z,G01,36.975,291.787,3.8191,4.08959298245614,-0.27049298245613995,ALIC,3.8191,0.016874705832918835,-0.36701659012713916
2025-10-31T15:00:00Z,G30,81.395,220.978,2.3218,4.08959298245614,-1.76779298245614,ALIC,2.3218,0.015197084550011342,0.3518694434804668
2025-10-31T15:00:00Z,G19,10.904,221.305,11.7892,4.08959298245614,7.699607017543859,ALIC,11.7892,0.021392955307041328,1.6343457198316935
2025-10-31T15:00:00Z,G31,67.226,150.211,2.4889,4.08959298245614,-1.60069298245614,ALIC,2.4889,0.015420920256007609,0.22327602893823872
2025-10-31T15:00:00Z,Q17,82.765,205.863,2.3141,4.08959298245614,-1.7754929824561403,ALIC,2.3141,0.015186467427199979,0.3581949685088892
2025-10-31T15:00:00Z,G24,77.943,55.289,2.3472,4.08959298245614,-1.7423929824561402,ALIC,2.3472,0.015231911382915575,0.33126219413073166
2025-10-31T15:00:00Z,G04,82.803,266.317,2.3139,4.08959298245614,-1.7756929824561403,ALIC,2.3139,0.015186191286498119,0.35835975832945843
2025-10-31T15:00:00Z,G07,51.274,27.006,2.9397,4.08959298245614,-1.14989298245614,ALIC,2.9397,0.015970590656270378,-0.05205440142839901
2025-10-31T15:00:00Z,G31,15.862,262.721,8.285,4.08959298245614,4.19540701754386,ALIC,8.285,0.01986191234477741,0.1526975701169695
2025-10-31T15:00:00Z,G28,73.734,305.632,2.3909,4.08959298245614,-1.6986929824561403,ALIC,2.3909,0.015291140025860628,0.29671945089557683
2025-10-31T15:00:00Z,G13,73.879,25.648,2.3892,4.08959298245614,-1.70039298245614,ALIC,2.3892,0.015288851975156392,0.2980420317763621
2025-10-31T15:00:00Z,Q18,28.127,171.11,4.8493,4.08959298245614,0.7597070175438603,ALIC,4.8493,0.01774443709560547,-0.48575663815602965
2025-10-31T15:00:00Z,G17,56.4,271.357,2.7542,4.08959298245614,-1.3353929824561401,ALIC,2.7542,0.015753065226145058,0.04980295693959569
2025-10-31T15:00:00Z,G09,79.5,102.644,2.3346,4.08959298245614,-1.75499298245614,ALIC,2.3346,0.015214672459594514,0.3414353083537174
2025-10-31T15:00:00Z,G09,29.342,120.617,4.6671,4.08959298245614,0.5775070175438595,ALIC,4.6671,0.017602003890696327,-0.47979827210660897
2025-10-31T15:00:00Z,G14,61.969,304.452,2.5994,4.08959298245614,-1.49019298245614,ALIC,2.5994,0.01556250320711916,0.14674087264446456
2025-10-31T15:00:00Z,G02,84.048,187.226,2.3082,4.08959298245614,-1.7813929824561403,ALIC,2.3082,0.015178313346159156,0.3630667444178495
2025-10-31T15:00:00Z,G22,21.295,303.384,6.274,4.08959298245614,2.18440701754386,ALIC,6.274,0.018732914353455143,-0.3668635659201822
2025-10-31T15:00:00Z,G20,16.63,160.7,7.9222,4.08959298245614,3.83260701754386,ALIC,7.9222,0.019675581562430322,0.03604590030095434
2025-10-31T15:00:00Z,G10,60.565,343.071,2.6345,4.08959298245614,-1.45509298245614,ALIC,2.6345,0.015606481877783684,0.12374378202194336
2025-10-31T15:00:00Z,G12,35.48,234.286,3.9454,4.08959298245614,-0.14419298245614032,ALIC,3.9454,0.016990632381470805,-0.3938588996834125
2025-10-31T16:00:00Z,G21,18.15,7.859,7.2641,4.08959298245614,3.17450701754386,ALIC,7.2641,0.0193196679956118,-0.1518820269010348
2025-10-31T16:00:00Z,G18,11.033,185.448,11.6135,4.08959298245614,7.52390701754386,ALIC,11.6135,0.021325431513382842,1.547846596076412
2025-10-31T16:00:00Z,G05,28.622,124.139,4.7542,4.08959298245614,0.6646070175438599,ALIC,4.7542,0.01767063077775255,-0.4833563665010576
2025-10-31T16:00:00Z,G26,44.241,151.661,3.2726,4.08959298245614,-0.8169929824561399,ALIC,3.2726,0.016335176685087882,-0.20078304631151545
2025-10-31T16:00:00Z,Q11,39.555,36.103,3.5837,4.08959298245614,-0.5058929824561402,ALIC,3.5837,0.016650311616634994,-0.3059853674088031
2025-10-31T16:00:00Z,Q03,70.773,281.815,2.421,4.08959298245614,-1.6685929824561403,ALIC,2.421,0.01533144090556493,0.27358082805932993
2025-10-31T16:00:00Z,G32,38.338,339.266,3.6786,4.08959298245614,-0.41099298245614024,ALIC,3.6786,0.01674213488213483,-0.3323865458298916
2025-10-31T16:00:00Z,G07,49.783,8.017,2.9912,4.08959298245614,-1.09839298245614,ALIC,2.9912,0.016029055552026383,-0.07778821262935409
2025-10-31T16:00:00Z,G01,54.514,216.494,2.8059,4.08959298245614,-1.2836929824561403,ALIC,2.8059,0.01581482522398958,0.019916220974101062
2025-10-31T16:00:00Z,G15,73.199,95.691,2.388,4.08959298245614,-1.7015929824561402,ALIC,2.388,0.015287236106817703,0.29897664039204574
2025-10-31T16:00:00Z,Q08,34.293,181.463,4.0475,4.08959298245614,-0.042092982456139794,ALIC,4.0475,0.01708222465868814,-0.4127549359303835
2025-10-31T16:00:00Z,G06,45.985,32.653,3.1753,4.08959298245614,-0.9142929824561401,ALIC,3.1753,0.016231764766546863,-0.16147292344637254
2025-10-31T16:00:00Z,G23,83.353,152.516,2.3021,4.08959298245614,-1.7874929824561403,ALIC,2.3021,0.01516986554150268,0.3681265376829148
2025-10-31T16:00:00Z,Q10,45.616,334.838,3.1952,4.08959298245614,-0.8943929824561403,ALIC,3.1952,0.01625311622966752,-0.1697788211940905
2025-10-31T16:00:00Z,G07,19.819,180.869,6.6855,4.08959298245614,2.59590701754386,ALIC,6.6855,0.0189850706060275,-0.2884692381784557
2025-10-31T16:00:00Z,G01,13.879,349.609,9.3626,4.08959298245614,5.27300701754386,ALIC,9.3626,0.020379793172410787,0.546162080797763
2025-10-31T16:00:00Z,Q13,80.906,93.181,2.3156,4.08959298245614,-1.7739929824561402,ALIC,2.3156,0.015188537882293351,0.35695983769724915
2025-10-31T17:00:00Z,G16,25.014,130.068,5.3729,4.08959298245614,1.2833070175438595,ALIC,5.3729,0.018131493785725317,-0.47346967382004745
2025-10-31T17:00:00Z,G11,61.003,306.944,2.61,4.08959298245614,-1.4795929824561402,ALIC,2.61,0.01557583365905102,0.13973096169849297
2025-10-31T17:00:00Z,G17,23.599,205.902,5.6709,4.08959298245614,1.5813070175438595,ALIC,5.6709,0.018338652903884034,-0.4491328355094035
2025-10-31T17:00:00Z,G06,60.611,76.979,2.62,4.08959298245614,-1.46959298245614,ALIC,2.62,0.015588370446200983,0.13316950478855993
2025-10-31T17:00:00Z,Q04,29.761,324.033,4.5845,4.08959298245614,0.49490701754386013,ALIC,4.5845,0.01753598246693966,-0.47518206977348054
2025-10-31T17:00:00Z,G17,36.641,123.354,3.8183,4.08959298245614,-0.2712929824561403,ALIC,3.8183,0.016873961959389616,-0.36683391176997837
2025-10-31T17:00:00Z,G27,36.165,14.033,3.8614,4.08959298245614,-0.22819298245613995,ALIC,3.8614,0.016913864141860024,-0.3764458440769656
2025-10-31T17:00:00Z,G18,63.756,178.056,2.5454,4.08959298245614,-1.5441929824561402,ALIC,2.5454,0.015493919564161462,0.18334184033924394
2025-10-31T17:00:00Z,Q26,44.988,44.618,3.2263,4.08959298245614,-0.86329298245614,ALIC,3.2263,0.01628627538316496,-0.18248301801491262
2025-10-31T17:00:00Z,G02,55.983,11.812,2.7536,4.08959298245614,-1.33599298245614,ALIC,2.7536,0.015752343124389334,0.050156874156897846
2025-10-31T17:00:00Z,G25,11.059,100.568,11.5751,4.08959298245614,7.485507017543861,ALIC,11.5751,0.021310566688530486,1.5290834578434032
2025-10-31T17:00:00Z,G03,79.575,69.459,2.3223,4.08959298245614,-1.7672929824561403,ALIC,2.3223,0.015197773012207039,0.351459965090847
2025-10-31T17:00:00Z,Q25,29.843,136.304,4.5731,4.08959298245614,0.48350701754386005,ALIC,4.5731,0.01752679699259274,-0.4744477936009597
2025-10-31T17:00:00Z,Q24,12.967,138.66,9.9715,4.08959298245614,5.881907017543861,ALIC,9.9715,0.020651915423281153,0.7955807497266756
2025-10-31T17:00:00Z,G28,18.119,122.043,7.268,4.08959298245614,3.1784070175438597,ALIC,7.268,0.01932185079727744,-0.15086557077044738
2025-10-31T17:00:00Z,G16,28.019,118.053,4.8418,4.08959298245614,0.75220701754386,ALIC,4.8418,0.017738658099045068,-0.48562241725294797
2025-10-31T17:00:00Z,G29,30.543,32.303,4.4789,4.08959298245614,0.3893070175438602,ALIC,4.4789,0.01745019616587129,-0.46745589524314823
2025-10-31T18:00:00Z,G14,67.516,236.243,2.4789,4.08959298245614,-1.6106929824561402,ALIC,2.4789,0.015407864091963708,0.23052359768417174
2025-10-31T18:00:00Z,G28,70.48,12.305,2.4303,4.08959298245614,-1.6592929824561402,ALIC,2.4303,0.015343812687760527,0.2665373474465902
2025-10-31T18:00:00Z,G29,33.134,277.267,4.1796,4.08959298245614,0.09000701754385965,ALIC,4.1796,0.017198061808802345,-0.43367914757551596
2025-10-31T18:00:00Z,G30,79.693,287.72,2.3287,4.08959298245614,-1.7608929824561401,ALIC,2.3287,0.015206575012491008,0.34623226920030836
2025-10-31T18:00:00Z,G14,17.076,216.868,7.7115,4.08959298245614,3.62190701754386,ALIC,7.7115,0.01956425615256374,-0.027590026868272943
2025-10-31T18:00:00Z,G25,84.57,308.47,2.3017,4.08959298245614,-1.7878929824561403,ALIC,2.3017,0.015169310970142957,0.36845914242188593
2025-10-31T18:00:00Z,Q11,67.757,35.238,2.4746,4.08959298245614,-1.61499298245614,ALIC,2.4746,0.015402237158539389,0.23365693880476046
2025-10-31T18:00:00Z,G24,16.995,99.333,7.746,4.08959298245614,3.6564070175438603,ALIC,7.746,0.019582647551742438,-0.01738559489283542
2025-10-31T18:00:00Z,G13,41.331,282.5,3.4635,4.08959298245614,-0.6260929824561403,ALIC,3.4635,0.01653121268558211,-0.26885224919778583
2025-10-31T18:00:00Z,G04,29.303,348.333,4.6637,4.08959298245614,0.5741070175438603,ALIC,4.6637,0.017599304571276342,-0.4796323934069475
2025-10-31T18:00:00Z,G13,47.701,301.729,3.0941,4.08959298245614,-0.99549298245614,ALIC,3.0941,0.01614353205089447,-0.1261149647888562
2025-10-31T18:00:00Z,G30,21.385,51.157,6.2372,4.08959298245614,2.1476070175438595,ALIC,6.2372,0.01870973455430902,-0.373042383623047
2025-10-31T18:00:00Z,G09,36.395,189.526,3.8526,4.08959298245614,-0.2369929824561403,ALIC,3.8526,0.016905745719211218,-0.3745211739308978
2025-10-31T18:00:00Z,G29,52.434,61.192,2.888,4.08959298245614,-1.2015929824561402,ALIC,2.888,0.015911079934663785,-0.02513902415691671
2025-10-31T18:00:00Z,G09,41.006,294.562,3.4859,4.08959298245614,-0.6036929824561401,ALIC,3.4859,0.016553652146952036,-0.27609542396934295
2025-10-31T18:00:00Z,G06,71.793,210.298,2.4115,4.08959298245614,-1.67809298245614,ALIC,2.4115,0.015318764276112118,0.2808270206790686
2025-10-31T18:00:00Z,G09,29.254,94.842,4.6707,4.08959298245614,0.58110701754386,ALIC,4.6707,0.017604860302763647,-0.4799716747179845
2025-10-31T18:00:00Z,G11,82.733,334.656,2.3098,4.08959298245614,-1.77979298245614,ALIC,2.3098,0.015180526246471926,0.3617434393686736
2025-10-31T19:00:00Z,G19,63.855,332.049,2.5487,4.08959298245614,-1.54089298245614,ALIC,2.5487,0.015498143564787403,0.18106181385261433
2025-10-31T19:00:00Z,G04,43.199,31.593,3.3386,4.08959298245614,-0.7509929824561401,ALIC,3.3386,0.016403949455384037,-0.22563385666764946
2025-10-31T19:00:00Z,Q11,21.722,41.047,6.1403,4.08959298245614,2.0507070175438598,ALIC,6.1403,0.018648178212726352,-0.3886246834451734
2025-10-31T19:00:00Z,G19,17.811,334.668,7.4024,4.08959298245614,3.31280701754386,ALIC,7.4024,0.019396514885159588,-0.11509898133954355
2025-10-31T19:00:00Z,G21,84.982,341.097,2.2979,4.08959298245614,-1.7916929824561403,ALIC,2.2979,0.015164038744950536,0.3716239037518254
2025-10-31T19:00:00Z,G15,44.151,113.298,3.2813,4.08959298245614,-0.8082929824561402,ALIC,3.2813,0.01634430446812951,-0.20414111060812612
2025-10-31T19:00:00Z,G04,75.44,127.859,2.3646,4.08959298245614,-1.7249929824561403,ALIC,2.3646,0.015255597843238933,0.31737169782559915
2025-10-31T19:00:00Z,G26,46.178,162.882,3.1684,4.08959298245614,-0.92119298245614,ALIC,3.1684,0.016224336838563502,-0.15856041664099774
2025-10-31T19:00:00Z,G20,66.139,94.283,2.5019,4.08959298245614,-1.58769298245614,ALIC,2.5019,0.01543783151706557,0.2139357660021446
2025-10-31T19:00:00Z,G21,75.72,225.703,2.3616,4.08959298245614,-1.72799298245614,ALIC,2.3616,0.015251523806998568,0.3197536170396056
2025-10-31T19:00:00Z,G30,20.235,139.735,6.5629,4.08959298245614,2.47330701754386,ALIC,6.5629,0.018911256270726096,-0.31355837524311525
2025-10-31T19:00:00Z,Q20,34.012,124.338,4.0809,4.08959298245614,-0.008692982456140363,ALIC,4.0809,0.017111791391378306,-0.4184134413958107
2025-10-31T19:00:00Z,G15,37.626,192.206,3.7412,4.08959298245614,-0.34839298245614003,ALIC,3.7412,0.016801687007746313,-0.3484566189843541
2025-10-31T19:00:00Z,G25,50.288,277.87,2.9724,4.08959298245614,-1.1171929824561402,ALIC,2.9724,0.016007805764947536,-0.06851663186134038
2025-10-31T19:00:00Z,G19,32.265,136.392,4.2745,4.08959298245614,0.18490701754385963,ALIC,4.2745,0.017279507797143268,-0.4463716439831069
2025-10-31T19:00:00Z,G27,14.547,211.507,8.9652,4.08959298245614,4.875607017543859,ALIC,8.9652,0.02019456472741976,0.3934541915848433
2025-10-31T19:00:00Z,G17,37.666,347.833,3.7378,4.08959298245614,-0.3517929824561401,ALIC,3.7378,0.016798472822159516,-0.3476105872491475
2025-10-31T19:00:00Z,G28,29.091,187.913,4.6897,4.08959298245614,0.6001070175438601,ALIC,4.6897,0.017619907094790666,-0.4808489203637256
2025-10-31T19:00:00Z,G02,38.944,327.527,3.6343,4.08959298245614,-0.45529298245614,ALIC,3.6343,0.016699506694751065,-0.3203734825179052
2025-10-31T19:00:00Z,Q02,24.772,285.722,5.433,4.08959298245614,1.3434070175438597,ALIC,5.433,0.01817399035406919,-0.46950886458944385
2025-10-31T20:00:00Z,G18,26.22,33.69,5.1595,4.08959298245614,1.0699070175438603,ALIC,5.1595,0.017977501824978814,-0.4834418583939186
2025-10-31T20:00:00Z,G11,74.526,319.69,2.3764,4.08959298245614,-1.7131929824561403,ALIC,2.3764,0.015271582914049953,0.3080549588818635
2025-10-31T20:00:00Z,G25,58.63,275.116,2.6811,4.08959298245614,-1.4084929824561403,ALIC,2.6811,0.015664160543010563,0.09414860399499325
2025-10-31T20:00:00Z,G07,41.517,71.926,3.4499,4.08959298245614,-0.6396929824561401,ALIC,3.4499,0.016517532791850087,-0.26438071556917153
2025-10-31T20:00:00Z,G16,24.108,105.232,5.5757,4.08959298245614,1.4861070175438602,ALIC,5.5757,0.018273426758248057,-0.4581672184793266
2025-10-31T20:00:00Z,G08,35.427,349.945,3.9419,4.08959298245614,-0.14769298245614015,ALIC,3.9419,0.016987459581981446,-0.39316754017492306
2025-10-31T20:00:00Z,G16,62.783,254.946,2.5746,4.08959298245614,-1.51499298245614,ALIC,2.5746,0.01553114655322041,0.16336391557978214
2025-10-31T20:00:00Z,Q28,25.327,219.788,5.3269,4.08959298245614,1.23730701754386,ALIC,5.3269,0.018098713145659584,-0.4761655041444639
2025-10-31T20:00:00Z,Q04,34.348,103.49,4.049,4.08959298245614,-0.04059298245613974,ALIC,4.049,0.01708355662751626,-0.4130145051157328
2025-10-31T20:00:00Z,G23,49.129,62.833,3.0259,4.08959298245614,-1.06369298245614,ALIC,3.0259,0.016068001970212853,-0.09453755278931286
2025-10-31T20:00:00Z,G07,42.336,275.067,3.3957,4.08959298245614,-0.69389298245614,ALIC,3.3957,0.016462587953523622,-0.24599700161741334
2025-10-31T20:00:00Z,G28,54.863,178.664,2.7989,4.08959298245614,-1.29069298245614,ALIC,2.7989,0.01580651597811822,0.023892974093260744
2025-10-31T20:00:00Z,G27,77.359,330.928,2.3473,4.08959298245614,-1.74229298245614,ALIC,2.3473,0.015232047907331792,0.3311818414447303
2025-10-31T20:00:00Z,G12,84.626,11.733,2.3009,4.08959298245614,-1.7886929824561402,ALIC,2.3009,0.015168201599194076,0.3691246533974888
2025-10-31T20:00:00Z,G18,15.906,24.112,8.2452,4.08959298245614,4.15560701754386,ALIC,8.2452,0.01984178956930016,0.13948033609905774
2025-10-31T20:00:00Z,G19,38.851,145.178,3.6443,4.08959298245614,-0.44529298245614024,ALIC,3.6443,0.016709164998894632,-0.32313238047025417
2025-10-31T20:00:00Z,G21,23.553,28.9,5.6977,4.08959298245614,1.60810701754386,ALIC,5.6977,0.018356858939025944,-0.44638353230250694
2025-10-31T20:00:00Z,G03,36.409,94.583,3.8503,4.08959298245614,-0.23929298245614028,ALIC,3.8503,0.016903621446780814,-0.37401494886699105
2025-10-31T21:00:00Z,G06,15.185,20.264,8.599,4.08959298245614,4.50940701754386,ALIC,8.599,0.02001805176140703,0.2604329036181694
2025-10-31T21:00:00Z,G02,64.591,307.307,2.5302,4.08959298245614,-1.5593929824561403,ALIC,2.5302,0.015474407575824634,0.19391773891693198
2025-10-31T21:00:00Z,G12,31.604,84.493,4.349,4.08959298245614,0.2594070175438601,ALIC,4.349,0.01734245191965078,-0.4550226427335966
2025-10-31T21:00:00Z,G12,64.281,197.378,2.5368,4.08959298245614,-1.5527929824561402,ALIC,2.5368,0.015482891218771888,0.1893106022375295
2025-10-31T21:00:00Z,Q17,14.98,153.448,8.7105,4.08959298245614,4.62090701754386,ALIC,8.7105,0.020072414111687253,0.3001186731523324
2025-10-31T21:00:00Z,G09,74.691,286.389,2.3702,4.08959298245614,-1.71939298245614,ALIC,2.3702,0.015263191808885024,0.3129398504855403
2025-10-31T21:00:00Z,G15,72.665,176.003,2.3948,4.08959298245614,-1.69479298245614,ALIC,2.3948,0.015296384235805816,0.29369169851413
2025-10-31T21:00:00Z,G14,16.67,180.238,7.8725,4.08959298245614,3.7829070175438595,ALIC,7.8725,0.01964953455769014,0.020754743769163753
2025-10-31T21:00:00Z,G11,11.782,356.073,10.9225,4.08959298245614,6.832907017543859,ALIC,10.9225,0.021051789078073924,1.218336134575213
2025-10-31T21:00:00Z,Q10,28.814,17.01,4.7253,4.08959298245614,0.6357070175438597,ALIC,4.7253,0.017647971000542606,-0.4823221481592963
2025-10-31T21:00:00Z,G17,37.379,274.41,3.758,4.08959298245614,-0.3315929824561401,ALIC,3.758,0.01681753511439288,-0.3525924243220011
2025-10-31T21:00:00Z,G18,21.246,355.387,6.2624,4.08959298245614,2.1728070175438603,ALIC,6.2624,0.018725619282819128,-0.3688265674972122
2025-10-31T21:00:00Z,G24,75.408,16.157,2.3623,4.08959298245614,-1.7272929824561403,ALIC,2.3623,0.015252474780637737,0.31919735347229894
2025-10-31T21:00:00Z,G10,55.159,269.306,2.7837,4.08959298245614,-1.30589298245614,ALIC,2.7837,0.01578841641719886,0.03260301537170518
2025-10-31T21:00:00Z,G28,20.034,25.87,6.6177,4.08959298245614,2.52810701754386,ALIC,6.6177,0.018944383264189568,-0.30252008773279115
2025-10-31T21:00:00Z,G11,62.039,213.168,2.5873,4.08959298245614,-1.5022929824561402,ALIC,2.5873,0.015547233829883655,0.1548121597615193
2025-10-31T21:00:00Z,G18,73.575,272.187,2.3833,4.08959298245614,-1.70629298245614,ALIC,2.3833,0.015280901112107559,0.3026453508648119
2025-10-31T21:00:00Z,Q30,27.815,129.314,4.8792,4.08959298245614,0.7896070175438599,ALIC,4.8792,0.017767406156276033,-0.48619942885726
2025-10-31T21:00:00Z,G18,21.295,3.936,6.2487,4.08959298245614,2.1591070175438603,ALIC,6.2487,0.018716989807432638,-0.37112678196531235
2025-10-31T21:00:00Z,G22,10.646,214.268,12.005,4.08959298245614,7.915407017543861,ALIC,12.005,0.021474812113943642,1.7420105202721006
2025-10-31T22:00:00Z,G32,41.268,324.1,3.465,4.08959298245614,-0.6245929824561403,ALIC,3.465,0.016532718900400756,-0.26934200235525285
2025-10-31T22:00:00Z,G28,50.308,261.252,2.9722,4.08959298245614,-1.1173929824561402,ALIC,2.9722,0.01600757913388473,-0.06841724569994234
2025-10-31T22:00:00Z,G19,46.534,24.704,3.1505,4.08959298245614,-0.93909298245614,ALIC,3.1505,0.016205007595352816,-0.15092592963837426
2025-10-31T22:00:00Z,G25,18.047,249.065,7.3128,4.08959298245614,3.22320701754386,ALIC,7.3128,0.01934685898358901,-0.1391021051743877
2025-10-31T22:00:00Z,Q19,27.753,227.386,4.8956,4.08959298245614,0.8060070175438598,ALIC,4.8956,0.0177799574379347,-0.4863800334306623
2025-10-31T22:00:00Z,G12,49.573,272.646,3.0044,4.08959298245614,-1.0851929824561402,ALIC,3.0044,0.016043912716801945,-0.0842149552142728
2025-10-31T22:00:00Z,G22,15.053,298.151,8.6819,4.08959298245614,4.5923070175438605,ALIC,8.6819,0.020058522639782916,0.2898697076404533
2025-10-31T22:00:00Z,G20,79.86,258.606,2.3257,4.08959298245614,-1.7638929824561402,ALIC,2.3257,0.015202451455204269,0.34867960714288193
2025-10-31T22:00:00Z,G24,19.288,211.023,6.8675,4.08959298245614,2.7779070175438596,ALIC,6.8675,0.019092702705929332,-0.2486543421709948
2025-10-31T22:00:00Z,G07,24.849,116.087,5.4187,4.08959298245614,1.3291070175438602,ALIC,5.4187,0.018163912617188194,-0.47049588391043606
2025-10-31T22:00:00Z,G21,67.399,251.019,2.4791,4.08959298245614,-1.6104929824561403,ALIC,2.4791,0.01540812562225935,0.23037810863102592
2025-10-31T22:00:00Z,G10,17.27,344.51,7.6233,4.08959298245614,3.5337070175438603,ALIC,7.6233,0.0195169412397449,-0.05328566426937531
2025-10-31T22:00:00Z,G26,56.857,264.246,2.7324,4.08959298245614,-1.35719298245614,ALIC,2.7324,0.015726748790100054,0.0627677269216429
2025-10-31T22:00:00Z,G26,50.313,297.879,2.972,4.08959298245614,-1.1175929824561401,ALIC,2.972,0.016007352490785998,-0.06831784363873661
2025-10-31T22:00:00Z,G19,55.465,213.644,2.7771,4.08959298245614,-1.3124929824561402,ALIC,2.7771,0.015780533103257,0.03641710014428945
2025-10-31T22:00:00Z,Q04,17.59,212.891,7.4923,4.08959298245614,3.40270701754386,ALIC,7.4923,0.019445862683692416,-0.09038884451783691
2025-10-31T22:00:00Z,G30,30.487,121.893,4.4969,4.08959298245614,0.40730701754386,ALIC,4.4969,0.017464930875221052,-0.46892087068362276
2025-10-31T22:00:00Z,G20,49.555,160.65,3.0051,4.08959298245614,-1.08449298245614,ALIC,3.0051,0.016044699157302,-0.08455386576592572
2025-10-31T22:00:00Z,G29,75.474,311.079,2.3647,4.08959298245614,-1.72489298245614,ALIC,2.3647,0.015255733574174979,0.31729239334975645
2025-10-31T22:00:00Z,G31,60.929,260.395,2.618,4.08959298245614,-1.4715929824561402,ALIC,2.618,0.015585866113625446,0.13447780025068967
2025-10-31T22:00:00Z,G06,16.781,187.111,7.8336,4.08959298245614,3.7440070175438596,ALIC,7.8336,0.01962905699790829,0.008906190036137573
2025-10-31T22:00:00Z,G13,54.421,132.564,2.8127,4.08959298245614,-1.2768929824561401,ALIC,2.8127,0.01582288141222432,0.016073764281489655
2025-10-31T22:00:00Z,G07,26.63,18.137,5.0839,4.08959298245614,0.9943070175438598,ALIC,5.0839,0.01792174168314231,-0.48538110502301013
2025-10-31T23:00:00Z,G01,79.248,245.885,2.3395,4.08959298245614,-1.75009298245614,ALIC,2.3395,0.015221385190465897,0.3374675975323935
2025-10-31T23:00:00Z,G08,76.275,342.179,2.3658,4.08959298245614,-1.72379298245614,ALIC,2.3658,0.015257226315562145,0.3164204389833385
2025-10-31T23:00:00Z,G30,49.161,298.494,3.0349,4.08959298245614,-1.0546929824561402,ALIC,3.0349,0.016078045749613468,-0.09880567465869339
2025-10-31T23:00:00Z,G18,51.419,99.791,2.9375,4.08959298245614,-1.1520929824561401,ALIC,2.9375,0.01596807517914578,-0.05093138369597572
2025-10-31T23:00:00Z,G32,25.881,19.197,5.2398,4.08959298245614,1.1502070175438597,ALIC,5.2398,0.018036026859284293,-0.48045511435084265
2025-10-31T23:00:00Z,G07,71.459,338.527,2.4238,4.08959298245614,-1.6657929824561402,ALIC,2.4238,0.015335169683828642,0.271455004576608
2025-10-31T23:00:00Z,G12,47.395,337.343,3.1191,4.08959298245614,-0.9704929824561401,ALIC,3.1191,0.016170890052353837,-0.13725567268246452
2025-10-31T23:00:00Z,G06,12.541,191.67,10.3561,4.08959298245614,6.2665070175438595,ALIC,10.3561,0.020817108904137127,0.9619554036094948
2025-10-31T23:00:00Z,G19,37.607,230.117,3.7585,4.08959298245614,-0.33109298245613994,ALIC,3.7585,0.016818005926764412,-0.3527143810251432
2025-10-31T23:00:00Z,G31,56.962,248.578,2.74,4.08959298245614,-1.34959298245614,ALIC,2.74,0.015735942080602472,0.05822312538258334
2025-10-31T23:00:00Z,G10,78.415,5.934,2.3462,4.08959298245614,-1.74339298245614,ALIC,2.3462,0.015230545886209201,0.3320660546089189
2025-10-31T23:00:00Z,G18,21.324,344.913,6.2738,4.08959298245614,2.1842070175438595,ALIC,6.2738,0.01873278866657646,-0.3668975299334063
2025-10-31T23:00:00Z,G18,78.508,210.817,2.3454,4.08959298245614,-1.74419298245614,ALIC,2.3454,0.015229453158082329,0.33270957993729544
2025-10-31T23:00:00Z,G08,77.687,281.328,2.3525,4.08959298245614,-1.73709298245614,ALIC,2.3525,0.015239140859737432,0.32701184702549924
2025-10-31T23:00:00Z,Q16,72.182,135.821,2.4138,4.08959298245614,-1.67579298245614,ALIC,2.4138,0.015321836965887625,0.27906790898594114
2025-10-31T23:00:00Z,G04,57.346,4.463,2.7282,4.08959298245614,-1.36139298245614,ALIC,2.7282,0.015721659626576567,0.06529065851437288
2025-10-31T23:00:00Z,G21,56.511,183.504,2.7541,4.08959298245614,-1.33549298245614,ALIC,2.7541,0.01575294488447465,0.04986193175228415
2025-11-01T00:00:00Z,G31,31.392,142.583,4.4233,4.08959298245614,0.3337070175438601,ALIC,4.4233,0.017404385225539665,-0.4625383236173146
2025-11-01T00:00:00Z,Q07,61.958,14.851,2.6177,4.08959298245614,-1.47189298245614,ALIC,2.6177,0.015585490333521301,0.1346742165914918
2025-11-01T00:00:00Z,G06,11.878,35.983,10.9596,4.08959298245614,6.87000701754386,ALIC,10.9596,0.021066823003562885,1.2355758859968313
2025-11-01T00:00:00Z,Q07,29.679,235.799,4.6513,4.08959298245614,0.5617070175438599,ALIC,4.6513,0.01758944681622432,-0.47901001505993435
2025-11-01T00:00:00Z,G15,44.779,358.4,3.2771,4.08959298245614,-0.8124929824561402,ALIC,3.2771,0.016339900339837676,-0.20252313028680824
2025-11-01T00:00:00Z,G03,12.325,5.689,10.5866,4.08959298245614,6.497007017543861,ALIC,10.5866,0.02091380657806252,1.0647149912654177
2025-11-01T00:00:00Z,G13,56.325,200.73,2.7756,4.08959298245614,-1.3139929824561403,ALIC,2.7756,0.0157787393792157,0.03728666126572655
2025-11-01T00:00:00Z,G28,60.873,270.363,2.6447,4.08959298245614,-1.4448929824561403,ALIC,2.6447,0.015619175253658524,0.11717546689637581
2025-11-01T00:00:00Z,G25,66.005,297.639,2.5293,4.08959298245614,-1.56029298245614,ALIC,2.5293,0.015473249362663033,0.19454777186228966
2025-11-01T00:00:00Z,G21,48.743,196.274,3.0714,4.08959298245614,-1.01819298245614,ALIC,3.0714,0.01611853945368047,-0.1157990240317992
2025-11-01T00:00:00Z,G29,55.296,223.17,2.8096,4.08959298245614,-1.27999298245614,ALIC,2.8096,0.015819210646792703,0.01782295114212884
2025-11-01T00:00:00Z,G21,19.331,11.369,6.9196,4.08959298245614,2.83000701754386,ALIC,6.9196,0.019123099141991506,-0.2367089096879802
2025-11-01T00:00:00Z,G23,32.154,51.897,4.33,4.08959298245614,0.24040701754385996,ALIC,4.33,0.017326480380958076,-0.45292378010790824
2025-11-01T00:00:00Z,Q18,78.499,221.112,2.3587,4.08959298245614,-1.7308929824561403,ALIC,2.3587,0.015247581687512834,0.3220612704212762
2025-11-01T00:00:00Z,G12,16.655,83.719,7.9659,4.08959298245614,3.8763070175438603,ALIC,7.9659,0.019698377751959484,0.049631477356557596
2025-11-01T00:00:00Z,Q11,40.514,239.779,3.5518,4.08959298245614,-0.53779298245614,ALIC,3.5518,0.016619014904337703,-0.2965415090554524
2025-11-01T00:00:00Z,Q02,80.688,126.44,2.3423,4.08959298245614,-1.7472929824561403,ALIC,2.3423,0.015225216056106605,0.33520691368433564
2025-11-01T00:00:00Z,Q10,81.3,319.192,2.3384,4.08959298245614,-1.75119298245614,ALIC,2.3384,0.015219879217464038,0.33835703124291694
2025-11-01T00:00:00Z,G22,40.84,294.933,3.5285,4.08959298245614,-0.5610929824561399,ALIC,3.5285,0.016596015071483894,-0.2894580674138556
2025-11-01T00:00:00Z,Q08,60.055,177.422,2.6661,4.08959298245614,-1.42349298245614,ALIC,2.6661,0.015645681394854227,0.10356009094636232
2025-11-01T00:00:00Z,G32,44.256,278.242,3.3075,4.08959298245614,-0.78209298245614,ALIC,3.3075,0.016371677854650546,-0.21410214261131877
2025-11-01T00:00:00Z,G03,66.51,97.61,2.5195,4.08959298245614,-1.5700929824561403,ALIC,2.5195,0.015460616607424482,0.2014360053813231
